equipment_id,cycle,temperature_c,vibration_rms_g,motor_current_a,pressure_deviation,particle_count,health_index,rul_cycles,failure_within_20,failed
EQ-PM-01,0,65.5998358475917,0.061375376502386364,4.795322250031785,0.08080192657638248,1.502741996065173,0.9957902284828443,136,0,0
EQ-PM-01,1,64.5890092075427,0.06467860845987881,4.998003123553156,0.11952290914303487,3.5422777073073144,0.9759550558937026,135,0,0
EQ-PM-01,2,65.56355800255425,0.057535588274805864,4.853201425045492,0.07364079074215965,4.169539558541451,0.993183823685569,134,0,0
EQ-PM-01,3,65.18053779159915,0.052426531189284635,5.0044956290587725,0.28048027410011467,1.898200691274804,0.969580363323697,133,0,0
EQ-PM-01,4,64.62783078209452,0.06522743625751698,5.000644204201132,0.21152309646405246,3.790716469466149,0.9562956779712195,132,0,0
EQ-PM-01,5,65.5739368089023,0.05783548154619581,4.737913036442481,0.26822336387671014,1.3766398766263848,0.982289033090095,131,0,0
EQ-PM-01,6,66.0382920111112,0.05524820058332456,5.015378503731993,0.08116683456604841,1.1581984190504107,0.9516606588679255,130,0,0
EQ-PM-01,7,66.39679419800017,0.061384955286404294,4.9942320225256776,0.12886214992514017,2.3842480756906768,0.9231851286712754,129,0,0
EQ-PM-01,8,66.05237003648787,0.06035755819622937,4.881986442528715,0.10685689766072656,2.8092879293060116,0.950828058248741,128,0,0
EQ-PM-01,9,64.76449399761482,0.06391520535312765,4.980087551510692,0.29937809431676793,0.580890001190344,0.9375900259036561,127,0,0
EQ-PM-01,10,65.86062158962645,0.04955231027679306,4.793605319044883,0.176557973993166,1.7497958326887728,0.9837748912846689,126,0,0
EQ-PM-01,11,66.03250454309236,0.060464719386738544,5.062937778323237,0.25107125114963014,4.849801092268001,0.9017720686539932,125,0,0
EQ-PM-01,12,65.31399842925879,0.0590973702681778,4.8568289456539695,0.1757030156635856,3.220653420380312,0.9590327133334642,124,0,0
EQ-PM-01,13,66.14979202345168,0.06452615890168285,5.0403509347175195,0.20139475468322224,3.4826596541264263,0.8918949002216184,123,0,0
EQ-PM-01,14,65.69011391808162,0.057546234424563775,5.027109593737559,0.22731001576977125,7.065280993290139,0.9176578096752419,122,0,0
EQ-PM-01,15,65.35962067739214,0.059862661122625775,4.9989503618522235,0.19674979702978795,2.595654339533747,0.9248354511923579,121,0,0
EQ-PM-01,16,66.46468672018219,0.05717552706473628,5.10569202050653,0.28339276703577265,4.393240639604332,0.8766775600568213,120,0,0
EQ-PM-01,17,64.6061461550829,0.06446452257558863,4.837367012330466,0.06909228362492575,3.8487714700693036,0.9640238555629025,119,0,0
EQ-PM-01,18,65.89436613018174,0.061832686082861965,4.842691785493342,0.18988344003468233,6.124170310595146,0.9229465863900762,118,0,0
EQ-PM-01,19,65.19499279629285,0.06239521219270679,4.994502736309009,0.10598553213014852,2.387520469496691,0.922069223219025,117,0,0
EQ-PM-01,20,65.58759575025898,0.057187410902170714,4.943587540352195,0.12435934770392573,4.2172065698386305,0.9285000210205914,116,0,0
EQ-PM-01,21,65.2339259943749,0.058561069755861235,4.8354478857692165,0.26698099663154107,5.135950403258828,0.9332928716663879,115,0,0
EQ-PM-01,22,65.48642033562773,0.06126181761121763,4.862541951255815,0.1694493633060791,3.2652315387016544,0.9233441675944678,114,0,0
EQ-PM-01,23,64.95188393006612,0.05511129541741713,5.019476696232792,0.17662672618882713,5.834116197875401,0.9252524057714233,113,0,0
EQ-PM-01,24,65.57941398838308,0.05825286596290985,4.943906766813623,0.24982869326247054,2.3393755696213026,0.9031519912435136,112,0,0
EQ-PM-01,25,65.15811330439716,0.05896610228720376,4.844229785875429,0.1398726327887825,5.0791173407243555,0.9352750413087602,111,0,0
EQ-PM-01,26,65.24044713670054,0.056183555394910246,4.880452470197822,0.18903548830213515,4.358536081026074,0.9272498451204505,110,0,0
EQ-PM-01,27,65.37520938245015,0.055252381688151,5.019415766072736,0.14491707109302848,4.608991940007198,0.9072025411715172,109,0,0
EQ-PM-01,28,65.28151524838555,0.055058462678329395,4.923743502933339,0.16728500783939731,4.574804923330404,0.9195702084321943,108,0,0
EQ-PM-01,29,65.08631024948271,0.06232209734440279,5.02983441333268,0.08741645811807594,2.079530691312114,0.8957909357400481,107,0,0
EQ-PM-01,30,66.20137589309867,0.0635052462801274,4.986084388057081,0.18571263942714505,4.990908815020464,0.8591157785590059,106,0,0
EQ-PM-01,31,65.91929720297904,0.05546691030256306,5.205061033804529,0.059232914405747766,6.154690738393143,0.8634915319841652,105,0,0
EQ-PM-01,32,65.47458274680116,0.07008599080578813,5.21961797631687,0.11730611682306383,4.721234548897021,0.8274973011002019,104,0,0
EQ-PM-01,33,66.60656605344522,0.06760557694052324,4.867589035177038,0.2657981228730207,2.7664100736501736,0.8407803642514771,103,0,0
EQ-PM-01,34,66.02033773494911,0.059480156379901554,5.054883615130602,0.29794260369217546,1.1593352120544695,0.8418674591287193,102,0,0
EQ-PM-01,35,65.85435885299368,0.05772788935529099,5.03283550548399,0.2419796702170764,8.504825395284708,0.8567275791218685,101,0,0
EQ-PM-01,36,65.43817166746337,0.06338486243675584,4.953583150860498,0.14736067296981542,2.1064223493166967,0.8717660495629495,100,0,0
EQ-PM-01,37,65.37899417360714,0.07481463737023787,4.942360521806031,0.25851410690672205,2.8966508907559874,0.8326655711283646,99,0,0
EQ-PM-01,38,65.62718732482128,0.0673206881534674,5.06944203682277,0.32856279660311427,3.9088414446342363,0.8165549897560226,98,0,0
EQ-PM-01,39,65.6110224518806,0.06246457433414555,4.857035456180228,0.19478158639087845,5.872884899486889,0.8717649748336845,97,0,0
EQ-PM-01,40,66.41983513713177,0.06925578475954505,5.057428608216218,0.29702344480579507,3.6678698115938264,0.7917099435802515,96,0,0
EQ-PM-01,41,66.10004904159167,0.057140009551092434,5.005737637271786,0.14809406357582794,3.963632924670575,0.8500670883427822,95,0,0
EQ-PM-01,42,66.69190731314538,0.06677712169565721,4.956994150762024,0.2150817173764811,5.192317222599112,0.8092170793771619,94,0,0
EQ-PM-01,43,66.50349929481052,0.06822453800773211,5.108417416428113,0.2845168828491636,4.797968990313453,0.7780782032464,93,0,0
EQ-PM-01,44,66.39188252633505,0.0649976784301639,5.129436994117235,0.12722835694399148,4.822750795538308,0.7989381579275913,92,0,0
EQ-PM-01,45,65.57625515367452,0.06269166757661482,5.177609921972809,0.31681481278292556,3.252052824167802,0.796335755203983,91,0,0
EQ-PM-01,46,66.78232017724689,0.06901633323502024,5.329758431223965,0.19680490854399807,3.5072387973398698,0.736977650093115,90,0,0
EQ-PM-01,47,66.09692022940682,0.07246336620067564,5.015658526553196,0.22236198897456294,4.442314488925394,0.7874808146207722,89,0,0
EQ-PM-01,48,65.94199767390585,0.0699050105805299,5.004834246929664,0.15677403396987177,2.6974809779997897,0.8033586755908952,88,0,0
EQ-PM-01,49,67.44122058076016,0.0686123051889289,5.091489401055612,0.13253830436712064,6.874977109242647,0.7559616368281582,87,0,0
EQ-PM-01,50,66.52409973713789,0.06503967774706919,5.195303952178542,0.301876130757306,6.0057931131674795,0.7527417318041414,86,0,0
EQ-PM-01,51,66.66249299552668,0.07233514026744481,5.106821424554633,0.28884851258449284,4.113438549707178,0.7430448555925856,85,0,0
EQ-PM-01,52,67.37529315633287,0.0799160531299479,5.189319558091786,0.3231383882875845,4.495656980267355,0.6878953324035262,84,0,0
EQ-PM-01,53,65.94342959270729,0.0736557549169889,5.37751217458449,0.19149967344166519,7.306236781789245,0.7217041166254848,83,0,0
EQ-PM-01,54,66.85301768597019,0.07725226503101866,5.218335891460267,0.21712203179036482,5.330507357047921,0.7087138162308368,82,0,0
EQ-PM-01,55,67.06259251623,0.07376417923910578,5.2424349242970045,0.12268534349503007,8.176252697261175,0.7154499444463818,81,0,0
EQ-PM-01,56,66.00672979572141,0.07982354843231783,4.9690236222198925,0.3130917321166475,5.489221105674191,0.7460956165137069,80,0,0
EQ-PM-01,57,66.02635862950993,0.07182888841930875,5.209697584611469,0.5134467268507589,7.790057748258718,0.7068814224576041,79,0,0
EQ-PM-01,58,66.46628875983808,0.0690979279720022,5.045690534549145,0.29489969210936434,6.632030723357313,0.7465928018893903,78,0,0
EQ-PM-01,59,66.47569317554974,0.07498479973301168,5.02195638374446,0.27080588388622484,5.694500166589743,0.7350364861253271,77,0,0
EQ-PM-01,60,66.8570211201129,0.07830550280816055,5.070907316614554,0.4991173689373658,5.6887537659139396,0.6844542119759827,76,0,0
EQ-PM-01,61,67.35516420953238,0.07219046578630604,5.189653820040268,0.35429729437509433,8.664307707848275,0.6813847298257375,75,0,0
EQ-PM-01,62,67.78872049699059,0.0777385021712649,5.193050910075246,0.34209885645063814,5.426159428989123,0.6548124825523194,74,0,0
EQ-PM-01,63,66.75814820189912,0.08476615947057545,5.154052972368658,0.31977170838770025,5.958494428288848,0.668516522731847,73,0,0
EQ-PM-01,64,67.38416097235833,0.07041968829633291,5.04441087551585,0.30894417378792494,5.12916888254797,0.7036879199821072,72,0,0
EQ-PM-01,65,68.46437082196455,0.07773445897082683,5.078861951427715,0.3327146722830176,6.6346783907050595,0.648277506407663,71,0,0
EQ-PM-01,66,67.85418004518466,0.0817918901947381,5.172632126594696,0.24108207974418316,6.410846951577559,0.6459129013344538,70,0,0
EQ-PM-01,67,67.71242823638235,0.0798053327680467,5.221713930778444,0.4117615803518104,8.514072212070136,0.6274193400211504,69,0,0
EQ-PM-01,68,67.42327690870333,0.07898383196645643,5.504421320357608,0.2980245269240118,10.052785295881637,0.6030959427112421,68,0,0
EQ-PM-01,69,67.30317361602663,0.07410644885772204,5.267602661819039,0.3240450255253364,5.500600671122867,0.6486392023088839,67,0,0
EQ-PM-01,70,67.99153494089317,0.07948171811142078,5.406388268015559,0.2940846983446649,8.489133668022298,0.5975966584297978,66,0,0
EQ-PM-01,71,67.0828159299426,0.0857261043155374,5.378228922707277,0.5497876264924518,7.334236608542535,0.5807837477629696,65,0,0
EQ-PM-01,72,67.65458274493581,0.07978172489320413,5.103616107855146,0.42103605358400026,9.218139048973809,0.6328440760508726,64,0,0
EQ-PM-01,73,67.43356326620662,0.08751945473746903,5.293225983898942,0.4533521589544723,5.63526324930317,0.5847786170530587,63,0,0
EQ-PM-01,74,67.57227822250302,0.08154897008877224,5.069426900178162,0.6014052611923784,8.45037889614686,0.6124279776899524,62,0,0
EQ-PM-01,75,68.6711002904027,0.08239268815649521,5.381536422629285,0.47033146976803303,10.572177011319589,0.5465655521861542,61,0,0
EQ-PM-01,76,67.81380489053043,0.08541696596140913,5.272268177227264,0.4946010400290167,7.952770042010288,0.5718269930431161,60,0,0
EQ-PM-01,77,68.26432170689293,0.08314731161451966,5.310668513569784,0.47230840335238283,8.522785204040359,0.5601338923057982,59,0,0
EQ-PM-01,78,68.06650892845674,0.08706954990542785,5.299490916614796,0.490534281528222,5.1030177794194165,0.552554138353332,58,0,0
EQ-PM-01,79,68.25036489209641,0.08192984001566553,5.22424491455601,0.3933957906937797,9.316866261057127,0.5792342339672433,57,0,0
EQ-PM-01,80,67.53280398980696,0.0866463952235918,5.330520260843027,0.36290218273623526,8.699017177709742,0.5699163979456012,56,0,0
EQ-PM-01,81,67.30518982058946,0.08920935658725529,5.400339326421019,0.5000452663577352,7.339453425186097,0.5424386511562665,55,0,0
EQ-PM-01,82,68.2161764439573,0.09179614762459634,5.322982052728677,0.4795919205701099,8.723386675452828,0.5242724041995672,54,0,0
EQ-PM-01,83,67.63252859012995,0.07989419121963515,5.390863920294569,0.4713714757109991,8.041271684926059,0.5566847264969162,53,0,0
EQ-PM-01,84,68.24157083467638,0.09280465206876942,5.390906018116854,0.557852266250172,6.263996389717354,0.4979545951213951,52,0,0
EQ-PM-01,85,68.49423863204966,0.0870201553630784,5.374173830091263,0.5187793284273899,7.342036389918563,0.5099427345256429,51,0,0
EQ-PM-01,86,68.58547331226978,0.08462609886423646,5.507861328085267,0.5070040483396784,9.0184619462575,0.4921978826651505,50,0,0
EQ-PM-01,87,69.04145411875612,0.09307574959133795,5.304872750241122,0.40327443515646866,12.683804981542856,0.49792195426841623,49,0,0
EQ-PM-01,88,68.1960413323929,0.08860141121727359,5.438709173605667,0.4566578855708917,8.114340713076555,0.5022557819047692,48,0,0
EQ-PM-01,89,68.5925226140787,0.09829534409529522,5.333099073611698,0.38358290792898786,12.21162950743667,0.48868440101909094,47,0,0
EQ-PM-01,90,68.2490716149891,0.09464350189496508,5.437770051452604,0.5745798747753876,9.216326115579156,0.4690264087246156,46,0,0
EQ-PM-01,91,68.44556181726772,0.09513471799129995,5.372733010347905,0.5716426175605474,8.39878155342746,0.4703618659022374,45,0,0
EQ-PM-01,92,69.41553387682752,0.09198896688466332,5.435937621872939,0.5776061833969868,8.323736469300982,0.44132636445566986,44,0,0
EQ-PM-01,93,69.27787419245448,0.09551333091928921,5.224558215264769,0.5202670747101075,9.953461765469305,0.4708242389265804,43,0,0
EQ-PM-01,94,69.94335155846228,0.0979084259562829,5.544170031961982,0.4685673260881968,9.927070183110677,0.4028542401297452,42,0,0
EQ-PM-01,95,69.08316627052623,0.09212646471287077,5.466905362660806,0.5242999512158586,10.070408257956473,0.4422566839073223,41,0,0
EQ-PM-01,96,69.16374820859991,0.0968970625217571,5.480553216420442,0.5689347677598252,9.140634467523999,0.4192314518031577,40,0,0
EQ-PM-01,97,70.52672630777377,0.1031742762946149,5.594995787984614,0.7456836320491985,11.288096171930043,0.3320491633163388,39,0,0
EQ-PM-01,98,70.06832162142946,0.1104609958076154,5.550864865471255,0.4956474705315863,14.659426320395603,0.3543422068094456,38,0,0
EQ-PM-01,99,69.14302224343331,0.10385678460015878,5.364361209972077,0.5216841579623497,12.915556424760545,0.41678356944802675,37,0,0
EQ-PM-01,100,69.61432199343466,0.09728188762309181,5.54573204797718,0.6697145979454507,12.640025010970618,0.3768561190298203,36,0,0
EQ-PM-01,101,70.44284785342056,0.10942787946751018,5.788697394033819,0.7419013686933786,8.055887102831136,0.2795409845240734,35,0,0
EQ-PM-01,102,69.28115146868844,0.10588112197180442,5.506190916491218,0.6428088882803784,14.457236030585632,0.3671619781425663,34,0,0
EQ-PM-01,103,69.67482285582841,0.09956123408425674,5.4425966139457085,0.7439734598523322,10.716932601243753,0.3699690719958025,33,0,0
EQ-PM-01,104,69.95821246539504,0.11116219910478643,5.680759528738816,0.8078519159866764,11.195679884474908,0.28919610696114734,32,0,0
EQ-PM-01,105,69.89893559189609,0.10478159654455642,5.790437862791295,0.6750465044006185,11.825776277667208,0.3008847968381652,31,0,0
EQ-PM-01,106,70.0947136603252,0.10734180570325047,5.552501590889685,0.5998950552460792,11.249707929093768,0.3302218785196333,30,0,0
EQ-PM-01,107,70.06495295054398,0.10710605733598383,5.420501942756146,0.8515949876218512,11.463829354887187,0.3236116917530192,29,0,0
EQ-PM-01,108,71.15490158798575,0.11522940693192656,5.453962697274735,0.6363367124800128,11.761702632050994,0.2899877867517491,28,0,0
EQ-PM-01,109,70.9895075614376,0.10511189377518815,5.559600360142674,0.6283349475084274,12.118889862040481,0.30179741796250154,27,0,0
EQ-PM-01,110,70.46733937490566,0.1074541281227974,5.456802183320192,0.6260389561330922,13.504640946305999,0.32207183300591813,26,0,0
EQ-PM-01,111,70.58580270395458,0.10684398653882102,5.676254335324091,0.7324684757046588,12.171292292736073,0.2745012995701297,25,0,0
EQ-PM-01,112,70.73410025922863,0.11318252464021776,5.634025891318026,0.7467511765580668,15.525100690789705,0.2572799825385911,24,0,0
EQ-PM-01,113,70.95450362495649,0.11770146493212715,5.614689517616958,0.7848634565147545,14.192902351388168,0.23698824631334792,23,0,0
EQ-PM-01,114,70.73215757303103,0.1161554314141747,5.626882143595106,0.8655104480389137,12.645203156557256,0.23394485894546257,22,0,0
EQ-PM-01,115,70.8655499603896,0.1158205595748423,5.641287570131604,0.7751770073834712,13.713279168244144,0.23574622953313412,21,0,0
EQ-PM-01,116,71.05303264947776,0.11610492219379445,5.5051334531802,0.8436027549742416,14.196696578146266,0.2413552691304187,20,1,0
EQ-PM-01,117,71.0903176637415,0.1196923796409815,5.833427459412993,0.7684201522752492,11.236811324720813,0.18715513007907308,19,1,0
EQ-PM-01,118,70.58763738120365,0.11249511735904998,5.634099278143548,0.9811864944214274,13.444389934279716,0.22376435641138234,18,1,0
EQ-PM-01,119,71.21759108747447,0.11836418740170429,5.860936988596658,0.8917694769245041,12.679719175775753,0.1656853544179373,17,1,0
EQ-PM-01,120,71.90620362385606,0.11468575955537946,5.738296324031161,0.7528101370322249,16.044100529628444,0.18738461488649732,16,1,0
EQ-PM-01,121,71.72113719469289,0.11427393750731041,5.610076179291939,0.7054493651910716,15.54450443209913,0.2144364002189833,15,1,0
EQ-PM-01,122,71.57744532245533,0.12437703338557968,5.722370834704515,0.9767861681674309,13.88062935461832,0.14621954930796183,14,1,0
EQ-PM-01,123,71.96104883852651,0.12351989745558115,5.810162318646943,0.7612546235856605,13.130656500080086,0.1445832036862269,13,1,0
EQ-PM-01,124,71.95404120057007,0.12240579343986593,5.871366415394018,0.8195439997403148,13.07918527644218,0.12996057313513443,12,1,0
EQ-PM-01,125,72.38877246601582,0.13091855280817272,5.640986873269163,1.0233006461086975,15.194895933453509,0.109418130348349,11,1,0
EQ-PM-01,126,72.38887502746807,0.13165520087540902,5.564250898582552,0.9094043139235402,15.237931950205274,0.12790044615369464,10,1,0
EQ-PM-01,127,72.21204484974369,0.1271470714485609,5.678799225701957,0.9773566993780496,14.182156701129852,0.11704050713879799,9,1,0
EQ-PM-01,128,72.04247420936035,0.13114976055479785,5.783921616187594,1.0952988893506732,16.668089427227503,0.08113694340091682,8,1,0
EQ-PM-01,129,72.71867265095801,0.12975664699897327,5.644636073031518,1.0073582858620982,16.415898023751982,0.09482812866104062,7,1,0
EQ-PM-01,130,72.77634291675776,0.13409421912387284,5.909974920454123,0.9617934289203711,18.23376389615778,0.04472457087281556,6,1,0
EQ-PM-01,131,73.20983622468103,0.1345479518322016,5.772383843689021,0.8470319744869208,18.412018518638437,0.06229418395025729,5,1,0
EQ-PM-01,132,73.32883748476671,0.1381649430328015,5.954251722802136,0.871010535854168,18.171188573390065,0.01802510703115906,4,1,0
EQ-PM-01,133,72.54721552340864,0.13602252976127505,5.8843584973394165,1.073336667370823,16.444376946781183,0.030599530499904562,3,1,0
EQ-PM-01,134,72.96976156953563,0.13402105169077524,5.799920551867363,1.0110891789416072,15.680628597934318,0.041356485774944066,2,1,0
EQ-PM-01,135,72.96883756140646,0.13644109730320209,5.842631451330894,0.9900458462075888,19.819890077614023,0.028453640889213733,1,1,0
EQ-PM-01,136,73.98774164035169,0.14495005265248498,5.851514412169002,1.2068107580235161,16.892550247878535,0.0,0,1,1
EQ-PM-02,0,66.9788032501153,0.05460319968171889,4.969841091582961,0.18185782598646966,0.0,1.0,134,0,0
EQ-PM-02,1,66.53083848688453,0.05848099787395024,5.22202122372596,0.0875299325321109,2.348105734150615,0.9736947640133454,133,0,0
EQ-PM-02,2,67.08256375145545,0.052987546749625816,4.940151314161729,0.21920620093480686,1.2714320560275487,1.0,132,0,0
EQ-PM-02,3,66.52570503753392,0.06117358923789821,4.91780812708753,0.219008890456051,5.080546692599454,0.9943518099435965,131,0,0
EQ-PM-02,4,66.61289928262705,0.058990676556151485,5.0382528239899935,0.2161559500590272,3.559678170380163,0.9772358847264603,130,0,0
EQ-PM-02,5,67.2697405749036,0.056944306600564126,4.82860026036529,0.11533206658255488,4.449539377495193,1.0,129,0,0
EQ-PM-02,6,67.49465544270386,0.06649011652076312,4.970955094123213,0.07270558994644549,0.0,0.9556591957072714,128,0,0
EQ-PM-02,7,66.97304892094992,0.05323806252866912,4.933390613065916,0.1716330062143971,6.176936650551539,0.9949594839646468,127,0,0
EQ-PM-02,8,66.93582362272845,0.05485852269727732,5.058806772487231,0.2626495651735809,3.5731081314538904,0.96131294589104,126,0,0
EQ-PM-02,9,67.70510801145866,0.06592922815274926,4.949790016653686,0.008990751135165315,2.680502039389093,0.9535105270144708,125,0,0
EQ-PM-02,10,67.595615090971,0.06134168451227634,5.05238304140312,0.06554863193751108,3.8306028796142604,0.9440600270366876,124,0,0
EQ-PM-02,11,67.17676225417071,0.06605662555637414,5.222252590549034,0.28628133252367344,3.729147465991561,0.8925783526174393,123,0,0
EQ-PM-02,12,67.50544838590754,0.06456703361396444,4.902965067212608,0.12916843565492775,4.156570364194386,0.9490776570688737,122,0,0
EQ-PM-02,13,66.5996921435882,0.06245053107918646,4.977919607685479,0.0643513979424821,4.607653451992439,0.9696394018656087,121,0,0
EQ-PM-02,14,67.05535079504625,0.062453709374820345,5.095886810844535,0.165062942287138,2.908569591219405,0.9278618146332414,120,0,0
EQ-PM-02,15,67.77097905672551,0.06652735428558784,4.84917169846382,0.10172285979131318,2.5686304681611065,0.9405163306225233,119,0,0
EQ-PM-02,16,66.45113187004091,0.06819256411157112,5.1764026146712725,0.056219716267858946,2.478174309951014,0.9222032223474003,118,0,0
EQ-PM-02,17,67.69205021639445,0.059474853727708665,4.882382540434089,0.20035150528236037,4.887328150778665,0.9400524315838379,117,0,0
EQ-PM-02,18,67.19610234678116,0.06493417155031524,5.189674104498497,0.1688058953033218,3.014563250152605,0.8932517198573888,116,0,0
EQ-PM-02,19,67.8900363004216,0.06935454995727772,5.186943027511815,0.18135726351421344,3.9266367882348336,0.8613950094273773,115,0,0
EQ-PM-02,20,67.3440167303677,0.062035903889918954,5.078948415609167,0.2582460482128611,3.6819921685816466,0.8992404868641466,114,0,0
EQ-PM-02,21,67.12121072737754,0.06640200526982261,5.069179730038283,0.13779276076552815,4.252328310613413,0.9047940747709998,113,0,0
EQ-PM-02,22,66.48218524234748,0.06383931292270184,5.177933714926524,0.1296708854187172,1.0655876624216,0.9090635922674909,112,0,0
EQ-PM-02,23,67.2995678124685,0.05649461625265185,5.075767996946843,0.19785618912918038,4.317931564904853,0.9128851567169888,111,0,0
EQ-PM-02,24,67.18685096216761,0.06089801502884589,5.196382501935653,0.281758162426563,5.363424371778249,0.8756002676574587,110,0,0
EQ-PM-02,25,66.96382994617275,0.062110238265371945,5.123284486039186,0.20569050942979353,1.922884556829222,0.8941047623516546,109,0,0
EQ-PM-02,26,66.62621114267527,0.06657597213420621,4.983474033245767,0.07230441708015646,3.1130215944049673,0.9230791346224748,108,0,0
EQ-PM-02,27,67.35422459618675,0.06340225074444235,4.808600794448423,0.19845035842363137,4.1913475988976,0.9238175531458442,107,0,0
EQ-PM-02,28,67.20433962118506,0.05943775284501995,5.048892558153665,0.23905085608225252,3.008395401177134,0.8947601676492867,106,0,0
EQ-PM-02,29,67.98709222689149,0.06740053597520011,5.3841642280925734,0.24715796516976912,2.625385375852927,0.8015709929830802,105,0,0
EQ-PM-02,30,66.85652896660457,0.0649407869535196,4.958776103822111,0.2616165454647872,4.554533285464143,0.8957348673570145,104,0,0
EQ-PM-02,31,68.054650298747,0.0571674880627208,5.2488112683710195,0.29838187815558376,4.492956550241119,0.8354213330305271,103,0,0
EQ-PM-02,32,67.76145782403728,0.06572347393710168,4.855089111017964,0.3517228501516517,4.361243551409069,0.8724734663171623,102,0,0
EQ-PM-02,33,67.60339442571595,0.07054069110890704,5.126541898173293,0.40855673709597606,6.033135848044356,0.8153687612794429,101,0,0
EQ-PM-02,34,67.30918493452525,0.06101261252992334,5.021863184087229,0.27714741330342396,5.219819621310445,0.872774994200327,100,0,0
EQ-PM-02,35,66.25066826082127,0.058110036030287936,5.191176394080736,0.30075538398795026,2.9733029541194265,0.8761246334260289,99,0,0
EQ-PM-02,36,67.22419470229922,0.06270845593367874,5.007853574998646,0.2614164537825473,4.921168183607588,0.8691107982149495,98,0,0
EQ-PM-02,37,67.7753115602539,0.06816029642796892,5.0649075609517915,0.12668844835802018,6.163343678204793,0.8440060378813304,97,0,0
EQ-PM-02,38,68.5220685611247,0.06779150859100193,5.061218516392962,0.21942112796660534,4.807300257471505,0.8149272308764361,96,0,0
EQ-PM-02,39,68.24375622577271,0.06859310752683677,4.98048981181356,0.28425277669475024,5.200234545200724,0.8228952424362372,95,0,0
EQ-PM-02,40,67.12951204556623,0.06659969781970039,5.102220907536756,0.17393291115323103,2.9863815750817215,0.8458952531064053,94,0,0
EQ-PM-02,41,67.52585700882459,0.07026623154810158,5.052631357335544,0.22249734034302568,5.048353920003909,0.8267903440166382,93,0,0
EQ-PM-02,42,66.8832977184377,0.06718907910039564,4.968733316460036,0.22885780422361168,4.18551203066147,0.8598839268403353,92,0,0
EQ-PM-02,43,68.30117499999854,0.0604365282593742,5.094742189483878,0.24156649752557766,6.406342498003346,0.8185342313215878,91,0,0
EQ-PM-02,44,67.68644189053519,0.07125898766639058,5.360628728784339,0.32327425203214866,4.369743436127667,0.7561807138963967,90,0,0
EQ-PM-02,45,68.02415168131922,0.06621322282182865,5.1554820033131055,0.2965575184763546,4.642236602114306,0.7911841231159576,89,0,0
EQ-PM-02,46,68.37042633963317,0.06524222821670855,5.302681913873082,0.2250989840207877,5.727020558522203,0.7674086697339619,88,0,0
EQ-PM-02,47,68.43077070329328,0.06955978617259884,5.193848056267009,0.2118849407682432,5.26155657707815,0.7701407084203915,87,0,0
EQ-PM-02,48,68.47462458898288,0.07081333238224677,5.070620384136659,0.342261520190401,2.3142003510453977,0.768745048332861,86,0,0
EQ-PM-02,49,67.80611142090682,0.07354968516350084,5.3212092733965,0.3143987881140531,4.6523731205146746,0.7412029951017785,85,0,0
EQ-PM-02,50,67.9531448766258,0.07623060633849132,5.16888325593604,0.41395169139307164,6.956427584372733,0.7411065277639874,84,0,0
EQ-PM-02,51,67.43678002539977,0.07308418600381754,5.458766984828217,0.30413663104066296,4.397327821559479,0.7267687062842294,83,0,0
EQ-PM-02,52,68.22968803508313,0.06655332088734914,5.000280847547021,0.45479854145469545,7.484904410329312,0.7743679580855851,82,0,0
EQ-PM-02,53,68.64806282416018,0.07103818261387954,5.3129686842338,0.32718129260536394,4.3891604821055905,0.7159430431257418,81,0,0
EQ-PM-02,54,68.91889940054885,0.07137932825982736,5.287148591526801,0.16908705540569022,5.053619415285022,0.7253897619286652,80,0,0
EQ-PM-02,55,68.50067046621787,0.07466634414189616,5.465447083876996,0.3134207617819935,4.1535238679393025,0.6838378607931006,79,0,0
EQ-PM-02,56,69.1314086181432,0.06861429194768716,5.174005085226503,0.3627841782286556,6.953987666290669,0.7193675553348902,78,0,0
EQ-PM-02,57,68.24654546739816,0.06877214860144458,5.302448358053866,0.3986058986569679,6.58795847831089,0.7156338892036795,77,0,0
EQ-PM-02,58,68.4703232160546,0.07270005683995893,5.32945681503345,0.18915328146827187,4.894346926823725,0.7145017277644072,76,0,0
EQ-PM-02,59,67.44919240972376,0.06999980509667256,5.17528423911223,0.24111590686585122,7.866084763287208,0.7620983108308116,75,0,0
EQ-PM-02,60,68.17252912978901,0.08180591682988933,5.344714872483302,0.4570219808690445,6.577219607201555,0.6648824707916509,74,0,0
EQ-PM-02,61,68.51192024668542,0.0714137153630811,5.231032865526113,0.18186451317718608,4.174089810695493,0.724334304050518,73,0,0
EQ-PM-02,62,68.92003242784253,0.07881052701232785,5.34791667189558,0.19525295719112562,3.5880067752646014,0.6741561147431518,72,0,0
EQ-PM-02,63,68.146721468133,0.08773947448131716,5.579078673104305,0.3884948747812378,6.5753475762615965,0.6145560878245896,71,0,0
EQ-PM-02,64,69.19240666344857,0.07449516090893553,5.437709608796572,0.3541313241391178,7.288444554786766,0.643554516284519,70,0,0
EQ-PM-02,65,68.80414592984472,0.08079289242863147,5.171516165785682,0.37110790723861153,4.128074149078286,0.6731361236685518,69,0,0
EQ-PM-02,66,69.11201850351085,0.07838739250178703,5.382565929389036,0.32840826298125975,5.284157831930865,0.641453618730734,68,0,0
EQ-PM-02,67,69.29100956733996,0.08579546732727947,5.164662636793307,0.36803876917619116,6.909768179355724,0.6445691580426343,67,0,0
EQ-PM-02,68,68.88087988716215,0.0750402617847341,5.115790254646789,0.47380424481368977,7.32583102857953,0.6758527833631631,66,0,0
EQ-PM-02,69,69.35490648476991,0.08264477682839966,5.563329495545109,0.3744632583642642,7.04319656670089,0.5851821030254923,65,0,0
EQ-PM-02,70,69.43703263688381,0.07793431755433172,5.31244754168818,0.4182365377216134,6.25415302421178,0.6255481222521116,64,0,0
EQ-PM-02,71,68.44319111495443,0.08149686944979469,5.397099412664321,0.2878953014931832,7.049078889922885,0.6392121832396032,63,0,0
EQ-PM-02,72,70.24507413364528,0.08030985842349307,5.448085054948814,0.41653502417177257,7.186880283882737,0.5740088764290456,62,0,0
EQ-PM-02,73,68.86629299569194,0.07982101138093031,5.332667365922384,0.3171743659836377,9.515920130096081,0.6343373013585566,61,0,0
EQ-PM-02,74,69.70943223936064,0.08104163789792987,5.337319837750111,0.38216070433916877,6.0252640422746815,0.6003988090661206,60,0,0
EQ-PM-02,75,69.12243591767898,0.08472414757540497,5.3319910726146835,0.3969321832604951,8.16859798490964,0.6025776694941483,59,0,0
EQ-PM-02,76,69.96275441327631,0.08757601978447845,5.4454726590767955,0.39486928721003756,9.079640850615569,0.5550121379187527,58,0,0
EQ-PM-02,77,69.59234360349014,0.0906039002548803,5.614954890883581,0.40066434496055925,9.77895329695396,0.5280889261428251,57,0,0
EQ-PM-02,78,69.60443161922105,0.09360866074942492,5.3324954642111,0.3597699635991535,7.5907156326428815,0.564121236351696,56,0,0
EQ-PM-02,79,70.3446830701859,0.09388226487894849,5.51729798137438,0.5189922682854268,8.415467627403121,0.4986763914121392,55,0,0
EQ-PM-02,80,70.22958149377418,0.08593360907273453,5.598654105437636,0.33335276896242577,12.307950739859324,0.5251741613622712,54,0,0
EQ-PM-02,81,69.03262681538284,0.09261122342338475,5.645078824152236,0.435117608002673,8.690767790502441,0.5186518604357069,53,0,0
EQ-PM-02,82,69.81760643581295,0.09223812873992002,5.402500703912105,0.4487960072267307,6.162758952837303,0.5323670444487225,52,0,0
EQ-PM-02,83,70.4753403823143,0.08341684112952588,5.660729941991104,0.5459532062286931,7.090566890027802,0.4869148689016205,51,0,0
EQ-PM-02,84,69.45733261406568,0.09979803878031318,5.5307736387259165,0.6282413690106924,7.453019949631296,0.48006475789393854,50,0,0
EQ-PM-02,85,69.8794709973247,0.08990979563674059,5.39029959858767,0.5308290778110579,10.337454383030597,0.5224323010135874,49,0,0
EQ-PM-02,86,70.34375847619741,0.08704182749991954,5.381365732316333,0.4379387871872524,10.082022121124812,0.5260122030883961,48,0,0
EQ-PM-02,87,70.43408773670676,0.0971542154235067,5.524489261058692,0.5915469116147934,9.54815755241974,0.4590317197140788,47,0,0
EQ-PM-02,88,70.65934244000607,0.1074790339395688,5.307160460224355,0.5304226951750414,7.231296071520598,0.463688107312059,46,0,0
EQ-PM-02,89,70.68673145793359,0.09525510841583641,5.290689583343095,0.5368488471441083,7.200492509598071,0.4927792717099769,45,0,0
EQ-PM-02,90,71.41362837102663,0.09608323503674811,5.324781041695118,0.48841875333090323,8.652790521403833,0.46965388266038127,44,0,0
EQ-PM-02,91,70.52501164740391,0.0941696119626189,5.626239070020882,0.49600470871015434,9.935807984958222,0.44806411835097504,43,0,0
EQ-PM-02,92,70.14240425567755,0.09796711374123629,5.543402449222362,0.5415713709900623,11.070284648104334,0.45339243529087053,42,0,0
EQ-PM-02,93,70.95192678038396,0.0980596566428577,5.515637030371964,0.4225401228769955,8.905107901912157,0.44637901225951554,41,0,0
EQ-PM-02,94,70.82655713414164,0.10024492875513212,5.494952681479988,0.5576620592316235,13.128194662387367,0.4310285915347138,40,0,0
EQ-PM-02,95,71.24947655545877,0.0991342497887277,5.703986643600962,0.46806036713700416,11.314302662383437,0.3982254380106047,39,0,0
EQ-PM-02,96,70.62626887273379,0.10195677980874865,5.510848339546509,0.5346330166415237,13.306903572438475,0.42645084538788547,38,0,0
EQ-PM-02,97,70.32839855773814,0.10296319085350812,5.620246925864222,0.6928755391440874,11.323731105019627,0.39653559515445735,37,0,0
EQ-PM-02,98,71.04528419023374,0.1017786159586886,5.522781601212558,0.6326990042920593,11.475905243791765,0.39960040346356085,36,0,0
EQ-PM-02,99,70.29573733350803,0.10192645449037485,5.797090238252688,0.6796673016580131,10.946228820455351,0.3695144129613659,35,0,0
EQ-PM-02,100,72.31334130969742,0.096979996835102,5.606617272201316,0.6724606574531999,11.500989778453588,0.35812012672449295,34,0,0
EQ-PM-02,101,71.92613500037321,0.10850942580526804,5.771357855081521,0.6707706794405988,10.17474557079867,0.3118226821029049,33,0,0
EQ-PM-02,102,71.59141693530486,0.11521420096013488,5.5594578944057735,0.7329114809731043,12.131792148033535,0.32638766949205067,32,0,0
EQ-PM-02,103,71.33437422361645,0.1129999963186977,5.834763748519823,0.5605539092677239,12.426915851154707,0.3116771876427771,31,0,0
EQ-PM-02,104,71.33018699547434,0.10941985500294907,5.749977803142709,0.5831144065399547,12.685373120685163,0.3285821234165379,30,0,0
EQ-PM-02,105,71.59886451345442,0.11006845173994025,5.45607643855461,0.6815043501719869,10.724889556909234,0.3518779636510622,29,0,0
EQ-PM-02,106,72.41635454097695,0.11260812909579396,5.5234382770571875,0.7766349201571662,10.662235513224829,0.3028622465009525,28,0,0
EQ-PM-02,107,71.91886832256974,0.10215631145354645,5.628227800848737,0.7317025349710814,14.744165133525826,0.32759181571812024,27,0,0
EQ-PM-02,108,72.33625286605898,0.10512781168569074,5.721071107148315,0.685060959963372,12.11764686282713,0.29785417280785503,26,0,0
EQ-PM-02,109,72.1438616155939,0.11189749453840729,5.8350095665666215,0.8468487684624867,12.747526133574631,0.24985825687652577,25,0,0
EQ-PM-02,110,71.65601431432574,0.11201343741626779,5.541029498156812,0.8523156350200806,11.700800642764044,0.3027029655207832,24,0,0
EQ-PM-02,111,72.69786503286448,0.11390943560606721,5.7967775161625195,0.7758007478977349,11.666251090148387,0.2385940477956872,23,0,0
EQ-PM-02,112,72.66531794732657,0.11483569781463318,5.584214420235061,0.7997065765502956,13.796023609406905,0.26397401063807524,22,0,0
EQ-PM-02,113,73.22818816588155,0.1130219016897636,5.81211418172219,0.7384920271613837,13.324815490873267,0.22376129590368904,21,0,0
EQ-PM-02,114,72.63645064056924,0.11780192789121294,5.942333536665924,0.8452589831974695,14.75602704662284,0.19378312938919745,20,1,0
EQ-PM-02,115,73.07156906936447,0.12236522037518499,5.864891205935849,0.7577727992497928,15.95476901906052,0.1892499651651579,19,1,0
EQ-PM-02,116,72.61092076140832,0.12018655576978919,5.93507496973834,0.8945872571065696,12.162022728955915,0.1793918837229924,18,1,0
EQ-PM-02,117,73.17763852996288,0.12809430230584457,5.6470262981548816,0.9041493017223333,15.918337457718536,0.18509372914642508,17,1,0
EQ-PM-02,118,72.35619161270007,0.11995062015436317,5.756410001420487,0.7524349749053894,14.658827598392325,0.22214104435004467,16,1,0
EQ-PM-02,119,72.94199509228977,0.11946506223167386,5.757929896680664,0.8324261080583525,15.519468298661062,0.19787081426419498,15,1,0
EQ-PM-02,120,72.80033262600556,0.120726259276814,5.649782849444094,0.7999886246195176,16.59560114893923,0.21511324843931173,14,1,0
EQ-PM-02,121,73.5396353791409,0.128316882564875,5.749971741512602,0.9106531020950862,14.781262294038815,0.14894739953443503,13,1,0
EQ-PM-02,122,73.9828105132873,0.12604975649050582,5.806805440433631,0.7922251841201244,16.97310600317621,0.1442416330275324,12,1,0
EQ-PM-02,123,73.89048118384004,0.13246090506981945,5.871849570224077,0.8465798107650304,14.832665980372896,0.11271797238386491,11,1,0
EQ-PM-02,124,74.2157123129637,0.12608097697832815,5.859427299006781,0.9426893118727476,14.718704267623338,0.11017746465781673,10,1,0
EQ-PM-02,125,73.55501218151764,0.13054876037286753,5.821488819218094,1.0017732540783408,15.16208560514995,0.11269594690685616,9,1,0
EQ-PM-02,126,74.60425256415134,0.13636563018912534,6.104427329087762,1.0475143788346666,12.69912472043766,0.022295933545778968,8,1,0
EQ-PM-02,127,73.52232831435298,0.13237341684194534,5.90205457280034,1.1000530164491102,19.09822941586468,0.08181468254184944,7,1,0
EQ-PM-02,128,74.31714275985368,0.12317510412813136,5.7036307460120925,1.1400972197096058,18.288222261802982,0.10808731658254696,6,1,0
EQ-PM-02,129,73.95108853388783,0.13495464151669298,5.902743702389685,1.0232552860878397,13.12341884414507,0.06699513836731949,5,1,0
EQ-PM-02,130,74.71703623301,0.13770346492946814,5.885580566318468,0.9266928255147626,17.793083339187802,0.05059316352680984,4,1,0
EQ-PM-02,131,74.94041514517248,0.12773701055361883,5.815169304465967,1.0544023111389649,16.28368112483688,0.06510362707931874,3,1,0
EQ-PM-02,132,75.13171254052337,0.13456347239913571,5.9579777213100655,1.0796141272365878,18.732643280479486,0.016700653146869943,2,1,0
EQ-PM-02,133,74.75723292798372,0.13451387041176213,6.132112350120003,0.966937245840056,19.441742167568577,0.008722201948450053,1,1,0
EQ-PM-02,134,75.65880394893318,0.13153338994020347,5.912156730057125,0.9676719559171065,17.842813143160214,0.023942059306829244,0,1,1
EQ-PM-03,0,68.43346163271438,0.06275278287928227,4.557363071803485,0.0028221081305638274,0.22870812218127856,0.9702150050012834,109,0,0
EQ-PM-03,1,67.46344111424456,0.05392547234408741,4.543468905114718,0.11469223372845433,2.8759010841290205,1.0,108,0,0
EQ-PM-03,2,68.41923778799364,0.05752421765985169,4.436750647066541,0.20012375684125072,3.9259356373582266,0.9755816946587277,107,0,0
EQ-PM-03,3,68.45932626875802,0.058250692270781966,4.310445151055561,0.13621766886322564,4.58251890327517,0.9948887201374299,106,0,0
EQ-PM-03,4,68.7441019367546,0.06103577697858905,4.61075494165829,0.0007376001047649794,2.8882999803749234,0.9460971457791223,105,0,0
EQ-PM-03,5,68.05872122947373,0.05273582141460946,4.55901235351423,0.0906162228159104,0.3893675661006206,0.9795440691472758,104,0,0
EQ-PM-03,6,68.48240213852954,0.057168412918001954,4.442594171376114,0.06615919430099453,4.269301032712313,0.9745679886602964,103,0,0
EQ-PM-03,7,68.44461405474745,0.058871910225459755,4.47298559984419,0.11131530832120885,4.207879583594682,0.9589686126396594,102,0,0
EQ-PM-03,8,68.93817678029393,0.054293344688642727,4.416998034420312,0.21381458168200396,5.182061530605593,0.9530131566462301,101,0,0
EQ-PM-03,9,68.68221171853034,0.053504678219269186,4.6798719641629205,0.225588351562302,4.644973741187963,0.9175644737400208,100,0,0
EQ-PM-03,10,68.31918385228224,0.06064721293906732,4.424090549970199,0.11619827659719525,3.8234405205182393,0.9548790440478351,99,0,0
EQ-PM-03,11,67.88634925789489,0.05670180401975618,4.619483873418045,0.19714031016258546,7.561213225258569,0.9349492201577685,98,0,0
EQ-PM-03,12,67.40261168538404,0.06305606367535994,4.570214574172874,0.19875247326330026,4.344891799491455,0.9351751797339226,97,0,0
EQ-PM-03,13,67.42559115453903,0.06174040075101771,4.447807995119988,0.25170720656611273,3.93012860826319,0.9477443546692431,96,0,0
EQ-PM-03,14,69.14823603568504,0.057841297749131555,4.356284427400792,0.18061794355543365,3.2894836612053675,0.9320524424299439,95,0,0
EQ-PM-03,15,68.31038242583932,0.06055765397793926,4.476150243445154,0.20602954343987273,4.798614755571503,0.9224758505346573,94,0,0
EQ-PM-03,16,67.92430999551878,0.06020685279018681,4.476018942018826,0.18565662471574612,2.5914252091121526,0.9318506421741019,93,0,0
EQ-PM-03,17,67.25904621910918,0.05451663183260933,4.572642595128158,0.1997683953576929,2.614154554013718,0.9435920547733792,92,0,0
EQ-PM-03,18,68.79017557339711,0.05537019671922065,4.346234534664353,0.16298998060240646,0.6567813503345388,0.9376079500704404,91,0,0
EQ-PM-03,19,67.97478910176632,0.059434498715173464,4.626195781241803,0.05753488018975274,4.938889059333586,0.9131721707516638,90,0,0
EQ-PM-03,20,68.81459547916249,0.05725781971071297,4.375896580180362,0.19425986116399113,3.074922431287594,0.9182800817153911,89,0,0
EQ-PM-03,21,69.24640186180427,0.0637202364562489,4.593256788118967,0.2982146056631087,3.612792036779645,0.8451183654704925,88,0,0
EQ-PM-03,22,68.20171381583734,0.060198757496224636,4.370372862536724,0.17005000083835295,1.0832853613356428,0.9230773041652265,87,0,0
EQ-PM-03,23,68.66320563968763,0.06290369044748276,4.639056568005383,0.3049569841173557,3.3869098391983457,0.8477734128683128,86,0,0
EQ-PM-03,24,68.6339555792351,0.061004279844995964,4.711725596711103,0.18114682445612026,3.7406997709168537,0.8515228433717965,85,0,0
EQ-PM-03,25,67.89418731830813,0.06238035120333644,4.494669886176794,0.15450379126682745,3.9335008237918254,0.8985885222238835,84,0,0
EQ-PM-03,26,68.42615152963091,0.06313092015415614,4.5602118530863285,0.34197168112779697,1.143405502196683,0.8516239013669255,83,0,0
EQ-PM-03,27,68.45999351225093,0.05691303208619281,4.592993536520845,0.21430857763713146,3.221661986130429,0.8709606206309106,82,0,0
EQ-PM-03,28,68.25906375989962,0.06361908384029888,4.432398923161961,0.12297976760293793,2.516159986080253,0.8892297988873684,81,0,0
EQ-PM-03,29,69.22851204542224,0.06087303337244963,4.60331282951682,0.32527671327439633,5.064250353635966,0.8227809282242394,80,0,0
EQ-PM-03,30,68.65979897868347,0.0694772021635108,4.599326427655392,0.16346824711098693,5.331546666597783,0.8290561306362989,79,0,0
EQ-PM-03,31,68.54411211999377,0.06605566918058627,4.609726874583134,0.20396561400372581,4.197627578886623,0.8316813216581054,78,0,0
EQ-PM-03,32,69.01422684572634,0.07244712320035473,4.678699562581996,0.3421627963369509,5.7977506910249,0.7765731878579064,77,0,0
EQ-PM-03,33,67.90879928329892,0.06337563455155602,4.626281220842549,0.29097351575731384,2.88277516935501,0.8366582686851575,76,0,0
EQ-PM-03,34,69.94115357162613,0.05518698296683259,4.69969823350686,0.4000418023454251,6.478913113393484,0.781190650706016,75,0,0
EQ-PM-03,35,67.9122432989962,0.06413408666770397,4.834591016808819,0.3317822451704817,4.700234297732346,0.7929266773174743,74,0,0
EQ-PM-03,36,69.02367699442651,0.06814653849163123,4.629655388148352,0.23586036501239988,6.830152793407837,0.7922312285124649,73,0,0
EQ-PM-03,37,70.24591137604668,0.06659692988617105,4.528763848562535,0.38658076895639526,3.7074390790137803,0.7624000718547722,72,0,0
EQ-PM-03,38,68.85815427000067,0.06436124659083066,4.530843918563577,0.2967017798845933,5.9168752062324295,0.8081480869769855,71,0,0
EQ-PM-03,39,68.84016664396651,0.06509779862214575,4.587696626076707,0.24522881071698907,7.2640609302753125,0.8001647791650307,70,0,0
EQ-PM-03,40,68.93902469353019,0.06223468449503213,4.618244380742444,0.20203760562508688,4.547907268057259,0.8013770613787405,69,0,0
EQ-PM-03,41,69.09013218533696,0.07195116458812903,4.677909858623764,0.2540296598304231,5.78274931184445,0.7559481375737855,68,0,0
EQ-PM-03,42,69.40102307626297,0.07143835474251319,4.6280932929835235,0.20004528882907846,2.8544909362764623,0.7591178026865332,67,0,0
EQ-PM-03,43,69.4480972275145,0.07387846200147825,4.72625894574584,0.36197344962948136,4.9264137754926915,0.7177120075891329,66,0,0
EQ-PM-03,44,70.97832326323888,0.06074889538741091,4.693160507318729,0.35499978306597807,5.722191892254031,0.7147313964772969,65,0,0
EQ-PM-03,45,69.60685155202961,0.07500196586141207,4.606825119545687,0.43989398426298587,6.148511224897251,0.7146353919444691,64,0,0
EQ-PM-03,46,69.97405133171603,0.07587231506826914,4.590084095890338,0.427500819932861,5.6697787894956315,0.7038189852421689,63,0,0
EQ-PM-03,47,69.4601904221421,0.07520059028118332,4.904587604713649,0.2216247378696501,5.7667909138211675,0.6885458926577439,62,0,0
EQ-PM-03,48,70.56249211543404,0.07488941672110837,4.835303244570409,0.4033363893489271,6.724153180417733,0.6507767639248794,61,0,0
EQ-PM-03,49,69.44610179905891,0.0745539347961971,4.710991331487242,0.4388336283588121,4.952177558918267,0.6914112805337105,60,0,0
EQ-PM-03,50,69.35358442049571,0.0695544680684991,4.745384123630404,0.36447073333085384,6.289888497447832,0.7052892433240451,59,0,0
EQ-PM-03,51,69.48330295970655,0.07742442308535338,4.912770004498231,0.2529068002169585,4.939995564433927,0.6652088943085419,58,0,0
EQ-PM-03,52,69.57421289204149,0.07162171237876688,4.669738085946052,0.3041259205899004,5.650089827513438,0.7055647893378554,57,0,0
EQ-PM-03,53,69.74569771648285,0.0736127636072063,4.589552769901518,0.40425295671531947,4.586606800702754,0.695104125275549,56,0,0
EQ-PM-03,54,70.54471998211949,0.0808635367166545,4.7680472443256505,0.3172548626072022,9.215063052174823,0.6357162649338927,55,0,0
EQ-PM-03,55,70.07649036514694,0.08310965572356069,4.936191670792833,0.3307626374765947,6.463436352709006,0.6120232572096123,54,0,0
EQ-PM-03,56,69.59051077526728,0.07898247199777449,4.9136228843071725,0.4308644559719788,6.832699870403839,0.6246548332200681,53,0,0
EQ-PM-03,57,70.28191647764221,0.0796217902759982,4.671824141008085,0.3245939275422023,6.787117805557919,0.6494572501286642,52,0,0
EQ-PM-03,58,71.43405885474387,0.07569629435139869,4.635224609460194,0.2790060663258553,8.875517649940752,0.6373051371921279,51,0,0
EQ-PM-03,59,70.68276329335303,0.07814785856048417,4.786408180559321,0.29527376895773916,7.932289170968013,0.622443300601816,50,0,0
EQ-PM-03,60,70.57045111595596,0.08066213067018148,4.86164939676673,0.4838784637968818,5.166824370261534,0.585607763673162,49,0,0
EQ-PM-03,61,71.29325771923853,0.08822627922809362,4.695521918368889,0.5347622824340968,5.713665519672897,0.5652469579179601,48,0,0
EQ-PM-03,62,70.82723063148991,0.08309535939304528,4.731512942125588,0.5430065729501435,7.817968655864217,0.580290842909875,47,0,0
EQ-PM-03,63,70.90557208155072,0.07756847249361361,5.055778483831659,0.4765204671335319,7.107382627053317,0.5469472940583725,46,0,0
EQ-PM-03,64,70.40284148058463,0.0879675821445878,4.658729458042126,0.46088121031117274,8.798449066540313,0.5914280553314432,45,0,0
EQ-PM-03,65,71.36501387657084,0.08029656533641454,4.953188234935636,0.5837231200316257,8.774267382599742,0.5268872707718373,44,0,0
EQ-PM-03,66,71.06813152516511,0.09236465937646948,4.999114801427498,0.4205784287245192,9.322927175088815,0.5103535694394624,43,0,0
EQ-PM-03,67,70.96053137593947,0.09136636327242578,4.830408999629611,0.5680886315689223,7.666807513704281,0.5228831542411437,42,0,0
EQ-PM-03,68,71.63745371572438,0.08776404419269744,5.359674022285185,0.47382184557674384,5.855968301244864,0.4417918094724116,41,0,0
EQ-PM-03,69,70.59224570704936,0.09499229596371651,5.192772488100338,0.5371850627043053,8.48202007958261,0.4653392795023985,40,0,0
EQ-PM-03,70,72.13442762000777,0.08569784925334348,5.166551423104838,0.483628605039123,7.995292603976954,0.45609864479590206,39,0,0
EQ-PM-03,71,71.30586998251655,0.09023463217547929,5.060578678474165,0.6158210024237674,10.054897457131931,0.4649362912096674,38,0,0
EQ-PM-03,72,71.69627556578365,0.08725791492407813,5.016262538108923,0.4850643630344806,9.67896590854223,0.47913002057589593,37,0,0
EQ-PM-03,73,71.8400477029029,0.09237968129443701,5.034475975310111,0.44803129394318497,10.017897232477223,0.4604915833766571,36,0,0
EQ-PM-03,74,72.34814485731447,0.09941245014390376,5.07232809606199,0.44145837655944864,8.696919070383062,0.421975696843981,35,0,0
EQ-PM-03,75,71.96427883697001,0.09393674871867022,5.318523021689092,0.47838659328433947,11.272645769696052,0.4014285312248098,34,0,0
EQ-PM-03,76,73.16259628976124,0.10247681367298142,4.940409453191539,0.5271577225948596,9.370014852629062,0.39874934568852005,33,0,0
EQ-PM-03,77,72.47633146343931,0.10189528453986185,4.919928661223118,0.7659535172298882,11.178383657988217,0.3933413193368157,32,0,0
EQ-PM-03,78,72.0463736478376,0.09851168900654655,4.9604306786660315,0.7078421474269732,10.641541635096422,0.4090740787496893,31,0,0
EQ-PM-03,79,72.3369262259281,0.10083933322199277,5.241165387272264,0.6883790750112055,10.681684643948843,0.3526162455351412,30,0,0
EQ-PM-03,80,72.68151450023996,0.10294089328955891,5.172781293443405,0.5430079657659447,10.157071501100344,0.36033135433297225,29,0,0
EQ-PM-03,81,72.71950050812076,0.09932866489146026,5.1500230260674185,0.6939270223106337,11.099206251941661,0.35352310040881607,28,0,0
EQ-PM-03,82,72.76804628296529,0.10833584096343929,4.976085001266603,0.6838694456950952,11.093318457328634,0.3536769680651194,27,0,0
EQ-PM-03,83,72.61640645816883,0.10141324769471438,5.119118081122692,0.7615264946809254,9.53735903173055,0.34234277080553505,26,0,0
EQ-PM-03,84,73.078379491239,0.10584582508368603,5.28190280800814,0.5937974150519114,10.218593540492472,0.30885619126212355,25,0,0
EQ-PM-03,85,73.24803239758516,0.095914564625946,5.210444125019243,0.6460420501202365,10.186063464485613,0.3317263495150099,24,0,0
EQ-PM-03,86,72.2812095253539,0.11247908853734641,4.982591702072246,0.6644908444838511,12.81340296696589,0.34360758637366656,23,0,0
EQ-PM-03,87,73.44594309099779,0.10318329133470214,5.1874053868763195,0.6613938140039519,13.636654259963137,0.3041053813922471,22,0,0
EQ-PM-03,88,73.53653551008296,0.1051195067917747,5.383964433014605,0.776139371735026,12.706919363514988,0.25283061040427424,21,0,0
EQ-PM-03,89,72.94391593655952,0.10941672156330415,5.1529267442194815,0.8144704300933421,13.370864081030177,0.28451460112266147,20,1,0
EQ-PM-03,90,72.55920312036446,0.1163866256304976,5.21835995587325,0.7057140331813924,14.22055407434446,0.27455731012837215,19,1,0
EQ-PM-03,91,73.72481145291138,0.1144221023532078,5.250772255464952,0.6659640806472272,10.570647394896817,0.24623055114827302,18,1,0
EQ-PM-03,92,73.17657409502938,0.11247122745937771,5.247649089018268,0.7599892184603123,14.437753326854116,0.2526686243412804,17,1,0
EQ-PM-03,93,73.99091630112531,0.11509819387308583,5.236774948611092,0.6557957152095161,16.16279996243189,0.2345821153664559,16,1,0
EQ-PM-03,94,73.61448316143895,0.11794750917479331,5.164133702363924,0.8443152146404022,15.375783165835106,0.22570288342402078,15,1,0
EQ-PM-03,95,73.85750587021275,0.12142529106122367,5.3416306960369715,0.8109649255704455,16.299904807781456,0.1844323316703267,14,1,0
EQ-PM-03,96,75.12785381562351,0.11918946105361458,5.446413362288054,0.7402082559958256,14.785714467895637,0.14641046589956797,13,1,0
EQ-PM-03,97,75.21511121555051,0.12150338363913091,5.042425213486329,0.8696734560907782,13.289606120765391,0.18288491757405395,12,1,0
EQ-PM-03,98,74.47272753668874,0.12168331154577776,5.093033644698427,0.8133410808493317,14.187286220118184,0.19582565344699893,11,1,0
EQ-PM-03,99,75.13520581334406,0.1180533202318639,5.548880324715459,0.9752386973603353,15.236563092803975,0.1005609019874336,10,1,0
EQ-PM-03,100,74.81390509813308,0.12180741948733294,5.477375604733826,0.8483245822231537,15.057210388933155,0.11941428206568662,9,1,0
EQ-PM-03,101,74.81219456079543,0.12813872203586615,5.240768436755811,1.032948621002375,15.515087305905293,0.11744645127226287,8,1,0
EQ-PM-03,102,74.7980541546354,0.12434313792262795,5.326309081850102,0.9640413365693249,15.322413307015971,0.11813754421420879,7,1,0
EQ-PM-03,103,74.77693850422133,0.1266952688782239,5.452498096429136,0.8371784210932048,15.10414527306733,0.10333203827201545,6,1,0
EQ-PM-03,104,75.4773468300858,0.1311898298622429,5.305674469400918,0.9613694956115925,16.68097406998111,0.08097885509343808,5,1,0
EQ-PM-03,105,74.9272954091114,0.13380062498659887,5.522261808274895,1.0088958780832584,16.44429389774968,0.04775140455433338,4,1,0
EQ-PM-03,106,75.44295453974637,0.1352305520619204,5.5075127418780605,0.9571419048388621,15.280783670146176,0.035461856709808254,3,1,0
EQ-PM-03,107,76.01533754340998,0.1330705327971286,5.517948555863482,0.9556992265146412,16.784323979154387,0.02192021634049407,2,1,0
EQ-PM-03,108,76.04483145470915,0.13455812109730683,5.545384288469988,1.0941584783292364,17.162203706914806,0.0,1,1,0
EQ-PM-03,109,75.69133093643948,0.13371728745760333,5.5396864541432835,0.9542173555401776,18.783045825735506,0.018868978870422035,0,1,1
EQ-PM-04,0,68.36714362219814,0.06090034346499664,4.839887279789582,0.18075565087515885,2.1708162971854654,0.9723688282850773,130,0,0
EQ-PM-04,1,68.96228801894539,0.06302989322539215,4.547870838739956,0.12084234397576746,2.846312541366452,0.9992678331204826,129,0,0
EQ-PM-04,2,67.72831526761654,0.05778528144762144,4.844690139432023,0.25923978938558245,5.9331260680030855,0.9821737340110316,128,0,0
EQ-PM-04,3,67.72699525478176,0.05881419019091832,4.721155474795105,0.08759899966406826,2.3886073615091457,1.0,127,0,0
EQ-PM-04,4,68.51962409107946,0.059271068550248135,4.899930865941017,0.010981969516250467,2.089558564251974,0.9698316032938604,126,0,0
EQ-PM-04,5,69.2820357721781,0.06310477297146674,4.592690122081437,0.06078067774331651,4.021214158498367,0.9796009832772706,125,0,0
EQ-PM-04,6,68.20173918337188,0.06223721167295134,4.711255546278597,0.01635485177579063,2.2869605426366513,0.9927427625185854,124,0,0
EQ-PM-04,7,67.73849322865213,0.05548994892342472,4.748946331311006,0.150140658062416,1.204619255844431,0.9994675621845639,123,0,0
EQ-PM-04,8,68.75988377066773,0.05792979164420557,4.823333064239346,0.1591154714022228,0.3859539724612562,0.9530853928666829,122,0,0
EQ-PM-04,9,68.59340282082738,0.0652686028954025,5.027586262670311,0.13845605142671635,1.7200640461362222,0.9076360430252974,121,0,0
EQ-PM-04,10,70.57027203787932,0.06782329346958069,4.728503356604984,0.17717180228963442,3.6026815977664794,0.8901261392947529,120,0,0
EQ-PM-04,11,68.84740299485915,0.06232655199316115,4.78149825003003,0.1889085095280345,5.396930014718363,0.9351245066314015,119,0,0
EQ-PM-04,12,69.05224964130416,0.06850953399864516,4.850084604024861,0.14994977285245945,3.4265875765591476,0.9054614983325915,118,0,0
EQ-PM-04,13,68.4944409822548,0.0631019751748052,4.790137119922276,0.2569099260328519,1.393764172697231,0.9285294114734659,117,0,0
EQ-PM-04,14,69.1658838814226,0.062210534787567696,4.766719598354648,0.16284803634430003,1.90106449121351,0.9241984494740565,116,0,0
EQ-PM-04,15,69.09865194684122,0.06116997508419166,4.787363543295295,0.011234521414368231,0.4905055314745903,0.9378530991566197,115,0,0
EQ-PM-04,16,68.28903478033392,0.0667789941813281,4.70914547600742,0.040116298772449266,3.6139452699947703,0.9502232052415264,114,0,0
EQ-PM-04,17,67.97704160689763,0.06027482612136482,4.909659574013341,0.14308567302407396,4.0022793904738405,0.9312170949089835,113,0,0
EQ-PM-04,18,68.39180017838636,0.06253730042511182,4.925872026004074,0.08757158631509507,2.6103520926389887,0.915619178042378,112,0,0
EQ-PM-04,19,69.06344716111435,0.05956153007396448,4.682256243068835,0.23357919074253464,2.7441778373626207,0.9255167286572807,111,0,0
EQ-PM-04,20,68.70884998608891,0.06063700139121648,4.817820430906078,0.22391355998582863,3.2323588144208513,0.9096326069475633,110,0,0
EQ-PM-04,21,69.19000380296136,0.06582227475813579,4.6353518870596,0.13003119876343927,4.485587959181956,0.9187067881153567,109,0,0
EQ-PM-04,22,69.23059312531755,0.061100350530811774,4.683632551739354,0.28616123066537524,5.222352424165311,0.9039494550402974,108,0,0
EQ-PM-04,23,69.04586952943023,0.061865366363268705,4.81947836519455,0.1464892008964353,5.862849349680143,0.8975530286226449,107,0,0
EQ-PM-04,24,68.84073501374236,0.057507718591314844,4.797727308237162,0.29416279962235825,2.433821725737983,0.8993785019234348,106,0,0
EQ-PM-04,25,68.91607087035429,0.06418305543646363,4.934704398263542,0.0001832747314220451,5.459567063294159,0.8869658446880936,105,0,0
EQ-PM-04,26,68.49089361081997,0.06076608979044943,4.947919780686923,0.02221680760791278,6.027429368959848,0.8992597219480232,104,0,0
EQ-PM-04,27,70.45732506813692,0.05860422595621323,4.9167956119796425,0.048994618820603186,3.781868665826579,0.854802131593205,103,0,0
EQ-PM-04,28,67.89307701687449,0.06597262977520583,4.983391877747673,0.07241812622488847,5.708239841345793,0.8854632250293438,102,0,0
EQ-PM-04,29,69.05374817497218,0.06625000498430855,4.697099996510829,0.26895836432745623,3.68187850753883,0.8763504587371066,101,0,0
EQ-PM-04,30,68.52362430204171,0.07190902209850474,4.9428678121566705,0.40618199012432427,4.3742666887052035,0.8221761701560072,100,0,0
EQ-PM-04,31,69.18795577408869,0.060844011518352094,4.842135758013984,0.46455666501718157,5.219443181109362,0.8398104427450239,99,0,0
EQ-PM-04,32,68.78480351117226,0.05940906631934867,4.978917657942291,0.31513125023121996,4.456741137180863,0.8452095611124857,98,0,0
EQ-PM-04,33,68.24632871775441,0.06480921059729522,4.83504784044326,0.09289039457162233,2.8371106863575335,0.8862833207515723,97,0,0
EQ-PM-04,34,69.72133774089899,0.0582823393213554,4.854262049541712,0.20947400385297443,3.2572038738238085,0.8484924733775966,96,0,0
EQ-PM-04,35,69.09376793156584,0.07007059534314473,4.67467981529915,0.11454937737434191,4.9027576091639276,0.8684485686483919,95,0,0
EQ-PM-04,36,69.80896927634114,0.06718794175311801,4.787035570605477,0.22096508757969582,3.2366641522133017,0.827587926995284,94,0,0
EQ-PM-04,37,69.13458350896705,0.06981489938327654,5.024270174569603,0.27095420499763756,3.102453192524152,0.794603767075519,93,0,0
EQ-PM-04,38,69.74453912882166,0.06855679053075596,4.737622876088291,0.2780181887706574,0.18453028731995147,0.8220985374130426,92,0,0
EQ-PM-04,39,68.65394410660647,0.06503021446304748,4.851382943562261,0.263368065625014,2.0850657089516376,0.8398885476388546,91,0,0
EQ-PM-04,40,70.06267334681381,0.07315073714657293,4.902882546360403,0.16357508029996526,1.5293617635753156,0.7839310603453333,90,0,0
EQ-PM-04,41,68.98386287749183,0.06250112552605655,5.044578386324797,0.1160169309182002,4.703157850927582,0.8183344823808836,89,0,0
EQ-PM-04,42,68.38077782974298,0.06091581943666557,5.042304995370547,0.31486786976010517,3.3712261186388397,0.8151384808647215,88,0,0
EQ-PM-04,43,69.41133982450128,0.06453838948423894,4.732319921151604,0.24689057023960245,2.380217751361111,0.8309211892694145,87,0,0
EQ-PM-04,44,69.0427940390498,0.0691982174909699,4.822864947553312,0.2225779824759104,1.4238080553181405,0.8146424610126796,86,0,0
EQ-PM-04,45,69.64860717261813,0.06909664530999124,4.857490524537068,0.28682030201149084,6.355168555042578,0.7854406869324889,85,0,0
EQ-PM-04,46,69.5172464688751,0.07000413456655859,4.861678983621561,0.27794517688571896,3.7512852898882922,0.7840229173422419,84,0,0
EQ-PM-04,47,70.24962219002303,0.06737467162943274,4.938985528561749,0.2651665438415825,5.0832655112665135,0.7592767555274359,83,0,0
EQ-PM-04,48,69.46225512583715,0.06746697197535004,4.76871706509156,0.2958059939086819,6.3829210061371935,0.7985141980888005,82,0,0
EQ-PM-04,49,69.94852962334672,0.06768503152303362,4.994143574359072,0.3308093618805039,3.2203676644805994,0.7458055659022357,81,0,0
EQ-PM-04,50,69.226833133431,0.07160393656474891,4.946915047795083,0.1762894464679272,5.4325721506220255,0.7738946783793885,80,0,0
EQ-PM-04,51,69.31471480581644,0.06877932767142088,4.892629020766397,0.13831745171894785,4.317838527086591,0.7880069546399658,79,0,0
EQ-PM-04,52,69.99514627489614,0.07221553896364079,5.022641935171415,0.33822733270606203,5.784735355951808,0.7202204067306516,78,0,0
EQ-PM-04,53,70.96432826010458,0.07708183674083235,4.873214651694825,0.3317451791987577,3.9292397081791037,0.704195112837373,77,0,0
EQ-PM-04,54,69.56456239039856,0.07104036395698653,4.895441146060658,0.29733309900518834,8.317646997133222,0.7517078677118124,76,0,0
EQ-PM-04,55,70.54704095200563,0.07254043797027779,4.981047169443939,0.40078100117925053,5.24891281576589,0.6975177172212014,75,0,0
EQ-PM-04,56,71.52873020456806,0.08119557668685684,4.99548786154004,0.21385371896441763,5.952457868263765,0.6651719558304534,74,0,0
EQ-PM-04,57,70.40253953741562,0.07297427498490948,4.966392333959921,0.32780467179598277,8.553374639281728,0.7041569029256866,73,0,0
EQ-PM-04,58,70.34555048969573,0.0789227268962119,5.174185021491992,0.3518295215468605,5.587307791640264,0.6544468035432219,72,0,0
EQ-PM-04,59,70.72275317154575,0.08199299957593156,4.963065695767517,0.4671364123531447,8.282522484346377,0.6547859568834071,71,0,0
EQ-PM-04,60,70.84478673036048,0.07928239185143945,4.949774638397988,0.3239130190791866,6.327958724489172,0.6721353274647865,70,0,0
EQ-PM-04,61,69.79577118519285,0.08000519268590205,5.0964671044969565,0.52489654890677,4.148857993470166,0.6517591834179096,69,0,0
EQ-PM-04,62,70.54008123705685,0.07889008921527209,5.054214722789705,0.3247754076775037,6.128602131709389,0.6595968544845909,68,0,0
EQ-PM-04,63,71.41539415512415,0.07728677399735731,5.321275879879552,0.33787896619176844,5.842839130598151,0.5976604824704844,67,0,0
EQ-PM-04,64,70.50429070764648,0.08326703341130345,4.966791582273666,0.25579517992637446,7.2144144098357454,0.6641761356976754,66,0,0
EQ-PM-04,65,70.86976327907207,0.07883899758017689,5.067020575844783,0.24648318625373627,6.0760238309364025,0.6493139536291405,65,0,0
EQ-PM-04,66,71.42871971549123,0.07767338834756024,5.372272405355547,0.42013261579403416,7.097908925629072,0.5724090407272512,64,0,0
EQ-PM-04,67,70.82039725402342,0.07918519367235231,5.053493120160297,0.36491534634202716,5.439499342302189,0.6344839009841466,63,0,0
EQ-PM-04,68,71.44633731658041,0.07988192384280449,4.85404095517691,0.3373612258002645,4.991147880072271,0.6470745031034679,62,0,0
EQ-PM-04,69,70.66982863582889,0.0789361675382851,4.999265520541984,0.4236071270699893,8.872978313907403,0.6357510282595132,61,0,0
EQ-PM-04,70,70.66578654426667,0.08800054791416752,5.265023162718318,0.4014461853253113,7.23643288285643,0.5728512697645729,60,0,0
EQ-PM-04,71,70.7454914569053,0.09119148845346274,4.9180691329754405,0.511572209307238,6.847440291024966,0.6012194899713004,59,0,0
EQ-PM-04,72,70.46871116974557,0.08565275445702505,5.3857685216163995,0.4900440985372435,5.242812678416481,0.5512914272299355,58,0,0
EQ-PM-04,73,70.80279912760399,0.08296345591753304,5.080694928850956,0.329482623309416,7.97074607839763,0.6087873533774967,57,0,0
EQ-PM-04,74,70.769730305327,0.08382105944278515,5.037167701832404,0.4994723176038635,5.918939966184246,0.5943078720523215,56,0,0
EQ-PM-04,75,71.82332466169765,0.08667803390204308,5.294583701570774,0.5533131496484572,7.840038262450876,0.5141367861373878,55,0,0
EQ-PM-04,76,71.28448621957908,0.08087973684094209,5.192128642891078,0.34442204448570557,8.202891616389534,0.5756685514690265,54,0,0
EQ-PM-04,77,71.35064683949139,0.09012461547000034,5.329520160261069,0.5897377202016393,8.751398896893642,0.5030697365291734,53,0,0
EQ-PM-04,78,71.24176783934456,0.0798390522459599,5.140279481248395,0.5377781528641498,8.106563776574713,0.5623953704862875,52,0,0
EQ-PM-04,79,71.72996614629618,0.08801304716552505,5.381382915697209,0.5237826847277411,9.655368801342014,0.49229714946759545,51,0,0
EQ-PM-04,80,70.99391817701029,0.09326876704973255,5.14371596291262,0.4469476631376637,10.166950797709452,0.5382002863736123,50,0,0
EQ-PM-04,81,71.96476374899188,0.09503274238999161,5.325582467964383,0.5066175473700213,7.113921000819559,0.47357993685011684,49,0,0
EQ-PM-04,82,70.62120886335737,0.09093497664883786,5.317319144541606,0.49380380548933334,12.12105782772615,0.5172417883530418,48,0,0
EQ-PM-04,83,71.63890156464063,0.09183442136141273,5.136197069742797,0.48978354551693126,8.675807072778406,0.5144288885642769,47,0,0
EQ-PM-04,84,70.96546639989982,0.09122629095121285,5.2192079613952735,0.6490633003961453,10.36123853395945,0.5017131767801961,46,0,0
EQ-PM-04,85,72.83733888312742,0.09913930151606383,5.31874105945276,0.42668204496379697,9.51764168954435,0.4397496914296832,45,0,0
EQ-PM-04,86,72.3886183202191,0.08890338456759232,5.183878311648356,0.5809987449755001,10.487043320882181,0.4786629323507527,44,0,0
EQ-PM-04,87,72.65923101000617,0.09246337676281237,5.250192016356569,0.5012176177339969,9.611481401756746,0.4583363839436363,43,0,0
EQ-PM-04,88,72.24247946187508,0.1007499466462509,5.228915191985771,0.47697768154447495,10.991118076620364,0.4509619575205813,42,0,0
EQ-PM-04,89,72.62300438630477,0.10048923368900416,5.13586698124357,0.5439530644426541,11.845080019018962,0.4466680024321605,41,0,0
EQ-PM-04,90,72.52589634622842,0.09315180891806896,5.312381508976336,0.5808724203359044,8.384156223035292,0.43457784291985957,40,0,0
EQ-PM-04,91,72.87850990743792,0.0925876047266245,5.503887904654751,0.5735844949508645,9.376531030919454,0.3964835398626674,39,0,0
EQ-PM-04,92,72.08732801747853,0.10509443088810308,5.429545131186129,0.6597641955087021,8.58916184429398,0.38483715998015755,38,0,0
EQ-PM-04,93,73.43392394880661,0.10091810244388971,5.505090852486077,0.5745306662122545,11.670662340347775,0.35611226984983363,37,0,0
EQ-PM-04,94,72.10891470680565,0.10551158332325566,5.353021169545472,0.5396570521823748,11.28690972664038,0.4013593048532139,36,0,0
EQ-PM-04,95,72.63311328346833,0.0953617323061027,5.344547349612545,0.7199530455322326,11.32202644064389,0.3941781339421749,35,0,0
EQ-PM-04,96,73.68277182649263,0.09834626531482639,5.305142786483875,0.6492257229087712,12.492814772886563,0.3707664468840971,34,0,0
EQ-PM-04,97,73.5403212806652,0.10624046756305199,5.304192163731347,0.7065918998179354,11.619411393837117,0.3463058729388741,33,0,0
EQ-PM-04,98,73.87897738122885,0.10982396267736139,5.152623741530448,0.7614172815891577,12.522589786018198,0.3434411500997141,32,0,0
EQ-PM-04,99,73.93208859305241,0.11166786375380763,5.350947215248647,0.6314266446975237,10.787865075095548,0.3180618520521353,31,0,0
EQ-PM-04,100,72.94027841542194,0.10624308599741782,5.553191965174516,0.6934055013169663,12.12823149730048,0.3171921450407393,30,0,0
EQ-PM-04,101,73.14243350536445,0.1067093596794299,5.520351325901663,0.7396879648728159,13.534770141224735,0.30857812543018165,29,0,0
EQ-PM-04,102,73.11820545058214,0.11335066815078902,5.428756920712582,0.7777933371449669,13.199202802424416,0.29981687148018105,28,0,0
EQ-PM-04,103,73.68275854806787,0.11019638692752498,5.543698688847607,0.794834125218987,10.335546167700429,0.2719510953812345,27,0,0
EQ-PM-04,104,73.30075506776134,0.11570763533249416,5.389030026952877,0.6396050206951998,13.154182548418099,0.303753963420755,26,0,0
EQ-PM-04,105,74.50646912242229,0.11314097805476364,5.595475235909448,0.666672325189803,14.755862678517872,0.24366193576330408,25,0,0
EQ-PM-04,106,74.37180986225069,0.11426531297625014,5.546536956282371,0.7168484087936835,13.767741540939138,0.24384840585524378,24,0,0
EQ-PM-04,107,74.27782679856215,0.11764881133056995,5.467885453804903,0.6695731010444584,13.96364510570612,0.2515721850158927,23,0,0
EQ-PM-04,108,74.35075849696929,0.11858740522682712,5.424501311149561,0.8147773281133279,14.849576121167813,0.23669729881417784,22,0,0
EQ-PM-04,109,75.2718407266544,0.11159010602943074,5.377750123662298,0.6989144614161511,13.807482239212577,0.24707014816604045,21,0,0
EQ-PM-04,110,73.88144674008667,0.11359216798340482,5.490816563923151,0.9206850419397277,15.692119562327386,0.23499551116150508,20,1,0
EQ-PM-04,111,73.15799557854892,0.1193736745144334,5.639210715489556,0.6022368165660037,13.755689936933127,0.24552141598248162,19,1,0
EQ-PM-04,112,74.28356807316365,0.11768163980059473,5.41867203368421,0.8789687919305834,14.05727262210514,0.22432748744374614,18,1,0
EQ-PM-04,113,74.72855741592409,0.11778392226812272,5.5235552078041374,0.9497988629220087,12.035572573518255,0.187439256796476,17,1,0
EQ-PM-04,114,74.55275332627838,0.12347805110184927,5.420961167803505,0.7532578850605779,15.14547923642046,0.2099499330472327,16,1,0
EQ-PM-04,115,74.93083942961007,0.12870191906925002,5.372673986295152,0.9237569613331249,15.692075052990786,0.1749389724521288,15,1,0
EQ-PM-04,116,75.00618203550785,0.12691540319295982,5.712033107924692,0.9566647954355301,16.424125877418568,0.12063473764843069,14,1,0
EQ-PM-04,117,75.66461839510048,0.12215802628788446,5.583247211349202,0.8674338441334193,15.751160163665768,0.14161594284553036,13,1,0
EQ-PM-04,118,74.82866169579046,0.1260721944915248,5.801762805057669,0.8696120016386142,17.120226572040128,0.11704197732008277,12,1,0
EQ-PM-04,119,75.50550741388933,0.12911030450647984,5.505191934621415,1.0452439181007969,15.408794742933683,0.11675569055713542,11,1,0
EQ-PM-04,120,76.04055020286019,0.136120198960519,5.632880107661825,0.9649293596297103,16.807503861905605,0.07204080689650552,10,1,0
EQ-PM-04,121,75.12405252942486,0.13420273065049587,5.647747533001281,0.9743927470936616,13.638414426968458,0.0938781592678253,9,1,0
EQ-PM-04,122,75.26009902335471,0.13401907491523468,5.78575214246153,0.8140631409410589,17.002996294328756,0.08357609776164743,8,1,0
EQ-PM-04,123,75.77275695598638,0.12781063495299516,5.65154711430915,0.9795686877799791,16.409217988977762,0.08716864119811168,7,1,0
EQ-PM-04,124,75.49663730766234,0.14301759537561196,5.7976467849726445,0.8039456130268611,17.853818351428934,0.0490092805331505,6,1,0
EQ-PM-04,125,75.8110707506178,0.13975685457519726,5.637372219529286,1.0263539994890223,17.040454677057273,0.04840833493828074,5,1,0
EQ-PM-04,126,76.15817127885038,0.12921529404293258,5.670235429299666,1.065600847387524,14.42212670150884,0.05453824911541326,4,1,0
EQ-PM-04,127,75.64543475316485,0.13496695358375527,5.661456123207038,0.9245135529874728,17.078050442356204,0.06571083106708639,3,1,0
EQ-PM-04,128,75.71376554755582,0.13721710470772736,5.723015113419231,0.9660601838583187,16.525967213821033,0.04229636408616064,2,1,0
EQ-PM-04,129,76.00745580588462,0.13670407973029927,5.7607346253756635,1.1069841044905118,19.216298647135385,0.01379404352251895,1,1,0
EQ-PM-04,130,76.99096419441578,0.1358915871482305,5.709299568845019,1.0521363974100497,18.516012435498105,0.0017452867597471389,0,1,1
EQ-PM-05,0,66.12735751146575,0.05468483471676175,4.776050609185313,0.13477751336711624,2.89986457717286,0.9999925712850789,146,0,0
EQ-PM-05,1,66.24535323530725,0.058221525649310504,5.108083165987667,0.015548644382182591,0.8378485043492323,0.9479216939618371,145,0,0
EQ-PM-05,2,66.09544201282772,0.04979521822178845,5.02570228185801,0.1021925675884413,0.6571382192731021,0.9740307231174805,144,0,0
EQ-PM-05,3,65.8475471672613,0.058410184776698015,4.904425688132533,0.028753402183580884,2.701868902239711,0.9818288231947021,143,0,0
EQ-PM-05,4,66.6899857650518,0.05602926620605653,4.751454934551941,0.20786431786475534,3.691762196887129,0.969357415871542,142,0,0
EQ-PM-05,5,65.86894609126198,0.05238317855211745,5.057898360620519,0.18303303022403952,1.39818962385185,0.9531179814309477,141,0,0
EQ-PM-05,6,65.62459024399371,0.05017214204872029,4.960767506190994,0.13785419594950282,1.4226777666412975,0.9814447201890573,140,0,0
EQ-PM-05,7,66.34550959174172,0.04894174127387728,4.912419862998038,0.18669172618953447,2.7678453633158693,0.9664688716134321,139,0,0
EQ-PM-05,8,66.1230943705691,0.05743505724348534,4.9215551080775635,0.027429014213270292,4.7361078233466305,0.962954686380452,138,0,0
EQ-PM-05,9,65.71338807562513,0.05035349378730704,5.006050823164333,0.11430460360843275,4.169416013629616,0.9671420759179928,137,0,0
EQ-PM-05,10,65.64511238948208,0.052674587418108085,4.939504230986252,0.10255149166059296,5.829286806724736,0.9718062737420903,136,0,0
EQ-PM-05,11,66.42777161407484,0.053912300089947456,4.986180058538538,0.21330070048864777,0.4394824878599506,0.9286719561580518,135,0,0
EQ-PM-05,12,65.69409229653478,0.052291425184025075,4.8991714304455085,0.31446716587935786,4.0774840984795535,0.9516035137622701,134,0,0
EQ-PM-05,13,66.02902970477714,0.051056959288210496,4.935469329967475,0.14881996548742177,4.5773546994779055,0.9550390181326733,133,0,0
EQ-PM-05,14,65.97895946611565,0.051747791064784235,5.084778414294685,0.2599144239115011,4.683466889302062,0.9186606258923142,132,0,0
EQ-PM-05,15,65.99583880134371,0.05557225251806289,5.016337931756773,0.13467294215041523,4.381673239107038,0.929070449161239,131,0,0
EQ-PM-05,16,65.98364520030934,0.057514146673189256,4.78743410313283,0.26226848148684934,3.247837497624133,0.9436993138852579,130,0,0
EQ-PM-05,17,65.81009771002125,0.0455136111047344,4.871582536995553,0.0520847397209013,2.446758072201451,0.9840381888868108,129,0,0
EQ-PM-05,18,66.22188150328329,0.05990302585365243,4.825378662651001,0.3330104107907377,5.311454509238941,0.9142108109536915,128,0,0
EQ-PM-05,19,65.4087162071699,0.05144465575146175,4.832554256418081,0.21464983512678493,3.9233677492210197,0.9640483268393636,127,0,0
EQ-PM-05,20,65.6295405326966,0.05831983716677587,5.072383823493211,0.12403487196368367,4.3555095815101454,0.9120295661439789,126,0,0
EQ-PM-05,21,66.96458072992922,0.054936278795846664,5.087096687947868,0.10743863347009752,2.233092175305276,0.8841678910476737,125,0,0
EQ-PM-05,22,65.94320687378274,0.0566223420875371,5.093817804831214,0.2109337976876842,3.8941066553476356,0.8917321349938764,124,0,0
EQ-PM-05,23,66.39294155636942,0.056354510949708524,4.881173363937733,0.31991917271974313,3.961586899322392,0.8997592141306245,123,0,0
EQ-PM-05,24,66.93031443394764,0.0491412540383161,5.095135720140244,0.22533768544195476,4.208401675136496,0.8793245694930796,122,0,0
EQ-PM-05,25,65.5885810889981,0.048123574144192896,4.948757104861423,0.13401739362451723,6.116233281397179,0.9441036640517206,121,0,0
EQ-PM-05,26,66.44674028929941,0.054164970795428334,5.069834900641859,0.09373917342306153,3.9549372851948084,0.8910150847952065,120,0,0
EQ-PM-05,27,65.988794940167,0.05395493863099842,4.811808467777488,0.20305113000748848,2.1588678829453265,0.9283643079318321,119,0,0
EQ-PM-05,28,66.46652011257885,0.052223820137829356,5.049242670668117,0.1310587897367742,4.982593307510183,0.889935818173963,118,0,0
EQ-PM-05,29,66.89637134998604,0.0470056094528286,4.861112251659215,0.24416740322315983,1.2553937472931396,0.9067465051800093,117,0,0
EQ-PM-05,30,66.618727100142,0.05013259523577424,4.950416189575639,0.1628033609167312,3.5763809860188474,0.8982137002379529,116,0,0
EQ-PM-05,31,67.0595461173789,0.06407268323107415,4.969060752414354,0.3061155194418941,6.395593633444449,0.8328178442664845,115,0,0
EQ-PM-05,32,65.95313691359057,0.05892118179701953,4.925386004276714,0.16523471278042262,1.4735849144912492,0.8915988605591499,114,0,0
EQ-PM-05,33,66.82742786703656,0.0642974839470602,4.907288241289738,0.24098852491569367,4.310655342615981,0.849042854308445,113,0,0
EQ-PM-05,34,67.10838166787903,0.055176916527262636,5.035619292881875,0.012775948169580331,3.306185967325494,0.8659947674986955,112,0,0
EQ-PM-05,35,65.67899322503277,0.05663519938601791,4.852551620533617,0.157301771701692,2.5627751002386248,0.9086940796480186,111,0,0
EQ-PM-05,36,66.73556713953629,0.06482135894410058,4.9634526937224965,0.2671582968495165,3.1343495240097266,0.8317962591231369,110,0,0
EQ-PM-05,37,65.95306198425071,0.060758151556799554,5.125535724998288,0.19348826612613326,5.1302371169198615,0.842174194580526,109,0,0
EQ-PM-05,38,66.02089974114534,0.059795019885056026,5.068710312361566,0.2045470508163831,4.4772424813796174,0.8479067529900297,108,0,0
EQ-PM-05,39,65.88520473566457,0.05462013733153731,4.791126362619358,0.40373490864016864,5.178336552528746,0.8835578809158259,107,0,0
EQ-PM-05,40,66.21386526447613,0.06253415334591694,4.912545586744302,0.2459530007369379,3.826574052643368,0.850724374557197,106,0,0
EQ-PM-05,41,66.17683741457128,0.0642591285969489,5.186774580546194,0.20438030975886765,1.7038668584283179,0.8079632924307885,105,0,0
EQ-PM-05,42,66.95439734822264,0.06038597896270797,5.183225156025938,0.20153155851924376,6.760882329030243,0.7966271967031351,104,0,0
EQ-PM-05,43,66.49537301737256,0.055842061037807665,5.101929730859283,0.29819556506509226,4.122482084247566,0.8195932526330788,103,0,0
EQ-PM-05,44,66.22745860272173,0.06325929351287869,5.257071647844087,0.20963094669275206,6.8395953914716126,0.7909359458272129,102,0,0
EQ-PM-05,45,66.4124309473336,0.062293827040206,5.006497734429929,0.2136236097321092,4.676945044119822,0.8235148638278129,101,0,0
EQ-PM-05,46,66.33099209813119,0.06508151115847119,5.188794303187555,0.38055104452587046,0.5641560757765904,0.7721471356952176,100,0,0
EQ-PM-05,47,67.22607793778123,0.05618993241262842,4.788919078504018,0.19939391747494423,3.3910024771961202,0.8476986727022242,99,0,0
EQ-PM-05,48,66.07281742445785,0.0606260746683803,4.975181618466799,0.27060828129201225,4.661944021099418,0.8279817522458325,98,0,0
EQ-PM-05,49,66.51842136201633,0.06450784860117571,5.1905477356729675,0.29612187254682126,3.294824170700674,0.7698836819945033,97,0,0
EQ-PM-05,50,66.70955275837049,0.05614095397069922,5.236830513447823,0.13963766451633403,3.6055768814427274,0.7923313775246882,96,0,0
EQ-PM-05,51,67.06366456509696,0.06021232467157839,5.027652023561208,0.0650773548016407,5.691044115269872,0.8097356997848176,95,0,0
EQ-PM-05,52,67.71844362614938,0.060975883785397963,5.163640271632828,0.3186171828649204,5.1590638908076505,0.7433078451829145,94,0,0
EQ-PM-05,53,66.9722703237444,0.06292123632425826,5.111627977815115,0.32835703381474096,7.728291395554041,0.7615293950995907,93,0,0
EQ-PM-05,54,67.92886660174464,0.06535568533749718,5.107404554242138,0.24390295800533732,7.51102194814221,0.7382100264594014,92,0,0
EQ-PM-05,55,67.01945140781801,0.05635791380148809,5.224583342087734,0.2980325112267146,6.651918874013271,0.7580528013746402,91,0,0
EQ-PM-05,56,67.33783368916126,0.07264732009900086,5.0255172972330255,0.44447261805237603,6.760047001750814,0.7221883643689446,90,0,0
EQ-PM-05,57,67.15324703426403,0.06397846891763392,5.055337396478507,0.18469874935087616,5.965905343600966,0.767582270404148,89,0,0
EQ-PM-05,58,67.6872959221082,0.06484494813733015,5.044676762586947,0.4154407173897083,5.0305306292716505,0.7281924881646812,88,0,0
EQ-PM-05,59,67.45308184279087,0.06514287918993152,5.049805017319892,0.21715370587947985,2.964215585862033,0.7499652151832198,87,0,0
EQ-PM-05,60,67.85110093587708,0.06345105944233165,5.087328773562857,0.3624299239951348,6.998041306914205,0.7216908417030812,86,0,0
EQ-PM-05,61,67.77993910743109,0.07625032793680503,5.142013506739888,0.2477398002177486,7.177116458635483,0.6923407583052588,85,0,0
EQ-PM-05,62,68.14530861702048,0.06780161227841301,5.161066234242747,0.14689596612946887,5.1685219523761265,0.7091575237209308,84,0,0
EQ-PM-05,63,67.31469129952355,0.06565656597375286,5.330367622494158,0.34322348758530885,6.523091407751328,0.6878603517627361,83,0,0
EQ-PM-05,64,67.42414053202133,0.06140529441401194,5.281093438180902,0.2707430241320011,4.056690320440142,0.7079942135679905,82,0,0
EQ-PM-05,65,66.69609246031332,0.0680885685740254,5.107807529415427,0.3896112239927076,7.004629423853428,0.7211960360154349,81,0,0
EQ-PM-05,66,67.37248565795713,0.07264584602313601,5.1870620183484055,0.22436614277776434,5.308007998835645,0.6951320869591383,80,0,0
EQ-PM-05,67,66.85725687197986,0.07152598320308183,5.167452958861696,0.4163073136583411,5.136024238480843,0.6921624452196815,79,0,0
EQ-PM-05,68,68.09421684826061,0.07922250915667713,5.086564711210047,0.4853269832402201,8.726036427863669,0.6448311408442613,78,0,0
EQ-PM-05,69,66.99138133757799,0.07583877011321342,5.220989982296937,0.5128571008734231,7.9206612695260485,0.6555473135196597,77,0,0
EQ-PM-05,70,68.92836649699797,0.0679205903637845,5.050491843424021,0.39478770042413264,6.327623848140174,0.6619025345096264,76,0,0
EQ-PM-05,71,67.33462221058292,0.06994894477872896,5.107759648007216,0.287834992269556,4.512929790862579,0.6963830954866475,75,0,0
EQ-PM-05,72,68.20240700568142,0.07030834015336943,5.174862096099143,0.4349847642866375,6.612446339050174,0.6466123824831137,74,0,0
EQ-PM-05,73,67.8073558727891,0.06994087224683353,5.351084375613251,0.4704803588472424,6.6077094574123105,0.6250271689146121,73,0,0
EQ-PM-05,74,68.13491485912164,0.07140153583497481,5.207112754292358,0.3563323461384989,5.714116542590112,0.6437998194809813,72,0,0
EQ-PM-05,75,68.52076502002905,0.0712258952995891,5.2679323111662235,0.33737100193146397,8.115171335912155,0.6249686074124114,71,0,0
EQ-PM-05,76,67.79191115274394,0.08274658382729357,5.4041149978145375,0.38908356468909433,7.49258541673489,0.5863923132282952,70,0,0
EQ-PM-05,77,67.96484908677012,0.07102973275559359,5.195617040360167,0.40921568322654056,8.284871672451711,0.6382252140473292,69,0,0
EQ-PM-05,78,68.00487478426724,0.0764652023277243,5.155513509902835,0.21462316320515115,7.301094472568742,0.6467134189763403,68,0,0
EQ-PM-05,79,68.56557521951815,0.08276829082495551,5.315460527509676,0.48363302674589154,7.643070093546527,0.5636478875829167,67,0,0
EQ-PM-05,80,68.52238030722124,0.07895855467733214,5.388980989055698,0.4394456643689152,9.441584058570019,0.5652455074912198,66,0,0
EQ-PM-05,81,68.3257194138043,0.07807773799704684,5.352762815112215,0.45065279049543044,8.535275530636062,0.5742788247322549,65,0,0
EQ-PM-05,82,67.73947048229203,0.07977882839404647,5.263541272363903,0.4457504188985162,10.402151364957126,0.5961585303255278,64,0,0
EQ-PM-05,83,68.52110125297374,0.07682662464439181,5.454089137320173,0.4717388388287936,6.190913334162733,0.5504199884221812,63,0,0
EQ-PM-05,84,68.54478832278699,0.07205009821938918,5.2714501580934625,0.4252215503462935,6.188286135676723,0.5914194431976406,62,0,0
EQ-PM-05,85,68.61369194061845,0.08041192619725385,5.281863274754085,0.5278917784470779,9.389473337562634,0.5545660322240478,61,0,0
EQ-PM-05,86,68.67051771344941,0.08411665970909764,5.509954642909285,0.365857625172153,7.002575930686323,0.5234760039539041,60,0,0
EQ-PM-05,87,68.7971119412662,0.08617383263116411,5.200470973861046,0.6041616242763133,5.3385582003031935,0.5353631061261656,59,0,0
EQ-PM-05,88,68.50122758179602,0.08118302912515833,5.304288720657921,0.47130650359009924,10.12777149777448,0.5505528136530522,58,0,0
EQ-PM-05,89,69.38837526280987,0.08635263626277986,5.415557000144549,0.4460639959064751,7.897065066134849,0.4988868523550476,57,0,0
EQ-PM-05,90,69.6934606824014,0.08437981228595116,5.2741197598560134,0.39914043895675066,9.760293911729047,0.5197024582716113,56,0,0
EQ-PM-05,91,68.36304771898608,0.081866334760156,5.393577130524726,0.47692553521587316,7.794237087437995,0.5311521006712904,55,0,0
EQ-PM-05,92,68.90936075427602,0.083365206898432,5.34313223966671,0.4480612157024659,8.557960426472453,0.5218029997494222,54,0,0
EQ-PM-05,93,69.12739268008781,0.08497152414460338,5.377992929708042,0.4111393039939795,10.11940169735033,0.5084022358793755,53,0,0
EQ-PM-05,94,69.79057608560163,0.08569339937177278,5.566708731003201,0.44011283124478595,7.752837753731416,0.4564159794802794,52,0,0
EQ-PM-05,95,68.48898852636543,0.0880090263925779,5.212746231217293,0.5422636630096568,11.351789176296045,0.523648632426598,51,0,0
EQ-PM-05,96,68.42702466447221,0.09461610372512724,5.312009781874371,0.4548949125242266,11.09902153374513,0.5001301178185639,50,0,0
EQ-PM-05,97,69.51795744132512,0.09016994723432523,5.402959494639713,0.6317783190319721,10.481303625536128,0.45024413178469774,49,0,0
EQ-PM-05,98,70.29039162160987,0.0861658062878597,5.490959220957428,0.518003441022867,8.240967777257485,0.4367238982230235,48,0,0
EQ-PM-05,99,68.89753101461494,0.0882016477551249,5.660125160168893,0.5882069308271018,9.74878045503634,0.4316633095936178,47,0,0
EQ-PM-05,100,69.34047436880634,0.0832044540150914,5.359759658445332,0.553821264932772,8.412060651580065,0.47917884166291114,46,0,0
EQ-PM-05,101,70.22740259421364,0.09291031269213977,5.438668439167235,0.6348536367811387,7.994769951089812,0.410404174768013,45,0,0
EQ-PM-05,102,70.29789108975228,0.09352340243257035,5.3428742393741215,0.6153966634841492,11.050707773614743,0.4210268050531638,44,0,0
EQ-PM-05,103,70.52784776400294,0.0950775696453852,5.410437956142561,0.5499879381981083,11.75126589538654,0.40540152490422593,43,0,0
EQ-PM-05,104,70.27675167454302,0.0929280012331229,5.491606791041068,0.705017879309186,11.843480642335093,0.3869772685515232,42,0,0
EQ-PM-05,105,70.3645730624986,0.0978568162362988,5.668380105066101,0.5950486166123633,12.715405180517969,0.354543365236649,41,0,0
EQ-PM-05,106,69.61983331094555,0.09952237400907667,5.562244263349097,0.5387336634522447,11.433217177149507,0.38815257589312024,40,0,0
EQ-PM-05,107,70.20863029235785,0.09131966671587825,5.386900533423861,0.603104148418189,9.54557272726557,0.41140667030902695,39,0,0
EQ-PM-05,108,69.9451315304819,0.09461295381154854,5.508508727397551,0.592418032529715,10.648807445404271,0.39019104383557135,38,0,0
EQ-PM-05,109,70.55316664352331,0.09908334459914703,5.486823048452808,0.6399607766075277,9.089791186122014,0.35991550620049745,37,0,0
EQ-PM-05,110,71.19202441112039,0.092455205397064,5.657806895249335,0.6022147631266069,13.479899758432866,0.3362441740704185,36,0,0
EQ-PM-05,111,71.17450533675476,0.10680493222956053,5.395827945762643,0.6404820655221857,13.23983902530337,0.3338806857577912,35,0,0
EQ-PM-05,112,70.92791475835892,0.09871468902095702,5.543235555567189,0.7210864921687618,14.136037319801968,0.32770221382988385,34,0,0
EQ-PM-05,113,71.44728170849133,0.10104989179150331,5.542810886627142,0.6487727316679309,12.320634720864254,0.31377784926732544,33,0,0
EQ-PM-05,114,71.2720445965323,0.10209934190759844,5.376420084059937,0.6977019269350865,12.204115075537391,0.33320359236045605,32,0,0
EQ-PM-05,115,71.52311796673354,0.10539096431942167,5.511814667073165,0.7613882885872064,14.315392136160831,0.2896226181846982,31,0,0
EQ-PM-05,116,70.990246632594,0.1056043833057623,5.720758819587572,0.6880278044911213,13.209423783520782,0.2760080193308101,30,0,0
EQ-PM-05,117,71.13255106533255,0.10601493106406279,5.613883955151142,0.6006137290090735,13.159109844029063,0.2937994160562917,29,0,0
EQ-PM-05,118,72.01973018945142,0.10843942245711717,5.653082366532156,0.6865808336059758,17.142914774185268,0.24868497702986886,28,0,0
EQ-PM-05,119,71.00535550736237,0.10482551444952473,5.623269511133212,0.7285992621471413,11.724475479629554,0.2809519392828288,27,0,0
EQ-PM-05,120,71.17877861988684,0.11282602982523514,5.6288922160880475,0.8206136395292394,13.063601497256904,0.24417296927503312,26,0,0
EQ-PM-05,121,71.96099829068812,0.11073089688823397,5.696203594267685,0.6602586696962076,11.535792113640353,0.2333968398298889,25,0,0
EQ-PM-05,122,70.72852546439746,0.10686065434868995,5.660327190472485,0.7266745816763351,12.690605010279986,0.2702268759333102,24,0,0
EQ-PM-05,123,70.75349240233486,0.1081492146546181,5.4305354204646115,0.9143630040797562,12.063465809576956,0.2796839647069213,23,0,0
EQ-PM-05,124,72.39816581655441,0.10768362245774098,5.619569563723544,0.6622367184981643,15.922385878859364,0.23419135663897206,22,0,0
EQ-PM-05,125,70.99514990986614,0.10814417065112952,5.752936451088114,0.7094277981285944,12.625146317248555,0.24099398248100629,21,0,0
EQ-PM-05,126,71.82690025129473,0.10560716139729572,5.648180969775873,0.7007945218184506,13.016259039182266,0.2407221366337539,20,1,0
EQ-PM-05,127,71.09753954326032,0.11159796405038108,5.7115495176278825,0.9686205204692645,12.45392524533794,0.20529400538504528,19,1,0
EQ-PM-05,128,71.77912048448445,0.11344520600671332,5.732898029850558,0.9589481213335731,12.087421507853533,0.17900407976980665,18,1,0
EQ-PM-05,129,71.34584178494265,0.11634089818131284,5.64076637614962,0.7998170724003342,15.65397094321402,0.20993240949634487,17,1,0
EQ-PM-05,130,71.19733024488077,0.12133116014317451,5.7018533057182035,0.7616645064196955,13.066013988557408,0.19342449998204134,16,1,0
EQ-PM-05,131,72.10942352803076,0.11798302609501475,5.911277455845095,0.8625571618044195,13.097158563695231,0.13509235469221237,15,1,0
EQ-PM-05,132,72.11071709466607,0.11831517186431297,5.722059674410825,0.8498326354867688,10.670705847991542,0.16148751067601705,14,1,0
EQ-PM-05,133,72.76977665404362,0.11765559366493222,5.697811758173471,0.9115863026230853,15.315920999667162,0.14172452763802895,13,1,0
EQ-PM-05,134,72.38756057161434,0.11187349539628089,5.459645382928795,0.9239323185469133,15.162147362250614,0.1978282697907353,12,1,0
EQ-PM-05,135,73.42236769186779,0.12348584757702483,5.870136314581423,0.9966569033465417,12.90734672982745,0.07168385283070969,11,1,0
EQ-PM-05,136,73.69855187562692,0.12714293964810278,5.888123738684511,0.9737420081039744,14.447956080198189,0.0528326336938576,10,1,0
EQ-PM-05,137,73.32266212733151,0.12616759889921295,5.759987144953698,1.0550368571335627,15.485387300634383,0.07336197315615786,9,1,0
EQ-PM-05,138,73.39099022761386,0.12375196462462289,5.914634157615748,0.8831914592731376,15.106084296590277,0.06928308394833663,8,1,0
EQ-PM-05,139,72.83791629032788,0.12038612699936924,5.730737441511464,0.9416205912733591,17.53887099597956,0.110868860385268,7,1,0
EQ-PM-05,140,73.61604500665682,0.12419759630339339,5.7620236562320635,0.8965053784144413,17.763102705564087,0.07930829802081349,6,1,0
EQ-PM-05,141,73.5395229614375,0.13171737563589309,5.901251208295488,1.0057204569728992,16.01440853120783,0.02821899988071523,5,1,0
EQ-PM-05,142,73.86158471974781,0.12982009749255652,5.88996790942367,0.9313019509347186,17.63860575977843,0.03164773644191701,4,1,0
EQ-PM-05,143,74.25307051908601,0.12576705200048038,6.009830531955913,1.0220102540284832,15.732077169784446,0.002545721225466882,3,1,0
EQ-PM-05,144,73.424552102687,0.13020217035463674,5.823911412122339,0.9047327700229262,17.153041537857938,0.04938924185167043,2,1,0
EQ-PM-05,145,73.67784999779423,0.13421997638805214,5.722208499790571,1.0938501342869544,18.902340099887542,0.02695871953984111,1,1,0
EQ-PM-05,146,74.02775759451166,0.1344125459898626,5.953570576672133,0.9697851123018081,18.521882830976452,0.0,0,1,1
EQ-PM-06,0,64.5392892945954,0.045872160353520305,4.7750692052785535,0.17296208291865303,2.5268039026443714,1.0,115,0,0
EQ-PM-06,1,65.05148333171081,0.05192656658479152,4.79425136828998,0.25342338840408296,2.8729692517373597,0.9944668803849822,114,0,0
EQ-PM-06,2,65.31578606432055,0.046180373779646434,4.781573206730998,0.24300353530613855,4.43490514618735,1.0,113,0,0
EQ-PM-06,3,65.28879845544844,0.05248979526252149,4.824237780625701,0.0753288865223483,1.90907498353962,0.9943504624132931,112,0,0
EQ-PM-06,4,65.34722093933216,0.05164596991280917,5.0559803300204536,0.2244828369927097,2.5438494388458914,0.9422792079733621,111,0,0
EQ-PM-06,5,65.07347945274151,0.0480763409436081,4.55463914183527,0.2213766050050476,4.056009299448306,1.0,110,0,0
EQ-PM-06,6,64.90649181244615,0.06038165312790209,4.844686527762927,0.11576400974816717,2.805501912765483,0.9679372246491242,109,0,0
EQ-PM-06,7,64.67816340608961,0.051419909625248075,4.817381748697961,0.23457355694547793,1.9663853081616705,0.9852210774438172,108,0,0
EQ-PM-06,8,65.89427209647076,0.04592723842070194,4.976103567991772,0.19264483737117208,4.3640130644068105,0.945891158998143,107,0,0
EQ-PM-06,9,65.93817125301716,0.04361399792339485,5.025479074883494,0.11836168710518698,3.410249383077482,0.9475552920597213,106,0,0
EQ-PM-06,10,64.99577069443521,0.05388499634304917,4.8964808170382605,0.1413751757408948,5.609630243460652,0.959442721527479,105,0,0
EQ-PM-06,11,65.84886473678758,0.047180209737181615,5.051119770092993,0.14552314079667758,4.260733825974169,0.9282232192586811,104,0,0
EQ-PM-06,12,65.19998347505735,0.058680456437228926,4.932642545122715,0.1140637273614806,1.8601183109781918,0.9335686808800101,103,0,0
EQ-PM-06,13,64.97343115620014,0.05516550872097424,4.900562014988711,0.19526993366223233,3.102312228450244,0.9416678387712333,102,0,0
EQ-PM-06,14,65.46982972490373,0.053287384096287665,4.982986773490172,0.01981927558157534,3.1144565574314735,0.9360910598873367,101,0,0
EQ-PM-06,15,65.46948804687923,0.05154035870823604,4.930269219733915,0.21273640017346718,3.5684302458321007,0.9260396076514581,100,0,0
EQ-PM-06,16,65.91417768679213,0.05977718527682998,4.947646150980767,0.18764526997944608,0.5628161753380612,0.8911893953036554,99,0,0
EQ-PM-06,17,65.73350911748217,0.054515366714325116,5.0718234146584695,0.143560413747374,0.8519444251914683,0.8915990737533489,98,0,0
EQ-PM-06,18,66.39822200236328,0.057742181482806625,5.031127129453135,0.08099874533250355,4.2561738202464925,0.8762313460715349,97,0,0
EQ-PM-06,19,65.6331316140031,0.05981137401150913,5.071543967082699,0.27065069121759,4.078329365149678,0.8621144259649703,96,0,0
EQ-PM-06,20,65.06903087993992,0.05287922997383887,4.953950483902147,0.1911237491495858,4.021024890331629,0.9160955428337395,95,0,0
EQ-PM-06,21,65.15084668805675,0.05088152151681957,4.897796002300904,0.14256306867687252,5.193220008827526,0.9292801807999551,94,0,0
EQ-PM-06,22,65.0018942165823,0.055133637915624006,4.979876626738308,0.27434774063110146,3.783527805129963,0.8938396624679021,93,0,0
EQ-PM-06,23,65.44084164372903,0.05379106517214588,5.111743142316448,0.24650294671824616,4.594815423752474,0.8661834324416241,92,0,0
EQ-PM-06,24,65.26393534986404,0.05103359359415563,4.935036310756568,0.31966322862862506,2.608191224464557,0.893646287015299,91,0,0
EQ-PM-06,25,65.77150428093286,0.050476127966177765,4.906471378828551,0.14473011942020203,6.535113773981024,0.9010853002576985,90,0,0
EQ-PM-06,26,66.11343924379105,0.04774184530005875,4.826360963571546,0.134728935990628,4.3577994158810895,0.9093458352221798,89,0,0
EQ-PM-06,27,65.8079187258857,0.0556360959555903,4.991374829127858,0.15969898772845237,5.919970948199926,0.8669556582628859,88,0,0
EQ-PM-06,28,65.61643103843656,0.05635846088201129,4.9835506402094785,0.1404769987707249,4.121355399735269,0.8699892871057222,87,0,0
EQ-PM-06,29,65.82992471898929,0.05655135252552646,5.0011889742280555,0.36304537153159266,3.3293250651358104,0.8362236503433731,86,0,0
EQ-PM-06,30,65.36436019089307,0.055530257420497824,4.795019906510496,0.3940556136915092,4.874207149855867,0.8751963589891228,85,0,0
EQ-PM-06,31,66.05913686783978,0.05776154765688951,4.951128043249052,0.320065780830653,3.639819971613052,0.8331880009889083,84,0,0
EQ-PM-06,32,65.71500714493398,0.0546481136882245,4.999612816439138,0.2120196426182257,2.393227816767258,0.8500632485650764,83,0,0
EQ-PM-06,33,66.05367265542868,0.06031945211338597,4.9968928828404,0.3376424776262201,4.5927030342816755,0.8122204930179469,82,0,0
EQ-PM-06,34,65.97354499555613,0.05627232885917205,5.04809920034171,0.3357546290928757,4.432510261850899,0.8138058516175638,81,0,0
EQ-PM-06,35,66.3029132795265,0.058765934556161095,5.187080108704975,0.3165229361613012,3.0546613729635284,0.77737018505363,80,0,0
EQ-PM-06,36,65.92441918793484,0.05656828835579399,5.0726132000460025,0.13840931537525508,7.789408451445981,0.82426457296092,79,0,0
EQ-PM-06,37,65.91563428611244,0.05498953797934266,5.145663905866245,0.27328932732022415,4.299474488897931,0.8009419861192056,78,0,0
EQ-PM-06,38,66.82584097153818,0.062282715091595775,5.191768930037021,0.28353412317980226,4.848628027887898,0.7489701647304854,77,0,0
EQ-PM-06,39,65.59487560928707,0.059022713107991905,5.238244882466656,0.3903592236846688,4.961105661697428,0.7671969225699714,76,0,0
EQ-PM-06,40,66.12713372655003,0.05813803356632065,5.071755345524253,0.2531729475499624,6.337558939427295,0.7917507483865374,75,0,0
EQ-PM-06,41,66.84600553153226,0.05677529122102914,5.296053137650805,0.32117538229152226,5.176604557060901,0.733697418571202,74,0,0
EQ-PM-06,42,67.05156699924278,0.06414175788504019,5.183162906104732,0.40164054385383385,3.947445632900396,0.7159857555332214,73,0,0
EQ-PM-06,43,66.90023791687939,0.06465286356552191,5.120836029197869,0.2607104100618046,7.332883184653937,0.7388897850454648,72,0,0
EQ-PM-06,44,66.51653600988,0.06089981763956648,4.9997297708400845,0.2007820147225951,5.398932522643586,0.7789802475620572,71,0,0
EQ-PM-06,45,67.40303244707485,0.07022167309543047,5.346593939322545,0.3699893277962901,5.727677851521488,0.6615193631519178,70,0,0
EQ-PM-06,46,66.35983249766198,0.05711986540354912,4.696462752612601,0.38687098649943424,5.899540323987777,0.8131419149922504,69,0,0
EQ-PM-06,47,66.20632134910615,0.06463292819314796,5.003948648211006,0.444672251185736,3.4933925954262732,0.7432505476628887,68,0,0
EQ-PM-06,48,67.17769839191497,0.0665864233770733,4.997431016837166,0.15690713820780453,6.815001527804284,0.7407930613758543,67,0,0
EQ-PM-06,49,67.23224139327887,0.06938089881832982,5.194519231873335,0.307001337551899,4.7071120549718755,0.6848271672879113,66,0,0
EQ-PM-06,50,66.73372302535901,0.0633612254396292,5.133823215361556,0.3159290086752017,5.131585835290319,0.7175074670362263,65,0,0
EQ-PM-06,51,67.54391512145249,0.0609705483899633,4.889663345992399,0.34928766337887035,5.862263314847698,0.7334739939321915,64,0,0
EQ-PM-06,52,66.6524637849903,0.06675258887189076,5.176403821711772,0.34500416762294983,4.341547897211564,0.6956789760957439,63,0,0
EQ-PM-06,53,66.80337877284421,0.07618362665183659,5.242344642460113,0.3634446126843902,7.287741962039513,0.6535498610702667,62,0,0
EQ-PM-06,54,67.60105642693868,0.07563045517821561,5.198934169994286,0.1956115772576828,8.392618838136634,0.6552422445536327,61,0,0
EQ-PM-06,55,67.10698483438216,0.07213267202317315,5.0254836854927465,0.26281954146630665,9.42445578433707,0.6925917902486507,60,0,0
EQ-PM-06,56,67.44934765313697,0.07066053833731106,5.166038207114072,0.32797105143841554,3.218983709819523,0.6570712464931565,59,0,0
EQ-PM-06,57,67.63529572462723,0.07238853322605854,4.981737063993161,0.2940468444195661,4.969628116602478,0.6760966713931834,58,0,0
EQ-PM-06,58,67.48912596633232,0.07368309592963308,5.351307069574488,0.3976429809705602,7.863846958537092,0.6076759158384516,57,0,0
EQ-PM-06,59,66.75374554517569,0.0799290388833984,5.254870962757751,0.31101408536825315,6.675284027865119,0.6305303963048259,56,0,0
EQ-PM-06,60,68.10381642111867,0.07260757401515952,5.212651116200296,0.5120418656749834,7.377590390040163,0.5982690072689244,55,0,0
EQ-PM-06,61,67.58984226659562,0.07890162134701609,5.350982469085325,0.5418453541359735,5.89086861303912,0.5686097127626359,54,0,0
EQ-PM-06,62,67.87676616638797,0.0791195611236804,5.2561653557294,0.38489968778068007,9.484325662935671,0.5877654212042152,53,0,0
EQ-PM-06,63,68.23706113212776,0.07649177209492466,5.308764608034625,0.3310633880573446,8.257696043700754,0.5797777834982897,52,0,0
EQ-PM-06,64,67.59103319061155,0.07741938186581057,5.308173195218983,0.38492024466152874,9.110244315061067,0.5852690056100387,51,0,0
EQ-PM-06,65,67.41468775641125,0.08051761500293886,5.160513287342578,0.38807639327169446,9.115827478169802,0.6007219516818001,50,0,0
EQ-PM-06,66,68.3788924685094,0.0827125420467536,5.296707890605777,0.5071744342223985,10.361423155961964,0.5357470434243895,49,0,0
EQ-PM-06,67,68.04164646112275,0.08262691969139149,5.325866699445401,0.41252887582660475,5.842439373493968,0.5464395057502275,48,0,0
EQ-PM-06,68,66.9410968309388,0.08278016920360544,5.357087816115104,0.3453260116769471,8.742689057339705,0.5725637633779319,47,0,0
EQ-PM-06,69,67.87427817933728,0.07489971207382054,5.494836598677919,0.44887421642876635,7.484092949975075,0.5348747563719586,46,0,0
EQ-PM-06,70,68.10645913661232,0.0842846257178015,5.4462278574941125,0.39151429848785313,7.47355523625052,0.515591773040923,45,0,0
EQ-PM-06,71,68.9748502760019,0.07872388772248097,5.199861837945337,0.5484657009028613,8.143126335144213,0.5260001239744305,44,0,0
EQ-PM-06,72,68.36982760348779,0.08264570706527287,5.17085155308781,0.5707750394918689,7.600065348447721,0.5303982730391623,43,0,0
EQ-PM-06,73,69.38009440425157,0.08282011217996228,5.167609710437077,0.5961983282652316,10.928728328230202,0.4996060594927486,42,0,0
EQ-PM-06,74,68.95032441974614,0.08274356411622295,5.317162461031728,0.48727965550019,9.086929357443307,0.4959571556911695,41,0,0
EQ-PM-06,75,69.57699297797188,0.0837615082080755,5.447390940511502,0.6604412017347803,8.451277093596353,0.4378516766995997,40,0,0
EQ-PM-06,76,69.45836069863469,0.08714735572140377,5.362622218360965,0.45172990015792364,7.842829719386298,0.46289582511910576,39,0,0
EQ-PM-06,77,68.86410674731157,0.0908602289484134,5.271392025000668,0.5668464105667423,11.158301128062234,0.46759939053695265,38,0,0
EQ-PM-06,78,68.79999766762889,0.09216026855869033,5.448146021807926,0.4954966732160881,12.493346087542477,0.4435304144564346,37,0,0
EQ-PM-06,79,69.76406237519896,0.09500339515669637,5.451089693670888,0.5698224773483874,10.983809033567061,0.40140337081862376,36,0,0
EQ-PM-06,80,69.63352890234258,0.09598701373662943,5.379493933206072,0.6675300789292425,10.237542715346313,0.40013278684096826,35,0,0
EQ-PM-06,81,69.22550218159108,0.0926396962692501,5.56818272807792,0.5923991949165927,10.36693307479795,0.394868039437822,34,0,0
EQ-PM-06,82,69.83675290563126,0.09279731900558147,5.440945306227853,0.6781903492035611,12.509986355803289,0.3866557340839328,33,0,0
EQ-PM-06,83,69.18399157237576,0.0937258395191122,5.231225061813428,0.6902294517910791,10.512769656208558,0.4278641142740357,32,0,0
EQ-PM-06,84,69.61243440110232,0.09555761403336487,5.4097012955012715,0.6630397625900788,10.566343119725733,0.38547766287629415,31,0,0
EQ-PM-06,85,69.30556347783245,0.09508063384870516,5.5697563772396474,0.557446671124425,11.002393247239851,0.3778494550446295,30,0,0
EQ-PM-06,86,69.57168445583687,0.09720393010329602,5.66955588242134,0.6922947442647898,10.74842752440127,0.3343899786058819,29,0,0
EQ-PM-06,87,69.35147175057448,0.0997573123904909,5.4688026088697335,0.7317023750412555,11.062567609071085,0.3566405902136795,28,0,0
EQ-PM-06,88,70.75188730744408,0.09627343699412538,5.529225369499103,0.6513754962303121,11.483996323901223,0.32626568530867267,27,0,0
EQ-PM-06,89,70.45063494438355,0.09749966433610524,5.554200342419909,0.863679591402709,10.181136188321371,0.3027112923140059,26,0,0
EQ-PM-06,90,69.72229951815582,0.10031464907045862,5.66007648218644,0.718547215755505,14.13544501490077,0.3094705544726869,25,0,0
EQ-PM-06,91,70.478807709944,0.10222831399578731,5.303913825588141,0.6764753086123687,12.054721802092367,0.3403617983078498,24,0,0
EQ-PM-06,92,70.23182512463731,0.1034405426396135,5.691226877295285,0.7539092982030208,11.289673701718819,0.27462195635494496,23,0,0
EQ-PM-06,93,70.62072825241844,0.10502818735545184,5.495663769900192,0.7426954378177508,14.537112666824594,0.28834264025774226,22,0,0
EQ-PM-06,94,71.05337258380357,0.10749002817956037,5.603972193682968,0.677717647708612,13.255146833158207,0.2585799670954706,21,0,0
EQ-PM-06,95,71.09039193438815,0.11113276687981924,5.794991983368304,0.778591775604092,14.476859567564382,0.20676377707699095,20,1,0
EQ-PM-06,96,70.80041184230252,0.10089170084828226,5.712543506200267,0.7569408000447453,15.191883855981656,0.2511048353282449,19,1,0
EQ-PM-06,97,70.78934796740327,0.10306861143716282,5.574404883062148,0.806920916030624,15.077583772537668,0.258618459339785,18,1,0
EQ-PM-06,98,71.2000662615288,0.10708397107222767,5.743839890030983,0.8309054865224113,12.793878013610449,0.2074549165436113,17,1,0
EQ-PM-06,99,71.3698970545199,0.11459572563488582,5.886226143652768,0.6405862409635179,12.240025510980866,0.17906026856394053,16,1,0
EQ-PM-06,100,71.25449570959333,0.1103224953641359,5.419179933547968,0.8094023153658547,14.775458668084864,0.2427602236785963,15,1,0
EQ-PM-06,101,71.74288805847353,0.11225532764841682,5.810520975813312,0.6404330401438127,15.415519166602236,0.18087062716742203,14,1,0
EQ-PM-06,102,72.24034672764947,0.11530012037456336,5.705668941868859,0.9198882671718823,15.797141560015444,0.14556098275064866,13,1,0
EQ-PM-06,103,72.44663331806127,0.11495017162938098,5.878839897421935,0.8349438092372404,15.402904228787516,0.12075401405294248,12,1,0
EQ-PM-06,104,72.39414256169303,0.11842365605889169,5.862631005073649,1.0079367638116465,14.45819982351237,0.09547113202230459,11,1,0
EQ-PM-06,105,72.01713012658573,0.1200619157507862,5.567701791279992,0.9897568546914317,15.069445002272946,0.1438146883904513,10,1,0
EQ-PM-06,106,71.91327833292823,0.11264994689632808,5.725745057343721,0.92398723329127,16.55221533294526,0.1447678993376214,9,1,0
EQ-PM-06,107,72.46591740857241,0.11793657215592936,5.7514831652848795,0.9032977735983272,14.548500406879011,0.11290011081476467,8,1,0
EQ-PM-06,108,71.91105500220364,0.11767696739914264,5.654550900740735,1.041993788677307,15.32207324320585,0.12504744277880475,7,1,0
EQ-PM-06,109,72.92396268338466,0.12205470070347585,6.047326391449085,1.0339142571024738,15.79377386589797,0.02762856877880769,6,1,0
EQ-PM-06,110,73.29817984039555,0.1338789995834297,5.891042636320121,0.9458573616498697,16.05552393865788,0.017917167207386037,5,1,0
EQ-PM-06,111,73.53145018513084,0.1258753442335464,6.031091869638619,1.1874014658099639,17.157497126281296,0.0,4,1,0
EQ-PM-06,112,74.19763160000402,0.13157452039860704,5.673585312358312,0.9711898861863425,15.765289021438443,0.025190460798116085,3,1,0
EQ-PM-06,113,73.87042004391587,0.12933016423936092,5.49402299513714,1.0053341996527936,16.388607881835373,0.059458078074096005,2,1,0
EQ-PM-06,114,73.77261935201724,0.12624041542656156,5.952916101294013,1.1458567528406316,14.639604865712672,0.0,1,1,0
EQ-PM-06,115,72.79871965852801,0.12541779648382398,6.009930866526234,1.2390401016329176,21.307013550043695,0.0,0,1,1
EQ-PM-07,0,66.1439985296935,0.05987064718064979,4.798708990580827,0.20814733095552512,5.7159851721601145,0.9629312054237726,126,0,0
EQ-PM-07,1,65.76473713163693,0.053423356015131616,4.498593481242686,0.3707105395288406,2.0710673996315134,1.0,125,0,0
EQ-PM-07,2,66.94501341380082,0.05394411513718175,4.786836132239131,0.18654341927672186,5.602784634562431,0.956107927793339,124,0,0
EQ-PM-07,3,66.08888856239001,0.06092667435115885,4.606855128301401,0.14565967147431924,3.8492487770767267,0.9883623986367883,123,0,0
EQ-PM-07,4,66.71710648973504,0.05115940236377158,4.877954533601986,0.22948175512459118,5.661783234542719,0.9452502334837382,122,0,0
EQ-PM-07,5,65.5525970734048,0.055820240141360306,4.952349392933521,0.1009196131539526,1.2639780822085132,0.9616300819675783,121,0,0
EQ-PM-07,6,65.59698805155547,0.05516708786192775,4.840413308815631,0.18888684959551205,2.6249072078054976,0.9673690994081429,120,0,0
EQ-PM-07,7,65.33880743526848,0.059651503250538356,4.671286930356152,0.08434756343388324,1.7830207587542592,0.9956576839510979,119,0,0
EQ-PM-07,8,66.50442983850513,0.05807284626483399,4.728147332495016,0.1852658789196005,0.4416558201481746,0.9490650966872632,118,0,0
EQ-PM-07,9,65.64992026546601,0.060257025361026555,4.769108297131759,0.21214389923528662,0.8129870430185924,0.9533576637679022,117,0,0
EQ-PM-07,10,66.19086359731821,0.05713222891688042,4.641396266886766,0.1500790637538774,4.683322085031405,0.9702315818890744,116,0,0
EQ-PM-07,11,66.49792660563793,0.06204931139799677,4.844550511596639,0.2314240323955165,3.280895619616444,0.9088768891298682,115,0,0
EQ-PM-07,12,66.29198804531198,0.05075232557017476,4.757092498039167,0.16018758265633176,3.874681713684068,0.9597323869373332,114,0,0
EQ-PM-07,13,66.70351277053358,0.05753374095068083,4.802905679097903,0.20370320457845387,1.284786632339665,0.9184894132267277,113,0,0
EQ-PM-07,14,67.13556631829607,0.057639635727886204,4.750095860182125,0.18169568290495886,4.432396826313714,0.9147677848165906,112,0,0
EQ-PM-07,15,65.91347743872873,0.053075794433026444,4.675714413159301,0.342571328828739,5.110732505876136,0.9490214847261912,111,0,0
EQ-PM-07,16,66.92450850784118,0.06334843234525094,4.807529416038541,0.16654952334400888,2.846868317408913,0.893116265556628,110,0,0
EQ-PM-07,17,65.68910019210935,0.06002182147636749,4.652775444061084,0.0766640885571034,4.128362772050489,0.9617418621196637,109,0,0
EQ-PM-07,18,65.86957917927799,0.06020542655476474,4.765474049155036,0.2448879317058098,1.736326998559338,0.9202659218877133,108,0,0
EQ-PM-07,19,66.25690621085596,0.05819906168705248,4.955052168657135,0.11955786556056927,3.62716376336486,0.8969171691789762,107,0,0
EQ-PM-07,20,65.90560225051047,0.06251582179795796,4.75641917414155,0.22674934533554952,3.9404233142663716,0.9112058913324116,106,0,0
EQ-PM-07,21,66.23060565448625,0.06062197142750329,4.632765066606638,0.11776257696222658,4.586607570375056,0.9344844473489451,105,0,0
EQ-PM-07,22,66.22670517495379,0.06255588679766917,4.769799701259266,0.22832255444179883,2.7907189965885273,0.8953582001882128,104,0,0
EQ-PM-07,23,66.4780731673044,0.05918440265153286,4.8544131510977735,0.23167377200941897,4.074895474818591,0.8816977937344723,103,0,0
EQ-PM-07,24,66.48241945353926,0.059597054445943855,4.987304926475766,0.2484697838081323,2.1993529659173214,0.8561663618282251,102,0,0
EQ-PM-07,25,66.35242477413021,0.06094290721843604,4.640016469666641,0.24513337518492131,0.21995862533738997,0.9057007284881332,101,0,0
EQ-PM-07,26,67.36851035016926,0.06206875872315448,4.892735113938568,0.1868809697667526,4.741266620206018,0.8426236264486109,100,0,0
EQ-PM-07,27,66.48520460026594,0.06114020037815034,4.919355558267148,0.16721470884775586,5.0270299991317895,0.862223447723539,99,0,0
EQ-PM-07,28,67.35397992714378,0.059482915252093455,4.5499767138828595,0.15846650076493868,4.845170793666037,0.8981511470548825,98,0,0
EQ-PM-07,29,66.27819752407069,0.0631401157132118,4.851450130164733,0.18290141867565468,3.978128075844562,0.8654604239677836,97,0,0
EQ-PM-07,30,66.40336766057419,0.058220165463106155,4.625124305956071,0.15677308684424418,1.5816392925236626,0.9084149752171228,96,0,0
EQ-PM-07,31,67.29519351759723,0.0638396519444445,4.985546319481737,0.033525725876684204,3.672435127748677,0.8275542688783292,95,0,0
EQ-PM-07,32,67.59020794668326,0.06224646928816674,4.827842072454853,0.08915370233745555,4.358440019205325,0.8394769264220503,94,0,0
EQ-PM-07,33,67.04765886998048,0.07101068889015814,4.681307468888198,0.10685233866217742,4.48304941771615,0.8485626534593897,93,0,0
EQ-PM-07,34,67.3167916052052,0.060222253810829504,4.8767109867837375,0.2859530798051984,3.5176372114199577,0.8188070432006828,92,0,0
EQ-PM-07,35,66.27606821877706,0.0629040129265056,4.823990761844726,0.40348377567682325,4.1229918444058535,0.8314979164481076,91,0,0
EQ-PM-07,36,65.74978660373486,0.06027083151792197,5.028735245470641,0.2400940051545465,1.7217994276498887,0.8340874370761839,90,0,0
EQ-PM-07,37,66.30485285190626,0.06794922947322642,4.938855175024374,0.2301099170730769,2.832616920088034,0.8127174275809471,89,0,0
EQ-PM-07,38,67.46864966677747,0.06870173054327494,5.2337938295771425,0.31182829889285574,4.751037739695702,0.7265508403913749,88,0,0
EQ-PM-07,39,66.92864191549187,0.058232539856437684,4.880564872272354,0.2950217503578342,3.250482678921493,0.8181112315620506,87,0,0
EQ-PM-07,40,66.78154035815282,0.06099196577577483,4.889706203976445,0.20621835935509933,6.985833126921681,0.8196215672640659,86,0,0
EQ-PM-07,41,67.3117314918286,0.0638306257665649,4.996257431472133,0.17229417136794253,4.236765334135122,0.783902095841781,85,0,0
EQ-PM-07,42,68.08068202593793,0.06076533439285529,4.831198391060349,0.16689658137257302,2.9370474687533648,0.7948623982068485,84,0,0
EQ-PM-07,43,67.38073309809803,0.059087372000434776,4.974109595158687,0.07512828537264007,6.507966738491221,0.801518398591362,83,0,0
EQ-PM-07,44,67.34454611678973,0.07371281294544375,5.004092766721541,0.30138090376502846,4.514675379303984,0.7359589554101024,82,0,0
EQ-PM-07,45,66.83746423920488,0.07107422532420492,5.111520067789622,0.2190822979941876,5.911729440134679,0.7445704590419149,81,0,0
EQ-PM-07,46,67.18148037361807,0.069252174415009,4.968771403632573,0.1985881848559098,8.45640825725629,0.7612091161141823,80,0,0
EQ-PM-07,47,67.07981213714261,0.07015183414954039,4.858217052969221,0.3616894086335074,3.253310015709375,0.7589969251337056,79,0,0
EQ-PM-07,48,66.71115957887173,0.07162416564331717,4.908985210737515,0.15309329472442298,8.163755057773649,0.7749990203039223,78,0,0
EQ-PM-07,49,67.53762230608919,0.06742669172498432,4.876513004949406,0.3112384224676782,5.427686037302021,0.751109677235431,77,0,0
EQ-PM-07,50,67.30230382680784,0.07078030615468187,4.814647289283284,0.26826119643720797,5.313905258710784,0.7594084053184083,76,0,0
EQ-PM-07,51,68.99949885737372,0.07142475898774801,4.957267389136411,0.2333267698038355,2.6722966024319526,0.6946900473791864,75,0,0
EQ-PM-07,52,67.73413930577284,0.07887551577664956,4.807980863015295,0.2295852486710267,5.430972040504932,0.727686497450625,74,0,0
EQ-PM-07,53,67.20425641281041,0.0781716897191405,5.0042920374482005,0.33769294387745896,6.27556384016678,0.6996579114551015,73,0,0
EQ-PM-07,54,68.25962789623934,0.07021826501845405,5.180692001668482,0.36304423399018104,5.358173443666113,0.6613842846990023,72,0,0
EQ-PM-07,55,67.18226642983385,0.06949047290363712,4.80994559108764,0.3607579250860754,8.171435066746172,0.743200616345941,71,0,0
EQ-PM-07,56,67.66803837676848,0.06792236464412309,4.907991251008473,0.3995981341116006,7.198452493102047,0.7136079406529051,70,0,0
EQ-PM-07,57,67.5702100680633,0.07239170744359738,4.889389633163011,0.3331136904875572,5.553067330797251,0.7115412006332945,69,0,0
EQ-PM-07,58,67.53800728155636,0.07421377451939364,4.836042181010706,0.3137617002151881,9.168297651735218,0.7149506416787823,68,0,0
EQ-PM-07,59,67.5085311834873,0.06653818337432847,4.953247899570833,0.40885692090348413,6.13899783012663,0.7050083643625451,67,0,0
EQ-PM-07,60,67.40081742112984,0.07680665024765267,5.018825586037264,0.390454497528162,7.378947773516549,0.6712558528279612,66,0,0
EQ-PM-07,61,67.52700403320225,0.08213125850431155,5.059181533182859,0.38585622794438845,8.769227081069722,0.646418323993264,65,0,0
EQ-PM-07,62,69.02515004877115,0.07481352200248755,5.098163801833843,0.3328083969430765,4.853248665458407,0.6239386798833074,64,0,0
EQ-PM-07,63,67.91162392733581,0.07268040617643858,4.932910573570716,0.46937752553044143,5.305210848161989,0.665462916087268,63,0,0
EQ-PM-07,64,68.18341156222229,0.07831476122586148,5.364777593215797,0.3022113775102975,6.119458931440302,0.5937411216690233,62,0,0
EQ-PM-07,65,69.08311547501391,0.07883993290030437,4.9208118845821565,0.5458468421346877,8.212790132124423,0.6093891267179549,61,0,0
EQ-PM-07,66,68.39838158356416,0.08079749606839959,5.025709088646762,0.3862335647200495,6.205860893113265,0.6190625354379558,60,0,0
EQ-PM-07,67,68.69155484893675,0.08126637624384783,5.206027011821166,0.4560998489448723,8.129486062442068,0.5737489086885998,59,0,0
EQ-PM-07,68,68.4642770438686,0.08138614085808868,5.129018275673738,0.5002455277915244,5.843743206755706,0.5834904070393725,58,0,0
EQ-PM-07,69,68.83529214381817,0.08073617507129195,5.240589032417139,0.391058680772347,11.550636624629348,0.567245237420255,57,0,0
EQ-PM-07,70,69.74591739628173,0.08290668633838098,5.103593296440166,0.5112508444825257,7.098692649905589,0.5448056941886938,56,0,0
EQ-PM-07,71,68.82185002281707,0.07929754418374325,5.109720785195215,0.39839780658818147,9.464041417691828,0.5845186366103038,55,0,0
EQ-PM-07,72,68.42688533330242,0.08290971326397609,5.258872128451031,0.32591408931883087,9.019260258624277,0.5674602236083728,54,0,0
EQ-PM-07,73,68.81042659768566,0.08247036237321333,5.119879371759154,0.4972092266109531,6.778030761159044,0.5599116912224902,53,0,0
EQ-PM-07,74,69.39077406570252,0.08349761427959188,5.11549398933731,0.5298925682503789,7.785562253164244,0.5374465701776788,52,0,0
EQ-PM-07,75,68.57387245154423,0.09038978392010866,5.166812057141537,0.5458379624136301,10.677743756635017,0.528568659065607,51,0,0
EQ-PM-07,76,69.24486030465748,0.08608172847002421,5.285467843347687,0.3582733207498572,8.208505013571944,0.520744419820664,50,0,0
EQ-PM-07,77,68.84887057228521,0.08306214699889211,5.141973820362801,0.5619326526157432,6.549914412405961,0.5365735092911674,49,0,0
EQ-PM-07,78,70.42480768866614,0.08542645821163679,5.428379595165624,0.428015709980115,9.8831030796621,0.4589173536151442,48,0,0
EQ-PM-07,79,69.48601201843384,0.08838678175600896,5.150286296381564,0.44952628632864133,9.461264387249914,0.5117715959149998,47,0,0
EQ-PM-07,80,69.00535646341153,0.09494530654065622,5.364666072478438,0.4906725934782817,8.74847710509608,0.4683422979216664,46,0,0
EQ-PM-07,81,69.76293332537325,0.08944734491431337,5.027139039229379,0.6033618669313763,9.81955116945981,0.499730130302752,45,0,0
EQ-PM-07,82,69.87937520388616,0.09314484488805566,5.343606752610277,0.5861725498106382,9.149057020956164,0.4390463303327352,44,0,0
EQ-PM-07,83,69.43275334259181,0.09348876746712574,5.129648248841491,0.40168156190267945,9.243286754339616,0.4971171669957546,43,0,0
EQ-PM-07,84,68.50875797927633,0.09877792616971688,5.1534462518938815,0.6622721327251123,8.85810333247993,0.47458761900428426,42,0,0
EQ-PM-07,85,70.0049656904964,0.09421761649101672,5.237677235694864,0.622338179043413,8.734595049400326,0.4371641704407772,41,0,0
EQ-PM-07,86,70.06974716414287,0.09481859478886433,5.543150497669229,0.6295056168061892,10.39047123989587,0.3847266770047865,40,0,0
EQ-PM-07,87,69.83224219609768,0.09713638720318456,5.39092343892062,0.5052137554874137,9.68740738343877,0.4173552873365068,39,0,0
EQ-PM-07,88,69.16912219815904,0.09689284954475373,5.395348508596217,0.7534812935919758,10.623958882394765,0.40627383939147627,38,0,0
EQ-PM-07,89,69.75457194448768,0.09755475009680965,5.399836142743188,0.5522677751172568,11.843502797913095,0.4066532733007691,37,0,0
EQ-PM-07,90,70.38513349350963,0.09766685977229331,5.327703605004274,0.7620570227220727,12.542767325523593,0.377672138509089,36,0,0
EQ-PM-07,91,70.14792000846705,0.10553617622016391,5.2078086927451075,0.7798353954513644,10.896552869287985,0.3773578063036448,35,0,0
EQ-PM-07,92,70.45989642229955,0.09346475798223655,5.448755989164172,0.45963149062740727,9.224076964666267,0.39283745979440915,34,0,0
EQ-PM-07,93,69.91817471095627,0.09916499163033514,5.269969433313438,0.6209970391137858,11.48816678856248,0.40003356920893923,33,0,0
EQ-PM-07,94,70.0534890493908,0.10452433129133601,5.329808475597415,0.6063596946449517,9.441718140519999,0.37296246192208266,32,0,0
EQ-PM-07,95,70.08897321062922,0.10763232009473549,5.399182787979675,0.7147608969073974,12.074473350210793,0.34028134102126223,31,0,0
EQ-PM-07,96,70.91542012252818,0.10891095921889297,5.435354471578973,0.6704293264314407,10.474130995501653,0.31265319714331785,30,0,0
EQ-PM-07,97,71.37468644984976,0.10203428586816454,5.379996547605191,0.6417903097588612,12.712633309162106,0.3267530348226468,29,0,0
EQ-PM-07,98,71.14655531279368,0.10740197883444692,5.233832141900279,0.7284374782610128,13.667640026920102,0.3295192470610868,28,0,0
EQ-PM-07,99,71.32909809085916,0.10346862866803079,5.519622533960535,0.813664684337239,11.321256910911416,0.2806199958310512,27,0,0
EQ-PM-07,100,70.75781977656227,0.11670553494036692,5.3984898112180755,0.7230572141043133,11.209528071251295,0.2862625656645169,26,0,0
EQ-PM-07,101,70.95200910994929,0.10108720940085754,5.6319604655535125,0.6992167245318385,11.982528583767106,0.2850393192077689,25,0,0
EQ-PM-07,102,71.43390687001884,0.1134787294076358,5.541165330374425,0.6888510378316284,12.799788259805647,0.2538911363581907,24,0,0
EQ-PM-07,103,71.43032451107958,0.10557699560722592,5.322973581851003,0.8071050540776128,13.29696307051569,0.29186061270883423,23,0,0
EQ-PM-07,104,72.3150581265978,0.11686206139293255,5.628138066004003,0.656446315041396,13.767869585407515,0.20804303135950594,22,0,0
EQ-PM-07,105,71.65471976250437,0.11123351506198585,5.424610019007414,0.8553090011657596,15.857102562597841,0.24648801694848263,21,0,0
EQ-PM-07,106,72.03525072433165,0.11119318807041421,5.408539358828814,0.8017953745909976,14.90302781916994,0.2420597442882182,20,1,0
EQ-PM-07,107,72.04312096931159,0.11196536768880096,5.124560842554984,0.6879811444231747,13.611138331452104,0.2911329617978318,19,1,0
EQ-PM-07,108,72.21817496645862,0.12078964758688426,5.524249592016458,0.8233056256507922,16.554708017052587,0.18843237380418718,18,1,0
EQ-PM-07,109,71.55946532652477,0.11843072733349976,5.462062839989607,0.8331287545162748,15.934687702560897,0.21636533757569626,17,1,0
EQ-PM-07,110,72.56537781445289,0.11904488500864402,5.694878146078169,0.7813922380123296,11.955385850202774,0.15715570914896515,16,1,0
EQ-PM-07,111,72.50641428649188,0.11622923291963054,5.417059045752358,0.7593015587258624,14.250095544588696,0.20677308277026474,15,1,0
EQ-PM-07,112,72.60161083902145,0.11493629608597745,5.520570878324253,0.8571740212291076,13.480166506091678,0.17953371212727173,14,1,0
EQ-PM-07,113,72.78501741133758,0.12171712975240433,5.429966934404757,0.9868414281992368,13.886382325208544,0.15584253676643486,13,1,0
EQ-PM-07,114,72.33523419083903,0.12626818905768314,5.433308409655548,0.9338422930208639,14.491625585343355,0.1577303834681424,12,1,0
EQ-PM-07,115,72.86716925208495,0.12012862572005978,5.543496525155681,0.9710284019255757,15.027589145291737,0.136756309287784,11,1,0
EQ-PM-07,116,72.586481818619,0.1271654189170179,5.661416503441709,0.9161318217255929,15.549769322353225,0.11120539563135363,10,1,0
EQ-PM-07,117,72.46183359323274,0.12520872399363553,5.650245744326567,0.9257167503706376,15.892383550076095,0.11715268179945532,9,1,0
EQ-PM-07,118,74.32708317521613,0.13119547980745397,5.659478045100685,0.8295221525007155,16.38946006321721,0.06101138960842105,8,1,0
EQ-PM-07,119,73.70316910586466,0.12908738765644226,5.584263012512119,0.8192512608578049,14.7381906278766,0.09141103799453527,7,1,0
EQ-PM-07,120,73.64191599983397,0.12469198345536663,5.629060947038433,0.8859153248117682,18.279865413912244,0.08776700179587038,6,1,0
EQ-PM-07,121,73.59413813117115,0.1287302651793504,5.890070874630636,1.0181439533547414,16.41120971730129,0.023713614431575936,5,1,0
EQ-PM-07,122,74.03998445212422,0.12709921915805777,5.574881805062471,0.9337397982216017,19.023522146411768,0.0695860696317418,4,1,0
EQ-PM-07,123,74.48448214887438,0.12839663286776762,5.837555574216534,1.036711977345194,17.335159668398422,0.002754031875466717,3,1,0
EQ-PM-07,124,73.56236711518572,0.12432916634426806,5.93643988787085,0.9640513451628349,19.659354701143695,0.025631212418742777,2,1,0
EQ-PM-07,125,73.82303672654038,0.13892180636417606,5.6727888043329795,1.117123243169197,19.08952913045308,0.004095567037372794,1,1,0
EQ-PM-07,126,74.53079003656786,0.1403118252744243,5.797886298100956,1.181974745632016,15.172647124697647,0.0,0,1,1
EQ-PM-08,0,65.02851243366985,0.056548583999390716,4.654841806013966,0.23115735178814473,2.936196314811051,0.9878053635796844,143,0,0
EQ-PM-08,1,65.44196949029815,0.061629329242061874,5.020818801723216,0.1242858901411953,2.5958746077035673,0.9181101184180539,142,0,0
EQ-PM-08,2,65.20165615444725,0.0515259241194909,4.734064160215798,0.20178154506012486,4.489422645577188,0.9821925429074212,141,0,0
EQ-PM-08,3,65.85173329239397,0.05272175722514892,4.937225782159792,0.10484556381764043,5.159675795228981,0.9397228340797049,140,0,0
EQ-PM-08,4,65.11288783973697,0.053942325122283835,4.867881334141786,0.11951261622942684,3.6006661271257414,0.9616299601672624,139,0,0
EQ-PM-08,5,64.26163405122689,0.049230147494167,4.781153739922677,0.3710577652489142,2.8903116767638957,0.9800988207336718,138,0,0
EQ-PM-08,6,64.33720086512955,0.04712197826249792,5.0125208572641045,0.10902970077164051,2.2471630913895293,0.972530259864239,137,0,0
EQ-PM-08,7,63.76767000981143,0.05495739074165783,4.863449830566218,0.23557129402921367,2.182977232952839,0.9744389422806652,136,0,0
EQ-PM-08,8,65.11892902495052,0.05675898934261042,4.795896019373656,0.09202204990362253,3.697113849150694,0.9581939140436975,135,0,0
EQ-PM-08,9,64.71983213316639,0.053741671336373906,4.61260922226522,0.11623031450243664,3.965935565571675,0.9983392720127233,134,0,0
EQ-PM-08,10,64.87338737322756,0.0542034711055631,4.950711946646037,0.11507077636756641,3.2391610230781906,0.9402988842970333,133,0,0
EQ-PM-08,11,64.39936496875428,0.05210835781804261,4.8402471173445125,0.14557306581979357,1.6688020608908782,0.96845917063012,132,0,0
EQ-PM-08,12,65.17243686989981,0.050805999045983964,4.882109938377603,0.13487235135879266,3.2620973687007404,0.9447313658752126,131,0,0
EQ-PM-08,13,64.31123040921044,0.040358238473840874,4.596882784006105,0.20365704270973828,4.683683689349738,1.0,130,0,0
EQ-PM-08,14,64.69764957447534,0.05547540468566467,4.791721207435543,0.3303892405129449,2.4576804072312104,0.9340390499924114,129,0,0
EQ-PM-08,15,65.06529211211993,0.050602902116709925,4.828114598492846,0.16904778499641318,2.795535161814581,0.9452568274191887,128,0,0
EQ-PM-08,16,65.26092425236543,0.053774545911845065,4.842703306910942,0.32220226349130665,1.468762379687592,0.9124856078654573,127,0,0
EQ-PM-08,17,64.9605785329925,0.05153009651555521,4.596668427583531,0.0890945138045476,5.31995690764613,0.9833738287607403,126,0,0
EQ-PM-08,18,64.75042641915125,0.04965286049535696,4.7841754920365585,0.21743450825655086,2.1850654149338817,0.9499131100965601,125,0,0
EQ-PM-08,19,64.9640991452233,0.0515558194894977,4.7845063984753065,0.26287952653895186,0.8937612828916626,0.9327722042178023,124,0,0
EQ-PM-08,20,64.69622644973926,0.045143484582891705,4.967369107153639,0.10181777610798619,5.9188844217639875,0.9417290751652125,123,0,0
EQ-PM-08,21,64.78047401551915,0.053967215261044775,4.915664610686874,0.0821723992882176,3.774557040473857,0.924836219029772,122,0,0
EQ-PM-08,22,65.02770455479207,0.049478848159265426,4.86881510105711,0.19815362588087745,4.5778240402909685,0.9228581246400434,121,0,0
EQ-PM-08,23,65.66450933292265,0.06202026314634124,4.909050862188438,0.27611595896090857,2.646764023315568,0.8593053177938346,120,0,0
EQ-PM-08,24,66.33091337863254,0.05585799557837541,4.673686407684145,0.3034545851352086,0.5854792766928449,0.8881741386816632,119,0,0
EQ-PM-08,25,64.37518230671523,0.05437908884771965,4.934199144909805,0.04530041536727128,4.5265261001766115,0.9250556362516279,118,0,0
EQ-PM-08,26,65.91724160341724,0.05595516158259328,4.808611177617576,0.27036335897555963,5.446054776780787,0.8764483202823466,117,0,0
EQ-PM-08,27,65.66627497557292,0.054037662568851806,4.8892797267421235,0.11569666210646824,3.7163607551780746,0.888435068383483,116,0,0
EQ-PM-08,28,65.39901933820585,0.06098374525890262,4.8981102907491945,0.23043883991583902,7.11431493371639,0.8625048977629826,115,0,0
EQ-PM-08,29,64.71416606740206,0.05840731005260549,4.617909027373383,0.07855517280039231,3.409926082199457,0.9408383213191839,114,0,0
EQ-PM-08,30,65.2591181551941,0.06498473019433647,5.03350424294557,0.21516380458178244,5.180797462454923,0.8323232708085359,113,0,0
EQ-PM-08,31,64.87710985854768,0.05311405872318608,5.1208519671714825,0.278065363922352,1.3707269204180434,0.849710289887076,112,0,0
EQ-PM-08,32,65.75007557038495,0.054401388339240686,4.959170902102072,0.19256453450364983,5.698438633325306,0.8550225133057371,111,0,0
EQ-PM-08,33,64.85413821889884,0.055156575805959784,4.922877184946829,0.22240373764208735,2.2909631587612425,0.8755455632379823,110,0,0
EQ-PM-08,34,64.98952741987736,0.05663312478507127,4.811711634745975,0.1636283133143016,6.244600925510506,0.888574283281095,109,0,0
EQ-PM-08,35,65.1666146562867,0.060908767092696756,4.959957407537883,0.24750930690910122,3.7255764446172153,0.8403854788759793,108,0,0
EQ-PM-08,36,65.51485673380209,0.05567209437844624,4.8983191588506525,0.2260340545742991,3.873350952947304,0.8537168188127331,107,0,0
EQ-PM-08,37,64.92260286766306,0.05283014148925061,5.00840926802739,0.2765330585458979,5.360072995315395,0.8516170784679749,106,0,0
EQ-PM-08,38,65.27210107180129,0.054111093916026996,4.974299979502743,0.24467173185042768,4.63790770587251,0.8455322157982699,105,0,0
EQ-PM-08,39,65.38966068935049,0.054310848637495135,4.73662714298904,0.17742126188995433,3.523193608669888,0.8820222585814198,104,0,0
EQ-PM-08,40,65.1023650386078,0.0600326230990363,4.840583391552722,0.1932872569354179,2.6981297417954897,0.8552726244594828,103,0,0
EQ-PM-08,41,65.8935842703964,0.061050244231451486,4.960083125576547,0.17662252715296817,5.9177678183231475,0.8142420512608486,102,0,0
EQ-PM-08,42,66.12811527728657,0.05593600322255875,4.854758968019584,0.3101340036681831,6.1827935453043334,0.8211643021452969,101,0,0
EQ-PM-08,43,65.28004536711033,0.05665300201134059,5.184309650894719,0.11065185734883562,2.4352797476832206,0.8086416126808603,100,0,0
EQ-PM-08,44,66.2905394580624,0.05367312772760174,5.064971364952821,0.23740659100632405,6.119370659605201,0.7936066631943891,99,0,0
EQ-PM-08,45,66.57916864429698,0.06006699931492286,5.136689954325865,0.20078366548664833,4.591730404826263,0.7608632062686803,98,0,0
EQ-PM-08,46,66.0588916097403,0.06057749425417867,4.910934287615397,0.33323197009747657,4.776001789396577,0.7907648618823927,97,0,0
EQ-PM-08,47,65.82434281050624,0.06687463377702312,5.044692025038584,0.1293279477039029,4.290246314674722,0.77876492223446,96,0,0
EQ-PM-08,48,65.51504076419687,0.05815469920156796,4.706912521699392,0.2316732784212977,5.73031506575421,0.8462821498124191,95,0,0
EQ-PM-08,49,66.57137505438789,0.06176760203925573,4.84418590641097,0.2847598774253041,4.799741059117225,0.7824943154087344,94,0,0
EQ-PM-08,50,65.26889085067621,0.055957499016953835,4.925046907908623,0.16034154852754193,7.689926510688714,0.8274468082748568,93,0,0
EQ-PM-08,51,65.87888957529447,0.0642822016171319,4.88117928213911,0.2831263633203075,4.941923449169762,0.7832391935975533,92,0,0
EQ-PM-08,52,66.71078792994035,0.06532809326425486,5.10921518747965,0.3345151672474667,3.69144439118186,0.7180351869722494,91,0,0
EQ-PM-08,53,65.86233439257622,0.06375113975704393,4.942811302005299,0.3591657417279908,4.908028175202393,0.763236882099928,90,0,0
EQ-PM-08,54,66.98763749337994,0.06676869514135472,4.886453295922403,0.2954434257693963,2.3574995788871815,0.7399387961797994,89,0,0
EQ-PM-08,55,66.27063813531076,0.06399333047827663,4.913342167034789,0.19853125602602667,5.254210814406647,0.7680125256491506,88,0,0
EQ-PM-08,56,65.68253640074339,0.06074017089315126,4.984205159693292,0.42771930215137294,6.241706674823103,0.7548521620172858,87,0,0
EQ-PM-08,57,65.75672186074087,0.06954761001807727,4.832184257186896,0.2423536328854824,2.939859027692938,0.7698710775600298,86,0,0
EQ-PM-08,58,66.06711561318943,0.07366132513274068,4.978269641227643,0.28723483963618407,6.489894179208425,0.7229784652334226,85,0,0
EQ-PM-08,59,66.07566635123963,0.06789259768422327,4.958374892286147,0.22117682260810761,6.129164965644255,0.7443289769999405,84,0,0
EQ-PM-08,60,66.52541077816294,0.06686140573022077,5.047792509291591,0.2849011792882481,5.194196575120662,0.7134307155454809,83,0,0
EQ-PM-08,61,65.50219711454912,0.06562176258230135,5.025894852900515,0.28041739205101596,7.252228111945904,0.7433956397404573,82,0,0
EQ-PM-08,62,66.27037927120296,0.07172782810955522,4.892565647330924,0.2816548535798238,6.096541030091745,0.7263540042409821,81,0,0
EQ-PM-08,63,66.41399669574191,0.0744333488932945,5.300450222742628,0.3559753018619626,3.2880509128488287,0.6449374830806379,80,0,0
EQ-PM-08,64,66.55968108547334,0.06420963630015177,4.877513578022337,0.2752731308595359,5.318025284914937,0.735917816180943,79,0,0
EQ-PM-08,65,66.09665625468556,0.07143128592082841,4.9834963919085284,0.2571930481041343,6.248571672516671,0.7129023466440052,78,0,0
EQ-PM-08,66,66.68974648718734,0.06710334371724255,5.033604328025576,0.2772074017362196,6.554246746089186,0.6969297681121072,77,0,0
EQ-PM-08,67,66.62012680904917,0.07090938676242703,5.193784518405412,0.3462579630129262,5.812475714996549,0.6557755153204017,76,0,0
EQ-PM-08,68,67.66906774506543,0.07009507651474142,5.035251313497388,0.3605887378486636,9.101111938804967,0.6514871183442863,75,0,0
EQ-PM-08,69,67.1791070184661,0.0754788495855065,5.004811778971503,0.3003734856977611,8.017777651083572,0.6584166067787774,74,0,0
EQ-PM-08,70,65.97925930128557,0.06798623118350913,5.158055868266788,0.5099384248850469,5.603525724495263,0.6607536859527106,73,0,0
EQ-PM-08,71,66.79033123424311,0.07547556556957774,5.129094004163815,0.36607217557139315,6.571066754752675,0.6380369037628593,72,0,0
EQ-PM-08,72,67.87902860447242,0.07413688750960898,5.0288893847974485,0.32649109087673156,8.66421940041636,0.6307074135839171,71,0,0
EQ-PM-08,73,65.94407133327896,0.07330499263079866,4.964738254557291,0.3126798846132935,7.408586051712416,0.6897173202755945,70,0,0
EQ-PM-08,74,67.24310466377838,0.08239930780749123,5.098411690279013,0.44912621688166937,8.727385587864493,0.5983624980387292,69,0,0
EQ-PM-08,75,66.64426881066741,0.07359410926631857,4.872883552790531,0.385743208693845,6.1219840164257615,0.6730663597139372,68,0,0
EQ-PM-08,76,67.66892659190684,0.07273564126796732,5.079873309713433,0.4257668872488784,11.217594322212637,0.6120977013373388,67,0,0
EQ-PM-08,77,67.02559557270268,0.0703098300821149,5.046471523134188,0.36524165232494404,8.412111595094855,0.6428607438138014,66,0,0
EQ-PM-08,78,66.91401339981375,0.07627054589286215,5.125765793060567,0.5266297670026476,8.519228268022477,0.6002680042048768,65,0,0
EQ-PM-08,79,66.88685915197883,0.07052414292015804,5.05590626750253,0.338789942007481,9.036705081195773,0.6421282267181802,64,0,0
EQ-PM-08,80,67.55646235147627,0.0787192404884008,5.143424367495572,0.42575918841215815,7.477266313854839,0.5806282107231606,63,0,0
EQ-PM-08,81,68.23096083262642,0.06921449424694426,5.00369369815921,0.5467236672770389,5.585512308808305,0.5939432143644618,62,0,0
EQ-PM-08,82,67.25319291840592,0.07638035275662274,5.278899808982702,0.41900069745366975,7.1736968080517425,0.569516593857039,61,0,0
EQ-PM-08,83,67.79559858586323,0.08514972469069007,5.122229213958806,0.4322306351279855,4.72807112235763,0.5537630653740382,60,0,0
EQ-PM-08,84,67.3160854731438,0.08539710427357551,5.053268438492475,0.5488193859515844,7.763347558864573,0.5613701330248476,59,0,0
EQ-PM-08,85,67.72308210030053,0.07752737272523778,5.160109845313627,0.4999743407072616,7.961590716796932,0.5572802872704806,58,0,0
EQ-PM-08,86,69.18395580970378,0.08026358832664122,5.2120236007056775,0.42824433321025623,10.512039246433224,0.5108562905252316,57,0,0
EQ-PM-08,87,68.67940577214186,0.08459679146282113,5.120216226134443,0.5010238818218539,8.067165388151821,0.5166826325008026,56,0,0
EQ-PM-08,88,68.23084764341651,0.09049773162517508,5.196902094663692,0.5093642453507137,10.812453973159418,0.4983597662332257,55,0,0
EQ-PM-08,89,67.76293200442157,0.08828467594544645,5.334121880929192,0.5210575851760774,6.633892750537974,0.49139044203750687,54,0,0
EQ-PM-08,90,68.0052172139316,0.08094928066578927,5.346371629938546,0.4745718573589272,9.687738542397138,0.5040353579816587,53,0,0
EQ-PM-08,91,68.62954859132238,0.08616588030693181,5.256336304921363,0.5984184502071648,8.234119857374218,0.4740586614642342,52,0,0
EQ-PM-08,92,67.49089817851117,0.08155187153880597,5.115631157120621,0.6013653060332171,9.08835820164444,0.5324234778447826,51,0,0
EQ-PM-08,93,68.40131722079208,0.08553329691688655,5.306885297638232,0.4777965117976788,9.61500789782681,0.48093064424091814,50,0,0
EQ-PM-08,94,68.72331987443685,0.09097856623793817,5.300239880521567,0.6444075548195431,7.017137252266251,0.4411555604149305,49,0,0
EQ-PM-08,95,67.81542321651348,0.08733253120964193,5.23982393101443,0.445723417235544,10.17577909997578,0.49945131817067345,48,0,0
EQ-PM-08,96,69.17414889627318,0.08289105590603117,5.273553953122361,0.5936584473142467,11.610316084839507,0.45428630566409545,47,0,0
EQ-PM-08,97,68.17974351272153,0.09643809115380687,5.409213764049513,0.5714239250463842,8.619432751925618,0.42470578027360867,46,0,0
EQ-PM-08,98,68.86279839443246,0.0951009013676041,5.315930378991938,0.6251259908054966,9.794190319112886,0.4171471314315147,45,0,0
EQ-PM-08,99,68.89633242498807,0.09524791644714191,5.398097890360981,0.6151375334407416,9.786372902896717,0.4021674095523464,44,0,0
EQ-PM-08,100,69.4461586444878,0.0898364913629268,5.287786391345449,0.5299696323980271,12.570390034574952,0.42456627928444,43,0,0
EQ-PM-08,101,68.31195342041529,0.09580951059459128,5.323884347373681,0.5209034479590371,9.773117251664848,0.43103323439920305,42,0,0
EQ-PM-08,102,68.93007120349704,0.08994836927166504,5.404279216295238,0.604546228015154,9.21845976339577,0.40736208233807736,41,0,0
EQ-PM-08,103,68.74433241159969,0.08651408500440748,5.191216931402134,0.6023203191022496,8.520489567136279,0.45032564398135866,40,0,0
EQ-PM-08,104,70.0142958087661,0.09330678384347078,5.3460231819773725,0.5666767038520009,12.463517879197436,0.3794906834457269,39,0,0
EQ-PM-08,105,69.1983636320588,0.09049840472862894,5.460349595281359,0.6738512099378366,11.654339979891741,0.37659597059877975,38,0,0
EQ-PM-08,106,69.32614118405704,0.09596463927935989,5.495081716615916,0.5376403840462434,9.957934485403516,0.36569965736341997,37,0,0
EQ-PM-08,107,69.50996370539029,0.0927462867831978,5.510853827029138,0.5609311520771065,11.10638750591717,0.36200752975787187,36,0,0
EQ-PM-08,108,69.86546349844673,0.0940666146457358,5.663881067833293,0.6778896873820031,9.978580182107288,0.31272172317645064,35,0,0
EQ-PM-08,109,68.99371734472744,0.09988872864737493,5.491204334870015,0.5932889830048348,9.418588125391487,0.3518741199499909,34,0,0
EQ-PM-08,110,70.02087194485688,0.09534811385904053,5.323723277693821,0.6469508804754278,12.077215026606682,0.3548552082994083,33,0,0
EQ-PM-08,111,69.4070274495085,0.09843428896841379,5.447108361049882,0.6793956468892185,12.596391344129556,0.33828609131734394,32,0,0
EQ-PM-08,112,69.90402673593817,0.10377820175286286,5.589918465338569,0.6409852176595887,11.47063439976294,0.2924733020275869,31,0,0
EQ-PM-08,113,69.97153945924946,0.10647586758856542,5.578558363767935,0.8151210761680869,13.436798715069619,0.2658841962927413,30,0,0
EQ-PM-08,114,69.72544311445318,0.10549157545723749,5.601381670816417,0.6727698437143863,11.83397856100823,0.28286140998151327,29,0,0
EQ-PM-08,115,69.54653687857444,0.10589337619995912,5.655056651518909,0.9029101431565563,10.752267007143203,0.2528167345245344,28,0,0
EQ-PM-08,116,71.15493483005075,0.1104761536732734,5.469674642925795,0.6356602352822588,12.045763651148704,0.2532345816831855,27,0,0
EQ-PM-08,117,69.64991128330253,0.10825827871182685,5.491947465793798,0.8717684909797323,13.022059112138761,0.26700555630800704,26,0,0
EQ-PM-08,118,70.0160166822968,0.10849956261242333,5.577352375562978,0.766512066170389,11.25579964772737,0.25251706514966415,25,0,0
EQ-PM-08,119,69.77766646533767,0.10775068099474883,5.411405434324727,0.8285993611299576,14.318133667666816,0.27658378386005683,24,0,0
EQ-PM-08,120,70.31931826642116,0.106035273551414,5.622668593603523,0.6434896456818233,11.484424477897845,0.25170495264674814,23,0,0
EQ-PM-08,121,70.53957217727623,0.11247336027963988,5.651503570736344,0.7259147515069945,12.684263364890967,0.2150880784548141,22,0,0
EQ-PM-08,122,71.05685660064742,0.10365990049331196,5.533424928011141,0.7859616868680079,14.294871980096639,0.23344916776148072,21,0,0
EQ-PM-08,123,71.11357806421465,0.10755523168149278,5.480663206967183,0.7849621977635242,14.14704392214459,0.22785945782133765,20,1,0
EQ-PM-08,124,70.39004831774724,0.11190964555170878,5.67139353207107,0.7607492460815115,14.31627613819931,0.20642586076254857,19,1,0
EQ-PM-08,125,70.90407124517144,0.1205974614124769,5.922340141187463,0.8980131161272478,13.90430059272045,0.11803981710543848,18,1,0
EQ-PM-08,126,70.14815018025331,0.11920410543335969,5.6746256263500205,0.8744301714639462,15.499655948185811,0.17748915292057865,17,1,0
EQ-PM-08,127,70.64163421726559,0.1175050777569787,5.747884701218782,0.8580083845093728,15.692004717698737,0.15760538620381498,16,1,0
EQ-PM-08,128,70.68949291652181,0.11519255325005373,6.007469919512027,0.7451223398675377,14.148895368712594,0.13209349926236605,15,1,0
EQ-PM-08,129,71.88952913494376,0.1250990393745636,5.643915797790557,0.8344053147382587,18.22034836445897,0.12048364681413876,14,1,0
EQ-PM-08,130,72.09013075610238,0.12598713442086798,5.71023130374148,0.7997394129138824,12.742934885352714,0.10432008051165886,13,1,0
EQ-PM-08,131,71.84747638295117,0.11952366905802064,5.832767391701805,0.9601250975258235,15.928345660350685,0.08967856914476222,12,1,0
EQ-PM-08,132,72.1928002982335,0.1260486271980204,5.776307895817996,0.9296043458975383,17.836067698407582,0.07380652301055218,11,1,0
EQ-PM-08,133,72.9889418568551,0.12107368679484018,5.7899435854471895,1.0356186283379518,16.235231343976462,0.05124600091698954,10,1,0
EQ-PM-08,134,72.15008403001542,0.1244879571907876,5.695878251250329,0.7596361409095401,15.415521263731428,0.10294226702293084,9,1,0
EQ-PM-08,135,72.01639262730255,0.12830284632983827,5.812607320222204,1.0200332203226328,14.46194866898215,0.05075070850848301,8,1,0
EQ-PM-08,136,72.6256865028434,0.12261897595757591,5.560923880776511,1.0143932381541252,18.229480174360514,0.08559699923677007,7,1,0
EQ-PM-08,137,71.77845723627601,0.1260810810974408,5.676367638472745,0.9869017866641441,14.96574147949896,0.08110749709830306,6,1,0
EQ-PM-08,138,72.0692385779063,0.1257378776035198,5.676167097168307,1.093747284268193,16.144059661391207,0.061593951280056625,5,1,0
EQ-PM-08,139,71.94135959506363,0.1271314512836943,5.748887762396493,0.9274789965861139,19.30579840413354,0.0645781681871146,4,1,0
EQ-PM-08,140,72.94087191044846,0.13127089065202785,5.899994892690914,1.0379233328771749,14.629071764057837,0.0,3,1,0
EQ-PM-08,141,72.75550292379488,0.13225718106322268,5.956541231324718,1.006812006141638,19.381858987504554,0.0,2,1,0
EQ-PM-08,142,73.60927948316822,0.1351824939463703,5.780068801958164,1.0110579184830248,19.548271216394348,0.0,1,1,0
EQ-PM-08,143,73.01115730462875,0.12624233296587295,5.781124954988678,0.9917071576409937,17.665176992923197,0.01900741645801453,0,1,1
EQ-PM-09,0,65.71528718559355,0.044237603898801145,4.787509594635373,0.1830648840959543,3.6314210001796727,1.0,99,0,0
EQ-PM-09,1,66.22518283327297,0.05387342321144764,4.893222077334901,0.2599630715118798,5.298139620019025,0.9645693908264343,98,0,0
EQ-PM-09,2,66.17456371452138,0.053996793748543395,5.005320725680059,0.0852053280926743,1.7766618525876041,0.9626520660072776,97,0,0
EQ-PM-09,3,67.34763482468868,0.0555276836152755,4.889918847773063,0.17970840380460895,4.815491086404528,0.9338226841657673,96,0,0
EQ-PM-09,4,66.7422695539929,0.05341791817794629,4.823096817880992,0.021698340369375707,3.5594268349883107,0.9765201868184655,95,0,0
EQ-PM-09,5,65.65053457254942,0.0496820840926685,4.886657572153926,0.12564672625030118,2.4133219135686224,0.9896888413033609,94,0,0
EQ-PM-09,6,67.13899220207664,0.04914075222591872,4.979355240135723,0.1250615061352537,4.601033855110787,0.9364492485109366,93,0,0
EQ-PM-09,7,67.22976866812142,0.05469513137711981,4.997674221949858,0.1246275861518734,2.980972416936792,0.9140540801726782,92,0,0
EQ-PM-09,8,66.91723737257739,0.04934129333231108,4.7803539447370795,0.0351426075865561,3.272902647745216,0.973263143576396,91,0,0
EQ-PM-09,9,66.8858247406191,0.05087417537469138,4.810806387822096,0.05521780695160382,3.2289367062117114,0.9601055143347916,90,0,0
EQ-PM-09,10,66.594404744109,0.0569307351734115,5.05497613866344,0.13485962954135838,0.021431321167850736,0.9041246163302132,89,0,0
EQ-PM-09,11,66.91981322932008,0.050858004862941175,5.1297052090547375,0.03682884147061323,2.1289049582534267,0.9062295946891384,88,0,0
EQ-PM-09,12,67.06414458964565,0.052900151665379994,4.9274063796651975,0.16374762558561803,1.9966698306177557,0.911633536136479,87,0,0
EQ-PM-09,13,66.36389562203034,0.04704620115093732,5.019550794636679,0.19421802571051447,2.8791565281859213,0.9233705808194032,86,0,0
EQ-PM-09,14,66.60748705179658,0.04601471050549308,4.838390218051207,0.06798345897326147,3.7225176074102917,0.9561217113150503,85,0,0
EQ-PM-09,15,66.94774356349487,0.0518356829532689,4.9125901890937085,0.12862736068290984,4.949357358896822,0.91233312804046,84,0,0
EQ-PM-09,16,65.60670521624606,0.04829140066115885,4.870571696453378,0.14166790360815337,1.467027584915912,0.956183158520127,83,0,0
EQ-PM-09,17,66.55936002466011,0.05424749047850719,4.941022960280419,0.080134553641097,4.022226461195748,0.9095268556537008,82,0,0
EQ-PM-09,18,66.92912243959701,0.055419570546139274,4.936337840051942,0.13507122156517617,2.2137275445293207,0.8890263428177083,81,0,0
EQ-PM-09,19,66.06462486859145,0.05541885117029848,5.252356409183539,0.28087904991243384,3.3667634363290193,0.8451216587926302,80,0,0
EQ-PM-09,20,66.87609366693931,0.055521316808812116,4.962108098700308,0.21256862458281225,4.595506047987324,0.871411710307743,79,0,0
EQ-PM-09,21,66.05757775484682,0.06018232880253761,4.953295024931293,0.23350706674394522,2.991982827625202,0.875914841439627,78,0,0
EQ-PM-09,22,67.27828410942142,0.05503317391516674,4.99177869070535,0.3332829584200194,3.6263479905354945,0.8389845772246196,77,0,0
EQ-PM-09,23,66.44836174306214,0.05443110395447391,5.010386871095868,0.24775453696244748,0.7193475106241869,0.8634640728371596,76,0,0
EQ-PM-09,24,66.83619142658455,0.05781609439889379,4.928697305029903,0.29050927465856835,3.2025633130539015,0.8497484622429788,75,0,0
EQ-PM-09,25,66.80957807332267,0.05484384174630046,4.869910404916798,0.15235537082589024,4.555657026966124,0.8769424995708891,74,0,0
EQ-PM-09,26,66.81920667201521,0.04969417872605325,5.034155321553848,0.2520502759298132,3.61493402922625,0.8514343606128902,73,0,0
EQ-PM-09,27,66.91021410533384,0.05843829657261324,5.072496176058788,0.329959508756008,3.770011844472425,0.8102214751698107,72,0,0
EQ-PM-09,28,66.51152020983224,0.05107795696431395,4.844844460925041,0.27300249592547243,5.480284361814148,0.8748977765958609,71,0,0
EQ-PM-09,29,67.79356543022575,0.05652091117563432,4.969094106126446,0.14696939075337287,7.343522593549777,0.8196697707593676,70,0,0
EQ-PM-09,30,67.1305034574767,0.05871840701100404,5.03583495757731,0.24777666111283167,6.266070618193761,0.8071253722007405,69,0,0
EQ-PM-09,31,67.24926737976963,0.05452658305910701,5.036543068215138,0.30068303815151864,8.396247341532451,0.8057036261882635,68,0,0
EQ-PM-09,32,67.2543365198411,0.05277129828925338,5.125706896837643,0.1777139336647699,7.5091720902310755,0.8053520922310563,67,0,0
EQ-PM-09,33,66.94404859393067,0.06467565074265665,5.005266042952885,0.3328041161002172,3.076523986473059,0.7823701655491246,66,0,0
EQ-PM-09,34,67.01536787403853,0.06003259115222784,5.146104020902529,0.2158850515166797,5.239267195102053,0.7792256887530538,65,0,0
EQ-PM-09,35,67.21414183915017,0.06115046174572269,5.2446788332409655,0.28962828032068993,6.548793653187422,0.7457657648750057,64,0,0
EQ-PM-09,36,67.86261669383447,0.06017024936219106,5.055270899099835,0.19727155649895384,6.230768949797292,0.7661159334347171,63,0,0
EQ-PM-09,37,67.11375339665972,0.06866607278572709,5.062575916833252,0.3601415261121757,4.5191717658062505,0.7426798541485574,62,0,0
EQ-PM-09,38,67.50950517952668,0.056259566860078485,5.113852588496307,0.28144773922780003,4.467297748388639,0.7604448487946305,61,0,0
EQ-PM-09,39,67.56153334076316,0.05557304243815799,4.89404109588023,0.2650583270600635,7.261256830498891,0.7919357673923515,60,0,0
EQ-PM-09,40,67.86300914726377,0.06077131531040774,5.127748198097331,0.36483305304405966,6.29201679347322,0.7228342985828935,59,0,0
EQ-PM-09,41,67.99558632752594,0.062061888202339335,5.2436950709955825,0.474067391708227,5.196215297118497,0.6844426185100022,58,0,0
EQ-PM-09,42,68.83055955574726,0.061860618409772944,5.256797967134355,0.21714157801150305,7.082692736823056,0.6842632556993884,57,0,0
EQ-PM-09,43,68.05301216751441,0.06477427620715942,5.352702731040961,0.27717379113667784,6.974206954513608,0.6724935064778814,56,0,0
EQ-PM-09,44,68.0981892696159,0.061850577499189464,5.11995513867146,0.413506461305599,4.230497185455097,0.6964168439984485,55,0,0
EQ-PM-09,45,67.5467005539112,0.06843448653810817,5.11156676795197,0.43532989260957755,6.345447017679325,0.6892848482359416,54,0,0
EQ-PM-09,46,68.68076474535091,0.06413529629799934,5.144413344146897,0.45049838523099117,7.237538047287479,0.6617020298234867,53,0,0
EQ-PM-09,47,67.77177396696058,0.06484249471662759,5.399528682578,0.3720447671423617,3.402789714898324,0.6487015107455184,52,0,0
EQ-PM-09,48,69.9742072000985,0.06547227847696291,5.338544244650263,0.41328450299932085,5.521218075810424,0.5935545590843431,51,0,0
EQ-PM-09,49,68.69478356825425,0.0640160361040094,5.210935004960845,0.4284573161186311,4.986546759984116,0.6432695069189613,50,0,0
EQ-PM-09,50,68.03121976124002,0.07355323523080512,5.220787310129705,0.4351014256926894,5.186415169591076,0.6303379940092393,49,0,0
EQ-PM-09,51,68.42156244318228,0.07105867113181412,5.344538013075764,0.39545827430652375,5.276261874676392,0.6086821933695146,48,0,0
EQ-PM-09,52,68.59149113820902,0.07339606180685054,5.154617736261015,0.38095524878207826,8.144730692132866,0.6249934898455582,47,0,0
EQ-PM-09,53,68.90112006555628,0.07743168766073145,5.068199538913003,0.4199574409159792,7.654701689824072,0.6126908588806326,46,0,0
EQ-PM-09,54,69.06535738654526,0.07800629213495348,5.3315960263190245,0.4716600650465569,6.643988011672693,0.5589333256110387,45,0,0
EQ-PM-09,55,68.06344390650172,0.07663305061442809,5.350723492012156,0.4417567543615472,8.995709451903856,0.5840001240926185,44,0,0
EQ-PM-09,56,68.97203925006693,0.07660043006549394,5.244648031251075,0.4497048966741043,7.896324175318306,0.5729479432233765,43,0,0
EQ-PM-09,57,69.06305855595596,0.0804739828858399,5.28267350653569,0.5810848232669227,8.449918028829966,0.5386114110379581,42,0,0
EQ-PM-09,58,68.88452484645687,0.07684065857733464,5.6228194436832055,0.5203534216705923,7.116380180677016,0.5036739605988508,41,0,0
EQ-PM-09,59,69.20463692934321,0.07524578926868652,5.398960295383128,0.5813211959978763,8.236605460692955,0.5236050730752423,40,0,0
EQ-PM-09,60,69.43672684615822,0.0810184409276292,5.372631388080326,0.42725423714424093,8.738345063338716,0.5191918744529403,39,0,0
EQ-PM-09,61,69.70115844670521,0.07834837269043157,5.484652345736285,0.4379095357006314,8.234059574011193,0.49785222799287365,38,0,0
EQ-PM-09,62,69.87337973086585,0.08306031590829437,5.280769597579226,0.5284263939360291,8.210322456464512,0.49976221070886606,37,0,0
EQ-PM-09,63,70.01946242903175,0.07948666663118753,5.253718890152771,0.4550500190945384,7.3241830982167455,0.5129041565102496,36,0,0
EQ-PM-09,64,69.93870032574166,0.08092177240726228,5.4018812995426835,0.5638655697585203,8.174322488868228,0.47469417464207597,35,0,0
EQ-PM-09,65,69.73589561913838,0.07686444503775611,5.473084382005058,0.479180515708462,8.557894428926737,0.48416030023121986,34,0,0
EQ-PM-09,66,69.45901840569336,0.08326642569462687,5.551367716429373,0.4762571788778511,9.21289810462338,0.4600917589092287,33,0,0
EQ-PM-09,67,70.50936693644083,0.09134271181276442,5.410552467626339,0.49490367369860405,8.55635617128481,0.42936461464822434,32,0,0
EQ-PM-09,68,70.94928047125417,0.0814734009417763,5.325165526588236,0.4862439391083728,10.756564128769723,0.453178714534746,31,0,0
EQ-PM-09,69,69.87808229010977,0.08482628256567824,5.4953892652305685,0.6682446356704848,8.623973399227822,0.4243074810156866,30,0,0
EQ-PM-09,70,70.13700858527018,0.08921292494755535,5.374410913667705,0.6083460513618552,11.845767542075732,0.4274689753119226,29,0,0
EQ-PM-09,71,70.27810454813681,0.08837297031386547,5.483561861275319,0.6336940291743884,9.988769543494602,0.40359866936673255,28,0,0
EQ-PM-09,72,70.27461638615624,0.08849543064508195,5.7115952395680605,0.5836433875203348,10.221804677015358,0.37064442647434614,27,0,0
EQ-PM-09,73,71.01329979012614,0.0997343824288047,5.5301643256342965,0.6336816644661918,8.033885606951461,0.3427554177759171,26,0,0
EQ-PM-09,74,70.96036074364275,0.09167378158680262,5.605353012179233,0.6152332247816533,11.651056620478556,0.3512615834943669,25,0,0
EQ-PM-09,75,71.57787759757055,0.09049666532036256,5.627168550716044,0.6215036562161509,12.556352952851103,0.3313317253529473,24,0,0
EQ-PM-09,76,71.19305044022859,0.10055530549426214,5.488207515994847,0.6490025051216708,11.418695095304015,0.33036472063402134,23,0,0
EQ-PM-09,77,71.53872216657481,0.10199986733139936,5.139846295888013,0.866883240165002,13.666054143918954,0.3450422788588611,22,0,0
EQ-PM-09,78,71.43956723730241,0.10107326819787514,5.547164498492541,0.5486598041293896,12.727897135713285,0.3170269096020103,21,0,0
EQ-PM-09,79,70.93568511642734,0.09693789632418309,5.582815098611832,0.7207957113720946,13.055512514767727,0.3138658580305996,20,1,0
EQ-PM-09,80,72.80153393926088,0.10226252458255834,5.582577427919881,0.7054877820364941,16.469991861058197,0.25193915681582185,19,1,0
EQ-PM-09,81,72.44481509571953,0.10709824127721582,5.753899131261208,0.8975642222365815,10.014664525694231,0.20032658311115054,18,1,0
EQ-PM-09,82,71.56358785293962,0.10210031470146358,5.429866974207402,0.7157191291261339,12.878255893706445,0.2981060599537912,17,1,0
EQ-PM-09,83,71.66783561828215,0.1046080584615789,5.6294895907403255,0.8134875498541935,14.678235658570827,0.2459749183318415,16,1,0
EQ-PM-09,84,71.78967608196474,0.10763413879253822,5.61115651868274,0.6626752205546701,14.634137262017978,0.24965954611561528,15,1,0
EQ-PM-09,85,71.76757268310567,0.11192709571799611,5.628306466242505,0.8825863977160118,15.324961644378357,0.21138077538799466,14,1,0
EQ-PM-09,86,73.19226707764525,0.11431897819574131,5.765908664739964,0.8109546007171597,14.167074301282407,0.15277120572005484,13,1,0
EQ-PM-09,87,72.13333088905604,0.10889753338038295,5.716348409660837,0.9371146496540445,14.550921292307189,0.1840809023060082,12,1,0
EQ-PM-09,88,73.0041128178408,0.1155582701130558,5.687491843833775,0.8650038989755751,12.850552703191614,0.1536637186612597,11,1,0
EQ-PM-09,89,72.40542524255389,0.11842310842241878,5.449777741273001,0.8972472291134511,14.471834453645315,0.19036624110500008,10,1,0
EQ-PM-09,90,73.6024714406687,0.11105037574983725,5.667964605916303,0.8701031011328323,15.362266453261311,0.1453229473997969,9,1,0
EQ-PM-09,91,73.80039333293725,0.11696873512864853,5.8941692963171715,0.9919563217601396,15.702754711694011,0.07592762248784024,8,1,0
EQ-PM-09,92,73.84950256735831,0.11420293662860602,5.666994923018487,0.8666614503099133,20.164973556945398,0.12468467748189162,7,1,0
EQ-PM-09,93,74.2522842942171,0.12435231725579292,5.848436510464437,1.1694379837873878,16.141526885024795,0.028212437742460947,6,1,0
EQ-PM-09,94,73.68345575888972,0.12190757666908962,5.784378007885056,0.8580130944378483,18.404676026719798,0.08576091337891151,5,1,0
EQ-PM-09,95,73.1046210422517,0.12686101634970562,5.747729643611466,0.9655657501281404,18.052624004923796,0.07905481762997792,4,1,0
EQ-PM-09,96,74.84771421478943,0.1210697257035872,5.7393202541093995,0.9874275927998429,16.349955912033,0.04549558555461672,3,1,0
EQ-PM-09,97,74.41454682144656,0.1259519560135583,5.729993224872947,0.8983069386986281,17.201363998764005,0.05089496087349654,2,1,0
EQ-PM-09,98,73.63047897393221,0.12800653208779658,5.7360774136238755,1.0689931962018202,15.33326422392497,0.04384360927744756,1,1,0
EQ-PM-09,99,74.8552129841922,0.12677727500845765,5.849305884882651,0.9481817014644072,18.48549130743927,0.007859926968866532,0,1,1
EQ-PM-10,0,66.1383934089792,0.06716817355900394,4.508294664045443,0.32419424014117815,5.48094647586946,0.9547069411605964,110,0,0
EQ-PM-10,1,66.0300486838407,0.06983238395780364,4.455549686433844,0.19802117059063123,1.5504631519065324,0.9681022687070359,109,0,0
EQ-PM-10,2,66.07493786859416,0.06503908405836842,4.620440261676413,0.06982202058622283,3.5641371771500845,0.9638677993690247,108,0,0
EQ-PM-10,3,64.98486204346845,0.06455045524683312,4.5387260166909655,0.15471329147804386,0.795136675415371,0.9929274585028227,107,0,0
EQ-PM-10,4,66.55136647792855,0.06459721293827904,4.504804823603745,0.14298586799324314,2.987306598691532,0.9567270565424503,106,0,0
EQ-PM-10,5,65.97365507802952,0.06476269174680371,4.51702745704396,0.1632645811905887,1.1247312061131534,0.9637130600010294,105,0,0
EQ-PM-10,6,65.06082174779932,0.06643075566360977,4.586354092811992,0.01061756339565259,4.359630876785575,0.9840476216972398,104,0,0
EQ-PM-10,7,65.39477033805757,0.06527928785071783,4.347810459900056,0.10341825217118655,3.5622597229266946,1.0,103,0,0
EQ-PM-10,8,65.93784966820752,0.07239988923718238,4.597739294292872,0.08979142509894915,4.996268774869862,0.9312102869970054,102,0,0
EQ-PM-10,9,66.0974187556161,0.07060349572871581,4.630330392756166,0.06389927453240708,2.9838483529675597,0.9262307756882989,101,0,0
EQ-PM-10,10,66.73473147655457,0.06544835821620522,4.577270995500706,0.2963165339173404,2.391355889568325,0.9047211669141213,100,0,0
EQ-PM-10,11,65.46986404711937,0.06685184110207784,4.611524346401548,0.23464958445875417,4.535750040574828,0.930681019564234,99,0,0
EQ-PM-10,12,66.06027824986093,0.06507526011213748,4.5043384620088744,0.03843611720815249,3.867756273501286,0.952879528172689,98,0,0
EQ-PM-10,13,65.72682516937658,0.06422853235493624,4.421405176050044,0.23179781030753674,2.3330105373095367,0.9532546799798687,97,0,0
EQ-PM-10,14,65.99505571327028,0.06693747075995779,4.426173511740359,0.05566050765046317,2.7632543888084156,0.9534932321003143,96,0,0
EQ-PM-10,15,65.28958618609967,0.06692541393498756,4.745772412057448,0.2196266686772254,4.667316464366692,0.9036418430099473,95,0,0
EQ-PM-10,16,66.03033090219374,0.06288218546670261,4.592453545392622,0.08919869257039689,3.602344869981723,0.9280901057068967,94,0,0
EQ-PM-10,17,66.20504472866092,0.06773000063425592,4.723735375364054,0.11371767850444212,4.726554016953989,0.8862767308553962,93,0,0
EQ-PM-10,18,66.06845355312159,0.06177615506173478,4.575803740345287,0.15894283967622674,3.1245194553249833,0.9190615351290008,92,0,0
EQ-PM-10,19,66.42538964087076,0.07456825378795083,4.74914642747803,0.1534688453574651,2.6532575084145087,0.8495220642998778,91,0,0
EQ-PM-10,20,67.15762143407034,0.06694965016382963,4.594089992472182,0.08095669665161805,1.9115101395518264,0.8775906404698353,90,0,0
EQ-PM-10,21,65.70996391734226,0.06920024939476833,4.6406476809919495,0.3662192793718703,4.749572395478552,0.8694638505788819,89,0,0
EQ-PM-10,22,65.6396646683383,0.0746643311316075,4.670674334530079,0.16555469894791888,3.7736451876394046,0.8699417692917406,88,0,0
EQ-PM-10,23,65.96714185233178,0.058671689142638594,4.664416007965199,0.19653317305766402,3.4877703941349147,0.8963955280562651,87,0,0
EQ-PM-10,24,66.43692806367746,0.06825859966784226,4.7393371719840625,0.19837449596156853,3.281056514521136,0.8460794713845758,86,0,0
EQ-PM-10,25,66.24149994942151,0.06921454791731252,4.612423278152487,0.19800539410093385,5.242153521580428,0.8644674796962803,85,0,0
EQ-PM-10,26,65.70850544899703,0.07296657821028225,4.690821654678004,0.2522669366765803,3.4099414209612346,0.8480445375562576,84,0,0
EQ-PM-10,27,65.6579463262301,0.06509396881136277,4.742957804195682,0.17325571223572803,3.620892902977662,0.8658889209573449,83,0,0
EQ-PM-10,28,66.08983289783515,0.07414965052448362,4.60548275415396,0.24234240424340256,6.092159530442311,0.8429833225080892,82,0,0
EQ-PM-10,29,66.3391864189457,0.07413569812950903,4.581660058480616,0.11325515394436653,3.1783462565705647,0.8500846766668491,81,0,0
EQ-PM-10,30,66.6546918869731,0.07013472738320993,4.502919729318495,0.051553227453091266,4.254939245604265,0.8669988906735394,80,0,0
EQ-PM-10,31,66.68523468772433,0.07387897676145008,4.605219722029052,0.29457633744358164,3.1131932933044597,0.8140455691217073,79,0,0
EQ-PM-10,32,66.78607906704923,0.07601452951662685,4.6615416347541965,0.14096957001739463,2.215056623100161,0.8099161494026719,78,0,0
EQ-PM-10,33,66.73186241535117,0.07494393267762887,4.700710328733029,0.2711988291697486,6.658411771368571,0.7918680095987396,77,0,0
EQ-PM-10,34,66.98804204074499,0.07151105001539838,4.84739808551214,0.2700015257601193,6.044308378206455,0.7689804742617489,76,0,0
EQ-PM-10,35,66.8138798286748,0.06684235860771426,4.802056658065152,0.15675118604734478,4.090285785450592,0.7999506879892212,75,0,0
EQ-PM-10,36,66.94513094566713,0.07323260582818383,4.596316927312163,0.26336630149670415,5.133824242777122,0.7977114218994332,74,0,0
EQ-PM-10,37,67.37600304885797,0.0702095943348827,4.473625309185501,0.1838223638201683,5.064459207882176,0.8176734663577498,73,0,0
EQ-PM-10,38,67.02207849698596,0.06928867688257147,4.477641473512579,0.43573334708383776,5.093132467138226,0.7998485326280815,72,0,0
EQ-PM-10,39,66.95990194054342,0.07479564034745156,4.8557228191374815,0.2674733453373293,6.1502426725076225,0.7445675180260419,71,0,0
EQ-PM-10,40,66.82900512749647,0.0734443863374522,4.352579958004396,0.30056988348355085,4.024280642220223,0.8201980305507365,70,0,0
EQ-PM-10,41,66.51634560820494,0.07635830620970509,4.742457828836754,0.31601352831191615,5.600837333215699,0.757521855562884,69,0,0
EQ-PM-10,42,66.47063090927549,0.07337913205885765,4.372244895765814,0.2565802584405576,4.350951335218594,0.8244061071791976,68,0,0
EQ-PM-10,43,67.29785752098257,0.07945158784102264,4.699838835412158,0.17358298986861906,3.5637354856196732,0.744523120159532,67,0,0
EQ-PM-10,44,66.31781872383512,0.07833765154582119,4.680885154410773,0.2676977361034836,3.8470898750990026,0.7620586901711253,66,0,0
EQ-PM-10,45,67.2257506973552,0.08018752093546022,4.513031890240685,0.4027785563735371,5.559368339863545,0.7432238067757153,65,0,0
EQ-PM-10,46,67.14074328268161,0.07691805855258627,4.779066295642102,0.37011906311132803,5.925630595556307,0.7137016184339301,64,0,0
EQ-PM-10,47,67.55136644193476,0.075266705440263,4.790082127821851,0.16695343438136453,5.5717512237398275,0.7230467920976253,63,0,0
EQ-PM-10,48,67.84466215624643,0.07899805705853322,4.8251958829017605,0.22938808327917806,6.893251180877913,0.691693673860572,62,0,0
EQ-PM-10,49,67.2757118677905,0.0773596956711688,4.754986453757472,0.36409098799472395,3.5245666313255852,0.7038926402586517,61,0,0
EQ-PM-10,50,67.36918871427723,0.08116020119234112,4.800845766687393,0.34893425819462975,6.387514978981867,0.6835094131522559,60,0,0
EQ-PM-10,51,67.39037845842596,0.08492762392028529,4.708213678021415,0.2785699764914483,6.385651868696607,0.691310536017074,59,0,0
EQ-PM-10,52,67.36225110167054,0.08501430149750763,4.9506731528780845,0.4255578023627006,5.5485957893041045,0.6375475039954598,58,0,0
EQ-PM-10,53,67.88497539118403,0.08351237509543875,4.741934902246088,0.44895738521716166,8.500825308799339,0.6540231738903299,57,0,0
EQ-PM-10,54,68.38862645159017,0.07766247322997069,4.890757718700999,0.45853678824733385,7.5167938211541,0.6295934710907743,56,0,0
EQ-PM-10,55,67.50642504320793,0.08113283178017675,4.686139863522642,0.30668248767303596,6.083639715987777,0.6856689000771805,55,0,0
EQ-PM-10,56,67.75377918953427,0.08874833966078047,4.795355435443684,0.2700494285435949,10.949143215044103,0.6445454286604821,54,0,0
EQ-PM-10,57,67.76976093493583,0.08908809871237189,4.688892764425272,0.27881217820638415,5.049717237588892,0.6552077949011293,53,0,0
EQ-PM-10,58,68.53786533800178,0.08577682132451846,4.658531723147142,0.2973482600259482,7.692820565767577,0.6438021081220591,52,0,0
EQ-PM-10,59,68.97706625103704,0.09061498920569731,4.8736905668569195,0.496906408246083,6.000986826299009,0.5653152060329321,51,0,0
EQ-PM-10,60,68.51644568134932,0.08172879264798934,4.724110288198599,0.49802151925827826,7.543040779719897,0.6181899241851053,50,0,0
EQ-PM-10,61,67.25816395463809,0.08563371929604913,5.018810857578723,0.5010030870803116,7.0985087411636165,0.5921995903616967,49,0,0
EQ-PM-10,62,67.46339507544532,0.0914303460099496,4.99465999978601,0.5010864232870846,8.256897270206252,0.5730097224231762,48,0,0
EQ-PM-10,63,68.85303891195426,0.09009623960267767,5.053194417723527,0.43309356547573113,8.921942839331107,0.5364411974373222,47,0,0
EQ-PM-10,64,68.5854840490892,0.08816358124258611,4.8205789036860685,0.4008498324514507,7.971334342528831,0.5828965971354061,46,0,0
EQ-PM-10,65,68.52394367478871,0.08644101513682001,4.843559391968865,0.5346748151643521,7.292111531426478,0.5687301320618059,45,0,0
EQ-PM-10,66,68.29175194019496,0.08959828899773556,5.09545111211961,0.5446388663032525,7.828578998120826,0.5246797594560408,44,0,0
EQ-PM-10,67,69.2006818280188,0.08976723580269758,4.87053396764715,0.43255536390841404,10.87770158198526,0.5432982489765744,43,0,0
EQ-PM-10,68,69.25220856791917,0.09603128871668808,4.915308948042312,0.4798353823414945,6.0326349964106125,0.5117238811096885,42,0,0
EQ-PM-10,69,67.8003687232544,0.09464099527861788,4.789008721669236,0.4460968827458094,6.890445051158332,0.5706326765551951,41,0,0
EQ-PM-10,70,69.01594529265708,0.10064646798726162,5.119963385368682,0.43974424938611595,7.751613247460964,0.47303982614775286,40,0,0
EQ-PM-10,71,69.46058285321219,0.09577648886977734,5.035902229296254,0.5797817550939286,7.2426264412595565,0.4695224395858505,39,0,0
EQ-PM-10,72,68.6083693012006,0.09944418485849783,4.895236716740356,0.5289932987454027,9.620363803015714,0.5046553927507583,38,0,0
EQ-PM-10,73,68.73869519965945,0.09548574550072943,5.070045521597839,0.4952349473363428,11.43297800447042,0.4852660399141734,37,0,0
EQ-PM-10,74,68.53786967310607,0.10373500705638168,5.012307256120536,0.6342621474160743,7.930358449388784,0.461239725820681,36,0,0
EQ-PM-10,75,69.63509236096628,0.10720800638035924,4.975047206870568,0.5360848002479015,9.654070362760162,0.4373515842367265,35,0,0
EQ-PM-10,76,69.02602739163554,0.10361852528162216,4.911060765440445,0.5551291084753875,10.924639313514348,0.4660636284267893,34,0,0
EQ-PM-10,77,69.26540881952735,0.11112386802686683,5.18221464652597,0.5542323194403889,13.056983588882629,0.39755051442523526,33,0,0
EQ-PM-10,78,69.62446422780437,0.10680803986418584,4.8890742149415845,0.5112151741045347,11.572079071089965,0.4444546607144374,32,0,0
EQ-PM-10,79,70.02495373636677,0.10553100822718729,5.161863522853199,0.5243829456165446,9.645932580669601,0.39221801057311234,31,0,0
EQ-PM-10,80,70.55978935866851,0.10798760256158722,5.064265759164423,0.6567318345344844,11.392903346778942,0.3709285916592733,30,0,0
EQ-PM-10,81,69.99883009511164,0.10637843735488903,5.319886230588212,0.577213841016954,10.143604351578706,0.35540239672130697,29,0,0
EQ-PM-10,82,70.00551071525965,0.10830411296296016,5.15527352589895,0.5613658688155714,9.557416717396302,0.3735160769391382,28,0,0
EQ-PM-10,83,71.05247133387022,0.11133700341366409,4.819614041537853,0.4790622050495593,12.69473547592643,0.39515730619606193,27,0,0
EQ-PM-10,84,70.42975179862373,0.11356564212350764,5.03644189429559,0.6928615665787612,10.662563433527323,0.3480677655542161,26,0,0
EQ-PM-10,85,70.36840261270927,0.109133426849321,4.934743151077483,0.6129267819688018,12.07857269269731,0.38074850514943787,25,0,0
EQ-PM-10,86,70.68904824779302,0.11448863214463266,5.1256278144450205,0.6595525623991852,14.776010458127388,0.32286725530407795,24,0,0
EQ-PM-10,87,71.15331141909974,0.11890477937315033,5.099712821393614,0.7198538770974947,11.438990986013291,0.29489560725617775,23,0,0
EQ-PM-10,88,71.08243278022172,0.11427855121519019,4.950259422209552,0.7021811435390597,13.607659507218745,0.3292366086746632,22,0,0
EQ-PM-10,89,70.54668759959264,0.11567187711143878,5.284187628164606,0.7695901399499472,12.151124478331703,0.27913497473360366,21,0,0
EQ-PM-10,90,71.89376441168159,0.12239244249458417,5.453605143011165,0.8484992432028956,14.307067950658887,0.19217128523941965,20,1,0
EQ-PM-10,91,70.73042269500795,0.12098243456095964,5.365573160854506,0.7857344377979633,11.119667373275188,0.241079307672496,19,1,0
EQ-PM-10,92,71.1202785962022,0.12300507148075439,5.228250255389394,0.8295873789136176,16.20215523959609,0.23930764136953597,18,1,0
EQ-PM-10,93,71.37992023793491,0.11834531791214334,5.179802861275502,0.8112337317858762,12.975300811433062,0.25038663989578547,17,1,0
EQ-PM-10,94,71.53150152346673,0.12275837561509985,5.287556815055349,0.8086430181685779,13.84195122938779,0.21647862361303338,16,1,0
EQ-PM-10,95,70.97492850500909,0.12607007668166162,5.341757708400028,0.8080689135452113,13.686926191820664,0.2108591546868866,15,1,0
EQ-PM-10,96,70.71869577065338,0.12412467481455079,5.234409210679664,0.7935981735756045,14.666170887967807,0.2364960081867533,14,1,0
EQ-PM-10,97,71.92559951098454,0.1288793306150264,5.1698282950001,0.9209597685466486,16.756766012408356,0.18820593485029757,13,1,0
EQ-PM-10,98,71.68311823526248,0.1249111639513381,5.272751059090225,0.7589388431101814,13.474737002830473,0.20177024315087946,12,1,0
EQ-PM-10,99,72.6104300219503,0.13431244408035573,5.4289534554680445,0.7759552058925858,15.470190314352223,0.12677043424440862,11,1,0
EQ-PM-10,100,73.10909697106055,0.1326347336632924,5.6932097893448095,0.9182064235990036,13.46753283182443,0.061452646525335775,10,1,0
EQ-PM-10,101,72.49215127674057,0.1343561024107634,5.265599951644179,0.9035046590824692,13.52460633042691,0.1350027009395876,9,1,0
EQ-PM-10,102,72.96571197724667,0.1326344698857246,5.392955608747066,0.975811796939993,13.781105794040505,0.09795188420652857,8,1,0
EQ-PM-10,103,72.73331228077667,0.1336925492995219,5.315896371947873,0.9731243959750274,15.231599014767943,0.10976248551834256,7,1,0
EQ-PM-10,104,73.2378114380567,0.13994485893005854,5.421654991886352,0.7536299833825927,19.975712506386202,0.0844230625966538,6,1,0
EQ-PM-10,105,72.773254140006,0.1369432423183327,5.401072038193004,0.9683129229753923,16.245864640989243,0.0819783674901397,5,1,0
EQ-PM-10,106,73.6818791584848,0.14613424917219606,5.451473561837752,1.004430927974196,17.89451731689889,0.021931377665100588,4,1,0
EQ-PM-10,107,73.46556406188596,0.1421700352134414,5.563371401563908,0.9312745833326067,16.862754972217417,0.024598930300375646,3,1,0
EQ-PM-10,108,74.26399373780983,0.14576140699657714,5.4571975674011854,1.2063405088843084,18.170115832885262,0.0,2,1,0
EQ-PM-10,109,73.42320412065882,0.14929748182298241,5.308807859464663,0.8980022865606121,19.305039126901043,0.04298743693565138,1,1,0
EQ-PM-10,110,73.90343507014344,0.14050081416946741,5.754633660107708,0.9862722527637087,16.459108747469298,0.0,0,1,1
EQ-PM-11,0,66.04457013188188,0.06860726692338315,4.624678205695995,0.09937839213381783,1.200916290211684,1.0,136,0,0
EQ-PM-11,1,66.00028132504171,0.06277320299280906,4.929734405345913,0.2447987757831366,3.816284321660371,0.9625870699373711,135,0,0
EQ-PM-11,2,66.09860143073429,0.06520195392159969,4.734174207480641,0.24746539825834227,6.985579389542552,0.9805510279935856,134,0,0
EQ-PM-11,3,66.08265075536787,0.06959482657359489,4.864987461367058,0.08960791711515195,3.3842246465759125,0.9635578438673501,133,0,0
EQ-PM-11,4,65.3333259007556,0.0626515285652421,4.715138371790843,0.07310529779241746,2.214698573003705,1.0,132,0,0
EQ-PM-11,5,65.17852351806981,0.06413814117442077,4.839921805048086,0.09643459909383215,1.1220278134842454,0.9977328597241849,131,0,0
EQ-PM-11,6,65.99144718833969,0.06300207905941929,4.811829847998762,0.018024712504001728,3.14972302942225,0.9897311760595586,130,0,0
EQ-PM-11,7,66.55659902818155,0.06797725032699176,4.643597884484287,0.05438520021876116,2.068240988634707,0.9821896682385115,129,0,0
EQ-PM-11,8,65.58992592941868,0.06853624411894486,4.828316542720189,0.13599771625859092,4.416543315407077,0.9665164314765676,128,0,0
EQ-PM-11,9,66.98161686253346,0.0692229386189701,4.7471043681430904,0.06494313102815233,2.8999817364103224,0.9467211771964791,127,0,0
EQ-PM-11,10,66.15997334499367,0.06407940396233726,4.924824202586505,0.12686176587362527,3.706022723177252,0.9446977337137317,126,0,0
EQ-PM-11,11,66.00983344273362,0.06510557228228984,4.9005784474660095,0.15275561186614062,3.8567291697072226,0.9443597597274095,125,0,0
EQ-PM-11,12,65.8963282396137,0.06475649078485872,5.034927151282398,0.15949906146178827,4.805046339403911,0.9246699136051978,124,0,0
EQ-PM-11,13,66.89237805278397,0.05863054584463753,4.6878326520787335,0.3080303481109705,3.799620572376124,0.9497210474303606,123,0,0
EQ-PM-11,14,65.75708336235101,0.06812017519189012,4.974024930045231,0.1564994064817481,6.422401414294716,0.9240300643792361,122,0,0
EQ-PM-11,15,66.80508156547131,0.06531958737427399,4.868486976771696,0.014306930476409102,2.710519517276117,0.9323079900250684,121,0,0
EQ-PM-11,16,65.74097703090911,0.057941182018392746,4.813366945425858,0.26476074860293725,4.397010163013171,0.9580057102562848,120,0,0
EQ-PM-11,17,67.34160396579207,0.06194983884588428,5.005370286692863,0.1295650367909317,3.2308130967535327,0.8901139353948666,119,0,0
EQ-PM-11,18,66.1783954908623,0.06756589403933902,5.070068021417219,0.12224092682565758,0.0,0.8936082306605836,118,0,0
EQ-PM-11,19,65.84329016438564,0.06421123150129235,4.795652583230836,0.11823787804892724,4.759136380158425,0.9493616113614827,117,0,0
EQ-PM-11,20,66.51715329417159,0.06930251163076298,4.98424056237698,0.12066705739848609,2.746577386494981,0.8886821885745149,116,0,0
EQ-PM-11,21,66.36224454502508,0.061266708700813216,4.714227019390445,0.2373025957577062,6.068657862576588,0.9389093628283457,115,0,0
EQ-PM-11,22,65.8683810293254,0.06773600450480721,4.481378702652472,0.323043127253396,3.5239814403926952,0.9588623761602147,114,0,0
EQ-PM-11,23,66.89573193832011,0.061329119038265864,4.926091446246373,0.23373499846478832,4.238681395029095,0.8888461890297114,113,0,0
EQ-PM-11,24,65.8615922787328,0.06169228009048065,4.869828225452064,0.127910651751168,2.068575438473042,0.930240166267601,112,0,0
EQ-PM-11,25,66.10323390777972,0.06869782142696132,4.837567671012939,0.2846759907574421,5.597818158499848,0.8932742920537027,111,0,0
EQ-PM-11,26,66.759147319257,0.06862345856374051,4.870539070226294,0.23388229128767285,5.446946714182044,0.8746224945780321,110,0,0
EQ-PM-11,27,65.80494688537307,0.0608296667639462,4.9579273906387975,0.2658774306603385,4.6007485294282855,0.8990806935137091,109,0,0
EQ-PM-11,28,66.78866304297796,0.06566954435919081,4.895876946143389,0.1327948298302779,1.8767431977146658,0.882430392931028,108,0,0
EQ-PM-11,29,66.21030253785136,0.06605458670064948,4.787598842195302,0.18208916344905177,1.8535463940302568,0.9046655525241172,107,0,0
EQ-PM-11,30,66.38214294843795,0.061882097166741284,4.782961628045976,0.19486135891353068,0.47658234885628703,0.9076455992584095,106,0,0
EQ-PM-11,31,66.0783560661648,0.07301743731575089,4.8946039508099615,0.17983118954746413,3.2975704137964486,0.8695850600529582,105,0,0
EQ-PM-11,32,66.89596783654206,0.07474308329732338,5.051885772172621,0.11071327210087065,3.917308178652312,0.8255766399680912,104,0,0
EQ-PM-11,33,67.3107327687392,0.06447759121269184,4.801391063987404,0.15552692699246,6.104996543694992,0.8713905582016005,103,0,0
EQ-PM-11,34,66.39489285831145,0.06555687062255118,4.89859892213069,0.14207827252602442,4.580449508603449,0.8757785147510319,102,0,0
EQ-PM-11,35,66.32417649454287,0.059797964958128294,4.6690809999040965,0.1610316287318299,1.5197554282572483,0.9219025113079472,101,0,0
EQ-PM-11,36,66.03243139966459,0.07083870658290259,4.901583191104358,0.2069750706596236,4.730513236986164,0.8595510823333852,100,0,0
EQ-PM-11,37,67.17798147330309,0.06952014667247959,5.00717097535476,0.1776982750444711,5.737780784279179,0.8187247127806704,99,0,0
EQ-PM-11,38,67.27072186062107,0.06712526418696992,4.944634040507609,0.19952644370129596,1.873988406898837,0.8270176032611208,98,0,0
EQ-PM-11,39,67.33937466083584,0.07011577858678504,5.105776335765048,0.093323960576782,1.259669778166602,0.8017003718682841,97,0,0
EQ-PM-11,40,67.00747058680615,0.06721293560883347,4.839388930204385,0.20341384009088198,5.501876110648569,0.8436306746348302,96,0,0
EQ-PM-11,41,67.44925595411577,0.07158686440299435,4.734103389859962,0.19189347487201047,5.176972743809032,0.8360225566284735,95,0,0
EQ-PM-11,42,66.99031399824548,0.07002648319478919,4.834842416633275,0.20677164290765246,3.9586577942882992,0.8322248583144177,94,0,0
EQ-PM-11,43,66.56845055691252,0.07621330997843354,4.921615648283453,0.349972850942474,6.943900198322048,0.7973947424258574,93,0,0
EQ-PM-11,44,67.16325049378698,0.06821551347630071,5.094529653309661,0.2615131772495367,5.072946708394204,0.7828545724629257,92,0,0
EQ-PM-11,45,67.50500297584945,0.06597834526370869,5.2302991343195355,0.24360694748928735,5.016124044213581,0.758755352355623,91,0,0
EQ-PM-11,46,67.23042372321099,0.07794372469104592,5.087756337213032,0.34251968941971855,5.907878704477957,0.744623001064409,90,0,0
EQ-PM-11,47,66.7038511175413,0.07104268728689023,5.080207969579976,0.29526272933707515,3.0721693178643994,0.7783243314579987,89,0,0
EQ-PM-11,48,67.19761286610175,0.0761700888750526,5.0236935934318705,0.31606975080702926,4.171099241254241,0.7569847086370374,88,0,0
EQ-PM-11,49,67.45848159103852,0.08178570211563253,4.9278698804517616,0.26975183827627003,4.914478790039904,0.7528557762004958,87,0,0
EQ-PM-11,50,67.33690541383672,0.08445371694183665,5.131722698487692,0.1486645582620663,5.650044228066349,0.7281824194492968,86,0,0
EQ-PM-11,51,67.41551681658993,0.07429149488350513,5.068704664730895,0.38829306003930036,3.4800593429328703,0.7345390150003266,85,0,0
EQ-PM-11,52,67.11199541553546,0.0769386728221323,5.0733144983048915,0.1871038460369443,3.767535471086747,0.7523630221324918,84,0,0
EQ-PM-11,53,67.79203243971092,0.08000180590106316,5.0500395171597035,0.3450382737766226,4.524602239502013,0.7128285388168238,83,0,0
EQ-PM-11,54,67.17738565364344,0.07712825165612927,5.263025698262006,0.34471246749760553,3.991849399416187,0.7008897181316371,82,0,0
EQ-PM-11,55,67.62334052923164,0.07550094687667439,5.21952713423454,0.2765634371061922,6.149320415060387,0.7045752664220658,81,0,0
EQ-PM-11,56,67.4321238414952,0.07817004549741145,5.074163666802501,0.14998410413770966,4.495388020087642,0.7345718610635238,80,0,0
EQ-PM-11,57,67.92734311223157,0.07808773575005452,4.954237816108,0.2742168022507293,5.7968061067468755,0.725389232044615,79,0,0
EQ-PM-11,58,67.32631207334929,0.0761350264642589,5.17387500827043,0.35871560217357035,6.452935822932035,0.701327793002748,78,0,0
EQ-PM-11,59,67.6853556148062,0.07864839126278593,5.030281052165083,0.31103195161214486,7.495996056008884,0.7098022215301875,77,0,0
EQ-PM-11,60,67.52618429358542,0.08051814492052616,4.812264467135893,0.3875226363265951,5.796766450756558,0.7315870102875252,76,0,0
EQ-PM-11,61,66.86443726614156,0.08664467553497202,5.139934542183364,0.2276620751861143,6.4635883348871515,0.6970763748826697,75,0,0
EQ-PM-11,62,67.53052809945858,0.0889457623919649,5.282664868722426,0.3027767423295158,5.54333699040969,0.6431768418002979,74,0,0
EQ-PM-11,63,67.78922502565533,0.08497045059282912,5.241457162530126,0.29644602100128514,5.618395496026288,0.650888396793122,73,0,0
EQ-PM-11,64,68.39742754606162,0.08180453418709653,5.1998923764727465,0.4322955580890501,7.603808720564591,0.633674359585362,72,0,0
EQ-PM-11,65,68.63886991534996,0.08412491881076456,5.0965918471754845,0.41659609166890965,5.433550815916346,0.6363288354188222,71,0,0
EQ-PM-11,66,68.81897977656978,0.08202930722725517,5.184508460023489,0.30555869834431537,5.052465390042205,0.6324078358405942,70,0,0
EQ-PM-11,67,67.73466630976604,0.08387542662140701,5.365053636570757,0.2759760583396589,8.631140786043371,0.6282033321319188,69,0,0
EQ-PM-11,68,68.2744788922675,0.08544081770353726,4.939574193513252,0.36930316536372154,6.156691668076202,0.6627102162085114,68,0,0
EQ-PM-11,69,67.95904720230662,0.08145974766932294,5.107547473277546,0.23566795926921355,6.058817389548422,0.6661426827761111,67,0,0
EQ-PM-11,70,67.69038593336302,0.08367093525673693,5.272257767893748,0.30760371158978866,8.232703202103972,0.6328575966949136,66,0,0
EQ-PM-11,71,67.17744748322662,0.081755938203012,5.036963187331877,0.5751120880811587,6.071080918683166,0.6564383706060148,65,0,0
EQ-PM-11,72,68.42058719164717,0.08783414739357608,5.24141561321264,0.661254773555634,5.695070001758356,0.5683086930777643,64,0,0
EQ-PM-11,73,68.9415090136083,0.08669063872105932,5.296567837315795,0.4501555900489459,7.707080961666393,0.5684079745334588,63,0,0
EQ-PM-11,74,68.83210674010708,0.08931233406797023,5.088129825470329,0.4995039564890673,4.311481367383097,0.5883461287247551,62,0,0
EQ-PM-11,75,68.07026801029441,0.08366186955353745,5.254357480332819,0.4495779298679115,9.323356513214692,0.5990031832771312,61,0,0
EQ-PM-11,76,68.40986781969355,0.09187901661643517,5.049450010078011,0.5841182074114146,7.013625213827389,0.5846788837570147,60,0,0
EQ-PM-11,77,69.41621773792282,0.0871697768616981,5.3215874776969505,0.3679861328660131,5.39195787597682,0.54951229308806,59,0,0
EQ-PM-11,78,69.18070841968753,0.08867624164717024,5.129948640553876,0.2785410524012488,7.949218770749509,0.5867506682864346,58,0,0
EQ-PM-11,79,69.12060562779305,0.09745544589204685,4.946063455357034,0.3671635885449002,6.573228132236431,0.5824522222250014,57,0,0
EQ-PM-11,80,68.17272350166913,0.08479642002924041,4.99667561484301,0.4321473623799209,4.735142273013002,0.6211331093169528,56,0,0
EQ-PM-11,81,70.41370027078261,0.09417150901362555,5.064418030574602,0.45995113866217857,6.708727394937819,0.5261556982284232,55,0,0
EQ-PM-11,82,68.6145929910236,0.09454899443983268,5.364371307869923,0.5342804019513203,6.07102877614228,0.515190219321904,54,0,0
EQ-PM-11,83,68.78440228943978,0.09322585918898031,5.526858530349289,0.5091882124991373,7.442874511097997,0.489815431150179,53,0,0
EQ-PM-11,84,68.54611189276716,0.09024399803808714,5.217012395207807,0.4406001776543842,9.30868963576547,0.5539895382881603,52,0,0
EQ-PM-11,85,69.37763947663014,0.09290950853387597,5.388728852888309,0.4607023449168542,9.817066236229277,0.4961963576620268,51,0,0
EQ-PM-11,86,70.00551295004183,0.09281412095124615,5.444272339725263,0.39084562574323933,11.19318929504674,0.4768186092633627,50,0,0
EQ-PM-11,87,70.1835967794155,0.0992595367533002,5.194722651965607,0.5284612708838887,10.621833268627382,0.4773503332620047,49,0,0
EQ-PM-11,88,69.00868906311908,0.09838654136058785,5.214361613610767,0.4277472541265458,7.406915124947568,0.5134575426683915,48,0,0
EQ-PM-11,89,70.29009659046017,0.09359175264217795,5.111092721045151,0.41240061979383846,8.592415967091,0.5078607941872377,47,0,0
EQ-PM-11,90,69.84433036405525,0.10560434183472239,5.490422860222435,0.5214263293524349,7.61948297693829,0.41859785562178226,46,0,0
EQ-PM-11,91,69.76910015414379,0.09970224086208831,5.36390024280187,0.6103520478384779,10.326094307724148,0.44274615465386996,45,0,0
EQ-PM-11,92,70.02325666257678,0.1010412338935975,5.282546360032256,0.621803537991241,7.510841635984738,0.441529163352673,44,0,0
EQ-PM-11,93,70.07815281386291,0.10376607863991383,5.381534412895067,0.5500169850550094,9.54957412915459,0.423101565657166,43,0,0
EQ-PM-11,94,69.60219594995645,0.1031164392268469,5.599346817728862,0.5282244824235434,10.374178184682723,0.40355844591380724,42,0,0
EQ-PM-11,95,70.7618749170903,0.1046966036780159,5.31615075932548,0.6371390614208611,9.894409069545834,0.39963048205654955,41,0,0
EQ-PM-11,96,70.74568502263905,0.10207320193877689,5.522134360498852,0.5865398414809578,7.641175660917623,0.37818258617214795,40,0,0
EQ-PM-11,97,70.06915353096832,0.10580199890583988,5.111061286934649,0.6726459784423618,8.726681613033382,0.4362506989729842,39,0,0
EQ-PM-11,98,70.06654237388136,0.10341018530620827,5.431815152280435,0.7122660014521534,8.075185681527222,0.38764690038462557,38,0,0
EQ-PM-11,99,70.39387683561993,0.10908594934388924,5.2178015069293355,0.6490274631202545,11.155596906910299,0.40112649997104877,37,0,0
EQ-PM-11,100,70.29379964439399,0.1067546365946768,5.590495371101081,0.6475176576720864,13.37556282822618,0.351130083132019,36,0,0
EQ-PM-11,101,70.11645976223886,0.10374356925700892,5.243743420583511,0.5874947661909781,12.046761273183746,0.4185328008440482,35,0,0
EQ-PM-11,102,70.1511490026887,0.11126264518198604,5.479538169025962,0.7300948700456595,12.59068951375016,0.34666512795675913,34,0,0
EQ-PM-11,103,70.66124847629415,0.10899230136796766,5.444710641336932,0.6078413982593277,11.09318997456483,0.3544644475718919,33,0,0
EQ-PM-11,104,70.98225089809596,0.11443248831729472,5.595742005950022,0.6394409381534573,11.222914321126082,0.3044507315603878,32,0,0
EQ-PM-11,105,70.28837272773245,0.11058606447177478,5.400132393119267,0.6842825034372699,12.582820875840573,0.35369750141774237,31,0,0
EQ-PM-11,106,70.86270354283431,0.1146488757169032,5.468641268078247,0.6991205779256854,12.640790764502082,0.31484853482292186,30,0,0
EQ-PM-11,107,71.58217634931438,0.1122125871495273,5.340403844285183,0.7011947886808305,11.670939759954699,0.3194070991610401,29,0,0
EQ-PM-11,108,70.70767098696038,0.1105332224462281,5.6345148746420755,0.5995495220116072,11.605341026529507,0.30894248767976196,28,0,0
EQ-PM-11,109,72.11735328926686,0.1225236618110864,5.657793609356396,0.5564323028559571,12.736251499871694,0.2419707140066063,27,0,0
EQ-PM-11,110,72.04234646142991,0.12249278523189772,5.422824824680155,0.9724417748558146,10.618616859299896,0.23499391724018737,26,0,0
EQ-PM-11,111,71.29062561223694,0.11420378444729326,5.432738742000157,0.7618436158305576,9.501429312823253,0.29150863932428367,25,0,0
EQ-PM-11,112,71.61091843067881,0.11892128026592005,5.372536712932121,0.7194719926798026,9.94885678349665,0.28240151658018614,24,0,0
EQ-PM-11,113,71.81840671321557,0.12186572344845416,5.580850239758237,0.7946282825083514,13.397638745361899,0.228517014141895,23,0,0
EQ-PM-11,114,71.61229202492223,0.11751210642037098,5.407534402728968,0.9211056383515555,9.894576072148347,0.25533003447774155,22,0,0
EQ-PM-11,115,72.06785299608613,0.12688198009209084,5.657857990467098,0.9478117345172501,13.54508480224013,0.17772364883029076,21,0,0
EQ-PM-11,116,71.61237677176206,0.12183227780107685,5.451465019440045,0.9651920517707192,13.795717194054433,0.2283821946828738,20,1,0
EQ-PM-11,117,72.40098562079451,0.12378216951988968,5.547256671097267,0.74508447871744,16.212868998439877,0.20886072430501035,19,1,0
EQ-PM-11,118,70.87383370987686,0.13063960338212513,5.597505007350125,0.7838798027795539,12.244953756471523,0.21590562516645811,18,1,0
EQ-PM-11,119,73.15835730061241,0.12550259534838415,5.7604419920658305,0.7298622093922765,15.071064811548757,0.15002273770202917,17,1,0
EQ-PM-11,120,72.7458393871116,0.13288191628932935,5.688743849059482,0.9422317622508635,11.837040963614092,0.12883161994051504,16,1,0
EQ-PM-11,121,72.29010265880495,0.12906382224829047,5.813276029725198,0.8955873257453912,14.345431697031447,0.13318136038970368,15,1,0
EQ-PM-11,122,72.48298443381246,0.13050609997814464,5.683852865764819,0.8753951223019976,15.738121339848297,0.1436127872165121,14,1,0
EQ-PM-11,123,72.43853413679513,0.1263860216936134,5.673145677022394,0.7353494788728554,14.27462385207792,0.1680613535957868,13,1,0
EQ-PM-11,124,72.14932452964668,0.13126900163856553,5.660038736608698,0.8615615448475844,16.10343983375254,0.1498554489649345,12,1,0
EQ-PM-11,125,72.72560154450932,0.13119747114957195,5.532845898419158,0.915693432195704,13.916036849487572,0.14671955739770687,11,1,0
EQ-PM-11,126,72.21122855193704,0.1314828318454301,5.692501047858834,0.7989383816963159,18.11259114572342,0.14401918369459105,10,1,0
EQ-PM-11,127,73.18341665227501,0.13907346361708342,5.610086387835434,0.9548161115742283,14.33002636038264,0.09493879836096232,9,1,0
EQ-PM-11,128,73.10418924294568,0.13331112860336142,5.567408782035772,0.9617936912921926,19.69977987413597,0.11445567461488904,8,1,0
EQ-PM-11,129,73.8503975535609,0.1348519146625453,5.718509947951915,0.9622071009308846,17.47510846591012,0.06666845643849331,7,1,0
EQ-PM-11,130,73.18875425852634,0.13693901715604795,5.4699826170465204,0.9809418110391186,18.296986879235604,0.11082388179382181,6,1,0
EQ-PM-11,131,73.08992269156123,0.12755533943579592,5.622140133005072,1.036847400546224,17.583648718952183,0.10576614951232174,5,1,0
EQ-PM-11,132,73.5471729147289,0.13680843944763063,5.745994727551058,1.0732285048953136,18.568847829689396,0.046412314874971536,4,1,0
EQ-PM-11,133,73.93351808424262,0.14167410506650002,5.650175040724865,1.0101460682264438,18.2416582136531,0.04269718886900627,3,1,0
EQ-PM-11,134,73.9414448921666,0.13902270301408257,5.732804931027348,0.8648860715652937,15.877793759566975,0.048685510510928245,2,1,0
EQ-PM-11,135,74.01830951199615,0.1420476730710218,5.801701893233013,1.0069585318408432,19.196973888107795,0.012086150102671958,1,1,0
EQ-PM-11,136,74.16405542321357,0.14956243131442046,5.866006810024195,0.9695973874188498,14.764234296128192,0.0,0,1,1
EQ-PM-12,0,65.54703235036148,0.04636965752698664,4.757037511497743,0.05874519431023682,3.5031514304425326,1.0,106,0,0
EQ-PM-12,1,66.69894314217558,0.06649823143539346,4.979201882464444,0.22083814263533338,3.98897557313638,0.936418027928981,105,0,0
EQ-PM-12,2,65.55548767686625,0.059397546645460805,4.79381158585126,0.10048371761229827,3.69372507026162,1.0,104,0,0
EQ-PM-12,3,64.92867163288638,0.06656487690433913,4.767932471118008,0.2195113200845732,3.619545188133414,1.0,103,0,0
EQ-PM-12,4,65.92355171327489,0.06700154813883792,4.823849599502514,0.18962513470452247,1.4714701243099633,0.9710630047528992,102,0,0
EQ-PM-12,5,65.80793166547313,0.06546206648808521,5.012597824311048,0.3023118450964567,5.4807569401039,0.9349194185218985,101,0,0
EQ-PM-12,6,66.44629888858134,0.0604995947404434,4.912287535555144,0.2676038784025204,1.3223044244371254,0.9465818705036242,100,0,0
EQ-PM-12,7,65.77998712526777,0.053130876948699196,5.009075666904629,0.1970299650001232,4.157880933637397,0.9708987439111882,99,0,0
EQ-PM-12,8,66.22788651049997,0.0535702527839581,4.985102093457457,0.036542971523240306,3.334007612489792,0.9749456682645471,98,0,0
EQ-PM-12,9,67.09514652319362,0.060341136630058335,4.782117862079968,0.2130514560266469,1.7633861451390687,0.9458318577957853,97,0,0
EQ-PM-12,10,67.17163991577601,0.056177849163808476,4.918516516843139,0.03339862911152766,3.0427077559245346,0.9485313393314334,96,0,0
EQ-PM-12,11,66.27538377160384,0.06714558660879133,4.789076519784994,0.07958773685350813,3.1229814828821283,0.9550136013153515,95,0,0
EQ-PM-12,12,65.22599560891125,0.06103512459110688,5.221367781147004,0.15460786821945322,4.137355492650406,0.9208768712935286,94,0,0
EQ-PM-12,13,66.19177087518014,0.05957697538352083,4.934727332207743,0.1734600760719106,0.4707649480815941,0.9381868224189621,93,0,0
EQ-PM-12,14,67.37544544255776,0.06078719897611804,5.256547829748322,0.15169522677501987,2.6527131211282517,0.8561709227591779,92,0,0
EQ-PM-12,15,66.60531475833805,0.058090450582474244,4.97146122966132,0.3408262747034092,3.6710849129718053,0.9027140592765386,91,0,0
EQ-PM-12,16,66.61365327571427,0.059493515359430954,4.935935362846402,0.2341608166168235,3.2470428074151854,0.9116914734381847,90,0,0
EQ-PM-12,17,66.19430492440439,0.05639598995235054,4.921830886310713,0.12118814618735696,5.098513331379814,0.94003004746948,89,0,0
EQ-PM-12,18,66.43891272099883,0.06294244201212988,4.749476133445516,0.14291950457780514,5.175480307995795,0.9379269127034526,88,0,0
EQ-PM-12,19,65.75104061473223,0.05647687102013206,4.8758105363200865,0.3133642970342664,3.7630114831032215,0.9319911163708274,87,0,0
EQ-PM-12,20,66.47129530188435,0.06903303016986999,5.1312767764828635,0.24771968196638194,3.9180642434600133,0.8475369900075987,86,0,0
EQ-PM-12,21,66.48400775875466,0.06604337223321653,5.088238540576335,0.34513541165116357,2.9738655209334053,0.848105599052523,85,0,0
EQ-PM-12,22,66.97968866588886,0.06575851284848457,4.958377506307297,0.12916171900153967,2.9317194980253687,0.8742003624488633,84,0,0
EQ-PM-12,23,66.49215572633838,0.07091676045664809,4.958862408202902,0.322473811915865,4.6815283930497955,0.8507872355489903,83,0,0
EQ-PM-12,24,66.12196154360704,0.06058371565509452,4.911205876098839,0.25179242618621556,3.0828045189661752,0.8967894337172791,82,0,0
EQ-PM-12,25,66.86980824206593,0.06334318308155343,5.012105328984222,0.1418286186066249,3.519705934413191,0.8637541737223585,81,0,0
EQ-PM-12,26,66.78115590260553,0.05908210961447323,4.968491546376476,0.24343141487523137,4.81941222939783,0.8697030668484175,80,0,0
EQ-PM-12,27,66.26081688437772,0.06608926612054553,4.889263033979572,0.28641731399577125,4.819812201302575,0.8694774511939608,79,0,0
EQ-PM-12,28,66.6802486125394,0.07035415044158498,4.948111207497067,0.2328134518957543,3.933526843860379,0.8415607205772447,78,0,0
EQ-PM-12,29,66.9162164872294,0.06280004011064708,5.0350812214551315,0.19247056507390306,4.687712382122265,0.842233699333362,77,0,0
EQ-PM-12,30,66.73790512636245,0.05766605211461517,5.183907831236231,0.12073374540240983,5.075250364008452,0.8410742570526473,76,0,0
EQ-PM-12,31,67.01190730536429,0.06808445917718015,4.961189507662694,0.23926432722194452,7.470212245204275,0.826430988482813,75,0,0
EQ-PM-12,32,66.81328865234013,0.06697866781436825,5.007962908371924,0.23926381077173603,6.043375518513529,0.8238430879616302,74,0,0
EQ-PM-12,33,67.83656434276976,0.06751889165952496,5.107889238116358,0.351024901346741,1.9782499532753741,0.7674436907763793,73,0,0
EQ-PM-12,34,67.91095360159002,0.0654386472238591,5.049800297549142,0.2517050269200968,3.978732091662481,0.7861280121303313,72,0,0
EQ-PM-12,35,67.52383531007644,0.06233187949472211,4.924206200422705,0.17588956357456664,3.7429717506731595,0.8266916628520793,71,0,0
EQ-PM-12,36,66.5280401560704,0.06480428146554447,5.13226767882227,0.269182157678372,7.009521653182399,0.8015651688124061,70,0,0
EQ-PM-12,37,67.64302340275196,0.06781452522043825,4.9711925776532135,0.3804520927400629,4.363853708825213,0.7758973631348691,69,0,0
EQ-PM-12,38,67.79187586577837,0.07278466521596962,5.061486543977608,0.30921721309336647,6.255063484231507,0.7500282077939382,68,0,0
EQ-PM-12,39,67.39271416116063,0.06667458303663346,5.222763753364266,0.33628001409106606,3.0474055337433086,0.7450827075575007,67,0,0
EQ-PM-12,40,67.50916567289254,0.06958161679499136,5.148532498832387,0.30660917634009494,4.818737032062852,0.7457037205307343,66,0,0
EQ-PM-12,41,66.64317341806031,0.07505200767069702,4.922597031657681,0.25114748037113965,4.735538954410863,0.7898121525929244,65,0,0
EQ-PM-12,42,67.71992860788846,0.07496963837004571,5.14502197866675,0.41486079477852206,4.793257313089926,0.7100622358142974,64,0,0
EQ-PM-12,43,67.27856514169665,0.07012584689814855,5.0790330365379734,0.34618294430101526,3.102469860465134,0.7466700407234502,63,0,0
EQ-PM-12,44,67.51166572116247,0.07858471413890797,5.088058411058594,0.3284655968389678,5.3085478482299875,0.7168113999105649,62,0,0
EQ-PM-12,45,67.76482874838402,0.07703715487634073,5.078896628530411,0.304832583911623,4.577509521709333,0.7147869042659531,61,0,0
EQ-PM-12,46,68.29125440546501,0.08219368271340556,5.226937804784258,0.24702738983823558,5.460896196944157,0.6690073994230752,60,0,0
EQ-PM-12,47,67.948795879482,0.07174054418421866,5.210520723044983,0.32940013017178926,8.671947182857163,0.6946251103307007,59,0,0
EQ-PM-12,48,67.79371355230126,0.07286969595980292,5.196534675223113,0.30169661275496507,4.916738939203529,0.6972456611937691,58,0,0
EQ-PM-12,49,67.73934524606068,0.07712875294469877,5.269996405640689,0.3761256034979799,6.675836743110929,0.666193180958153,57,0,0
EQ-PM-12,50,67.77087161686194,0.08224186112843362,5.123843114035982,0.3131255920811093,5.692224625309363,0.6775433593187246,56,0,0
EQ-PM-12,51,68.20699412338503,0.08187756843723382,5.180964187599907,0.2843898297065599,7.572719263466422,0.6585545567940603,55,0,0
EQ-PM-12,52,68.32126712506431,0.07994930694136256,5.173501090784438,0.4465762657066649,5.420623737511242,0.6421173196216134,54,0,0
EQ-PM-12,53,67.65239638538274,0.08576720121841808,5.109763675245001,0.23814027774735078,9.525436727723825,0.6713966767554078,53,0,0
EQ-PM-12,54,67.11397072012562,0.08055722529497053,5.4075608867657845,0.3999698699716932,8.241944824790817,0.6337278304524502,52,0,0
EQ-PM-12,55,67.95789562561518,0.07879282935327249,5.147896198203958,0.3309971738762149,8.771337198345634,0.6595857837708252,51,0,0
EQ-PM-12,56,68.83704799579502,0.07981110660913776,5.342070998347747,0.34901708234370193,6.929088727183456,0.6008311837158963,50,0,0
EQ-PM-12,57,68.66971796129762,0.08706283777596112,5.242692141036714,0.3922023562659563,6.315557235484898,0.5941715210732497,49,0,0
EQ-PM-12,58,68.10787218393968,0.08207678438490743,5.350919556710053,0.43052696306231797,8.764541470563923,0.5973143391617426,48,0,0
EQ-PM-12,59,68.22088903563127,0.08510424157834136,5.279614703667787,0.2805705431787184,6.813104716895089,0.6093097580381149,47,0,0
EQ-PM-12,60,68.59768154395138,0.08726509758772052,5.301968403942568,0.42654309224051096,6.662942631146362,0.573235608566815,46,0,0
EQ-PM-12,61,69.93985281084593,0.08551766545528576,5.463131795873154,0.38936259764674297,10.024971689461907,0.520291561102874,45,0,0
EQ-PM-12,62,68.84868843460559,0.09100389518615427,5.3185043863951895,0.3861918464104664,8.258986363278627,0.5525643959345808,44,0,0
EQ-PM-12,63,70.256417998787,0.08256798895374654,5.397378116789967,0.4064816691491204,9.331080555705025,0.5212989937855301,43,0,0
EQ-PM-12,64,69.64540421501644,0.09280596570401166,5.275605715782025,0.5534140169192912,6.820744427178291,0.5112501350858527,42,0,0
EQ-PM-12,65,70.13315769207978,0.09505122662766703,5.244058683706932,0.5810772963476181,10.926243323328393,0.4921069859261095,41,0,0
EQ-PM-12,66,70.34927903235744,0.08520003265132278,5.410119854042342,0.608564614445436,5.963273355552038,0.4803721432074822,40,0,0
EQ-PM-12,67,69.82573366405114,0.0909378634194811,5.365103071891752,0.4452670072062618,9.172059487021025,0.498896591748797,39,0,0
EQ-PM-12,68,69.59601166078723,0.09331935444043304,5.2777376393878255,0.5332041306525717,9.682919509344314,0.4996951300165202,38,0,0
EQ-PM-12,69,69.81036255365483,0.08904430472123832,5.304696703285537,0.5450645547529367,8.336058046577923,0.49649219320567084,37,0,0
EQ-PM-12,70,70.29742459680682,0.09297415091461109,5.323308255428409,0.5015317687195399,5.357671580624352,0.47275068563289524,36,0,0
EQ-PM-12,71,69.07927572932506,0.09221760348063539,5.578092242300384,0.5761912902101337,10.320465317721393,0.4561103389325699,35,0,0
EQ-PM-12,72,69.78498119360526,0.0909526246458384,5.530733120862624,0.6362362951816899,11.89174586802466,0.4394276303386131,34,0,0
EQ-PM-12,73,69.47936271610112,0.09407799100344705,5.548334084996822,0.45440370652138323,11.725695894436225,0.4514959038356431,33,0,0
EQ-PM-12,74,70.67606422824352,0.10179975891812051,5.7416117961487165,0.6359996494231301,10.085597093808765,0.35182080848998765,32,0,0
EQ-PM-12,75,69.72765495953894,0.099215660924263,5.407704761880172,0.579655627367142,11.123994283051845,0.4344098557456736,31,0,0
EQ-PM-12,76,70.42772170116437,0.1031212599213722,5.551908320457307,0.6644252151349457,8.020873643166215,0.37373481035646133,30,0,0
EQ-PM-12,77,70.6497399478632,0.1060181268314704,5.432574779889165,0.5901511368217747,12.91507740882764,0.38296773903783093,29,0,0
EQ-PM-12,78,71.406164198134,0.10614579012350336,5.543549401660979,0.5937710998902327,8.991543099585643,0.3434278981859078,28,0,0
EQ-PM-12,79,71.02139955062545,0.09636762577130392,5.389969464238875,0.6637794248002372,12.931514670611783,0.39022669658398246,27,0,0
EQ-PM-12,80,70.21127164735177,0.10859320461207347,5.747012214936508,0.5372678525131402,12.94310868570313,0.33570880489551247,26,0,0
EQ-PM-12,81,71.53025684019222,0.11450236971309405,5.4513741469953745,0.6784479972857398,12.137589052108838,0.3148870712434067,25,0,0
EQ-PM-12,82,71.46870679301317,0.10871083607852135,5.506364979929887,0.7568101168050625,12.632665667769295,0.31151793282475293,24,0,0
EQ-PM-12,83,71.24865320939749,0.1113594369440945,5.590843002033331,0.7726869439662848,12.514699984092841,0.2928364974271202,23,0,0
EQ-PM-12,84,71.00172174066216,0.1068728919416362,5.6643791151613145,0.6810565635066684,14.610111596156734,0.30505688093596056,22,0,0
EQ-PM-12,85,71.20532126888632,0.1049100745891154,5.487537623491524,0.7594768236171968,13.801262087727382,0.32025624705862155,21,0,0
EQ-PM-12,86,71.76816379473094,0.11439580805455371,5.359852414584802,0.6904151124056853,12.97717345082394,0.30522791591361687,20,1,0
EQ-PM-12,87,71.59035044455347,0.10749445190059839,5.563761410740573,0.6941203932114548,14.472798225553897,0.2926678757565467,19,1,0
EQ-PM-12,88,71.66557330972594,0.11280327337118039,5.538669688385153,0.6322651553687276,14.547681985243512,0.2841626457959127,18,1,0
EQ-PM-12,89,71.80350018024079,0.11787999074363228,5.853335305802389,0.8886256438220768,12.54188333145035,0.19188490235153838,17,1,0
EQ-PM-12,90,72.13844215725987,0.12150199541008438,5.6810167429531955,0.79109017439865,12.827516654861702,0.20675578583720003,16,1,0
EQ-PM-12,91,73.40305729242925,0.1200163312198174,5.740062985441428,0.6098618087368385,13.925774872254827,0.18481858133412643,15,1,0
EQ-PM-12,92,72.06840316938782,0.12176133461796855,5.77351682016598,0.8303982137572413,16.042784101255126,0.1834488234116084,14,1,0
EQ-PM-12,93,72.68286027741095,0.12123656286335985,5.83790308426617,0.8952079693897949,15.655068310695672,0.14995852312681524,13,1,0
EQ-PM-12,94,72.97223769265092,0.12131256228123252,5.726245483709498,0.9475036844722425,11.32131159484447,0.15075127098393762,12,1,0
EQ-PM-12,95,72.48323578389437,0.12016887733965183,5.875254963804864,0.8204627762406188,12.256652498836361,0.1528863130732077,11,1,0
EQ-PM-12,96,72.71569174484861,0.12533518278510938,5.945906670067971,0.9327257509248769,13.758127810331112,0.10903321023536318,10,1,0
EQ-PM-12,97,73.77087979988079,0.12767791189846395,5.87156171533146,0.8769377979545792,14.637854345185639,0.09022533779122593,9,1,0
EQ-PM-12,98,72.62512616008728,0.12949217936736934,5.607820390843112,0.8463762959104926,14.388967215416521,0.1536489721990082,8,1,0
EQ-PM-12,99,73.49044301071771,0.13005817981769935,5.783373671667112,0.880589577000503,18.650631828216966,0.09754484278236837,7,1,0
EQ-PM-12,100,73.75199557042482,0.1316541844587775,5.853763064462529,0.9172073939749572,15.316930471308547,0.06949393977778437,6,1,0
EQ-PM-12,101,73.03911560918098,0.13713428587842894,5.877097080712523,1.0590512690104756,17.262022444049567,0.052629308526248156,5,1,0
EQ-PM-12,102,73.12227079330022,0.14243850413484263,5.736316740488137,0.9959501350321591,16.89541490323188,0.06141516092126981,4,1,0
EQ-PM-12,103,72.85062332230802,0.13206043840648485,6.123852684014207,0.9097189272332035,17.357216979962917,0.04134235447550125,3,1,0
EQ-PM-12,104,73.93954066065726,0.13679368458347213,6.048338901961856,1.0399297030910306,19.34600589291468,0.0,2,1,0
EQ-PM-12,105,73.50234011609744,0.13585844044133577,5.904839856451347,1.1846608678010695,17.40161851498949,0.014308386036375187,1,1,0
EQ-PM-12,106,73.59286181071298,0.1320064484662489,6.1504803156234855,1.0715958509379768,17.913363600932033,0.0,0,1,1
