time_s,true_accel_mps2,imu_ax_mps2,imu_ax_ma
0.0,0.0276469544487234,0.0693519086606066,0.06911194055524458
0.01,0.0276466413264342,0.0492227772590617,0.0715764332167413
0.02,0.0276457019701387,0.0994562688540527,0.0706291127653337
0.03,0.0276441364115559,0.0916188323722456,0.07167302508881775
0.04,0.0276419447035741,0.0914853821697383,0.07281352322991967
0.05,0.0276391269202369,0.0949194627112251,0.07208263746928094
0.06,0.0276356831567042,0.0396600461481589,0.07115195082609718
0.07,0.0276316135292969,0.0423658564064643,0.06937043288264591
0.08,0.0276269181754884,0.0377004980836758,0.07097097638115922
0.09,0.027621597253874,0.0206828930999989,0.07051103326185834
0.1,0.0276156509441766,0.1237674203424625,0.06792370649938914
0.11,0.0276090794472411,0.0986858524932053,0.06938859995522013
0.12,0.0276018829850427,0.0592612673484422,0.0732073026393332
0.13,0.0275940618006537,0.0852438852941104,0.07069177560610328
0.14,0.0275856161582405,0.0887804972053469,0.06741514270951608
0.15,0.027576546343086,0.0611193510596998,0.06914707302636852
0.16,0.0275668526615313,0.056260964535157,0.06932437905677401
0.17,0.0275565354409923,0.0390846278439743,0.07215139096309517
0.18,0.0275455950299541,0.0997807593543988,0.07444744017834332
0.19,0.0275340317979377,0.0617721139951416,0.07687540812596791
0.2,0.0275218461355086,0.0161771712500054,0.0788788875582411
0.21,0.0275090384542459,0.1001146712330573,0.07401352835403703
0.22,0.0274956091867395,0.1294155336254359,0.07519782830459608
0.23,0.0274815587865712,0.0466302011562243,0.07399467886485597
0.24,0.0274668877282974,0.0228095415439148,0.07568628260467161
0.25,0.0274515965074384,0.1278559188236395,0.07334462983642608
0.26,0.0274356856404561,0.0986428893497402,0.07529314635480522
0.27,0.0274191556647318,0.0990272961809035,0.07458469310436004
0.28,0.027402007138555,0.0905828899266751,0.07408474133739938
0.29,0.0273842406411123,0.0886878249837927,0.07625526172715226
0.3,0.027365856772446,0.0627559611777357,0.07772801366494472
0.31,0.0273468561534484,0.021594877054177,0.0814968697983347
0.32,0.0273272394258394,0.1235561514549451,0.07967506649400231
0.33,0.0273070072521336,0.0339951291139003,0.07621850889998781
0.34,0.0272861603156343,0.1207675638302387,0.07974445925240928
0.35,0.0272646993203978,0.0396057890721904,0.08261146994570251
0.36,0.0272426249912166,0.1020381979456619,0.07947435911597733
0.37,0.0272199380735777,0.0413834462758086,0.07724271635036516
0.38,0.0271966393336597,0.0285856407378002,0.07568554815218491
0.39,0.0271727295582946,0.1453616875392094,0.07279451998860995
0.4,0.0271482095549391,0.0926999046887831,0.07396947831635993
0.41,0.0271230801516558,0.095323150051195,0.07526310522923375
0.42,0.0270973421970605,0.0618568018420775,0.080687046827489
0.43,0.0270709965603327,0.0568278241511313,0.07546338531557839
0.44,0.0270440441311553,0.1206751585570748,0.07888609889748557
0.45,0.027016485819678,0.0830167661030728,0.07250724815480977
0.46,0.0269883225565259,0.0619765913994106,0.07227872575711045
0.47,0.0269595552927215,0.0517783912718845,0.07128631448967286
0.48,0.0269301849996711,0.0663267640191182,0.07124945571789539
0.49,0.0269002126691481,0.029871298491601,0.07546444241190849
0.5,0.0268696393132289,0.1133619498665425,0.07241530509983563
0.51,0.0268384659642739,0.0899221263480859,0.0733620504110639
0.52,0.0268066936748856,0.1354976506175373,0.07421206481917185
0.53,0.026774323517878,0.0138592597048222,0.07661726143869858
0.54,0.0267413565862545,0.105872114333951,0.07705051152957584
0.55,0.0267077939931248,-0.0131883017659529,0.07455691446186744
0.56,0.0266736368717074,0.0348068187205044,0.07306236950258348
0.5700000000000001,0.0266388863752825,0.0811975613294726,0.07389772017099502
0.58,0.0266035436771394,0.0406094120684818,0.07494270555179045
0.59,0.0265676099705541,0.1171003613120753,0.07766417545217158
0.6,0.0265310864687201,0.0813298039856792,0.08170198971736616
0.61,0.0264939744047371,0.112581556224577,0.08126904019142706
0.62,0.0264562750315611,0.113173452621462,0.08127375497828629
0.63,0.0264179896219407,0.1123659308521387,0.0785907653032394
0.64,0.0263791194683893,0.0659260760595539,0.08222942921041594
0.65,0.0263396658831543,0.0683096201351983,0.07968098883865692
0.66,0.0262996301981455,0.0516313219581093,0.08504553141355642
0.67,0.0262590137648954,0.0795189554360532,0.08817683660142855
0.68,0.0262178179545241,0.0737230842685884,0.09202531254449497
0.6900000000000001,0.0261760441576802,0.1234776319271223,0.09323595618694322
0.7000000000000001,0.0261336937845052,0.1146653980606871,0.09105486869415608
0.71,0.0260907682645722,0.1042700098218212,0.09148020404855907
0.72,0.026047269046836,0.0900211368721298,0.09023073019114995
0.73,0.0260031975995944,0.0791548674415524,0.08755287710626514
0.74,0.0259585554104352,0.0902712017555298,0.08897398597814829
0.75,0.0259133439861752,0.0523548665270116,0.0880427127779781
0.76,0.0258675648528078,0.0994670923069364,0.09052093935678907
0.77,0.0258212195554718,0.1005642276658194,0.09393568067543663
0.78,0.0257743096583662,0.1620155561338674,0.09481786246205767
0.79,0.0257268367447244,0.0660329285598949,0.09182431856780078
0.8,0.0256788024167425,0.0712975239635453,0.09111789853374927
0.81,0.0256302082955267,0.090261846428142,0.08760997768398342
0.8200000000000001,0.0255810560210484,0.0863426052189855,0.0840076028992151
0.8300000000000001,0.0255313472520668,0.0569385378388808,0.08374238439353714
0.84,0.0254810836660901,0.1422092171616852,0.08472106612832479
0.85,0.0254302669593087,0.0463693388559797,0.08442337788010783
0.86,0.0253788988465425,0.1203523782902284,0.0839022758126874
0.87,0.0253269810611772,0.1233408896497084,0.08299650634299204
0.88,0.0252745153551003,0.0980447729550953,0.08471268469528004
0.89,0.0252215034986458,0.0108586624891933,0.07934766974991361
0.9,0.0251679472805327,0.1086428112120407,0.08035840345338852
0.91,0.0251138485078128,0.0409990602156043,0.08098717913772355
0.92,0.0250592090057816,0.0286201393416866,0.07872063650231967
0.93,0.0250040306179422,0.0844515482528926,0.07691499961950259
0.94,0.0249483152059415,0.0997071838720929,0.0777921145395757
0.95,0.0248920646494676,0.0840197485429737,0.07292109376741784
0.96,0.0248352808462332,0.0414117231111827,0.07397096032666314
0.97,0.0247779657118973,0.0804459334433338,0.07060043208622414
0.98,0.0247201211799691,0.1366039730638674,0.06901633636425412
0.99,0.0246617492017764,0.0493502422811725,0.06668340114628836
1.0,0.0246028517463858,0.087258336332868,0.06855091618436154
1.01,0.0245434308005332,0.0845018133345806,0.06507243278667978
1.02,0.0244834883685513,0.0426644510846608,0.06839539388172403
1.03,0.0244230264723088,0.0484242306798268,0.07229061054857117
1.04,0.0243620471511413,0.0753579511604159,0.07136942391528509
1.05,0.0243005524617673,0.0399177809463703,0.07003855547050672
1.06,0.0242385444782305,0.0684165366001311,0.06804573750463909
1.07,0.0241760252918221,0.0495712852410094,0.06925799387245588
1.08,0.0241129970110193,0.0900748794883382,0.06855232032215962
1.09,0.0240494617613939,0.0490531333778141,0.06328522984006175
1.1,0.0239854216855461,0.0500764782887301,0.06169259069332197
1.11,0.0239208789430428,0.0355946598607234,0.06165990966186633
1.12,0.0238558357103207,0.1107812432115335,0.060908032994111704
1.13,0.0237902941806256,0.1104196893454769,0.06479899591331209
1.14,0.0237242565639533,0.0651066289538846,0.06573858276529251
1.15,0.0236577250869285,0.0717589465317473,0.06411529033962278
1.16,0.0235907019927622,0.0421705712597537,0.06521995346930388
1.17,0.0235231895411747,0.0668691068353351,0.06669473752257198
1.18,0.0234551900082952,0.0656267888871123,0.06631459505962481
1.19,0.0233867056865982,0.025995072939812,0.0637789133705154
1.2,0.0233177388848287,0.0159048201996372,0.06360007260424341
1.21,0.0232482919279214,0.0865720346722996,0.06276714181704732
1.22,0.0231783671568897,0.0687124033117334,0.06344719616742324
1.23,0.0231079669287925,0.1243746723878691,0.06313493700568465
1.24,0.0230370936166374,0.0681555545714155,0.05981390293391923
1.25,0.0229657496092605,0.0412688102213517,0.05760172770207053
1.26,0.0228939373112968,0.0631157066696733,0.056167922081124644
1.27,0.0228216591430741,0.0993870017187613,0.05748957463340644
1.28,0.0227489175405271,0.0415882935191187,0.05840387334270279
1.29,0.0226757149551171,0.0368255640170407,0.057570629628695004
1.3,0.0226020538537402,0.0452974772861021,0.05671930044490296
1.31,0.0225279367186581,0.0325849317576123,0.05980179896023842
1.32,0.0224533660474007,0.0498758012186176,0.05801792396441254
1.33,0.0223783443526776,0.1042238008150232,0.05905655977299794
1.34,0.0223028741623027,0.040677973838403,0.0550156726608973
1.35,0.022226958019092,0.018650949085062,0.05195816523888955
1.36,0.0221505984807801,0.0416490284918837,0.05242865067954768
1.37,0.0220737981199509,0.0699252748576713,0.05215317043050118
1.38,0.0219965595239179,0.0860693797305586,0.051624649313988205
1.39,0.0219188852946528,0.048128670892949,0.05077409289574045
1.4,0.0218407780486984,0.008117160080179,0.05211316676349152
1.41,0.0217622404170725,0.0806372890216818,0.0537879442889658
1.42,0.0216832750451645,0.0491106597599561,0.05322529301138751
1.43,0.0216038845926663,0.0905237552920269,0.05221115613754429
1.44,0.0215240717334752,0.0395160430337553,0.05199028060823389
1.45,0.0214438391555799,0.0039478987092529,0.05351296317634935
1.46,0.0213631895609994,0.0511490044751726,0.05576973481351884
1.47,0.0212821256656697,0.0573306214396967,0.05674370675108235
1.48,0.0212006501993544,0.0882880582719889,0.05793666028410817
1.49,0.0211187659055478,0.0237266087359158,0.05753210707004891
1.5,0.0210364755413888,0.0649461152398132,0.055220698206140124
1.51,0.0209537818775557,0.0804678053210618,0.06093930593775714
1.52,0.0208706876981767,0.0207692549284682,0.05733962550497508
1.53,0.020787195800731,0.0285789268679099,0.06074154955050441
1.54,0.0207033089959507,0.0995854146995049,0.05853125686473356
1.55,0.0206190301077269,0.0726543077688279,0.06258721637691674
1.56,0.0205343619730125,0.066043153465621,0.06862358960838678
1.57,0.0204493074417222,0.0621024391807175,0.06755343056286116
1.58,0.02036386937663,0.0949772990512136,0.06889366811432318
1.59,0.0202780506532829,0.0775737622353142,0.07044855426090077
1.6,0.0201918541598872,-0.0004109152491356,0.07408481237581226
1.61,0.0201052827972114,0.1282079224441363,0.0722424627233447
1.62,0.0200183394784947,0.0050439999332585,0.07278276361261951
1.63,0.019931027129344,0.1205510647160721,0.0736122404881278
1.64,0.0198433486876259,0.044107608890839,0.07593846557321383
1.65,0.019755307103364,0.1246911927896021,0.07243471895118328
1.66,0.0196669053386444,0.130711736570124,0.07274009710874571
1.67,0.0195781463675215,0.0286756645191344,0.07454754156524168
1.68,0.0194890331758929,0.0854756100203989,0.07154117966360128
1.69,0.0193995687614051,0.1209406673501186,0.07003117601998479
1.7,0.0193097561333677,0.100088029149057,0.0666994062037337
1.71,0.0192195983126197,0.0262567725379945,0.07008958441604801
1.72,0.0191290983314468,0.0918141239958328,0.06767907319521085
1.73,0.0190382592334698,0.0381882693141422,0.07546729855515637
1.74,0.0189470840735339,0.0774296536547165,0.07122780592496745
1.75,0.0188555759176173,0.0260067356368633,0.07169667010369889
1.76,0.0187637378427085,0.0790672490776388,0.06793889217247895
1.77,0.0186715729367098,0.1039994870520366,0.06334369425877187
1.78,0.0185790842983313,-0.001031160753731,0.06281096333995355
1.79,0.0184862750369857,0.0632672225352675,0.0599168294347902
1.8,0.0183931482726634,0.0076065960940411,0.061335358498268704
1.81,0.0182997071358409,0.0707828272094651,0.05850162113919087
1.82,0.0182059547673807,0.0775871868065558,0.06109956206307079
1.83,0.0181118943184011,0.1685967324921146,0.05834982117475575
1.84,0.0180175289501843,0.0315217194821049,0.05840390953706146
1.85,0.0179228618340521,0.0539537566441988,0.05861394783692627
1.86,0.0178278961512678,0.0457778562339835,0.060979590382554134
1.87,0.0177326350929291,0.0342125803822752,0.06242313475269811
1.88,0.0176370818598475,0.0174883152239499,0.06012721937916843
1.89,0.0175412396624413,0.0246987980119685,0.06186094604806854
1.9,0.0174451117206236,0.1507297776831672,0.06056011881062058
1.91,0.0173487012637002,0.0405795446084224,0.06075692228026356
1.92,0.0172520115302388,0.0808135319394729,0.059706558164914346
1.93,0.0171550457679831,0.0340695653412168,0.060757959249748486
1.94,0.0170578072337196,0.0393241249225621,0.056972954051435175
1.95,0.0169602991931694,0.0818404579518778,0.05984770052312587
1.96,0.0168625249208853,0.0756852290950484,0.06052419661524212
1.97,0.0167644877001216,0.1093816808506623,0.06269097108320143
1.98,0.0166661908227339,0.0557852642079133,0.06326304265500964
1.99,0.0165676375890683,0.0353770992931715,0.065467302401267
2.0,0.0164688313078337,0.0359498505488601,0.0634490405253582
2.01,0.0163697752959962,0.0117394689565436,0.05870112316864342
2.02,0.0162704728786655,0.0487251807871316,0.057906830964676394
2.03,0.0161709273889726,0.0996666095880727,0.056491597543812076
2.04,0.0160711421679615,0.0891116233275351,0.05973556970595754
2.05,0.0159711205644758,0.0918913953876095,0.0608627957186341
2.06,0.0158708659350331,0.0681601745786402,0.05861869423538526
2.07,0.0157703816437149,0.0912801200611291,0.05744009236668612
2.08,0.0156696710620546,0.0462260833902473,0.05593079062714801
2.09,0.0155687375689161,0.0637777698953545,0.05736596546126736
2.1,0.0154675845503715,-0.0176847013821161,0.05910686249030635
2.11,0.0153662153995953,0.0510235131921567,0.0610499897527465
2.12,0.0152646335167455,0.0238994083251149,0.06425254725439594
2.13,0.0151628423088356,0.0510936301013221,0.06509257365241589
2.14,0.0150608451896211,0.1021929807462717,0.06391631093452757
2.15,0.0149586455794992,0.0629958711887699,0.061572702725109035
2.16,0.0148562469053648,0.0347143268036521,0.0610412716504114
2.17,0.014753652600502,0.0509345898523665,0.058167606149995624
2.18,0.014650866104468,0.0776863443203619,0.05690582402220144
2.19,0.0145478908629731,0.0859239357244196,0.05540271314283171
2.2,0.01444473032777,0.0719359369029902,0.05311964733492298
2.21,0.0143413879565179,0.0767555230601036,0.058371134990849644
2.22,0.0142378672126658,0.0789931764911818,0.06014832544426126
2.23,0.0141341715653414,0.0663657351455504,0.06024502499880753
2.24,0.0140303044892375,0.0749650925124182,0.062374403084685434
2.25,0.0139262694644759,0.0398958509297458,0.06070854583881541
2.26,0.0138220699764879,0.0807313428189591,0.064125800160299
2.27,0.0137177095159091,0.0078131990699088,0.06406232479372478
2.28,0.0136131915784432,0.0647826953774512,0.06304830648591682
2.29,0.0135085196647399,0.0146607549234831,0.06146771683176284
2.3000000000000003,0.0134036972803064,0.015833387929271,0.06182030835703615
2.31,0.0132987279353402,0.0925965393923439,0.060342484756824986
2.32,0.0131936151446271,0.0883445127138006,0.058690226421516764
2.33,0.0130883624274324,0.0259300989705866,0.0572702461742484
2.34,0.0129829733073683,0.0958105699047581,0.055550322493392076
2.35,0.0128774513122625,0.0672099785830012,0.05516251352970443
2.36,0.0127717999740567,0.1347582119399256,0.05495185154541573
2.37,0.0126660228286668,0.0333813441055932,0.05162244043207124
2.38,0.0125601234158667,0.0296402053883991,0.051542544892974315
2.39,0.0124541052791804,0.0444939615831284,0.05473041217060696
2.4,0.0123479719657315,0.0933283577551592,0.056475626353628204
2.41,0.0122417270261437,0.040901641298556,0.058504791432694235
2.42,0.0121353740144047,0.0420580980186307,0.05398191697190638
2.43,0.0120289164877496,0.0491735912985462,0.05459622408997016
2.44,0.0119223580065414,0.0302473378475676,0.05640916576623499
2.45,0.0118157021341436,0.0668211042749776,0.0525978287475149
2.46,0.0117089524367924,0.0354719492596831,0.053511510010113596
2.47,0.0116021124834803,0.0108137094387248,0.05038315593126443
2.48,0.0114951858458334,0.0061353927488734,0.052534481731526673
2.49,0.0113881760979817,0.1317279082077366,0.05446112591466671
2.5,0.0112810868164447,0.0513102527669293,0.05592585996661287
2.51,0.011173921579996,0.0584458545896578,0.0542547653593373
2.52,0.0110666839695433,-0.0023838242842012,0.05519662276806453
2.53,0.0109593775680205,0.1012449621931402,0.054715780115066316
2.54,0.0108520059602434,0.0640018741721479,0.05791439149456864
2.5500000000000003,0.0107445727327876,0.0157724925116362,0.06300524481526056
2.56,0.0106370814738854,0.0863972850975737,0.0636288455166775
2.57,0.0105295357732737,0.0690627762840934,0.0654138251876888
2.58,0.0104219392220827,0.0785591859111002,0.06672728714441686
2.59,0.0103142954127277,0.0700997332343399,0.06702567181721558
2.6,0.010206607938748,0.0752533766739976,0.06446102368336158
2.61,0.0100988803947182,0.0582353710023721,0.06832244607829448
2.62,0.0099911163761123,0.060680646881828,0.06613910492811274
2.63,0.0098833194791675,0.0319604023056683,0.07108386112074051
2.64,0.0097754933007759,0.1163444302680949,0.06970550013484139
2.65,0.0096676414383545,0.1371552575820978,0.07164620210887425
2.66,0.0095597674897196,0.0799167190047333,0.07487335432262195
2.67,0.009451875052957,0.0729565223509206,0.07175891592378346
2.68,0.0093439677263135,0.0383964105300143,0.07098437770633556
2.69,0.0092360491080634,0.0124014708776464,0.07120232443943476
2.7,0.0091281227963813,0.0778702973968026,0.0711774502261554
2.71,0.0090201923892169,0.13240012306052,0.0717899672907419
2.72,0.0089122614841785,0.0125956904358413,0.06791326315283228
2.73,0.0088043336784027,0.1014560557609822,0.0705762199711957
2.74,0.0086964125684346,0.0722993814892587,0.06930821401635956
2.75,0.0085885017501091,0.1047566156268376,0.06938054919392571
2.76,0.0084806048183949,0.083542689000338,0.06312992729225761
2.77,0.0083727253673143,0.0209940787219657,0.06204971849269573
2.78,0.0082648669897988,0.0527974737176875,0.0610171744246326
2.79,0.0081570332775532,0.0831360673061834,0.05931989282047515
2.8000000000000003,0.0080492278209581,0.069577374755473,0.06078183990262958
2.81,0.0079414542089151,0.0881162350303141,0.06057785147552351
2.82,0.0078337160287517,-0.0231754158937297,0.06103267635306054
2.83,0.007726016866083,0.1166027400674597,0.06530386785442777
2.84,0.0076183603046786,0.0053322772541093,0.061879144003092884
2.85,0.0075107499263621,0.1178634689969842,0.05911844106907753
2.86,0.0074031893108728,0.0058921976470676,0.0552360470800645
2.87,0.0072956820357378,0.0572323342139337,0.05332259573476983
2.88,0.007188231676164,0.0512730969215952,0.05577838340005169
2.89,0.0070808418048989,0.0027534968427079,0.05450826111639679
2.9,0.0069735159921174,0.0431023596028892,0.053448417683696
2.91,0.006866257805288,0.0735865404275752,0.050790307648121875
2.92,0.0067590708090647,0.1419514454887977,0.04801343924013293
2.93,0.0066519585651597,0.1022907119645529,0.05140036381340933
2.94,0.0065449246322041,0.0295368548829496,0.048166401887111215
2.95,0.0064379725656399,0.0143246198749362,0.05195567442015311
2.96,0.0063311059175952,0.0232263418575642,0.04755580256898382
2.97,0.0062243282367702,0.0433602107491499,0.05330528265740847
2.98,0.0061176430682957,0.0725656196928845,0.052724743275952154
2.99,0.0060110539536251,0.0261249057609348,0.054062862956257965
3.0,0.0059045644304034,0.0608793552194669,0.05518408909795984
3.01,0.0057981780323512,0.0137570640084163,0.05587023465745321
3.02,0.0056918982891396,0.0298019984625463,0.055231643195283654
3.03,0.0055857287262622,0.0479500001450748,0.05378924691604019
3.04,0.0054796728649386,0.0486895396151992,0.05394109011153132
3.0500000000000003,0.0053737342219611,0.084907000447989,0.055852246863994086
3.06,0.0052679163095842,0.0254661601224291,0.05783168247030105
3.0700000000000003,0.0051622226354103,0.1266312795039853,0.05918776040099446
3.08,0.005056656702268,0.0450410072033511,0.05870683250172049
3.09,0.0049512220080816,0.0793736102080171,0.056634158999920844
3.1,0.0048459220457569,0.0262992458184472,0.061386207661095024
3.11,0.0047407603030624,0.05751141635225,0.0604819110187849
3.12,0.0046357402624958,0.0601761197220147,0.061672622795415084
3.13,0.0045308654011894,0.1116611236246849,0.0622917929156228
3.14,0.0044261391907635,0.1054794190698667,0.06327056280580556
3.15,0.0043215650972205,0.0696711466846676,0.06071723767189301
3.16,0.004217146580826,0.0558927676073825,0.05701984260031842
3.17,0.004112887095975,0.0517039784021257,0.05727445586693195
3.18,0.0040087900910978,0.0332607248643965,0.05222263623918056
3.19,0.0039048590085161,0.029039476155092,0.05673052933054028
3.2,0.0038010972843338,0.1259179276455925,0.0555073295915698
3.21,0.003697508348327,0.0418891257309541,0.054952258878353144
3.22,0.00359409562381,0.0387620113176503,0.05402138399005664
3.23,0.0034908625275276,0.0428045709869086,0.05366672121559311
3.24,0.0033878124695352,0.0685041678389127,0.05275551734477962
3.25,0.0032849488530772,-0.0049302881969645,0.05171987237705749
3.26,0.0031822750744758,0.0072617039449229,0.050273963251486406
3.27,0.0030797945230059,0.0308130387213131,0.04735463881256942
3.28,0.0029775105807844,0.0205430673212059,0.04701300265212484
3.29,0.0028754266226532,0.1397067621219053,0.04914728233093805
3.3000000000000003,0.0027735460160577,0.053686415689637,0.05066065611036606
3.31,0.0026718721209378,0.0146427608408976,0.047089307054936136
3.3200000000000003,0.002570408289601,0.0379630436980233,0.048234376254195965
3.33,0.0024691578666274,0.0527282014582807,0.05070270964317956
3.34,0.0023681241887202,0.0925258423376016,0.05120071808962
3.35,0.0022673105846221,0.083730874747702,0.05022596372105156
3.36,0.0021667203749936,0.0393070550476747,0.05668244448619987
3.37,0.0020663568722878,-0.0054130456098742,0.05694691305561791
3.38,0.0019662233806394,0.0445296190327894,0.06135871359491331
3.39,0.001866323195751,0.0780805981194741,0.06229590226540809
3.4,0.001766659604796,0.0608203255230803,0.05562844060523631
3.41,0.0016672358862795,0.050919597481564,0.055874181191062515
3.42,0.0015680553099362,0.0659355789154103,0.05616754614647368
3.43,0.0014691211366185,0.0905970124863058,0.055034664968105704
3.44,0.001370436618181,0.0532627483621581,0.05651065555668154
3.45,0.0012720049973741,0.0480343260989754,0.054056454872436474
3.46,0.0011738295077307,0.1306558078711499,0.05466799668411489
3.47,0.0010759133734467,0.0128155439027018,0.05299928357743906
3.48,0.0009782598092783,0.1234608500465165,0.05710483339310568
3.49,0.00088087202042,0.0402240294015963,0.055716514418762055
3.5,0.0007837532024129,-0.0003099327417023,0.05627560345144412
3.51,0.0006869065410197,0.0588469679919874,0.057455189526878024
3.52,0.0005903352121111,0.0208034249045323,0.060395550883108426
3.53,0.0004940423815741,0.0141725389522957,0.059671190592896425
3.54,0.0003980312051898,0.0837240038183732,0.05776689477111722
3.5500000000000003,0.00030230482852,0.0409876279684555,0.05675131161752693
3.56,0.0002068663868121,0.0965732527929484,0.05459313458114411
3.5700000000000003,0.0001117190048749,0.0042640798074824,0.05088745849985175
3.58,1.6865796989562476e-05,0.0808035005191246,0.05463528098133189
3.59,-7.769013320169105e-05,0.0153749205715735,0.05019862035400603
3.6,-0.0001719456928228,0.0898214678057974,0.05274510787476011
3.61,-0.0002658977998531,0.0855916331071923,0.05538925707275768
3.62,-0.0003595433832354,0.1126671859624025,0.05560791022076404
3.63,-0.0004528793829811,0.0507240128209583,0.05484240457244147
3.64,-0.0005459027502707,0.0506068002289425,0.055839153996540346
3.65,-0.0006386104475841,0.0319355021367619,0.053540430214367225
3.66,-0.0007309994487808,0.0027126083349362,0.0509757801888283
3.67,-0.0008230667391972,0.0528366101640104,0.05231236841636745
3.68,-0.0009148093157884,0.0915198160137849,0.05530898266778615
3.69,-0.0010062241871916,0.0302909768726732,0.05655991861689185
3.7,-0.0010973083738513,0.0937002673374319,0.057578190506934156
3.71,-0.0011880589081109,0.0552172004162469,0.05688839139309223
3.72,-0.001278472834329,0.0634386841001211,0.05584558913838031
3.73,-0.0013685472089769,0.0047278062897579,0.055882952662659045
3.74,-0.0014582791007189,0.0351042768583723,0.055470487873066285
3.75,-0.0015476655905455,0.0354508043927377,0.05577872250200746
3.76,-0.0016367037718595,-0.0128700225678622,0.056192567594984026
3.77,-0.0017253907505676,0.1246416055712709,0.0594287918037594
3.78,-0.0018137236451942,0.0671929790872751,0.05924866622913786
3.79,-0.0019016995869841,0.1070731554503442,0.058154722475443274
3.8,-0.0019893157199718,0.0367586302624617,0.058189087496578716
3.81,-0.0020765692011176,0.0753356864151173,0.056059263107016935
3.82,-0.0021634572003936,0.0636927857582418,0.056156056386002684
3.83,-0.0022499769008643,0.1134518199722558,0.05594696439255064
3.84,-0.0023361254988002,0.0420622522395104,0.058083631103848725
3.85,-0.002421900203775,0.0570797274367072,0.05922431714915716
3.86,-0.0025072982387519,0.04062624908927,0.05957661212092715
3.87,-0.0025923168401886,0.0706733167192189,0.06311902118379001
3.88,-0.0026769532581377,0.049053973096958,0.056036978891806075
3.89,-0.0027612047563102,0.0685469971861989,0.05556659422026104
3.9,-0.0028450686122116,0.0310126423165172,0.050836781009691995
3.91,-0.0029285421172225,0.0489739551566345,0.04994472289707126
3.92,-0.0030116225766679,0.0572498592749476,0.04708526212317608
3.93,-0.0030943073099337,0.0590477522376284,0.04742750223485967
3.94,-0.0031765936505639,0.0495978072270176,0.04211468280688484
3.95,-0.003258478946333,0.0590586838098494,0.04214088581538784
3.96,-0.0033399605593537,0.0428489987999075,0.041619657851867706
3.97,-0.0034210358661662,0.0615205677522578,0.03959833907548051
3.98,-0.0035017022578021,-0.0240812825603917,0.038760280594487495
3.99,-0.003581957139917,0.0573149009848294,0.03550517278059401
4.0,-0.0036617979328523,0.0077470780283942,0.03503003221004012
4.01,-0.0037412220717347,0.0180254098974263,0.03658172436216636
4.0200000000000005,-0.0038202270065595,0.0152870101633185,0.0368391278832401
4.03,-0.0038988102022685,0.0708798281035972,0.03496697946447408
4.04,-0.0039769691388691,0.0018826119847843,0.0340201000031524
4.05,-0.0040547013114899,0.0426125154180733,0.03521398673394284
4.0600000000000005,-0.0041320042304754,0.0461339402027845,0.03421715211061484
4.07,-0.0042088754214797,-0.0018214452148612,0.03415769712857738
4.08,-0.004285312425542,0.0530740886183657,0.033455941278889144
4.09,-0.0043613127991865,-0.0193032909948052,0.03426724827209141
4.1,-0.0044368741144912,0.0585690452045672,0.02982029638409827
4.11,-0.0045119939591609,0.0635981775111683,0.03207058316587234
4.12,-0.0045866699366514,0.0543794290991829,0.03283805048578452
4.13,-0.0046608996662145,0.0179347424808613,0.033414788721310804
4.14,-0.0047346807829889,0.0391632835498731,0.03147709971956904
4.15,-0.0048080109380926,0.0746694285736169,0.03473187867661915
4.16,-0.0048808877986888,0.0381251567199613,0.035182918690498534
4.17,-0.0049533090480807,0.0416004441771208,0.03622820463978061
4.18,-0.0050252723857863,0.046783694908805,0.03547844147154308
4.19,-0.0050967755276076,-0.0070438357031442,0.03497137186703986
4.2,-0.00516781620572,-0.0360710886630265,0.03650449764774778
4.21,-0.0052383921687493,0.0550031004456497,0.03582327516673404
4.22,-0.0053085011818554,0.034142223615582,0.03503609209797921
4.23,-0.0053781410267933,0.0273985131093706,0.032640251340645396
4.24,-0.0054473095019907,0.0301883590670201,0.033848793494041754
4.25,-0.0055160044226537,0.0702329700828366,0.03127694891097222
4.26,-0.0055842236207998,0.0520843557095403,0.03154532852177315
4.2700000000000005,-0.0056519649453579,0.0680849451377082,0.03153756530338091
4.28,-0.0057192262622463,-0.0175664717478494,0.031444059017582106
4.29,-0.0057860054544223,0.0424256269237981,0.032534676613701415
4.3,-0.0058523004219823,0.0128923504000611,0.035357521219823454
4.3100000000000005,-0.0059181090822119,0.0442633731032785,0.037939057237161705
4.32,-0.0059834293696658,0.0470673330673171,0.03477685420542816
4.33,-0.0060482592362604,0.0040667731951727,0.038941016761190654
4.34,-0.0061125966513059,0.0433141277021848,0.03787031145972618
4.3500000000000005,-0.0061764396015906,-0.0148454526945871,0.03672654728968532
4.36,-0.0062397860914692,0.0803054004004365,0.035963491774463174
4.37,-0.0063026341429128,0.0379621291337241,0.0338613167593374
4.38,-0.0063649817955757,0.039636812175346,0.03116069586499991
4.39,-0.0064268271068673,0.0696866644273106,0.033284128322395225
4.4,-0.0064881681520273,0.0522359010254186,0.035264445534917845
4.41,-0.0065490030241838,0.0181411677010768,0.035623353524155764
4.42,-0.0066093298344088,-0.0114031632207548,0.032178686205278285
4.43,-0.0066691467118046,0.1215896372865944,0.034858983965028616
4.44,-0.0067284518035615,0.0049137017786164,0.03453650746545984
4.45,-0.0067872432750026,0.0061693114961622,0.034617603597007836
4.46,-0.0068455193096672,0.0542088042631716,0.03760899896339138
4.47,-0.0069032781093797,0.0079386803918991,0.03623322405621933
4.48,-0.0069605178942888,0.0113719063566208,0.03584535284449646
4.49,-0.0070172369029397,0.0270256098574523,0.03421086307212084
4.5,-0.0070734333923405,0.0840122883867731,0.03290251649517063
4.51,-0.0071291056380123,0.0204294181740574,0.03165376997179678
4.5200000000000005,-0.0071842519340531,-0.0280746405931486,0.03298169004965731
4.53,-0.0072388705932013,0.103353586022074,0.03386136645172333
4.54,-0.0072929599468807,-0.0027052332957715,0.031282190183718174
4.55,-0.0073465183452692,0.0450171464646926,0.03140629874506585
4.5600000000000005,-0.0073995441573548,0.0479738499994673,0.03308617879284202
4.57,-0.0074520357709828,0.0514141273498236,0.03262413908870894
4.58,-0.0075039915929248,0.0298168336875438,0.032323440658718915
4.59,-0.0075554100489261,0.005312526955458,0.034256217876861006
4.6000000000000005,-0.0076062895837503,0.0422113863113563,0.03445166919546917
4.61,-0.0076566286612511,0.0260122240345676,0.029345702436354985
4.62,-0.0077064257644116,0.0460274893361479,0.029099573978472678
4.63,-0.0077556793954047,0.0070700412226316,0.03214750521525242
4.64,-0.0078043880756384,0.0674269356584861,0.031638591334155426
4.65,-0.0078525503458104,0.0075199815669176,0.033900615097232155
4.66,-0.0079001647659643,0.0414467924994619,0.034947060020985986
4.67,-0.0079472299155142,0.0445059704763768,0.03211278371222042
4.68,-0.0079937443933225,0.0016240133621086,0.031167978120116423
4.69,-0.0080397068177417,0.0519602279376047,0.031011444086850685
4.7,-0.0080851158266503,0.0311300875482238,0.030132444603695685
4.71,-0.0081299700775056,-0.0232130135546249,0.030095495074782957
4.72,-0.008174268247385,0.015260720558529,0.029267320135702244
4.73,-0.0082180090330508,0.035931915379226,0.028558922348482382
4.74,-0.0082611911509739,0.0926663945190372,0.029469879597779088
4.75,-0.0083038133373763,0.0447972657288396,0.02726779627943942
4.76,-0.008345874348295,0.0669924898635233,0.02892817152641357
4.7700000000000005,-0.0083873729596145,-0.0115459524846097,0.028092772703067186
4.78,-0.0084283079670927,0.0315732099156397,0.026243259729976574
4.79,-0.008468678186424,0.0265296189889633,0.03167031296947659
4.8,-0.0085084824532816,-0.0131464621907971,0.03246431848161887
4.8100000000000005,-0.0085477196233363,0.0414354462041891,0.034445373447530896
4.82,-0.0085863885723042,0.0086205503138726,0.04016780103560204
4.83,-0.008624488195999,0.0311511358045308,0.04191538400661118
4.84,-0.0086620174103629,0.0262001434578625,0.043892015746362575
4.8500000000000005,-0.0086989751514887,0.0211831859733531,0.045424921691064504
4.86,-0.0087353603756695,0.0423878617533747,0.04599741901897381
4.87,-0.008771172059438,0.0239034172091879,0.04201044184228969
4.88,-0.0088064091995992,0.0056661980414738,0.04859774027278311
4.89,-0.0088410708132508,0.1155921313916089,0.04740671000313493
4.9,-0.0088751559378347,0.0686343436925926,0.04897547595785774
4.91,-0.0089086636311713,0.0727322418323764,0.04957176741590913
4.92,-0.0089415929714647,0.0969579657948692,0.04713807247580866
4.93,-0.0089739430573665,0.0519599629497208,0.05064360613734726
4.94,-0.0090057130079979,0.0774411819140055,0.05075059850929412
4.95,-0.009036901962961,0.1248574193577776,0.04923085064506734
4.96,-0.0090675090823888,0.0568197096149351,0.050566049105314634
4.97,-0.0090975335469728,-0.0167340308468433,0.050963489171460284
4.98,-0.0091269745579769,0.1267873145557521,0.05325019689237259
4.99,-0.0091558313372736,0.0065615742530278,0.05703725230279514
5.0,-0.0091841031273853,0.0594737040381425,0.055954007197067765
5.01,-0.0092117891914739,-0.0006243415717181,0.058258480197337516
5.0200000000000005,-0.0092388888134037,-0.0096721475379207,0.05850603669576201
5.03,-0.009265401297745,0.0822367572061833,0.052034446645608204
5.04,-0.0092913259697902,0.0333979756154151,0.04944727800483565
5.05,-0.0093166621756041,-0.0057145616909,0.04833246358229616
5.0600000000000005,-0.0093414092820237,0.0492223536385463,0.04389000921309244
5.07,-0.0093655666766945,0.0507341031424332,0.04262075289585804
5.08,-0.0093891337680729,0.0719242793483463,0.04848855839297909
5.09,-0.0094121099854627,0.0851943616603473,0.04335080613618351
5.1000000000000005,-0.0094344947790203,0.0928439841713339,0.04260456198057905
5.11,-0.0094562876197967,0.1170282766982577,0.04024616046235031
5.12,-0.0094774879997372,0.0779309282992906,0.04360848552588826
5.13,-0.009498095431687,-0.0389454252583607,0.04479590579639098
5.14,-0.0095181094494384,-0.0023705785065029,0.042422452024441185
5.15,-0.0095375296077199,0.0540300790406762,0.044855762092372346
5.16,-0.0095563554822347,0.0315658776044995,0.048762917412132616
5.17,-0.0095745866696528,0.0301653269530127,0.050869629424030026
5.18,-0.0095922227876327,0.1064898845926986,0.049523199002748264
5.19,-0.009609263474844,0.018894517163045,0.04713926471251687
5.2,-0.0096257083909645,-0.0091095530146658,0.04406834520247154
5.21,-0.0096415572166941,0.0099472721553389,0.04465882493362557
5.22,-0.0096568096537852,0.0699844847625789,0.040555826064962344
5.23,-0.0096714654250235,0.0152636781426364,0.038424021373187976
5.24,-0.0096855242742527,0.0323942279952377,0.041666057441056954
5.25,-0.0096989859663859,0.0844974870419695,0.043449607818665505
5.26,-0.0097118502873971,0.0763357000240656,0.042436723014374234
5.2700000000000005,-0.0097241170443601,0.093463305888392,0.040622313734510425
5.28,-0.0097357860654151,0.0224590642955161,0.039933501131846315
5.29,-0.0097468571997966,0.021861659253487,0.035842539704558515
5.3,-0.0097573303178472,0.0207050519493954,0.0361303028980592
5.3100000000000005,-0.0097672053109981,0.1052440585255686,0.03614351279585727
5.32,-0.0097764820917778,0.03086530045633,0.04038560097589452
5.33,-0.0097851605938392,0.0331630297720287,0.03784597622470544
5.34,-0.0097932407719353,0.0291373321668879,0.041421806336694886
5.3500000000000005,-0.0098007226019158,0.0350839794232767,0.04406362759186229
5.36,-0.0098076060807583,0.0327594981505595,0.03993661761259567
5.37,-0.0098138912265371,-0.0065367172726405,0.03631478028113537
5.38,-0.0098195780784432,0.0157002622970664,0.03279442147023583
5.39,-0.0098246666967671,0.0205796946196548,0.03516365273818574
5.4,-0.009829157162905,0.0249375442265594,0.03370067338427982
5.41,-0.009833049579358,-0.0088321451609062,0.0339308667710263
5.42,-0.0098363440697191,0.099031123936121,0.028546395989311583
5.43,-0.0098390407786752,0.0166523649876082,0.02820901185610421
5.44,-0.0098411398719966,0.0903561104944149,0.02801314805416131
5.45,-0.0098426415365421,0.0878724743537531,0.026786022974542002
5.46,-0.009843545980237,-0.0021697225226296,0.024755785658556184
5.47,-0.0098438534320732,0.0002771160633994,0.022554466969568487
5.48,-0.0098435641421035,0.0195357708595015,0.02534200315642569
5.49,-0.0098426783814248,0.0722129209224643,0.026055579733534947
5.5,-0.0098411964421812,-0.0088609071785373,0.024585222146500545
5.51,-0.009839118637539,0.0255391130710716,0.025937881786753107
5.5200000000000005,-0.0098364453016752,-0.0078298278904407,0.02771241725208117
5.53,-0.0098331767897891,0.0237802336589754,0.02379446654760618
5.54,-0.0098293134780547,0.0290498899312276,0.02463785367333243
5.55,-0.0098248557636293,0.0033677054948826,0.022086453590333177
5.5600000000000005,-0.0098198040646479,-0.0075510042124255,0.019707246278922844
5.57,-0.0098141588201816,-0.0134681943181822,0.021238773272216932
5.58,-0.0098079204902429,0.0520015426513607,0.025551799822158716
5.59,-0.0098010895557582,0.0306853704163609,0.02667120134868079
5.6000000000000005,-0.009793666518551,-0.0102978147080677,0.02646433724023763
5.61,-0.0097856519013395,0.0533433966718632,0.028274214109012097
5.62,-0.0097770462476942,0.0284330996109832,0.029055643751303983
5.63,-0.0097678501220416,0.0167541591421461,0.03207534270046152
5.64,-0.0097580641096356,0.0343634946278595,0.03192792899201239
5.65,-0.0097476888165165,0.0367767087514306,0.03272704170231598
5.66,-0.0097367248695218,0.0379091208141361,0.033974990206940774
5.67,-0.0097251729162584,0.0299923443365463,0.037786317904712444
5.68,-0.00971303362505,0.0908506736121768,0.03915458422815756
5.69,-0.0097003076849566,0.0430432029164652,0.03778220490005851
5.7,-0.009686995805716,0.0678687746451578,0.03795577020701789
5.71,-0.0096730987177301,0.0291465070657266,0.039905326364207405
5.72,-0.0096586171720591,0.0419491355592012,0.03870766892439964
5.73,-0.0096435519403498,0.0555838500418676,0.039066012766867095
5.74,-0.0096279038148544,0.0206845457815435,0.039669091710093515
5.75,-0.0096116736083839,0.0458312568476032,0.039374937426872224
5.76,-0.009594862154269,0.0295746240920032,0.03704235918214522
5.7700000000000005,-0.0095774703063489,0.0724868774407796,0.03777655540773236
5.78,-0.0095594989389297,0.0152653984741652,0.03839528697243246
5.79,-0.0095409489467568,0.0231815767612805,0.035264111370803486
5.8,-0.0095218212449954,0.034330241862508,0.03563743261253668
5.8100000000000005,-0.0095021167691722,0.0306428645929121,0.0362341998855633
5.82,-0.0094818364751642,0.0281925904359002,0.035589361600419894
5.83,-0.0094609813391599,0.0359583203027997,0.032146342395743745
5.84,-0.009439552357629,0.029418816949901,0.028686597901826188
5.8500000000000005,-0.0094175505472748,0.0281862546802122,0.026708848591970084
5.86,-0.0093949769449985,-0.0122074343878364,0.025436593515439667
5.87,-0.0093718326078962,0.0533272415514659,0.028972647105271174
5.88,-0.0093481186131699,0.0429857071952486,0.026323564201395012
5.89,-0.0093238360581282,0.0250959859779683,0.026549036125056134
5.9,-0.0092989860601411,0.0508829489928623,0.026477979820330528
5.91,-0.0092735697565848,0.0804008873787169,0.028753667918204297
5.92,-0.009247588304817,0.015604903077715,0.03014328117327016
5.93,-0.0092210428821376,-0.030354267738998,0.02854792547018173
5.94,-0.0091939346857333,-0.0170707843304011,0.029746617119887
5.95,-0.0091662649326446,-0.0208481897254345,0.02742307940322884
5.96,-0.009138034859743,0.0191139002404643,0.028137475355767463
5.97,-0.009109245723643,0.1038317494784649,0.028438504155056117
5.98,-0.0090798988006873,0.0168561364593802,0.02917742361011988
5.99,-0.0090499953869088,0.0200003088710487,0.029085580716658396
6.0,-0.0090195367979772,0.0216893943620428,0.02637055447740225
6.01,-0.0089885243691356,0.0821196919178572,0.02407252120246068
6.0200000000000005,-0.0089569594551752,0.0598247429492952,0.018741478582114654
6.03,-0.0089248434303912,-0.0053098793289569,0.020513398443298095
6.04,-0.0088921776885075,0.0611308449466105,0.023093713861484472
6.05,-0.0088589636426605,-0.0193754750999204,0.026167544990793896
6.0600000000000005,-0.0088252027253266,0.0431885696835233,0.028693844108616518
6.07,-0.0087908963882832,-0.0058858296027747,0.031697221870264955
6.08,-0.0087560461025565,0.0688445501078049,0.02720975293090859
6.09,-0.0087206533583711,0.0410570064325574,0.028477134822603008
6.1000000000000005,-0.0086847196650863,-0.0319195650464106,0.0289968567745199
6.11,-0.0086482465511655,0.0026242502190892,0.030565506247649414
6.12,-0.0086112355641071,-0.0315510076485496,0.02584011135356848
6.13,-0.0085736882703801,0.0528152201625672,0.022404375232109308
6.140000000000001,-0.008535606255397,0.023832356042916,0.024358166692809827
6.15,-0.0084969911234522,0.0474796693850967,0.022020420936996715
6.16,-0.0084578444976446,0.0322040917488406,0.026242920409879793
6.17,-0.0084181680198303,0.0821848332350815,0.02434608520744595
6.18,-0.0083779633505892,0.0095949017519812,0.023770512210470187
6.19,-0.0083372321691282,0.043471156184963,0.02329421917757542
6.2,-0.0082959761732531,0.0309144698613035,0.025021700583808492
6.21,-0.008254197079302,0.0546310332977625,0.02648983621256006
6.22,-0.0082118966220706,-0.0171136008578425,0.030528480441054374
6.23,-0.0081690765547731,-0.0123257156013473,0.03331293025818537
6.24,-0.0081257386489647,0.035719741345754,0.033249974934477435
6.25,-0.0080818846944857,0.0120381840745351,0.035663958183069236
6.26,-0.0080375164994095,0.0692970138306243,0.03213309715850384
6.2700000000000005,-0.0079926358899612,0.0033550304324126,0.03214782130419138
6.28,-0.00794724471046,-0.0179728625392658,0.029349970320595133
6.29,-0.0079013448232662,0.0588423964170149,0.030403094190618367
6.3,-0.0078549381087034,0.0773341159634518,0.029559837985112275
6.3100000000000005,-0.0078080264649948,-0.0010887168426276,0.028256114435666963
6.32,-0.0077606118081996,0.0874357790174697,0.028374604925010163
6.33,-0.0077126960721485,0.0269224385112015,0.02891682105635609
6.34,-0.0076642812083804,0.0514931583647004,0.030093647373866793
6.3500000000000005,-0.0076153691860564,0.0745260042633437,0.030840594984532628
6.36,-0.0075659619919038,-0.0266684121307764,0.031742807541855614
6.37,-0.0075160616301556,0.0325132988082789,0.033374633057667843
6.38,-0.0074656701224612,0.0234299625795603,0.0354877213923253
6.390000000000001,-0.0074147895078285,0.0317105030224692,0.038830236998212475
6.4,-0.0073634218425489,0.0257627758693351,0.037445903794833243
6.41,-0.0073115692001329,0.0035362753229518,0.0331509490719762
6.42,-0.0072592336712279,0.0571193335739697,0.03605549823958217
6.43,-0.0072064173635422,-0.0057270620995781,0.0336667048389418
6.44,-0.0071531224017928,0.0123876370663775,0.034704036594013915
6.45,-0.0070993509276029,0.0514056411697366,0.03502419794599571
6.46,-0.0070451050994568,0.0309846477783177,0.034394549807588215
6.47,-0.006990387092598,0.1035653496626813,0.03731954860924446
6.48,-0.0069351990989646,0.0477298854602191,0.039346879693498246
6.49,-0.006879543327129,0.052219965184365,0.04163360807627259
6.5,-0.0068234220021834,0.0297713991460509,0.04262899855699858
6.51,-0.0067668373656987,-0.012859933216546,0.042256376285810616
6.5200000000000005,-0.0067097916756325,0.0599068156770977,0.04110233459987219
6.53,-0.0066522872062463,0.0372711176040219,0.04193565503947334
6.54,-0.00659432624803,0.0487064053677159,0.04564323772720191
6.55,-0.0065359111076246,0.0582165467563181,0.04860690637452064
6.5600000000000005,-0.006477044107736,0.0613033933567863,0.0493847098121169
6.57,-0.0064177275870658,0.0347565627040048,0.047171788272100806
6.58,-0.0063579639002137,0.0750872515776085,0.04530416233872997
6.59,-0.0062977554176057,0.0714512586178214,0.04349415190299551
6.6000000000000005,-0.0062371045254194,0.052613703117715,0.04320633767702886
6.61,-0.0061760136254751,0.0179377081743878,0.04388878025439235
6.62,-0.0061144851351807,-0.020698600081755,0.04772593157259367
6.63,-0.0060525214874346,0.0746190628055937,0.045795659428121714
6.640000000000001,-0.0059901251305366,0.072132174342722,0.0455231684442548
6.65,-0.005927298528105,0.0746246786600708,0.044103574051593854
6.66,-0.0058640441590041,0.0677395133592581,0.04210350447092359
6.67,-0.0058003645172499,-0.0154867045620203,0.040857814651611465
6.68,-0.0057362621119022,0.0643452050618936,0.0390523026612758
6.69,-0.0056717394670141,0.0097196663097955,0.03660455777998079
6.7,-0.0056067991215241,0.0461758664390653,0.034641958477193535
6.71,-0.0055414436291562,0.0441026932706843,0.03334624384989344
6.72,-0.0054756755583612,0.0677202444656817,0.03347119736889403
6.73,-0.0054094974922036,0.0193711006431866,0.0386799922295188
6.74,-0.0053429120282805,0.0315488069428167,0.039277065942048904
6.75,-0.0052759217786274,0.0188949231218361,0.04035602960416643
6.76,-0.0052085293696352,0.0162150855622426,0.03797945772595755
6.7700000000000005,-0.0051407374419498,0.0351439071512316,0.0399912747586907
6.78,-0.005072548650381,-0.0031591890930441,0.04147234062168317
6.79,-0.0050039656638217,0.0236846090704132,0.04206090370882266
6.8,-0.0049349911651341,0.030236673259289,0.04519002041650307
6.8100000000000005,-0.0048656278510778,0.025403695944413,0.046816386323937684
6.82,-0.0047958784322121,0.0205617320734003,0.046617129932098225
6.83,-0.0047257456327776,0.0886860919913651,0.043205278709434795
6.84,-0.0046552321906367,0.0871576107687258,0.043569547176267195
6.8500000000000005,-0.004584340857161,0.0947904112471901,0.04472991544577765
6.86,-0.004513074397125,0.0247166692176844,0.04245043561261026
6.87,-0.004441435588634,0.1099876710466542,0.04210248648551703
6.88,-0.004369427223011,0.0156156785608214,0.04187389177176067
6.890000000000001,-0.0042970521047042,0.076705029891823,0.046828362440140596
6.9,-0.0042243130511848,0.0754311171710843,0.046415280191018767
6.91,-0.0041512128928611,0.0803295504951921,0.04627114619891433
6.92,-0.0040777544729614,0.0399183090420556,0.04733870586097507
6.93,-0.004003940647454,-0.0039286312102502,0.045528505154974176
6.94,-0.0039297742849414,0.0270207384466669,0.042205560351191954
6.95,-0.003855258266544,0.0559165406025363,0.04152874502308245
6.96,-0.0037803954858417,-0.0289741533746791,0.03713027965818756
6.97,-0.0037051888487293,0.0089081538932847,0.036385754658628276
6.98,-0.0036296412733199,0.0303434181623482,0.03373764155924137
6.99,-0.0035537556898779,0.1008846949429342,0.03359205069364272
7.0,-0.0034775350406912,0.0150098818388548,0.03342269100908638
7.01,-0.0034009822799718,0.0272098594250958,0.03419292418588162
7.0200000000000005,-0.0033241003737471,0.0478224488476885,0.031099609836579205
7.03,-0.0032468922997686,-0.0174524827526184,0.030884854622266394
7.04,-0.0031693610474087,0.0189042511119385,0.03334839565059626
7.05,-0.0030915096175421,0.0729444888784263,0.03549761366399172
7.0600000000000005,-0.0030133410224592,0.0024226385843972,0.03552023564514134
7.07,-0.0029348582857496,0.0090816442269395,0.039827508014876625
7.08,-0.0028560644422054,0.0543772959595291,0.040239676868044735
7.09,-0.0027769625377038,0.0125582703832499,0.03816268160761397
7.1000000000000005,-0.0026975556291108,0.0731484765161398,0.0347044186378542
7.11,-0.0026178467841836,0.0916060138837844,0.03767516944910564
7.12,-0.0025378390814317,0.0153699491598413,0.04006026961331772
7.13,-0.0024575356100453,0.0354084495414866,0.042596318740454345
7.140000000000001,-0.0023769394697753,0.0478057303846769,0.04477363063716281
7.15,-0.0022960537708144,0.0721543167279716,0.04433972836194357
7.16,-0.0022148816337136,0.0563916022066783,0.0389059162591348
7.17,-0.002133426189238,0.0614785663897619,0.04073355702983847
7.18,-0.0020516905782891,0.0175636998098151,0.03958883640101764
7.19,-0.0019696779517991,-0.013273482306698,0.037823082858233804
7.2,-0.0018873914705785,0.0282611725779792,0.03975915435267608
7.21,-0.0018048343052551,0.077395648875135,0.04189901404247761
7.22,-0.0017220096361431,0.0772969628735494,0.03935395351424612
7.23,-0.0016389206531297,0.1010794805175577,0.03857767955986792
7.24,-0.0015555705555642,0.0282710670782592,0.03945427934710531
7.25,-0.0014719625521492,0.0097923033323344,0.041613070475406216
7.26,-0.0013880998608439,-0.0411655652805577,0.04091391490488382
7.27,-0.0013039857087199,0.0408030947691743,0.042605528686023124
7.28,-0.0012196233318856,-0.0149574889782981,0.04423565763516514
7.29,-0.0011350159753453,0.0172964715610686,0.044443192839705395
7.3,-0.0010501668928936,0.0532157717665377,0.044229126936150526
7.31,-0.000965079347015,0.118085530001972,0.044633527100413545
7.32,-0.0008797566087515,0.0381597427909232,0.044952774226235524
7.33,-0.0007942019576129,-0.0009318038821009,0.043903966746797696
7.34,-0.0007084186814415,0.0538170450734718,0.04155294831856416
7.35,-0.0006224100762924,0.0931403440789959,0.040540183430595324
7.36,-0.000536179446342,0.0574720497470013,0.043105518053318574
7.37,-0.0004497301037714,0.0919154916106036,0.04766442988492191
7.38,-0.0003630653686303,0.0957112743217443,0.05030030120017964
7.390000000000001,-0.0002761885687291,0.0219219391051604,0.0558258599562068
7.4,-0.0001891030395412,-0.0177688662813503,0.059933752515644464
7.41,-0.0001018121240703,0.0367535760275027,0.060320513404415785
7.42,-1.431917273364558e-05,0.0840998385173966,0.05837897508175446
7.43,7.337245675476112e-05,0.0552720058053549,0.060498873343013265
7.44,0.000161259399492,0.0517080935246534,0.06091196050005484
7.45,0.0002493382834922,0.0070030044309138,0.06000516830478212
7.46,0.000337605729847,0.0636643304095225,0.05896595590299074
7.47,0.0004260583528065,0.0545715831831124,0.05687612706841879
7.48,0.000514692759887,0.0961563923895867,0.05552964728664836
7.49,0.0006035055520298,0.1010792448982721,0.05236997459719164
7.5,0.0006924933236923,0.1035622153092597,0.05162731292308898
7.51,0.0007816526629678,0.0613377504307355,0.05636930073239593
7.52,0.0008709801517015,0.0773132252260841,0.056766674193954335
7.53,0.0009604723656186,0.082677606277358,0.055765446940053254
7.54,0.0010501258744605,0.0077430264157721,0.05615645696523253
7.55,0.0011399372420589,0.034774408972745,0.056087309856396435
7.56,0.0012299030264811,0.0713168836413769,0.05775872233569929
7.57,0.0013200197801571,0.0135856442209902,0.05923898971146036
7.58,0.0014102840499879,0.0636394161934246,0.06130941421059212
7.59,0.0015006923774735,0.0293581478431533,0.05631185355702996
7.6,0.0015912412988233,0.0063260439490045,0.0525639139442336
7.61,0.0016819273450763,0.0818128777140957,0.04925474908801018
7.62,0.0017727470422251,0.0450984187202292,0.04642241017629659
7.63,0.0018636969113555,0.0630740661854737,0.048068346290595004
7.640000000000001,0.0019547734687347,0.0634832163341197,0.04824076019235295
7.65,0.002045973225942,0.0502560042390955,0.04797925320437451
7.66,0.0021372926900159,0.0421026664962737,0.04783864284723898
7.67,0.0022287283635402,0.0947499453005051,0.04864073944396162
7.68,0.0023202767447799,0.0980504976648792,0.04964994874526024
7.69,0.0024119343278172,-0.0087923813352186,0.04662694797305872
7.7,0.0025036976026376,0.0223725130295483,0.04832674025438782
7.71,0.0025955630552881,0.0340697533285683,0.052209343115789855
7.72,0.002687527167991,0.00185863328475,0.05082883075293262
7.73,0.002779586419252,0.1118778836263507,0.0525695285391928
7.74,0.0028717372839853,0.0862982982142747,0.05382137815610911
7.75,0.0029639762336497,0.0022513796682249,0.053224803265579226
7.76,0.0030562997363647,0.031821591472899,0.052924563895032015
7.77,0.0031487042570249,0.0881609121725524,0.055715587895112446
7.78,0.0032411862574327,0.0347790395482611,0.05688748675513512
7.79,0.0033337421964235,0.0001563999771927,0.05641423250057522
7.8,0.003426368529974,0.0650537857510646,0.05950464585488359
7.81,0.0035190617113378,0.087860704038447,0.06153371514372695
7.82,0.0036118181911709,0.0528221180940936,0.06285173404849244
7.83,0.0037046344176505,0.081653072231693,0.06534766092328691
7.84,0.0037975068365891,0.0893629081407163,0.06269279406419145
7.85,0.003890431891565,0.0509551436329924,0.06283868455189438
7.86,0.0039834060240662,0.0439509774576039,0.06554036058510122
7.87,0.0040764256735797,0.1007141704979627,0.06618434709039984
7.88,0.0041694872777303,0.1193598213609813,0.06633623029185724
7.890000000000001,0.0042625872724105,0.0881121583191213,0.06719221171026987
7.9,0.0043557220919032,0.0561062991052571,0.06891033642980304
7.91,0.0044488881689924,0.064982968095259,0.069239568724679
7.92,0.0045420819350994,0.0617481503286434,0.06504357728350149
7.930000000000001,0.0046352998204046,0.0542730976554338,0.06575314188294445
7.94,0.0047285382539702,0.0561256795853464,0.06586104329131051
7.95,0.0048217936638672,0.0893619984560361,0.06313962212130737
7.96,0.0049150624772925,0.0589865763655684,0.06058196962059171
7.97,0.0050083411206991,0.0453453080841702,0.061157178224348116
7.98,0.0051016260199238,0.0913504594031577,0.05646481791012529
7.99,0.0051949136002954,0.0527546493349266,0.05333013111214481
8.0,0.0052882002867765,0.036237019087389,0.052064270386720936
8.01,0.0053814825040854,0.0719676639434596,0.0528557272075941
8.02,0.0054747566768098,-0.0002551162262803,0.05200633639809788
8.03,0.0055680192295404,0.0677229746823956,0.05093943749243257
8.040000000000001,0.0056612665869898,0.0839190018073804,0.05254965404661881
8.05,0.0057544951741206,0.0322130635706503,0.05452825421799339
8.06,0.0058477014162672,-0.0027555588820368,0.05487654347066359
8.07,0.0059408817392608,0.0560303581364885,0.053518911937160345
8.08,0.0060340325695573,0.0021746038992835,0.053669607533429566
8.09,0.0061271503343562,0.0535313986033912,0.05246771241128887
8.1,0.0062202314617204,0.06152908308522,0.05299327499365355
8.11,0.0063132723807174,0.0727268923435935,0.05202535191455759
8.120000000000001,0.0064062695215222,0.0471457610958384,0.048870749743022725
8.13,0.0064992193155588,0.0393432733096717,0.052981235732015325
8.14,0.0065921181956168,0.088087645293345,0.05092976497039352
8.15,0.0066849625959708,0.0976762831842127,0.04716143506261342
8.16,0.0067777489525105,0.0966760727621103,0.04768240126872112
8.17,0.006870473702869,0.0304763141620002,0.0504562627641893
8.18,0.0069631332865388,0.0485099156058238,0.05048790759780528
8.19,0.0070557241449831,0.0661106618382032,0.049094498112256024
8.2,0.0071482427217967,0.0637914635645846,0.04936803876843997
8.21,0.0072406854628004,0.015910634426374,0.04966406993388076
8.22,0.0073330488161604,0.0057210183412275,0.04828432582800617
8.23,0.0074253292325299,0.0860650895425642,0.047007139239166315
8.24,0.0075175231651625,0.0246420886883377,0.04714506729041582
8.25,0.0076096270700487,0.0047840737439983,0.04658349664264785
8.26,0.0077016374060129,0.043153353898912,0.04381477413101904
8.27,0.0077935506348603,0.055495532522795,0.04384107062759682
8.28,0.0078853632214936,0.0566948996424242,0.046591602435782996
8.290000000000001,0.0079770716340216,-0.027086995297251,0.050911841768668906
8.3,0.008068672343911,0.059275752383254,0.0515280310420388
8.31,0.0081601618260845,0.0677457375594768,0.049916223693437824
8.32,0.0082515365590424,0.0437522661202269,0.04995411978118107
8.33,0.0083427930250068,0.0203248427302016,0.052770810090910523
8.34,0.0084339277100303,0.0422397623859112,0.04935517962620798
8.35,0.0085249371041096,0.0762946616902176,0.052207359528059535
8.36,0.0086158177013212,0.0395331104400077,0.05551580994145524
8.370000000000001,0.0087065659999358,0.0972282991902436,0.05818118937608082
8.38,0.0087971785025481,0.08823748213391,0.05529712120926068
8.39,0.0088876517161939,0.1392349415964279,0.05726734479586456
8.4,0.008977982152461,0.079050636578971,0.0633065518948534
8.41,0.0090681663276304,0.029943509243964,0.06391657099700766
8.42,0.0091582007627821,0.0167064522689824,0.06436142102964848
8.43,0.0092480819839174,0.0648715148455458,0.06550596131511806
8.44,0.0093378065220944,0.0143368497838107,0.06369709727842437
8.45,0.0094273709135311,0.0845378666272203,0.06750178982530256
8.46,0.0095167716997274,0.0742615324253083,0.06711779031505903
8.47,0.0096060054275981,0.0991263220260492,0.0683038719138435
8.48,0.0096950686495816,-0.0050698989804279,0.06880957920487156
8.49,0.0097839579237618,0.0980695949611055,0.06749267975086234
8.5,0.0098726698139983,0.0997363537815149,0.06781575893893296
8.51,0.009961200890024,0.0720861535284934,0.06911883807789206
8.52,0.010049547727578,0.0770875882449339,0.06970230633532767
8.53,0.0101377069085334,0.0677876121150881,0.0699688650794764
8.540000000000001,0.0102256750210028,-0.0176613020403656,0.06826482873973383
8.55,0.0103134486594574,0.1221383058703529,0.07174856315492045
8.56,0.0104010244248498,0.0682306719751038,0.07184520232532068
8.57,0.0104883989247295,0.0644408240144814,0.06670810303415768
8.58,0.0105755687733688,0.1078481523018327,0.061733029330244375
8.59,0.010662530591865,0.0605825935997167,0.06566351729996579
8.6,0.0107492810082793,0.1460196045459109,0.06560026815630324
8.61,0.0108358166577282,0.1064152984971118,0.06243344571350166
8.620000000000001,0.0109221341825144,0.0421963426501119,0.06055997377909027
8.63,0.0110082302322567,0.0223041858961057,0.0584389018492589
8.64,0.0110941014639792,0.0290867517109519,0.05630457441121931
8.65,0.0111797445422501,0.0874952725027297,0.06087883295710191
8.66,0.0112651561392868,0.0865672892056253,0.058763795577626225
8.67,0.0113503329350672,-0.0336175526891149,0.058822650702328255
8.68,0.0114352716174576,-0.0053502257561301,0.059459916133760525
8.69,0.0115199688823286,0.0774703483837217,0.056159424380589
8.700000000000001,0.0116044214336474,0.0967413629441921,0.054144620252472804
8.71,0.0116886259836135,0.0332330824826814,0.05222464827642403
8.72,0.0117725792527778,0.0327432429058544,0.05286276180745847
8.73,0.0118562779701403,0.0325450777184752,0.054286098004117725
8.74,0.0119397188732689,0.0229667359162568,0.05495527152384251
8.75,0.0120228987084081,0.0783981274231689,0.056313448552781135
8.76,0.0121058142306118,0.0777225209013634,0.05562351575152516
8.77,0.0121884622038354,0.0694666295938463,0.05618413715420811
8.78,0.0122708394010517,0.0778233980745594,0.061428071820806854
8.790000000000001,0.0123529426043822,0.0385378254852305,0.06223857754463792
8.8,0.0124347686051712,0.0182717069092766,0.06258224036740495
8.81,0.0125163142041334,0.1057001930488867,0.061836279542435625
8.82,0.0125975762114566,0.1198156826488349,0.06112421981541308
8.83,0.0126785514468957,0.0720864027799563,0.062249866020542506
8.84,0.0127592367399065,0.0363568298103264,0.06289053008352843
8.85,0.0128396289297311,0.0576084693186629,0.06346762006085396
8.86,0.0129197248655371,0.073006683676354,0.061080747053846786
8.870000000000001,0.012999521406512,0.0983403386619673,0.05946968572877616
8.88,0.013079015421949,0.0765050753094588,0.06024256341875418
8.89,0.0131582037914024,0.0116703944443223,0.05798065140857639
8.9,0.0132370834047684,0.0846872676618293,0.05876188951290319
8.91,0.0133156511623905,0.0810761856198364,0.06147244732471678
8.92,0.0133939039751868,0.0182798282152079,0.05628227788248103
8.93,0.0134718387647309,0.0563818132135722,0.05323956349551368
8.94,0.0135494524633822,0.0459990230411798,0.05002615234813694
8.950000000000001,0.0136267420143859,0.0350856254400929,0.050975130839115854
8.96,0.0137037043719617,0.0282737942760183,0.050794716480694654
8.97,0.013780336501451,0.0438902330748802,0.05177927999383617
8.98,0.0138566353793778,0.0856970610833847,0.04680563612741885
8.99,0.0139325979935739,0.0303232458608257,0.045070771230575596
9.0,0.0140082213432951,0.0549438256760933,0.04738891905462767
9.01,0.0140835024392937,0.0751934209573623,0.048325262856741935
9.02,0.01415843830396,-0.0032933652380641,0.04676469342309445
9.03,0.0142330259714051,0.0559186805225205,0.04996866269004198
9.04,0.0143072624875562,0.0046047686850448,0.05282201965286833
9.05,0.0143811449102776,0.0562853781208834,0.0551340454523311
9.06,0.0144546703094716,0.0538197677918176,0.05610581770187203
9.07,0.0145278357671585,0.093682517452326,0.05807016734674243
9.08,0.0146006383776098,-0.0061061825327964,0.05780387614206824
9.09,0.0146730752474288,0.0400729124757504,0.05634737019466872
9.1,0.0147451434956535,0.0603514987494159,0.05877304514503131
9.11,0.0148168402538645,0.1043504875062289,0.05903597355045842
9.12,0.0148881626662683,0.0483042275132391,0.059801688389784904
9.13,0.0149591078898225,0.0855631828211059,0.06122515698576488
9.14,0.0150296730943161,0.1163023094329257,0.0631647244861738
9.15,0.0150998554624692,0.094551564829898,0.06524758758756571
9.16,0.015169652190039,0.0554928426804524,0.06658362745344697
9.17,0.0152390604859026,0.0695251368182967,0.06844621523895165
9.18,0.0153080775721792,0.0382981177767223,0.0668940720350658
9.19,0.015376700684308,0.0551104361879947,0.07020747824643442
9.2,0.0154449270711343,0.0812624198184401,0.07024472777539252
9.21,0.0155127539950394,0.0604653221900627,0.07079928893360365
9.22,0.0155801787320025,0.0912734325832182,0.07027629555498105
9.23,0.0156471985717165,0.0265994752775158,0.07124642533931376
9.24,0.0157138108176718,0.0966495980311077,0.06841321886946189
9.25,0.0157800127872476,0.0483448938142749,0.06745271844012567
9.26,0.0158458018118201,0.0843422153043895,0.0630308263958647
9.27,0.0159111752368434,0.0929341112874163,0.0624769907183048
9.28,0.0159761304219463,0.061087510170723,0.06341160997396661
9.29,0.0160406647410182,0.0634753479059446,0.06623784089729712
9.3,0.016104775582304,0.0408551525838704,0.06752419736302526
9.31,0.0161684603485062,0.0719972830718498,0.0662576713446215
9.32,0.0162317164568548,0.0933676265551541,0.06582464428673157
9.33,0.0162945413392123,0.0686769529842262,0.06667129879057905
9.34,0.0163569324421603,0.0260658469542166,0.06786550858118334
9.35,0.016418887227082,0.096131800416865,0.0691586347085333
9.36,0.0164804031702631,0.0016918319004179,0.07194185386489263
9.37,0.0165414777629602,0.0438622934516942,0.06851458442236572
9.38,0.0166021085115097,0.0891521411871948,0.06779750984803583
9.39,0.0166622929374082,0.0976489671666629,0.07130034909902905
9.4,0.0167220285773872,0.0821239219682857,0.07179355395699183
9.41,0.0167813129835076,0.0546653734319613,0.0720097560664734
9.42,0.0168401437232484,0.0513717539743741,0.07167380868641766
9.43,0.016898518379585,0.1090531771640153,0.06803698349334857
9.44,0.0169564345510853,0.0516778808802062,0.06473351918546282
9.45,0.0170138898519744,0.1238052467054564,0.07005243124317864
9.46,0.0170708819122233,0.106792496097821,0.07098440111389756
9.47,0.017127408377654,0.0123695570113243,0.07524781556059662
9.48,0.0171834669099951,0.0778755452264888,0.07565488022993841
9.49,0.01723905518696,0.1346471344415805,0.07564045634943263
9.5,0.0172941709023516,0.0738326499231629,0.07479480126719214
9.51,0.0173488117661324,0.0453953968829836,0.07286900832774686
9.52,0.0174029755045018,0.0649423880906793,0.07536600831467856
9.53,0.0174566598599684,0.0169942975007029,0.07537112516188435
9.54,0.017509862591436,-0.0006957974813747,0.07396977856726117
9.55,0.0175625814742952,0.1377630001662491,0.07191975856353723
9.56,0.0176148143004789,0.1157031677019625,0.06865988883393903
9.57,0.0176665588785512,0.0912235352810978,0.06713032832285074
9.58,0.0177178130337768,0.0524106515078719,0.07017147242602087
9.59,0.017768574608204,0.0888492396965733,0.07264869064017598
9.6,0.0178188414607427,0.0798902104396126,0.0695521794706723
9.61,0.0178686114672282,0.0416822702399348,0.06758184896095329
9.62,0.0179178825204934,0.1071023731575271,0.07092462143876167
9.63,0.0179666525304572,0.0514792077656958,0.06874547509667203
9.64,0.0180149194241974,0.0796248986769285,0.06998972689570315
9.65,0.0180626811459971,0.0086274608020035,0.07426129117025565
9.66,0.018109935657451,0.0553479823838943,0.07226580833618475
9.67,0.0181566809375172,0.0746717253649666,0.0691536585767661
9.68,0.0182029149825763,0.0762335831778971,0.0655893335357115
9.69,0.0182486358065392,0.1298971277237461,0.06684493816866129
9.7,0.018293841440875,0.0696203998820031,0.06749079297726908
9.71,0.0183385299346972,0.0324557092190639,0.06774949632156162
9.72,0.0183826993548491,0.1155936189169597,0.06874708623110001
9.73,0.0184263477859436,0.0191803149067966,0.06585943918717974
9.74,0.0184694733304346,0.0431235852803566,0.06744660219770739
9.75,0.0185120741087008,0.0890070522842277,0.06405744314026021
9.76,0.0185541482590978,0.0958578606507601,0.06573036215904361
9.77,0.0185956939380199,0.0503480227541709,0.06250883169042198
9.78,0.0186367093199801,0.0163727094189516,0.059832224392939164
9.79,0.0186771925976492,0.078778348799817,0.05800957908972911
9.8,0.0187171419819442,0.1024121906773372,0.053195650749780735
9.81,0.0187565557020846,0.085322980669756,0.055166110818785564
9.82,0.0187954320056416,0.0626316583402408,0.05527758615517621
9.83,0.0188337691586076,0.0464617852352013,0.05535899205835441
9.84,0.0188715654454663,0.0848096309867764,0.05851479661497209
9.85,0.0189088191692249,0.0084525584705379,0.06221483066812482
9.86,0.0189455286515066,0.043758760196455,0.061727564438337594
9.87,0.0189816922325974,-0.0123041574571601,0.059779337143035634
9.88,0.0190173082714878,0.0184629721178276,0.058420678008947936
9.89,0.0190523751459559,0.037958031810486,0.06003784941380868
9.9,0.0190868912526065,0.0288046325848303,0.05618868102954095
9.91,0.0191208550069238,0.1110000613311044,0.0522879259305199
9.92,0.0191542648433518,0.0347966912832673,0.052026236928385844
9.93,0.0191871192153331,0.1173031428837019,0.052943348807998815
9.94,0.0192194165953424,0.0854522105957681,0.054655842342520154
9.95,0.019251155474978,0.1208243003965639,0.050676723082899416
9.96,0.0192823343649894,0.0787744614586959,0.05049149493144054
9.97,0.0193129517953444,0.0549450874494189,0.049452206130827715
9.98,0.0193430063152699,0.0218161809383293,0.057432393415808504
9.99,0.0193724964932973,0.0503333089210272,0.06359165474720621
10.0,0.0194014209173365,-0.0020541872698053,0.06574499291701517
10.01,0.0194297781946989,0.0204963335978952,0.06779980707922237
10.02,0.0194575669521551,0.0798275116249406,0.06686136737736034
10.03,0.0194847858360019,0.0818910078121135,0.0668501012288932
10.04,0.0195114335120788,0.0824241494601491,0.06624029281691228
10.05,0.0195375086658289,0.001248126534741,0.06528887287283569
10.06,0.0195630100023547,0.0045627672899017,0.06364150099815216
10.07,0.0195879362464485,0.0219336953835855,0.06275694630448839
10.08,0.019612286142645,0.1552797755274365,0.06417578830215061
10.09,0.0196360584552579,0.1478074600771792,0.06431506641669235
10.1,0.0196592519684374,0.0831781333764742,0.06525964506706297
10.11,0.0196818654861929,0.0719557299911815,0.06583692514959441
10.12,0.0197038978324515,0.091292827592002,0.06856362644628944
10.13,0.0197253478511016,0.0345601021654575,0.06755638651392289
10.14,0.0197462144060162,0.1044971662321023,0.06766357905337828
10.15,0.0197664963811045,0.0654723917701596,0.06605764585953963
10.16,0.0197861926803488,0.0862294910282099,0.0676444675050524
10.17,0.0198053022278488,0.0601988128917567,0.07153273619754297
10.18,0.0198238239678461,0.0847407694003255,0.07612571001282
10.19,0.0198417568647746,0.0247410213437059,0.06960729226181793
10.2,0.0198590999032854,0.0701694605788102,0.06557790562688819
10.21,0.0198758520882996,0.0100686944633549,0.06494922293351042
10.22,0.0198920124450219,0.0777570608284909,0.06406371207026847
10.23,0.0199075800189879,0.0586754730452431,0.060624777203207095
10.24,0.019922553876106,0.0841420511406764,0.05906981364969152
10.25,0.0199369331026683,0.0486995523895379,0.059167869066461716
10.26,0.0199507168053947,0.0345713810905091,0.05972172865408926
10.27,0.0199639041114613,0.0862164098322035,0.05953542572997886
10.28,0.0199764941685443,0.1183861455044031,0.06049351962958842
10.29,0.019988486144834,0.018393002756393,0.06265665911242134
10.3,0.0199998792290712,0.0631903407436548,0.0643418153688652
10.31,0.0200106726305743,0.0699757968155412,0.06423251101611542
10.32,0.0200208655792649,0.0533600018631005,0.06774179873523094
10.33,0.0200304573257009,0.019075195383713,0.06564447440872206
10.34,0.0200394471410986,0.0019058675416304,0.06545433823383183
10.35,0.0200478343173604,0.1065563299842764,0.06507880005098128
10.36,0.0200556181671029,0.0771034431103379,0.0649871225488846
10.37,0.0200627980236678,0.0823171296218917,0.06380824934295007
10.38,0.020069373241166,0.0803187847835574,0.06253143904808864
10.39,0.0200753431944838,0.1301666985398168,0.06056180640412051
10.4,0.0200807072793129,0.0601293027290271,0.060454902117481425
10.41,0.0200854649121784,0.0678740691710646,0.06042582140184498
10.42,0.0200896155304358,0.0837637365647811,0.06335504280948664
10.43,0.0200931585923214,0.0337132499718043,0.06288273963653904
10.44,0.0200960935769545,0.0546826133725482,0.06623664150018008
10.45,0.0200984199843434,0.0762557493008151,0.06944518643201143
10.46,0.0201001373354409,0.0467743248455075,0.06737097033053525
10.47,0.020101245172141,0.0098150437658838,0.06514888679273921
10.48,0.020101743057263,0.0594033936401135,0.0628240492404932
10.49,0.0201016305746232,0.0770238599810724,0.06154303592410687
10.5,0.0201009073290264,0.0161480127369722,0.05642144405952122
10.51,0.0200995729462638,0.0625796457152895,0.05901007386123636
10.52,0.0200976270731567,0.131489446376016,0.05981829224091138
10.53,0.0200950693775431,0.0434416352312009,0.057658782824528375
10.54,0.020091899548294,0.0895071345201748,0.05854433321681425
10.55,0.0200881172953526,0.0692853111100887,0.058215820173197964
10.56,0.0200837223497146,0.0629977918532768,0.056019643083779685
10.57,0.020078714463434,0.0304396888166212,0.055652599454360345
10.58,0.0200730934096643,0.0334955410247252,0.05827001140944414
10.59,0.0200668589826369,0.0534175051394446,0.05773901482409475
10.6,0.0200600109976883,0.0226132693835182,0.056496268958972425
10.61,0.0200525492912578,0.114490528565045,0.059402885497536397
10.62,0.0200444737208788,0.0848466551442401,0.06085721040664661
10.63,0.0200357841652232,0.0384140388207378,0.058585615289902596
10.64,0.0200264805240713,0.0523098082098079,0.060269812695777955
10.65,0.0200165627183335,0.0477838394566062,0.05822872553224124
10.66,0.0200060306900562,0.0301360304230311,0.05947371523739584
10.67,0.0199948844023856,0.0390664086277012,0.05944266577090477
10.68,0.0199831238396341,0.0647806948226438,0.06295686915415476
10.69,0.019970749007242,0.0482524653477763,0.06734576526039435
10.7,0.0199577599317574,0.0509261968135035,0.0669802206822118
10.71,0.0199441566608976,0.0771869600468155,0.07107856659601929
10.72,0.0199299392634993,0.0931204688066038,0.06840131522186928
10.73,0.0199151078295212,0.0837859489243919,0.07028454008995838
10.74,0.0198996624700603,0.0788097807545834,0.07039151330659837
10.75,0.0198836033173444,0.0466443040859038,0.06906019073618867
10.76,0.0198669305247117,0.0954300949183354,0.06937984185419296
10.77,0.0198496442666146,0.0623457530569642,0.07294881725284322
10.78,0.0198317447386353,0.1042379598648709,0.07682946055805276
10.79,0.0198132321574451,0.1256623592557566,0.07812110883247957
10.8,0.0197941067608148,0.045741068997611,0.08013074952071857
10.81,0.0197743688076151,0.1086785335734756,0.08106585144310595
10.82,0.0197540185777972,0.0582682497078949,0.08176877898624568
10.83,0.0197330563723813,0.1243943773741112,0.079462445888631
10.84,0.0197114825134486,0.0406604763701778,0.08085075285095934
10.85,0.0196892973441442,0.0243520342312042,0.07736560565813207
10.86,0.0196665012286462,0.054496512934696,0.08267570370374293
10.87,0.019643094552163,0.1050845137946865,0.07827451237923397
10.88,0.0196190777209309,0.1205599180371016,0.07991051195302479
10.89,0.019594451162172,0.0919053085856069,0.08083962925961874
10.9,0.0195692153241167,0.0904549198007952,0.07706850966310157
10.91,0.0195433706759617,0.0705633371836385,0.07824606473160352
10.92,0.0195169177078541,0.0919484384527501,0.07558135453877628
10.93,0.0194898569309071,0.0446874737566954,0.07694616338577383
10.94,0.0194621888771368,0.1129403951332869,0.07341444950298583
10.95,0.0194339140994759,0.0056216897052108,0.07379820100712103
10.96,0.0194050331717487,0.1581563630437318,0.0730263474984348
10.97,0.0193755466886491,0.0030050771036474,0.07488125413769015
10.98,0.0193454552657235,0.0967017441065714,0.0700268511566101
10.99,0.0193147595393433,0.1237494233033438,0.07013060566894382
11.0,0.0192834601666885,0.0464688477288961,0.06991762931848744
11.01,0.0192515578257279,0.0704697254361521,0.06686731292903249
11.02,0.019219053215197,0.0527196195241031,0.06430716594095406
11.03,0.0191859470545618,0.0869292354948438,0.06658503675780096
11.04,0.019152240084011,0.0502283858355629,0.0683614019404473
11.05,0.0191179330644247,0.0487192579570171,0.06867768868163407
11.06,0.0190830267773473,0.0081431105487934,0.06990560774709888
11.07,0.0190475220249536,0.0934495523590585,0.06432120831324742
11.08,0.0190114196300411,0.0031420511920052,0.06639120553974488
11.09,0.0189747204359852,0.12273876279611,0.06360249537119886
11.1,0.018937425306717,0.0874328052260229,0.06118844975305448
11.11,0.0188995351267012,0.0263982756222412,0.06350946750677432
11.12,0.0188610508008807,0.0168002504339916,0.06338429273640314
11.13,0.0188219732546707,0.1397837256065349,0.06156436180998568
11.14,0.018782303433934,0.0819911425922685,0.05897799779713088
11.15,0.0187420423049283,0.1195824166982089,0.05794076065708341
11.16,0.0187011908542616,0.031407990079972,0.059701525146284865
11.17,0.0186597500888952,0.0408839749328509,0.06257776347310524
11.18,0.0186177210360988,0.0464750188600943,0.0626998194061547
11.19,0.0185751047433929,0.0381388305671047,0.06595047566821988
11.2,0.0185319022785263,0.073054465322312,0.06446877569087735
11.21,0.0184881147294563,0.0952102205570128,0.06362103322902202
11.22,0.0184437432042938,0.0678410552583573,0.06610755154241749
11.23,0.0183987888312531,0.0145010700693365,0.07384519641179262
11.24,0.0183532527586544,0.0326155912248929,0.0674282467132323
11.25,0.0183071361548547,0.0284464058945662,0.06641896076780582
11.26,0.0182604402081898,0.0856953122302474,0.06129163499483692
11.27,0.0182131661269818,0.0685441154120215,0.06335596744879514
11.28,0.0181653151394733,0.0960127269530968,0.06451269019819186
11.29,0.0181168884937688,0.0714058326953741,0.06216612600298124
11.3,0.0180678874578205,0.0916230632719168,0.06318163325892237
11.31,0.0180183133193789,0.0696302135270611,0.06005881022286878
11.32,0.0179681673859288,0.0786151602035459,0.06122936512563332
11.33,0.0179174509846696,0.1792907926908693,0.06110231245529828
11.34,0.0178661654624656,0.0050277819367685,0.060605977600192235
11.35,0.0178143121857765,0.0607961377383122,0.060675491623372026
11.36,0.0177618925406436,0.0119085754658621,0.06111111832974198
11.37,0.0177089079326203,0.0747589716130945,0.0594905103212553
11.38,0.0176553597867279,0.0651751526701822,0.05818310501164037
11.39,0.0176012495474303,-0.0028028292393288,0.05784465209853263
11.4,0.01754657867854,0.0594644829418686,0.05602226328830214
11.41,0.0174913486632039,0.0074751815651866,0.05469313375534502
11.42,0.0174355610038451,0.1197918735150679,0.0522763516054929
11.43,0.0173792172220965,0.0651729491813216,0.051717771066225694
11.44,0.0173223188587756,0.0040780381121096,0.046113977241534196
11.45,0.0172648674737957,0.0340753857116684,0.04819622910436791
11.46,0.0172068646461548,0.0375945667283354,0.04941115801611172
11.47,0.0171483119738552,0.051662544052027,0.0521519999739643
11.48,0.0170892110738396,0.041088603910108,0.05145735956177942
11.49,0.0170295635819633,0.0889052157778343,0.05075113400735744
11.5,0.0169693711529222,0.0331356676805339,0.05051820525388098
11.51,0.0169086354601971,0.0637113430798171,0.04920388367342828
11.52,0.0168473581959982,0.0188777883801667,0.051444904709958446
11.53,0.0167855410712097,0.0668849688789345,0.04915378025738376
11.54,0.0167231858153232,0.0616111223723478,0.04800784317134593
11.55,0.0166602941763932,0.0487550710562764,0.050051331214113794
11.56,0.0165968679209593,0.0863096448849324,0.0544489424827805
11.57,0.0165329088340021,0.0694662565807664,0.056368811094196065
11.58,0.0164684187188651,0.060171522957212,0.056492235758921226
11.59,0.0164033993972079,0.0503444160273205,0.05924224763185583
11.6,0.0163378527089419,-0.0076943330623346,0.05516597852963249
11.61,0.0162717805121559,0.0318637297523621,0.05740104408632242
11.62,0.0162051846830657,0.0545366233323199,0.05569969064238588
11.63,0.0161380671159366,0.0716782600109996,0.058189106682992264
11.64,0.0160704297230362,0.0411082703745272,0.05687244446723822
11.65,0.0160022744345594,0.0469912870102347,0.05526646777448157
11.66,0.0159336031985507,0.1264252223536693,0.05877743838021714
11.67,0.0158644179808514,0.0779118075680622,0.054703299597117304
11.68,0.015794720765036,0.0542544620112556,0.054827529603201974
11.69,0.015724513552337,0.0988388532417346,0.055192571102466295
11.7,0.0156537983615673,0.003303564631144,0.057200788654038694
11.71,0.0155825772290646,0.0800720443710225,0.06099954262760831
11.72,0.0155108522086278,0.0279829207571497,0.0616003556171409
11.73,0.0154386253714222,0.0711555252329009,0.06156210345702389
11.74,0.0153658988059274,0.0392350623480993,0.05986651734741886
11.75,0.0152926746178616,0.0278856118244583,0.06083917340930304
11.76,0.0152189549301101,0.1224854537767235,0.06200374343885247
11.77,0.0151447418826444,0.0007527304398358,0.055292267250002705
11.78,0.0150700376324641,0.0720750867085443,0.0538183845792513
11.79,0.014994844353508,0.0678373944417628,0.056601765397806605
11.8,0.0149191642365847,0.0925169846103409,0.05557950023709175
11.81,0.014842999489309,0.0720795003826273,0.05803430235710598
11.82,0.0147663523359931,0.0444808025325465,0.059941067331357706
11.83,0.0146892250176167,0.0537333279698627,0.058395332840275316
11.84,0.0146116197917212,0.036070951709294,0.057566303008808335
11.85,0.0145335389323181,0.0615340476740949,0.05900518516009012
11.86,0.014454984729853,0.0714472576307728,0.060701805295709135
11.87,0.0143759594910974,-0.0145157776121758,0.0589802827326343
11.88,0.0142964655390653,0.0469602714822827,0.06314250513255032
11.89,0.0142165052129578,0.1127054592009168,0.06439406705963942
11.9,0.0141360808680629,0.0773712848667228,0.06420611191337053
11.91,0.0140551948756811,0.054854409151443,0.0611450449818858
11.92,0.0139738496230473,0.1201141088303088,0.06038666587185865
11.93,0.013892047513242,-0.0044775035555807,0.0648633687979703
11.94,0.0138097909651135,0.0537458987720942,0.06388008431280091
11.95,0.0137270824131896,0.0694515875250171,0.06626719461306022
11.96,0.0136439243076047,0.0635146346724574,0.06664723020266002
11.97,0.0135603191140032,0.0863334799521519,0.06473725125135489
11.98,0.0134762693134643,0.0881594008380721,0.07069961929238382
11.99,0.0133917774024133,0.0983578871774157,0.0736958381798479
12.0,0.0133068458925328,0.063890336370116,0.06860808772100546
12.01,0.0132214773106847,0.0282345790491615,0.06835075450276282
12.02,0.0131356741988053,0.0561535390720571,0.06688858720750554
12.03,0.0130494391138408,0.1384915639808914,0.06454296378391512
12.04,0.0129627746276533,0.0330843537813054,0.06864281392772756
12.05,0.0128756833269211,0.0862002680147393,0.06659527851438166
12.06,0.0127881678130548,0.0695147950556907,0.0667887761755422
12.07,0.0127002307021117,0.0313376996533651,0.06547798931152561
12.08,0.0126118746247183,0.1106939512494319,0.0646017045926335
12.09,0.0125231022259475,0.1098808681190284,0.06003863663185359
12.1,0.0124339161652525,0.0058626995652259,0.05767655636951617
12.11,0.012344319116378,0.071967287283627,0.055740761954155706
12.12,0.0122543137672403,0.02414889595104,0.05849968817843641
12.13,0.0121639028198783,0.0708560169349101,0.05970505513286044
12.14,0.0120730889903192,0.0816193494644807,0.053509674865242246
12.15,0.0119818750085015,0.0107476550918301,0.05599524509410153
12.16,0.0118902636182027,0.0735150384093885,0.05270934936177626
12.17,0.0117982575769032,0.0359881105281088,0.05150558731882147
12.18,0.011705859655714,0.0679315008554176,0.04911989048358807
12.19,0.0116130726392993,-0.0076650263383058,0.04553106191381937
12.2,0.0115198993257376,0.0487542016683297,0.04317853606314869
12.21,0.011426342526466,0.0232386536475463,0.048033315687373165
12.22,0.0113324050661695,0.0861720297590564,0.047761970950452856
12.23,0.0112380897826586,0.0814662451149618,0.04653473483983895
12.24,0.011143399526825,0.0083885783609092,0.04595847650237652
12.25,0.0110483371624975,0.0852813285873504,0.043732499304343635
12.26,0.0109529055663581,0.0171964576359087,0.045213632807737186
12.27,0.0108571076278513,0.04423579215364,0.04388181694104803
12.28,0.0107609462490665,-0.0187619338865362,0.044485397159480335
12.29,0.010664424344664,0.0353285512842892,0.04545552543104818
12.3,0.0105675448417635,0.0604778252549442,0.0506017331387506
12.31,0.0104703106798192,0.1078130716739397,0.05074796411357282
12.32,0.0103727248105534,0.0662690478083006,0.049835272097142225
12.33,0.0102747901978478,-0.0016230623718521,0.047667232216176456
12.34,0.0101765098176193,0.0587545918481992,0.04373306835019908
12.35,0.0100778866577472,0.0348738283057901,0.04797620551468057
12.36,0.009978923717957,0.0418514586630946,0.04499284918922955
12.37,0.0098796240097065,0.0455469052089162,0.04748853516689871
12.38,0.0097799905560969,0.0486632951151873,0.04767315084320475
12.39,0.0096800263917756,0.0883041945583423,0.05188574088429476
12.4,0.009579734562809,0.100405335523445,0.05299699936352323
12.41,0.0094791181265901,0.0518250521395965,0.05092698118454654
12.42,0.009378180151745,0.0040721213025036,0.04864358787368437
12.43,0.0092769237180045,0.0406431922587753,0.04772656649916034
12.44,0.0091753519161102,-0.0011511960705631,0.0479913552253073
12.45,0.0090734678477116,0.0974944588150205,0.04822772563694009
12.46,0.0089712746252523,0.0226308457528788,0.04951176473833726
12.47,0.0088687753718647,0.0696058631669611,0.05188681058162438
12.48,0.0087659732212697,0.0481127213560669,0.05075838182254928
12.49,0.0086628713176578,0.0697024569763542,0.051613151752835824
12.5,0.0085594728155835,0.0586649793480869,0.04890727596573393
12.51,0.0084557808798652,0.0170074434964337,0.046313425110482656
12.52,0.008351798685463,0.0598618121458341,0.045878962592184935
12.53,0.008247529417385,0.0470115989432962,0.04827074191447454
12.54,0.0081429762705725,0.0039375008772338,0.05113403522534211
12.55,0.0080381424497733,0.0637183704924879,0.05465003295724481
12.56,0.0079330311694492,0.0618386494351306,0.05354908944121169
12.57,0.0078276456536713,0.091727421372124,0.0555898316568147
12.58,0.0077219891359947,0.0218499012683391,0.05631185720713779
12.59,0.0076160648593448,0.0666134636512049,0.05756062075115395
12.6,0.0075098760759256,0.0314808030292025,0.05561540774807146
12.61,0.0074034260470839,0.0459344675631682,0.057457337829880606
12.62,0.0072967180432148,0.0427013392553444,0.05786172267404647
12.63,0.0071897553436367,0.0542994870705852,0.05768551013945921
12.64,0.0070825412364888,0.1007723517869944,0.05977699335768808
12.65,0.0069750790186229,0.0726847562993937,0.06354678768115242
12.66,0.0068673719954559,0.0743746449783248,0.060693708797352496
12.67,0.0067594234809037,0.0654864322805421,0.060480455648265735
12.68,0.0066512367972393,0.0847683997237461,0.06162329158082169
12.69,0.0065428152749708,0.0743367557804061,0.060726568927388896
12.7,0.006434162252758,0.0288529839116218,0.06144170442983874
12.71,0.0063252810772629,0.097345511066079,0.06405511820460756
12.72,0.0062161751030631,0.0254995252239171,0.06148595909415194
12.73,0.0061068476925246,0.0561613489195016,0.06110778133576355
12.74,0.0059973022156684,0.0909327465261024,0.0599981584263073
12.75,0.0058875420500842,0.0831031816699848,0.05565434694063086
12.76,0.005777570580806,0.0038037139326897,0.05466181610076641
12.77,0.0056673912001842,0.0573603333043086,0.05231275621341566
12.78,0.0055570073077743,0.1157269759557992,0.05018093831505088
12.79,0.005446422310229,0.0030187255462502,0.04745345332789719
12.8,0.0053356396211623,0.0816313092026515,0.045761044341271186
12.81,0.0052246626610547,0.0863624922993479,0.04756554894527198
12.82,0.0051134948571174,-0.0080178737563998,0.043268972427479985
12.83,0.0050021396431815,0.0347596063291882,0.0430965606323143
12.84,0.0048906004595783,0.0309974059720038,0.04004005460085692
12.85,0.0047788807530257,0.0095523105877892,0.036605383526509626
12.86,0.0046669839765034,0.0518416086622404,0.03677374692810017
12.87,0.0045549135891387,0.025044387343959,0.03901127453268
12.88,0.004442673056082,0.0207182564148816,0.04001031957917006
12.89,0.004330265848379,0.0274912149935186,0.03531852335073256
12.9,0.0042176954428929,0.0387961670612602,0.038097290527667915
12.91,0.0041049653221353,0.0667475805956383,0.036069287907729446
12.92,0.0039920789741576,0.0071174041924471,0.03546495472922338
12.93,0.003879039892457,0.0218788775254377,0.038154620828948105
12.94,0.0037658515758265,-0.0080252777411034,0.03791632479187595
12.95,0.0036525175282547,0.0188046539648093,0.0366148351474047
12.96,0.0035390412587904,0.0866388131033864,0.04020202406006764
12.97,0.0034254262814337,0.050791793628866,0.04054292709335575
12.98,0.0033116761150003,0.0783402792805998,0.043847672215361844
12.99,0.0031977942830191,0.0171992551586117,0.04498887861720334
13.0,0.0030837843136038,0.0613728362618926,0.044703832421385876
13.01,0.002969649739315,0.0390432541839438,0.044265687030070465
13.02,0.0028553940970676,0.0736714955507205,0.04458694570157794
13.03,0.0027410209279848,0.0484651143378194,0.045601386523244865
13.04,0.0026265337772973,0.0297553895506729,0.04632121505707941
13.05,0.0025119361941966,0.0036661234381077,0.04944461115596939
13.06,0.0023972317317266,0.0848832777537108,0.04957535728263435
13.07,0.0022824239466701,0.0590005723612908,0.046350072967309384
13.08,0.0021675163994122,0.0944440349060869,0.04665688455576239
13.09,0.0020525126538217,0.0446835908535529,0.043966541818789937
13.1,0.0019374162771312,0.021505244881352,0.04683241145831276
13.11,0.0018222308398069,0.0295951138436366,0.04517034921237641
13.12,0.0017069599154373,0.0734940126972953,0.04730893396531772
13.13,0.0015916070806004,0.0284206614474524,0.04845667420474818
13.14,0.0014761759147496,0.0369952767359632,0.05092304265652336
13.15,0.0013606700000806,0.0575660403355861,0.05385451577188452
13.16,0.0012450929214036,0.0215503226247734,0.05194345558192989
13.17,0.0011294482660434,0.0189078424815623,0.047889688853086455
13.18,0.0010137396237008,0.0572348369863792,0.04757560150510888
13.19,0.0008979705863249,0.0218430818041781,0.04484516377449107
13.2,0.0007821447479849,0.0773825175885911,0.04786876931109868
13.21,0.0006662657047684,0.0264695290972292,0.051956136033307926
13.22,0.0005503370546444,0.0839535339957113,0.05277843791050746
13.23,0.000434362397339,0.0977740405787602,0.047440793890464114
13.24,0.0003183453342076,0.1002588518250982,0.04490087867126725
13.25,0.0002022894681097,0.0913163249732574,0.048831183971572586
13.26,8.619840330958972e-05,-0.0364661405509396,0.05003728204567359
13.27,-2.9924254676960693e-05,-0.0002458235520015,0.049613423820271396
13.28,-0.0001460748992015,0.0524047380537618,0.051278778954449926
13.29,-0.0002622499225946,0.0371048425631128,0.049933720260705715
13.3,-0.000378445716298,0.1081793071223128,0.0518555996600216
13.31,-0.0004946586709853,0.1073399460477463,0.046113454504904505
13.32,-0.0006108851766967,0.0468634532648266,0.047596482140767594
13.33,-0.0007271216229537,-0.0385965117236148,0.046801584798357825
13.34,-0.0008433643988864,-0.0249175581556819,0.04308830057788377
13.35,-0.0009596098933417,0.1195316880423753,0.038966559835458
13.36,-0.0010758544950417,0.0828940998917073,0.03748165561896342
13.37,-0.001192094592689,0.0126492998913273,0.04229125199374431
13.38,-0.0013083265750696,0.0538803002993114,0.04084129952370106
13.39,-0.001424546831219,0.0289886044177507,0.038110224585194814
13.4,-0.0015407517505172,0.0622025491898117,0.03935656956440668
13.41,-0.0016569377228298,-0.0432025306688678,0.03512198402636969
13.42,-0.0017731011386218,0.057613109450354,0.03330344760021387
13.43,-0.0018892383890661,0.0672606898051061,0.03193904043233241
13.44,-0.0020053458662155,0.0197950719488052,0.035323643517849695
13.45,-0.0021214199630803,0.013702296234157,0.03974679700965522
13.46,-0.0022374570737587,0.0601333364268711,0.03742133572312397
13.47,-0.0023534535936009,0.0645353833194592,0.035097843736951954
13.48,-0.0024694059192892,-0.0306948254229098,0.03482286509245648
13.49,-0.0025853104489687,-0.0049478356548694,0.03602033987074321
13.5,-0.0027011635823886,0.0632780871265621,0.03522521131123962
13.51,-0.0028169617210166,0.019253010823536,0.03614447615403754
13.52,-0.0029327012681629,0.069150681098474,0.04240716942068871
13.53,-0.0030483786291057,0.0182109027393158,0.03822642760816628
13.54,-0.0031639902112079,0.0324801530722483,0.035528976080682464
13.55,-0.0032795324240469,0.0679686651722342,0.03488107406086212
13.56,-0.0033950016795458,0.070697001025219,0.03605842245697445
13.57,-0.0035103943920866,0.034100768182095,0.03724950927514918
13.58,-0.0036257069786299,0.0068747483569222,0.03967096483350251
13.59,-0.0037409358588452,0.0790272706433329,0.043979957730998304
13.6,-0.0038560774552387,0.0122909046681751,0.04371879254970207
13.61,-0.0039711281932669,0.0815071108885682,0.04379296365777915
13.62,-0.0040860845014617,0.0883140279308066,0.04700495140867183
13.63,-0.0042009428115608,-0.0301824686126169,0.04644186198159871
13.64,-0.0043156995586268,0.010614207727946,0.04435240129384865
13.65,-0.004430351181156,0.0061891295325779,0.041682690105365156
13.66,-0.0045448941212222,0.038426612552516,0.03827110596894309
13.67,-0.0046593248245935,0.0851461596085404,0.0353258135241657
13.68,-0.0047736397408404,0.1153859500448792,0.0362073368458616
13.69,-0.0048878353234804,0.0597940254245017,0.03707768504194276
13.7,-0.0050019080300806,-0.0104323044620902,0.035104757825874064
13.71,-0.0051158543223878,0.0648356803961806,0.03749717855565757
13.72,-0.0052296706664595,0.0867047535922824,0.035501644484160357
13.73,-0.0053433535327607,0.0573258031299386,0.032282148806044776
13.74,-0.0054568993963138,-0.0256677717034355,0.03666575817535618
13.75,-0.0055703047368016,-0.0235837818859051,0.039086675483127956
13.76,-0.0056835660386861,-0.0036746016926292,0.04186568671216283
13.77,-0.0057966797913644,0.0088458596848939,0.0421839403769804
13.78,-0.0059096424892324,0.0526127579377089,0.0373193638052832
13.79,-0.0060224506318373,0.0251520604746265,0.033405627823915464
13.8,-0.0061351007240223,0.0375957991058904,0.034180967943517805
13.81,-0.0062475892759955,0.0625317399936285,0.03865885788465423
13.82,-0.006359912803483,0.0396008953871268,0.03883423651646418
13.83,-0.0064720678278451,0.0207046186903793,0.03802084436331578
13.84,-0.0065840508761849,0.0618733281429227,0.033981576526957914
13.85,-0.0066958584814813,0.0614534711911532,0.036908270348817364
13.86,-0.0068074871827056,0.0645483653423103,0.03968169695949219
13.87,-0.0069189335249214,0.045109939513685,0.03961003321781091
13.88,-0.0070301940594347,-0.0170099483971007,0.041736482679248996
13.89,-0.0071412653438907,0.0331974944361566,0.03978487762734432
13.9,-0.0072521439423905,0.076076167936151,0.03747664579772494
13.91,-0.0073628264256414,0.0836033843017747,0.03869867573772907
13.92,-0.0074733093710283,0.0685186316641895,0.03726477084374538
13.93,-0.0075835893627584,0.0696235183761658,0.03625745240430463
13.94,-0.0076936629919838,-0.0274988214335764,0.03527290206307657
13.95,-0.0078035268569059,0.0357927985556129,0.03548620176844369
13.96,-0.0079131775628821,0.0346581769382663,0.03539162766112083
13.97,-0.0080226117225745,-0.005179540267936,0.034509682771478326
13.98,-0.0081318259560481,0.0535012983750935,0.03360677155858561
13.99,-0.0082408168908781,0.0116290518477108,0.035313179699594896
14.0,-0.0083495811622869,-0.0233208079473806,0.0367803634377013
14.01,-0.0084581154132262,0.0632584278459772,0.037575924008859396
14.02,-0.0085664162945364,0.032419737219971,0.03381175118040782
14.03,-0.0086744804650373,0.018447208158871,0.03095830807108682
14.04,-0.0087823045916396,2.90615245901113e-05,0.030626141944608637
14.05,-0.0088898853494723,0.0663526219556324,0.036020172660003166
14.06,-0.0089972194219856,0.0594674149373729,0.03781784469455261
14.07,-0.0091043035010729,0.0460275226598178,0.03598338435415236
14.08,-0.009211134287182,0.0261488040429379,0.040229455394960756
14.09,-0.0093177084894258,0.0188246225640943,0.040858900703379566
14.1,-0.0094240228256992,0.0640083529363912,0.043744583941373705
14.11,-0.0095300740227982,0.0927829399304711,0.047080016810732365
14.12,-0.0096358588165201,0.0045557549042916,0.046782024257207386
14.13,-0.0097413739517798,0.0085963263684484,0.045621587498716025
14.14,-0.0098466161827209,0.062648029720124,0.04558710661246784
14.15,-0.0099515822728379,0.0857758235897087,0.04806155043845973
14.16,-0.0100562689950761,0.0735439112811513,0.04561282448028727
14.17,-0.0101606731319453,-0.0038654902101391,0.04376851225364399
14.18,-0.0102647914756254,0.0839879515890403,0.04460784911531409
14.19,-0.0103686208280939,0.0667196498518886,0.04583591954622109
14.2,-0.0104721580012207,0.0722283998455877,0.05151517695003099
14.21,-0.0105753998168728,0.0467232823091514,0.04749029583129479
14.22,-0.0106783431070428,0.0570005842219525,0.046618981039267905
14.23,-0.0107809847139456,0.0080505652916525,0.04868044803884344
14.24,-0.0108833214901266,0.0177231095476592,0.050718167867240954
14.25,-0.0109853502985729,0.0519923818704196,0.05068124853740257
14.26,-0.0110870680128188,0.0149293768340108,0.04561699440840734
14.27,-0.0111884715170568,0.0207368581778641,0.045020258583183384
14.28,-0.0112895577062538,0.0636535967548898,0.045711928062946265
14.29,-0.0113903234862267,0.051938283091985,0.04520027144071331
14.3,-0.0114907657737806,0.1380890280441021,0.04445056132281562
14.31,-0.0115908814968118,-0.020514150557069,0.045690068633608624
14.32,-0.0116906675943884,0.0744853292979064,0.04464730975629416
14.33,-0.0117901210168858,0.0478465618953779,0.04109650052962758
14.34,-0.011889238726076,0.0513884427647964,0.042654625678790976
14.35,-0.0119880176952191,0.0618727237935179,0.043465819260846056
14.36,-0.0120864549092103,-0.0205735131191914,0.042788536630216124
14.37,-0.0121845473646353,0.0610124589514483,0.04428783908816591
14.38,-0.0122822920699011,0.0106595688648815,0.04405360316534339
14.39,-0.0123796860453329,0.0732431625221482,0.043425397496529926
14.4,-0.0124767263232655,0.0509757373760371,0.044221308588792606
14.41,-0.01257340994818,0.0982580533722409,0.03806566948186648
14.42,-0.0126697339767584,0.0248253458855476,0.04099768010948569
14.43,-0.0127656954780147,-0.0175664095380457,0.038125025462673455
14.44,-0.0128612915333836,0.0407711934240838,0.03775442343988371
14.45,-0.0129565192368341,0.0347581747708158,0.03605893705726152
14.46,-0.013051375694964,0.0377694466271911,0.031219465081202675
14.47,-0.013145858027086,0.0464147284509563,0.031669319818943636
14.48,-0.0132399633653412,0.0158179037985912,0.030701076398287615
14.49,-0.0133336888547913,0.050461277709807,0.032321918227630995
14.5,-0.0134270316535262,0.0686524160295013,0.029543508132624588
14.51,-0.013519988932753,0.0088206067986534,0.030227059847018838
14.52,-0.0136125578768853,0.0410580726229346,0.025254734163015217
14.53,-0.0137047356836561,0.0141595817148493,0.02278403685450945
14.54,-0.0137965195642186,0.0400639194167933,0.024906727563070045
14.55,-0.0138879067432179,0.0157832287297305,0.021429951106464302
14.56,-0.0139788944588964,-0.039756187703718,0.020064173800580946
14.57,-0.0140694799632024,-0.0111265636266311,0.019541417561401337
14.58,-0.0141596605218702,0.0406793471176718,0.019848024840669328
14.59,-0.0142494334145204,0.0446972472810925,0.018105324787878796
14.6,-0.0143387959347485,0.0148965505270136,0.018852923591194608
14.61,-0.0144277453902136,0.0653303233783164,0.018564872009159638
14.62,-0.0145162791027525,-0.0061607859918352,0.018384285268432627
14.63,-0.0146043944084489,-0.0270592975930735,0.015384780468778109
14.64,-0.0146920886577278,0.0270100953417268,0.01648816842445071
14.65,-0.0147793592154665,-0.0322411121646368,0.015585433101072249
14.66,-0.0148662034610613,0.0060768513472653,0.019142735964344414
14.67,-0.0149526187885246,0.0267915656044194,0.02383352408290117
14.68,-0.0150386026065763,0.0528534813155841,0.02625129865785168
14.69,-0.0151241523387385,-0.02077879731001,0.02817362613216006
14.7,-0.0152092654234214,0.0661608525794391,0.027571248749085918
14.71,-0.0152939393139983,0.0626033328067669,0.027572952049355372
14.72,-0.0153781714789108,0.0050282852433861,0.025652790544232567
14.73,-0.0154619594017441,-0.0219315281698102,0.02465016066198411
14.74,-0.0155453005813238,0.0373307287839739,0.02704149657561127
14.75,-0.0156281925317997,0.0211064776258456,0.024391907781968022
14.76,-0.0157106327827033,0.090486588858446,0.028057104912975316
14.77,-0.0157926188790874,0.0587503627859739,0.02994099212664943
14.78,-0.0158741483815616,0.0396467024473296,0.031010904058785413
14.79,-0.0159552188663841,0.0810482240781478,0.032318293351201066
14.8,-0.0160358279255867,0.0320473222365355,0.034422815575582424
14.81,-0.0161159731670051,0.0149323198326721,0.03318132165787033
14.82,-0.0161956522143791,0.0250069317707375,0.03143241031495027
14.83,-0.0162748627074438,-0.0272160135190528,0.03445629980053848
14.84,-0.016353602302005,0.0231587565930969,0.03665378393703969
14.85,-0.016431868670011,-0.0286312693247815,0.03630092645045176
14.86,-0.0165096594996499,0.0447280275865164,0.03461169497295348
14.87,-0.0165869724954137,0.0456384828344218,0.03195370593177569
14.88,-0.0166638053781753,0.049259716179275,0.02931147425712019
14.89,-0.0167401558852836,0.0803086564563128,0.02792731440991861
14.9,-0.0168160217706325,0.0234161694019984,0.025621322395301883
14.91,-0.0168914008047277,0.0400894803074852,0.02505312866035964
14.92,-0.0169662907747836,0.0258761946054455,0.026146018711399294
14.93,-0.0170406894847846,0.0685299644407387,0.025926094025355083
14.94,-0.0171145947555517,0.0242156386967152,0.03153461620194082
14.95,-0.0171880044248451,0.0299207215656275,0.028797386530235537
14.96,-0.0172609163474196,-0.0143673834016184,0.031096390897744724
14.97,-0.0173333283950916,0.0346688189937124,0.028014969339268895
14.98,-0.0174052384568412,0.0032634976182084,0.02717153650494144
14.99,-0.0174766444388463,0.0105793456560964,0.02637932968086255
15.0,-0.0175475442645733,0.0326223917711965,0.023139888344266696
15.01,-0.0176179358748779,0.0201152538027484,0.022151742445728144
15.02,-0.0176878172280098,0.0378830109045049,0.021915720983594345
15.03,-0.0177571862997327,0.0203885133638091,0.01968502362972141
15.04,-0.0178260410833908,0.0905629521892477,0.015970592590905823
15.05,-0.0178943795899499,-0.0343230665127142,0.014526217228380897
15.06,-0.0179621998481011,0.0196478223929116,0.016317031666891305
15.07,-0.0180294999042929,-0.0199818251414761,0.01735535670745428
15.08,-0.0180962778228238,0.0279263933135452,0.01698046550095786
15.09,-0.0181625316859057,0.0326233728736184,0.02048405213077408
15.1,-0.0182282595937138,0.0122803883877998,0.02242593018676445
15.11,-0.0182934596644701,0.0026651055326888,0.02204574243139824
15.12,-0.0183581300344931,0.0351330296026754,0.024847489877202724
15.13,-0.0184222688582758,-0.0209684498258861,0.02416344938329463
15.14,-0.0184858743085353,-0.0094730873743886,0.023373611552901723
15.15,-0.0185489445762798,-0.0061162439163083,0.021707280892725667
15.16,-0.018611477870889,0.0675278247743461,0.023978870808109603
15.17,-0.0186734724201498,0.0074374424502041,0.02519266288129928
15.18,-0.0187349264703096,0.0267961036572876,0.02730642239769811
15.19,-0.018795838286173,0.076838816844349,0.026891896337324483
15.2,-0.0188562061511438,0.0513587848318942,0.02662607542300295
15.21,-0.0189160283672634,0.024638448908506,0.02809119608782801
15.22,-0.0189753032553058,0.0789519501646426,0.032587271395690294
15.23,-0.0190340291548046,0.0235181605324349,0.03293098529834074
15.24,-0.0190922044241148,0.0038019189255581,0.037611966775711624
15.25,-0.019149827440501,0.0555700083255505,0.04102790894589477
15.26,-0.0192068966001435,0.0133803217103484,0.03952617630682939
15.27,-0.0192634103182154,0.045137455929895,0.03695930118725984
15.28,-0.0193193670289609,0.0244071247028993,0.03778900172799802
15.29,-0.0193747651857201,0.019221346045699,0.039014630187340006
15.3,-0.0194296032609675,0.0270411336728662,0.0349787467057722
15.31,-0.0194838797464014,0.043047922349126,0.03735268720087742
15.32,-0.0195375931529823,0.0970826869977968,0.03321683181510681
15.33,-0.0195907420109747,0.0423510215583347,0.03155463317042382
15.34,-0.0196433248700056,0.0773321611989026,0.03509173033828551
15.35,-0.0196953402991167,0.0622616981994573,0.03842450951700914
15.36,-0.0197467868867984,-0.0376526293366812,0.033669144066215004
15.37,-0.0197976632410418,0.0136234472633856,0.03359303356756739
15.38,-0.019847967989417,0.0248611538057058,0.035307149251555286
15.39,-0.0198976997790811,0.0525343013034693,0.0372604958090451
15.4,-0.0199468572768368,-0.0079147362685749,0.037775600133946596
15.41,-0.019995439169182,0.101211535229104,0.03791399938066318
15.42,-0.0200434441623542,-0.0622145141926769,0.03788776891960651
15.43,-0.0200908709823727,0.0440457786262996,0.034173304237698356
15.44,-0.0201377183750822,0.0977972010575305,0.03315200404404276
15.45,-0.0201839851061952,0.0737902816787543,0.03315729010966616
15.46,-0.0202296699613357,-0.0442926661411262,0.03551931396967548
15.47,-0.020274771746076,0.0117820012387484,0.03847615558193623
15.48,-0.0203192892859915,0.0811338852936408,0.03722476304917185
15.49,-0.0203632214266835,0.0654274024101854,0.04005206744523097
15.5,-0.0204065670338204,0.0300385368686304,0.037657209589428906
15.51,-0.020449324993188,0.0299475178539144,0.03855800917688747
15.52,-0.020491494210717,0.0424970826669361,0.03375169267295209
15.53,-0.0205330736125303,0.0190789286777254,0.03602940108855226
15.54,-0.0205740621449651,0.0209037174915672,0.03594397239706313
15.55,-0.0206144587746176,0.077443168576994,0.03373526077507699
15.56,-0.020654262488387,0.1118641992596532,0.030504507812001393
15.57,-0.0206934722934898,0.0244410445207945,0.032709917702966815
15.58,-0.020732087217512,-0.0126557959246664,0.032141289254284416
15.59,-0.0207701063084375,0.0842345461229472,0.029088265399593912
15.6,-0.0208075286346615,0.0022422863316261,0.02980235009645496
15.61,-0.020844353285046,0.0110020550680547,0.028799890232398102
15.62,-0.0208805793689453,0.0002788886464611,0.02604825444570032
15.63,-0.0209162060162332,-0.0143826374650733,0.024327788937145975
15.64,-0.0209512323773281,0.042251776105028,0.02319836875230381
15.65,-0.0209856576232431,0.0514142569958216,0.022897100085904856
15.66,-0.0210194809455777,0.0059444694541667,0.019952551117693184
15.67,-0.0210527015565592,0.0020209415691476,0.017114931122647475
15.68,-0.0210853186891041,-0.000159196183582,0.016968319749008694
15.69,-0.0211173315968038,0.0170203843451403,0.01829923500907034
15.7,-0.0211487395539444,0.0804231810442674,0.016234598185432866
15.71,-0.0211795418555538,0.0089868797234363,0.017715165775110887
15.72,-0.0212097378174375,-0.0278368336667389,0.01922822598045023
15.73,-0.0212393267761762,0.0063673069872948,0.019424513745509873
15.74,-0.0212683080891423,-0.0046388952039601,0.019576546552793266
15.75,-0.0212966811345527,0.0145770754971892,0.016135730105842246
15.76,-0.0213244453114574,0.0156076402445489,0.015235747919468443
15.77,-0.0213516000397817,0.0522741793636933,0.01776286651961689
15.78,-0.0213781447603478,0.0213622056743801,0.019122705958838155
15.79,-0.021404078934864,0.0152934245366281,0.021832070593567638
15.8,-0.0214294020459721,0.0408771728265603,0.021771071727259263
15.81,-0.0214541135972606,0.0333342057148645,0.02439076651526605
15.82,-0.0214782131132768,0.0427763193801809,0.021053985541303336
15.83,-0.0215017001395312,0.0044009317127137,0.02325791093098794
15.84,-0.0215245742425318,-0.0111899485121221,0.025369916076642397
15.85,-0.0215468350097836,-0.0300053692809435,0.027098622560853696
15.86,-0.0215684820498107,0.0325146310819718,0.028078818558809306
15.87,-0.0215895149921818,0.0590139600572841,0.03011229443769236
15.88,-0.0216099334874902,0.0305775697927942,0.02718320188897746
15.89,-0.0216297372073848,0.0567374611457371,0.030206081871466207
15.9,-0.0216489258445862,0.0157394081526644,0.031331359857626515
15.91,-0.0216674991128845,0.1354367715924099,0.03207595936783969
15.92,-0.0216854567471641,-0.0610855207297807,0.03336983339705039
15.93,-0.0217027985033868,0.0184455995166378,0.030540320864159528
15.94,-0.0217195241586171,0.0507194150460384,0.03396655624311291
15.95,-0.0217356335110413,0.0316639409644772,0.035690992697878954
15.96,-0.0217511263799485,0.035161191454257,0.03788711715250774
15.97,-0.0217660026057497,0.0583106337010931,0.038677131490277815
15.98,-0.0217802620499779,-0.0092367641593196,0.039321250064651134
15.99,-0.0217939045952991,0.0848426853066437,0.037063338795811605
16.0,-0.021806930145507,0.0389242622459946,0.0355288273656307
16.01,-0.021819338625531,0.056513762541037,0.03900624916281781
16.02,-0.0218311299814449,0.0605055603282891,0.03449767509165045
16.03,-0.0218423041804582,-0.0166434438105271,0.039776225482122805
16.04,-0.0218528612109053,0.0763518746707347,0.04173070938888725
16.05,-0.0218628010822785,0.0250232170379647,0.04141233532205654
16.06,-0.0218721238252006,0.0161132442662612,0.040191670997738196
16.07,-0.0218808294914246,0.0491049321751434,0.040045584434960944
16.080000000000002,-0.0218889181538423,0.0725404501191238,0.037788695250842615
16.09,-0.0218963899064783,-0.016838566852836,0.04164751253058522
16.1,-0.0219032448644851,0.024512721111938,0.03759911419727356
16.11,-0.0219094831641258,0.0887652658935937,0.0355020986515589
16.12,-0.0219151049627941,0.0407567160978954,0.03197847689898673
16.13,-0.0219201104389971,0.0497640374701389,0.029970354649253926
16.14,-0.0219244997923223,0.0594897615586909,0.03247681892320344
16.15,-0.0219282732434711,0.0440335596425938,0.030180771023386566
16.16,-0.0219314310342444,0.0060299901537919,0.02895211643283219
16.17,-0.0219339734275014,0.0320933736359346,0.03034896081586233
16.18,-0.0219359007071845,0.0109159608346082,0.03108311124196337
16.19,-0.0219372131782802,0.0717983987152752,0.026860222621283365
16.2,-0.0219379111668388,-0.0001736796929013,0.02736153741030068
16.21,-0.0219379950199549,-0.0051130642140131,0.026230475647749395
16.22,-0.0219374651057202,-0.0174822942629788,0.021462504105585947
16.23,-0.0219363218132512,0.0183349930839003,0.019092306771868003
16.240000000000002,-0.0219345655526587,0.0359923059424128,0.016860391962308423
16.25,-0.021932196755045,0.0281348687745803,0.014373541683039448
16.26,-0.0219292158724626,-0.0007785293636772,0.012651018563801717
16.27,-0.0219256233779274,0.0454469763098941,0.012360139974178513
16.28,-0.0219214197653805,0.0645220911232653,0.009161345713533284
16.29,-0.0219166055496766,-0.0161402109151563,0.010702203319225986
16.3,-0.0219111812665762,-0.0063109562834725,0.006303019538307634
16.31,-0.0219051474727088,0.0007604240983611,0.009111729009845778
16.32,-0.0218985047455766,-0.0113621364918387,0.012075449784219467
16.330000000000002,-0.0218912536834869,-0.0090174279101814,0.013588031726339182
16.34,-0.0218833949056029,0.0028938264693877,0.012797588053620317
16.35,-0.0218749290518571,0.0072659056940424,0.015099537333624069
16.36,-0.0218658567829571,0.0078605741386015,0.014758401378166863
16.37,-0.0218561787803689,-7.846022829537808e-05,0.018149525393837303
16.38,-0.0218458957462697,-0.0350813058376153,0.018871352126458248
16.39,-0.0218350084035451,0.043273970554155,0.015994938461828718
16.4,-0.0218235174957392,-0.0205844606840102,0.017573284455982583
16.41,-0.0218114237870686,0.0588092192093997,0.0170076626369371
16.42,-0.0217987280623443,0.0571250720478344,0.01829886932962573
16.43,-0.0217854311269832,0.0142819265215352,0.021281975430942686
16.44,-0.0217715338069635,0.0017356759568041,0.023822453812889527
16.45,-0.0217570369488023,0.0843332408224916,0.024753870312411858
16.46,-0.0217419414195119,0.020971013709979,0.02559780264185938
16.47,-0.0217262481065821,0.070435074965402,0.026505409178656496
16.48,-0.0217099579179619,0.0606053376949339,0.025461425114972028
16.490000000000002,-0.0216930717819807,0.0041174041660452,0.026856172808710697
16.5,-0.0216755906473714,0.0170050549620749,0.025661134406025014
16.51,-0.0216575154831977,-0.0181890144834276,0.03141934570154037
16.52,-0.0216388472788514,0.0278757646448222,0.027948409771839093
16.53,-0.0216195870439833,0.0512830916358174,0.023539672034976717
16.54,-0.0215997358084835,0.0443326181107023,0.02145868348231371
16.55,-0.0215792946224618,0.0224535729593567,0.024407047891461902
16.56,-0.0215582645561845,0.0249884846124404,0.02240865997205878
16.57,-0.0215366467000516,0.026920311411341,0.021439315443566736
16.580000000000002,-0.0215144421645524,-0.0220021255656693,0.0183630997047215
16.59,-0.0214916520802216,-0.0057916042691033,0.014237318036621493
16.6,-0.0214682775976221,0.0181781640977557,0.015867061034786165
16.61,-0.0214443198872926,0.1003379765218122,0.01644040008099595
16.62,-0.0214197801396781,-0.014080435314327,0.018056791839561697
16.63,-0.021394659565127,-0.0354584204262755,0.017917796540339478
16.64,-0.0213689593938443,-0.029418833084388,0.017984893331939922
16.65,-0.0213426808758299,0.0636513285489162,0.01446758677709582
16.66,-0.0213158252808376,0.042367094515026,0.016927013160751046
16.67,-0.0212883938983499,0.0006147786116461,0.019307486275131226
16.68,-0.0212603880375111,0.005834544449652,0.016771242420723864
16.69,-0.0212318090270918,-0.0260360773351662,0.02120540451618406
16.7,-0.0212026582154523,0.0383420071275033,0.020521131225772395
16.71,-0.0211729369704594,0.0290451749324804,0.021363089938985134
16.72,-0.0211426466794839,0.015755212446453,0.017681088717659044
16.73,-0.0211117887493311,0.0249568633611557,0.01746072590094569
16.740000000000002,-0.0210803646061741,0.0526921242594267,0.02252214054534741
16.75,-0.0210483756955398,-0.0295308195410239,0.025137508131706846
16.76,-0.0210158234822288,0.0741015270161165,0.02380375193751098
16.77,-0.0209827094502762,0.0749784200144241,0.02023792584702507
16.78,-0.0209490351029073,-0.0263408095312135,0.023684076308690287
16.79,-0.0209148019624683,0.0711152784389948,0.025206250175306706
16.8,-0.0208800115703788,-0.0201613433677483,0.026705260536420812
16.81,-0.0208446654870991,0.0358592970752232,0.02462563807834947
16.82,-0.020808765292038,0.0230159508739643,0.025680714607634852
16.830000000000002,-0.0207723125834974,-0.0187080544653075,0.022752925542443042
16.84,-0.0207353089786838,0.0708312871061606,0.022848400497365532
16.85,-0.0206977561135884,0.0255038862291602,0.022309514088034093
16.86,-0.02065965564291,0.0356424484708031,0.02639001956280622
16.87,-0.020621009240071,-0.0325152533851781,0.021751887915205416
16.88,-0.0205818185971096,0.0729839383066157,0.019954257902446586
16.89,-0.0205420854246213,0.0378001956485967,0.024858868038278466
16.9,-0.020501811451723,0.0054431402482301,0.02324574789238475
16.91,-0.0204609984259696,-0.0053300644919949,0.02560746703193804
16.92,-0.0204196481133039,0.0512017820474734,0.02746237118679975
16.93,-0.0203777622979961,-0.0457283579225751,0.028636619770140113
16.94,-0.0203353427825792,0.026961837414528,0.02958356573102703
16.95,-0.02029239138778,0.0413755096634665,0.028421332922526413
16.96,-0.020248909952461,0.0561597954291908,0.02796296560490209
16.97,-0.0202049003335647,-0.0232992375835004,0.029050847727777995
16.98,-0.0201603644060355,0.0372281897464887,0.030384905165127356
16.990000000000002,-0.020115304062751,0.076656003321256,0.0298407970676365
17.0,-0.0200697212144745,0.0372397553752268,0.028236884665688997
17.01,-0.0200236177897772,0.0294347585628708,0.030699430731558616
17.02,-0.0199769957349715,0.074812284327319,0.03187101900567071
17.03,-0.0199298570140366,0.047675171124112,0.0364270467476196
17.04,-0.0198822036085621,0.0011778107133177,0.0393715576374995
17.05,-0.0198340375176714,0.0464243981276477,0.03609504819572278
17.06,-0.019785360757954,0.0158781725590494,0.033067838424433095
17.07,-0.0197361753633995,0.0584879730511971,0.03395168940965535
17.080000000000002,-0.0196864833853116,-0.0045000472008415,0.03959388589934144
17.09,-0.0196362868922606,0.0615576682593078,0.03970512496535083
17.1,-0.0195855879699918,0.0041180352076991,0.036801173380414845
17.11,-0.0195343887213594,0.057156607631492,0.038812937918740395
17.12,-0.0194826912662454,0.0192732892643591,0.036720269586056224
17.13,-0.0194304977415071,0.1468783646284002,0.037181864581227984
17.14,-0.0193778103008801,0.0161063707649026,0.03547425761051023
17.150000000000002,-0.0193246311149031,-0.041844860862783,0.035442572620908636
17.16,-0.0192709623708764,-0.0221958955336169,0.03395261945166717
17.17,-0.0192168062727371,0.0747206661188582,0.03401432785063387
17.18,-0.0191621650410089,0.0951868886999073,0.03363595697873891
17.19,-0.0191070409127275,0.0395642101326861,0.03695868344717722
17.2,-0.019051436141354,0.0156730200376002,0.036156842291111775
17.21,-0.0189953529966979,0.0794868106800635,0.037676398679350825
17.22,-0.0189387937648444,-0.0145112764234969,0.034145606060442577
17.23,-0.0188817607480573,0.084505779225926,0.034872593904339125
17.240000000000002,-0.01882425626471,0.0118154247390392,0.028051906847358993
17.25,-0.0187662826492296,0.0005124259316842,0.028811072563039847
17.26,-0.0187078422519665,0.0151353815735768,0.03268819716239662
17.27,-0.0186489374391446,0.0171740489373502,0.034678526440223435
17.28,-0.0185895705927668,0.050542184741403,0.032870579376379064
17.29,-0.0185297441105514,0.065277208636363,0.027526421166497173
17.3,-0.018469460405826,0.0447190039819334,0.027357219418824723
17.31,-0.0184087219074424,0.0360287193607191,0.02987470760122696
17.32,-0.0183475310597175,-0.0169900373655811,0.029556594988597144
17.330000000000002,-0.018285890322317,0.0345400339861865,0.032374912611202976
17.34,-0.0182238021701974,0.0036439364318175,0.02718635339655722
17.35,-0.0181612690935001,0.0320488507942005,0.026680556891823755
17.36,-0.0180982935974738,0.0395747557237092,0.0283220972657871
17.37,-0.0180348782023748,0.0196010193007462,0.028384961628124126
17.38,-0.0179710254434167,0.0367537777781265,0.03296416851916263
17.39,-0.0179067378706293,-0.0170404337076124,0.029943514411481555
17.400000000000002,-0.0178420180487914,0.0360109734315646,0.0295613155175067
17.41,-0.0177768685573759,0.0685402718680472,0.03276984852837445
17.42,-0.0177112919904048,0.0728064458148373,0.03498919621292144
17.43,-0.0176452909563917,0.0446733936512257,0.03579295740237086
17.44,-0.0175788680782412,-0.024453964281635,0.03432895567689432
17.45,-0.017512025993166,0.0011936981396365,0.034572792678628526
17.46,-0.0174447673525812,0.0349847737849145,0.03577078078868563
17.47,-0.0173770948220242,0.0164555331826543,0.03716687167282797
17.48,-0.0173090110810514,0.1133373936491588,0.03579193649747359
17.490000000000002,-0.01724051882315,-0.0128915515198997,0.03897332121547176
17.5,-0.0171716207556626,0.0572510318628911,0.04201423721806835
17.51,-0.0171023195996627,0.1120981972101562,0.04125999509789712
17.52,-0.0170326180898683,0.0826350207362058,0.03944969560896169
17.53,-0.0169625189745531,-0.0001110523871433,0.0359507964198199
17.54,-0.016892025015458,0.0037959977511792,0.03731758712619299
17.55,-0.0168211389876743,0.0087645134682359,0.039915488547840335
17.56,-0.016749863679577,0.0572066011053997,0.04145330970340706
17.57,-0.0166782018926947,0.0688926642906983,0.04178832275424252
17.580000000000002,-0.0166061564416203,-0.0092726193816958,0.04471789150135217
17.59,-0.0165337301539392,0.1035628568560879,0.04217994787110304
17.6,-0.0164609258700987,0.0468188023469161,0.04406993660446888
17.61,-0.0163877464433331,0.0201718889079689,0.04374851460619324
17.62,-0.0163141947395389,0.030523982600403,0.04085950100275449
17.63,-0.0162402736372052,-0.0006704371571402,0.03953277117446199
17.64,-0.0161659860272861,0.0733759984850606,0.039136289382377856
17.650000000000002,-0.0160913348131092,0.0301019655729592,0.03944441066645345
17.66,-0.0160163229103005,0.0334879424065377,0.04121593590971927
17.67,-0.0159409532466375,0.0420200478524591,0.03900289723720796
17.68,-0.015865228761977,0.0779764768719571,0.0378582376608757
17.69,-0.0157891524081466,0.0600405774139271,0.04080712882338766
17.7,-0.0157127271488421,0.026798211880783,0.03720453320705384
17.71,-0.0156359559595198,0.0505011698991025,0.03697911538729701
17.72,-0.0155588418273011,0.0514289115379425,0.03984458445471962
17.73,-0.015481387750868,0.0547736943420632,0.03795382069160121
17.740000000000002,-0.0154035967403376,-0.00843717002091,0.0400457351375478
17.75,-0.0153254718171985,0.0102665447167666,0.037664906528867156
17.76,-0.0152470160141693,0.0459665435768181,0.037379292137928066
17.77,-0.015168232375104,0.0107327889826623,0.03628296658710042
17.78,-0.015089123954895,0.0448548131877208,0.035672812740872174
17.79,-0.0150096938193594,0.0526540950310554,0.03539687958991903
17.8,-0.0149299450451279,0.0279083489130776,0.03171061825002987
17.81,-0.0148498807195446,0.0420850281320226,0.03276732959843208
17.82,-0.0147695039405676,0.0803467393238438,0.03225921299107127
17.830000000000002,-0.0146888178166382,-0.0091820564250834,0.03330222420834304
17.84,-0.0146078254665948,0.0432597662077379,0.030393403700260942
17.85,-0.0145265300195485,0.0233785977027672,0.030510838338856563
17.86,-0.0144449346147934,0.0241040633632384,0.03256122108539929
17.87,-0.0143630424016827,0.010465105839157,0.027677188643893538
17.88,-0.0142808565395141,0.029206817081666,0.02950475850305428
17.89,-0.0141983801974387,0.072181880701941,0.027910436240927542
17.900000000000002,-0.0141156165543249,-0.0173709107237454,0.02486605558312365
17.91,-0.0140325687986858,0.0489891501972297,0.022490375212564313
17.92,-0.0139492401285301,0.0398307211445253,0.024233936700749328
17.93,-0.0138656337512754,0.0733321471006497,0.01941987788005753
17.94,-0.0137817528836237,-0.0063115363276608,0.020533977695343097
17.95,-0.0136976007514499,-0.005971042610402,0.02063714328518567
17.96,-0.0136131805897082,0.053324582394164,0.021992183053783313
17.97,-0.0135284956422898,-0.0565981376948028,0.02025428763759684
17.98,-0.0134435491619344,0.0491117560250379,0.021449292739012565
17.990000000000002,-0.0133583444101026,0.0113740456830592,0.020418845058398204
18.0,-0.0132728846568758,-0.0112778987828262,0.019837896291057644
18.01,-0.0131871731808314,-0.0219809388686685,0.023063723122361476
18.02,-0.0131012132689317,0.0786998193839079,0.020477796382824827
18.03,-0.0130150082164132,-0.020748495910684,0.02283993780637608
18.04,-0.0129285613266666,0.0142140396959136,0.021843939747189213
18.05,-0.0128418759111237,0.0454262435944319,0.023743593996227524
18.06,-0.0127549552891514,0.0518344328433177,0.02407529806735234
18.07,-0.0126678027879217,-0.0123917403766775,0.02259828557857466
18.08,-0.012580421742292,0.0355602129688872,0.02617769753357612
18.09,-0.0124928154947273,0.0075674157887644,0.026875826231337392
18.1,-0.0124049873951398,0.0599819565877892,0.02844432067510854
18.11,-0.0123169408007828,0.0503714527336351,0.027366229790783604
18.12,-0.0122286790761538,-0.00531531133304,0.03189879913505626
18.13,-0.0121402055928615,0.0894356910391017,0.029777272221008406
18.14,-0.0120515237295087,0.0524161878577255,0.03127559985541918
18.15,-0.0119626368715708,0.0335812029021437,0.03342366497613148
18.16,-0.0118735484113008,0.0009947428832191,0.033146338243183235
18.17,-0.011784261747591,0.0223073201298328,0.03285941676343725
18.18,-0.0116947802858508,0.0185695133602278,0.0353575144014045
18.19,-0.0116051074379008,0.0637724586780246,0.03308267648226874
18.2,-0.0115152466218626,0.0443124290022533,0.03125989772597447
18.21,-0.0114252012620108,-0.0339178073536498,0.02807329035908882
18.22,-0.0113349747886792,0.0732030173610573,0.026551828055056598
18.23,-0.0112445706381414,0.0341477541889029,0.02850005427928744
18.24,-0.0111539922524633,0.0107163844119422,0.025351926376644247
18.25,-0.0110632430794288,0.059323407230872,0.02545575121058034
18.26,-0.0109723265723782,0.0396023822025188,0.025847788464643497
18.27,-0.0108812461901114,0.045809081768652,0.02727538443719982
18.28,-0.0107900053967602,0.0400683100206346,0.027586398617004827
18.29,-0.0106986076616605,-0.0122113833329637,0.025372510175615086
18.3,-0.0106070564592608,-0.0307109380934152,0.026615105879189895
18.31,-0.0105153552689696,-0.0069367981168095,0.024844011706087903
18.32,-0.0104235075750469,0.0184207443489585,0.028619080018682356
18.33,-0.0103315168664713,0.0355974393758077,0.025325450702452484
18.34,-0.0102393866368455,0.0233250050835946,0.026024573123064103
18.35,-0.0101471203842601,0.0545965093703834,0.028679343865982126
18.36,-0.0100547216111634,0.0418139852374701,0.02660181704918287
18.37,-0.0099621938242477,0.0309742583069019,0.027817272213189557
18.38,-0.009869540534324,0.0288386179057379,0.0281198893084363
18.39,-0.0097767652562225,-0.0279221439089568,0.027566588811261967
18.4,-0.0096838715086283,0.0898669684530956,0.032097428467940906
18.41,-0.0095908628139906,0.0071194513671114,0.03813566735609115
18.42,-0.0094977426983972,0.0453586272108337,0.04012244676867146
18.43,-0.0094045146914412,0.0040368017202301,0.04300977594050036
18.44,-0.0093111823261105,0.0488293250217469,0.04091652538197198
18.45,-0.0092177491386485,0.0664665700132207,0.04182748006906513
18.46,-0.0091242186684464,0.0156953440780875,0.04368384182582595
18.47,-0.0090305944579205,0.0651269406466593,0.043794533436640116
18.48,-0.0089368800523764,0.0521640407688336,0.04029695728561798
18.49,-0.0088430789998872,0.0284489995799736,0.04094091709852033
18.5,-0.0087491948511986,0.082936249457294,0.0423818952189471
18.51,-0.0086552311595683,0.09609207855774,0.03966920360882246
18.52,-0.0085611914806493,0.034785569547377,0.04098268331084308
18.53,-0.0084670793723928,0.0790546569573653,0.03732547976356492
18.54,-0.0083728983948927,-0.0083608223532884,0.037691957562137224
18.55,-0.0082786521102856,0.0424550535125509,0.03622479843181192
18.56,-0.0081843440826123,0.0935801062623606,0.03641533604237809
18.57,-0.0080899778776954,0.0441385090645676,0.03527807353975197
18.58,-0.0079955570630257,-0.0424748408645629,0.03683177656381932
18.59,-0.0079010852076288,0.0423617739766871,0.037991297293558886
18.6,-0.0078065658819431,0.0023383966200054,0.03840699069405538
18.61,-0.0077120026577004,0.0329004446404781,0.03631845684467191
18.62,-0.0076173991077899,0.0347025251095445,0.03238152772163511
18.63,-0.0075227588061499,-0.0314426472820076,0.03420657411774671
18.64,-0.0074280853276348,0.0117328354902485,0.031150352104769363
18.65,-0.0073333822478871,0.0180189832849155,0.032863315125811185
18.66,-0.0072386531432239,0.0704678598351103,0.03226847332548566
18.67,-0.0071439015905033,-0.0081871684770609,0.03054813591380005
18.68,-0.0070491311670084,0.0977547041520735,0.028459800222689256
18.69,-0.0069543454503134,0.0765139760933644,0.03474267450461895
18.7,-0.0068595480181649,0.0371785609904,0.034289912462057315
18.71,-0.0067647424483618,0.0390770386202411,0.035125465993314085
18.72,-0.0066699323186258,0.0134165669739673,0.034166442837689256
18.73,-0.0065751212064646,0.0731115438657206,0.033532263220891784
18.74,-0.0064803126890805,0.014873994684841,0.03755668481423166
18.75,-0.0063855103432208,0.0276114010885899,0.03808640749486976
18.76,-0.0062907177450444,0.0299633757057148,0.03766756786317319
18.77,-0.0061959384700355,0.0574530206169629,0.03534732210909325
18.78,-0.0061011760928403,0.0002834595512409,0.03832342833649659
18.79,-0.0060064341871612,0.0894655190559607,0.03325186982148816
18.8,-0.0059117163256378,0.0328537710828927,0.03018944260594027
18.81,-0.0058170260797046,0.0198850207763976,0.030751076189263628
18.82,-0.0057223670194894,0.0127609583723568,0.031240338778292333
18.83,-0.0056277427136652,0.0213847531567974,0.03096229117678261
18.84,-0.0055331567293537,0.05307020617813,0.029347555318000467
18.85,-0.0054386126319722,0.0228570117836485,0.030704702793590128
18.86,-0.0053441139851312,0.0092233510192875,0.029441981859735174
18.87,-0.005249664350504,0.0217426989994316,0.03088933836344222
18.88,-0.0051552672876931,0.0543110622984091,0.03133478798946911
18.89,-0.0050609263541362,-0.0087480246631034,0.03387096543384917
18.9,-0.0049666451049396,0.0122030045668587,0.031142561100932727
18.91,-0.0048724270927946,0.0489728662401905,0.030898048904305926
18.92,-0.0047782758678255,0.0493515529898439,0.03285169269758629
18.93,-0.0046841949774778,0.0075775673422631,0.03503128555356014
18.94,-0.0045901879664134,0.0392020908312956,0.035173938553571815
18.95,-0.0044962583763463,0.0433740916722239,0.03261233575202976
18.96,-0.0044024097459488,0.0010942614776359,0.03429617416980183
18.97,-0.0043086456107316,0.0603578622835627,0.035282334228156596
18.98,-0.0042149695029025,0.0668074627635275,0.03698843221015259
18.99,-0.0041213849512528,0.0535431858832221,0.035219326368031566
19.0,-0.0040278954810429,0.0321690280647156,0.03699558585862991
19.01,-0.0039345046138644,0.0277190149537298,0.038824810714464454
19.02,-0.0038412158675255,0.0609115404352852,0.0379570331194628
19.03,-0.0037480327559291,0.0585324083478077,0.0385371912081303
19.04,-0.0036549587889511,0.0243804661570426,0.04156096288892548
19.05,-0.0035619974723233,-0.0007234526542532,0.041194321956594566
19.06,-0.0034691523075031,0.058217618556862,0.03989596187449231
19.07,-0.0033764267915403,0.0299327122447377,0.040371059948407936
19.08,-0.003283824416983,0.0575707566213475,0.04015412070503386
19.09,-0.0031913486717521,0.0171598396138675,0.03712155454643335
19.1,-0.0030990030389976,0.0285534246394617,0.03759052682430787
19.11,-0.0030067909969927,0.0506167265393842,0.04252701429481861
19.12,-0.0029147160190201,0.0307495367451558,0.04504545621895294
19.13,-0.0028227815732334,0.0615348728518615,0.04391873973344225
19.14,-0.0027309911225459,0.0710767726389618,0.042557263161702684
19.15,-0.0026393481245251,0.0315026312523464,0.04392383716152462
19.16,-0.0025478560312486,0.0161085299480765,0.047333444442606815
19.17,-0.0024565182891872,0.011071321029864,0.04738096799181849
19.18,-0.0023653383390997,0.0558021381727072,0.04721764884836662
19.19,-0.0022743196159108,0.0031235734329168,0.04790582163252385
19.2,-0.0021834655485747,0.0633916037185871,0.050523148996118886
19.21,-0.0020927795599728,0.1358352649454409,0.048500823191009845
19.22,-0.0020022650668,0.0806062953605509,0.047682470845613535
19.23,-0.0019119254794197,0.0372504942395606,0.04825125263324441
19.24,-0.0018217642017648,0.0299414003412769,0.04465406501425523
19.25,-0.0017317846312286,0.0530785201533032,0.04253408090464953
19.26,-0.0016419901585212,0.0708783002484728,0.04450712933426644
19.27,-0.0015523841675746,0.0592156130903073,0.04823320802524688
19.28,-0.0014629700354124,0.0265030102322484,0.05318706175221695
19.29,-0.0013737511320249,0.0720223850886494,0.04987169889376343
19.3,-0.0012847308202862,0.0721237142493632,0.05142750481774119
19.31,-0.0011959124557925,-0.0139154172678283,0.050175878555413465
19.32,-0.0011072993867683,0.0334313272860618,0.04464025079365658
19.33,-0.0010188949539746,0.0426939542854042,0.0423605379784196
19.34,-0.0009307024905425,-0.0140060671469112,0.04258048854117051
19.35,-0.000842725321884,0.0265571063372421,0.04305660789149873
19.36,-0.0007549667655787,0.0729366482743014,0.04478535491591878
19.37,-0.0006674301312542,0.0943561824586659,0.040302055645544906
19.38,-0.0005801187204834,0.1151022492962354,0.03872238327444234
19.39,-0.0004930358266402,-0.0138204818548167,0.042001845591445895
19.4,-0.000406184734808,0.0357954978364498,0.04207422823104917
19.41,-0.0003195687216683,0.0371074522097047,0.03863202343872615
19.42,-0.000233191055371,0.0195870819485464,0.03969195949704359
19.43,-0.0001470549954279,0.0327323262405743,0.04149782417140724
19.44,-6.116379261122962e-05,0.0418694560573298,0.04040818476847364
19.45,2.447931117810498e-05,0.0399399066981695,0.04421415632735269
19.46,0.0001098710830205,0.0893822076661241,0.044588802214979927
19.47,0.0001950082990698,-0.0232709844293785,0.03991377478855142
19.48,0.0002798877446863,0.0260424932971535,0.03690063538283407
19.49,0.0003645062145479,0.0953717188893229,0.03081822385968267
19.5,0.0004488605127528,0.0735424205203183,0.03179819655086867
19.51,0.0005329474529247,-0.0001625863894203,0.03225386861611954
19.52,0.0006167638583381,0.0083432399568379,0.032758925778869664
19.53,0.0007003065620264,0.0713544854476984,0.032110425695665336
19.54,0.0007835724068788,0.0198115268237987,0.03335091402730376
19.55,0.0008665582457684,0.0659193355895489,0.032685483742003654
19.56,0.0009492609416461,0.0344246699774142,0.03397170823388549
19.57,0.0010316773676605,-0.0252389276806975,0.03217716076690565
19.58,0.0011138044072572,0.0310802549386016,0.032664361425135915
19.59,0.0011956389542877,-0.0126283926899439,0.033660838240436454
19.6,0.0012771779131282,0.0067589446600892,0.033491098391546556
19.61,0.0013584181987852,0.0453646112067182,0.03600617359552597
19.62,0.0014393567369846,0.0477136526274573,0.038045353705179384
19.63,0.0015199904642937,0.0059685802012555,0.038511571330875384
19.64,0.0016003163282402,0.0587825812049811,0.043928715983195754
19.65,0.0016803312873819,0.0278954200660275,0.04840277782978782
19.66,0.0017600323114486,0.0669506210276883,0.047116473423468426
19.67,0.00183941638143,0.0516967108595474,0.0483126963069235
19.68,0.0019184804896765,-0.013039770606543,0.0524695992930466
19.69,0.0019972216400154,0.0469685064184647,0.05404692395709526
19.7,0.0020756368478508,0.0918071820626352,0.05775232403978851
19.71,0.0021537231402662,0.1263589998038859,0.06000624261890588
19.72,0.0022314775561249,0.0426601959133015,0.06092087264704257
19.73,0.0023088971461748,0.0181338100964539,0.06359479810978205
19.74,0.0023859789731572,0.185114523146426,0.06703241672394819
19.75,0.0024627201119092,0.1137668256022321,0.06988605494599061
19.76,0.002539117649436,0.0389069430568417,0.07207060260498314
19.77,0.0026151686850606,0.0595453505299709,0.07113787723760787
19.78,0.0026908703304961,0.0620560350278876,0.07142780079476616
19.79,0.002766219709932,0.0642040728836235,0.07388929916069935
19.8,0.0028412139601696,0.0651850090466144,0.07502049342170909
19.81,0.002915850230703,0.0540912348215537,0.07331111419203662
19.82,0.0029901256838077,0.0645718417975891,0.07176727672234959
19.83,0.0030640374946544,0.1038660873449862,0.07022132964358042
19.84,0.0031375828514174,0.0781585710987445,0.07341098537488072
19.85,0.0032107589553354,0.1187089838678718,0.06755609096672958
19.86,0.0032835630208422,0.0737709209048706,0.06445545124239495
19.87,0.0033559922756554,0.0473633883128076,0.06510321194794606
19.88,0.003428043960868,0.0577851055598714,0.06330694750100962
19.89,0.0034997153310456,0.038651695078054,0.064151805047259
19.9,0.0035710036543123,0.0707235858996692,0.0635802912438491
19.91,0.0036419062124759,0.0559102182395133,0.06305708597706423
19.92,0.0037124203010857,0.0939384129404584,0.059807307166439255
19.93,0.0037825432295468,0.0101953072591489,0.05619201196748701
19.94,0.0038522723212197,0.0851165804537603,0.05231439013597719
19.95,0.0039216049134899,0.0621617405752523,0.053370338944259486
19.96,0.0039905383578731,0.0486533913912046,0.0491869408016813
19.97,0.0040590700201209,0.0525099178734149,0.0455831590019974
19.98,0.0041271972802903,0.0218237971443057,0.0462429441433647
19.99,0.0041949175328431,0.0797980434991242,0.04348321835539757
20.0,0.0042622281867465,0.052202283012016,0.043660797691734476
20.01,0.0043291266655448,0.0541976984441321,0.04451992401535228
20.02,0.0043956104074538,-0.0141541202015707,0.0438905378294917
20.03,0.0044616768654609,-0.011349357380408,0.04274660165286074
20.04,0.0045273235074194,0.0224360288832799,0.043595452857898634
20.05,0.0045925478160985,0.1003334960726727,0.04244907185931307
20.06,0.0046573472893107,0.0308576228737302,0.04391134169228773
20.07,0.0047217194399817,-0.0019084968884917,0.0424469208867342
20.08,0.0047856617962388,0.0612188762815211,0.041709337665021586
20.09,0.0048491719015025,-0.0001691359874385,0.044199454557706026
20.1,0.004912247314559,0.0423808611411291,0.04200790926530135
20.11,0.0049748856096515,0.088765238695643,0.04052884281386525
20.12,0.0050370843765745,0.0426931083364412,0.04181541918309933
20.13,0.0050988412207436,0.0699157532312082,0.044378647444343784
20.14,0.0051601537632839,0.0280211825649447,0.04721892650001372
20.15,0.0052210196411189,0.0610425794834635,0.04814400215977717
20.16,0.0052814365070291,0.0928694070677201,0.046221473132508316
20.17,0.0053414020297737,0.0179005544745805,0.04838852861201246
20.18,0.0054009138941379,0.03702067021745,0.05088616492130386
20.19,0.0054599698010165,0.074116251890679,0.051823423980967946
20.2,0.0055185674675189,0.033775592358626,0.05591794387667126
20.21,0.0055767046270222,0.0211418875318578,0.05418416395553384
20.22,0.005634379029254,0.0812158021980478,0.05160546018644275
20.23,0.0056915884403818,0.0396736732845629,0.05334425557302506
20.24,0.0057483306430877,0.0482965027886606,0.053947712099795056
20.25,0.0058046034366349,0.0418626177383123,0.054660325837269555
20.26,0.0058604046369592,0.059960386500027,0.05266957608316174
20.27,0.0059157320767361,0.0763657879433172,0.05311297556319793
20.28,0.0059705836054468,0.0505418656066276,0.056821010307352315
20.29,0.0060249570894788,0.080901316534467,0.05831645107160144
20.3,0.0060788504121805,0.085815781822331,0.05707624545389162
20.31,0.0061322614739317,0.0059714827972433,0.05822953452653476
20.32,0.0061851881922342,0.03461245954473,0.05914071712696707
20.33,0.0062376285017651,0.0792078114546695,0.060512851976164794
20.34,0.0062895803544626,0.0825883402933784,0.061135723109276806
20.35,0.0063410417196013,0.0429860710519092,0.05922822741916737
20.36,0.0063920105838388,0.0192368346471994,0.05965094083767658
20.37,0.0064424849513133,0.1021807961484801,0.061749356305836035
20.38,0.0064924628436852,0.0957692841018225,0.05950728509888948
20.39,0.0065419423002338,0.0684249262666816,0.0597975256415277
20.4,0.0065909213779108,0.048071933918773,0.05903314091070834
20.41,0.0066393981514117,0.0579946628841316,0.059219690089822564
20.42,0.0066873707132431,0.0402767221409365,0.057720799492072455
20.43,0.0067348371737718,0.1100306340312,0.06079120496913264
20.44,0.006781795661323,0.052753967079915,0.058229152373980686
20.45,0.0068282443222267,0.0082390932963625,0.05587046382625729
20.46,0.0068741813208705,0.0507395995270059,0.05823222847321231
20.47,0.006919604839789,0.1040271113313754,0.05651421088147856
20.48,0.0069645130797268,0.0292822925974395,0.05695772016198171
20.49,0.007008904259656,0.0566369170020304,0.06008802338838074
20.5,0.0070527766168893,0.0648492371872603,0.05740819836055119
20.51,0.0070961284071302,0.0897333145837298,0.059045440682118526
20.52,0.0071389579045233,-0.0255052197555091,0.055990355251685525
20.53,0.0071812634017121,0.0990909745629939,0.056843687776358794
20.54,0.0072230432099085,0.0254047069564786,0.050669818260504415
20.55,0.007264295658943,0.0330558807911869,0.051707005476061184
20.56,0.0073050190973283,0.0925831286379646,0.05611373136693128
20.57,0.0073452118923289,-0.0168415347792092,0.05383992504638676
20.58,0.0073848724299829,0.1114944910390461,0.05375239777855955
20.59,0.0074239991151969,0.1615056518562023,0.055211221672267226
20.6,0.0074625903717734,0.0121486006822611,0.05607509442354827
20.61,0.0075006446424885,0.082454022671687,0.05375535650210416
20.62,0.0075381603891311,-0.0061621311549614,0.0536642345688679
20.63,0.0075751360925496,0.0581967051590751,0.057445235939264844
20.64,0.0076115702527246,-0.019620625801742,0.053727577039695176
20.65,0.00764746138881,0.0745348986066072,0.0583280353164883
20.66,0.0076828080391971,0.1007803370046344,0.06087905003880632
20.67,0.0077176087615316,0.0029896667955711,0.06345310925972732
20.68,0.0077518621328015,0.1021890387070041,0.06754007576696519
20.69,0.007785566749377,0.0599175943653004,0.06535721261037403
20.7,0.0078187212270486,0.0747782447789325,0.05875305701462768
20.71,0.0078513242010719,0.0161347408369339,0.060841757427565195
20.72,0.007883374326234,0.0878197539857683,0.06505346897734873
20.73,0.007914870276901,0.0538958090228268,0.06951753776196085
20.74,0.0079458107470398,0.021020137672031,0.06843599878444893
20.75,0.007976194450282,0.1220143307691341,0.06974119853805887
20.76,0.0080060201199549,0.0866271899598655,0.07069785232363406
20.77,0.0080352865091559,0.1466383722773052,0.07086013454583254
20.78,0.0080639923907693,0.0689847618727862,0.07398486915085968
20.79,0.0080921365574998,0.065654364750632,0.06891688381721768
20.8,0.0081197178219472,0.0228183843455286,0.06856217490562076
20.81,0.0081467350166314,0.0560113093539491,0.06744586112959777
20.82,0.0081731869940177,0.1708999652171411,0.06694225052275116
20.83,0.0081990726265801,0.0875833133218932,0.06416912610528225
20.84,0.0082243908068407,0.035484386631325,0.06621701905170566
20.85,0.0082491404473861,0.0077885690240664,0.06486797697645738
20.86,0.0082733204809254,0.0946246281036863,0.06170384127233025
20.87,0.0082969298603241,0.1041882636708024,0.06020274967996201
20.88,0.008319967558637,0.0686090935011412,0.05503410747528918
20.89,0.0083424325691333,-0.0042386532994781,0.05416723920125618
20.9,0.0083643239053604,0.0524687072217653,0.05547283356850832
20.91,0.008385640601155,0.0513356554824499,0.05447061526497487
20.92,0.0084063817106738,0.005558918093155,0.05237739312345794
20.93,0.0084265463084487,0.0295841412189213,0.04781776383787444
20.94,0.0084461334894037,0.0969015608977181,0.04834106532420056
20.95,0.0084651423688797,-0.0073097459081828,0.04974588315397608
20.96,0.0084835720826847,0.0555674809824644,0.050950220673026875
20.97,0.0085014217871187,0.0551042665201323,0.04915991490378858
20.98,0.0085186906589873,0.038096885979176,0.04585908301828351
20.99,0.0085353778956437,0.0507805281180929,0.04492592339897816
21.0,0.0085514827150134,0.0930718464629271,0.04917590059055451
21.01,0.0085670043556418,0.0017717999713262,0.051475754556227514
21.02,0.0085819420766769,0.0120536443820935,0.05271000145364756
21.03,0.0085962951579365,0.0751477502198877,0.05388727347987773
21.04,0.0086100628999136,0.0985726445347416,0.05672973041690781
21.05,0.0086232446237982,0.0649855610566111,0.05549366856949188
21.06,0.0086358396715224,0.0330796569241331,0.05658499172088504
21.07,0.0086478474057544,0.0570282069496819,0.05768370041870434
21.08,0.0086592672099428,0.0348707940751959,0.05318744913736848
21.09,0.0086700984883308,0.049012741495729,0.051869460502450074
21.1,0.0086803406659785,0.0850108677236252,0.0512099556564958
21.11,0.0086899931887707,0.1007656405008982,0.04902517277729405
21.12,0.0086990555234617,0.0772548403282713,0.05229625586757791
21.13,0.0087075271576753,0.0302816306439883,0.05188697710738908
21.14,0.008715407599924,0.0892757368965531,0.05337680314904682
21.15,0.0087226963796316,0.0709442621019835,0.053670106473138614
21.16,0.0087293930471465,0.0156080402710735,0.05345989588161252
21.17,0.0087354971737674,0.0786403636366697,0.05307406748039427
21.18,0.0087410083517341,-0.0393170103879206,0.04982825031152547
21.19,0.0087459261942646,0.0104191246458894,0.049512504801506416
21.2,0.0087502503355763,0.036930926353053,0.04756888385496752
21.21,0.0087539804308672,0.0471914059996904,0.04829284094757657
21.22,0.0087571161563437,0.0704645448672874,0.043603106805040724
21.23,0.0087596572092563,0.0034587904181278,0.04284043105493321
21.24,0.0087616033078524,0.1064340970947005,0.04060158116462151
21.25,0.0087629541914574,0.1047320143406694,0.035915894392987806
21.26,0.0087637096204323,0.0605711386345629,0.03719577834350105
21.27,0.008763869376191,0.02497726049855,0.04061099797278987
21.28,0.0087634332612357,-0.0111339535965631,0.03821961252512736
21.29,0.0087624010991244,0.0282401383647958,0.04259497172455351
21.3,0.0087607727345173,0.0081967016184122,0.04300487471725057
21.31,0.0087585480331386,0.1002139666684152,0.04151467353277257
21.32,0.0087557268818205,0.0022812235076455,0.041913902459328016
21.33,0.0087523091884922,0.0612386495760135,0.03872523042123267
21.34,0.0087482948821798,-0.0167342170525574,0.03969607621147367
21.35,0.0087436839130067,-0.0091236853077547,0.0373018866013619
21.36,0.0087384762522096,0.0978218250627618,0.033754139535558426
21.37,0.0087326718921282,0.0873276524861387,0.03291097015738977
21.38,0.0087262708462154,0.0284212692357568,0.030737508901007442
21.39,0.0087192731490215,0.0525655328000286,0.03427967451999115
21.4,0.0087116788561936,0.0190270874925276,0.03538848492082421
21.41,0.0087034880445202,0.0056367014790152,0.03683001325453527
21.42,0.0086947008118482,0.0555752134573547,0.03533578819984955
21.43,0.0086853172771433,0.0035024320672852,0.03963152627225684
21.44,0.0086753375804715,0.0238465520131886,0.03914269462906458
21.45,0.0086647618829815,0.0561561152823534,0.04258840886449924
21.46,0.0086535903669054,0.0302293259587964,0.04482228361718691
21.47,0.00864182323555,0.0428645816930212,0.04315246203783022
21.48,0.0086294607133108,-0.0206654258854789,0.04041163374309796
21.49,0.0086165030456303,0.0632515244020947,0.04377611109217294
21.5,0.0086029504990259,0.0515251567822902,0.042638724537979664
21.51,0.0085888033610481,0.0384687966263444,0.044513140499979086
21.52,0.0085740619402835,0.0688352405200149,0.046859331963883664
21.53,0.0085587265663572,0.0924917230281988,0.04701429326667769
21.54,0.0085427975899082,0.050973185068976,0.04878628981085362
21.55,0.0085262753825726,0.0556257818915704,0.04886278133165199
21.56,0.0085091603369835,0.0377876844986864,0.0465096313343106
21.57,0.0084914528667573,0.0627555718962712,0.04821261341892624
21.58,0.0084731534064685,0.0297702582967614,0.05031802176974298
21.59,0.0084542624116418,0.0990752935663314,0.05470339226598381
21.6,0.0084347803587403,0.0286804151619697,0.052797519320209846
21.61,0.0084147077451496,0.0583898226945154,0.05369912002950318
21.62,0.0083940450891356,0.0549067222210114,0.055625612207657854
21.63,0.0083727929298699,0.0588294008160294,0.05287882181468252
21.64,0.0083509518273849,0.0407143594949795,0.049307857892051526
21.65,0.0083285223625523,0.0254528739499546,0.04941810903116099
21.66,0.0083055051370739,0.0067399653381842,0.04936978984224373
21.67,0.0082819007734574,0.0659919497357247,0.047993267139087456
21.68,0.0082577099149994,0.0870781570601729,0.04788977178077715
21.69,0.0082329332257463,0.0714273545355786,0.04743239146555705
21.7,0.0082075713904977,0.0232281925408413,0.04386907387777905
21.71,0.008181625114767,0.0704587716774502,0.04424920171362218
21.72,0.0081550951247538,0.0789251323675926,0.04098134961770711
21.73,0.0081279821673246,0.0111526422675327,0.03990613761420104
21.74,0.008100287009996,0.0175014806529481,0.04016315891967178
21.75,0.0080720104408987,0.0532884589902748,0.04059998563762829
21.76,0.0080431532687413,0.0546110789243078,0.04283686797259427
21.77,0.008013716322805,0.0088807077324047,0.04607122745398321
21.78,0.0079837004529015,0.0605821693717546,0.04598849941034264
21.79,0.0079531065293375,0.0201652716771394,0.04795717667723446
21.8,0.0079219354429005,0.0242456242229935,0.04874377644652862
21.81,0.0078901881048282,0.0366630997146754,0.04890657784001723
21.82,0.0078578654467503,-0.010235071319701,0.04884667232750138
21.83,0.0078249684206888,0.0323272701473838,0.04597423438207953
21.84,0.0077914979990129,0.064226848230915,0.04671492340120548
21.85,0.007757455174398,0.0498877205720662,0.04733219558968082
21.86,0.007722840959809,0.0724274029842402,0.04626566531361891
21.87,0.0076876563884498,0.0746615144473519,0.046115612243956425
21.88,0.0076519025137306,0.0642546608192727,0.05133980690414859
21.89,0.007615580409237,0.1284203796649012,0.05282021067228108
21.9,0.007578691168697,0.087945949690756,0.05371110892274664
21.91,0.0075412359059279,0.026647021804102,0.05510801336230804
21.92,0.007503215754806,0.0692007559146175,0.05783702656630903
21.93,0.0074646318692389,0.0186039355137336,0.06044433277605125
21.94,0.0074254854231126,0.0267071116691777,0.06635726205468244
21.95,0.0073857776102442,0.0304641966109303,0.06852713620928526
21.96,0.007345509644363,0.0308913231929747,0.0687931000874933
21.97,0.0073046827590517,0.0514599644613955,0.06579109385618392
21.98,0.0072632982077103,0.1185887955964401,0.06501733645016536
21.99,0.0072213572635038,0.091670648502537,0.06546689295259775
22.0,0.0071788612193396,0.038874134936916,0.06092063248378882
22.01,0.0071358113878039,0.053580617453783,0.058857833209322384
22.02,0.0070922091011171,0.0939723769986961,0.06027331774816558
22.03,0.007048055711098,0.0445183590848859,0.06252679993206162
22.04,0.0070033525891105,0.1564987849986388,0.06476738512062157
22.05,0.0069581011260255,0.1097942054775739,0.06730479072067246
22.06,0.0069123027321482,0.0554729620144351,0.07075097242055794
22.07,0.0068659588372071,0.0093852721267434,0.07232550190575199
22.08,0.006819070890271,0.0584126089209619,0.07200284060657894
22.09,0.0067716403597206,0.0736953473703531,0.0705429416321274
22.1,0.0067236687331856,0.0329489098199135,0.071023203462098
22.11,0.0066751575175022,0.0446271649269608,0.07102056714597614
22.12,0.0066261082386526,0.0563721971198092,0.07377466970574854
22.13,0.0065765224417146,0.1165238817764343,0.07429437801219126
22.14,0.0065264016908261,0.0656562244734924,0.07656799760887278
22.15,0.0064757475690901,0.0799926292702467,0.07258429522032113
22.16,0.0064245616785751,0.1028340123085254,0.06890192212660863
22.17,0.0063728456402095,0.0639564423820497,0.06843704314109451
22.18,0.0063206010937427,0.0446840771787611,0.07068246918251185
22.19,0.0062678296977147,0.0879309171329581,0.0685935450843541
22.2,0.00621453312937,0.1017561469319197,0.06860198284454784
22.21,0.0061607130845936,0.038818772298357,0.07049646849564731
22.22,0.0061063712778752,0.1114167712090033,0.07458733637359898
22.23,0.0060515094422425,0.1048862514339932,0.07204098604550066
22.24,0.0059961293291943,0.0922643706151976,0.06945793791392499
22.25,0.005940232708651,0.0728410348390546,0.06912797037730375
22.26,0.0058838213688849,0.0324643705096113,0.06807377717501262
22.27,0.0058268971164648,0.0457105033186386,0.06507300729199426
22.28,0.0057694617761783,0.0565392189965075,0.06422957012402752
22.29,0.005711517191001,0.0145452028596488,0.06777347231875808
22.3,0.0056530652219971,0.0738725403344219,0.06545362787957157
22.31,0.0055941077482801,0.0727331084930022,0.06694878721973736
22.32,0.0055346466669381,0.1305353903639459,0.06711585578948207
22.33,0.0054746838929559,0.0028988402297449,0.06355668502832265
22.34,0.0054142213591873,0.0622798710133448,0.06098136657045241
22.35,0.0053532610162471,0.0587269062044465,0.060681289725622575
22.36,0.0052918048324662,0.0578545720221329,0.05850470280388446
22.37,0.0052298547938062,0.03981784476514,0.057107993747865265
22.38,0.005167412903817,0.0462442618547481,0.058060918792146164
22.39,0.0051044811835543,0.1191060232681027,0.05878691888018012
22.4,0.0050410616714957,0.0392141839100415,0.06007257717661037
22.41,0.0049771564234885,0.1331544930754013,0.05911190420713253
22.42,0.0049127675126769,0.0423272122629957,0.05544456757642617
22.43,0.0048478970294363,0.0366741852246555,0.050950056947179204
22.44,0.0047825470812751,0.0508045638187181,0.05587067481570258
22.45,0.0047167197927827,0.0859627568737714,0.0541229230848911
22.46,0.00465041730556,0.0271327094825539,0.057994289443848955
22.47,0.0045836417781414,0.0031334803332083,0.05849131604101906
22.48,0.0045163953859006,0.0657219292485374,0.059306322555185656
22.49,0.0044486803210036,0.0717852208452206,0.059908559446580925
22.5,0.0043804987923251,0.0415440270846841,0.05580557541451864
22.51,0.0043118530253599,0.0536984079753874,0.05604810401114862
22.52,0.004242745262159,-0.0042809607518313,0.05164447287503895
22.53,0.0041731777612435,0.0361506671497596,0.05034901140415176
22.54,0.0041031527975438,0.1062318154687354,0.053263177637715445
22.55,0.0040326726622991,0.025577084666304,0.052419334519038206
22.56,0.0039617396629804,0.1400255997425616,0.04753333134905907
22.57,0.0038903561232289,0.0682921305627047,0.0474369867104388
22.58,0.0038185243827731,0.0569329815626389,0.04735893934232066
22.59,0.0037462467973203,0.0588912365740486,0.0460675926043919
22.6,0.0036735257385039,0.0329433585947945,0.0435425363300623
22.61,0.0036003635938003,0.0443072844392712,0.04265478286395937
22.62,0.0035267627664259,0.0406782392170983,0.04292014530148139
22.63,0.0034527256752819,0.0151225213743646,0.04735505164155918
22.64,0.0033782547548405,0.0978716761294929,0.04722080733355608
22.65,0.0033033524550807,0.0330838583264964,0.04653975266065526
22.66,0.0032280212414137,-0.0166433096957907,0.04996779714769913
22.67,0.0031522635945635,0.0251094720715283,0.045487896909894146
22.68,0.0030760820105085,0.0014944856027274,0.044492839270068384
22.69,0.0029994790004012,0.0386036477520334,0.04339342554328213
22.7,0.0029224570904456,0.0187590390842989,0.045999308169963345
22.71,0.0028450188218426,0.0229012042965227,0.04412050606376663
22.72,0.0027671667507028,0.0592710191633497,0.046317462374717844
22.73,0.0026889034479393,0.0888520723898024,0.046046976088137806
22.74,0.002610231499181,0.0333315366816945,0.04577109382014567
22.75,0.0025311535046979,0.0919296673378182,0.043911615473941915
22.76,0.0024516720793038,0.0975660188942253,0.048383048301238754
22.77,0.0023717898522651,0.0459476947486569,0.052855784005870356
22.78,0.0022915094672087,0.0473959201263637,0.05138315903543363
22.79,0.0022108335820225,0.0338452933001274,0.05262140821531723
22.8,0.0021297648687912,0.1136147717343542,0.05215793918409008
22.81,0.0020483060136855,-0.0065114856353365,0.052933861040177756
22.82,0.0019664597168567,0.0904433669692467,0.051997705860010256
22.83,0.0018842286923587,0.0349980271989176,0.05176637804776059
22.84,0.0018016156680678,0.0093289937465298,0.04848247284696588
22.85,0.0017186233855576,0.0588226308592139,0.04831727851271697
22.86,0.0016352546000186,0.1269839476997301,0.04486223692610479
22.87,0.0015515120801862,0.0772841401014728,0.04372863457471783
22.88,0.0014673986082014,-0.0058156523076428,0.041686572833673
22.89,0.001382916979542,0.027497718380283,0.04363313764586119
22.9,0.0012980700029252,0.0288707980962631,0.0443194124273648
22.91,0.001212860500202,0.03505339806214,0.04326329688346967
22.92,0.0011272913062604,0.0032419455130056,0.048021391862717415
22.93,0.0010413652689389,0.0544131351061065,0.04582727235812497
22.94,0.0009550852489215,0.0198900631731134,0.046308914770247026
22.95,0.0008684541196235,0.0298624556624675,0.045427861075483474
22.96,0.0007814747671253,0.0193737940189625,0.04541268897552113
22.97,0.0006941500900359,0.073760369515099,0.039273293223001
22.98,0.0006064829994184,0.0030643981867155,0.03793884517469029
22.99,0.0005184764186871,0.0882737811823157,0.0403218226587055
23.0,0.0004301332834882,0.0482570637117032,0.042104486021642164
23.01,0.0003414565416248,0.0914363453125566,0.04527706335937837
23.02,0.000252449152932,0.0934085089288659,0.04843479766188499
23.03,0.0001631140891883,0.0443668573728054,0.05106315121890782
23.04,7.345433400973711e-05,0.0451125178534808,0.04994893160180869
23.05,-1.6527117263631652e-05,-0.0091731338435048,0.047480768539302734
23.06,-0.0001068272576537,0.0585040167600047,0.04782953551990914
23.07,-0.0001974430686474,-0.0019433631031926,0.050457595372240795
23.08,-0.0002883715203266,0.0492607310869478,0.04883665292159023
23.09,-0.0003796095714492,0.0442268748566768,0.051525206973063016
23.1,-0.0004711541695567,0.0649336490019528,0.048874775616462494
23.11,-0.0005630022510888,0.0954949221887234,0.05154654282893714
23.12,-0.0006551507414853,0.1013658184147792,0.05025509478022575
23.13,-0.0007475965552977,0.0584373702104848,0.049242324750412556
23.14,-0.0008403365962666,0.0310145231470248,0.04723738614383733
23.15,-0.0009333677574718,-0.0319413611395115,0.04849613547064472
23.16,-0.0010266869214209,0.037186562255202,0.05045056332139998
23.17,-0.0011202909601382,0.0745630509179273,0.0489276707397517
23.18,-0.0012141767353063,0.039720578051437,0.05284450902444327
23.19,-0.0013083410983549,0.0595240332676442,0.05356600035326156
23.2,-0.0014027808905692,0.0326147226937047,0.05526166219149776
23.21,-0.0014974929432004,0.1043641751736707,0.05606050598674163
23.22,-0.0015924740775857,0.0643159362896175,0.05381782696506182
23.23,-0.0016877211052507,0.0721403383027888,0.049241277733009285
23.24,-0.0017832308280063,0.0022631466347255,0.044767144144943545
23.25,-0.0018790000380852,0.0715462537164361,0.045040081985882566
23.26,-0.0019750255182388,0.0318698510223556,0.050183230840066866
23.27,-0.002071304041834,0.0265232725453907,0.050246253207079684
23.28,-0.0021678323729984,0.0803102408753305,0.05232561782834627
23.29,-0.0022646072667081,0.064412048992132,0.0518515173200543
23.3,-0.0023616254688968,0.0798357734596369,0.05079293591593893
23.31,-0.0024588837165828,0.0817093687020738,0.05019099368852439
23.32,-0.0025563787379778,0.0483986627334478,0.04676491526051526
23.33,-0.0026541072525948,0.005258284541676,0.04531806086112107
23.34,-0.0027520659713675,-0.035519435138896,0.04076842046927869
23.35,-0.0028502515967532,0.0367462178067443,0.04183027700235059
23.36,-0.0029486608228573,0.0760647647983587,0.040370612663012805
23.37,-0.0030472903355616,0.0385100319624714,0.04350610441267002
23.38,-0.0031461368125956,0.1182297079645253,0.04554327509143183
23.39,-0.0032451969236929,0.029764467377306,0.04655382262272557
23.4,-0.0033444673306792,0.0372938237812212,0.04759624099630695
23.41,-0.0034439446876172,0.0199739359179995,0.04696613588007264
23.42,-0.0035436256409004,0.0324165281854788,0.04288406856271411
23.43,-0.0036435068293538,0.0339319939023395,0.042751710410914356
23.44,-0.0037435848843914,-0.023402109925901,0.04554671544540841
23.45,-0.0038438564301024,0.0245621338292354,0.046721605356264156
23.46,-0.0039443180833709,0.0408933025903425,0.04611087134487191
23.47,-0.0040449664540143,0.0977151777651572,0.04529880324234527
23.48,-0.0041457981448722,0.0693038567993886,0.04652176525884321
23.49,-0.0042468097519232,0.1015317390324989,0.04454216551892553
23.5,-0.0043479978644428,0.0863028348373412,0.043726292717565916
23.51,-0.0044493590650757,0.0666035660187163,0.043849798613538785
23.52,-0.0045508899299745,-0.0040140449624554,0.043830496555231975
23.53,-0.0046525870289221,0.0456191415456531,0.044175953288473235
23.54,-0.0047544469254395,0.0639533902660511,0.044520978181954794
23.55,-0.0048564661768973,-0.0108467470109253,0.04932013934432863
23.56,-0.0049586413346625,0.0239208035675071,0.04959243342529089
23.57,-0.0050609689442038,0.0590113346452993,0.04785347779070946
23.58,-0.0051634455451865,0.0641922343089282,0.046425454213449735
23.59,-0.0052660676716331,0.0766581134262539,0.046050836537325016
23.6,-0.0053688318520206,0.0126311385487541,0.044418602187343274
23.61,-0.0054717346093968,0.0398874475966514,0.040295315881779516
23.62,-0.0055747724615168,0.0195685926935565,0.03850653312415583
23.63,-0.0056779419209562,0.0396711195835453,0.04267255038549327
23.64,-0.0057812394952116,0.0411775166654523,0.042795115003926694
23.65,-0.0058846616868529,0.0773802744839495,0.03951746328096749
23.66,-0.0059882049936399,0.030280309529443,0.042307512701116344
23.67,-0.0060918659086167,0.0043752342641323,0.043097212570844125
23.68,-0.0061956409202534,0.0677266826427029,0.04021541291118713
23.69,-0.0062995265125764,0.0614368856007697,0.04031869302002059
23.7,-0.0064035191652656,0.0672548176828824,0.035819320196660114
23.71,-0.0065076153537901,-0.0002861775794978,0.03998557059636623
23.72,-0.0066118115495394,0.0290391281086187,0.0396376265019094
23.73,-0.0067161042199198,0.083472317525631,0.039533491934979036
23.74,-0.0068204898285018,0.048192998532755,0.03785370004492285
23.75,-0.0069249648351255,-0.0048772959160923,0.0398693819912506
23.76,-0.0070295256960312,0.0477442908122007,0.03975302092671146
23.77,-0.0071341688639842,0.0405045008317905,0.041430182725622725
23.78,-0.0072388907883802,-0.0015064582074975,0.04096944667430006
23.79,-0.0073436879153954,0.0663611165944307,0.042125637650560925
23.8,-0.0074485566880916,-0.0178287158643159,0.0410467712827597
23.81,-0.007553493546536,0.1001223969425824,0.04229389977967837
23.82,-0.0076584949279451,0.032580621613058,0.043420852525481286
23.83,-0.0077635572667683,0.0173817667880189,0.04500227526558794
23.84,-0.0078686769948599,0.0043954898923652,0.040672086995535935
23.85,-0.0079738505415732,0.0835068375383352,0.04174416939447826
23.86,-0.0080790743338804,0.0749366921286274,0.04414504474368102
23.87,-0.0081843447965246,0.0655007073065798,0.04202599226512154
23.88,-0.0082896583521008,-0.0053002228136437,0.04242579548233357
23.89,-0.0083950114212166,0.0920066931441809,0.043566477286806314
23.9,-0.0085004004226063,0.0387806918769441,0.0391466817994262
23.91,-0.0086058217732387,0.0934445161181744,0.04187647194883619
23.92,-0.0087112718884563,0.0233798300823635,0.040784856491635706
23.93,-0.0088167471821082,0.0622490056508585,0.041389771546999236
23.94,-0.0089222440666503,-0.0074616361454612,0.044803653124260656
23.95,-0.0090277589532811,0.0707067289105438,0.04417659182326827
23.96,-0.0091332882520694,0.0455410864171658,0.04136240032452736
23.97,-0.0092388283720712,0.0032441887624515,0.03975987812900732
23.98,-0.0093443757214622,0.0489003683932432,0.03988485634280187
23.99,-0.0094499267076553,0.0224478596864301,0.04357464028220849
24.0,-0.0095554777374246,-0.0264545886405518,0.041659383343700326
24.01,-0.0096610252170309,0.0394968772732939,0.04078957050245119
24.02,-0.0097665655523521,0.0771984723413724,0.03926192715625848
24.03,-0.0098720951489966,0.0452838377756921,0.04020708966001465
24.04,-0.0099776104124371,0.0890732799105087,0.04147662702652573
24.05,-0.0100831077481294,-0.0087727974284749,0.04538169788144187
24.06,-0.0101885835616349,0.024408816064776,0.04071322938399727
24.07,-0.0102940342587565,0.0412837260227065,0.04236780892870565
24.08,-0.0103994562456438,0.0681252497962654,0.04505830691523029
24.09,-0.0105048459289408,0.0721852399138953,0.04680496901460347
24.1,-0.0106101997158825,0.0517862974355094,0.049640811594708845
24.11,-0.0107155140144449,0.0205146222107124,0.052179322131636834
24.12,-0.0108207852334618,0.0613640058481274,0.051170352595858566
24.13,-0.0109260097827273,0.0432282426612431,0.04819281878276692
24.14,-0.0110311840731625,0.0889092903475911,0.04646703027653598
24.15,-0.0111363045168982,0.0745448518077778,0.04345279596318809
24.16,-0.0112413675274203,-0.0273311095357929,0.04778306092299442
24.17,-0.011346369519688,0.0802872568560418,0.04853844563957503
24.18,-0.011451306910265,0.0597446464794691,0.04853963658120108
24.19,-0.0115561761174359,0.08558027248008,0.04605833054260908
24.2,-0.0116609735613282,0.082000553868643,0.0436216217098145
24.21,-0.0117656956640482,0.0268541326349357,0.044435846997603695
24.22,-0.0118703388497842,0.0183085170219504,0.04609343696283148
24.23,-0.0119748995449531,0.0146702622664479,0.04647859880466853
24.24,-0.0120793741783031,0.0090422791448423,0.044757394876836824
24.25,-0.0121837591810614,0.025774359330203,0.043866754295488954
24.26,-0.0122880509870332,0.082162766727458,0.0421480225517745
24.27,-0.0123922460327302,0.040271895112969,0.046628313697884526
24.28,-0.0124963407575146,0.0413087357968535,0.04551504212453943
24.29,-0.0126003316037015,0.0160178229858334,0.044541470127397335
24.3,-0.0127042150166789,0.021014354425209,0.04206651852470441
24.31,-0.0128079874450348,0.0688850284790827,0.041411200561650256
24.32,-0.0129116453407102,0.0553240114804958,0.04341467223455758
24.33,-0.0130151851590709,0.0694524045267054,0.041844648289582335
24.34,-0.0131186033590607,0.0070829601767774,0.041393428449123686
24.35,-0.0132218964033259,0.0702058381392858,0.04442717423637781
24.36,-0.0133250607583207,0.0384514851897742,0.044122281617746895
24.37,-0.0134280928944408,0.0667550045325176,0.04000444643019898
24.38,-0.0135309892861396,0.0569085538157949,0.04029229958393355
24.39,-0.01363374641207,0.039299634539485,0.04223796069755067
24.4,-0.0137363607551677,0.0336062888235286,0.04343402493687625
24.41,-0.0138388288028035,0.0682388766445058,0.04604341058851746
24.42,-0.013941147046903,0.0689270377659895,0.04286611245131093
24.43,-0.0140433119840605,-0.0146619858225297,0.04398701180119392
24.44,-0.0141453201156493,0.0051946456168162,0.04378702256123331
24.45,-0.0142471679479561,0.072750940677179,0.04543722795070492
24.46,-0.0143488519923129,0.0193716143389538,0.044843957536787195
24.47,-0.0144503687651981,-0.0043117722110483,0.04390357737421311
24.48,-0.0145517147883605,0.046316811341395,0.0431506559768916
24.49,-0.0146528865889367,0.0821676191828129,0.042875180868447174
24.5,-0.0147538806995944,0.0411351720116707,0.043957539865128084
24.51,-0.0148546936586252,0.0758114531096744,0.043833417511810295
24.52,-0.0149553220100712,0.0021617675977456,0.04023007979870986
24.53,-0.0150557623038477,0.0788628978280386,0.03935809946958698
24.54,-0.0151560110958737,0.0652526304875327,0.04237141233020121
24.55,-0.0152560649481769,0.0417372733556811,0.045021700863084387
24.56,-0.0153559204289943,0.0577471594470135,0.04224890797404599
24.57,-0.015455574112938,0.0187035017757185,0.043736108304899726
24.58,-0.0155550225810763,0.0509436551887659,0.04710105489720281
24.59,-0.0156542624210664,0.0511235765384618,0.04991556771546586
24.6,-0.0157532902272716,0.0620291734697841,0.045534068657678055
24.61,-0.0158521026008717,0.0309997194038551,0.04343463118869095
24.62,-0.01595069614998,-0.0074312153306034,0.03955691351431928
24.63,-0.0160490674897789,0.0506154508544092,0.04121902708441757
24.64,-0.0161472132426288,0.0486175842503691,0.037480894400464565
24.65,-0.016245130038156,0.0608507048073629,0.03428454857059319
24.66,-0.0163428145134231,0.0145222900073727,0.033543240829964426
24.67,-0.0164402633129945,0.0506028212868822,0.03488053651405598
24.68,-0.0165374730890843,0.0663521062273164,0.03761063865519233
24.69,-0.0166344405016588,0.1054215805249191,0.03241946095096271
24.7,-0.0167311622185584,-0.009843861030731,0.031846744661192014
24.71,-0.0168276349156087,-0.0029530148370585,0.03201591156967756
24.72,-0.0169238552767264,-0.0056206180521307,0.027725250236928407
24.73,-0.0170198199940657,0.0370661525698095,0.02930827831659711
24.74,-0.0171155257680827,0.0003621114650257,0.027510784590176106
24.75,-0.0172109693077071,-0.0018706319397664,0.025890633872814702
24.76,-0.0173061473304064,0.0261698108024772,0.02286792065660954
24.77,-0.0174010565623217,0.0858303688129363,0.024857965888317013
24.78,-0.0174956937383924,0.0760356467395818,0.023770938921415814
24.79,-0.0175900556024455,-0.0580710766000563,0.0223307202864815
24.8,-0.0176841389073173,0.0390965344532774,0.017582891913648098
24.81,-0.0177779404149619,0.0655816785479805,0.019197672560220376
24.82,-0.0178714568965926,-0.0591041685838772,0.023224462409617827
24.83,-0.0179646851327458,0.0258123743424393,0.02232518081856934
24.84,-0.0180576219134254,0.0128680825995682,0.02131407340976589
24.85,-0.0181502640381941,0.0145944191857796,0.02347271602760319
24.86,-0.01824260831631,-0.0026262727329454,0.02309663421425967
24.87,-0.0183346515668147,0.0563132398732296,0.021369141777683315
24.88,-0.0184263906186421,0.027775254981957,0.019325687388887278
24.89,-0.018517822310754,0.0361075148936958,0.017336964810792627
24.9,-0.018608943492207,0.0057171846954176,0.023982284399566695
24.91,-0.018699751022308,0.0240665325472869,0.020797840437525333
24.92,-0.0187902417706942,0.081609572000288,0.020470959377353073
24.93,-0.0188804126174446,-0.0245055314641489,0.025690093003386913
24.94,-0.0189702604531882,0.015832896984937,0.025959135493236807
24.95,-0.0190597821792176,0.045693606439609,0.02800601610525225
24.96,-0.0191489747076056,-0.0097683500199803,0.030514170305121387
24.97,-0.0192378349612859,-0.0101075303656263,0.03384436799910542
24.98,-0.0193263598741749,0.0429178266482196,0.03413288747223837
24.99,-0.0194145463912776,0.0342724725995941,0.03611555451181013
25.0,-0.0195023914687925,0.0814806347641991,0.03459403608076385
25.01,-0.0195898920742149,-0.0277767887495912,0.035548151801746385
25.02,-0.019677045186453,0.058717176284363,0.03547000258070804
25.03,-0.0197638477959061,0.0504976375628335,0.033556724291309147
25.04,-0.0198502969046054,0.0314622666292871,0.03485202355354992
25.05,-0.0199363895262816,0.0558525754518925,0.03544384812070841
25.06,-0.0200221226864749,0.0672656573830315,0.037340632050810334
25.07,-0.0201074934226802,0.0673078788407191,0.038638996546305614
25.08,-0.0201924987843937,0.0623721488090217,0.042363396704057345
25.09,-0.0202771358332409,0.0694112628129641,0.042311108850821316
25.1,-0.0203614016430764,0.0041556278417237,0.04280423688183798
25.11,-0.0204452933000892,0.0257536148360509,0.03868866435498342
25.12,-0.0205288079028892,0.0224253989054816,0.04422177267720766
25.13,-0.0206119425626233,0.0414307279229112,0.04251472762420019
25.14,-0.0206946944030755,0.0026957530429073,0.04348918905785794
25.15,-0.0207770605607365,0.0282612128952655,0.04654695956663746
25.16,-0.0208590381849477,0.0855260689717492,0.045235523559274925
25.17,-0.0209406244379817,0.0174973043854208,0.044286048901439806
25.18,-0.0210218164951175,0.0681048729471599,0.04347007341742496
25.19,-0.021102611544771,0.041819781730263,0.040425642915152396
25.2,-0.0211830067885776,0.0446281612509441,0.04038395783287085
25.21,-0.0212629994414847,-0.0049463882997467,0.04155057619907282
25.22,-0.0213425867318622,0.0884184860171179,0.04248977019554798
25.23,-0.0214217659015858,0.022869230171206,0.040034407371780205
25.24,-0.0215005342061286,0.0709613276696462,0.03803958145631862
25.25,-0.0215788889146834,0.0956754473136571,0.04060145350806515
25.26,-0.0216568273102291,0.0283124192972793,0.04234623588164982
25.27,-0.0217343466896224,0.047326689568494,0.036811972042062845
25.28,-0.0218114443637174,0.0501723936764074,0.03807281533840485
25.29,-0.021888117657437,-0.0015608917387022,0.036112925682420416
25.3,-0.0219643639098765,0.0685358760850516,0.03372463230540883
25.31,-0.0220401804743808,0.0286546135319651,0.0326349290341417
25.32,-0.0221155647186666,0.0454766887620292,0.03456827343693769
25.33,-0.0221905140248779,-0.0291372203936415,0.031533838283602816
25.34,-0.0222650257896889,-0.0004606163017823,0.030401285147263396
25.35,-0.0223390974244119,0.0564950661295845,0.03245786343060041
25.36,-0.0224127263550671,0.0649016427405435,0.03077490133063896
25.37,-0.0224859100224739,-0.0306934716595771,0.02717537170653255
25.38,-0.0225586458823423,0.0439750136086028,0.02744305310323858
25.39,-0.0226309314053707,0.0269471901714869,0.02564951586615957
25.4,-0.0227027640772981,-0.0083343791869803,0.029293833857895052
25.41,-0.0227741413990539,0.0217443925543344,0.026485166458710248
25.42,-0.0228450608867836,0.035653844158969,0.027210886118506254
25.43,-0.0229155200719616,0.0246953477970855,0.02640177099836381
25.44,-0.0229855165014808,-0.0009143856919218,0.029130351051252827
25.45,-0.0230550477377217,0.1141494716197237,0.027819526783860994
25.46,-0.0231241113586577,0.0603332432144665,0.02584821855309654
25.47,-0.0231927049579111,-0.0472777028089553,0.02537192543095957
25.48,-0.0232608261448691,0.0529479988993206,0.02501815977040605
25.49,-0.0233284725447285,0.0125081116977481,0.02214197628541463
25.5,-0.023395641798618,0.0749697860877431,0.021408751547291563
25.51,-0.0234623315636534,0.0095538607021705,0.022209778670981242
25.52,-0.0235285395130263,0.0438947263876812,0.02055403845910362
25.53,-0.0235942633360852,0.028485271239038,0.019727975465360023
25.54,-0.0236595007384154,0.0281629607170279,0.01758097297759827
25.55,-0.0237242494419143,-0.0279879259170108,0.018594914107820583
25.56,-0.0237885071848659,0.015097593283531,0.014225131925747748
25.57,-0.0238522717220551,0.054899487175667,0.011300530393161966
25.58,-0.0239155408247898,-0.0381225505312009,0.013544868029554399
25.59,-0.0239783122810116,-0.0164248395762171,0.010612253046186567
25.6,-0.0240405838953711,0.0115494706709025,0.010252793913136615
25.61,-0.0241023534893025,0.008487190410503,0.008078992398375524
25.62,-0.0241636189010796,-0.0130261518950957,0.01020991615459301
25.63,-0.0242243779859263,0.0183065212903535,0.01083531708087652
25.64,-0.0242846286160614,-0.0203917044459113,0.01192420371225659
25.65,-0.0243443686807676,0.0203783780427467,0.009956941334396415
25.66,-0.0244035960865141,0.0223840457961942,0.011777556012454319
25.67,-0.0244623087569617,-0.0010833889698349,0.012201784579028067
25.68,-0.0245205046330826,-0.0001466124447142,0.011257060948517247
25.69,-0.0245781816732099,-0.0086369157514039,0.012157206065247757
25.7,-0.0246353378531183,0.0049594699036991,0.013962725025040756
25.71,-0.0246919711660908,0.0293199542777602,0.013876948029769723
25.72,-0.0247480796229854,0.0543032595827377,0.015558226001979262
25.73,-0.0248036612523011,0.0570281458396349,0.01782322315692088
25.74,-0.0248587141002565,0.0513518904980195,0.018683068416756377
25.75,-0.024913236230864,-0.0131495492180358,0.01873642288044696
25.76,-0.0249672257259581,0.0102449823222052,0.018526307043828155
25.77,-0.025020680685317,0.0240063931815797,0.01842432777256227
25.78,-0.0250735992266826,0.0350602909349398,0.020501413827955797
25.79,-0.0251259794858488,-0.0192195030798602,0.023700892579416776
25.8,-0.0251778196167229,0.0214910585794359,0.027792140019638357
25.81,-0.0252291177913727,0.0097481537702108,0.025172703029915318
25.82,-0.025279872200129,0.0437940278269033,0.022437783999866005
25.83,-0.0253300810516055,0.0345387883586783,0.021363339072311822
25.84,-0.0253797425727869,0.0363632717468989,0.018314076673116127
25.85,-0.0254288550090714,-0.019271260708409,0.018387653183566395
25.86,-0.0254774166243615,0.0159659454737518,0.0190706408199998
25.87,-0.0255254257010895,0.0202424810996105,0.017030840918568935
25.88,-0.0255728805402921,0.0425354181934292,0.016556589704714367
25.89,-0.0256197794616858,0.0670424413359664,0.018125358599131062
25.9,-0.0256661208036829,0.0772792804932493,0.01985604036508129
25.91,-0.0257119029234975,-0.0500487068804847,0.01734555881705871
25.92,-0.0257571241971732,-0.0281133453532754,0.01758803171830321
25.93,-0.0258017830196494,0.0317399161040998,0.018961621283800148
25.94,-0.0258458778048031,-0.0070063645434746,0.01954310253470091
25.95,-0.0258894069855186,0.0528969972174751,0.01648153928693688
25.96,-0.025932369013748,0.0011931911470657,0.019628590623578534
25.97,-0.0259747623605449,-0.032590815607843,0.020660674587804878
25.98,-0.0260165855161254,0.0140471176906338,0.020399134923586564
25.99,-0.0260578369899205,0.0680044377176904,0.019058112542293042
26.0,-0.0260985153106435,0.0171248140050946,0.018769348958360306
26.01,-0.026138619026314,-0.0312290539290383,0.016785364284716123
26.02,-0.0261781467043226,0.0148400846963453,0.018397535783694897
26.03,-0.0262170969314773,0.072639408702339,0.019602497456009286
26.04,-0.026255468314057,0.0467498946275943,0.017829343824596316
26.05,-0.0262932594778664,-0.0279295564561457,0.019693791574878564
26.06,-0.0263304690682475,0.0468168173610657,0.017912511840848154
26.07,-0.0263670957501793,0.037639708722505,0.017095887799165113
26.08,-0.0264031382082891,0.014750148151026,0.0208936915833907
26.09,-0.026438595146902,0.0143739481862652,0.019423025821751566
26.1,-0.0264734652900944,0.0609784060733789,0.017018838144302488
26.11,-0.0265077473817376,0.0356156023467215,0.017940263044469294
26.12,-0.0265414401855332,-0.0161931054019305,0.020145417938704807
26.13,-0.0265745424850596,-0.0028091502346732,0.020917997191676987
26.14,-0.0266070530838269,-0.0054963101555725,0.020166329499533807
26.15,-0.0266389708052816,0.0321470382124525,0.018874727490111536
26.16,-0.0266702944929073,0.0154901228028365,0.018604399879521057
26.17,-0.0267010230102074,-0.0159559137282781,0.019262427173354257
26.18,-0.0267311552407667,0.0471630638608943,0.017556611487450042
26.19,-0.026760690088308,-0.016836863303788,0.016578740227115987
26.2,-0.0267896264766934,0.0175164964912597,0.01797485330229
26.21,-0.0268179633499898,0.0364747369085976,0.015260457198656128
26.22,-0.0268456996724994,0.0150791988499074,0.015803760301226554
26.23,-0.0268728344287941,0.0310642490087611,0.01640503623986895
26.24,-0.0268993666237296,0.0568543871673322,0.017195857151893708
26.25,-0.0269252952825316,0.0196262524297267,0.018585301992134682
26.26,-0.0269506194507829,-0.0336064362785458,0.016977674211164046
26.27,-0.026975338194464,0.0606353905315629,0.020304339630798557
26.28,-0.0269994506000015,0.0018175793185165,0.023472620477178095
26.29,-0.0270229557742918,-0.0057851483159892,0.022362539689603302
26.3,-0.0270458528447412,0.0436923227649195,0.02491066943806718
26.31,-0.0270681409592535,0.0039760878970676,0.02628468307377926
26.32,-0.02708981928633,0.0470249675007004,0.022603282497703218
26.33,-0.0271108870150485,-0.0035663106904402,0.021815768878813965
26.34,-0.0271313433550954,0.0137980889178467,0.020757553088801714
26.35,-0.0271511875368099,0.023682031489488,0.018557554713772656
26.36,-0.0271704188112079,-0.0016131451879308,0.021915387438021735
26.37,-0.0271890364499871,0.0853500966151612,0.025592453786395578
26.38,-0.0272070397455775,0.0505779840456922,0.023717955310280484
26.39,-0.027224428011173,0.0238513673218236,0.0234963055710213
26.4,-0.0272412005806965,0.0366738614139534,0.024751807892252627
26.41,-0.0272573568089087,0.0463707828412135,0.023488281422718155
26.42,-0.0272728960713661,-0.0408346751889993,0.025909334332139627
26.43,-0.0272878177644639,-0.0014585871467669,0.024480186927163625
26.44,-0.0273021213054613,0.0088417174185038,0.024758599704114374
26.45,-0.0273158061324968,0.010654421291722,0.02712297019096951
26.46,-0.0273288717046071,0.0901407396389573,0.029101391372061903
26.47,-0.0273413175017472,0.0436119570373049,0.031883896658789754
26.48,-0.0273531430248122,0.0212709225331459,0.028648383419596756
26.49,-0.0273643477956331,-0.0028370652059264,0.02789547657066343
26.5,-0.0273749313570451,0.0205804004298687,0.028797398546559647
26.51,-0.0273848932728387,0.0171582669046956,0.027521555729137625
26.52,-0.0273942331278212,0.0548181989949186,0.027660360939408896
26.53,-0.0274029505278078,0.0170128719962043,0.030353618108148003
26.54,-0.0274110450996498,0.0022803576255255,0.032838836312835316
26.55,-0.0274185164912427,0.0634498691418046,0.03124233399522344
26.56,-0.027425364371518,0.0652288762924283,0.033836329465629825
26.57,-0.027431588430507,0.056819465833354,0.03060678919403493
26.58,-0.0274371883792895,0.0174043185921082,0.02865914605581227
26.59,-0.0274421639500491,0.0347669402180924,0.025010471131591917
26.6,-0.0274465148960567,0.0427917288156442,0.025104119330713222
26.61,-0.0274502409916929,0.0098811622480909,0.022818183761922805
26.62,-0.027453342032456,0.0492856922569102,0.022148847974587018
26.63,-0.0274558178349565,0.015723725354522,0.02099728946925938
26.64,-0.0274576682369381,0.0507309951516666,0.02349327352688723
26.65,-0.0274588930972666,-0.0246848312513457,0.02266607114665986
26.66,-0.0274594922959656,0.0651283261702562,0.024161898912081474
26.67,-0.0274594657341878,0.0223203939354644,0.024360600727964987
26.68,-0.0274588133342329,0.0027114511346291,0.020358538361236106
26.69,-0.0274575350395434,-0.0553512508754815,0.019255483817152946
26.7,-0.027455630814728,-0.0008704530243789,0.016944810829545028
26.71,-0.027453100645533,-0.0274242465147301,0.016928048148127112
26.72,-0.027449944538864,0.0031022153706441,0.01819333573674458
26.73,-0.0274461625227789,0.0306354703830382,0.015239693442265704
26.74,-0.0274417546464719,0.0694285372063892,0.017022865259078864
26.75,-0.0274367209803186,-0.0150908923592493,0.01724612814368279
26.76,-0.0274310616158166,0.0948622522156584,0.01852324157307777
26.77,-0.0274247766656174,0.0694016144259821,0.017610347978915034
26.78,-0.0274178662635099,-0.0272238438679524,0.020342730383181167
26.79,-0.0274103305644271,-0.0057598268336382,0.021274872681468385
26.8,-0.0274021697444309,-0.0137571925216739,0.026716513741881685
26.81,-0.0273933840006818,0.0424397125058679,0.026481355236946086
26.82,-0.0273839735515049,0.0364522016090578,0.027589141791249442
26.83,-0.0273739386363131,-0.0127407959271462,0.027782164010061467
26.84,-0.0273632795156145,0.0531703335075984,0.028023884964083617
26.85,-0.0273519964710242,0.055419515728349,0.02757883035554229
26.86,-0.0273400898052333,0.0021345507659489,0.030143466353927686
26.87,-0.0273275598420164,0.0459575606928387,0.02724448965301629
26.88,-0.0273144069262015,0.0797004244250532,0.025727817753123425
26.89,-0.0273006314236767,0.0222864393986607,0.028547525771557714
26.9,-0.0272862337213533,0.0589232113931978,0.028690693872393414
26.91,-0.0272712142271897,-0.0058087816280265,0.033427807970294064
26.92,-0.0272555733701454,-0.0041607288743596,0.03307012474866546
26.93,-0.0272393116001717,0.0071556819656966,0.034860253307038444
26.94,-0.02722242938821,0.0357116104175034,0.03391675373755061
26.95,-0.0272049272261598,0.0600823904270214,0.03418602653606836
26.96,-0.0271868056268734,0.038766463606844,0.03362299693530296
26.97,-0.0271680651241307,0.033983741496519,0.03542801842037885
26.98,-0.0271487062726352,0.037551504528232,0.0322378337873492
26.99,-0.0271287296479599,0.0319900245191676,0.026397926350896522
27.0,-0.0271081358465777,-0.0027532967160886,0.02606482493875958
27.01,-0.0270869254857988,0.0857222035342398,0.023395849303891342
27.02,-0.0270650992037671,0.0349283648516673,0.027667274601415916
27.03,-0.027042657659447,0.0740449013348905,0.029667198439715887
27.04,-0.0270196015325782,-0.0325542868863907,0.029726238132113673
27.05,-0.0269959315236725,0.0588250622764711,0.03039488804067399
27.06,-0.0269716483539614,0.0435958941122756,0.026793951506756616
27.07,-0.0269467527654262,0.0400400019525425,0.026508802510874407
27.08,-0.0269212455207126,-0.021036316600784,0.025107051204725724
27.09,-0.0268951274031356,-0.0429376317404529,0.023555937881657302
27.1,-0.0268683992166493,0.0152913097437849,0.020776933605149366
27.11,-0.0268410617858094,0.0028747230609648,0.022406832365871734
27.12,-0.0268131159557649,0.0838911496199896,0.017856713429572943
27.13,-0.0267845625922025,0.0378376717299397,0.017941824481552276
27.14,-0.0267554025813451,0.0083955155060502,0.013853999263101182
27.15,-0.0267256368298787,0.04975325849727,0.017404486322916097
27.16,-0.0266952662649824,-0.0155372767852435,0.014562522733767886
27.17,-0.0266642918342496,0.0327783346933176,0.015121689362454106
27.18,-0.0266327145056616,0.0045469640673967,0.01633386199609847
27.19,-0.0266005352675707,0.0049781247437951,0.01451940905077792
27.2,-0.026567755128655,-0.026369065287499,0.015909109072344486
27.21,-0.0265343751178814,0.0314745772590811,0.017455838636217
27.22,-0.0265003962844803,-0.0098302941280348,0.015777715007721106
27.23,-0.0264658196979045,0.0367156969432333,0.013912093722363609
27.24,-0.0264306464477809,-0.0117994282525825,0.010514552386811524
27.25,-0.0263948776438968,0.0420059413697226,0.010657281018292095
27.26,-0.0263585144161387,-0.0008561730956414,0.00882604884688252
27.27,-0.0263215579144701,0.0553383933146862,0.010567634777389532
27.28,-0.02628400930888,0.0654956272590742,0.012539384537475148
27.29,-0.0262458697893486,-0.0591398284525156,0.016450575998289103
27.3,-0.0262071405658093,-0.013753931287555,0.016971567845751157
27.31,-0.0261678228680908,0.0477726305851077,0.02170797785956931
27.32,-0.0261279179459034,-0.032365873137449,0.02430656136219499
27.33,-0.0260874270687661,0.0447131026274822,0.024551479446677755
27.34,-0.0260463515259823,-0.0335106963166541,0.024697017301202766
27.35,-0.0260046926265897,0.0113928167671422,0.025366374865731647
27.36,-0.0259624516993101,0.0112973828976689,0.0238678386532991
27.37,-0.0259196300925107,0.0210360277554038,0.02249939926089894
27.38,-0.0258762291741557,0.0741850796551155,0.02248574369179562
27.39,-0.0258322503317628,0.0866819847444897,0.023411134338899752
27.4,-0.0257876949723262,0.0159189535404983,0.02603892035437408
27.41,-0.0257425645223338,0.0730955450026822,0.028728758542129338
27.42,-0.02569686042765,0.0860448308142204,0.028158386733275854
27.43,-0.0256505841534887,-0.0046870143538968,0.033186199614714286
27.44,-0.0256037371843959,0.0397719918882586,0.031208738365551263
27.45,-0.025556321024138,0.002257080602524,0.03435340171681537
27.46,-0.0255083371956968,0.0105366809086391,0.030512858958842804
27.47,-0.0254597872411971,-0.0295934003360447,0.030523849702931642
27.48,-0.0254106727218636,0.0550516263635164,0.02817080731872999
27.49,-0.0253609952179587,0.084928830848261,0.02530280782273773
27.5,-0.0253107563287321,-0.0039563221275548,0.020135795913019762
27.51,-0.0252599576723605,0.0427326706553055,0.019575746841988324
27.52,-0.0252086008858995,0.0357948225991845,0.015777567432280433
27.53,-0.0251566876252246,0.0732181973727581,0.013775649444956276
27.54,-0.0251042195649711,0.0031864163950587,0.017977155602191736
27.55,-0.0250511983984833,0.0325272340598922,0.016538093557938432
27.56,-0.0249976258377249,-0.0692585811502818,0.018868910096842655
27.57,-0.0249435036132908,0.0115281885235346,0.01864349617917997
27.58,-0.0248888334742708,-0.0283778623128309,0.01946281599765287
27.59,-0.0248336171882287,0.013957090239278,0.019026923244731746
27.6,-0.0247778565411374,-0.0218252653595876,0.0176419913964158
27.61,-0.0247215533373063,0.0041579230488381,0.018684387847788794
27.62,-0.0246647093993329,-0.0066662226011835,0.019101240159699537
27.63,-0.024607326568031,0.0440045530804131,0.01695409268512686
27.64,-0.0245494067023802,0.0835446149480479,0.015149619619373732
27.65,-0.0244909516794233,0.0095516889589392,0.01682069721723102
27.66,-0.0244319633942599,0.0512042279195127,0.016305530285335205
27.67,-0.0243724437599346,0.0058029886377227,0.021286560109423334
27.68,-0.0243123947073889,-0.0123876841481138,0.019761895655914904
27.69,-0.0242518181853987,0.0458978785521728,0.020534414487047896
27.7,-0.0241907161604965,0.0558452620336261,0.017789475499764385
27.71,-0.0241290906169047,0.0179340033512781,0.023960476675283855
27.72,-0.0240669435564763,0.0514865692054311,0.026180328563979862
27.73,-0.0240042769986278,-0.0092952743668418,0.02653494695593118
27.74,-0.02394109298023,0.0353242629919425,0.027050949592339557
27.75,-0.023877393555606,0.0382790459500617,0.022630348642255806
27.76,-0.0238131807964128,0.0217087284900801,0.023967129470260626
27.77,-0.023748456791578,0.0353430451555689,0.02239960492292956
27.78,-0.0236832236472236,-0.0204897650001424,0.021952460981380928
27.79,-0.0236174834866084,-0.0121549668590381,0.025762767174370236
27.8,-0.0235512384500494,-0.0436866284936757,0.02689469743459561
27.81,-0.0234844906948389,0.1077657593263213,0.025106791453584992
27.82,-0.0234172423951822,0.0507748127114542,0.02271889802331444
27.83,-0.0233494957421073,0.0007807636297942,0.022601722865635936
27.84,-0.0232812529434189,0.054840608444989,0.02453862522721478
27.85,-0.0232125162235738,-0.0092880050037109,0.02607529356264297
27.86,-0.0231432878236528,0.0376240863470404,0.025009201493792477
27.87,-0.0230735700012585,0.0182862124255604,0.028013365887586412
27.88,-0.0230033650304384,-0.0035870341347986,0.02704642102309639
27.89,-0.0229326752016215,0.0676287459046616,0.027508194225735503
27.9,-0.0228615028215029,0.0696684140169057,0.03012663602355828
27.91,-0.0227898502130161,0.0182992364324032,0.034920976624153735
27.92,-0.0227177197152109,-0.0322117586844036,0.030847519905696712
27.93,-0.0226451136831923,0.0490258908941825,0.02816229989828885
27.94,-0.0225720344880359,0.031379675226314,0.030584221692122524
27.95,-0.0224984845167003,0.0675942980359345,0.03211653182349331
27.96,-0.0224244661719497,0.0158911125042014,0.03336999912040623
27.97,-0.0223499818722702,0.0847961807597527,0.03560649865737638
27.98,-0.022275034051794,0.0150372030012784,0.034992580285936284
27.99,-0.0221996251601977,-0.010792527744721,0.03710013556474988
28.0,-0.0221237576626315,0.0428323108952401,0.03449209525534653
28.01,-0.0220474340396334,0.0569945241188289,0.032009931789897535
28.02,-0.0219706567870389,0.0222231682387238,0.03271353727434691
28.03,-0.0218934284158922,-0.0056148074441108,0.03413848898068621
28.04,-0.0218157514523809,0.0516411213003013,0.03477951078508567
28.05,-0.0217376284377138,0.0870191212037754,0.03637772395459364
28.06,-0.0216590619280407,0.0170348082314606,0.03741175111121155
28.07,-0.0215800544944105,0.0845905766234136,0.03360902584774464
28.08,-0.0215006087226257,0.0053939266253182,0.03234945892805162
28.09,-0.0214207272131727,0.040671626720287,0.030778846285643084
28.1,-0.0213404125811403,0.0128598994071913,0.02877904758741326
28.11,-0.0212596674561166,0.0175429812424767,0.02715661255555789
28.12,-0.0211784944821075,0.03307495160584,0.024485210928271443
28.13,-0.0210968963174476,-0.0022877728512783,0.022262762882969477
28.14,-0.021014875634702,0.0624873487865713,0.023396008984245834
28.15,-0.0209324351205519,0.0649421517859814,0.020957160475123787
28.16,-0.0208495774757622,0.0893088683249103,0.018651444253243128
28.17,-0.0207663054150389,-0.0639661180286036,0.019241641832617746
28.18,-0.02068262166693,0.0583452754461994,0.015434285188472336
28.19,-0.0205985289737725,-0.0179456624893009,0.01753008807269903
28.2,-0.0205140300915562,-0.0527883004075473,0.018551174850315273
28.21,-0.0204291277898588,0.0087611752262774,0.020244304221404157
28.22,-0.0203438248517387,0.0008950899458135,0.01923677228950703
28.23,-0.0202581240736327,-0.0244482407126175,0.01841721808628601
28.24,-0.0201720282652598,0.0181833606826927,0.01725930880497679
28.25,-0.0200855402495467,0.0004253026087383,0.017830120884512572
28.26,-0.0199986628625012,0.0385990805442816,0.013717659947777775
28.27,-0.0199113989531277,0.0294289573983276,0.009582352548174666
28.28,-0.019823751383334,0.00463608709636,0.014459681054227246
28.29,-0.0197357230278152,0.0494057871940787,0.011974891834297504
28.3,-0.019647316773981,0.0621144490502282,0.013415702898006386
28.31,-0.0195585355218186,0.0484156162000578,0.013289384934189189
28.32,-0.0194693821838384,-0.003615189327363,0.015250092771568009
28.33,-0.0193798596849356,0.0158643133381986,0.01911481212212442
28.34,-0.0192899709623078,-0.0266038677587719,0.020752011669615256
28.35,-0.0191997189653486,0.0744744024568227,0.022305579158655747
28.36,-0.0191091066555376,-0.0214195278854493,0.02485927882547444
28.37,-0.0190181370063671,0.002467412933245,0.024750109953263273
28.38,-0.0189268130031991,0.0384577805985006,0.02466015047109315
28.39,-0.0188351376431944,0.0061647018276748,0.02558150535218897
28.4,-0.0187431139351892,0.0123113698485856,0.024869694123003962
28.41,-0.0186507448996037,-0.0554409776477084,0.024619277904267836
28.42,-0.0185580335683333,0.0499360398112326,0.026838239006076386
28.43,-0.0184649829846464,0.0820541963074981,0.03139966548085347
28.44,-0.0183715962030706,0.0099329497846901,0.03265650702078099
28.45,-0.0182778762892951,0.050808277952543,0.03544866452663704
28.46,-0.01818382632007,0.0540529956119308,0.03277937955107839
28.47,-0.0180894493830852,0.0363065342278472,0.0380221031638022
28.48,-0.0179947485768813,0.027539808272755,0.03914955993803086
28.49,-0.0178997270107159,0.0239845395993722,0.03543449277664115
28.5,-0.0178043878044945,0.0344577513811935,0.03823615600054772
28.51,-0.0177087340886339,0.0568557084567695,0.03958246736132002
28.52,-0.0176127690039606,0.0950137993380374,0.04542917519155483
28.53,-0.0175164957015999,0.0921747666429558,0.045242399550955555
28.54,-0.0174199173428812,0.0422579856766765,0.046088820153552645
28.55,-0.0173230370992205,0.032031439864205,0.04588796468891502
28.56,-0.0172258581519896,0.0184194179700911,0.04837825177879958
28.57,-0.0171283836924523,0.0886776679817509,0.04906834237324379
28.58,-0.0170306169216122,0.0261440051920468,0.04879802891066541
28.59,-0.0169325610501203,-0.0395586297906834,0.04847579980139723
28.6,-0.0168342192981646,0.0649996295297128,0.0479610003827383
28.61,-0.0167355948953562,0.0405839084248039,0.04574280857840237
28.62,-0.0166366910806181,0.0673398867872226,0.04535304164488928
28.63,-0.0165375111020688,0.0460137513586478,0.04394783733135126
28.64,-0.0164380582169249,0.099829028962037,0.04075340828623181
28.65,-0.0163383356913585,0.0057149850272999,0.03916066101869527
28.66,-0.0162383468004304,0.1031043068401187,0.041788546625832645
28.67,-0.0161380948279346,0.0685448980952595,0.04212448434578585
28.68,-0.0160375830663042,0.0306299515137012,0.04011860071325822
28.69,-0.0159368148164959,0.020772996978123,0.04003440779686055
28.7,-0.0158357933878749,0.0131737518075347,0.042348450952198476
28.71,-0.0157345220981014,-0.012124276509861,0.03919737208971407
28.72,-0.0156330042730121,0.0486706028529945,0.03611536837757955
28.73,-0.0155312432465165,0.0655045087537392,0.03632837707986186
28.74,-0.015429242360461,0.0250917566954472,0.03443199102356999
28.75,-0.0153270049645451,0.0088102930584091,0.030568465116180932
28.76,-0.0152245344161722,0.0872170376140901,0.03318747530859377
28.77,-0.0151218340803546,0.0254741100891082,0.03154243999587357
28.78,-0.0150189073295919,0.0465541116986709,0.031334681542370214
28.79,-0.0149157575437514,0.0243759539476955,0.03533990970948481
28.8,-0.0148123881099582,0.0090362764714132,0.03593846680657635
28.81,-0.0147088024224653,-0.0011730265824597,0.03573181669030575
28.82,-0.0146050038825645,-0.024138169530021,0.03970359596368707
28.83,-0.0145009958984324,0.071813069535151,0.04153167409905741
28.84,-0.0143967818850357,0.0061896441765186,0.04018902782319344
28.85,-0.0142923652640111,0.0186949849068668,0.04078375992684859
28.86,-0.0141877494635386,0.0607141990679694,0.03860133021092266
28.87,-0.0140829379182361,0.0685585652729946,0.03554021040043702
28.88,-0.0139779340690232,0.0641819705716891,0.03557340440908851
28.89,-0.0138727413630246,0.1147397430231076,0.03406957815578037
28.9,-0.0137673632534307,0.0333426960170453,0.03698620664930743
28.91,-0.0136618031993884,0.0088340993658521,0.038798954873404644
28.92,-0.0135560646658816,0.0712830882311468,0.04137999807446176
28.93,-0.0134501511236104,0.0870602436957717,0.04400743910885302
28.94,-0.0133440660488717,0.0373089369605957,0.03935668333633409
28.95,-0.0132378129234361,0.0375811308722054,0.042390542598260084
28.96,-0.013131395234428,-0.0370207309760355,0.04214753665055769
28.97,-0.0130248164742177,0.0229335215938917,0.03896776151879574
28.98,-0.0129180801402825,0.0261711842707896,0.034618832606757986
28.99,-0.012811189735086,0.0149737603791999,0.03294043194525656
29.0,-0.0127041487659851,0.0856251523117637,0.028333230869774875
29.01,-0.0125969607450773,0.0471039891774547,0.029781720293412074
29.02,-0.0124896291890885,0.0530288806397397,0.03227313392589415
29.03,-0.0123821576192617,0.0310380921921955,0.02991133639069023
29.04,-0.0122745495612239,-0.0258528016877465,0.02886364128685106
29.05,-0.0121668085448709,0.0699006886769643,0.028978263502669428
29.06,-0.0120589381042382,0.0135918600051166,0.026693270918430885
29.07,-0.0119509417773944,-0.0060610786990316,0.029406893639358334
29.08,-0.0118428231062978,-0.0227689418797981,0.027489871925478127
29.09,-0.0117345856366898,0.0289355566801591,0.028693316330431047
29.1,-0.0116262329179717,0.0179885204379923,0.029532183444729083
29.11,-0.0115177685030679,0.0637609739134264,0.028867457056231373
29.12,-0.0114091959483239,0.0611537856479758,0.027306367792441697
29.13,-0.0113005188133688,0.0216853399918645,0.027936875417480255
29.14,-0.0111917406610012,0.065058646515149,0.03193068530603527
29.15,-0.0110828650570507,0.0397160034927815,0.03352235064023878
29.16,-0.0109738955702765,-0.0104037133968041,0.03495194732705338
29.17,-0.0108648357722354,0.019965346163441,0.03889641447354791
29.18,-0.0107556892371477,-0.0173239343975927,0.03851962870311911
29.19,-0.0106464595417882,0.0514435167748009,0.04347797008224805
29.2,-0.0105371502653578,0.0325899697794587,0.04425890170709676
29.21,-0.0104277649893638,0.0716658981533118,0.04863998543129297
29.22,-0.0103183072974827,0.0143211146378715,0.04921992096106057
29.23,-0.0102087807754516,0.0662695407655495,0.05195161619796151
29.24,-0.0100991890109397,0.1149080998518506,0.05130295295021738
29.25,-0.0099895355934243,0.0075721703305274,0.047926002660464
29.26,-0.0098798241140632,0.0999222191000708,0.04871688425950806
29.27,-0.0097700581655729,0.0964256700815018,0.05097624046014609
29.28,-0.0096602413421117,-0.0139735798780363,0.050206913469850276
29.29,-0.0095503772391453,0.0813562270819096,0.052066992926970854
29.3,-0.0094404694533256,0.0453351208019819,0.050063122849339906
29.31,-0.0093305215823694,0.1099912786461127,0.04886763983009718
29.32,-0.0092205372249368,0.0759396200385461,0.04511885697912184
29.33,-0.0091105199804986,0.1185193856228953,0.04735853476445201
29.34,-0.0090004734492152,0.0080634117892381,0.04519061275729813
29.35,-0.0088904012318133,-0.0058573095696721,0.04102499491488191
29.36,-0.0087803069294678,0.0563245170727068,0.043987179117459536
29.37,-0.0086701941436687,0.0370427668165945,0.041140350267887225
29.38,-0.0085600664760973,0.0038094793672288,0.03799855603258
29.39,-0.0084499275285088,0.0217377342019395,0.03929837568724544
29.4,-0.0083397809025942,0.0093622451445509,0.03910541939514952
29.41,-0.0082296301998782,0.0074848263753615,0.040907802504102246
29.42,-0.0081194790215718,-0.0070585417171703,0.03748933944747336
29.43,-0.0080093309684642,0.061354348129805,0.03625750906565689
29.44,-0.0078991896407948,0.0207431786153181,0.03165334078375395
29.45,-0.0077890586381135,0.02743012516111,0.032877341793129095
29.46,-0.0076789415591832,0.0697780385846575,0.03463651768241662
29.47,-0.0075688420018399,0.0401388132590524,0.03269223141226073
29.48,-0.0074587635628689,0.03044799114005,0.0344388208863852
29.49,-0.007348709837876,0.0133226328699378,0.03501725400182579
29.5,-0.0072386844211819,0.0773041449478953,0.03636023192302397
29.51,-0.0071286909056791,0.0831851660899893,0.036894957872365686
29.52,-0.0070187328827145,0.038203554456906,0.03985407592303556
29.53,-0.006908813941972,0.0500711820204002,0.041108662220537835
29.54,-0.0067989376713359,0.0218318517029337,0.04353735493483407
29.55,-0.0066891076567793,0.033767432986116,0.046743510397249784
29.56,-0.0065793274822256,0.031085384105366,0.047388680821640876
29.57,-0.0064696007294459,0.015494505399433,0.04659790652350469
29.58,-0.0063599309779213,0.0737211457732086,0.046016311523869216
29.59,-0.0062503218047127,0.015956574791481,0.04482169366930925
29.6,-0.0061407767843538,0.0499402705471013,0.04540875007799365
29.61,-0.0060312994887207,0.020591490080727,0.04398999567497416
29.62,-0.0059218934869056,0.0696263054394288,0.04334764396650811
29.63,-0.0058125623450977,0.0192877705303776,0.04282385862149507
29.64,-0.0057033096264605,0.1123568951300259,0.04274331526007672
29.65,-0.0055941388909991,0.088072443326048,0.042290461510321856
29.66,-0.0054850536954573,0.040978704073323,0.038780596012627934
29.67,-0.0053760575931732,0.0531717783237977,0.03943094458486098
29.68,-0.0052671541339671,0.0279253182667072,0.04168714188941288
29.69,-0.0051583468640287,0.0053610161942909,0.04288716254527569
29.7,-0.0050496393257729,0.0256508174523102,0.044856774729295515
29.71,-0.0049410350577316,0.0475103024844859,0.0460689619044627
29.72,-0.0048325375944319,0.0696957802122023,0.04750212064144438
29.73,-0.0047241504662703,0.0272040622116322,0.04686356957331228
29.74,-0.0046158771993862,0.0483797714306149,0.0488454433984996
29.75,-0.0045077213155553,0.0123219229580814,0.047165789136840774
29.76,-0.0043996863320558,-0.0399397424654562,0.045527475987732526
29.77,-0.0042917757615404,0.04474270412226,0.04788955503886165
29.78,-0.0041839931119377,0.0628746487950228,0.04720327676519879
29.79,-0.0040763418863137,0.0989215795463277,0.04818070070931531
29.8,-0.0039688255827494,0.0573184306558972,0.05101205139341748
29.81,-0.0038614476942366,0.0753962012256121,0.05246361706822457
29.82,-0.0037542117085398,0.0506878235573424,0.053407291863995926
29.83,-0.0036471211080787,0.0562167330086547,0.04980155361928515
29.84,-0.0035401793698222,0.0609071208593112,0.051292650187259516
29.85,-0.0034333899651545,0.0770841556351906,0.05075416265060156
29.86,-0.0033267563597574,0.0536678671947748,0.05262027419404182
29.87,-0.0032202820134941,0.0905823641470347,0.05970039913424144
29.88,-0.0031139703802904,0.0387599345768776,0.05970717863986441
29.89,-0.0030078249080092,0.048451221093154,0.05803678057945616
29.9,-0.0029018490383378,0.0648193805604368,0.057654752238412085
29.91,-0.0027960462066697,0.0561336966232589,0.057799578107142494
29.92,-0.0026904198419816,0.0673274731956845,0.05460441953454408
29.93,-0.0025849733667204,-0.0060247229267242,0.05422315469923862
29.94,-0.0024797101966719,0.0585170901390937,0.05064340056413085
29.95,-0.0023746337408619,0.0370715331607978,0.04945048092721053
29.96,-0.0022697474014329,0.051510265370327,0.04756294169945533
29.97,-0.0021650545735163,0.1087428812787359,0.045293786049022
29.98,-0.00206055864512,0.0448850737403424,0.04305579916441072
29.99,-0.0019562629970229,0.0277962895264497,0.043551845885471376
30.0,-0.0018521710026461,0.090898984384402,0.04301105826273184
30.01,-0.0017482860279374,0.0603597738992356,0.043722459585807436
30.02,-0.0016446114312632,0.0082978712010457,0.04478515962230494
30.03,-0.001541150563275,0.0426812620159275,0.043654526808118065
30.04,-0.0014379067668227,-0.0189581038286083,0.047583835366890294
30.05,-0.001334883376812,0.0358558084839844,0.04964482565102323
30.06,-0.0012320837200999,0.0374458318523314,0.04817573294683312
30.07,-0.0011295111153844,0.006015598535675,0.046697032071097655
30.08,-0.0010271688730814,0.0435846395701977,0.04382397711111098
30.09,-0.0009250602952232,0.0491769157191513,0.045939756098737974
30.1,-0.0008231886753251,0.0370946810156238,0.045077212520440724
30.11,-0.0007215572982874,0.0797588083450244,0.045881397470410985
30.12,-0.0006201694402796,0.0784503973897065,0.04202104993506401
30.13,-0.0005190283686257,0.04358418409776,0.04274974996666601
30.14,-0.0004181373416886,0.0764907568074927,0.04264111375250601
30.15,-0.0003174996087595,0.1017978861058853,0.045357608027673156
30.16,-0.0002171184099494,0.0062205863728054,0.04588481702425083
30.17,-0.0001169969760766,0.0204575469798823,0.04832372896436891
30.18,-1.7138528547733234e-05,0.0484087271190159,0.05192037020005777
30.19,8.245372074278112e-05,0.0893164324805092,0.053669394708622746
30.2,0.0001817765695313,0.0096828743822075,0.05459623616782439
30.21,0.000280826825294,0.1077868683337773,0.05440619481879526
30.22,0.0003796013053447,-0.0207075243430508,0.05223649715463831
30.23,0.0004780968369699,0.0236005718646877,0.05320005977478451
30.24,0.000576310257519,0.0403999015185676,0.053870286016330496
30.25,0.0006742384145122,0.0380882759499017,0.051440280088903695
30.26,0.0007718781657575,0.0469271974121156,0.04705706405799238
30.27,0.0008692263794601,0.088662982594811,0.05034236458517735
30.28,0.0009662799343237,0.0815450644851411,0.049429152938486605
30.29,0.001063035719663,0.0803141542500623,0.048562042819442305
30.3,0.0011594906355105,0.0686405863623858,0.047087361902994444
30.31,0.0012556415927109,0.0331038126860121,0.04857445940848274
30.32,0.0013514855130541,0.0341951573977281,0.04471973559064149
30.33,0.0014470193293592,0.0986852124127768,0.04738128739059185
30.34,0.0015422399855857,0.0576589351702257,0.04805621227545381
30.35,0.0016371444369431,0.0254606323315298,0.04811591643007128
30.36,0.0017317296499869,0.0097503494567478,0.047510236708342944
30.37,0.0018259926027386,0.0752118974436898,0.04728117812367557
30.38,0.0019199302847744,0.0012801023993765,0.04525195169794946
30.39,0.0020135396973319,0.0301994146190857,0.043569538672042996
30.4,0.0021068178534283,0.0583481332351042,0.04211708436152539
30.41,0.0021997617779351,0.0409119219974616,0.03914634910004485
30.42,0.0022923685077072,0.0268376681591112,0.041187499832090614
30.43,0.0023846350916886,0.0351850634559068,0.04375023107772326
30.44,0.0024765585909691,0.0377739944467889,0.04128147004054698
30.45,0.002568136078937,0.0416536887655344,0.043431912279195496
30.46,0.0026593646413608,0.0253690017936066,0.04297780823640206
30.47,0.002750241376484,0.0421169671341008,0.04337652831945802
30.48,0.0028407633951343,0.0460492276545626,0.03943215202938649
30.49,0.0029309278208058,0.0462143909411054,0.042292068882646104
30.5,0.0030207317897879,0.0498126137291927,0.04073565122599306
30.51,0.0031101724512413,0.0062551458712945,0.04069823406720358
30.52,0.0031992469672989,0.075967978058973,0.04348490025882253
30.53,0.0032879525131701,0.0880125135560137,0.04141924715525613
30.54,0.0033762862772332,0.046841230632075,0.04513949581548425
30.55,0.0034642454611294,0.1028182221818445,0.04450138641774055
30.56,0.0035518272798809,0.0159244474328675,0.04329114852546766
30.57,0.003639028961952,0.018123471200923,0.04640806070511819
30.58,0.0037258477493667,-0.0076200046478123,0.04703002200989279
30.59,0.0038122808978025,0.0613383563178284,0.04809866333089812
30.6,0.0038983256766822,-0.0024853561706282,0.04822080209620968
30.61,0.0039839793692666,0.0575623729005252,0.050157259119179794
30.62,0.0040692392727442,0.0994319120214596,0.05336691006601207
30.63,0.0041541026983449,-0.0165410470157834,0.054727463710587655
30.64,0.0042385669713956,0.1133102853206973,0.051844138845290155
30.65,0.0043226294314427,0.0243736970941713,0.05305625435184768
30.66,0.0044062874323444,0.0162386930278035,0.04994620976320091
30.67,0.0044895383423393,0.0908241575662679,0.0500729973087973
30.68,0.0045723795441543,0.0551781545343674,0.04931793915849138
30.69,0.0046548084350922,0.0684906953956746,0.05154785202215853
30.7,0.0047368224271204,0.0487793050126481,0.054315377095858416
30.71,0.0048184189469557,0.0904782112115651,0.057527972061469236
30.72,0.0048995954361544,0.0736578157547721,0.05721210858717122
30.73,0.0049803493512121,0.1045396045950604,0.053831431488160615
30.74,0.0050606781636292,0.0274626913847663,0.05411138158948344
30.75,0.0051405793600189,0.0722956562697829,0.05012713395960764
30.76,0.0052200504421895,0.0375072858202624,0.0511876803834542
30.77,0.0052990889272117,0.0185869858903917,0.05121703080173482
30.78,0.0053776923475301,0.0022672500444987,0.05096937074445118
30.79,0.0054558582510327,0.0392081654891978,0.05158195282909978
30.8,0.0055335842011408,0.1194563828655262,0.05072134149351381
30.81,0.0056108677768909,0.0649791381071988,0.052148909823168235
30.82,0.0056877065730182,0.0509292399402668,0.04803994258105563
30.83,0.0057640982000409,0.028437692942237,0.04860833457223495
30.84,0.0058400402843369,-0.010662094888004,0.04682587052510253
30.85,0.0059155304682367,0.0296410850933055,0.046480493111426546
30.86,0.0059905664100926,0.0466451719949489,0.04622158459154191
30.87,0.0060651457843674,0.0168550518116966,0.04788895919587722
30.88,0.00613926628171,0.0856232963633115,0.05160687509224755
30.89,0.0062129256090392,0.0680423783119881,0.05503844540895968
30.9,0.0062861214896126,0.0504178573483691,0.05496270812387055
30.91,0.0063588516631213,0.0787582399353911,0.05093174260880637
30.92,0.006431113885752,0.0041898991272002,0.0519256256183701
30.93,0.0065029059302751,0.0855940475695378,0.05302395118484983
30.94,0.0065742255861173,0.0671078596052796,0.054006303764163495
30.95,0.0066450706594264,0.0202097656975707,0.05732180806698058
30.96,0.0067154389731802,0.0668585773522056,0.06063158370371302
30.97,0.0067853283672175,0.0725221525113038,0.06245511860857281
30.98,0.006854736698339,0.0966632197141687,0.06522317692763069
30.99,0.0069236618403856,0.0743302266954535,0.06522500830598016
31.0,0.006992101684293,0.0376176825023261,0.06713553706539269
31.01,0.0070600541381721,0.0348061070491783,0.06699659412507376
31.02,0.0071275171273879,0.0858506813080373,0.06811172461362053
31.03,0.0071944885946223,0.0739940768363411,0.06875173261539633
31.04,0.0072609664999459,0.0490670971078238,0.06913413984843411
31.05,0.007326948820896,0.0589634954711549,0.06950127226773026
31.06,0.0073924335525249,0.0991463734646868,0.06945689408244327
31.07,0.0074574187075029,0.0849394049970044,0.06956383387335978
31.08,0.0075219023161557,0.0749842765119122,0.06866078197283587
31.09,0.0075858824265487,0.0856617553086502,0.06477975131946315
31.1,0.007649357104543,0.1081634822596511,0.06225237502786737
31.11,0.0077123244338755,0.0475000556016719,0.06254703616316273
31.12,0.0077747825162205,0.102175980194873,0.061930530301821954
31.13,0.0078367294712375,0.0176300671644921,0.059259534217785154
31.14,0.0078981634366592,0.0936245994633312,0.05750789872460532
31.15,0.0079590825683498,0.0748176404104987,0.05775579770413622
31.16,0.0080194850403697,0.019277823806544,0.05663591325842776
31.17,0.0080793690450151,0.0691043129614522,0.05402683709967567
31.18,0.0081387327929116,0.0535580626003019,0.053167962045157134
31.19,0.0081975745130621,0.0151615759933415,0.052905785079593017
31.2,0.008255892452906,0.021255324571942,0.050991673384651104
31.21,0.0083136848783887,0.0438055663435288,0.04834155864875391
31.22,0.0083709500739964,0.0218594839610219,0.0463028230651613
31.23,0.0084276863428517,0.0297597635432647,0.04649148450314997
31.24,0.008483892006747,0.0372097314795647,0.04586891307624118
31.25,0.0085395654062056,0.0542729756779725,0.0458306846509035
31.26,0.0085947049005441,0.0354459221112773,0.043801838210366914
31.27,0.0086493088679195,0.0443557741308929,0.04782593686717831
31.28,0.0087033757054003,0.066903028852115,0.04926669018236317
31.29,0.0087569038290089,0.0694785602350659,0.05257871239914825
31.3,0.0088098916737736,0.0454654097148701,0.052517014628355105
31.31,0.0088623376937976,0.0525110728058098,0.053653321681066866
31.32,0.0089142403622968,0.0046866083462272,0.05608149748160713
31.33,0.0089655981716604,0.1061378703926351,0.05868252254473191
31.34,0.0090164096334943,0.0045560671994073,0.05941947209394557
31.35,0.0090666732786848,0.09282180253124,0.060232478851553216
31.36,0.0091163876574498,0.0322118651592304,0.061290684297631924
31.37,0.0091655513393587,0.1037838955995834,0.06494928426437255
31.38,0.0092141629134234,0.0993601325803341,0.06793959831549168
31.39,0.0092622209881196,0.1231105291527887,0.06753963589487748
31.4,0.0093097241914322,0.0138659228066854,0.06668591297990245
31.41,0.0093566711709361,0.0451177726788889,0.06646946772319867
31.42,0.0094030605937989,0.0947972581548745,0.06713266094627139
31.43,0.0094488911468473,0.0764810102866422,0.07115400072712862
31.44,0.0094941615366217,0.0452357040767514,0.0689779940976893
31.45,0.0095388704893992,0.0542828733893254,0.06877910024888026
31.46,0.0095830167512536,0.0764952900456255,0.06713698745034423
31.47,0.0096265990880833,0.1122765214128302,0.06846943343674232
31.48,0.0096696162856749,0.1071523692043947,0.06833172460961949
31.49,0.0097120671497363,0.0585038180192168,0.06750117770541281
31.5,0.0097539505059099,0.0515503790205903,0.06341006020064371
31.51,0.009795265199855,0.0409200593240907,0.06666214703235843
31.52,0.009836010097268,0.0664381304903369,0.06955572984490374
31.53,0.009876184083922,0.0891347437442291,0.06778948785783111
31.54,0.0099157860656964,0.0604417311744095,0.06778473275195991
31.55,0.0099548149686296,0.0003792963744174,0.07017516668374661
31.56,0.0099932697389545,0.0583374337619833,0.06977944033079596
31.57,0.0100311493431148,0.0601932308735904,0.06977758705668573
31.58,0.0100684527678251,0.1008920102300038,0.06736992217236024
31.59,0.0101051790200978,0.081918647591994,0.06571925175274673
31.6,0.010141327127261,0.0371970615526376,0.06586319651096864
31.61,0.0101768961370152,0.0821597462726944,0.06357915440777359
31.62,0.0102118851174531,0.1058830117423405,0.06504078011722332
31.63,0.0102462931570915,0.0577061764263491,0.06748653478523403
31.64,0.010280119364911,0.076381153063347,0.06734378929869654
31.65,0.0103133628703594,0.0954348166442722,0.0678080457750512
31.66,0.0103460228234361,0.0459726199773616,0.06955193582714086
31.67,0.0103780983946616,0.0764563712893108,0.07443367260799488
31.68,0.0104095887751273,0.0617155588419951,0.07350572589222992
31.69,0.0104404931765569,0.072488290392511,0.07093322339139131
31.7,0.0104708108312673,0.0615266579418766,0.06982734310275207
31.71,0.0105005409922462,0.0035854948534944,0.07049115935038669
31.72,0.0105296829331649,0.0716141992225351,0.06803880347167365
31.73,0.0105582359483977,0.1177989785185616,0.06522019372476927
31.74,0.0105861993530437,0.086137088526942,0.06766978161381446
31.75,0.0106135724829495,0.0701911171778574,0.06677079433427527
31.76,0.0106403546947533,0.0370009874683004,0.0663736527845012
31.77,0.0106665453658769,0.1608539061599177,0.0669509306111989
31.78,0.0106921438945584,0.0407063498425262,0.0678447414469226
31.79,0.0107171496998806,0.0468694577123929,0.0688586716055089
31.8,0.0107415622217832,0.0586951615305699,0.06894351658421767
31.81,0.0107653809210683,0.0511372027529646,0.06661315370838305
31.82,0.0107886052794561,0.0306602728197208,0.06732754505291386
31.83,0.0108112347995653,0.0466922070573483,0.06404423269097917
31.84,0.0108332690049423,0.109147522096298,0.06039932097992283
31.85,0.0108547074400777,0.0575024201930242,0.059197985154199904
31.86,0.0108755496704276,0.0870948440990167,0.05762905526416824
31.87,0.0108957952824215,0.0580954543380131,0.05784932667605301
31.88,0.0109154438834704,0.0952263988395084,0.050097052532127234
31.89,0.0109344951020051,0.0830080921723075,0.05028067593628054
31.9,0.0109529485874462,0.0742700349453953,0.04761818847539404
31.91,0.0109708040102518,0.0125890375493496,0.05029474896275469
31.92,0.0109880610619159,0.0185877130886414,0.04895673674838818
31.93,0.011004719454985,0.0026646396219063,0.05258051289193774
31.94,0.0110207789230501,0.0412558325863786,0.051901814286577495
31.95,0.0110362392207727,0.0609090361867609,0.04875816170629011
31.96,0.0110511001238933,0.0372435894871923,0.04602430307055573
31.97,0.0110653614292119,0.0416266871178804,0.047071123552043265
31.98,0.011079022954645,-0.0019438508625234,0.04440263475963091
31.99,0.0110920845391798,0.0445624413297456,0.041217552475489874
32.0,0.0111045460429018,-0.0090427789662237,0.04102840620380986
32.01,0.0111164073470171,0.1149029317651436,0.03826217779913389
32.02,0.0111276683538205,0.0230389462512679,0.039000428153154645
32.03,0.0111383289867053,0.1067595718342617,0.040673436746079074
32.04,0.0111483891901964,0.032439536344783,0.040448001166716555
32.05,0.0111578489299365,0.0431308179102629,0.04064804730824744
32.06,0.0111667081926558,9.138884260222192e-05,0.038118663988485346
32.07,0.0111749669862035,0.1090780742102549,0.037922313605460625
32.08,0.0111826253395549,0.0020571896973536,0.035751485014330536
32.09,0.0111896833027855,0.0283396708725468,0.03784685885307065
32.1,0.0111961409470812,0.0790360204670271,0.0386239689833296
32.11,0.011201998364739,0.0161792384472,0.044783327196799165
32.12,0.0112072556691406,0.0280922949837855,0.04006667662011146
32.13,0.0112119129947713,0.0537208935400544,0.04073415943907549
32.14,0.0112159704972233,-0.0020695075447067,0.03802421375457136
32.15,0.0112194283531749,0.0454568015585272,0.039527994500812694
32.160000000000004,0.011222286760347,0.0077919864717569,0.04277691093361145
32.17,0.0112245459375645,0.0331202314436732,0.042920554362063816
32.18,0.0112262061247273,-0.0039607132958514,0.0377247051127936
32.19,0.0112272675827682,0.0420589997510189,0.04080463747078552
32.2,0.0112277305936617,0.0608817540651836,0.041075409479853
32.21,0.0112275954604237,0.120303743516637,0.03907237912616144
32.22,0.0112268625071187,0.0158532696547018,0.04221079866270622
32.230000000000004,0.0112255320787915,0.0370560854495127,0.04005119794518901
32.24,0.0112236045415034,0.0498507124596748,0.04234390646615087
32.25,0.0112210802822934,0.064018932015851,0.0447610182890852
32.26,0.011217959709181,0.111358062999037,0.043332742532936265
32.27,0.011214243251148,0.0031079008401018,0.04379080925107845
32.28,0.0112099313581109,-3.476002441973186e-05,0.044103708154492244
32.29,0.0112050245009237,0.0667357692151841,0.04733794882662471
32.3,0.0111995231713374,0.0340258830629638,0.05041071956442623
32.31,0.0111934278819975,0.0369723830395044,0.050117979774205575
32.32,0.0111867391664369,0.0820860487146402,0.0450464449676324
32.33,0.0111794575790483,-0.0172593200840758,0.04585430295477192
32.34,0.0111715836950312,0.1018677724802535,0.04685977364797494
32.35,0.011163118110416,0.0486898407369143,0.046780332775698076
32.36,0.0111540614420438,0.0154630106793996,0.04583877851466075
32.37,0.0111444143275241,0.0174113875527427,0.038288404468284805
32.38,0.0111341774251857,0.0396911084153629,0.04156526200450805
32.39,0.0111233514141037,0.0639583408189303,0.04364433258291816
32.4,0.011111936994082,0.1065871852448508,0.04226941774391664
32.410000000000004,0.0110999348855639,0.05473421847055,0.04380585473396134
32.42,0.0110873458296648,0.0138015125786002,0.04474798397834715
32.43,0.0110741705881184,0.0328182873846318,0.0426519418790899
32.44,0.0110604099432587,0.0581709700067761,0.042720397089293836
32.45,0.0110460646980031,0.0481824541418607,0.036208529333387626
32.46,0.0110311356758041,0.0442462925340671,0.037064659609863986
32.47,0.0110156237206268,-0.0471997919748578,0.038646911818945556
32.480000000000004,0.0109995296969186,0.07192190910079,0.04273880247524396
32.49,0.0109828544895954,0.0436257221221925,0.04450837514391169
32.5,0.0109655990039841,0.0378625575961522,0.04534536793693606
32.51,0.0109477641658167,0.0662910598539025,0.04471790386556629
32.52,0.0109293509211627,0.0567570971716063,0.04170924622251647
32.53,0.0109103602364241,0.038069164630238,0.046549297546368454
32.54,0.0108907930983184,-0.0158217606697931,0.049740692125056794
32.55,0.0108706505138014,-0.034881450393777,0.05094401479826748
32.56,0.0108499335100376,0.0666685765429178,0.05237622610149215
32.57,0.0108286431343931,0.0486903070701126,0.051361025042471115
32.58,0.0108067804543976,0.1033410913350093,0.05750540730439063
32.59,0.010784346557667,0.0768521344573852,0.05799528979003231
32.6,0.0107613425518932,0.0815351894724421,0.05795102156627941
32.61,0.0107377695648128,0.0934104397460855,0.06132176255640324
32.62,0.0107136287441647,-0.0084475920334962,0.060189524380209525
32.63,0.0106889212576219,0.1154425903794919,0.06126064390949607
32.64,0.0106636482927871,0.099837573537087,0.061919212970240355
32.65,0.0106378110571292,0.0834407461442006,0.06669165270175686
32.660000000000004,0.0106114107779387,0.0782588915095787,0.06969732474459915
32.67,0.010584448702311,0.0229270702946254,0.067903451022455
32.68,0.0105569260970758,0.0818322355254519,0.06716126886598513
32.69,0.0105288442487722,0.0822094412992653,0.06286860042046417
32.7,0.0105002044635649,0.0426960894233816,0.0605104337982548
32.71,0.0104710080672421,0.1086481183887528,0.05893836116338763
32.72,0.0104412564051858,0.0425140581538344,0.058349736278169306
32.730000000000004,0.0104109508422378,0.0792506072866236,0.06256516293155462
32.74,0.0103800927627295,0.0518991149058681,0.05883995177839739
32.75,0.0103486835704366,0.0843994736920537,0.05565689610982774
32.76,0.0103167246884749,0.0282376625059108,0.05280041072649616
32.77,0.0102842175592837,0.0289972283778907,0.05295580342582747
32.78,0.0102511636445673,0.0331044817842452,0.0550619771355607
32.79,0.0102175644252619,0.0131950539790693,0.05562234178747424
32.8,0.0101834214014731,0.0273306353909884,0.05504614055507537
32.81,0.0101487360924024,0.0485216641402316,0.05614902592106368
32.82,0.0101135100363247,0.0810493171565008,0.05268549198304559
32.83,0.0100777447905167,0.0800763676875953,0.05456921097320423
32.84,0.0100414419312036,0.0372131561631901,0.054010063287540655
32.85,0.0100046030535247,0.0329934044971242,0.05455279228378823
32.86,0.0099672297714528,0.0234545530942374,0.05186086813191576
32.87,0.0099293237177375,0.0815221381955365,0.05380005419008683
32.88,0.009890886543859,0.0671567181990231,0.0572659821845352
32.89,0.00985191991998,0.093599893215636,0.056759840232895445
32.9,0.0098124255348788,0.0701092154188892,0.06064127465326653
32.910000000000004,0.0097724050958591,0.0658566821091363,0.06229574921201434
32.92,0.0097318603287377,0.0359139056903726,0.06091747726945203
32.93,0.0096907929777789,0.0820721569471659,0.05877349289605903
32.94,0.0096492048056007,0.0675085058876886,0.05741916611667376
32.95,0.0096070975931339,0.0632964238270672,0.05740418274186757
32.96,0.0095644731395561,0.0278690665027317,0.05608243772021891
32.97,0.0095213332622412,0.0689605697275034,0.05724133507262495
32.980000000000004,0.0094776797966808,0.1017817162613066,0.0555465484637056
32.99,0.0094335145964324,0.0224755007998103,0.05601841157828874
33.0,0.0093888395330338,0.0947051768068621,0.05173394468128197
33.01,0.0093436564959567,0.0620746011246923,0.05231909219799987
33.02,0.0092979673925422,0.019577953346423,0.05316500153798186
33.03,0.0092517741479239,0.0360256453152478,0.05443269294685125
33.04,0.0092050787049727,0.0516355053205047,0.05380770601102172
33.05,0.0091578830242022,0.0368985052922601,0.053805829941394635
33.06,0.0091101890837247,0.0052367590425024,0.051862737361659826
33.07,0.0090619988791923,0.0477913974947642,0.05385520656613404
33.08,0.0090133144237086,0.0459316194082301,0.05231950936929145
33.09,0.008964137747737,0.077065843605269,0.04903909440498656
33.1,0.008914470899074,0.003626088378494,0.05148946821164164
33.11,0.0088643159427664,0.082397313269965,0.0468183961233591
33.12,0.0088136749610209,0.0836207782487579,0.04424666520579974
33.13,0.0087625500531318,0.0625354252766301,0.044378407207097584
33.14,0.0087109433354271,0.0689474312947456,0.04586307007356751
33.15,0.0086588569412016,0.0674691084255198,0.045597610287287524
33.160000000000004,0.0086062930205951,0.0224914796526362,0.0453714142909571
33.17,0.008553253740573,0.0697109197966902,0.04801316753305452
33.18,0.0084997412848161,0.036710928593809,0.04705013428834464
33.19,0.008445757853652,0.032893002010904,0.04972449883972509
33.2,0.0083913056639919,0.0739333507395671,0.048617886555734166
33.21,0.0083363869492356,-0.0033873370470714,0.05083739270959831
33.22,0.0082810039592082,0.0080682518559458,0.04738926067805638
33.230000000000004,0.0082251589600582,0.0223445353736777,0.04452030503310353
33.24,0.0081688542342056,0.0672035655111163,0.04616870333773281
33.25,0.0081120920802563,0.0460608498086249,0.04716630608842375
33.26,0.0080548748129183,0.0321483893693212,0.04623144437012194
33.27,0.0079972047628981,0.0607135771265481,0.04823800762975087
33.28,0.0079390842768589,0.0275676993558569,0.04659554394784463
33.29,0.0078805157173331,0.1020932749872196,0.04595887813132701
33.3,0.0078215014626098,0.0538269856414595,0.04584598649792973
33.31,0.007762043906663,0.0502357176096411,0.04476923698261523
33.32,0.0077021454590861,0.0099865406075843,0.0476240936838528
33.33,0.0076418085450183,0.0233727097047482,0.05210294619888701
33.34,0.0075810356050087,0.0971517896738451,0.05523285133554197
33.35,0.0075198290949721,0.0898970890592553,0.05416751560661602
33.36,0.0074581914860941,0.0478370123411816,0.05347222015409861
33.37,0.0073961252647428,0.0646293081048438,0.053109583693199264
33.38,0.0073336329323894,0.0352191824766592,0.048081829343933284
33.39,0.00727071700551,0.023340946446939,0.05087006080247151
33.4,0.0072073800155017,0.030522277709561,0.04979657200884975
33.410000000000004,0.0071436245085945,0.0513216109179627,0.048136986417801945
33.42,0.0070794530457746,0.0565646536789174,0.05199677425791753
33.43,0.0070148682026816,0.1021241546716642,0.0533727355245573
33.44,0.0069498725695185,0.088072543243432,0.054128921894721425
33.45,0.0068844687509533,0.0448315152036713,0.051871385902783
33.46,0.0068186593660549,0.0314596453057593,0.04769073648333565
33.47,0.0067524470481986,0.024533023690435,0.04788169938028821
33.480000000000004,0.0066858344449388,-0.0448692642080375,0.04623260661803642
33.49,0.0066188242179465,0.0861205599851596,0.048865040528174496
33.5,0.0065514190429202,0.0795500103211627,0.049157080273858525
33.51,0.0064836216094807,0.0189756882294557,0.051810673134233216
33.52,0.0064154346210779,0.1312912622520683,0.049492615520422244
33.53,0.0063468607948938,0.0388817272070194,0.05038490251961194
33.54,0.0062779028617648,0.0392526234781948,0.04891976383536814
33.55,0.0062085635660708,0.0497435338431381,0.048757548376796876
33.56,0.0061388456656361,0.0021034512508609,0.05082479074647587
33.57,0.0060687519316579,0.0518472331771856,0.04842874834157483
33.58,0.0059982851485784,0.0299983600975562,0.05148179522899822
33.59,0.0059274481140028,0.0905002945895587,0.05542741500202359
33.6,0.0058562436386119,0.0294737811063036,0.05425964716662558
33.61,0.005784674546054,0.0862477277774296,0.05147655759929922
33.62,0.0057127436728449,0.0026424010279323,0.05388917850143668
33.63,0.0056404538682539,0.075302680661901,0.05001343899999697
33.64,0.0055678079942445,0.0713562423025443,0.050405762829321785
33.65,0.0054948089253548,0.0846660186134355,0.05387187138812786
33.660000000000004,0.0054214595485727,0.08824360496693,0.05529162073700786
33.67,0.0053477627632705,-0.0188572451971622,0.05564319339591493
33.68,0.0052737214810957,0.088647008326326,0.05764185769624323
33.69,0.0051993386258608,0.0379887510254954,0.05849579280605638
33.7,0.0051246171334465,0.0615974354418013,0.05797817333300559
33.71,0.0050495599516919,0.0211051294073091,0.05813563652786237
33.72,0.0049741700403047,0.0696407271743424,0.05919586571323084
33.730000000000004,0.0048984503707591,0.0499007327218344,0.06183279306569864
33.74,0.0048224039261801,0.0471205276228405,0.0598229500529143
33.75,0.0047460337012458,0.1120409032131223,0.05750212836793748
33.76,0.0046693427020766,0.0795582701696181,0.054207247581550655
33.77,0.0045923339461392,0.0094864770879096,0.05362623344197637
33.78,0.0045150104621527,0.0938191834840797,0.0567792681543686
33.79,0.0044373752899631,0.0479309974036324,0.05577156726696477
33.8,0.0043594314804301,0.0796302856554922,0.0563695502054122
33.81,0.0042811820953475,0.0327805081982958,0.05575449308969297
33.82,0.0042026302073311,0.1085125406701676,0.057500978436384124
33.83,0.0041237788996978,0.058017875429756,0.057519751789328985
33.84,0.0040446312663547,0.0330959773934297,0.05464451401014244
33.85,0.0039651904117157,0.0226189869180311,0.05476795804711987
33.86,0.0038854594505852,0.0154735220993123,0.051671994317948285
33.87,0.0038054415080313,0.0760423080358699,0.04981469066656449
33.88,0.0037251397193002,0.0473564837630748,0.05189823706279792
33.89,0.0036445572296872,0.0674852896908458,0.050890228682481574
33.9,0.0035636971944461,0.0505463927328913,0.05142347994441385
33.910000000000004,0.0034825627786713,0.0486812360116975,0.05127114342125506
33.92,0.0034011571571831,0.0577813216878233,0.05497564356808123
33.93,0.0033194835144217,0.0700349675861844,0.0525148836732287
33.94,0.0032375450443405,-0.0104792606410831,0.052625317297299204
33.95,0.0031553449502882,0.0497128523993667,0.05046660390185081
33.96,0.0030728864448978,0.047025664900519,0.05234051102273322
33.97,0.0029901727499823,0.0405548934905582,0.054573687716763665
33.980000000000004,0.0029072070964086,0.0532409514088117,0.055311152596511454
33.99,0.002823992724002,0.0726510074974364,0.05494407846820079
34.0,0.0027405328814233,0.0591292739042102,0.051407420123541755
34.01,0.0026568308260602,0.0764312186691575,0.05407651123398635
34.02,0.0025728898239069,0.1105750112816458,0.05596453126107453
34.03,0.0024887131494538,0.0568365828782642,0.056931204886933054
34.04,0.0024043040855806,0.0603369815352366,0.05411098777684858
34.05,0.0023196659234378,-0.0122370039109866,0.05800502242250224
34.06,0.0022348019623266,0.0619710364565617,0.05806857768153902
34.07,0.0021497155095862,0.0623702326739519,0.06078397287712071
34.08,0.0020644098804922,0.0915290705105733,0.0630547445212504
34.09,0.00197888839812,0.0396479270685507,0.06491240901799512
34.1,0.0018931543932454,-0.0067845355469939,0.06458312327667595
34.11,0.0018072112042161,0.1065973060522278,0.062218757025953975
34.12,0.0017210621768473,0.0883296565805492,0.060526607392482855
34.13,0.0016347106643055,0.0780814678308523,0.05774992985803414
34.14,0.0015481600269789,0.0108104082744105,0.05770359845926649
34.15,0.0014614136323712,0.0712954669176438,0.05782716274343573
34.160000000000004,0.0013744748549787,0.0510475128391391,0.0590304878212336
34.17,0.0012873470761842,0.1040489640077343,0.05707041112627092
34.18,0.0012000336841261,0.0882410980172816,0.05572705196469522
34.19,0.0011125380735874,0.0922519058404512,0.052938024400843824
34.2,0.0010248636458695,0.0657360069297338,0.055276651358246366
34.21,0.0009370138086883,0.0094775826390486,0.05561618755289815
34.22,0.000848991976049,0.0408960763662641,0.053173415757770834
34.230000000000004,0.0007608015681212,0.0522647830582228,0.051649420624077826
34.24,0.000672446011124,0.0558636235041434,0.05216426947426498
34.25,0.0005839287372078,0.0629318315027907,0.0542345291931926
34.26,0.0004952531843432,0.0130328227227687,0.05220729234114111
34.27,0.0004064227961911,0.0208094258623455,0.051715793132982746
34.28,0.0003174410219769,0.0341596902808621,0.051188049166386515
34.29,0.0002283113163789,0.032959491669694,0.05055401978041524
34.300000000000004,0.000139037139421,0.0887590931740041,0.04956961826931977
34.31,4.962195633007038e-05,0.0003457245406934,0.04710141843283412
34.32,-3.9930762575635104e-05,0.0552990983545543,0.04730076309452428
34.33,-0.0001296175420051,0.056325758772996,0.04723718800928428
34.34,-0.0002194349018158,0.0888932936847825,0.049752536558243084
34.35,-0.0003093793571343,0.0542858623718905,0.04821297803669121
34.36,-0.0003994474184837,0.0287234930245627,0.047450040396808425
34.37,-0.0004896355918979,0.0407260294678135,0.0471029215629018
34.38,-0.0005799403790432,0.0929663407092134,0.04750815500485268
34.39,-0.0006703582773479,0.0749264809118848,0.04715031352322015
34.4,-0.0007608857801114,0.0715794741074463,0.05098147727516521
34.410000000000004,-0.0008515193766364,0.0139038103635351,0.050004152945358815
34.42,-0.0009422555523483,0.013663820534542,0.04897187032018361
34.43,-0.0010330907889141,0.0395609995762241,0.04652906210678448
34.44,-0.0011240215643748,0.1050871025863575,0.04481351400608148
34.45,-0.001215044353249,0.023532894551554,0.04347612250164747
34.46,-0.0013061556266749,0.0469101410652524,0.042993565752309296
34.47,-0.0013973518525264,0.0057433272107295,0.043744088262366324
34.480000000000004,-0.0014886294955246,0.029319328143314,0.04419203936737115
34.49,-0.0015799850173775,0.0266450191665789,0.04115518659622608
34.5,-0.0016714148768998,0.1134139304605402,0.042130241249433445
34.51,-0.0017629155301304,0.06823528224807,0.04005338211077478
34.52,-0.0018544834304509,-0.0213322105879859,0.041650349900092254
34.53,-0.0019461150287197,0.0040001258731726,0.04318127196245654
34.54,-0.0020378067733944,0.020299248658233,0.0421874663869943
34.550000000000004,-0.0021295551106484,0.0608080720916683,0.0396368905136387
34.56,-0.0022213564845011,0.0441521706357888,0.04042303410312716
34.57,-0.0023132073369347,0.0444844657357603,0.040363329694969106
34.58,-0.0024051041080289,0.0501330026729148,0.0424174199964129
34.59,-0.0024970432360688,0.0291924325151669,0.046445687491908985
34.6,-0.0025890211576812,0.0954026286292395,0.046656925318949174
34.61,-0.0026810343079608,0.0279654321956144,0.04147051337592543
34.62,-0.002773079120584,0.047440133939202,0.03979950292942393
34.63,-0.002865152027931,0.045813183844192,0.040178572964533185
34.64,-0.0029572494612231,0.0186910824915171,0.04595325757894357
34.65,-0.0030493678506424,0.05152500924589,0.048087200793743165
34.660000000000004,-0.0031415036254436,0.0400419099308116,0.04757709959567676
34.67,-0.0032336532140964,0.0456563484939332,0.04780720954139328
34.68,-0.0033258130443983,0.0488792235410493,0.04711759142985396
34.69,-0.003417979543599,0.1139129455487317,0.04904589369082185
34.7,-0.0035101491385317,0.0310810135344229,0.04928630220047222
34.71,-0.0036023182557298,0.0044992796570415,0.04583308302972367
34.72,-0.0036944833215549,0.0331440628715384,0.04535631656442219
34.730000000000004,-0.003786640762321,-0.0133717398506915,0.04509480533028835
34.74,-0.0038787870044146,0.1252685027757908,0.044866931498316526
34.75,-0.0039709184744302,0.0651120561690245,0.04412131606555453
34.76,-0.0040630315992815,0.0500959469322738,0.043733747891470165
34.77,-0.0041551228063277,0.0489844794958356,0.04485957004002931
34.78,-0.0042471885235054,0.0300024853934347,0.0445388988906979
34.79,-0.0043392251794519,0.0906273501532404,0.04666846956399253
34.800000000000004,-0.0044312292036191,0.0342410112178246,0.043728899057279356
34.81,-0.0045231970264056,0.0228850260435201,0.04389115359535384
34.82,-0.0046151250792825,0.0179533364242832,0.04483281373378582
34.83,-0.0047070097949158,0.0419483980223912,0.045711098817408584
34.84,-0.0047988476072832,0.041027833372784,0.05064922062622542
34.85,-0.004890634951804,0.0030331584035151,0.04688504034770116
34.86,-0.004982368265477,0.0433860775901184,0.04636411158547512
34.87,-0.0050740439869745,0.0636841750505536,0.04597819035545766
34.88,-0.0051656585567827,0.0389222543579735,0.04792269135402881
34.89,-0.0052572084173405,0.0936002076802366,0.05027553016327405
34.9,-0.0053486900131335,0.0521819649077551,0.04652169450754795
34.910000000000004,-0.0054400997908307,0.0344883588339869,0.04604469483477305
34.92,-0.0055314341994211,0.0242741425641133,0.04583860601183506
34.93,-0.0056226896903169,0.0515880496276164,0.04755952686437318
34.94,-0.0057138627174893,0.0903288181344622,0.04551091670634536
34.95,-0.0058049497375783,0.0462207169267812,0.049269109162199044
34.96,-0.0058959472100328,0.0541725521622777,0.050080540055242734
34.97,-0.005986851597238,0.041991601101907,0.048035253248401494
34.980000000000004,-0.0060776593646005,0.0898190004658298,0.048480042268832596
34.99,-0.0061683669807161,0.0794121003875847,0.04926094770325732
35.0,-0.0062589709174734,0.0117968013829924,0.04652493368297658
35.01,-0.0063494676501699,0.0242240180895517,0.04785771277641837
35.02,-0.0064398536576457,0.0185571607618222,0.049064921784318344
35.03,-0.0065301254223978,0.0540926743275838,0.051912065391835224
35.04,-0.0066202794307121,-0.001072415296193,0.05217601386129963
35.050000000000004,-0.0067103121727793,0.1199498749457113,0.05009054405542622
35.06,-0.0068002201428121,0.0200732071574325,0.04742786019196045
35.07,-0.0068899998391797,0.0004350546464525,0.04612450026229102
35.08,-0.0069796477645239,0.0730247444796067,0.04865723302784065
35.09,-0.007069160425864,0.0553212684808927,0.049196276161262466
35.1,-0.0071585343347516,0.0361439132543412,0.04763788785370916
35.11,-0.0072477660073677,0.0801703258700325,0.048208679063846516
35.12,-0.0073368519646524,0.0598397479998864,0.04774308831331381
35.13,-0.0074257887324166,0.0840641583219679,0.04896164403504561
35.14,-0.0075145728414674,0.057130967486369,0.04821135741068826
35.15,-0.0076032008277507,0.0465339522111206,0.05189491024099771
35.160000000000004,-0.0076916692324388,-0.0096956442060002,0.049528023481130716
35.17,-0.0077799746020554,0.0268019936392198,0.04846772371065195
35.18,-0.0078681134886154,0.0951789891784491,0.05354524293578936
35.19,-0.0079560824497421,0.101138906267688,0.05317500176647209
35.2,-0.0080438780487634,0.0466859459289654,0.05276085467759433
35.21,-0.0081314968548476,0.0237834167958767,0.0548823639684781
35.22,-0.0082189354431355,0.014446612328365,0.053800298254931045
35.230000000000004,-0.0083061903948286,0.04414683091819,0.054360401543027445
35.24,-0.0083932582973317,0.0383366552160792,0.055003098082485075
35.25,-0.0084801357443778,0.0762821941403056,0.053012436021879696
35.26,-0.0085668193361171,0.0702452529885046,0.05394340446872855
35.27,-0.0086533056792487,-0.0021930880226216,0.05711948977900731
35.28,-0.0087395913871551,0.1070629583743381,0.0582650394336537
35.29,-0.0088256730800151,0.0652496799239436,0.05530211169131061
35.300000000000004,-0.0089115473848877,0.0466241796144601,0.05485057439242128
35.31,-0.0089972109358626,0.0806956083629003,0.054300193848301946
35.32,-0.009082660374185,0.0574469458855444,0.05407936516213674
35.33,-0.0091678923483481,0.0716019170499109,0.054007709809552405
35.34,-0.0092529035142077,0.097560785650578,0.05208352544070755
35.35,-0.0093376905351161,0.0153270642136561,0.052344651049560154
35.36,-0.0094222500820459,0.0660842895949465,0.05314107023541087
35.37,-0.0095065788336748,0.0570021473098537,0.05434823303973813
35.38,-0.0095906734765172,0.0508585363867941,0.05976161203270344
35.39,-0.0096745307050449,0.032957506589244,0.05822119326661515
35.4,-0.0097581472218014,0.0916566229910122,0.057434721856827686
35.410000000000004,-0.0098415197375065,0.0351279545024593,0.05596353201540305
35.42,-0.0099246449711737,0.0191460143864075,0.050965602376450266
35.43,-0.0100075196502361,0.0129418499240939,0.044383155078943554
35.44,-0.0100901405106532,0.0037389591724481,0.0447351675657777
35.45,-0.0101725042970027,0.043820293001984,0.04246754194402335
35.46,-0.0102546077626275,0.0930069970431705,0.04176872491493895
35.47,-0.0103364476697551,0.0955956718793769,0.04034394093177022
35.480000000000004,-0.0104180207895474,0.1114878708296501,0.037925782351707994
35.49,-0.0104993239022757,0.0747141642864839,0.04031938553700409
35.5,-0.0105803537974347,0.0487337803184069,0.03831894807979815
35.51,-0.0106611072738099,0.0157291929445427,0.03701337035015723
35.52,-0.0107415811395977,-0.024260914055108,0.037618894074274954
35.53,-0.0108217722125492,-0.0807844473620968,0.036784080768653256
35.54,-0.0109016773200742,0.0789941792734281,0.034835278868867545
35.550000000000004,-0.0109812932993114,0.0499406475937367,0.03777906245970518
35.56,-0.0110606169972798,0.0006519066028837,0.03871960935755967
35.57,-0.0111396452709744,0.0361638259484032,0.03747092605733626
35.58,-0.0112183749874789,0.0062208171285469,0.03560293736140817
35.59,-0.0112968030240648,0.1011242032780122,0.03193312084388689
35.6,-0.0113749262683093,-0.0090516800120807,0.029015082713695968
35.61,-0.0114527416182091,0.0642394906685528,0.027842675917111225
35.62,-0.0115302459822691,0.0478439527089314,0.02749861494895261
35.63,-0.0116074362796272,0.0016149349683519,0.03036381199600003
35.64,-0.0116843094401561,-0.0279829899714061,0.035878067492570824
35.65,-0.011760862404582,0.0655584145800384,0.03308578827724862
35.660000000000004,-0.0118370921245503,0.0635717778569284,0.03433567522972811
35.67,-0.0119129955627711,0.0667846477384789,0.03344175783671123
35.68,-0.0119885696931429,0.056367909264887,0.029906015337345694
35.69,-0.0120638115008064,0.0344217239617032,0.03181197046500879
35.7,-0.0121387179822504,0.0134353635524745,0.028633575920113872
35.71,-0.0122132861454682,0.0241132375901273,0.029496631216424884
35.72,-0.0122875130100411,0.0085039126132117,0.027707596473510405
35.730000000000004,-0.0123613956072021,0.0359082239328879,0.02746453810332581
35.74,-0.0124349309799834,0.0350149180658899,0.029338015562534105
35.75,-0.0125081161833101,0.0203563157516618,0.03047164736647066
35.76,-0.0125809482841021,0.0761882735958059,0.028056813524107552
35.77,-0.0126534243613585,-0.0181203586504706,0.029948256418355995
35.78,-0.0127255415062796,-0.0380867665382732,0.029584340950475557
35.79,-0.0127972968223755,0.0462458748094719,0.029069759516817117
35.800000000000004,-0.0128686874255309,0.034377917835219,0.03035696975629722
35.81,-0.0129397104441361,0.0090724812104506,0.0328514590209903
35.82,-0.0130103630191946,0.0266697610673487,0.03610589473794676
35.83,-0.0130806423044055,0.0427397269350549,0.03777845283360017
35.84,-0.0131505454662256,0.0409579616117261,0.03457430232533497
35.85,-0.0132200696840403,-0.0041767220887384,0.03691053915001339
35.86,-0.0132892121502428,0.014846903890413,0.03719334288893004
35.87,-0.0133579700702921,0.1032920786361458,0.03622054459714247
35.88,-0.0134263406628282,0.0591424229129897,0.03661492703246999
35.89,-0.0134943211597918,0.0455616991580598,0.038164843447588526
35.9,-0.0135619088065197,0.0614531389907853,0.040960357756039754
35.910000000000004,-0.0136291008617964,0.0658196381110292,0.04147792186764827
35.92,-0.0136958945979884,0.092456387646213,0.042793116247345137
35.93,-0.0137622873011444,0.0436276326219334,0.04286875552217325
35.94,-0.0138282762710689,-0.0313789367406815,0.041755108446252506
35.95,-0.0138938588214079,0.0840758913841368,0.03775304078031215
35.96,-0.0139590322797783,0.0262951942689114,0.040484086292385695
35.97,-0.0140237939878384,0.055759509468267,0.04194516544468914
35.980000000000004,-0.0140881413013591,-0.0098383275085928,0.035673319327601864
35.99,-0.0141520715903648,-0.0055385218207838,0.032897510511513045
36.0,-0.0142155822392034,0.1049516752869476,0.030464956683479958
36.01,-0.0142786706466113,0.0452467641789978,0.029337745529400393
36.02,-0.0143413342258313,0.0366915631840849,0.028607295023271535
36.03,-0.0144035704047099,0.028258185838739,0.027844269547834782
36.04,-0.0144653766257801,0.0193531383407194,0.02778888062195603
36.05,-0.014526750346315,-0.0430854593730214,0.032077556448399644
36.06,-0.0145876890384671,0.053175233664806,0.02717251340841206
36.07,-0.0146481901893535,0.0455295660887853,0.030618495237148033
36.08,-0.0147082513010973,-0.0284166898226869,0.030122475039207567
36.09,-0.0147678698909498,0.0008504377751245,0.03062939164985199
36.1,-0.0148270434913722,-0.0055219312306351,0.03220656365789019
36.11,-0.0148857696501247,0.0377817047551145,0.030554899024017
36.12,-0.014944045930354,0.0504801774823231,0.029735166101612087
36.13,-0.0150018699106579,0.0764328526620413,0.029418710385705305
36.14,-0.0150592391851764,0.0424644651784795,0.03211838469259481
36.15,-0.0151161513637074,0.0586832556146344,0.03312823788223639
36.16,-0.0151726040717489,-0.0189300124556024,0.03655647127810571
36.17,-0.0152285949505961,0.0986608126723668,0.03766458847929516
36.18,-0.0152841216574453,0.0453430853115172,0.03870554784739494
36.19,-0.0153391818654285,0.0008069213149401,0.044541466383527815
36.2,-0.0153937732637304,0.0275820903480183,0.04461619908436337
36.21,-0.0154478935576782,0.0702667179756106,0.0469524079057133
36.22,-0.0155015404687958,0.0280323728084948,0.048562773519158615
36.23,-0.0155547117348678,0.0300459931500424,0.04790715907435198
36.24,-0.0156074051100671,0.0849513462834186,0.045294824454496896
36.25,-0.0156596183650159,0.0405600553231927,0.04721444503614483
36.26,-0.0157113492868385,0.0289074419402342,0.047431105875810974
36.27,-0.0157625956792473,0.0764456948897844,0.050321083432036465
36.28,-0.0158133553626413,0.0673897128188808,0.04795686242674203
36.29,-0.0158636261741881,0.0941375994361035,0.045515448359755
36.3,-0.0159134059678447,0.002419824492671,0.04788769681323403
36.31,-0.0159626926144837,0.0435384540177134,0.047165366752742334
36.32,-0.0160114840019529,0.0715993826374662,0.04586391435443349
36.33,-0.0160597780351504,0.0367122741413839,0.046709012107458904
36.34,-0.0161075726360898,0.0215738256450843,0.04592786725643115
36.35,-0.0161548657439697,0.0827764973930862,0.04507046207347652
36.36,-0.0162016553152816,0.0632331332476235,0.04287232406864821
36.37,-0.0162479393238268,0.0417595162251328,0.04449639570221829
36.38,-0.016293715760815,0.0490121715611836,0.04083866704355049
36.39,-0.0163389826349488,-0.0059266100952103,0.03815260615638402
36.4,-0.0163837379724848,0.0506241388379996,0.03669201385303925
36.41,-0.0164279798172628,0.0124131590776928,0.0392506935442913
36.42,-0.0164717062308181,0.0429362176111248,0.040753293482155215
36.43,-0.0165149152924704,0.0457794256220285,0.03907048130827774
36.44,-0.0165576050993335,0.0136419512784596,0.04013185897419611
36.45,-0.0165997737663861,0.0669458374413714,0.04333684255411813
36.46,-0.0166414194265843,-0.0056008427782018,0.0406680638751784
36.47,-0.0166825402309195,0.0630129462452059,0.040853432773150136
36.48,-0.0167231343484161,-0.0003666069422395,0.04084826138174117
36.49,-0.0167631999662798,0.0109824341883851,0.03915535220758503
36.5,-0.0168027352899197,0.0634651610658633,0.03847307327967535
36.51,-0.0168417385429997,0.0561520980089642,0.03338667658142365
36.52,-0.0168802079675373,0.0750930527128555,0.035707791624853435
36.53,-0.0169181418239336,0.0362603269860391,0.03593110462658535
36.54,-0.016955538391053,0.0590012051256697,0.03279309696783932
36.55,-0.0169923959662643,0.0888784808234467,0.03422390028536709
36.56,-0.0170287128655188,0.026732145135352,0.031187322804723524
36.57,-0.0170644874234113,0.06712588010503,0.03073023313581324
36.58,-0.0170997179932311,0.0416509170055443,0.03176077588377864
36.59,-0.0171344029469833,0.0134610789039048,0.03277629862964752
36.6,-0.0171685406755051,-0.0202544675813137,0.032755866305600664
36.61,-0.0172021295885171,-0.056190191825286,0.030372041733048527
36.62,-0.0172351681146404,0.0611565749897182,0.030527850967051504
36.63,-0.0172676547014555,0.0476257906474951,0.030157326966314055
36.64,-0.0172995878155765,-0.0201187352116381,0.028030391512295066
36.65,-0.0173309659427384,0.0436888209465427,0.02553035379378424
36.66,-0.0173617875877676,0.0031777103478565,0.02454071802259047
36.67,-0.0173920512746825,-0.0151997258253178,0.023419270965698853
36.68,-0.0174217555467634,0.0846543439524793,0.01985490908517341
36.69,-0.0174508989665783,0.0209593707210069,0.020535621431040527
36.7,-0.0174794801160171,0.0105533553834012,0.020764998841789756
36.71,-0.0175074975963696,0.0134048450422685,0.022661785373772905
36.72,-0.0175349500283736,0.0594240919230267,0.02675752119363775
36.73,-0.0175618360522364,0.067312048697369,0.02292225371841577
36.74,-0.0175881543277217,-0.0084053175483597,0.023575597224771688
36.75,-0.0176139035341707,0.0065004130369424,0.024615647986655477
36.76,-0.017639082370556,0.0680961296283776,0.02653808449553668
36.77,-0.0176636895554985,0.003181756940628,0.027509503113901344
36.78,-0.0176877238273615,-0.0077257193860043,0.027112239042983252
36.79,-0.0177111839443008,0.0559458762687538,0.02632219732624958
36.8,-0.0177340686842178,0.0182780045296386,0.028917870584613533
36.81,-0.0177563768449004,0.0195780495903324,0.030685293944602014
36.82,-0.0177781072440388,0.0298202603918758,0.030763522834424534
36.83,-0.0177992587192463,-0.0193840419899434,0.028736144489838935
36.84,-0.0178198301281032,0.0613460042809693,0.026290877337630116
36.85,-0.0178398203481963,0.0017223307879215,0.028049813019511222
36.86,-0.0178592282771991,0.084059987633048,0.03179547074084684
36.87,-0.0178780528328703,0.0235775013335144,0.029314868540634205
36.88,-0.0178962929530762,-0.0235422713145977,0.03161998115016021
36.89,-0.0179139475958739,0.0680634679010722,0.036141431605081056
36.9,-0.0179310157395279,0.0754685091466499,0.033939316142832576
36.91,-0.0179474963825213,0.0476692459431593,0.036421710391378266
36.92,-0.0179633885436403,0.0150476517285414,0.03727930124213146
36.93,-0.0179786912619869,0.0168491466867291,0.03698341325885227
36.94,-0.0179934035969844,0.0159614385009838,0.037495701616283635
36.95,-0.0180075246284314,0.0285323317711436,0.034168145740863555
36.96,-0.0180210534565683,0.0851592251849904,0.035147752152984
36.97,-0.0180339892020736,0.0160034834239122,0.03409451433848066
36.98,-0.0180463310060677,0.051589121740674,0.03267295505885297
36.99,-0.0180580780301961,0.0872247401673335,0.035563224726418
37.0,-0.0180692294566575,0.0097014515615358,0.03540560177251203
37.01,-0.0180797844881952,0.0704082837490981,0.032346164082215016
37.02,-0.0180897423481318,0.0375874574561494,0.0331758861441792
37.03,-0.018099102280418,0.023606612743013,0.034458874376182405
37.04,-0.0181078635496684,-0.0086259864838849,0.03371888192229194
37.05,-0.0181160254411477,-0.0085326691028524,0.03732984389976165
37.06,-0.0181235872608251,0.0222940654424509,0.0394020729027099
37.07,-0.0181305483353891,0.0619419935284778,0.03923525663955943
37.08,-0.0181369080122825,-0.0062752435386671,0.040356376910615104
37.09,-0.0181426656597025,0.037153391704268,0.03928803088568646
37.1,-0.018147820666646,0.0647533858690467,0.037630592281864064
37.11,-0.0181523724429394,0.0112203176504128,0.03984416890215749
37.12,-0.0181563204192131,0.065093409244407,0.0403893635423019
37.13,-0.0181596640469586,0.0419904046006087,0.039330377517569154
37.14,-0.0181624027985591,0.0013093051550295,0.04140547140424031
37.15,-0.0181645361672991,0.0917916400278476,0.04328372494771554
37.16,-0.0181660636673269,0.072049140833057,0.04468194597343006
37.17,-0.0181669848337506,0.0816560836588304,0.04571900591476531
37.18,-0.0181672992226461,0.0395470091160814,0.04596237679925159
37.19,-0.0181670064110267,0.0291538552171725,0.04766844368830746
37.2,-0.0181661059968613,0.0524185294870632,0.04730925568999503
37.21,-0.0181645975991295,0.0561865605876976,0.04692830217149476
37.22,-0.0181624808578514,0.0818573711921308,0.04814947249242676
37.23,-0.0181597554340121,0.0153487509367618,0.046316346725299044
37.24,-0.0181564210096463,0.0671835843631071,0.04728251050330564
37.25,-0.0181524772878388,0.030817337929095,0.05080832228263791
37.26,-0.0181479239927215,0.0208299724371525,0.04663379123435875
37.27,-0.018142760869487,0.0440723242104912,0.04493203366154789
37.28,-0.0181369876844042,0.0670527821026897,0.039237529270855276
37.29,-0.0181306042248433,0.0295521611315062,0.04033989714340373
37.3,-0.0181236102992143,0.0296104437397068,0.04011582355908011
37.31,-0.0181160057370594,0.0567533619805413,0.0389108696138716
37.32,-0.0181077903890367,0.0368648943899847,0.038310198229658435
37.33,-0.0180989641268947,0.0265977681347249,0.03492439606172079
37.34,-0.0180895268434816,0.0622798439387474,0.03637953943019769
37.35,-0.0180794784527774,0.0753513525210069,0.03419743475693841
37.36,-0.0180688188899089,0.0041264880139852,0.0326614249232256
37.37,-0.0180575481111083,0.0363122318040291,0.03312383110816025
37.38,-0.0180456660937106,-0.0379285085457146,0.03359910891098655
37.39,-0.0180331728362001,0.0626967344395991,0.030157120391173103
37.4,-0.0180200683582251,0.0244483099463765,0.030043077164042652
37.41,-0.0180063527005086,0.0271144966376844,0.02911152138779547
37.42,-0.0179920259249274,0.0435724615192212,0.028321854549360436
37.43,-0.0179770881144888,0.0107555256654403,0.030364610186194033
37.44,-0.0179615393733165,0.0459067616747767,0.03142109710403764
37.45,-0.0179453798266573,0.021359386224662,0.029256202621893462
37.46,-0.0179286096208805,-0.0014388685788737,0.025069071545945308
37.47,-0.0179112289234756,0.0305405023207799,0.027418897456574425
37.48,-0.0178932379230112,0.0540531580698437,0.026537254147645205
37.49,-0.0178746368291946,-0.0052289768133928,0.031248013247137968
37.5,-0.0178554258728216,0.0271572533617667,0.02920030866498744
37.51,-0.017835605305766,0.010047772438516,0.03175848000314326
37.52,-0.0178151754009772,0.0401703583734055,0.031127247851428355
37.53,-0.0177941364524855,0.0797627627634903,0.030575971542632113
37.54,-0.0177724887754027,0.0487839934094408,0.031053453000448965
37.55,-0.017750232705864,0.0168170598137194,0.03005972316996272
37.56,-0.0177273686010462,-0.0125784000739042,0.03141079567882528
37.57,-0.0177038968391773,0.0534728321371967,0.03221107857490671
37.58,-0.017679817819502,0.0177977223165154,0.032463498884281745
37.59,-0.0176551319622464,0.0609974325436335,0.035058559960590416
37.6,-0.0176298397086258,0.019694938214438,0.03483663873129177
37.61,-0.0176039415208578,0.0781699080476488,0.03313050639276249
37.62,-0.0175774378821186,0.0138586214516713,0.034113295413499445
37.63,-0.0175503292964951,0.0319956590345001,0.03521327197650023
37.64,-0.0175226162890312,0.0207826362795941,0.03331472434766852
37.65,-0.017494299405675,0.0250384352345657,0.03469702314968114
37.66,-0.0174653792132481,0.0497319089107757,0.03564832461039
37.67,-0.0174358562994705,0.0153670722388362,0.03805816132719758
37.68,-0.0174057312729056,0.0358413288176558,0.033412968858074835
37.69,-0.0173750047629567,0.1085494406723258,0.03334076416855633
37.7,-0.0173436774198051,-0.0098893226286644,0.03161033529484724
37.71,-0.0173117499144476,-0.0086715257473481,0.03124134565275503
37.72,-0.0172792229386778,0.030686341873992,0.02938284734601146
37.73,-0.0172460972049662,0.063269866196422,0.03183774596128965
37.74,-0.0172123734465401,0.0398932625580243,0.03245265254954817
37.75,-0.0171780524173395,0.077812268251706,0.031566124482358585
37.76,-0.0171431348919462,0.0367943904886053,0.03187572362248749
37.77,-0.0171076216655907,0.038028170979055,0.031576514063315124
37.78,-0.017071513554108,-0.044076209714381,0.03107714511767382
37.79,-0.0170348113939497,0.0162814238366269,0.031023162994229775
37.8,-0.0169975160421151,0.0246584261957426,0.02934267177898233
37.81,-0.0169596283761244,0.0119461557305016,0.032391008059319014
37.82,-0.0169211492940191,0.0391414436060338,0.03543791726297123
37.83,-0.0168820797142976,0.0654114923725133,0.03554642456316449
37.84,-0.0168424205758924,0.044908697387929,0.032578337216900066
37.85,-0.0168021728381595,0.0021655468686128,0.03251809713376815
37.86,-0.0167613374808375,0.0315400171772726,0.03114358704882237
37.87,-0.016719915503989,0.0434485081681561,0.033078145932018924
37.88,-0.0166779079279796,0.0048803243803689,0.03532253819596753
37.89,-0.0166353157934701,0.0347077042253308,0.03931128502564016
37.9,-0.0165921401613644,0.0732591251521294,0.04150635864002289
37.91,-0.0165483821127312,0.054125739258406,0.041323057930631624
37.92,-0.0165040427488313,0.0553135675293484,0.03970428342872295
37.93,-0.0164591231910704,0.0329649951780504,0.04058234689473737
37.94,-0.0164136245809187,0.0009400319248693,0.03864774868765735
37.95,-0.0163675480798999,0.038628220812254,0.040045730706618224
37.96,-0.0163208948695439,0.0489475564678446,0.04051995906094051
37.97,-0.0162736661513757,0.0774201270357329,0.038401352848644044
37.98,-0.0162258631468362,0.0851604085219757,0.036986883030023274
37.99,-0.0161774870972519,0.0396874737087443,0.03871522811393426
38.0,-0.0161285392637988,0.0623779697386643,0.04024176276283281
38.01,-0.0160790209274619,0.0208091112985259,0.03831959947832745
38.02,-0.0160289333889826,-0.0220481088095805,0.036320339273090786
38.03,-0.0159782779688089,0.0575807763923366,0.03652463849198577
38.04,-0.0159270560070853,0.0247849300238328,0.03715237996374933
38.05,-0.0158752688635466,0.0742663197861073,0.03751738141883295
38.06,-0.015822917917517,0.0121243423093809,0.03742699537371083
38.07,-0.0157700045678804,-0.0129507132809532,0.03832162115129281
38.08,-0.0157165302329828,0.01374464197712,0.03928066779561051
38.09,-0.0156624963505769,0.0411755711424996,0.03319283201478375
38.1,-0.0156079043778373,0.0667649318522003,0.030863391758489695
38.11,-0.0155527557912871,0.0328936961775169,0.028870596849456396
38.12,-0.0154970520867075,0.012141274948436,0.0288376527792696
38.13,-0.0154407947791035,0.0596038511261431,0.02787572356060501
38.14,-0.0153839854026852,0.0461475660850852,0.026350918255549742
38.15,-0.01532662551081,0.0086050624816253,0.02731246040471831
38.16,-0.0152687166758716,0.0367301138646895,0.025991339783942864
38.17,-0.0152102604893136,0.067734697797066,0.026685918499148312
38.18,-0.0151512585615423,0.0975601065664047,0.030554601037980012
38.19,-0.015091712521878,-0.0426841428753862,0.02732755064365515
38.2,-0.015031624018498,-0.0092307716734309,0.027982066947286343
38.21,-0.0149709947183815,0.020529276648965,0.02828276116110459
38.22,-0.0149098263072702,0.0201172858246031,0.028761190525340347
38.23,-0.0148481204895536,-0.0422486224015369,0.029806594765124223
38.24,-0.0147858789882757,0.025559864986176,0.02994605894259255
38.25,-0.0147231035450653,0.0449773151563728,0.03054824322935919
38.26,-0.0146597959200453,0.046522786749823,0.03390907503126685
38.27,-0.0145959578917706,0.0267104953286952,0.033558786996357316
38.28,-0.0145315912572024,0.0682916200345125,0.034189214502788265
38.29,-0.0144666978316485,-0.0540234163037021,0.03047764240812198
38.3,-0.0144012794486558,0.0549204135187547,0.03463036223913278
38.31,-0.0143353379599697,0.0730795103423836,0.03826512457884047
38.32,-0.014268875235493,0.0429407128264677,0.03962893700964779
38.33,-0.0142018931632098,0.0340947639838974,0.04212822632234244
38.34,-0.0141343936490873,0.0625325988529779,0.04840207966866893
38.35,-0.0140663786170572,0.0587934361071847,0.048011987927291985
38.36,-0.0139978500089274,0.079182530321686,0.04740484325155418
38.37,-0.0139288097843165,0.0293740651315895,0.047704378170076965
38.38,-0.0138592599205886,0.0809736754321159,0.04561925964628837
38.39,-0.0137892024127853,0.0196170925784128,0.045972144920178766
38.4,-0.0137186392735619,0.0445229735758405,0.04980553580992644
38.41,-0.0136475725331014,0.0670992374604307,0.047971427967214056
38.42,-0.0135760042390756,0.0491693376959187,0.04340447815359026
38.43,-0.0135039364565492,0.0726023613911907,0.042566626183310946
38.44,-0.0134313712679204,0.0895022978713195,0.042897075099346246
38.45,-0.0133583107728235,0.0173679384172602,0.04258039711033922
38.46,-0.0132847570881,0.0322272769658788,0.041993219005211975
38.47,-0.0132107123477179,0.0528130200388015,0.03882037915402288
38.48,-0.0131361787026579,-0.0170769936708653,0.038810405972787516
38.49,-0.0130611583208747,0.0757022107862107,0.03619456569926819
38.5,-0.0129856533872221,0.0264777923809991,0.03544586860322007
38.51,-0.0129096661033806,0.0164041488217946,0.03327444939075364
38.52,-0.0128331986877533,-0.022826435743716,0.03004631955557519
38.53,-0.0127562533754052,0.025345821450602,0.027571082561833462
38.54,-0.0126788324180157,0.0410341912206388,0.027958161116022704
38.55,-0.012600938083758,0.0558823610838304,0.02448988416707667
38.56,-0.0125225726572392,0.0464626958995124,0.0265701865124637
38.57,-0.0124437384394382,0.012552893446715,0.026299665785073294
38.58,-0.0123644377475862,0.0291646283256468,0.02892904974938894
38.59,-0.0122846729151221,0.0260410296882102,0.03313073462528225
38.6,-0.0122044462916096,0.0038944535614022,0.030590490230804117
38.61,-0.0121237602426396,-0.0010768298859545,0.033063143077630266
38.62,-0.0120426171497697,-0.0006914890783168,0.03794136556082458
38.63,-0.0119610194104072,-0.0028106391726576,0.041824188854671554
38.64,-0.0118789694377619,0.0807310110291648,0.04188139061050018
38.65,-0.0117964696607769,0.0166684819434527,0.04102760868214369
38.66,-0.0117135225239775,0.0610542876703879,0.04245285625843195
38.67,-0.0116301304874499,0.0265463416906803,0.04202880337350823
38.68,-0.0115462960267487,0.1080300832894301,0.04599343521788336
38.69,-0.011462021632784,0.0711583887228941,0.05060879743795671
38.7,-0.0113773098117567,0.02235707850217,0.05143614316777979
38.71,-0.0112921630850512,0.0784035021643482,0.05712932113492393
38.72,-0.0112065839891914,0.1188468209688752,0.06080310758290915
38.73,-0.0111205750757195,0.0587128534270705,0.06025369570362532
38.74,-0.0110341389111021,0.0265470583230031,0.0615927757344929
38.75,-0.0109472780766756,0.0231047707251525,0.05800965791979632
38.76,-0.0108599951685217,0.0858125601858837,0.061572005427188846
38.77,-0.0107722927973924,0.0375575853161144,0.06080685384566268
38.78,-0.0106841735886362,0.0958101621785928,0.05628633897936879
38.79,-0.0105956401821011,0.1260872349471871,0.05276176147576171
38.8,-0.0105066952320057,0.0434152900144948,0.050065728613986935
38.81,-0.0104173414068972,0.1234511908714292,0.05259578460222021
38.82,-0.0103275813895492,0.0760726855217351,0.04916734268683004
38.83,-0.0102374178768557,-0.0122291385432771,0.046444144285114716
38.84,-0.0101468535797344,0.0253100414755616,0.04789631357824589
38.85,-0.0100558912230458,0.0054855369205367,0.0451178959468448
38.86,-0.00996453354552,0.0914777795986955,0.04392702948981464
38.87,-0.0098727832996178,0.0449861044583384,0.03924868182725326
38.88,-0.0097806432514599,-0.0683844705014912,0.04100652407459714
38.89,-0.0096881161807296,0.0340139557136813,0.04233183369446353
38.9,-0.0095952048805914,0.014541698625624,0.041956158997428925
38.91,-0.0095019121575667,0.0754882542550686,0.04233954468434799
38.92,-0.0094082408314613,0.0064062219411545,0.038718714848372006
38.93,-0.0093141937352575,0.0616596545328536,0.03786610281255133
38.94,-0.0092197737150079,0.0892084085828251,0.03980454112973457
38.95,-0.0091249836297657,-0.0317997119364197,0.04046802168147336
38.96,-0.0090298263514559,-0.0019034248724809,0.04321629436177033
38.97,-0.0089343047648002,-0.0124327407279054,0.04185722009069232
38.98,-0.0088384217671905,0.0744722725103359,0.0429182959167426
38.99,-0.0087421802686143,0.123641664195787,0.05118913216083396
39.0,-0.0086455831915591,0.1181980663094604,0.05019619245216143
39.01,-0.0085486334708895,0.0514663894397952,0.04984876286986703
39.02,-0.0084513340537453,0.0474137643159336,0.045103182779443536
39.03,-0.0083536878994538,0.0581678327695008,0.051411117167124626
39.04,-0.0082556979794451,0.0284780661175709,0.049462662490641046
39.05,-0.0081573672771104,0.0392431330620762,0.04979495097812249
39.06,-0.008058698787719,0.0631992632067732,0.05188933425698331
39.07,-0.0079596955183239,0.0629372199060572,0.054848515969254476
39.08,-0.0078603604876478,0.0672686968053943,0.058237727623895195
39.09,-0.0077606967259752,0.1053030906244274,0.05962474342924691
39.1,-0.0076607072750617,0.0131622218315582,0.05547989110001782
39.11,-0.0075603951880082,0.0072456773974416,0.053355181533619234
39.12,-0.0074597635291856,-0.0241689276438248,0.051285999740537304
39.13,-0.0073588153741088,0.1388728440824573,0.05099262434855129
39.14,-0.0072575538093241,0.0207421063266985,0.05122738491896901
39.15,-0.0071559819323371,0.0961864668199354,0.05372146741814804
39.16,-0.0070541028514559,0.0121823369196574,0.05129722276219492
39.17,-0.0069519196857228,0.0602393910852138,0.052444527334659576
39.18,-0.0068494355648096,0.0587407040195498,0.05317519804155666
39.19,-0.0067466536288848,0.1035996044227217,0.055008459584637646
39.2,-0.0066435770285061,0.0365997652819762,0.04997275333399279
39.21,-0.0065402089245311,0.07357916541509,0.050739000385606706
39.22,-0.0064365524880163,0.0080135717850745,0.05559133209851904
39.23,-0.0063326109000727,0.0412528810842276,0.05780645591737624
39.24,-0.0062283873517712,0.0630978047482729,0.051359707272626585
39.25,-0.006123885044057,0.0808537986003305,0.05050587765565341
39.26,-0.0060191071876131,-0.0116660047129391,0.04704907589427519
39.27,-0.0059140570027413,0.0872926592285306,0.05011652592726082
39.28,-0.0058087377192872,0.078281304750896,0.050157711015718455
39.29,-0.0057031525765013,0.105767189210095,0.04905327682572494
39.3,-0.005597304822924,-0.0004467406391144,0.04339737298976892
39.31,-0.0054911977162994,0.0292534099154504,0.0446452590953549
39.32,-0.0053848345234475,0.1091446433686007,0.042442622250780514
39.33,-0.0052782185201383,0.0223486725521762,0.042803618854252976
39.34,-0.0051713529910041,0.0034911225427147,0.04160903729265212
39.35,-0.0050642412294216,0.0028116843702617,0.04176823158915231
39.36,-0.00495688653738,0.0235936298309928,0.0402457946878565
39.37,-0.0048492922253909,0.0765987876123555,0.04289251057056085
39.38,-0.004741461612355,0.0611042779428243,0.04158944230166623
39.39,-0.0046333980254581,0.035547586029686,0.037151879287698274
39.4,-0.0045251048000613,-0.0151743761323548,0.03242875585716255
39.41,-0.0044165852795749,0.0628053734992817,0.035678679581812776
39.42,-0.0043078428153459,0.0273237916790279,0.036943944909554584
39.43,-0.0041988807665496,0.0155945004579964,0.035166804741352
39.44,-0.0040897025000763,0.0161666682906094,0.03381410650216221
39.45,-0.0039803113903946,0.0664408849747771,0.0357592090818142
39.46,-0.0038707108194493,0.0488826236731184,0.03753882874174476
39.47,-0.0037609041765584,0.0439150288238523,0.03729594212123507
39.48,-0.00365089485828,0.0599282255817436,0.03577998199432297
39.49,-0.0035406862682871,-0.0149075185424311,0.03688907998206827
39.5,-0.0034302818172737,0.0065815971688448,0.038322869598531
39.51,-0.00331968492282,0.0678016575785403,0.04299061554512499
39.52,-0.0032088990092757,0.0558239817980284,0.043696176037623595
39.53,-0.0030979275076628,0.0718246998363464,0.046223560129919926
39.54,-0.0029867738555289,-0.0060579904708093,0.04794656024476714
39.55,-0.0028754414968398,0.0443382767154064,0.049605259387020394
39.56,-0.0027639338818691,0.0401836972288034,0.045658334368706824
39.57,-0.002652254467067,0.0184930108002893,0.045804290129296966
39.58,-0.0025404067149611,0.0447636249472014,0.046057565059055006
39.59,-0.0024283940940048,0.0843953356854757,0.0463322909666522
39.6,-0.0023162200784826,0.0656571679754033,0.05082774072643352
39.61,-0.0022038881483957,0.0828482887461189,0.052531658974607175
39.62,-0.0020914017893183,0.0776221438417525,0.05240315487785894
39.63,-0.0019787644922955,0.0803988576172508,0.05299374727403101
39.64,-0.0018659797537137,0.051777502869788,0.049825457249779076
39.65,-0.0017530510751873,0.0509993502779277,0.05532174459848532
39.66,-0.0016399819634374,-0.016444540409808,0.05524260259154584
39.67,-0.001526775930169,0.0519476946455115,0.05568400169765867
39.68,-0.0014134364919454,0.0492338023487711,0.05758937587116091
39.69,-0.0012999671700736,0.0656974696412847,0.05920622691051906
39.7,-0.001186371490483,0.0794969264129767,0.056300414365986665
39.71,-0.0010726529836066,0.0423638803804914,0.053271162245764996
39.72,-0.0009588151842473,0.0651030715468272,0.05063417419960899
39.73,-0.0008448616314632,0.068226422117642,0.05306880821484688
39.74,-0.0007307958684532,0.005290609327056,0.05373963208003052
39.75,-0.0006166214424313,0.1093640438520217,0.0557327287395636
39.76,-0.0005023419044916,0.0426762945696772,0.057644309920746
39.77,-0.0003879608094989,0.049453078457173,0.061550775290382165
39.78,-0.0002734817159719,0.0585058684438364,0.06153196716530368
39.79,-0.0001589081859432,0.0787174967737224,0.061166606273934686
39.8,-4.424378484968461e-05,0.0233732722502954,0.05835111842122602
39.81,7.050791859530836e-05,0.0020428734507483,0.05747803964160171
39.82,0.0001853433525239,0.0274715397768429,0.05641734315094599
39.83,0.000300258942032,0.1287494581617481,0.05388826903007038
39.84,0.0004152511093147,0.0944861587861071,0.05403551598090607
39.85,0.0005303162737738,0.0936325327199827,0.05466714256861972
39.86,0.0006454508521505,0.0911425550827582,0.0524026353214191
39.87,0.0007606512586535,0.0655912323525515,0.05287307402974759
39.88,0.0008759139050656,0.0515527240188632,0.05458038117529637
39.89,0.0009912352008867,0.0415612236300224,0.05252377420486233
39.9,0.0011066115534433,0.0065722247344026,0.05091565357099335
39.91,0.0012220393680151,0.0611622720408661,0.05186010904549015
39.92,0.001337515047968,0.0200892540767214,0.0568774203386135
39.93,0.0014530349948652,0.0119925150084392,0.057004569378775176
39.94,0.0015685956085989,0.0713186080851915,0.05369296245694819
39.95,0.0016841932875141,0.0185547676690429,0.05012528007623854
39.96,0.0017998244285249,0.0618093916608087,0.04946867082279703
39.97,0.0019154854272465,0.0525555074445754,0.04746144012092338
39.98,0.0020311726781199,0.0853065285136975,0.04798830995663018
39.99,0.0021468825745274,0.0153171220647215,0.04868770888899125
40.0,0.0022626115089338,0.0449469634624737,0.04868258382980106
40.01,0.0023783558729867,0.0432068372147283,0.05132435687536194
40.02,0.0024941120576549,0.1074064106063388,0.049002611934108084
40.03,0.0026098764533619,0.0301416696202379,0.04940509532003361
40.04,0.0027256454500884,0.0592057128033814,0.05269108104804416
40.05,0.00284141543751,0.0195648287912044,0.05121152974207061
40.06,0.002957182805123,0.0798437383977109,0.05402603313090625
40.07,0.0030729439423615,0.0489907103434118,0.0535501878044332
40.08,0.0031886952387261,0.0766554989023941,0.0546870027953715
40.09,0.003304433083906,0.0662401015984459,0.05246905669569024
40.1,0.0034201538679043,0.0414535973870282,0.054446324340047175
40.11,0.0035358539811652,0.0620494586911812,0.054532551415940426
40.12,0.0036515298146952,0.012405628274535,0.05608937271580591
40.13,0.0037671777601833,0.0285414051811574,0.05465864677533201
40.14,0.0038827942101318,0.0809982152966609,0.05647494205775411
40.15,0.0039983755579842,0.040248030659747,0.05632552576167274
40.16,0.0041139181982341,0.0776593388345913,0.057721373135765607
40.17,0.0042294185265634,0.0518166398048745,0.05934913284451928
40.18,0.0043448729399611,0.0764286222542799,0.06102217122835948
40.19,0.0044602778368527,0.038729660420391,0.05851788249468659
40.2,0.0045756296172122,0.056839742596217,0.05754549277273411
40.21,0.0046909246826945,0.046757732056232,0.058384506417824125
40.22,0.0048061594367654,0.0759000845119036,0.056004186044284844
40.23,0.0049213302848058,0.0773611658563869,0.059319546332391185
40.24,0.0050364336342589,0.0682838705511019,0.05688316867470612
40.25,0.0051514658947426,0.0560679705856725,0.058536807047145756
40.26,0.0052664234781646,0.0488776236471546,0.05982273635402532
40.27,0.0053813027988611,0.1140266922815382,0.060175283556434846
40.28,0.0054961002737122,0.0841245164040558,0.06036753587707942
40.29,0.0056108123222722,0.0240654354952637,0.06064835410556572
40.3,0.0057254353668753,0.0458199174374438,0.06130878100547235
40.31,0.0058399658327823,0.0590728839339184,0.06133379754282299
40.32,0.0059544001482905,0.0120627308468563,0.063491980844151
40.33,0.0060687347448573,0.0820281943247683,0.06209238118041253
40.34,0.0061829660572249,-0.0226225256302289,0.06261792351399664
40.35,0.006297090523534,0.115724621117893,0.06470176562588591
40.36,0.0064111045854728,0.067252546104218,0.06398470984977142
40.37,0.0065250046883708,0.0850628300851913,0.0608742731770147
40.38,0.0066387872813294,0.0558539385384107,0.05743903171365354
40.39,0.00675244881735,0.0823258050524922,0.057409791089900214
40.4,0.0068659857534583,0.05259862531843,0.05794463952958716
40.41,0.0069793945508156,0.0573650898805805,0.059146755006835874
40.42,0.0070926716748451,0.0920795813841204,0.05969873286442384
40.43,0.0072058135953595,0.0465084915733955,0.061587596114239085
40.44,0.0073188167866736,0.0883975548616534,0.06066185688306381
40.45,0.0074316777277247,0.1120445549007765,0.06376492953437393
40.46,0.0075443929022117,0.0410097992872682,0.059491207805849156
40.47,0.0076569587987046,-0.0164415464807364,0.056469215759253025
40.48,0.0077693719107374,0.0418866215509536,0.05429459190758697
40.49,0.007881628736979,0.0835104633052359,0.05191722730418165
40.5,0.0079937257813356,0.0352972527286896,0.05291969303123307
40.51,0.0081056595530523,0.0710643424596668,0.053891942921554116
40.52,0.008217426566838,0.070664418943266,0.05630377094227514
40.53,0.0083290233430122,0.0517288590929762,0.05118182165813699
40.54,0.0084404464076121,0.0625876704700875,0.051535000579712754
40.55,0.0085516922924799,0.0425420000472837,0.053152301669545994
40.56,0.008662757535427,0.0259764648188727,0.05052404720232263
40.57,0.0087736386803358,0.0037907131256992,0.051479660075807676
40.58,0.0088843322772758,0.039395729200204,0.052636148868302535
40.59,0.0089948348826168,0.0059292818668991,0.0539317088621338
40.6,0.0091051430591654,0.1033775853205719,0.05389020135406737
40.61,0.0092152533762768,0.073015873015172,0.05845795971874837
40.62,0.009325162409958,0.1080134783157221,0.05590066485425022
40.63,0.0094348667429952,-0.0154813535827807,0.05322719130596323
40.64,0.0095443629650845,0.0539252489264867,0.05415022105812654
40.65,0.0096536476729441,0.1223608777481513,0.0559154805362175
40.66,0.009762717470399,0.056851211089086,0.055528211768419836
40.67,0.0098715689685432,0.0610776696304539,0.05778352025745637
40.68,0.0099801987858444,0.0078447181616558,0.06197234361178492
40.69,0.0100886035482417,0.06909338142141,0.06236528647001424
40.7,0.010196779889264,0.082638805635841,0.06326916577158359
40.71,0.0103047244501733,0.1312201783869906,0.060983007211951545
40.72,0.0104124338800665,0.0173611503052057,0.06021589647536961
40.73,0.0105199048359649,0.014521474429239,0.0618341868507155
40.74,0.0106271339829655,0.0711124838884058,0.06546583075817543
40.75,0.0107341179943404,0.0996581195099976,0.06223592031645137
40.76,0.0108408535516524,0.0344093559235328,0.05782476128334945
40.77,0.0109473373448631,0.0733379430886399,0.060618995665495966
40.78,0.0110535660724594,0.0917560035665989,0.06100958162767121
40.79,0.0111595364415628,0.0476475292230197,0.06081292856217827
40.8,0.0112652451680295,0.0249107471998554,0.05861325741486539
40.81,0.0113706889765807,0.055368255568299,0.0591645451274892
40.82,0.0114758646009155,0.0569065475469514,0.05711513336993427
40.83,0.0115807687838198,0.1419975761979856,0.05931795893476678
40.84,0.0116853982772474,0.0607831684738778,0.05998561711961213
40.85,0.0117897498424848,-0.0139028703497184,0.061467718337826285
40.86,0.0118938202502444,0.0297265380530111,0.06138913494492281
40.87,0.0119976062807544,0.1155301331141626,0.06799033524207285
40.88,0.0121011047238772,0.0692799748361342,0.06916584087770564
40.89,0.0122043123792353,0.0037150037863041,0.0682327850320413
40.9,0.012307226056335,0.0229002873278394,0.068927104739218
40.91,0.0124098425746219,0.094215847600941,0.06790821213425069
40.92,0.0125121587636278,0.0881825314783369,0.0685477430190014
40.93,0.0126141714630906,0.0636204871666887,0.07008858933923685
40.94,0.0127158775230465,0.0285422963109913,0.06503884939385776
40.95,0.0128172738039167,0.1022366094709028,0.06450843919397635
40.96,0.0129183571766597,0.098007868259025,0.06634543601005352
40.97,0.0130191245228561,0.1730345621636834,0.0682734169305622
40.98,0.013119572734796,0.0980235614369283,0.06510285912504733
40.99,0.0132196987156302,0.0721618308076481,0.06760680160048933
41.0,0.0133194993794508,0.06222824307373,0.07144857369532712
41.01,0.0134189716513979,0.0035140024955422,0.072569063503305
41.02,0.0135181124677488,0.068798404148064,0.07284457100685557
41.03,0.0136169187760576,0.0892643202718958,0.07019701009644852
41.04,0.0137153875352694,0.0359530373450248,0.06985395947555748
41.05,0.013813515715752,0.0496445542763681,0.07496020871981728
41.06,0.0139113002994697,0.0246740627879022,0.07087419351427647
41.07,0.0140087382800885,0.0702141373836932,0.06861331808960487
41.08,0.0141058266630342,0.0489484191983505,0.06173741926250061
41.09,0.0142025624656122,0.1218627668204161,0.05824748299399217
41.1,0.0142989427171197,0.0843922177778976,0.05882320565644184
41.11,0.014394964458958,0.046430573295375,0.0557871727850572
41.12,0.0144906247447229,0.100001505175503,0.059945660739311096
41.13,0.0145859206402823,0.0325837523597889,0.056043417282193274
41.14,0.0146808492239067,0.0564164241279766,0.05687120535598359
41.15,0.0147754075863718,0.1357735304404471,0.05892646967110213
41.16,0.0148695928310335,0.0164302901545461,0.06242290309368844
41.17,0.0149634020739544,0.0505294843409212,0.06592307453952381
41.18,0.0150568324439936,0.0286406867944943,0.06658604648356176
41.19,0.0151498810828945,0.0247348997982508,0.06704922663410327
41.2,0.0152425451453788,0.0842520067190912,0.06319537803167832
41.21,0.0153348217992815,-0.0015284472253473,0.06377237831868655
41.22,0.0154267082256298,0.0908422495348739,0.06765953201754517
41.23,0.0155182016186944,-0.0131487084514104,0.06510568902062523
41.24,0.0156092991861506,0.1066478698214925,0.06782818635391681
41.25,0.0156999981491656,0.079113587962514,0.06810579684567719
41.26,0.0157902957424599,0.1230696561506808,0.06530681269146697
41.27,0.0158801892144108,0.0981776631504453,0.06856897347010338
41.28,0.0159696758271626,0.0841365482084896,0.06785730014638025
41.29,0.0160587528567388,0.0586752023597224,0.07352014218368393
41.3,0.0161474175930806,0.0409319461694922,0.07483187954498634
41.31,0.016235667340185,0.0965092238050703,0.074686380006632
41.32,0.0163234994161862,0.1280608009714061,0.07719535965521408
41.33,0.0164109111534416,0.0463708022401843,0.07787241173907805
41.34,0.0164978998986264,0.0897561963589118,0.07966654175938648
41.35,0.0165844630128197,0.0622462444549451,0.07570931209573632
41.36,0.0166705978716236,0.0769948632020323,0.07624246374250707
41.37,0.0167563018652144,0.0849356665059106,0.07344850103461312
41.38,0.0168415723984335,0.0355843445427354,0.0693380378585311
41.39,0.0169264068909213,0.1475603695778715,0.07187548698439494
41.4,0.0170108027771814,0.0522813843856014,0.07281413884082141
41.41,0.0170947575066207,0.08119651641365,0.07323226736320759
41.42,0.0171782685437132,0.0511601253948767,0.07117533510018122
41.43,0.017261333368064,0.1050603432960172,0.06884118720262007
41.44,0.0173439494744756,0.0245280219750665,0.07005417755895847
41.45,0.0174261143730189,0.0235460468848395,0.06858106629769989
41.46,0.0175078255891691,0.0903097725446994,0.06919256194796078
41.47,0.0175890806638892,0.0643964392849079,0.06712694747643086
41.48,0.0176698771536448,0.0118579364527227,0.06585272520365214
41.49,0.0177502126305628,0.1374229798516305,0.06736751704252572
41.5,0.0178300846824838,0.0783868913446781,0.06864789416186012
41.51,0.017909490913047,0.0497126451396021,0.06980865290199209
41.52,0.0179884289417661,0.0533136462815163,0.06944315533388468
41.53,0.0180668964041244,0.0790436951226225,0.06894825957592651
41.54,0.0181448909516754,0.0718435997232904,0.06413145459178889
41.55,0.0182224102520459,0.0588208598724815,0.06689745969709648
41.56,0.0182994519890941,0.0750876531104236,0.07233248993548476
41.57,0.0183760138629904,0.0336169592999041,0.06937701189708981
41.58,0.0184520935902474,0.0581769987775576,0.06806968319379245
41.59,0.0185276889038008,0.0673949731590806,0.07066549576494378
41.6,0.018602797553123,0.1744482890838939,0.06613012977704222
41.61,0.0186774173043108,0.0766573179283729,0.06845707374444265
41.62,0.0187515459401127,0.0735210674833941,0.07007678673101833
41.63,0.0188251812600057,0.0407673144777551,0.07144230520892192
41.64,0.0188983210803184,0.0039074386291274,0.07168373942954376
41.65,0.0189709632343076,0.0826141291865258,0.07362599476690151
41.66,0.0190431055721557,0.1376816818909934,0.07336256181563605
41.67,0.0191147459611198,0.0282447337384054,0.0761374287494962
41.68,0.0191858822855814,0.0369425365156635,0.0788589112938571
41.69,0.0192565124471119,0.0663700004469007,0.07897846652435182
41.7,0.0193266343645526,0.0421802941056976,0.07737426628156555
41.71,0.0193962459740834,0.1272527146600873,0.07108853183272544
41.72,0.0194653452293011,0.0837266178576914,0.06855091883018279
41.73,0.019533930101262,0.0819895343174916,0.06921146060010838
41.74,0.0196019985785972,0.0841138137556809,0.0731869578883491
41.75,0.0196695486675502,0.1126309618078034,0.07605413309578121
41.76,0.0197365783920558,0.0532887678959067,0.07327025639631975
41.77,0.0198030857937722,0.1333598587214869,0.06909801798034962
41.78,0.0198690689322073,0.0907680927314829,0.07260763340701892
41.79,0.0199345258847849,0.0606876586179466,0.07558249520015041
41.8,0.0199994547468315,0.0337067680605691,0.07497408688142854
41.81,0.0200638536317118,0.0424478656582515,0.07575519491123958
41.82,0.0201277206708899,0.0233674448749771,0.07172879578654216
41.83,0.0201910540139751,0.0873924446518316,0.07109220077519571
41.84,0.0202538518287789,0.1242527575308104,0.06998933594634799
41.85,0.0203161123013828,0.0641181179852016,0.06824954854433389
41.86,0.0203778336362231,0.0241527184978351,0.06620754197407623
41.87,0.0204390140561436,0.0500646751556205,0.06486789942517468
41.88,0.0204996518024136,0.1019466576984611,0.06134250676118377
41.89,0.020559745134846,0.0994146341714246,0.0637313525324254
41.9,0.0206192923318429,0.0535934257537415,0.06282572838317886
41.91,0.0206782916904138,0.0585835627317293,0.06111147521318577
41.92,0.0207367415262921,0.0426983330414414,0.06181954441303487
41.93,0.0207946401739669,0.0703581226194161,0.0653878630335535
41.94,0.0208519859867375,0.0588293729116893,0.0644616108886274
41.95,0.0209087773367436,0.0475782783133851,0.05998288655942433
41.96,0.0209650126150734,0.0697488238323926,0.06086175099993613
41.97,0.0210206902318293,0.0251562743689741,0.06325345810301672
41.98,0.0210758086160722,0.0593266127776774,0.06503888457994411
41.99,0.0211303662159934,0.1409338539275576,0.06468456469504258
42.0,0.0211843614989451,0.0416695514837691,0.06161804613902614
42.01,0.0212377929514451,-0.0022925485092858,0.0649745417224599
42.02,0.0212906590792524,0.0573173188550826,0.06618683955324484
42.03,0.0213429584074192,0.0983021359058682,0.06809598847967331
42.04,0.0213946894803848,0.0679411496083836,0.0706751212390736
42.05,0.0214458508619425,0.0301995466175459,0.0743398228815387
42.06,0.0214964411353407,0.0825742712359495,0.07468667704595387
42.07,0.0215464589033445,0.0743785676625274,0.07580638648661461
42.08,0.0215959027882392,0.0875586311710958,0.07731139537904554
42.09,0.021644771431889,0.0945059401155291,0.0759464393274661
42.1,0.0216930634958173,0.0350177444950789,0.0717903639065052
42.11,0.0217407776612402,0.1240798330058504,0.07127787155623937
42.12,0.0217879126290648,0.0840418171782132,0.07342862300067773
42.13,0.0218344671199757,0.0827904604964394,0.0761099690548892
42.14,0.0218804398744901,0.1245199105668224,0.07327010364058265
42.15,0.0219258296529967,0.1357881074034564,0.07329248223643524
42.16,0.0219706352357337,0.0548622157661036,0.07541700948743987
42.17,0.0220148554229054,0.093262722086268,0.07941833442263316
42.18,0.0220584890347291,0.0567614611100235,0.07766416902869666
42.19,0.0221015349114145,0.0306625356945093,0.07611669987386645
42.2,0.0221439919132301,0.0536562700873787,0.07766568566089752
42.21,0.0221858589205425,0.0309072121281867,0.07951786837609018
42.22,0.0222271348338881,0.0428732318239199,0.07526825852257583
42.23,0.0222678185739552,0.1136255859935234,0.07798616011314333
42.24,0.0223079090816508,0.0386649622054305,0.07886493812159215
42.25,0.0223474053181377,0.0684111001212879,0.07649075139118258
42.26,0.0223863062648627,0.0748146188886434,0.07409335403782172
42.27,0.0224246109235798,0.1666020948750083,0.07448645156400553
42.28,0.0224623183164074,0.0375410943898609,0.07329338919724339
42.29,0.022499427485878,0.0550617789196615,0.07305217179646276
42.3,0.0225359374948816,0.1270346416431814,0.07590905977655737
42.31,0.0225718474267999,0.0739135815141251,0.07734650678366513
42.32,0.0226071563855193,0.034838026082049,0.08127247390812065
42.33,0.0226418634954109,0.1411177505801304,0.08378477779800812
42.34,0.0226759679013671,0.1012447986738647,0.08284073337917641
42.35,0.0227094687688819,0.0746619892282214,0.08433930917396792
42.36,0.0227423652840674,0.0854427629828783,0.08484756097319558
42.37,0.0227746566536402,0.0631172638159637,0.0854988892082867
42.38,0.0228063421049556,0.068208412384263,0.0828862749133708
42.39,0.0228374208860668,0.0516958956936303,0.0828903877581023
42.4,0.0228678922657668,0.0906571832764962,0.08462114106459342
42.41,0.0228977555335227,0.0838426572366416,0.0817855627353633
42.42,0.022927009999589,0.1133525217417525,0.08391316535410412
42.43,0.0229556549950007,0.095631613511557,0.08514444351611979
42.44,0.0229836898715876,0.0938006531980577,0.08641929784724514
42.45,0.0230111140019972,0.0701350538960521,0.08875844819643901
42.46,0.0230379267797231,0.0790843879050685,0.08903484078466281
42.47,0.0230641276191614,0.0884925118255571,0.08859251090644538
42.48,0.0230897159555223,0.1117371946817746,0.0908222063941232
42.49,0.0231146912449575,0.0376274641292221,0.09048146734566748
42.5,0.02313905296457,0.0914075983559754,0.09186794266882256
42.51,0.0231628006123724,0.0674874967293486,0.08958757225304716
42.52,0.023185933707312,0.1185932365076824,0.08918636030712405
42.53,0.0232084517893332,0.0606948674843779,0.08651074305782239
42.54,0.0232303544193956,0.167889691533763,0.08734860552931127
42.55,0.0232516411794128,0.1503669560069358,0.08517752645940943
42.56,0.0232723116723301,0.080466233580921,0.0850832577626498
42.57,0.0232923655221387,0.0761538355403123,0.08685802216203019
42.58,0.0233118023738709,0.1099408690571981,0.08369098628812777
42.59,0.0233306218935872,0.0610528923666929,0.08312118164564437
42.6,0.0233488237684348,0.0808118774798869,0.08466337392968375
42.61,0.0233664077066333,0.0427694045452128,0.08307191471105246
42.62,0.0233833734374883,0.0754172063722567,0.08334433404310111
42.63,0.0233997207113895,0.0571645595064172,0.08214432832433806
42.64,0.0234154492998378,0.1132267254128235,0.08136548511520814
42.65,0.0234305589954506,0.0482079927301191,0.07839499540848648
42.66,0.0234450496119309,0.0681554112640998,0.07411788305336364
42.67,0.0234589209841373,0.1163544402920568,0.07358527210314454
42.68,0.0234721729680462,0.0219847584736061,0.0749157426213776
42.69,0.023484805440771,0.0997712971896232,0.07275912315738525
42.7,0.0234968183005265,0.0700135020940491,0.0719047872051451
42.71,0.0235082114666884,0.0579869547647183,0.07350053555418565
42.72,0.023518984879807,0.0732083027023701,0.07534771660384616
42.73,0.0235291385015254,0.0933931164136586,0.07687101024599526
42.74,0.0235386723146352,0.0443391600926496,0.08028603837036834
42.75,0.0235475863230902,0.1055094076926082,0.07893145623871349
42.76,0.0235558805519953,0.060547596549356,0.07996878789596239
42.77,0.0235635550475662,0.0692814036263203,0.08212510922737633
42.78,0.0235706098771576,0.1040937164232063,0.07761386521568034
42.79,0.0235770451292971,0.0646518603133587,0.07980264235711802
42.8,0.0235828609136096,0.0431118373696495,0.07751232954316516
42.81,0.0235880573608543,0.1143225928097387,0.07593225013274092
42.82,0.0235926346229375,0.0815602065880837,0.0764478648340024
42.83,0.0235965928728529,0.1074063728573875,0.07805345552700933
42.84,0.0235999323047048,0.128880150118252,0.07483824089585484
42.85,0.0236026531337169,0.0847805006480718,0.08018008410816149
42.86,0.0236047555962154,0.0699919575323458,0.07756902552170779
42.87,0.0236062399496098,0.1134381592237925,0.08180667633896907
42.88,0.0236071064723467,0.0216183160464409,0.08062558489490668
42.89,0.0236073554639795,0.0679490784437975,0.08044081347036382
42.9,0.0236069872451435,0.0516747280966134,0.08142138179441452
42.91,0.0236060021574474,0.0368318344751401,0.08268434603215524
42.92,0.0236044005635732,0.0688148634912091,0.08036305634978873
42.93,0.023602182847239,0.1069257072555156,0.07885856376371148
42.94,0.0235993494131517,0.0258736091594142,0.07788096062282535
42.95,0.0235959006869929,0.1565178675510893,0.07393208097942906
42.96,0.0235918371154206,0.0506771773770807,0.07560785621880566
42.97,0.0235871591660913,0.1495382637118427,0.07823730154118773
42.98,0.023581867327567,0.0444784833010101,0.07588210388180953
42.99,0.0235759621093414,0.1002135165078063,0.07802845831211155
43.0,0.0235694440418404,0.0852437951184235,0.07923345709396983
43.01,0.0235623136763535,0.069634086362205,0.07985427112219894
43.02,0.0235545715850285,0.0655755094800417,0.0792352333024234
43.03,0.0235462183608869,0.0499658622804612,0.08115964083319638
43.04,0.0235372546177975,0.0868767068987787,0.08026179725020452
43.05,0.0235276809903733,0.0459536776069302,0.08358159169744012
43.06,0.0235174981340471,0.1199717806749803,0.08040497180374621
43.07,0.0235067067250349,0.1252103093023693,0.0833804480036657
43.08,0.0234953074602611,0.0639790083768507,0.08090668632075616
43.09,0.023483301057349,0.0666917590827831,0.08206268628994715
43.1,0.0234706882546231,0.0932540528628212,0.08007273247134973
43.11,0.0234574698110903,0.0647118226894246,0.08008297441386822
43.12,0.0234436465063686,0.0238320402598538,0.07904062774195576
43.13,0.023429219140679,0.1092274216374418,0.07652236830324795
43.14,0.0234141885348149,0.0880709920126866,0.07734411261013746
43.15,0.0233985555301532,0.0955892925513617,0.07262417733873623
43.16,0.0233823209885533,0.0898088497835172,0.07635384208601696
43.17,0.0233654857923801,0.11316217757539,0.07309963498445253
43.18,0.0233480508444614,0.0975892683707425,0.07296836245905008
43.19,0.0233300170680419,0.0687544826540209,0.07251437556448113
43.2,0.0233113854067615,0.0584244863172602,0.07345384040116082
43.21,0.0232921568246169,0.0854588759113118,0.07267072360558442
43.22,0.0232723323059624,0.0477448062520434,0.0730705850818611
43.23,0.0232519128553904,0.0126920612671777,0.07672959828975595
43.24,0.0232308994977809,0.0672224927251409,0.07380043790812955
43.25,0.0232092932782576,-0.0122419338006468,0.07364457821787589
43.26,0.0231870952621074,0.1242766372998256,0.07263551789640108
43.27,0.0231643065347342,0.0516334315421268,0.07593386779444396
43.28,0.0231409282016814,0.1224535862689181,0.0752800375169117
43.29,0.0231169613885931,0.0544452835909026,0.07455889003758343
43.3,0.0230924072410876,0.0864205206530566,0.07423392699014043
43.31,0.0230672669247908,0.0768086001557166,0.07559032876501069
43.32,0.0230415416253029,0.073108913691235,0.07683060148342935
43.33,0.0230152325481208,0.1006713176256458,0.07649107342851
43.34,0.0229883409185852,0.0477150536232876,0.07884263690092748
43.35,0.0229608679818846,0.0847979385173594,0.07607892988480994
43.36,0.0229328150029808,0.0743990258003909,0.08032400767549222
43.37,0.0229041832665727,0.1590741976424175,0.07962447809090761
43.38,0.0228749740770445,0.0994317417472126,0.08405758121241855
43.39,0.0228451887584246,0.0824451713048486,0.08203141156043071
43.4,0.0228148286543661,0.0619302586577182,0.08152231284517264
43.41,0.0227838951280229,0.0869089235895357,0.08096518124338858
43.42,0.022752389562082,0.1115046029981035,0.08243373584065149
43.43,0.0227203133587081,0.0406147170987372,0.0814347812432382
43.44,0.0226876679394527,0.0620748941879446,0.08160653809664273
43.45,0.0226544547451981,0.0091846453866725,0.08321044449587353
43.46,0.022620675236154,0.076904699803681,0.08239263946212635
43.47,0.0225863308918244,0.109586516023549,0.0828176512712557
43.48,0.0225514232108592,0.1447285970938566,0.08187523217001096
43.49,0.0225159537110664,0.0799040235771735,0.08268584677932118
43.5,0.0224799239293901,0.0437542105704832,0.08153185770286096
43.51,0.0224433354218081,0.0747207570155915,0.0846923673162886
43.52,0.0224061897632535,0.1076482466982375,0.08269821582858378
43.53,0.0223684885476291,0.0521308671455559,0.08416789787155686
43.54,0.0223302333877226,0.104278211547141,0.08575031872092953
43.55,0.0222914259151038,0.0813970880071343,0.08628889077006119
43.56,0.0222520677801527,0.0676240328086685,0.08653699184846612
43.57,0.0222121606519576,0.0833242737921072,0.08820568647985141
43.58,0.0221717062182283,0.1392833965162779,0.08286928985113344
43.59,0.0221307061852721,0.1164546485427273,0.07743298661048502
43.6,0.0220891622779467,0.0582114006991841,0.07499544599529072
43.61,0.0220470762395813,0.1283009605396986,0.07557329619876436
43.62,0.0220044498319152,0.0450317423477344,0.07470103150208354
43.63,0.0219612848350106,0.1423679259005381,0.07258922418844713
43.64,0.0219175830472387,0.0738455549355633,0.07387265299840781
43.65,0.0218733462852241,0.0733849072197095,0.07040013432205776
43.66,0.0218285763837061,0.0143947680331761,0.07101452598366798
43.67,0.021783275195536,0.1119472870627721,0.07114772923226904
43.68,0.0217374445916157,-0.0024778131795284,0.06965679172093002
43.69,0.0216910864608135,0.0305662290402399,0.06430821559720079
43.7,0.0216442027098778,0.0287156706580931,0.060044825884472366
43.71,0.0215967952633969,0.0558890648434296,0.0626494860402665
43.72,0.0215488660637599,0.0564031983852944,0.060691531297229456
43.73,0.02150041707102,0.0633002931118727,0.06304696972144139
43.74,0.0214514502628757,0.0790828721547304,0.06026604070734035
43.75,0.0214019676346099,0.0313553193437897,0.06045319853795734
43.76,0.0213519711989754,0.0942993129009491,0.062454473841328066
43.77,0.0213014629861396,0.0704213010292908,0.0662559680125851
43.78,0.0212504450436468,0.0520145860539877,0.06426298743588281
43.79,0.0211989194363423,0.0269632979179642,0.06638787353917334
43.8,0.021146888246229,0.0269234645754304,0.06982961353849973
43.81,0.0210943535724747,0.1129092639708607,0.07067432841871724
43.82,0.0210413175313312,0.0871839109359208,0.07156229281685816
43.83,0.0209877822560239,0.0944959492561849,0.07137629187136584
43.84,0.020933749896676,0.0839684166044164,0.07263999357751579
43.85,0.0208792226202708,0.07777586937852,0.0726698216226209
43.86,0.0208242026105809,0.1154116885904947,0.07520222157212808
43.87,0.0207686920680405,0.094226145629574,0.07206062068489531
43.88,0.020712693209697,0.0700946949520238,0.07276798249430398
43.89,0.0206562082691375,0.0421447949895729,0.07541143710912447
43.9,0.0205992394964271,0.1028427690260938,0.07818654823341657
43.91,0.0205417891579878,0.046454683142661,0.07886318100089713
43.92,0.0204838595365505,0.0745363172043891,0.07863258189222419
43.93,0.0204254529310887,0.0524971785299555,0.08007012004844831
43.94,0.0203665716566922,0.0898380289410214,0.0778621322507617
43.95,0.0203072180445046,0.0797092611019379,0.07566947093975769
43.96,0.0202473944416803,0.0845357182834407,0.07900728472501013
43.97,0.020187103211279,0.0283256942690609,0.07680134397553498
43.98,0.0201263467321244,0.085275899026873,0.07576581256007293
43.99,0.0200651273988106,0.1075271329652179,0.07437158499964432
44.0,0.0200034476216012,0.0852406315280982,0.07446495069103107
44.01,0.0199413098263032,0.0411327526925221,0.06966408671314725
44.02,0.0198787164541872,0.1080666826887289,0.07380904093221614
44.03,0.0198156699619422,0.1173722122166272,0.07296149057297392
44.04,0.0197521728215951,0.0481282055047663,0.07303745032317813
44.05,0.0196882275203508,0.0379225290733321,0.07210928898020022
44.06,0.0196238365605783,0.1478699588688213,0.07313106224506269
44.07,0.0195590024597014,0.0690869328515166,0.07402454872413793
44.08,0.0194937277501069,0.0724799859048711,0.07490573135830425
44.09,0.0194280149790462,0.0408159161830227,0.07409958433038576
44.1,0.0193618667085698,0.0441054745086949,0.07195653785910959
44.11,0.0192952855154318,0.0020246254905337,0.06897573594551432
44.12,0.0192282739909885,0.1334987217431074,0.06872694520130407
44.13,0.0191608347411151,0.0567377596603023,0.0680158899452598
44.14,0.0190929703861156,0.054092333284244,0.06600189529599804
44.15,0.0190246835606519,0.0703466407384855,0.0692720324810242
44.16,0.0189559769135885,0.1011664996640497,0.07279511708710236
44.17,0.018886853107973,0.1032989343440208,0.07152177053185824
44.18,0.0188173148209305,0.0468305295865536,0.06926666081880795
44.19,0.0187473647435321,0.0683468114405845,0.0696791822461596
44.2,0.018677005580707,0.0625231570684185,0.07072812037179033
44.21,0.0186062400511902,0.0226437913425974,0.07115542097693037
44.22,0.0185350708874196,0.0359081470641072,0.07381852116584159
44.23,0.0184635008353833,0.0931345223117992,0.07237482742176134
44.24,0.0183915326545769,0.0750783245821299,0.07562135670222181
44.25,0.0183191691179154,0.1168010863903157,0.07693443573170694
44.26,0.0182464130116175,0.1119073058009736,0.0756345773917203
44.27,0.0181732671350756,0.1211296812086947,0.07317009839073668
44.28,0.0180997343008179,0.0217296288774604,0.07178249164473234
44.29,0.0180258173343855,0.0811429358792558,0.07420118241979859
44.3,0.0179515190742093,0.0628436168212681,0.0744858329580633
44.31,0.0178768423715641,0.0530787872166358,0.07341485725089363
44.32,0.0178017900904298,0.0579497294576692,0.070560552044699
44.33,0.0177263651074024,0.1031811531174222,0.06974098485171765
44.34,0.0176505703115781,0.1249148745499721,0.06827724362250394
44.35,0.0175744086044787,0.0816669929034321,0.06844520616182731
44.36,0.0174978828999639,0.043049615598766,0.06799633332923473
44.37,0.0174209961240914,0.0494124406433936,0.06625625847686012
44.38,0.0173437512150029,0.0741591926779294,0.06392510016145961
44.39,0.0172661511228772,0.0976230358629448,0.06888767668202869
44.4,0.0171881988098213,0.0743244727441434,0.06618773912554393
44.41,0.0171098972497035,0.0400326672178554,0.06685077562735253
44.42,0.0170312494281094,-0.0372966179874898,0.06686051427121607
44.43,0.0169522583422329,0.0186972360114988,0.06746714176284554
44.44,0.0168729270007605,0.0623959564983114,0.0676151316815651
44.45,0.0167932584237473,0.0786055379079207,0.06579670847331948
44.46,0.016713255642542,0.1073747569058716,0.06534010710489459
44.47,0.0166329216996899,0.0753657339011071,0.06887167209368006
44.48,0.0165522596487763,0.0721753565852836,0.06852883065703519
44.49,0.0164712725543747,0.1259437358094113,0.06538787667875152
44.5,0.0163899634919251,0.0244442471930756,0.06428165008911602
44.51,0.0163083355476018,0.076767383359249,0.06251776200562666
44.52,0.0162263918182303,0.0532832987377699,0.06214365553563263
44.53,0.0161441354111765,0.070688906781888,0.06518872019249587
44.54,0.0160615694442534,0.1062889414105331,0.06698654811497785
44.55,0.0159786970455641,0.0867279871768142,0.06748055213170442
44.56,0.0158955213534345,0.0720783641665094,0.06448580037291965
44.57,0.0158120455163238,0.1172124803632606,0.0621504390516742
44.58,0.0157282726926638,0.0422127704738516,0.06158607244462634
44.59,0.0156442060507577,0.0081991591339724,0.05972747889791377
44.6,0.0155598487687008,0.0743922774805991,0.057408499811921955
44.61,0.0154752040342612,0.0372828229908669,0.05932540635639768
44.62,0.0153902750447548,0.0321764313479807,0.05699560407775931
44.63,0.0153050650069305,0.0266497398066382,0.059897945831620183
44.64,0.0152195771368685,0.0564516223836206,0.05830471178973232
44.65,0.0151338146598956,0.0727700408495694,0.05502048127738888
44.66,0.0150477808104176,0.0157157509734406,0.05537047308272175
44.67,0.0149614788318416,0.058332169159717,0.0531154485597726
44.68,0.0148749119764785,0.0635140351531019,0.051580500516465004
44.69,0.0147880835053904,0.0331448921043196,0.051756603218838106
44.7,0.0147009966882882,0.0772451750035832,0.054510871634861575
44.71,0.0146136548034428,0.0646992846270659,0.052388350505427526
44.72,0.0145260611375666,0.0278415355078433,0.053124379926363
44.73,0.0144382189856503,0.1142324755688481,0.056121949630351185
44.74,0.0143501316509045,0.0372309919022431,0.05737313415965768
44.75,0.0142618024446455,0.0373201006513208,0.05648485804981504
44.76,0.0141732346861433,0.0940778150888043,0.056865347874000785
44.77,0.014084431702506,0.0247228491845773,0.06006856507844064
44.78,0.0139953968286019,0.0849785714538012,0.06038280208857979
44.79,0.0139061334069448,0.0459109272236866,0.06019486662901209
44.8,0.0138166447875107,0.0660387958704653,0.059588153994554575
44.81,0.0137269343276957,0.029819333762484,0.05842957793358612
44.82,0.0136370053921794,0.0527394408305118,0.058946200289005345
44.83,0.0135468613527853,0.0951253951317326,0.060615321771794725
44.84,0.0134565055883717,0.0529246149220749,0.05812670006700877
44.85,0.0133659414847345,0.037797824076925,0.06312654009198916
44.86,0.0132751724344834,0.0807603271574702,0.06584854614429389
44.87,0.0131842018369035,0.0829833122666774,0.06489424111854414
44.88,0.0130930330978509,0.0649311463726391,0.06440850743396608
44.89,0.013001669629635,0.0595673905021803,0.06359672424270617
44.9,0.0129101148509211,0.0204039267807117,0.06568358814684794
44.91,0.0128183721865571,0.0529150777232457,0.06564017380140297
44.92,0.0127264450674971,0.0755483540908697,0.06649971041584238
44.93,0.0126343369306947,0.06289308664642,0.06416401364271809
44.94,0.0125420512189486,0.0619714197683432,0.06076350651591154
44.95,0.0124495913807781,0.1422276324268313,0.06188873408625641
44.96,0.0123569608703383,0.0944822277497199,0.06083484017592937
44.97,0.0122641631472991,0.0740374095480598,0.05968814265116696
44.98,0.0121712016766764,0.0145224418084378,0.05699670131598002
44.99,0.012078079928765,0.067931124437343,0.058696146236912924
45.0,0.0119848013790016,0.0897350692106641,0.058918796330969754
45.01,0.011891369507827,0.0651270946161209,0.059847574552449316
45.02,0.0117977878005826,0.0478696026657114,0.06344810332195719
45.03,0.0117040597473902,0.003689808594902,0.063558564607944
45.04,0.0116101888430322,0.0237147454687949,0.06300346777003585
45.05,0.0115161785868053,0.0765543938993173,0.06416729926128371
45.06,0.0114220324824276,0.0156660519600571,0.05808278425946799
45.07,0.011327754037918,0.0566796791374594,0.05512123695540852
45.08,0.0112333467654601,0.0264630442277516,0.053235831750428154
45.09,0.0111388141812621,0.1006194897122303,0.0576091366340467
45.1,0.0110441598054747,0.0642430424773737,0.059536857114911884
45.11,0.0109493871620638,0.0399082694317825,0.05595570041174868
45.12,0.0108544997786549,0.1285261818829109,0.057834038884791675
45.13,0.010759501186433,0.0778680410965927,0.059028107983659324
45.14,0.0106643949200208,0.0512360530503489,0.06176156009345188
45.15,0.010569184517363,0.0864118810845484,0.06228367312313233
45.16,0.0104738735195786,0.0144528173887011,0.05709421969683113
45.17,0.0103784654708588,0.032289734364471,0.062493875904017164
45.18,0.0102829639183468,0.0344439002434722,0.06144034094850488
45.19,0.0101873724119974,0.1063618443644272,0.06538987678036923
45.2,0.0100916945044576,0.1084132545355119,0.06267788852110484
45.21,0.0099959337509558,0.0145307784442369,0.06360951400703725
45.22,0.0099000937091808,0.1045722025500237,0.06398448005706642
45.23,0.0098041779391239,0.072945053741932,0.06238194078168096
45.24,0.0097081900029952,0.0610923029005458,0.06296640466274395
45.25,0.0096121334650908,0.0346791190920843,0.06452090147896715
45.26,0.0095160118916512,-0.032424128053008,0.0644263488198
45.27,0.0094198288507485,0.1290588323109639,0.06754137500230427
45.28,0.0093235879121675,0.0345554450717015,0.0715534510656272
45.29,0.0092272926472888,0.1094032966969028,0.06956742588961139
45.3,0.0091309466289282,0.0436677362676783,0.0654513080158835
45.31,0.0090345534312544,0.0838071776819544,0.06246872972964399
45.32,0.0089381166296545,0.0477825564823948,0.0646097603661403
45.33,0.0088416398005941,0.0948728570998162,0.06285409135527985
45.34,0.0087451265215005,0.0901417825989153,0.06355696095396077
45.35,0.0086485803706445,0.0838804861910366,0.06131519184230238
45.36,0.008552004927019,0.0844262752420384,0.06411842276345212
45.37,0.008455403770205,0.0798683672212904,0.06835082948045315
45.38,0.0083587804802456,0.1165433316942526,0.06678328616494815
45.39,0.0082621386375283,-0.0072626284528598,0.07140685143399499
45.4,0.0081654818226722,0.0199233690161415,0.07192183763902225
45.41,0.0080688136163742,0.0457791105244823,0.0720469127841154
45.42,0.0079721375993088,0.0594924218106591,0.0703428294219721
45.43,0.0078754573520037,0.0677031533219544,0.07181791840790704
45.44,0.0077787764546977,0.0877053153142313,0.06933188034776996
45.45,0.00768209848723,0.0140151515557197,0.06675191241756336
45.46,0.0075854270289152,0.0935469684362285,0.06655114937779702
45.47,0.0074887656584227,0.0564564130040139,0.06689640414882178
45.48,0.0073921179536376,0.0961404226853589,0.06898133276272689
45.49,0.0072954874915417,0.1316503157216851,0.06593082355468562
45.5,0.0071988778481094,0.1202180070024754,0.07077849973980344
45.51,0.0071022925981656,0.0462943143146344,0.07157659665899774
45.52,0.0070057353152436,0.0480214270769453,0.074480223736665
45.53,0.0069092095715012,0.0787594251870283,0.07504088377311413
45.54,0.0068127189375793,0.0426660578369377,0.07479066682843441
45.55,0.0067162669824552,0.0359624560645764,0.07411807782133953
45.56,0.0066198572733558,0.0796644623559437,0.07547410646473805
45.57,0.0065234933756166,0.0916766254335584,0.07434259595541423
45.58,0.0064271788525513,0.1236518681132976,0.0721760577463902
45.59,0.0063309172653347,0.0524826383253859,0.06857110554318353
45.6,0.0062347121728881,0.0945385714346145,0.06456420711857769
45.61,0.0061385671317415,0.0366834043192216,0.06607276830012976
45.62,0.0060424856959187,0.1067552791554949,0.06637232768902966
45.63,0.0059464714168067,0.0712662825760911,0.06482258450988415
45.64,0.005850527843039,0.0624485974836799,0.06112657206979309
45.65,0.0057546585203835,0.0735809461652388,0.06453121143728427
45.66,0.0056588669915813,0.0424917530670888,0.06456059512642708
45.67,0.0055631567962649,0.0697852477404284,0.06252520848281698
45.68,0.0054675314708235,0.0109591106145089,0.056958967885409564
45.69,0.0053719945482672,0.020436426418019,0.054346522561373053
45.7,0.0052765495581169,0.0475054488049626,0.05517207477183507
45.71,0.0051812000262732,0.1518977918150689,0.0550142791381654
45.72,0.0050859494749117,0.0525850614815321,0.054921522907046647
45.73,0.0049908014223332,0.0154768203148898,0.053099744555449704
45.74,0.0048957593828613,0.001143163945116,0.053685955347364187
45.75,0.0048008268667312,0.1141634845542522,0.053055646598556994
45.76,0.0047060073799329,0.0365795135365754,0.05086942582466195
45.77,0.0046113044241097,0.0369213428401319,0.05214822009798334
45.78,0.0045167214964489,-0.0252144271119974,0.05071245274208872
45.79,0.0044222620895456,0.0687905163085309,0.05286356784816811
45.8,0.0043279296912709,0.0698192347450882,0.05164339998848927
45.81,0.0042337277846749,0.0912248631275514,0.05116575662087993
45.82,0.0041396598478543,0.0347355234657278,0.04749774895746871
45.83,0.0040457293538256,0.0684979337719592,0.047346325338402225
45.84,0.003951939770419,0.083576709206295,0.049422010263888365
45.85,0.0038582945601439,0.0492121137587289,0.05376999435988866
45.86,0.0037647971800752,0.0276703099134431,0.050054916671711976
45.87,0.0036714510817367,0.0693464328068378,0.051033621477162644
45.88,0.0035782597109734,0.0396341332666413,0.04999905152138143
45.89,0.0034852265078405,0.0561325278421764,0.05308368586314409
45.9,0.0033923549064771,-0.0051870986352367,0.05262810855498442
45.91,0.0032996483349881,0.0374749380851662,0.051619428021181364
45.92,0.003207110215328,0.0748696308834334,0.04821261791515676
45.93,0.0031147439631826,0.0494051654811359,0.04980769862029186
45.94,0.0030225529878538,0.0590662037500987,0.04782839762254967
45.95,0.0029305406921212,0.0924508299611223,0.04720061043346224
45.96,0.0028387104721486,0.0361468531025417,0.04690799866489213
45.97,0.0027470657173636,0.0571323144510395,0.048258026594810745
45.98,0.0026556098103203,0.0151953737687264,0.045280578912267055
45.99,0.0025643461266003,0.0395628940650185,0.04026071116247961
46.0,0.0024732780346925,0.0592233928371777,0.036927324525288095
46.01,0.0023824088958693,0.0486369435352242,0.04061430150659902
46.02,0.0022917420640741,0.0196818509010348,0.04303571987380586
46.03,0.0022012808858107,0.0682322182735648,0.04102728539914352
46.04,0.0021110287000164,0.0269326128193731,0.04177616207527415
46.05,0.0020209888379502,0.0703931782354591,0.04095680541429597
46.06,0.0019311646230854,0.0430672666187565,0.04258919341503374
46.07,0.0018415593709839,0.0560208964417339,0.0425579081358403
46.08,0.0017521763891817,0.0068200314734206,0.04256122154744084
46.09,0.0016630189770744,-0.0657830894788951,0.042841170666788095
46.1,0.0015740904258154,-0.0138685915388456,0.043402318925792285
46.11,0.0014853940181872,0.0722394179722927,0.043208733324572965
46.12,0.0013969330284871,0.0883247237965099,0.042914140531872064
46.13,0.0013087107224238,0.0326925069155244,0.04529225424416977
46.14,0.0012207303569905,0.0651315756798789,0.044297452631739995
46.15,0.0011329951803737,0.041859713869557,0.0456077008373512
46.16,0.0010455084318197,0.1267309779766156,0.04802447160670719
46.17,0.0009582733415225,0.0354898622394795,0.04647566640747962
46.18,0.000871293130529,0.0572018960946508,0.04605925280191477
46.19,0.0007845710106105,0.0210743052750187,0.046980018619297376
46.2,0.0006981101841593,0.0513470075041064,0.049231960452543355
46.21,0.0006119138440799,0.0551580952115721,0.05075482118037843
46.22,0.000525985173666,0.0424504948885053,0.05204943885962205
46.23,0.0004403273465014,0.0696222388592866,0.04932903324623406
46.24,0.0003549435263511,0.0473413844125396,0.04815904795499787
46.25,0.0002698368670409,0.0544478251372084,0.04672385509453777
46.26,0.000185010512356,0.1211453643919348,0.048215295097826835
46.27,0.0001004675959273,0.0105423574349775,0.04338406117963104
46.28,1.6211241134211907e-05,0.0472762107248722,0.043824391356504525
46.29,-6.775543901910153e-05,0.0261561136384551,0.0422007517328158
46.3,-0.0001514293420101,-0.0184923109807296,0.04280961742075779
46.31,-0.0002348073758928,0.0181114837456911,0.044743151152143223
46.32,-0.000317886459418,0.0994263892364089,0.04183631226961139
46.33,-0.0004006635221251,0.0311962059153621,0.04098259540694772
46.34,-0.0004831355044712,0.0081228157995643,0.036013389130015075
46.35,-0.0005652993579241,0.0349925256102167,0.03785160601777767
46.36,-0.0006471520450621,0.0731799539386273,0.0362276850222004
46.37,-0.0007286905396849,0.0252750656945042,0.035711775539449694
46.38,-0.0008099118269239,0.0447367959538225,0.036586430385159664
46.39,-0.0008908129033494,0.0231054639971876,0.036272701778378345
46.4,-0.0009713907770575,0.0338604847218005,0.03834097516217517
46.41,-0.001051642467785,0.0919512158632005,0.039725347130385454
46.42,-0.0011315650070189,-0.0058855213215965,0.04168171974518112
46.43,-0.0012111554380897,0.0245224407725684,0.039073822856377484
46.44,-0.0012904108162778,-0.034731092956299,0.03756764187578268
46.45,-0.0013693282089194,0.085943939055554,0.039782293977754436
46.46,-0.0014479046954896,0.0203454842300858,0.040978868881566086
46.47,-0.0015261373677286,0.1103112652541701,0.0411527447491145
46.48,-0.001604023329739,0.0289101091948867,0.04412229024586399
46.49,-0.0016815596980718,0.0406879099824645,0.04710607119846635
46.5,-0.0017587436018262,0.0695898546981885,0.049103454269500524
46.51,-0.0018355721827692,0.0105795003516863,0.051919584750979894
46.52,-0.0019120425954213,0.0591953086564001,0.049000077517204796
46.53,-0.0019881520071513,0.0446605545715326,0.055596393216456985
46.54,-0.0020638975982881,-0.0004335946771288,0.05688150613590238
46.55,-0.0021392765621977,0.0546305099409712,0.05830047827907686
46.56,-0.0022142861054036,0.0601205985902613,0.05914605811809687
46.57,-0.0022889234476727,0.076831347157144,0.057290972511831274
46.58,-0.0023631858221143,0.0876355211262435,0.051754447897493824
46.59,-0.0024370704752668,0.107396195958472,0.05211797701597908
46.6,-0.0025105746671999,0.0650505084889054,0.05349931000431913
46.61,-0.0025836956716235,0.0929992248328673,0.049684144470317645
46.62,-0.0026564307759671,0.0306415639539235,0.05261683622393934
46.63,-0.0027287772814632,0.1326371083626994,0.05457191940318632
46.64,-0.0028007325032566,0.0515098120809215,0.05474291267421036
46.65,-0.0028722937705116,-0.0049326779496348,0.056272768479560364
46.66,-0.002943458426477,0.103701115674974,0.05779612150545321
46.67,-0.0030142238285887,-0.0186113135014914,0.05933406517610621
46.68,-0.003084587348559,-0.0059557516469164,0.05952798723016219
46.69,-0.0031545463724774,0.0365442206830772,0.05675162365770134
46.7,-0.0032240983008982,0.0696959027376055,0.05420091215245826
46.71,-0.0032932405489169,-0.0105286215158428,0.051941881346212915
46.72,-0.0033619705462839,0.0721660271777417,0.04993382585928494
46.73,-0.0034302857374657,0.100252055420587,0.05134951847826955
46.74,-0.0034981835817501,0.0482514132630373,0.049219705792092165
46.75,-0.0035656615533508,0.0316933772352212,0.04938587020297607
46.76,-0.0036327171414662,0.0866209234847212,0.052784550071842275
46.77,-0.0036993478503596,0.0924174156739743,0.053982810478938645
46.78,-0.0037655511994819,0.0809037102923195,0.055372061125365336
46.79,-0.0038313247235466,0.0293318861045654,0.05866094499921602
46.8,-0.0038966659725928,0.0538312543483676,0.055580258611769136
46.81,-0.0039615725120858,0.017610861557753,0.05219437006913188
46.82,-0.0040260419230053,0.05083005960738,0.054655486425756426
46.83,-0.0040900718019348,0.0603711089526002,0.05344747254082379
46.84,-0.0041536597611191,0.0879110419529742,0.054309267318043135
46.85,-0.004216803428575,0.0549992647094837,0.05637467848094023
46.86,-0.0042795004481538,0.0664395992965554,0.05757657804506546
46.87,-0.0043417484796332,0.1288645842239978,0.057317413437811264
46.88,-0.0044035451988097,0.0105629500734691,0.053778591067447215
46.89,-0.0044648882975562,0.0631108097039479,0.05050275222036271
46.9,-0.0045257754839045,-0.0281501934533074,0.054612950612444824
46.91,-0.0045862044821404,-0.0014077566577768,0.056001973013443195
46.92,-0.004646173032885,0.0411548219732728,0.054732776861868275
46.93,-0.004705678893152,0.0467977355941565,0.05598905309630881
46.94,-0.004764719836442,0.1183497457421928,0.05411178300626228
46.95,-0.0048232936528017,0.0916250476838766,0.053116914752192886
46.96,-0.0048813981489245,0.056933268081851,0.052598648729776085
46.97,-0.004939031148228,0.081178466732383,0.05374897622198488
46.98,-0.0049961904908982,0.0181021458963292,0.04820569820810577
46.99,-0.0050528740339825,0.0121110945035451,0.048896666271955755
47.0,-0.005109079651476,0.1156460523382894,0.048507986522402104
47.01,-0.0051648052343866,0.0830007247693336,0.05249921920198541
47.02,-0.0052200486908002,-0.0090422576253202,0.05302938072608411
47.03,-0.0052748079459513,0.0772118605306313,0.052014871387267375
47.04,-0.0053290809423151,0.0209484370616231,0.051474694790594896
47.05,-0.0053828656396665,0.0670188086175167,0.04684026853193214
47.06,-0.0054361600151445,0.0441156782387308,0.043830544775840634
47.07,-0.0054889620633422,0.0905964766329403,0.04590955440864104
47.08,-0.0055412697963427,0.0124557459325363,0.043478258075540115
47.09,-0.0055930812438181,0.025073279414319,0.04596249259443205
47.1,-0.0056443944531026,0.0549485349633211,0.048374026696937814
47.11,-0.0056952074892285,0.055665692817942,0.045893855702969055
47.12,-0.0057455184350282,0.0097256353482961,0.043865683933322436
47.13,-0.0057953253911599,0.0198501258581211,0.046788234503706144
47.14,-0.005844626476209,0.0354540270640345,0.04414956560460772
47.15,-0.0058934198267676,0.021026794310275,0.04521157932605681
47.16,-0.0059417035974299,0.0284208488059549,0.044524265196996315
47.17,-0.0059894759609213,0.1005924703706596,0.044443989654026496
47.18,-0.0060367351081558,0.0301212437372635,0.04054248932492569
47.19,-0.0060834792482616,0.07027107079306,0.03967445500360199
47.2,-0.0061297066086721,0.0627533106561661,0.0419958740254061
47.21,-0.0061754154351764,0.0635624614649454,0.042858867829986984
47.22,-0.0062206039919937,0.0404091176067546,0.043811539605552875
47.23,-0.0062652705618213,0.0523313043527377,0.0448188810721471
47.24,-0.0063094134458943,0.0217998136495643,0.04400099562293938
47.25,-0.0063530309640597,0.043250725212054,0.045280574671642614
47.26,-0.0063961214548033,0.0525852119072464,0.04701738717056231
47.27,-0.0064386832753338,0.0424298918363645,0.04839507174051957
47.28,-0.006480714801646,0.0086649697218235,0.0453581760644041
47.29,-0.0065222144285614,-0.0057729748152614,0.04400033693776427
47.3,-0.0065631805697657,0.0738230788722053,0.04024661441021739
47.31,-0.0066036116579001,0.0730714048595195,0.03851648764290904
47.32,-0.0066435061446129,0.0756718001048257,0.036911255289207565
47.33,-0.0066828625005926,0.0308798061467747,0.03567151390956893
47.34,-0.0067216792156113,0.0026745314247592,0.035503434127682434
47.35,-0.0067599547986074,0.0623251870868024,0.035426828790247764
47.36,-0.00679768777775,0.0574998567875885,0.03487584940112002
47.37,-0.0068348767004358,0.0573522247750574,0.03280469746801346
47.38,-0.0068715201333779,0.0368176611722347,0.033993109690967076
47.39,-0.0069076166626408,0.0016066220778271,0.03618909706703615
47.4,-0.0069431648937079,-0.0085571022854245,0.03900980315135624
47.41,-0.0069781634515195,0.0264206485426908,0.03657455662448997
47.42,-0.0070126109805099,0.0298525820372144,0.03703237427515513
47.43,-0.0070465061446603,0.0143745486343433,0.03730465048240362
47.44,-0.0070798476275571,0.0488016289331212,0.03616997169973367
47.45,-0.0071126341324348,0.0201911015634363,0.03704967668262314
47.46,-0.0071448643821997,0.0316801580403714,0.03786101596108868
47.47,-0.0071765371195089,0.0090910213120087,0.039280977942795205
47.48,-0.0072076511067747,0.0673865485183903,0.03748182251253983
47.49,-0.0072382051262365,0.0547807046192741,0.03621866980990585
47.5,-0.0072681979800079,0.0534618529554606,0.04164992583856861
47.51,-0.007297628490098,0.0226829018080135,0.04159715572872327
47.52,-0.0073264954984414,0.0826855755234879,0.04025839328643346
47.53,-0.0073547978669721,0.0813896004570439,0.04301823727721892
47.54,-0.0073825344776665,0.007051551710706,0.04143514233300192
47.55,-0.007409704232536,0.0211483360654379,0.04288466933818128
47.56,-0.007436306053693,0.0793633119345788,0.044018931731974104
47.57,-0.0074623388834016,0.0873190584034254,0.04644742260136183
47.58,-0.0074878016841029,0.0195699607396946,0.0510372659632248
47.59,-0.0075126934384397,0.0102914544169212,0.04944428201670892
47.6,-0.0075370131493099,0.1156629986797451,0.051527847564934545
47.61,-0.0075607598398794,-0.0096652745921766,0.050228936578464486
47.62,-0.0075839325536369,-0.0016933627453954,0.051311821465714745
47.63,-0.00760653035443,0.0878093058437092,0.05054024423181042
47.64,-0.0076285523264815,-0.0188704451942138,0.04834096464403553
47.65,-0.0076499975744145,0.0792416960418878,0.04948406558159464
47.66,-0.0076708652233054,0.0440106118330856,0.05239621837823411
47.67,-0.007691154418718,0.0826784662975137,0.05090717750893726
47.68,-0.0077108643267057,0.105477731911131,0.04900855457629527
47.69,-0.0077299941338662,0.0339338856415568,0.05222212132033101
47.7,-0.0077485430473409,0.0985355811320124,0.0549904622689194
47.71,-0.0077665102948723,0.0261847222395893,0.04906576516263573
47.72,-0.0077838951248354,0.0454234844402689,0.05119791598380816
47.73,-0.0078006968062274,0.0664824536114972,0.05238048938960268
47.74,-0.0078169146287096,0.0352047291137712,0.04855394269921699
47.75,-0.0078325479026544,0.0310566713994472,0.047940909982463295
47.76,-0.0078475959591525,0.0823035447948668,0.04579347085994333
47.77,-0.0078620581500182,0.0480934536793448,0.04689023842164471
47.78,-0.0078759338478312,0.0474479768179438,0.0474478304240668
47.79,-0.0078892224459684,0.0870548623644451,0.04412543410382214
47.8,-0.0079019233586094,0.0684266143372773,0.04282541246577831
47.81,-0.0079140360207549,-0.0087556405522119,0.04077477350371832
47.82,-0.0079255598882638,0.0351098926524445,0.04160603096339759
47.83,-0.0079364944378435,0.0231406787762894,0.03946576276890411
47.84,-0.0079468391670889,0.0074518253456097,0.03541698105298315
47.85,-0.0079565935945102,-0.0317441322460414,0.03510003183977515
47.86,-0.0079657572595384,0.0341454744689685,0.03357908372950906
47.870000000000005,-0.0079743297225071,0.0670427306288148,0.034868018911416034
47.88,-0.0079823105647205,0.0943878983483774,0.03450174407884574
47.89,-0.0079896993884651,0.0357074091859933,0.03466301185914348
47.9,-0.0079964958169836,0.0066334312426363,0.031187854973956014
47.91,-0.0080026994945026,0.0554721629287525,0.030352734491795413
47.92,-0.0080083100862674,0.0436411288928541,0.03284224785730202
47.93,-0.0080133272785484,0.0004778523559057,0.03573313800143857
47.94,-0.0080177507786258,-0.018541962422843,0.037320152254574905
47.95,-0.0080215803148278,0.0285487956364033,0.04072250763907629
47.96,-0.008024815636512,-0.0008832389161408,0.04563422931686262
47.97,-0.0080274565141091,0.1093711836149133,0.04460825316582743
47.98,-0.0080295027391152,0.0404016821953687,0.04301435988764023
47.99,-0.0080309541240844,0.0508346002041962,0.04038150210272865
48.0,-0.0080318105026691,0.0140765677755084,0.04004652864598278
48.01,-0.00803207172958,0.0508890842119047,0.043549382605502694
48.02,-0.0080317376806235,0.0435241401234267,0.042775530418789745
48.03,-0.0080308082527152,0.0958185856793122,0.04590911666039064
48.04,-0.0080292833638681,0.0564679780921524,0.048832845982620485
48.05,-0.0080271629531669,0.0789012884201388,0.05021738629741453
48.06,-0.0080244469808157,0.0714020229874715,0.051253059774984455
48.07,-0.0080211354281434,0.0125999752972294,0.0502438767956829
48.08,-0.0080172282975632,0.0335709717868837,0.047717670079385766
48.09,-0.0080127256125786,0.0390978848652342,0.047408676220541505
48.1,-0.0080076274178178,0.0286729665943301,0.04578161322405951
48.11,-0.008001933779024,0.0801933643925545,0.045390267405230465
48.120000000000005,-0.0079956447830153,0.0392212670077805,0.04504838054034398
48.13,-0.0079887605377249,0.1094464399664728,0.04355571488396913
48.14,-0.0079812811721619,0.0618761681227325,0.03907459804955852
48.15,-0.0079732068364438,0.010533384187832,0.03808170326600352
48.16,-0.0079645377017753,0.0502979386653718,0.039279919945006424
48.17,-0.0079552739604291,-0.0220760814814736,0.038971596733367884
48.18,-0.007945415825751,0.0563208425726736,0.03905519929302582
48.19,-0.0079349635321579,0.0339128111596392,0.04102772614006948
48.2,-0.007923917335123,0.0166662772780744,0.038668427170210386
48.21,-0.0079122775111697,0.0058583055800984,0.03829725723542472
48.22,-0.0079000443578725,0.0437094600492884,0.033813805322101556
48.23,-0.0078872181938013,0.012178161339555,0.03351887223777739
48.24,-0.0078737993585709,0.0017151321566894,0.03340947722372188
48.25,-0.0078597882128161,0.0356171876374973,0.03191194860151218
48.26,-0.0078451851381444,0.1040638386791998,0.033239034306806824
48.27,-0.0078299905371378,0.0649272355430621,0.034034954485216116
48.28,-0.0078142048333618,0.0143556290500461,0.03654003627085951
48.29,-0.0077978284713467,0.0749940355748005,0.03637138215280605
48.3,-0.0077808619165425,-0.0104473935018068,0.03584625200532227
48.31,-0.0077633056553144,0.0208783979638313,0.035403391510890704
48.32,-0.0077451601949538,-0.0139591257872321,0.03782503850647748
48.33,-0.0077264260636408,0.0330276722369731,0.03854730294151439
48.34,-0.0077071038104031,0.1071491446713072,0.039863040440280356
48.35,-0.0076871940051417,0.0304280670563287,0.042029811158139904
48.36,-0.0076666972385786,0.0384021839990195,0.04190928228639253
48.370000000000005,-0.0076456141222452,0.0670122624119669,0.03852504863580684
48.38,-0.0076239452884749,0.0305306360170378,0.03467499407582751
48.39,-0.0076016913903645,0.0527791060935509,0.03517997827939219
48.4,-0.0075788531017625,0.0228850780624798,0.03346955149964355
48.41,-0.0075554311172149,0.0073662068950116,0.03534518255704949
48.42,-0.0075314261519937,0.0567128924874206,0.03811734743425544
48.43,-0.0075068389420465,0.0588770131850635,0.04043123615183929
48.44,-0.0074816702439597,0.0398086488136402,0.042398149170453356
48.45,-0.0074559208349395,0.04721731723174,0.03722078198299678
48.46,-0.0074295915127892,0.0330860813308024,0.03707061394864634
48.47,-0.0074026830959,0.0329949320169003,0.037631754344763325
48.48,-0.0073751964231913,-0.0159239102165038,0.03641350384549997
48.49,-0.007347132354081,0.0249602973249044,0.03943092397203016
48.5,-0.0073184917684834,0.039075073200079,0.04242336050455889
48.51,-0.0072892755667797,0.0289408587037181,0.04407444049560946
48.52,-0.0072594846697401,0.0790938603851561,0.04289952522292043
48.53,-0.0072291200185509,0.0346325372820287,0.042500319616097584
48.54,-0.0071981825747427,0.0743328456278686,0.03970974663621132
48.55,-0.0071666733201622,-0.0015755662652808,0.0373610342216315
48.56,-0.0071345932569688,0.0272745383349693,0.03606469432133461
48.57,-0.0071019434075669,0.0501861323174762,0.035826175828395285
48.58,-0.0070687248145726,0.0414290019274365,0.03485402584447713
48.59,-0.0070349385407869,0.0938964586741717,0.03843354442453577
48.6,-0.0070005856691743,0.1156202732766543,0.03817884771645775
48.61,-0.0069656673028106,0.0575577578745418,0.03678494967637264
48.620000000000005,-0.0069301845648142,-0.0173070138314581,0.03768242202369535
48.63,-0.0068941385983511,0.0483295747441408,0.03633115113765236
48.64,-0.0068575305666104,0.000274980607452,0.035496432866465484
48.65,-0.0068203616527012,-0.009514311892536,0.0335012085983556
48.66,-0.0067826330596557,0.0199941793255053,0.03435022865946199
48.67,-0.0067443460103733,0.0280771929790766,0.0355703729040878
48.68,-0.0067055017475892,0.0125797823546191,0.03520073944396942
48.69,-0.0066661015338323,0.0592459799647275,0.035422145696369055
48.7,-0.0066261466513659,0.0196116664552659,0.034634279652991665
48.71,-0.0065856384021428,0.0098032143582919,0.031230121578368516
48.72,-0.0065445781077838,0.0477877779974949,0.03008671920346893
48.73,-0.0065029671095187,0.0507171717782534,0.03626269678307018
48.74,-0.0064608067681298,0.0171034535871042,0.03560750640698158
48.75,-0.0064180984639283,0.0324331359975611,0.03698981717650474
48.76,-0.0063748435966723,0.0162538550179533,0.039730835761676214
48.77,-0.0063310435855515,0.0528975674721113,0.04393192520407536
48.78,-0.0062866998691304,0.0424238296549903,0.04614675792114042
48.79,-0.0062418139052944,0.0460785332278288,0.04922584985567766
48.8,-0.0061963871711839,0.0773512717632466,0.047290730276474374
48.81,-0.0061504211631618,0.0441329537095681,0.04727693912473507
48.82,-0.0061039173967797,0.0335463080016506,0.05066031635334457
48.83,-0.0060568774066904,0.1123885153401681,0.04776828642432253
48.84,-0.0060093027465929,0.0345705768462801,0.045695425080080475
48.85,-0.005961194989211,0.0293035067674384,0.04780858352779795
48.86,-0.0059125557262368,0.0480470783960651,0.051435595504059656
48.870000000000005,-0.0058633865682389,0.1082170576158873,0.051728994470531094
48.88,-0.0058136891446403,0.0745886800374427,0.05112645199738972
48.89,-0.0057634651036392,0.0772407129799012,0.05235245941910263
48.9,-0.0057127161121758,0.0186084688014585,0.05259631608996185
48.91,-0.0056614438558699,0.0193220522687406,0.050971345313897735
48.92,-0.0056096500389388,0.0808541361590913,0.05091088914083788
48.93,-0.0055573363841723,-0.0129448505119679,0.054686062033804834
48.94,-0.0055045046328403,0.0071870835491702,0.05180337064895947
48.95,-0.0054511565446543,0.0614797809891714,0.0511158109003887
48.96,-0.0053972938977117,0.1086003874990566,0.05083717816440993
48.97,-0.0053429184884226,0.0224152333138538,0.05281370269499294
48.98,-0.0052880321314272,0.0402441755361424,0.046408490321784124
48.99,-0.0052326366595703,0.0681699855109614,0.044757236007327506
49.0,-0.0051767339238381,0.0511995233158723,0.04105869075695738
49.01,-0.0051203257932563,0.0432268854659003,0.04088332123195239
49.02,-0.0050634141548489,0.042863374075311,0.0427291537924046
49.03,-0.0050060009135793,0.1128249387539568,0.04178024600626052
49.04,-0.0049480879922847,0.0518519962584155,0.047861941316858135
49.05,-0.0048896773315904,0.0201318221262938,0.04926736165229809
49.06,-0.0048307708898617,0.0234522193118839,0.0497735840624907
49.07,-0.0047713706431182,0.0895540935383086,0.04872894115143414
49.08,-0.0047114785849872,-0.0262924022214977,0.04838787863693932
49.09,-0.0046510967266252,0.0399123394338537,0.04804062684607898
49.1,-0.0045902270966416,-0.0004287372778715,0.04332084805439497
49.11,-0.004528871741033,0.0149257087763537,0.04287530760637835
49.120000000000005,-0.0044670327231155,0.0580845360382371,0.04194326948471652
49.13,-0.0044047121234583,0.0609270726500654,0.04386312167344621
49.14,-0.0043419120398,0.1147707510105823,0.03947193967478727
49.15,-0.0042786345869849,0.0367009105934092,0.03831472137629214
49.16,-0.0042148818968718,0.0721104516032162,0.04006031854703624
49.17,-0.0041506561182874,0.0866628863668686,0.04562510926350769
49.18,-0.0040859594169467,0.0152529205094627,0.04299420346508247
49.19,-0.0040207939753636,0.0329518879280752,0.0439841755394078
49.2,-0.0039551619927719,-0.0309453691144027,0.04284181650581657
49.21,-0.0038890656850698,0.0418431739075234,0.04418214483955745
49.22,-0.0038225072847425,0.0236540849110017,0.0469280493223871
49.23,-0.0037554890407687,0.0831802700386346,0.04523872245084931
49.24,-0.0036880132185376,0.020610116782119,0.04432355920335124
49.25,-0.0036200820997978,0.0275504119900177,0.04062759317818397
49.26,-0.0035516979825706,0.0567893627119199,0.04343738333124038
49.27,-0.0034828631810493,0.1403128243577844,0.043470405323964914
49.28,-0.0034135800255449,0.0343050717713789,0.04014256817482305
49.29,-0.0033438508623792,-0.0055029886606657,0.038769825025574044
49.3,-0.0032736780538292,0.0159227997284378,0.03790903553342532
49.31,-0.0032030639780439,0.0277181577306871,0.039900709387487104
49.32,-0.0031320110289417,0.0725897029157764,0.04184006140323692
49.33,-0.0030605216161466,0.0226086717359434,0.04355542559379958
49.34,-0.0029885981648852,0.041708644452606,0.04212170460964767
49.35,-0.0029162431159246,0.0371554644820696,0.04297298927702463
49.36,-0.002843458925486,0.0957065038075937,0.04386363011103384
49.370000000000005,-0.0027702480651342,0.0728039134504315,0.043247465758431476
49.38,-0.002696613021727,0.0167783062348894,0.0414646303994197
49.39,-0.0026225562973103,-0.0135746856247664,0.03815424632290095
49.4,-0.0025480804090274,0.014875308592952,0.038216668588848215
49.41,-0.0024731878890446,0.0108797818208948,0.04205236328921532
49.42,-0.0023978812844466,0.0825695662382695,0.040606354077408945
49.43,-0.0023221631571701,0.0596767329128175,0.03859571622633459
49.44,-0.002246036083911,0.0530721293714445,0.03858154330297799
49.45,-0.0021695026560158,0.0384870947970352,0.04012596612092894
49.46,-0.0020925654794112,0.0462538695042112,0.04015957889484452
49.47,-0.002015227174501,0.0438499113072703,0.03712726813416531
49.48,-0.0019374903760902,0.102873281818537,0.03671880909283757
49.49,-0.0018593577332873,-0.0352129938355149,0.0403868347324236
49.5,-0.0017808319094106,-0.004192121075773,0.042295176726611046
49.51,-0.0017019155818892,0.096472388436147,0.04353387710995168
49.52,-0.0016226114421799,-0.0026480357172468,0.04170897349549395
49.53,-0.0015429221956853,0.0303663080432149,0.03903929739459186
49.54,-0.0014628505616398,0.0223110403454549,0.04051544806163309
49.55,-0.0013823992730144,0.0741415236295758,0.038199184337387275
49.56,-0.0013015710764355,0.0378613327342968,0.04060954524641548
49.57,-0.0012203687321007,0.0320279778333303,0.04035688720921844
49.58,-0.0011387950136512,0.064226273582549,0.04068766451736726
49.59,-0.0010568527080978,0.0938068446661959,0.03657277266328562
49.6,-0.0009745446157144,0.0265004962531701,0.03985077852731215
49.61,-0.0008918735499519,0.0408880166431053,0.04314155476067006
49.620000000000005,-0.0008088423373409,-0.0274431940827175,0.04060078355927231
49.63,-0.0007254538173809,0.0265063681193256,0.04781312936774906
49.64,-0.0006417108424416,0.0906758969206834,0.04803317230312909
49.65,-0.0005576162776854,0.0044305911622822,0.04919872349553987
49.66,-0.0004731730009574,0.0891046738866276,0.04712918824387252
49.67,-0.0003883839026705,0.0409480507230734,0.050094986738068774
49.68,-0.000303251885729,0.0507962347783953,0.05376984091662375
49.69,-0.0002177798654051,0.0164605528828227,0.053922261234814334
49.7,-0.0001319707692626,0.0336251293090421,0.050313347158465284
49.71,-4.58275370457395e-05,0.0649141798247432,0.051891452710171
49.72,4.064687943311496e-05,0.0431161932067944,0.05187707502242923
49.73,0.0001274495163877,0.148811226260765,0.05668203771007375
49.74,0.0002145773981554,0.0349872096861953,0.06082572993973268
49.75,0.0003020275373008,0.0467876153860814,0.05833561318748898
49.76,0.0003897969347257,0.0306812833445615,0.060999728536256174
49.77,0.0004778825797774,0.1001431011124181,0.061618842934802735
49.78,0.0005662814503371,0.1091999155829848,0.06139844546823269
49.79,0.0006549905129313,0.0674271002645513,0.06319681888034544
49.8,0.0007440067228428,0.0180196490628658,0.06605062819059382
49.81,0.0008333270242022,0.0596407128389903,0.06742794910485668
49.82,0.0009229483501169,0.0405860852005278,0.06443405481398948
49.83,0.0010128676227599,0.0734610223578175,0.06470683872692405
49.84,0.001103081753466,0.1135239049421631,0.05851193345428147
49.85,0.0011935876428587,0.0383834451235657,0.06055708120836326
49.86,0.0012843821809591,0.0603770134863933,0.060197462133040947
49.870000000000005,0.0013754622472772,0.1021060762561054,0.06210346386082167
49.88,0.0014668247109272,0.0363197039251026,0.06152829965036275
49.89,0.0015584664307372,0.0885620764327629,0.059120796608010784
49.9,0.0016503842553569,0.0763905483980387,0.058273499060068984
49.91,0.0017425750233696,0.0625488685085621,0.06172068647254468
49.92,0.0018350355633939,0.0020423997165321,0.060507800145385114
49.93,0.001927762694201,0.0488446553784206,0.058757383535989215
49.94,0.002020753224817,0.0187182155352705,0.05585382543364008
49.95,0.0021140039546466,0.077935312521913,0.05075936682783873
49.96,0.00220751167357,0.0392356148043127,0.053153457402368355
49.97,0.0023012731620572,0.0707073196279567,0.05272857591505626
49.98,0.0023952851912853,0.0880646526927809,0.05086523350339682
49.99,0.0024895445232403,0.0586423516935933,0.05111084428217814
50.0,0.0025840479108474,0.0496338517577736,0.04976285924751977
50.01,0.0026787920980639,0.0904105847248555,0.047626382130431306
50.02,0.0027737738199903,0.0341700999686394,0.04755578751846355
50.03,0.0028689898030009,0.003827336403214,0.05131023885909963
50.04,0.0029644367648573,0.0124863022084854,0.052946884184969366
50.05,0.003060111414796,0.006540274220335,0.05473333511814748
50.06,0.0031560104536615,0.0886593471886877,0.055846414963461065
50.07,0.0032521305740301,0.0514545022528392,0.05387060384329396
50.08,0.0033484684603013,0.0629758856112573,0.051106116729028726
50.09,0.0034450207888267,0.0414775302795102,0.04907153165714066
50.1,0.0035417842280185,0.0602543907049373,0.04801786879084807
50.11,0.0036387554384745,0.0315245289391809,0.04618982759898801
50.120000000000005,0.003735931073083,0.0610663816572392,0.04515645587658727
50.13,0.0038333077771401,0.0808858778698897,0.04843567088718587
50.14,0.0039308821884756,0.0832142072216852,0.04827429267716456
50.15,0.0040286509375569,0.0562336851320109,0.04978644875376684
50.16,0.0041266106476062,0.1013099892734982,0.05294127489308269
50.17,0.0042247579347315,-0.0022564187191964,0.05345353497032398
50.18,0.0043230894080342,0.0126530902283868,0.05236733426846565
50.19,0.0044216016697157,0.0453383661831315,0.05474340792541309
50.2,0.0045202913152145,0.0365154315014491,0.05665790846061621
50.21,0.004619154933308,0.011244986728712,0.056638861473920186
50.22,0.0047181891062467,0.0687097785544402,0.056415481419997984
50.23,0.00481739040986,0.1030336151912097,0.0569183236819916
50.24,0.0049167554136725,0.0004383939927667,0.05759073965434207
50.25,0.0050162806810333,0.0442415798171332,0.05612014992651072
50.26,0.0051159627692282,0.0727916231459679,0.05725684741933359
50.27,0.0052157982296047,0.0994168088107548,0.054881022061910666
50.28,0.005315783607683,0.0286442875138141,0.05827846330811398
50.29,0.0054159154432756,0.1128734324071537,0.061964566777331746
50.3,0.0055161902706143,0.0816820415187758,0.0633360171397758
50.31,0.005616604618476,0.0598544039843208,0.06504738283342895
50.32,0.0057171550102819,0.0268335478068145,0.06681557368905564
50.33,0.0058178379642323,0.0716260691591052,0.0684313984034301
50.34,0.0059186499934249,0.0950066132892494,0.06525902623048989
50.35,0.0060195876059779,0.052331822937227,0.0671329014516894
50.36,0.0061206473051481,0.0801043324812911,0.06654410706399425
50.370000000000005,0.0062218255894377,0.0514176567676169,0.06833723663479122
50.38,0.0063231189527515,0.0690898474510731,0.06447261358776679
50.39,0.0064245238844851,0.09006126308196,0.06702831518433572
50.4,0.0065260368696529,0.0741388237944565,0.0639451401767512
50.41,0.0066276543890242,0.0724541110681653,0.06122493620409194
50.42,0.006729372919223,0.0483769946968723,0.060386886426803156
50.43,0.0068311889328667,0.1026420975563042,0.061798960249012914
50.44,0.0069330988987037,0.0364137995594652,0.059559561325142146
50.45,0.0070350992816811,0.0397897736379564,0.05833860652989758
50.46,0.0071371865431116,0.0318768976755349,0.05859718254786679
50.47,0.0072393571408119,0.1104473441327043,0.0560378515802234
50.48,0.0073416075291654,0.018259724823242,0.05541754420349546
50.49,0.007443934159293,0.0823140210417614,0.051558564360525846
50.5,0.0075463334791622,0.0481267572478789,0.04750789455152076
50.51,0.0076488019337045,0.0245577580929313,0.046518484478035936
50.52,0.007751335964945,0.0422553586612563,0.04340563705745732
50.53,0.0078539320121279,0.0564870980732197,0.046918194613254326
50.54,0.0079565865118383,0.024598691757819,0.04397916208198856
50.55,0.0080592958981023,0.0693665625891133,0.04452635868477982
50.56,0.0081620566025494,0.0577619193145805,0.044265059690155914
50.57,0.0082648650545219,0.0263583821607798,0.04732171403843762
50.58,0.0083677176811805,0.0383912018563302,0.044911045828177606
50.59,0.0084706109076432,-0.0119487292512888,0.04450420849150215
50.6,0.00857354115711,0.0049971970928533,0.044345814803787256
50.61,0.0086765048509948,0.0533612122512751,0.045753516525262806
50.620000000000005,0.0087794984090158,0.0070843152360144,0.048114105590347
50.63,0.008882518249359,0.1221407033686094,0.04912627659611936
50.64,0.0089855607887864,0.0409224143997231,0.04885757207181095
50.65,0.0090886224427488,0.0479049282180817,0.05182129606604739
50.66,0.0091916996255214,0.0343024947508545,0.04921120969364432
50.67,0.0092947887503261,0.0960666389894508,0.04795860255260947
50.68,0.009397886229473,0.0598233117172439,0.0500875670060409
50.69,0.0095009884744479,0.0097161407530574,0.049017197695298116
50.7,0.0096040918960538,0.0789877535997486,0.0538308018052981
50.71,0.0097071929045511,0.0776884933988654,0.0546006420459757
50.72,0.0098102879097713,0.0741301284596994,0.054684837754027674
50.73,0.0099133733212186,0.0635109497824758,0.05866102187721829
50.74,0.0100164455482248,0.0508443030627432,0.053827022270744596
50.75,0.0101195010000693,0.0868368956367841,0.05813787353643437
50.76,0.0102225360860866,0.0145547487686488,0.05912873532496447
50.77,0.0103255472158059,0.0314571693528486,0.058716871997091295
50.78,0.0104285307990642,0.0710666356828402,0.0552917232117323
50.79,0.0105314832461442,0.0159134463307315,0.055522081046755115
50.8,0.0106344009678849,0.0891369570587107,0.05880925349306187
50.81,0.0107372803758068,0.0211638421470831,0.05638317170743765
50.82,0.0108401178822617,0.0551293221203665,0.05313089173625294
50.83,0.0109429099005228,0.0905841818230174,0.05391324062276269
50.84,0.0110456528449057,0.0206267116326618,0.05174371144664767
50.85,0.0111483431309372,0.1314502909792085,0.050633905205626786
50.86,0.0112509771754421,0.0687130257772137,0.04877579025851442
50.870000000000005,0.0113535513966631,0.0256533648655179,0.051329978834002636
50.88,0.0114560622144183,0.0241385144969117,0.05183456922498722
50.89,0.0115585060501896,0.0646608262527231,0.050255424019637986
50.9,0.0116608793272743,0.0787467621254994,0.05240932072855008
50.91,0.0117631784708846,0.02804003610164,0.05093944343457816
50.92,0.0118653999082826,0.0093906140039864,0.053600097685283954
50.93,0.0119675400689231,0.090559455076404,0.05436772083832314
50.94,0.0120695953845437,0.0179508370840606,0.053746684679177106
50.95,0.0121715622892995,0.0275383720013047,0.05754525825356021
50.96,0.0122734372198979,0.0478164817474242,0.053080106079286225
50.97,0.0123752166157217,0.0681927088539013,0.05206822512049564
50.98,0.012476896918924,0.042053567563525,0.05419537013222916
50.99,0.0125784745745899,0.037904586370506,0.05751991883470607
51.0,0.0126799460308427,0.0611452772178856,0.05894847359531836
51.01,0.0127813077389626,0.0582695338853005,0.0604387169807111
51.02,0.0128825561534998,0.0770375814119047,0.06338903458112069
51.03,0.0129836877324249,0.0712494083341896,0.06519836518547784
51.04,0.0130846989372476,0.0775424224809505,0.06460393965396677
51.05,0.0131855862330998,0.1003967566947072,0.06845735291226183
51.06,0.0132863460889101,0.0376820953194547,0.06923630305991903
51.07,0.0133869749774986,0.0474635256426113,0.06930292531886863
51.08,0.0134874693757031,0.0703234101119218,0.06744109881572778
51.09,0.0135878257644952,0.093954037248927,0.06897449439494928
51.1,0.0136880406291076,0.0946604762255811,0.07250573930960545
51.11,0.013788110459173,0.110041873218747,0.0762927814450108
51.120000000000005,0.0138880317488071,0.0899967057102413,0.07449685722378659
51.13,0.013987800996762,0.0473865566954863,0.07729765559625418
51.14,0.0140874147065539,0.0780765189146718,0.07899739348218718
51.15,0.0141868693865412,0.0988725155082568,0.07794781965566638
51.16,0.0142861615500727,0.0438963251021058,0.07410981648218042
51.17,0.0143852877156278,0.0492155491853657,0.07456673219924267
51.18,0.0144842444069079,0.0290943522879438,0.07347872201698481
51.19,0.0145830281529646,0.0742548747271764,0.07394207964757771
51.2,0.0146816354883144,0.1120607295782854,0.07230069728410815
51.21,0.0147800629530708,0.1406731620613981,0.07346447898003347
51.22,0.0148783070930649,0.020555125239592,0.07139385812787047
51.23,0.014976364459944,0.135854347233724,0.06921760305480282
51.24,0.0150742316113172,0.1069439039387827,0.07051385491167718
51.25,0.0151719051108598,0.055501372124014,0.07069396301376522
51.26,0.0152693815284432,0.0197986900515017,0.06927194311632595
51.27,0.01536665744023,0.0472773253777622,0.06822010111721763
51.28,0.0154637294288079,0.024615311815196,0.0669052233572408
51.29,0.0155605940833372,0.0800539203543729,0.06839709556844463
51.3,0.0156572479996008,0.0594850076160662,0.06633247574932197
51.31,0.0157536877801817,0.1190998918400128,0.06538143203327992
51.32,0.0158499100345765,0.0665588353233239,0.06295335089487943
51.33,0.0159459113792739,0.0442953491758206,0.06451978436461554
51.34,0.0160416884378913,0.074607845689848,0.05984614013794168
51.35,0.0161372378413016,0.081858789058521,0.05903606915743556
51.36,0.0162325562277687,0.069010097662032,0.056725244183785106
51.370000000000005,0.0163276402429982,0.0218076431208306,0.05673218000080823
51.38,0.0164224865403031,0.0216031162258528,0.057468415786791495
51.39,0.0165170917807433,0.0604236687232239,0.06040387982370153
51.4,0.0166114526331834,0.0308978585256008,0.06115056236692254
51.41,0.0167055657744163,0.0920888115414022,0.06016844634665982
51.42,0.0167994278893135,0.0896834581549876,0.05660561094754494
51.43,0.0168930356709368,0.0534502281040504,0.057853135058798986
51.44,0.016986385820622,0.0377078184735727,0.055805064577404355
51.45,0.0170794750481026,0.0899324133481543,0.05504571151390497
51.46,0.0171723000716245,0.0069740476773547,0.05404819976924876
51.47,0.0172648576180975,0.0199443422089872,0.05448388928365177
51.48,0.017357144423144,0.0627382768834109,0.05775371465312793
51.49,0.0174491572312557,0.0862600565903067,0.05803155705209706
51.5,0.0175408927958989,0.095734253762014,0.05708824728461272
51.51,0.0176323478796119,0.0388605711905492,0.058293477844501396
51.52,0.0177235192541425,0.0442803484586003,0.057287668458746506
51.53,0.0178144037005292,0.0927568416596589,0.054612794474810045
51.54,0.0179049980092535,0.0012858690665333,0.05480709434324733
51.55,0.0179952989802889,0.0586614313563609,0.05746671458895447
51.56,0.0180853034232736,0.0609110424207406,0.05515098403938915
51.57,0.0181750081576059,0.0781595774644951,0.05820602600541877
51.58,0.0182644100125375,0.0904739758798301,0.060261729144793934
51.59,0.0183535058272704,0.0274378066042045,0.06324866497376223
51.6,0.0184422924510957,0.0406141636060526,0.06695260014944034
51.61,0.0185307667435297,0.0562077002832631,0.0670126723075728
51.620000000000005,0.0186189255743388,0.0709668144405495,0.06790926165975508
51.63,0.0187067658237102,0.0335111044923219,0.06597961818915735
51.64,0.0187942843823632,0.0575305253412333,0.06656786926294045
51.65,0.0188814781516305,0.0935598436334228,0.0707474216252054
51.66,0.01896834404356,0.0413020718072826,0.07187172588031972
51.67,0.0190548789810493,0.0711299289639766,0.07330656798971402
51.68,0.0191410798979441,0.0631141081358657,0.07109879505259445
51.69,0.019226943739134,0.1254639292917453,0.07069547858917336
51.7,0.0193124674606526,0.1640426952795469,0.07451562856433702
51.71,0.0193976480298022,0.0969957690827956,0.07594511321861937
51.72,0.0194824824252801,0.0576889475863773,0.0776312395472096
51.73,0.0195669676372009,0.0037578355760477,0.07561268350984107
51.74,0.0196511006672742,0.1051101142091039,0.0765622851226651
51.75,0.019734878528918,0.0890564686740975,0.08242195820713223
51.76,0.0198182982473094,0.0822718207137614,0.07876405355545076
51.77,0.0199013568594849,0.0910427267180211,0.07925691967405946
51.78,0.0199840514145024,0.031796345784984,0.08091483012639265
51.79,0.0200663789735225,0.0820043301479871,0.08418270202439794
51.8,0.0201483366098501,0.1076609560826418,0.08162395125797653
51.81,0.0202299214091108,0.0706333413459817,0.0762531103069262
51.82,0.0203111304693359,0.0916163531836578,0.07842714840527483
51.83,0.0203919609010394,0.0285771376558107,0.08107481162874934
51.84,0.0204724098273129,0.0534527383616262,0.08713571235999737
51.85,0.0205524743839682,0.1805836601150433,0.08633179122168558
51.86,0.0206321517196073,0.0167438459481115,0.0835905298545315
51.870000000000005,0.0207114389956991,0.0516522602980655,0.08018699517297072
51.88,0.0207903333867331,0.1059460484629739,0.08011547360424374
51.89,0.0208688320802855,0.1317394179939766,0.08174084574200857
51.9,0.0209469322771049,0.0717301631968957,0.08360231607487194
51.91,0.0210246311912173,0.05125503530749,0.08309517726565055
51.92,0.0211019260500433,0.1426505691481167,0.08359037247158961
51.93,0.0211788140944857,0.1132898752793419,0.08431744164116177
51.94,0.0212552925790115,0.1310367509322565,0.0884038241436595
51.95,0.0213313587717284,0.0882277703045563,0.09070262061520605
51.96,0.021407009954534,0.0314899799638617,0.08586345827784977
51.97,0.0214822434231959,0.0107975924009851,0.09084753608412013
51.98,0.0215570564873909,0.0895407737747546,0.09580316163512395
51.99,0.0216314464708503,0.0659291606780455,0.0937176181015472
52.0,0.0217054107114575,0.1210952071381178,0.09233839487504937
52.01,0.0217789465613293,0.0970110410889925,0.09466533611913215
52.02,0.0218520513868614,0.0810324406707022,0.09602818028739386
52.03,0.0219247225688765,0.106884805744673,0.09352291676067452
52.04,0.0219969575027317,0.1143911702082632,0.09209168181328437
52.05,0.0220687535983282,0.1017274642641034,0.08929862226102196
52.06,0.0221401082802705,0.0789612510305618,0.08486192354661594
52.07,0.0222110189879512,0.1214094798797888,0.08605385874958761
52.08,0.022281483175586,0.1557203968691457,0.08904706941715913
52.09,0.0223514983123451,0.0621496342578622,0.08991387077831953
52.1,0.0224210618824535,0.1027757302375222,0.09170019675640743
52.11,0.0224901713852671,0.1205959293226338,0.09089252486397886
52.120000000000005,0.0225588243353017,0.0798747628409861,0.08770138041660198
52.13,0.0226270182623999,0.0900400350870109,0.08904328132143627
52.14,0.0226947507118047,0.0832339413841485,0.08628966002104278
52.15,0.0227620192442018,0.0723825003347461,0.08212906335352894
52.16,0.0228288214358066,-0.0049429026979704,0.08189296313203286
52.17,0.0228951548784897,0.0565206192262667,0.08354176972681959
52.18,0.0229610171798691,0.0736550164199872,0.07979589851155461
52.19,0.023026405963325,0.107743602359123,0.07572923923338919
52.2,0.0230913188681181,0.1034420062178913,0.0755147122472124
52.21,0.0231557535494891,0.104134097397118,0.07442033440639462
52.22,0.0232197076787371,0.029997007694078,0.07025223371303453
52.23,0.0232831789432563,0.1092123596722221,0.06910931986923176
52.24,0.0233461650466726,0.0490587584364097,0.06759336429555926
52.25,0.0234086637089042,0.0270186401904727,0.06622561453137883
52.26,0.0234706726662092,0.0967693596126857,0.0685664270725694
52.27,0.0235321896712964,0.1135861895210832,0.07147544986692941
52.28,0.0235932124934085,0.0427461843592242,0.07067100548524574
52.29,0.0236537389184082,0.0703205520276718,0.07007814703404104
52.3,0.0237137667487785,0.0576445675481497,0.06840543121924075
52.31,0.0237732938037776,0.0797937955803485,0.06556279776055038
52.32,0.0238323179195337,0.033065814762072,0.06657831838580378
52.33,0.0238908369490448,0.055873572121128,0.07001801722957908
52.34,0.0239488487622507,0.0582049680398884,0.06901504208301273
52.35,0.0240063512461918,0.0545111963363595,0.07208626809387508
52.36,0.0240633423050529,0.121539563699748,0.0749408097984286
52.370000000000005,0.0241198198601411,0.0561465759835899,0.07089601117834696
52.38,0.0241757818500887,0.0396272872109098,0.06938354642908356
52.39,0.0242312262308669,0.0612049889446884,0.07151101484633658
52.4,0.0242861509758413,0.072616570248317,0.07420440960553157
52.41,0.0243405540758634,0.0437467035853936,0.07470699605795357
52.42,0.0243944335393403,0.1254600305274388,0.07653450702362669
52.43,0.0244477873922954,0.1022306834133596,0.08134519050488881
52.44,0.0245006136784575,0.0881498815943288,0.08361695716335237
52.45,0.0245529104592939,0.1135545046645191,0.08428409243953482
52.46,0.024604675814091,0.0869640159860965,0.08477643872711978
52.47,0.0246559078400737,0.0118285885909712,0.08458175506734313
52.48,0.0247066046523553,0.081824429786552,0.08593927865194956
52.49,0.0247567643841067,0.0874230211215377,0.08480623006576035
52.5,0.0248063851866126,0.1268818419707664,0.08519152566954451
52.51,0.0248554652292759,0.0681988830490118,0.084168175453224
52.52,0.0249040026996938,0.1181715258594839,0.08536409497414951
52.53,0.0249519958037819,0.1340901678685766,0.08186580744757531
52.54,0.0249994427658106,0.1035806719488627,0.0812685115518171
52.55,0.0250463418283886,0.0722148088397198,0.07881954197712218
52.56,0.0250926912526316,0.0648504683756439,0.07795915730024948
52.57,0.0251384893181799,0.117451206844438,0.07529905835765299
52.58,0.0251837343232502,0.084654571260325,0.07630044315428501
52.59,0.0252284245846834,0.0158332669009367,0.07441617621464862
52.6,0.0252725584380414,0.0692961966241555,0.07460902419107383
52.61,0.0253161342376517,0.0511262157055865,0.07293747016491577
52.620000000000005,0.0253591503566213,0.0688610135248293,0.07287732816929193
52.63,0.025401605186956,0.0519959924693806,0.07283559857714433
52.64,0.0254434971395961,0.0896874696024368,0.06993426577268622
52.65,0.0254848246444699,0.0367215205257358,0.07096687151987047
52.66,0.0255255861504904,0.0954864264501924,0.07375761828558332
52.67,0.0255657801257025,0.0311019381915702,0.07368879357203946
52.68,0.0256054050573162,0.0328576693202439,0.07373118982996507
52.69,0.0256444594517069,0.0422548240541875,0.07473669414037601
52.7,0.0256829418344872,0.0914728286264672,0.07630956846314364
52.71,0.0257208507505879,0.0917792074214469,0.07532964927572292
52.72,0.0257581847643184,0.0669359011409113,0.07981906104720074
52.73,0.0257949424593423,0.1172952044243844,0.08280406966452625
52.74,0.0258311224387797,0.0731621789749564,0.08375159487926903
52.75,0.0258667233252768,0.1252653926397316,0.08377449868431122
52.76,0.025901743761017,0.1308204909196897,0.08772123587733589
52.77,0.025936182407743,0.063405149391223,0.08806869278893495
52.78,0.0259700379468735,0.1183415282608759,0.09195610145273392
52.79,0.0260033090795225,0.1057701617789545,0.0928710097197392
52.8,0.0260359945264826,0.048863627679057,0.09185428483237651
52.81,0.0260680930283613,0.0487178936883204,0.09179308612506819
52.82,0.0260996033456001,0.1454038629066207,0.08866013088550646
52.83,0.0261305242584691,0.131546194488665,0.08926046873417937
52.84,0.0261608545671365,0.0718940219789791,0.08701631221850911
52.85,0.0261905930917405,0.090168449508323,0.08668241159683189
52.86,0.0262197386724227,0.1196030015792538,0.08372937482177745
52.870000000000005,0.026248290169295,0.1027830215937722,0.08367485003569951
52.88,0.0262762464625809,0.1127375201313488,0.08418615183549807
52.89,0.0263036064526156,0.0520707429273548,0.08315376740538472
52.9,0.0263303690598515,0.0209036014195709,0.08123938084443212
52.91,0.0263565332249388,0.0901876557729927,0.08434197550335926
52.92,0.0263820979087225,0.0259871473906508,0.08846953802870097
52.93,0.0264070620923373,0.079542995963042,0.08735132806272737
52.94,0.026431424777204,0.0701679175953091,0.08591407341300797
52.95,0.0264551849850441,0.0661502659197346,0.0855837137959584
52.96,0.026478341757935,0.0632516203635883,0.08490187934617636
52.97,0.0265008941583932,0.129675470412053,0.0845758739141524
52.98,0.0265228412693163,0.0741424871869929,0.08320979760111726
52.99,0.0265441821940576,0.0966614552284953,0.07961488664787326
53.0,0.0265649160565123,0.0655680439989503,0.07833958521430823
53.01,0.0265850420010399,0.1140181155165267,0.08125884894791989
53.02,0.0266045591925445,0.1353967067204964,0.082186378123894
53.03,0.0266234668165415,0.1219214536211753,0.08506175173065025
53.04,0.0266417640791688,0.1013638468445574,0.0834311923654516
53.05,0.0266594502071337,0.0649564700209383,0.08168315829327308
53.06,0.0266765244478328,0.0758499260629002,0.08237323881153305
53.07,0.0266929860693904,0.1127568875067505,0.08356337339091004
53.08,0.0267088343606142,0.0740954190200341,0.08396304037410049
53.09,0.0267240686310177,0.0372443901132251,0.08593740498514091
53.1,0.0267386882109005,0.0252894128224889,0.08455322065584302
53.11,0.0267526924513872,0.0822081398254157,0.08167726443283622
53.120000000000005,0.0267660807243469,0.1096657684684491,0.08147980002046455
53.13,0.0267788524225071,0.0863699931325322,0.07900744905826901
53.14,0.0267910069594534,0.0453012492938701,0.07969694492137418
53.15,0.0268025437696384,0.0334592020795601,0.07600820623690728
53.16,0.0268134623083921,0.0806419568031943,0.0754690028686263
53.17,0.0268237620519556,0.0882444465305047,0.07750915257986432
53.18,0.0268334424975341,0.1380684770590528,0.07688896661907921
53.19,0.0268425031632463,0.1156041440188415,0.07699460154002533
53.2,0.0268509435881608,0.0675935843132397,0.0789604215555562
53.21,0.0268587633323491,0.0051729633158075,0.08012504817726272
53.22,0.0268659619769101,0.1098713628567219,0.07946105589488138
53.23,0.0268725391238788,0.0834773365143898,0.0764645597311785
53.24,0.0268784943963429,0.1364008667463839,0.0772099703080664
53.25,0.0268838274384702,0.0239003344707524,0.07937947141052915
53.26,0.0268885379154454,0.0536331992870377,0.08109330767075765
53.27,0.0268926255134804,0.1186930699988985,0.08124247547279403
53.28,0.0268960899398901,0.0997329823302633,0.0787443487788458
53.29,0.026898930923111,0.0763137523599028,0.07445245851686769
53.3,0.0269011482126074,0.0785266104393732,0.07059228712206267
53.31,0.0269027415789713,0.0497465718783259,0.07157130608277971
53.32,0.0269037108139108,0.0682643018954077,0.07636884681519837
53.33,0.0269040557302507,0.0467393490306882,0.07516682041690774
53.34,0.0269037761619211,0.1020236152471783,0.07444193726485264
53.35,0.0269028719639963,0.0908607724455879,0.07079826135737785
53.36,0.0269013430126946,0.0694497635443585,0.07517048307731963
53.370000000000005,0.0268991892053427,0.0837744806459585,0.07310450301259908
53.38,0.0268964104604391,0.035783785957592,0.06989861329749913
53.39,0.0268930067176237,0.0479387815575123,0.06774922075885849
53.4,0.0268889779376946,0.0345405447279363,0.06717734505549097
53.41,0.0268843241025551,0.0881529824882973,0.0650243320925365
53.42,0.0268790452152889,0.1059213186965992,0.06622699773270811
53.43,0.0268731413001599,0.0846288084926189,0.06778963892621308
53.44,0.0268666124025568,0.0682547903212328,0.06907174478771602
53.45,0.0268594585889875,0.0598836726894134,0.0659279071398209
53.46,0.0268516799471346,0.1157169905895297,0.0659677911979416
53.47,0.0268432765858667,0.0102476179279058,0.06736661920091651
53.48,0.0268342486351214,0.0513693859818001,0.06855695997797277
53.49,0.0268245962459917,0.0545957390188095,0.07022158755648507
53.5,0.0268143195907372,0.0643043625891849,0.07072742662031335
53.51,0.0268034188627308,0.0333133382173293,0.07137676925146014
53.52,0.0267918942764289,0.07500255032193,0.06889899521232644
53.53,0.0267797460674373,0.1010797669590116,0.06890479556808271
53.54,0.0267669744924647,0.0736635721222501,0.07255496362034261
53.55,0.0267535798292778,0.0360030246413808,0.07505616596083928
53.56,0.0267395623767791,0.0916983376661226,0.07571269045577164
53.57,0.0267249224549376,0.0988251516068317,0.07451674680317343
53.58,0.0267096604047722,0.10877163696414,0.07898396269779984
53.59,0.0266937765883407,0.07074096510635,0.08010552909248048
53.6,0.0266772713887614,0.0585614018979061,0.08175459519070702
53.61,0.0266601452102194,0.0481767399820192,0.08349458988853184
53.620000000000005,0.0266423984778413,0.0361197276664897,0.08337757274981147
53.63,0.0266240316377924,0.1060431261674809,0.08655860328607705
53.64,0.0266050451572491,0.1612823375900767,0.08510598900967599
53.65,0.0265854395243209,0.1207800394716626,0.08619928803762028
53.66,0.0265652152480699,0.0736706870829933,0.08742984941977572
53.67,0.0265443728584946,0.0906021738849671,0.08847877172181853
53.68,0.0265229129065347,0.1040591517150601,0.08822767327610885
53.69,0.0265008359640245,0.0749222802700936,0.08685524375637177
53.7,0.0264781426236482,0.089226127081567,0.09007783125046671
53.71,0.0264548334989678,0.1008442512435062,0.09085948162665348
53.72,0.026430909224398,0.0308559783042018,0.09108544055841888
53.73,0.0264063704551259,0.1418041915835071,0.09340968568359141
53.74,0.0263812178671829,0.0705748671545894,0.09233422766547096
53.75,0.0263554521573644,0.0966228517090801,0.08937038090807682
53.76,0.026329074043177,0.0618448136666448,0.08387556136422374
53.77,0.026302084262858,0.1137257060090218,0.08404511195459968
53.78,0.0262744835753697,0.0935520842469285,0.0850180777380321
53.79,0.0262462727603524,0.0799506170496613,0.08280777962214426
53.8,0.0262174526180297,0.1384153024823438,0.08474939678788632
53.81,0.0261880239692841,0.0749760597978283,0.08342847704828389
53.82,0.0261579876556089,0.0529218775490924,0.08207400228273043
53.83,0.0261273445390286,0.0849288752951128,0.08447877887361152
53.84,0.02609609550209,0.0834585077869515,0.07955658108974835
53.85,0.0260642414478429,0.0990415556847998,0.07872482874722293
53.86,0.0260317832998402,0.0053888290507478,0.07846321234508459
53.870000000000005,0.0259987220020324,0.0772312494808882,0.07885046169328021
53.88,0.025965058518787,0.1110344553370478,0.07498104885938486
53.89,0.0259307938348551,0.0576428912814156,0.07453646120584724
53.9,0.0258959289553217,0.1156962407506768,0.07522850599597564
53.91,0.0258604649055638,0.061486812549916,0.0718355095406092
53.92,0.0258244027312254,0.0724002811668834,0.07174718662091398
53.93,0.0257877434982178,0.0813562867127048,0.07422675298918835
53.94,0.025750488292614,0.0384380381223804,0.07462079772837801
53.95,0.0257126382206374,0.0531080679615557,0.07665766747936831
53.96,0.0256741944086619,0.0911289072641749,0.07521180520304845
53.97,0.025635158003151,0.0699770499787525,0.07694840898742947
53.98,0.0255955301705634,0.0324680364972199,0.0750062571797812
53.99,0.0255553120973917,0.0842157435226382,0.07088765730061312
54.0,0.0255145049900984,0.0944835576423577,0.07285147783828398
54.01,0.0254731100750665,0.0671623769196488,0.07240863180652471
54.02,0.0254311285985242,0.0731212784842283,0.0755814853457365
54.03,0.0253885618265503,0.1049927712828546,0.07593246714574141
54.04,0.0253454110450551,0.0932038148180955,0.0748419617678817
54.05,0.0253016775596387,0.1262327725577476,0.07497433960797302
54.06,0.0252573626956326,0.0686784478820828,0.07947385801868138
54.07,0.0252124677980275,0.0418575085227493,0.07885295290030325
54.08,0.0251669942314264,0.0364460615202745,0.0800226591972095
54.09,0.0251209433799748,0.0245438578745183,0.0820731666095343
54.1,0.0250743166473499,0.0988831225725035,0.08200103420203818
54.11,0.0250271154567272,0.1063964740837323,0.08322075870009041
54.120000000000005,0.0249793412506332,0.1281167368733637,0.08395885995906545
54.13,0.024930995491007,0.0797708989669862,0.08301248556718635
54.14,0.0248820796591303,0.058455673777651,0.08150223334374483
54.15,0.0248325952555195,0.0412179727642982,0.08197505097936933
54.16,0.0247825437998894,0.1475979545864314,0.08393334279024971
54.17,0.0247319268311424,0.078089899778234,0.08443190727500578
54.18,0.0246807459073267,0.0945408822137836,0.0840156912163125
54.19,0.024629002605514,0.0755286921560408,0.08688787198010701
54.2,0.0245766985217443,0.0827009629652198,0.08793461045980673
54.21,0.0245238352710563,0.1200977721014544,0.09008914441302711
54.22,0.0244704144874013,0.0826625033581246,0.08756698610522376
54.23,0.0244164378235017,0.0532474162547674,0.08776865916361111
54.24,0.024361906950901,0.0732774745905825,0.08678186642834203
54.25,0.0243068235598609,0.10313298516621,0.08930658610818581
54.26,0.0242511893593144,0.1673569005862358,0.08915738801533205
54.27,0.024195006076777,0.0791483020619601,0.08471456971204326
54.28,0.0241382754583213,0.0331169712901905,0.08512174886682385
54.29,0.0240809992685275,0.0967618575599594,0.08526162914096772
54.3,0.0240231792903528,0.0465253659482121,0.08439485793686392
54.31,0.0239648173251644,0.1441283355901317,0.08454476749503427
54.32,0.0239059151926179,0.0534311496198615,0.08187157472293162
54.33,0.0238464747306127,0.1323518710994983,0.08227724491168244
54.34,0.023786497795189,0.0590482515263357,0.08562354910879152
54.35,0.0237259862605254,0.1114747870543705,0.08625317115420765
54.36,0.0236649420188861,0.0380848128143686,0.08675257561534726
54.370000000000005,0.0236033669804514,0.0542987702173671,0.08378198475924911
54.38,0.02354126307334,0.0866406620286263,0.08368961331274292
54.39,0.0234786322435398,0.0974783679708049,0.0852319015554815
54.4,0.0234154764548216,0.0573264968698612,0.08266755980008937
54.41,0.0233517976886449,0.085849063686797,0.08537261436503765
54.42,0.0232875979441132,0.0639607238872987,0.08079734134074548
54.43,0.0232228792379579,0.0911815773218919,0.08520515494179276
54.44,0.0231576436043851,0.1235198043940583,0.08198860283004727
54.45,0.0230918930950202,0.0864995375443211,0.08445728604486578
54.46,0.0230256297788805,0.1136204788501418,0.0820271501051363
54.47,0.0229588557423027,0.1049744926081748,0.08360011367849535
54.48,0.0228915730888151,0.0772085016853301,0.0825254748257455
54.49,0.0228237839390937,0.0655050243877004,0.08206014246952034
54.5,0.0227554904309118,0.0429106806967248,0.08089897001190594
54.51,0.0226866947190595,0.1033315118121258,0.08084511698011897
54.52,0.0226173989752387,0.0480476020799962,0.08009037111988658
54.53,0.0225476053880013,0.1459952352418545,0.07799044906460523
54.54,0.0224773161627112,0.0648042767528429,0.07411544337847613
54.55,0.0224065335213907,0.1108905990375245,0.07120796298143547
54.56,0.0223352597027437,0.0604419323200513,0.07272077790394668
54.57,0.0222634969620133,0.0711170478549086,0.0714158474403975
54.58,0.0221912475708796,0.0317313543096203,0.06924233277953339
54.59,0.0221185138174401,0.0768686825478979,0.06913535181497443
54.6,0.0220452980061319,0.0730937463609023,0.07089994354443806
54.61,0.0219716024576155,0.0561955832023352,0.0732589912143392
54.620000000000005,0.0218974295086854,0.0699994006219168,0.0726472870508527
54.63,0.0218227815122262,0.0198623607263904,0.07342846205586757
54.64,0.0217476608371486,0.0098064579131807,0.0715102451920472
54.65,0.0216720698682532,0.0624627160562045,0.07541037612476804
54.66,0.0215960110061502,0.1182686509170564,0.07315829342456245
54.67,0.0215194866672208,0.086216939115609,0.07712756776128848
54.68,0.021442499283536,0.0593306847300283,0.07642514648877088
54.69,0.0213650513027324,0.0749619014295922,0.07998127377254301
54.7,0.0212871451879065,0.1025614507064365,0.07777638942512129
54.71,0.0212087834176033,0.0924506817646486,0.07925988337138277
54.72,0.0211299684857224,0.0904857243789097,0.08058895078556591
54.73,0.0210507029013568,0.0644522771853084,0.08084526587925829
54.74,0.0209709891887566,0.1057126811016266,0.08614712012617659
54.75,0.0208908298872823,0.1467070263399805,0.08820410944661097
54.76,0.0208102275512434,0.0635968623332074,0.08990903386024114
54.77,0.0207291847498403,0.143796693391298,0.08817629461813212
54.78,0.0206477040670699,0.0563662011320385,0.08612632470695807
54.79,0.0205657881016979,0.1064100272688353,0.0861619907338095
54.8,0.0204834394670505,0.0305661112520418,0.08777004497844075
54.81,0.0204006607910034,0.1042471192323935,0.08434877630787473
54.82,0.0203174547159123,0.084105998900181,0.08174470065164159
54.83,0.0202338238984689,0.075382017589457,0.08191164890150945
54.84,0.0201497710096004,0.1312012999116745,0.08143015181896393
54.85,0.0200652987344229,0.0530032336423026,0.08183767332072645
54.86,0.0199804097721578,0.0982661287424381,0.07849213810859204
54.870000000000005,0.0198951068359515,0.0818811268327668,0.08077388533492177
54.88,0.0198093926529002,0.0431675709809541,0.0762805132078825
54.89,0.0197232699638699,0.0600796712939084,0.0764808944616419
54.9,0.0196367415234266,0.1087310405668484,0.0769760654109531
54.91,0.0195498100997337,0.0307148086245502,0.07997636107051694
54.92,0.019462478474494,0.0377650929837526,0.07701813220524915
54.93,0.0193747494428242,0.0939916376261347,0.07532421176556528
54.94,0.0192866258131363,0.0543408384518526,0.07800039950988791
54.95,0.0191981104070732,0.1142706326386394,0.07548115740267655
54.96,0.0191092060594172,0.0764507868851579,0.07297244259312288
54.97,0.0190199156179848,0.1115135540861317,0.077360306030826
54.98,0.0189302419434822,0.0494358787234733,0.07568987595912521
54.99,0.018840187909469,0.0605742074609862,0.07888859123357238
55.0,0.018749756402267,0.1168086172043702,0.08041157406638723
55.01,0.0186589503208017,0.0935723201028825,0.077419392974812
55.02,0.0185677725765082,0.04212431306177,0.08047321667755727
55.03,0.0184762260932835,0.0485336696668198,0.07994469686097669
55.04,0.0183843138073735,0.1315819602202319,0.07878387069557025
55.05,0.0182920386672252,0.0782972156602362,0.0806883143897324
55.06,0.018199403633401,0.0003202226416754,0.07665088549161744
55.07,0.0181064116785173,0.1904112609342035,0.07502305731204764
55.08,0.0180130657871174,0.0468020953270505,0.07459725163373694
55.09,0.0179193689555545,0.1103405917443445,0.07552549005370694
55.1,0.0178253241918918,0.0920623107830203,0.0770593898885985
55.11,0.0177309345158138,0.0458952376437687,0.07293201238012278
55.120000000000005,0.0176362029585097,0.0948451063822008,0.07149231990390975
55.13,0.0175411325625929,0.0266661768355606,0.07296489137015388
55.14,0.0174457263819621,0.0696142881525991,0.07548292856885297
55.15,0.0173499874817184,0.0943341560292577,0.07259327209974886
55.16,0.0172539189380288,0.0294846257782255,0.07020466113578944
55.17,0.0171575238380627,0.0422663951141921,0.07346847021235352
55.18,0.0170608052798837,0.102571634841607,0.06848003582916758
55.19,0.0169637663723049,0.0689288855428432,0.06826840749116146
55.2,0.016866410234792,0.0927861039937091,0.065867581407161
55.21,0.0167687399973748,0.0301336895263803,0.06581198560161909
55.22,0.0166707588005549,0.0633387781024086,0.06762835969043558
55.23,0.0165724697951369,0.0730483138528968,0.0684914242594505
55.24,0.0164738761421701,0.1014124508395005,0.06786167109562577
55.25,0.0163749810128344,0.0708991743690459,0.06798805936298381
55.26,0.0162757875883212,0.0281363854170881,0.06707737894571977
55.27,0.0161762990596975,0.068860213249521,0.06990760599582008
55.28,0.0160765186278472,0.0856541388872988,0.07312592975820774
55.29,0.0159764495033465,0.0423579002289221,0.07236083565477901
55.3,0.0158760949063113,0.0599232439803346,0.07336817830146306
55.31,0.0157754580663277,0.0908947988666404,0.07120206091554339
55.32,0.0156745422223519,0.0840390935089152,0.07034085569743934
55.33,0.0155733506225663,0.1129694623315139,0.07158853432788105
55.34,0.0154718865242597,0.0134413603952413,0.07231356848172477
55.35,0.0153701531937416,0.072268441767118,0.07091814411699766
55.36,0.0152681539062532,0.0752098672667131,0.07219745276296327
55.370000000000005,0.0151658919457786,0.0889193938303317,0.07413346489979573
55.38,0.0150633706049896,0.1098511941243328,0.07470252472959608
55.39,0.0149605931851454,0.0865046586696037,0.0731703151966712
55.4,0.014857562995918,0.0900830811232081,0.07451555046453091
55.41,0.0147542833553254,0.0472976388893963,0.07488247667078923
55.42,0.0146507575895959,0.012048379946195,0.07380113645212319
55.43,0.0145469890330707,0.0895400293416847,0.07485220434509393
55.44,0.0144429810280871,0.0882740310836149,0.07236143903136114
55.45,0.0143387369248321,0.0721085391802312,0.07757960299366283
55.46,0.0142342600812583,0.0977646559343237,0.0777566064278057
55.47,0.0141295538629793,0.06879264029057,0.0764891107384362
55.48,0.014024621643105,0.0808104696753283,0.07537768300625655
55.49,0.013919466802173,0.0534777386958762,0.07757146729494602
55.5,0.0138140927280178,0.0706078408539761,0.07779999510390509
55.51,0.0137085028156319,0.0676286943117592,0.07542617963847814
55.52,0.0136027004670719,0.0681866542746535,0.076211263309284
55.53,0.0134966890913523,0.1061115192613007,0.07767258958735235
55.54,0.0133904721042993,0.0606633907431254,0.0775340289246355
55.55,0.0132840529284306,0.123022803603577,0.0786992267084158
55.56,0.0131774349928698,0.0759855138841181,0.07820162957973284
55.57,0.0130706217332188,0.0485924577899536,0.07700789092725627
55.58,0.0129636165914187,0.0655794114545591,0.0777421338037564
55.59,0.0128564230156336,0.1559206641868116,0.07746102959496505
55.6,0.0127490444601474,0.0913037426577441,0.07682020768920066
55.61,0.0126414843852562,0.0402329563492422,0.0767235616078503
55.620000000000005,0.0125337462571178,0.0637843959763195,0.07749141464332723
55.63,0.0124258335476329,0.0427362317856303,0.07670475335897362
55.64,0.0123177497343557,0.0866302554246305,0.07657998787658374
55.65,0.0122094983003584,0.1127431845430014,0.07556171909749561
55.66,0.0121010827341005,0.0616589994778892,0.07217723461977232
55.67,0.0119925065293097,0.0726961442323157,0.07276071427291377
55.68,0.0118837731848842,0.0842117406970729,0.07442622345766085
55.69,0.0117748862047656,0.0749072812907099,0.07320304972315078
55.7,0.0116658490977722,0.0400204786748239,0.06927325015581952
55.71,0.0115566653775406,0.0685782731456184,0.067137701663192
55.72,0.0114473385623925,0.0837536080567748,0.069544539118747
55.73,0.01133787217516,0.0516667673032276,0.0685464630564293
55.74,0.0112282697431354,0.1034914441311133,0.06783647454011998
55.75,0.0111185347979131,0.0392797463822745,0.06541234718274895
55.76,0.0110086708752732,0.0519486295713879,0.06103262348755598
55.77,0.0108986815150424,0.0882385866000885,0.061778313333117216
55.78,0.0107885702610027,0.0835681506696427,0.060495768230992994
55.79,0.0106783406607635,0.0398927630298477,0.05966763905691443
55.8,0.0105679962656035,0.073394873272855,0.05979960526992621
55.81,0.0104575406304041,0.0464572243125661,0.05958530881727507
55.82,0.0103469773134884,0.090776542915897,0.058948296607609404
55.83,0.0102363098765045,0.0428247986676479,0.05498369126497632
55.84,0.010125541884301,0.027826472943135,0.056491310460455274
55.85,0.0100146769048209,0.0357235809198385,0.053224804128874335
55.86,0.0099037185089745,0.0207689869439492,0.053226326966643735
55.870000000000005,0.0097926702704892,0.0773184862346749,0.05207555837409203
55.88,0.0096815357658069,0.0457626970877073,0.05009303417675587
55.89,0.0095703185739759,0.066821028041423,0.050963878415436134
55.9,0.0094590222765145,0.0776785717639571,0.05038803320918371
55.91,0.0093476504572559,0.0355202531691501,0.04924369806889782
55.92,0.0092362067022705,0.0552010167426393,0.051467365012589916
55.93,0.0091246945997408,0.0004968958614802,0.05225040686394055
55.94,0.0090131177397978,0.0833267704082856,0.05289875750336871
55.95,0.0089014797144237,0.0348948111679135,0.05300514827470156
55.96,0.0087897841173301,0.0393117259754318,0.05267263932879886
55.97,0.008678034543838,0.0277824891278024,0.0571922322340195
55.98,0.0085662345907372,0.0466055784560289,0.05401838667859239
55.99,0.0084543878561604,0.1018558796819283,0.053132095918582346
56.0,0.0083424979394869,0.0278000136985468,0.05091652225541084
56.01,0.0082305684411948,0.0493638353268514,0.05077485588105572
56.02,0.0081186029627339,0.0931542301301,0.05062218633333232
56.03,0.008006605106417,0.1072204217942604,0.04940623840681322
56.04,0.0078945784752926,0.0564401620956392,0.052828972843586855
56.05,0.0077825266730086,0.0300606791411248,0.05333059254674172
56.06,0.0076704533037014,0.028740893055882,0.0525973256787566
56.07,0.007558361971871,0.1156804379535825,0.05272259959745354
56.08,0.0074462562822452,0.0106677295707056,0.054140920912703686
56.09,0.007334139839657,0.0271505911274962,0.05347517487265291
56.1,0.0072220162489394,0.0202939811148213,0.051554259873735554
56.11,0.0071098891147897,0.0747035779024999,0.05447585510415
56.120000000000005,0.0069977620416133,0.0323141926669585,0.05418276334454857
56.13,0.0068856386334581,0.0296661102857384,0.05163224898354011
56.14,0.0067735224938692,0.0723743190337264,0.049381656394049234
56.15,0.0066614172257256,0.0938607841745379,0.04985538100170954
56.16,0.0065493264311544,0.0194962069402259,0.050339879632600386
56.17,0.0064372537114193,0.0419424782680675,0.050601797440537215
56.18,0.006325202666757,0.0575672367480554,0.04651696657809841
56.19,0.0062131768962858,0.0326249116149629,0.05181503322285615
56.2,0.0061011799978555,0.0615166647046635,0.052340915006683184
56.21,0.0059892155679308,0.0891535135372502,0.053279970947961684
56.22,0.0058772872015028,0.0432089083752213,0.05339468633279373
56.23,0.0057653984919026,0.0395934285489225,0.05744317896996629
56.24,0.0056535530307239,0.059957977414952,0.059098690427494424
56.25,0.0055417544076785,0.0663883788565056,0.05820991806295585
56.26,0.0054300062104856,0.0402351503898326,0.05294200482181791
56.27,0.0053183120247379,0.0342411670225554,0.0550830462079013
56.28,0.0052066754337803,0.0298989898423676,0.054788363151053565
56.29,0.0050951000185872,0.121927129110618,0.05593979085878903
56.3,0.0049835893576349,0.0381941085878641,0.056252173957023484
56.31,0.0048721470267937,0.0400141558816699,0.05626747468148984
56.32,0.0047607765991913,0.0771126009839726,0.05671842745806408
56.33,0.0046494816450831,0.1173325380475826,0.05534018411088818
56.34,0.0045382657317322,0.0644318508938289,0.057429034318001906
56.35,0.0044271324233097,0.0537100993784164,0.056259443435991596
56.36,0.0043160852807533,-0.0167653938893589,0.05676930838386259
56.370000000000005,0.0042051278616311,0.0644580760479772,0.057830176811891516
56.38,0.0040942637200308,0.0357541340742651,0.060530614154599274
56.39,0.0039834964064566,0.0817472186105002,0.06092793091685731
56.4,0.0038728294676854,0.0391849566778863,0.05706560590390753
56.41,0.0037622664466441,0.0618379799184572,0.05737140455121402
56.42,0.0036518108822825,0.0986235218453091,0.059152974056029026
56.43,0.0035414663094757,0.0142657980845276,0.05986771585658739
56.44,0.0034312362588939,0.0834592828983105,0.05103835691456921
56.45,0.003321124256847,0.0353965688927354,0.05413470889507745
56.46,0.0032111338252066,0.0770955427617967,0.05591289887206931
56.47,0.0031012684812842,0.0625133873784399,0.0596204107517599
56.48,0.0029915317376616,0.0909503512194183,0.05999894257311865
56.49,0.0028819271021218,0.0382426418497864,0.060485007447000375
56.5,0.0027724580775101,0.0408183038386727,0.055805147988761225
56.51,0.0026631281616007,0.0446158801813003,0.05694358660399074
56.52,0.0025539408469943,0.077427115482785,0.05477589727230496
56.53,0.002444899620993,0.0921221787956983,0.05124510469898411
56.54,0.0023360079654727,-0.0680839997347992,0.05302150294188229
56.55,0.0022272693567582,0.1294552424845021,0.05152064687320073
56.56,0.0021186872655315,0.0910520888952454,0.052911283789122895
56.57,0.0020102651566905,0.0610923555841435,0.05577873699518513
56.58,0.0019020064892294,0.0724072442965109,0.05562016003363185
56.59,0.0017939147161111,0.0459614964257814,0.053511962664579346
56.6,0.0016859932841756,-0.0165298300125222,0.053516131400090726
56.61,0.0015782456340013,0.0630921675977061,0.058147068460204024
56.620000000000005,0.0014706751997967,0.0163165039530559,0.06090910022214422
56.63,0.0013632854092671,0.0244768778055713,0.061482755300305655
56.64,0.0012560796834981,0.0515701611853894,0.061467021178116935
56.65,0.0011490614368586,0.0519413054559976,0.07020314368552859
56.66,0.0010422340768784,0.064599944127101,0.06314215064837497
56.67,0.0009356010041011,0.1373120600891036,0.06028731476421648
56.68,0.0008291656119902,0.0591832711858212,0.0589773311002108
56.69,0.0007229312868201,0.0466782064693156,0.05516722557903528
56.7,0.0006169014075435,0.0383301852955253,0.054347799766342506
56.71,0.0005110793456802,0.1380679821010521,0.05711857772518013
56.72,0.0004054684652088,0.1026185471820444,0.05546929734320799
56.73,0.0003000721224333,0.0894738721241752,0.05675085240768058
56.74,0.0001948936658613,0.0917917622297351,0.05776144913589647
56.75,8.993643614285673e-05,0.1153745729208455,0.058371876040538
56.76,-1.479623409905706e-05,-0.018825611295724,0.05957732384062656
56.77,-0.000119301020382,0.0311005353279172,0.05778387076579764
56.78,-0.0002235746064588,0.0335826986400242,0.05397255823334051
56.79,-0.0003276136844226,-0.0076049716481751,0.052840135707708444
56.8,-0.0004314149548462,0.0287535543592331,0.05019815949300902
56.81,-0.0005349751268785,0.0416565071230681,0.05169488950894435
56.82,-0.0006382909183755,0.0284572795762913,0.04584564425376886
56.83,-0.0007413590560001,0.0432291603069803,0.04487661049411804
56.84,-0.0008441762753191,0.0456994090981049,0.042302814490347264
56.85,-0.0009467393209561,0.0643891261828614,0.04174712619992712
56.86,-0.0010490449466687,0.0772557092578575,0.04003171872148457
56.870000000000005,-0.001151089915477,0.0269374295556937,0.045913833633913624
56.88,-0.0012528709997738,0.0572744969075037,0.04874204677258141
56.89,-0.001354384981414,0.0354023981475478,0.05050229466860962
56.9,-0.0014556286518752,-0.0088032940393723,0.052837043009696334
56.91,-0.0015565988123272,0.0697615156301674,0.05364591183597846
56.92,-0.001657292273724,0.0152338317423665,0.0526243042163814
56.93,-0.0017577058569751,0.0822688382293774,0.05270801451233603
56.94,-0.0018578363930182,0.0354241560449889,0.05308058824486306
56.95,-0.0019576807229193,0.080122308130912,0.055151491884155815
56.96,-0.0020572356980108,0.0793510158735519,0.05437289842231364
56.97,-0.0021564981799615,0.1046988018652861,0.054059791479186894
56.98,-0.0022554650409151,0.090493011239941,0.05637331768213608
56.99,-0.0023541331636095,0.0705479044566165,0.05543492286928594
57.0,-0.0024524994414437,0.041424743514646,0.05613653293554088
57.01,-0.0025505607786163,0.0457397997111574,0.05663395125181747
57.02,-0.0026483140901922,0.0202027471115301,0.05417812657327344
57.03,-0.0027457563022803,0.0302151957913384,0.05761837468728084
57.04,-0.0028428843520861,0.0510532086900479,0.05194547960259024
57.05,-0.002939695187995,0.0891883855232526,0.05295704247772867
57.06,-0.0030361857697502,0.0480386634841759,0.05069829098252313
57.07,-0.0031323530685106,0.0706804634521958,0.05126698313361708
57.08,-0.0032281940669426,0.0755214798176267,0.04674435538259235
57.09,-0.0033237057593588,0.0375682058376507,0.04346616943767784
57.1,-0.0034188851518013,0.0501362095389016,0.041875513563645994
57.11,-0.0035137292621584,0.001642490602436,0.042122849734803194
57.120000000000005,-0.0036082351202615,0.0181891973807429,0.04443780327422594
57.13,-0.0037023997679519,0.0874790421365218,0.045767737974254444
57.14,-0.0037962202592528,-0.0368619585491253,0.0482563144661989
57.15,-0.0038896936604276,0.0566669764228963,0.049765037240522246
57.16,-0.0039828170500744,0.0326885267315955,0.04778724834886842
57.17,-0.004075587519231,0.0912935510465247,0.04963741622826164
57.18,-0.0041680021715118,0.0097236190937669,0.04676783373136346
57.19,-0.0042600581231622,0.0216511063967362,0.043697144714113935
57.2,-0.0043517525031705,0.0371441311019477,0.04286677615102026
57.21,-0.0044430824533758,0.0466188031089473,0.047374702306737404
57.22,-0.0045340451285652,0.094353824039035,0.05225281967451594
57.23,-0.0046246376965569,0.0481313758121286,0.05546198793525387
57.24,-0.0047148573383171,0.0824753021221723,0.054094029328893865
57.25,-0.0048047012480567,0.082736386950838,0.06274151507780845
57.26,-0.0048941666333013,0.0476548187985222,0.06213309189658044
57.27,-0.004983250715021,0.0868921889514335,0.06310776542598462
57.28,-0.005071950727703,0.010419231017334,0.06116106471505488
57.29,-0.0051602639194486,0.0110370104553867,0.06235692147580134
57.3,-0.0052481875520815,0.0201304660126836,0.061352425388671285
57.31,-0.0053357189012559,0.1448026588089617,0.0638504925948412
57.32,-0.0054228552564955,0.1040829553257852,0.06169845210816833
57.33,-0.0055095939213212,0.0855817308562393,0.061007580233500655
57.34,-0.0055959322133619,0.0587519114029618,0.05961515137341814
57.35,-0.0056818674644382,0.1447352421780811,0.05757399079175559
57.36,-0.0057673970206145,0.043890089617108,0.05716915072631071
57.370000000000005,-0.0058525182423219,0.0531566708490833,0.06023923121187645
57.38,-0.0059372285044601,0.0504128361170001,0.05682196600395918
57.39,-0.0060215251964812,0.0348366110694426,0.056857019970964255
57.4,-0.0061054057224646,0.0005566885670049,0.058288870738663914
57.41,-0.0061888675012,0.0896035424315161,0.058629848532614236
57.42,-0.0062719079663015,0.0014259528888169,0.05508617242570998
57.43,-0.0063545245663043,0.079845514671014,0.05220961078768383
57.44,-0.0064367147647126,0.0188903697503956,0.0482832428474426
57.45,-0.0065184760401015,0.0396109299072591,0.04519871013457734
57.46,-0.0065998058862148,0.0742347455764952,0.04020570318180607
57.47,-0.0066807018120645,0.112126508995403,0.038305142677495504
57.48,-0.0067611613419948,0.0151296195851705,0.03802849918097703
57.49,-0.0068411820157376,0.0111553643244407,0.03560747285358438
57.5,-0.0069207613885541,0.0411058765770795,0.036826878866660244
57.51,-0.0069998970313095,0.0272909996856404,0.03627456209915758
57.52,-0.0070785865305317,0.0703854605639722,0.03572603817070868
57.53,-0.0071568274884747,0.0436751609272361,0.03671310399712111
57.54,-0.0072346175232829,0.0031280041111737,0.03420813082327127
57.55,-0.0073119542689792,-0.006023275567209,0.03327585667005682
57.56,-0.0073888353756046,0.0398820961698846,0.03401415760797381
57.57,-0.0074652585092843,0.0039783190265862,0.03212571864928212
57.58,-0.007541221352314,0.0473471574221953,0.032235793458681467
57.59,-0.0076167216032096,-0.0004287167582458,0.03128465674387354
57.6,-0.0076917569768131,0.060444137344036,0.03415695525733353
57.61,-0.007766325204403,-0.0110419635505511,0.035124365750296385
57.620000000000005,-0.0078404240336837,0.078084539934089,0.03568158826758755
57.63,-0.0079140512289438,0.0221543352434781,0.03802102712736471
57.64,-0.0079872045711026,0.0272410780201673,0.040756750473051336
57.65,-0.0080598818577859,-0.0006873874671078,0.04363185854695452
57.66,-0.0081320809034002,0.055115249603516,0.047934872357902
57.67,-0.0082037995392275,0.0345775274439696,0.0471393910271529
57.68,-0.0082750356134614,0.1144380799927893,0.049995181858462155
57.69,-0.0083457869913011,-0.004844251425796,0.048171848781382795
57.7,-0.008416051555049,0.0714736331071006,0.05134384500744133
57.71,-0.0084858272041715,0.0614214969292993,0.05046089286572185
57.72,-0.0085551118553239,0.0389926725487549,0.05435468079416911
57.73,-0.0086239034424728,0.1195136766192925,0.05099100317545656
57.74,-0.0086921999169653,0.1011253511866553,0.052585596878262655
57.75,-0.0087599992475789,0.0635052736631407,0.05078048577120283
57.76,-0.0088272994206106,0.0843400144626882,0.05257641901356255
57.77,-0.0088940984399182,0.0231769882241533,0.052155136348527004
57.78,-0.0089603943270066,0.0639499264840804,0.05260951764690288
57.79,-0.009026185121122,0.0090571628035289,0.046711693082348314
57.8,-0.0090914688792714,0.0661832039889836,0.05162643356693662
57.81,-0.0091562436763059,0.0419021423679266,0.04997217535806789
57.82,-0.00922050760499,0.0707275829468414,0.04874624233464105
57.83,-0.0092842587760905,0.0074473099411257,0.048721309828531276
57.84,-0.0093474953184236,0.0556408030024061,0.04499411823693612
57.85,-0.0094102153788661,-0.010666255228089,0.04290349969609516
57.86,-0.0094724171225052,0.0370272106224462,0.04165932193662815
57.870000000000005,-0.009534098732658,0.0462683136377695,0.03947549688492806
57.88,-0.0095952584109548,0.0441195347098628,0.04059895243194851
57.89,-0.0096558943773694,-0.0094162358628565,0.03742259003352525
57.9,-0.0097160048702776,0.0983652987505585,0.03663614028967913
57.91,-0.0097755881465599,0.0367342107208573,0.03591628386544829
57.92,-0.0098346424816569,0.0356769034373357,0.036677071245415936
57.93,-0.0098931661695694,0.0384690899204496,0.031883999336456234
57.94,-0.009951157522986,0.0412426531957943,0.03496492568405603
57.95,-0.0100086148732886,0.0572223618289949,0.03303235585038709
57.96,-0.0100655365706497,0.0373775407143335,0.035444173729716914
57.97,-0.0101219209840824,0.0384796883769865,0.03308226502460021
57.98,-0.0101777665014485,0.0467695547115827,0.03179755100338181
57.99,-0.0102330715295806,-0.0027536838828081,0.03221646745086613
58.0,-0.0102878344943185,-0.0074582818172395,0.03514735112591569
58.01,-0.0103420538405368,0.0510662190801359,0.035281210094822255
58.02,-0.0103957280321864,0.0578786773472471,0.03636029408397629
58.03,-0.0104488555524084,-0.0299269271413122,0.035261487250687736
58.04,-0.0105014349035592,0.0721467632407212,0.037510978283639945
58.05,-0.0105534646072352,0.0150568364953586,0.03851292236678184
58.06,-0.0106049432043286,0.0399819202378371,0.039799730445702876
58.07,-0.0106558692551356,-0.0125728721850044,0.04125430773023876
58.08,-0.0107062413393227,0.0192893191921829,0.039445631616150674
58.09,-0.0107560580560217,0.0529167801070336,0.03902991792519019
58.1,-0.0108053180238737,0.0521323213131843,0.044199057327322974
58.11,-0.010854019881093,0.1011763370975963,0.046355344988834396
58.120000000000005,-0.0109021622854615,0.0593949744930922,0.04637239767819213
58.13,-0.0109497439144151,0.0126019599382759,0.048442580215409835
58.14,-0.0109967634650959,0.085708401612446,0.05098475626522218
58.15,-0.0110432196543802,0.0622834789417741,0.04831501043257542
58.16,-0.0110891112188898,0.0842453314863368,0.049916528044450646
58.17,-0.0111344369150945,0.0679236636895871,0.05088627540800929
58.18,-0.0111791955193535,0.0004974899811365,0.05498474344626826
58.19,-0.0112233858278854,0.0380395672014127,0.057527879936100965
58.2,-0.0112670066568926,0.1057982435619802,0.057682200561420274
58.21,-0.0113100568425394,0.0378237590745004,0.05670574818075301
58.22,-0.0113525352410243,0.0514243255566483,0.05321987498125657
58.23,-0.0113944407286126,0.1013525106288188,0.04975929039384191
58.24,-0.0114357722017094,0.023458769904747,0.05183852417486252
58.25,-0.0114765285768231,0.0160821007551395,0.04925641849047033
58.26,-0.0115167087906292,0.0486887063447383,0.04736672908673946
58.27,-0.0115563118000483,0.0603466148725684,0.04348037345278625
58.28,-0.0115953365822707,0.0734949566184341,0.04359539361549802
58.29,-0.0116337821347428,0.0726951854786698,0.04450356593791688
58.3,-0.0116716474752143,0.0561575132387392,0.04501838577868122
58.31,-0.0117089316418211,0.0316268213191715,0.042103432271743346
58.32,-0.0117456336930971,0.0279729999081713,0.04043709147344041
58.33,-0.0117817527079594,-0.0132773018426158,0.0376192324014258
58.34,-0.0118172877857897,0.0562658693397086,0.03415858787997974
58.35,-0.0118522380464503,0.0314841822402101,0.032945339748301175
58.36,-0.0118866026303204,0.0226000014634258,0.03421089621940139
58.370000000000005,-0.0119203806983297,0.0026318631733193,0.03640745554187589
58.38,-0.0119535714319385,0.0703390871065344,0.03652925768904768
58.39,-0.0119861740332238,0.0195691087519325,0.03646449281997462
58.4,-0.0120181877248964,0.0488507838574639,0.03530127431618778
58.41,-0.0120496117503254,0.044584219916285,0.03288233284097411
58.42,-0.0120804453735162,0.0028306023101387,0.0337015630668159
58.43,-0.0121106878791826,-0.0077507149556587,0.028877283763001287
58.44,-0.012140338572808,0.0286789756784516,0.031712888472035586
58.45,-0.0121693967805897,-0.0020194408605027,0.03183617143919896
58.46,-0.0121978618494639,0.0426587866482439,0.03251580760164544
58.47,-0.0122257331472336,0.0948164521167029,0.035526148911337825
58.48,-0.012253010062449,0.0629044599631759,0.03607980655139785
58.49,-0.0122796920045131,0.0721348943678997,0.03613241589660183
58.5,-0.0123057784037233,0.0482675968991463,0.03746593816014907
58.51,-0.0123312687112103,0.005359742259252,0.03473676177069119
58.52,-0.0123561623989854,0.0488306560618491,0.034581854722500714
58.53,-0.0123804589599901,-0.0733368654719355,0.03600964594111448
58.54,-0.0124041579081163,0.0462703970471045,0.03794835457743567
58.55,-0.0124272587781609,0.0588548116501395,0.039952246070487855
58.56,-0.0124497611258767,0.0457565416515863,0.0448696454189972
58.57,-0.0124716645280298,0.0858171689669657,0.04714855239456636
58.58,-0.0124929685823532,0.0142586736145798,0.04402104662535145
58.59,-0.0125136729075436,0.071443883355818,0.042017135716856675
58.6,-0.0125337771433781,0.0475730762864246,0.044303164525423475
58.61,-0.0125532809506251,-0.0084619203211517,0.043540874800950556
58.620000000000005,-0.0125721840110726,0.041331171904285,0.045375357975832
58.63,-0.0125904860275694,0.0328142179010277,0.04286362327716896
58.64,-0.0126081867240501,0.0329621664070865,0.04646673019981371
58.65,-0.0126252858454828,0.0707606970325475,0.04506588050659567
58.66,-0.0126417831579017,0.1012459454581933,0.04462174521867084
58.67,-0.0126576784484411,0.0905158331351966,0.04511063820138915
58.68,-0.0126729715253293,0.0291388309631897,0.04671487101939595
58.69,-0.0126876622178889,0.0208223308847856,0.049241626656929084
58.7,-0.012701750376512,0.1201414993478026,0.04631102259409495
58.71,-0.0127152358727122,0.0322595126852149,0.04856057951675979
58.72,-0.0127281185991451,0.0438838889317623,0.05197824602417202
58.73,-0.0127403984695378,-0.0039157726100748,0.05145222567536979
58.74,-0.0127520754187204,0.0023283799036044,0.05195044558652605
58.75,-0.0127631494026669,0.0168525534895255,0.051843518591147476
58.76,-0.0127736203984762,0.0495279706037182,0.04620027604872988
58.77,-0.0127834884043526,0.0560232942886708,0.0442352458410762
58.78,-0.0127927534395888,0.1195060581451085,0.04194197968980097
58.79,-0.0128014155446165,0.0673205420027755,0.042234966638413196
58.8,-0.0128094747809864,0.0099011980363012,0.04416801379888717
58.81,-0.0128169312313658,0.0948137716623863,0.040038031104342876
58.82,-0.0128237849995105,0.063309076334505,0.04232558106257217
58.83,-0.0128300362102762,0.0302847445794382,0.04221835730970571
58.84,-0.01283568500961,0.0432768360353093,0.04379103889854865
58.85,-0.012840731564595,0.0307166995041364,0.04584556353008305
58.86,-0.0128451760633724,-0.0477473963582221,0.04689779958132337
58.870000000000005,-0.0128490187151358,0.0599803110974662,0.04652584688865421
58.88,-0.012852259750179,0.0423572439584167,0.04575759414067591
58.89,-0.0128548994198729,0.0352915568840464,0.043565349074169236
58.9,-0.0128569379966192,0.0614163212547391,0.04063690604730833
58.91,-0.012858375773847,0.0334118627623723,0.04344409364850345
58.92,-0.0128592130660437,0.0802980618080303,0.04192861993110139
58.93,-0.012859450208727,0.0416321901215666,0.041866213852601565
58.94,-0.0128590875584061,0.0291105407556269,0.04181807434639141
58.95,-0.0128581254925735,0.0454733971658269,0.039750887434183826
58.96,-0.0128565644097106,0.038949510565572,0.038142395485808736
58.97,-0.0128544047292955,0.0417169640576659,0.04406234480415313
58.98,-0.0128516468917511,0.0398899865811264,0.04243233324834891
58.99,-0.0128482913583805,0.0734689117484685,0.04197291901334126
59.0,-0.0128443386114784,0.0058232384386964,0.04160675277805238
59.01,-0.0128397891542286,0.0688521376613986,0.042160560078480645
59.02,-0.0128346435106618,0.0629888235969433,0.04222771342162422
59.03,-0.0128289022256977,0.0619985486860086,0.040987050540325094
59.04,-0.0128225658651393,0.029273814949025,0.04323517913739554
59.05,-0.0128156350155561,-0.0001340891210501,0.043871968043693456
59.06,-0.012808110284343,-0.0030616314117405,0.04502532644628691
59.07,-0.0127999922997085,0.0765715393270102,0.04441785975630035
59.08,-0.0127912817106112,0.0257500684255775,0.04224022992715674
59.09,-0.0127819791867184,0.0327095450232562,0.041258859457941555
59.1,-0.0127720854184248,0.02760206594298,0.04070876316591664
59.11,-0.012761601116859,0.0730462745637327,0.04192451868979456
59.120000000000005,-0.0127505270137495,0.0348220829683872,0.03871810858318486
59.13,-0.012738863861525,0.0542441413007487,0.03415482803383092
59.14,-0.0127266124331948,0.0888428906600458,0.03323993191407719
59.15,-0.0127137735223353,0.0424831077878833,0.03476619210641551
59.16,-0.0127003479431175,0.0696939236202894,0.03766228166870376
59.17,-0.0126863365302432,0.0261927100758543,0.03921845068302169
59.18,-0.0126717401388948,-0.0040132623543501,0.03898169794092297
59.19,-0.0126565596447136,0.0192812067276077,0.03844529563107525
59.2,-0.012640795943794,0.0619168896159452,0.04001039591263208
59.21,-0.0126244499526612,0.0313541044401328,0.042307254158560174
59.22,-0.0126075226081878,0.0015175254225949,0.04093745415209412
59.23,-0.0125900148675722,-0.0328400679394894,0.039396556491493255
59.24,-0.0125719277083463,0.0427857301711801,0.03642427367859917
59.25,-0.0125532621283286,0.0613252789881298,0.034998206884534776
59.26,-0.0125340191455575,0.0606837916870031,0.03596725631797875
59.27,-0.0125141997982552,0.029617917888936,0.03521576967446251
59.28,-0.0124938051448281,0.0715997317429371,0.03670440842299902
59.29,-0.0124728362638382,0.0144856199187754,0.04136017923997161
59.3,-0.0124512942539123,0.0655766509359497,0.04395934341450789
59.31,-0.0124291802337139,0.0758360891074699,0.042394663920190624
59.32,-0.0124064953419322,0.0442804744279456,0.045419591579344075
59.33,-0.0123832407372542,0.0024632320957691,0.04796136986112128
59.34,-0.0123594175982871,-0.0081737977700272,0.053222251922449594
59.35,-0.0123350271234945,0.0588954879846935,0.05397670869785729
59.36,-0.0123100705312323,0.0628331458902068,0.05031212514734816
59.370000000000005,-0.0122845490596407,0.0539127041064484,0.05122275800661534
59.38,-0.0122584639666439,0.057454123795121,0.049967677127221354
59.39,-0.012231816529859,0.0937579248020742,0.047996747473911826
59.4,-0.0122046080466037,0.0738636543928697,0.05038767899696902
59.41,-0.0121768398337884,0.0290586202352826,0.048995611030103844
59.42,-0.0121485132279303,0.0948775852823552,0.04623803743407869
59.43,-0.0121196295850944,0.0548948693399163,0.04640407840710206
59.44,-0.0120901902808195,0.0776384553484054,0.04879539481746541
59.45,-0.0120601967100675,0.0586293224547415,0.0535491749363283
59.46,-0.0120296502872069,-0.0156309755725618,0.05102316620835009
59.47,-0.0119985524459742,0.0798070817316139,0.0470902938864094
59.48,-0.0119669046393405,0.003261219421662,0.04503622712404237
59.49,-0.011934708339556,0.0302102090234371,0.044640289111555334
59.5,-0.0119019650380719,0.0646951819029766,0.04320424983998216
59.51,-0.0118686762454439,0.0363432236317808,0.039384380865367156
59.52,-0.0118348434913012,0.0179270435909418,0.03702390515880251
59.53,-0.0118004683243633,0.0477673348614364,0.03816054546777858
59.54,-0.0117655523122817,0.0526808767133993,0.037824644950451944
59.55,-0.0117300970416206,0.0916555847260934,0.03678898735600379
59.56,-0.0116941041178209,0.0058493046971511,0.035786874499315544
59.57,-0.0116575751651609,-0.0197571728705476,0.0407126574337465
59.58,-0.0116205118266488,0.0107773020967409,0.0389523190357172
59.59,-0.0115829157639718,0.0491394255328932,0.04215390670408419
59.6,-0.0115447886574693,0.0636011000990376,0.04277666937522461
59.61,-0.0115061322060877,-0.0063535940740455,0.04071553508581575
59.620000000000005,-0.0114669481272478,-0.020511369602575,0.03608406467801838
59.63,-0.0114272381568386,0.1187470317708527,0.03784821493233148
59.64,-0.0113870040491792,0.047840958476057,0.036470315915931355
59.65,-0.0113462475768988,0.0558896458649943,0.0348133044408053
59.66,-0.0113049705309092,0.0375849524642882,0.03247042304842288
59.67,-0.0112631747203245,0.0878104660504884,0.03461057214494819
59.68,-0.0112208619724135,0.0428399753729985,0.03837676314060686
59.69,-0.0111780341325473,0.0704945604573687,0.040411900804762375
59.7,-0.0111346930641131,0.0432882251173861,0.0385997930535204
59.71,-0.0110908406484283,0.0214113618253905,0.03613455044107819
59.72,-0.0110464787847291,-0.060917654931964,0.03361725717294074
59.73,-0.0110016093900572,0.0549741989315169,0.03606447167333103
59.74,-0.0109562343992342,0.0188314555170337,0.03146714108965106
59.75,-0.0109103557647621,0.0178836357357522,0.032299110100554446
59.76,-0.0108639754567457,0.0424550754860627,0.03250937604669783
59.77,-0.0108170954628561,0.0507924357241825,0.032351757176787135
59.78,-0.0107697177882615,0.0593328380382844,0.027792460270204107
59.79,-0.010721844455544,0.0535151930440068,0.02583059714386386
59.8,-0.0106734775045913,0.0110851627568115,0.022138015058881116
59.81,-0.0106246189925801,0.0118310052377513,0.022257375468449962
59.82,-0.0105752709939288,-0.0592167527049317,0.022507509197455002
59.83,-0.0105254356001394,0.030880134905621,0.026869474307786613
59.84,-0.010475114919764,0.0222030895135733,0.024537966603190527
59.85,-0.0104243110783497,0.065312307705028,0.02614911196735707
59.86,-0.0103730262183687,0.0603052307340054,0.02801720781197788
59.870000000000005,-0.0103212624991105,0.0342749561961636,0.02483354786171872
59.88,-0.0102690220965984,-0.0079347689877552,0.026565867573770625
59.89,-0.0102163072035588,0.0016408497198533,0.02582046857029476
59.9,-0.0101631200293328,-0.0070496633272689,0.02530992731670008
59.91,-0.0101094627997899,0.0457947937183319,0.025902731751011824
59.92,-0.010055337757206,0.0266641701344963,0.0277706208411082
59.93,-0.0100007471602742,0.0306836123849998,0.03393420468121196
59.94,-0.0099456932839775,0.0060125371349991,0.03483956569467243
59.95,-0.0098901784194749,0.0526655081645311,0.03699822311352966
59.96,-0.0098342048740956,0.0571136484727892,0.03407898601850402
59.97,-0.0097777749712341,-0.0244017834693796,0.03368866596712538
59.98,-0.0097208910501994,0.0871711496772725,0.031038208043405353
59.99,-0.0096635554662355,0.0436794589652912,0.03328537546309537
60.0,-0.009605770590404,0.0427938267185186,0.03720635159396081
60.01,-0.0095475388094623,0.0235340558773581,0.039040924665358356
60.02,-0.0094888625258138,0.0510566761297751,0.03972510719327621
60.03,-0.0094297441574298,0.0702185079372473,0.038605760572658264
60.04,-0.0093701861377748,0.049892716188291,0.04036671846303717
60.05,-0.0093101909156623,0.0675348953095751,0.041984624955978364
60.06,-0.0092497609552461,0.0040083287094895,0.040041229926444794
60.07,-0.0091888987358873,0.052108509655054,0.03910587144622037
60.08,-0.0091276067520684,-0.021384660201957,0.04308991271004238
60.09,-0.0090658875133181,0.0392557468257351,0.03830016825193315
60.1,-0.0090037435441503,0.0839813484680276,0.03823368768735044
60.11,-0.0089411773839254,0.0314763711720796,0.03808715319431734
60.120000000000005,-0.008878191586778,0.0601626268046068,0.0392810808163812
60.13,-0.0088147887215506,0.0031578911015195,0.039218840780724906
60.14,-0.0087509713716876,0.0676637280829567,0.038297301676793204
60.15,-0.0086867421351527,0.0399885734867642,0.03779933428081908
60.16,-0.0086221036243061,0.0118542125443262,0.037782608177217306
60.17,-0.0085570584658606,0.0374711203880761,0.0385118330231428
60.18,-0.0084916093007758,0.0592630830708828,0.03679368956752401
60.19,-0.0084257587841446,-0.0134134839430214,0.04010972258093669
60.2,-0.0083595095851152,0.0422833671090544,0.03981431722537855
60.21,-0.0082928643867941,0.0397166023648234,0.03878367963195322
60.22,-0.0082258258861767,0.0486065359406992,0.04146318101303648
60.23,-0.0081583967940335,0.049749635380993,0.04228120705246791
60.24,-0.0080905798347852,0.0508661867546814,0.04337375854913687
60.25,-0.0080223777464555,0.0394354008728344,0.04325383487755395
60.26,-0.0079537932805795,0.0671836471339379,0.043420351506918066
60.27,-0.007884829202065,0.019322050473925,0.044024606470210594
60.28,-0.0078154882891062,0.0160274970870593,0.04626545349302392
60.29,-0.0077457733331287,0.0482520330797094,0.047839528092602425
60.3,-0.0076756871386363,0.0330522343590141,0.05304110316140048
60.31,-0.0076052325231668,0.0623379590060957,0.050383856118435155
60.32,-0.0075344123171477,0.087745900174828,0.051616535815525263
60.33,-0.0074632293638243,0.077341173632667,0.053378789617823
60.34,-0.007391686519137,0.0261014725315675,0.05418311398746295
60.35,-0.0073197866516494,0.0651453309797153,0.05316091973411543
60.36,-0.0072475326424598,0.0434854227034108,0.05180313522739567
60.370000000000005,-0.0071749273850396,0.0245435667734691,0.04877287358838315
60.38,-0.0071019737851868,0.084528907867156,0.04861538363864408
60.39,-0.0070286747609171,0.0923186496620315,0.04930136266833139
60.4,-0.0069550332423534,0.0958195925017378,0.04900198324885072
60.41,-0.0068810521716144,-0.0135188207932175,0.05083402295466474
60.42,-0.0068067345027122,0.0656028760037156,0.049437016761577024
60.43,-0.0067320832014883,0.0856138657889516,0.045104724233612684
60.44,-0.0066571012454802,0.0666404471434322,0.048142968616210376
60.45,-0.0065817916237775,0.0294001074343834,0.048721428488484646
60.46,-0.0065061573370134,0.0109219262317195,0.048874382513726417
60.47,-0.0064302013971867,0.0035481527146749,0.04678078187680539
60.48,-0.0063539268275486,0.0160147615294045,0.04548460452093572
60.49,-0.0062773366625551,0.030433056710493,0.041489106245122906
60.5,-0.006200433947745,0.0419650652706151,0.04124043574788562
60.51,-0.0061232217396012,0.0715250681811086,0.038255439164844515
60.52,-0.0060457031054506,0.0330008289512537,0.03833763796760624
60.53,-0.0059678811233865,-0.0032322429124232,0.035313586428259665
60.54,-0.0058897588821577,0.1411443056672185,0.034064233403992505
60.55,-0.0058113394810266,0.0382491298493272,0.03626398166112959
60.56,-0.0057326260296974,0.0683573655097925,0.03815496633685974
60.57,-0.0056536216481939,-0.0004801906719308,0.039943298791918935
60.58,-0.0055743294667398,-0.0026761576997939,0.043870078959991836
60.59,-0.0054947526256787,0.0006234440750868,0.04391374352949286
60.6,-0.0054148942753351,0.0870965692200485,0.046059800149097684
60.61,-0.0053347575759143,0.0331346642578747,0.04334191584466159
60.620000000000005,-0.0052543456974002,-0.0117926459352213,0.040047200067669576
60.63,-0.005173661819452,0.0020977936774375,0.04243028845403164
60.64,-0.0050927091312685,0.0593774522793412,0.044960002284996844
60.65,-0.005011490831483,0.112835160543311,0.037393256452570765
60.66,-0.0049300101280652,0.0691107856247165,0.03616619805152323
60.67,-0.0048482702382252,0.0484769077879626,0.03699435525001579
60.68,-0.0047662743882487,0.0860105362442059,0.040866661287477034
60.69,-0.0046840258134228,0.0169317174889259,0.04272962503766321
60.7,-0.0046015277579303,0.0755002457221944,0.04228775262813102
60.71,-0.004518783474719,-0.015110505122543,0.040831470664423
60.72,-0.0044357962253854,0.0023360368642764,0.04287907277816137
60.73,-0.0043525692800611,0.0830456850648571,0.047121733315772255
60.74,-0.004269105917326,0.0498917475378461,0.04989562205708332
60.75,-0.0041854094240678,-0.0177573568137292,0.05103323206899984
60.76,-0.00410148309537,0.0124809034273289,0.047471749298217306
60.77,-0.0040173302344015,0.0857486666781364,0.048495406378190865
60.78,-0.0039329541523025,0.0808382361147552,0.048278642985575125
60.79,-0.0038483581680764,0.0364460810541158,0.0476442670622473
60.8,-0.0037635456084622,-0.0086558765250891,0.049652225361421984
60.81,-0.0036785198078093,0.0565146479821801,0.04673436562971633
60.82,-0.0035932841079944,0.0761343086463805,0.04841262618738177
60.83,-0.0035078418582856,0.0773032253546072,0.04954549797925291
60.84,-0.0034221964152147,0.0603494572449696,0.04784217739175652
60.85,-0.0033363511424688,0.0832672625295883,0.04781225419976728
60.86,-0.0032503094108043,0.0380440223568777,0.04828324105381605
60.870000000000005,-0.0031640745978722,0.0906075843041613,0.04884023393855149
60.88,-0.0030776500881374,0.0439248765430321,0.04861039380991232
60.89,-0.0029910392727705,0.0726886418543216,0.04610104401183688
60.9,-0.0029042455494954,0.0590988417715944,0.045669982128488565
60.91,-0.0028172723224889,0.0142251913563755,0.046683519752464174
60.92,-0.0027301230022785,0.0201329665884313,0.048514184887814074
60.93,-0.0026428010055923,0.0261263444935702,0.048768135156454985
60.94,-0.0025553097552644,0.0472759527274331,0.04686416241789099
60.95,-0.0024676526800992,0.0492633605060719,0.048052939794738916
60.96,-0.0023798332147606,-0.0078666328787048,0.044414662398638574
60.97,-0.0022918547996658,0.0241777540067731,0.04387162536612292
60.98,-0.0022037208808306,0.0809220239767138,0.04091673968267311
60.99,-0.002115434909794,0.0281418903551708,0.04382849575775882
61.0,-0.0020270003434519,0.0273937815038012,0.04432552204754744
61.01,-0.0019384206439737,0.0126284135783988,0.04409786496365488
61.02,-0.0018496992786581,0.0949586158245279,0.045180084924975106
61.03,-0.0017608397198332,0.0814672642878397,0.04637861483260608
61.04,-0.0016718454447228,0.0373197978447631,0.04459026297997768
61.05,-0.0015827199353196,0.0853137821587762,0.041177748033023195
61.06,-0.0014934666782762,0.006863437211481,0.040483496769734804
61.07,-0.0014040891647859,0.0266402446740491,0.04073123567763562
61.08,-0.0013145908904471,0.0285549849517153,0.04084377179256972
61.09,-0.0012249753551407,0.1050717541198321,0.03723233406562602
61.1,-0.0011352460629415,0.0831261939398825,0.03849838628078597
61.11,-0.0010454065219517,0.0543180430098505,0.04098675878719534
61.120000000000005,-0.0009554602442091,0.0369518105441005,0.04472136359610588
61.13,-0.0008654107455569,0.0453020946486816,0.041137534994945046
61.14,-0.0007752615455047,-0.0114290444116262,0.038287435549562286
61.15,-0.0006850161671317,-0.024386861158611,0.04030975072207099
61.16,-0.0005946781369614,0.0346840839770157,0.037644380328736196
61.17,-0.0005042509848174,-0.0026641158127877,0.040350736210924346
61.18,-0.0004137382437124,0.026541012420389,0.042741087861152396
61.19,-0.0003231434497402,0.0050818317108962,0.04167284595332047
61.2,-0.0002324701419392,0.0547289868735299,0.03733500702911493
61.21,-0.0001417218621624,0.079649604138398,0.03593007874500724
61.22,-5.0902154949405976e-05,0.09105511456552,0.034286250257750395
61.23,3.998543256777953e-05,0.0196982152001505,0.03492791480739622
61.24,0.0001309373507951,0.0216151759348016,0.03552918432362671
61.25,0.0002219500478295,0.079788416467446,0.03687590272733679
61.26,0.0003130199695611,0.0293410038987456,0.038563891627086955
61.27,0.0004041435597929,0.0636969107374321,0.040144647382632445
61.28,0.0004953172603683,0.0768376293288381,0.04176685333740463
61.29,0.000586537511299,0.006121904887245,0.04509786106507293
61.3,0.0006778007508922,0.0139771367115155,0.044687027430364415
61.31,0.0007691034158596,0.0536226999736212,0.04566189674392474
61.32,0.0008604419414498,0.0197976447774568,0.04415972311368975
61.33,0.000951812761582,0.0504267660866626,0.04400979005905542
61.34,0.0010432123089626,0.057928754489522,0.043594437206325484
61.35,0.001134637015196,0.0168520420662855,0.045747405734493395
61.36,0.0012260833109206,0.0110609057361425,0.046587651910786926
61.370000000000005,0.0013175476259452,0.067879954843471,0.046822288940384024
61.38,0.0014090263893484,0.0314022092374281,0.04572094009145901
61.39,0.0015005160296205,0.0964921747014234,0.04431672226530907
61.4,0.0015920129747881,-0.0035456746179827,0.04486651981622853
61.41,0.0016835136525228,0.0752012424582968,0.046951088600780504
61.42,0.0017750144902739,0.0481039579034632,0.044997859948371494
61.43,0.0018665119154021,0.087906520418199,0.04617175400385124
61.44,0.0019580023552928,0.0109758052928218,0.047250975016029005
61.45,0.0020494822374789,0.0668275150263279,0.04581654281183196
61.46,0.002140947989776,0.09743358616961,0.05049195479251928
61.47,0.0022323960403969,0.0342683815202847,0.054187037764757785
61.48,0.0023238228180788,0.0405685849100068,0.05283751016668353
61.49,0.0024152247522002,0.0473490549796894,0.057003159406911565
61.5,0.0025065982729222,0.0176676534565536,0.05460958320398942
61.51,0.0025979398113051,0.057753081187107,0.05805299742595248
61.52,0.0026892457994226,0.0126048982730319,0.05447632918501986
61.53,0.0027805126704999,0.0444494199425315,0.05295404928635981
61.54,0.0028717368590169,0.0730904073423958,0.05258751760922671
61.55,0.0029629148008636,0.0278056782013839,0.055276984307139836
61.56,0.003054042933448,0.1150356936607192,0.054426547544633476
61.57,0.0031451176958019,0.088657648153151,0.053432278828869854
61.58,0.0032361355287419,0.039539875283912,0.05262169625040627
61.59,0.0033270928749551,0.1188808432822165,0.05217473151115226
61.6,0.003417986179155,0.0462270744400584,0.05458628462952631
61.61,0.0035088118881893,0.0687660240432415,0.05668410900523191
61.620000000000005,0.0035995664511567,9.1209398711857e-05,0.056074587277796996
61.63,0.0036902463195459,0.0161360800316021,0.05882818606854942
61.64,0.0037808479473516,0.080209355198404,0.05994016737575372
61.65,0.0038713677912055,0.0674546059489974,0.05892290781711137
61.66,0.0039618023104787,0.0489683430136945,0.05944558156017045
61.67,0.0040521479674204,0.076553943138574,0.05950769049313818
61.68,0.0041424012272944,0.0172461473725493,0.05675518898469015
61.690000000000005,0.0042325585584784,0.0311823253856727,0.056512623071842696
61.7,0.004322616432581,0.0979916704655443,0.052999414297876406
61.71,0.004412571324594,0.0617219653463713,0.053019684170341724
61.72,0.0045024197130094,0.0449531249109737,0.052846263805452404
61.73,0.0045921580799135,0.070430472878833,0.05374987458747838
61.74,0.0046817829111284,0.0678010273938216,0.053767315484166765
61.75,0.0047712906963454,0.0517279566109067,0.05524318185996924
61.76,0.0048606779292331,0.0387818268056243,0.055083083807860485
61.77,0.0049499411075598,0.1163399812530417,0.05103624918458351
61.78,0.0050390767333041,0.0308551164757422,0.0463496707774137
61.79,0.0051280813128162,0.0344459911141155,0.0495940853647001
61.8,0.0052169513568955,0.0451034590289245,0.05098195474695875
61.81,0.0053056833809322,0.0466527417618301,0.049857374076847635
61.82,0.0053942739050266,0.0651241963805659,0.04805881883317816
61.83,0.005482719454114,0.0190670358212571,0.04909345124835788
61.84,0.005571016558073,0.0165023388620583,0.047338278096967376
61.85,0.0056591617518503,0.111202549090256,0.0464264036411367
61.86,0.0057471515756107,0.0640925468547135,0.045213445281536806
61.870000000000005,0.005834982574801,-0.0360151840751222,0.04293719718556139
61.88,0.0059226513003135,-0.0218642034119918,0.03866608723144156
61.89,0.0060101543086027,0.0853788537055638,0.0401567900704833
61.9,0.0060974881617881,0.0603275824131042,0.04154593714251601
61.91,0.0061846494277706,0.074375476393211,0.042429371820899654
61.92,0.0062716346803798,0.0239523052293122,0.04227018664782266
61.93,0.0063584404994737,0.0666804056297479,0.04116489673348393
61.940000000000005,0.0064450634710472,0.0335718366996324,0.04599908470331029
61.95,0.0065315001873789,0.0486516638213775,0.04942944938872127
61.96,0.006617747247134,0.0262558310593089,0.048549215393498976
61.97,0.0067038012554726,-0.0090193832098595,0.04703860086915118
61.98,0.0067896588241828,0.0266466722165253,0.05175799499330709
61.99,0.0068753165717999,0.0621598760956187,0.054615468401719595
62.0,0.0069607711237179,0.0636180796268025,0.054164277475415176
62.01,0.0070460191123,0.0636555872749809,0.05331713216921744
62.02,0.0071310571770122,0.0433098531272131,0.04907834146168757
62.03,0.0072158819645201,0.0419131081794529,0.050322827762600074
62.04,0.0073004901288253,0.1205849831876104,0.05115246473336666
62.05,0.0073848783313817,0.0885399972556889,0.05101230470005587
62.06,0.0074690432411872,0.092717635190588,0.050833975225287445
62.07,0.007552981534914,0.0323696418434096,0.053359962926011424
62.08,0.0076366898970392,0.0630920925321518,0.05732435621428099
62.09,0.0077201650199532,0.038142738164671,0.0582178751285074
62.1,0.0078034036040453,0.0759038442531712,0.060831770631395284
62.11,0.0078864023578512,0.0425375309829517,0.06226743908499869
62.120000000000005,0.0079691579981611,-0.0146391284649165,0.06519921382722235
62.13,0.0080516672501362,0.0500865175484748,0.06805773521695191
62.14,0.0081339268474089,0.0841027820158463,0.07039258455863584
62.15,0.0082159335322046,0.0306284760001056,0.06596692926287022
62.16,0.0082976840554527,0.0449067448512409,0.06514894769153336
62.17,0.0083791751769174,0.0793015727745122,0.06530607334578609
62.18,0.0084604036652863,0.0742328758438014,0.0671165792534523
62.190000000000005,0.0085413662982841,0.0454105694152801,0.0646710660804845
62.2,0.0086220598627978,0.1170516816562642,0.06508640380338247
62.21,0.0087024811549901,0.093767117152474,0.06522766405276842
62.22,0.0087826269804053,0.1252228568616779,0.06569718389610835
62.23,0.0088624941540688,0.1033388023115339,0.07039497442142503
62.24,0.0089420795005984,0.0909449443548154,0.07398258709160596
62.25,0.0090213798543542,0.0276462219765323,0.07268570626599019
62.26,0.0091003920595106,0.0713623842576147,0.07255025237168339
62.27,0.0091791129701535,0.0960172739298955,0.07206238989751218
62.28,0.0092575394504357,0.0703902659043999,0.07163614305372153
62.29,0.0093356683746465,0.0117363158998279,0.0702520082438412
62.3,0.0094134966273556,0.0468648303455285,0.07090897989439457
62.31,0.0094910211034721,0.0788703094902761,0.06799989605696401
62.32,0.0095682387084017,0.0523974476930902,0.06650842611843262
62.33,0.009645146358142,0.084014472566734,0.06356968536789243
62.34,0.009721740979357,0.1254263836222742,0.061522822758279805
62.35,0.009798019509527,0.0568682846779151,0.05775753707251232
62.36,0.0098739788970486,0.0277839442196629,0.05998280721742038
62.370000000000005,0.0099496161013012,0.0346616328936453,0.060135676894969355
62.38,0.0100249280928027,0.0703503890549087,0.058300417125465666
62.39,0.0100999118532896,0.0451660448363145,0.05740743937298812
62.4,0.010174564375831,0.0592069740769007,0.0561563504463748
62.41,0.0102488826649205,0.0559609210702225,0.05614701173533391
62.42,0.0103228637365865,0.0624462484433148,0.054274217402798426
62.43,0.0103965046185233,0.063509301100334,0.05393579285137405
62.440000000000005,0.0104698023501242,0.0603546875096686,0.0532360658400802
62.45,0.0105427539826785,0.0118739449536983,0.0501858025903388
62.46,0.0106153565794048,0.0743768950196015,0.051166416775010125
62.47,0.0106876072155676,0.0745726474861433,0.0506502945079126
62.48,0.0107595029785856,0.057476818770318,0.053527431408148536
62.49,0.0108310409681539,0.0516377331023715,0.05555203022216485
62.5,0.0109022182963158,-0.0145365515590519,0.05510218555175712
62.51,0.0109730320875522,0.0466687174136698,0.05379726946458062
62.52,0.0110434794789171,0.0395416285070311,0.05318793964966966
62.53,0.0111135576201321,0.0452905321131781,0.05108063719115374
62.54,0.0111832636736752,0.0693202053295632,0.0495318572159179
62.55,0.0112525948148506,0.0613708553777048,0.05103167788571303
62.56,0.0113215482319323,0.0774611825560129,0.05537117525226833
62.57,0.0113901211262645,0.0169453766106149,0.055871555714656504
62.58,0.0114583107123339,0.0950815077986001,0.053251811737972055
62.59,0.0115261142178496,0.1128669641492512,0.05395178331748886
62.6,0.0115935288838714,0.0357193067577522,0.05710592501695964
62.61,0.0116605519649232,0.0318037362461939,0.06147128365044375
62.620000000000005,0.0117271807290486,0.0431649949570926,0.06677661333001625
62.63,0.0117934124579083,0.0181928968144804,0.0684954877769379
62.64,0.011859244446899,0.0309849216203814,0.06729165424902622
62.65,0.0119246740052397,0.0918509215753663,0.06711938698133191
62.66,0.0119896984560607,0.1030033896513598,0.06804859810571526
62.67,0.0120543151364921,0.0848848847297531,0.06576197009990345
62.68,0.0121185213977637,0.0195580239757699,0.06795387111436885
62.690000000000005,0.0121823146052857,0.0721762219401709,0.0641802592774314
62.7,0.0122456921387847,0.1178747087912576,0.0630800507824665
62.71,0.0123086513923342,0.0771359797441145,0.063968645468154
62.72,0.0123711897744849,0.1580806406846923,0.06543646533413752
62.73,0.0124333047083174,0.0756379918923856,0.06758589185344248
62.74,0.0124949936315704,0.0200100280270331,0.0674931675131899
62.75,0.012556253996751,0.0657025927079825,0.06907968084440305
62.76,0.0126170832711575,0.0808842889897552,0.06718539552233556
62.77,0.012677478936976,0.0294419944339648,0.06400201271519902
62.78,0.012737438491428,0.0629752979143884,0.06380483453780621
62.79,0.0127969594468368,0.0158356592229137,0.06498999462950605
62.8,0.0128560393306442,0.0897625857549883,0.06585397388856855
62.81,0.0129146756855741,0.0543797951571899,0.06476872244585678
62.82,0.0129728660697298,0.0626279534318477,0.06409357389472475
62.83,0.0130306080566217,0.0883029518624967,0.055530477625332864
62.84,0.0130878992352284,0.0162456856691763,0.059044323333371306
62.85,0.0131447372101994,0.0643017015758576,0.0603962113818041
62.86,0.0132011196018383,0.0520709298119489,0.059981737095715096
62.870000000000005,0.0132570440461915,0.0361523507014923,0.05864785564464102
62.88,0.0133125081951818,0.0807441430045042,0.06037170132131192
62.89,0.0133675097166607,0.0444463859014665,0.06006885833363101
62.9,0.0134220462944784,0.0903197863804834,0.06419562723796936
62.91,0.0134761156285745,0.0950844284943105,0.065896007584924
62.92,0.0135297154350649,0.062957860170342,0.06632793846465329
62.93,0.0135828434463386,-0.0217443809725374,0.06690901311967876
62.940000000000005,0.0136354974110797,0.149428751761193,0.06695319417274992
62.95,0.0136876750943926,0.0483996770441217,0.0698817487907017
62.96,0.0137393742778879,0.0569986327001134,0.07056768410376633
62.97,0.013790592759727,0.0528727785171998,0.07246540129945123
62.98,0.0138413283547161,0.0656427536440535,0.07246449354548119
62.99,0.0138915788943594,0.056615595173089,0.07144013447299605
63.0,0.0139413422269724,0.102497806214019,0.07522458933621297
63.01,0.0139906162177544,0.1254705730410363,0.07558675389338972
63.02,0.0140393987488329,0.0634503436315046,0.07376129930285412
63.03,0.0140876877193329,0.0748305211873826,0.07789214267009431
63.04,0.0141354810454935,0.0892307539769911,0.08291537259665485
63.05,0.0141827766607066,0.0777453326461639,0.07843037909099942
63.06,0.0142295725156227,0.0787063431502148,0.08167476584043146
63.07,0.0142758665781728,0.0919229909213314,0.07939969416643317
63.08,0.0143216568336601,0.0361332878681218,0.07726101753662233
63.09,0.0143669412848462,0.059232602482316,0.07909517038628369
63.1,0.0144117179520342,0.1239199380290222,0.08015793892903883
63.11,0.0144559848730907,0.0979252420811948,0.07656747808847131
63.120000000000005,0.0144997401035212,0.056749882093063,0.07701961235569611
63.13,0.0145429817165754,0.149705570882386,0.07588642686828319
63.14,0.0145857078033106,0.0837434474852339,0.07382872959161789
63.15,0.0146279164726231,0.0552438881424292,0.07214843570327711
63.16,0.0146696058513084,0.1165317987821943,0.07180067322516936
63.17,0.0147107740841839,0.0092221275461494,0.07436217294314018
63.18,0.0147514193341274,0.0079605692911721,0.07339854357533068
63.190000000000005,0.0147915397821163,0.1041599634869423,0.0747870079658056
63.2,0.0148311336272993,0.0789337345709467,0.07700651559579604
63.21,0.0148701990870747,0.0270981285621011,0.0715858357315158
63.22,0.0149087343971843,0.1349653926527573,0.06909968138919964
63.23,0.0149467378117107,0.0396534483958332,0.06763150257314736
63.24,0.0149842076031275,0.0316188783774111,0.0634708679225469
63.25,0.015021142062474,0.0539445823218347,0.06209857576534658
63.26,0.0150575394992968,0.0704423206059014,0.06418971188609726
63.27,0.0150933982417417,0.1324978372276018,0.0638538919017241
63.28,0.015128716636642,0.0716867741973321,0.06756165451362402
63.29,0.0151634930495719,0.065291040068095,0.07048170991710465
63.3,0.0151977258648378,0.1058422627121152,0.06915116300059104
63.31,0.0152314134856224,0.0100856608791372,0.0673979789905373
63.32,0.0152645543340101,0.0457160008925554,0.0713805402495338
63.33,0.015297146851026,0.0259181269559652,0.07262625225927904
63.34,0.0153291894966739,0.0623322432197762,0.07398359982336197
63.35,0.0153606807500344,0.0549253121840272,0.07793546349294811
63.36,0.0153916191093422,0.0991577466781933,0.07918510678405441
63.370000000000005,0.0154220030919138,0.1094795791103579,0.07781634428283225
63.38,0.0154518312343532,0.0870851423960479,0.07517986479574407
63.39,0.0154811020925099,0.0692817327642654,0.07251015545175862
63.4,0.0155098142415294,0.0762184782401565,0.0719589724512646
63.41,0.0155379662759413,0.0421168703598181,0.06864858462286876
63.42,0.0155655568097157,0.1107319150010276,0.06980882183134737
63.43,0.0155925844762705,0.1611253448574076,0.07000466696401804
63.440000000000005,0.0156190479285139,0.0681577472415745,0.06899093387044387
63.45,0.0156449458389412,0.1146080154387201,0.06918921172639136
63.46,0.0156702768996735,0.0801870914350672,0.07002580541074367
63.47,0.0156950398224609,0.041698308080236,0.06742650697970434
63.48,0.0157192333387373,0.0771317679987497,0.0633687536867136
63.49,0.0157428561996991,0.0156228779736379,0.062141004706249406
63.5,0.0157659071763571,0.0537161970577205,0.06151984569103308
63.51,0.0157883850595202,0.0363241183158027,0.060938473918740535
63.52,0.0158102886598565,0.0344506422571879,0.059415114451654816
63.53,0.0158316168079764,0.0498287486786395,0.057545066806341624
63.54,0.0158523683544548,0.0046297319909076,0.05466080933430981
63.55,0.015872542169848,0.0664960781946734,0.0561467122095887
63.56,0.0158921371447295,0.0724937795554258,0.05138389550468788
63.57,0.0159111521897709,0.0445724796263674,0.048795699504129174
63.58,0.0159295862357689,0.0242667599575523,0.04900316482731669
63.59,0.0159474382336544,0.0613024138062997,0.046878150438531344
63.6,0.0159647071545337,0.0562373934447226,0.051074873261683085
63.61,0.0159813919897611,0.0640096710220132,0.05175750770284402
63.620000000000005,0.0159974917509325,0.010126321551018,0.05294607595031374
63.63,0.0160130054699669,0.0714609144494504,0.056097231872949675
63.64,0.0160279321990808,0.1005559379447394,0.059889535133687825
63.65,0.0160422710108798,0.0993617076224315,0.06486779888510442
63.66,0.0160560209983368,0.014588864635803,0.06379142594905032
63.67,0.0160691812748581,0.0258349754233343,0.06176238073499888
63.68,0.0160817509743477,0.0460550798671736,0.06273330394544255
63.690000000000005,0.0160937292511348,0.0325064658342575,0.0649786440766828
63.7,0.0161051152801017,0.1037540572598245,0.06508268956227001
63.71,0.016115908256703,0.0680515203221002,0.06693793168862514
63.72,0.0161261073969382,0.0612840515126668,0.06658517897269979
63.73,0.0161357119374039,0.1006249166325425,0.07007630955104363
63.74,0.016144721135336,0.1294671171541407,0.06954485670296609
63.75,0.0161531342686538,0.1091732707706561,0.06817055862134329
63.76,0.0161609506359433,0.0438922465375374,0.06760761986254979
63.77,0.016168169556463,0.0298838300603454,0.07012726676993883
63.78,0.0161747903702741,0.0649618670456845,0.07301961248071474
63.79,0.016180812438149,0.0714189027135976,0.07328702435911581
63.8,0.0161862351416297,0.0634873690036309,0.07496670668237368
63.81,0.0161910578830776,0.0951974780981803,0.07603004855350332
63.82,0.0161952800856901,0.0566018639875811,0.07612117007199297
63.83,0.0161989011934982,0.0834400636962384,0.0783584237669523
63.84,0.0162019206713659,0.0603004046398222,0.07931124880858705
63.85,0.0162043380050602,0.0716956782306605,0.07377593585588486
63.86,0.0162061527012868,0.0875399936877682,0.06972737696998035
63.870000000000005,0.0162073642875987,0.0675014496909729,0.07403742047359392
63.88,0.0162079723125152,0.0865742353496284,0.07662953318314154
63.89,0.0162079763455419,0.0516707293135961,0.075456488776689
63.9,0.0162073759771036,0.0677797946226728,0.07658971813581122
63.91,0.016206170818625,0.1260842365535465,0.07865595531972784
63.92,0.0162043605025113,0.0699650722103828,0.07733732657158175
63.93,0.0162019446821981,0.108266379106813,0.08154557807275056
63.940000000000005,0.0161989230321235,0.1206342425068722,0.08294254613286717
63.95,0.0161952952477922,0.013225545147395,0.08338431801697808
63.96,0.0161910610457255,0.0241535341666611,0.08355577144574824
63.97,0.0161862201634888,0.1344031601134225,0.07901189708851947
63.98,0.0161807723597279,0.0843181969608455,0.07854850680256377
63.99,0.0161747174141829,0.0403279345101811,0.07620220543731179
64.0,0.0161680551276549,0.0952167192551642,0.07392225225022488
64.01,0.0161607853220141,0.1068783498658798,0.0734740578793354
64.02,0.016152907840275,0.0675062743871124,0.07287447956309556
64.03,0.0161444225465184,0.1449751455121264,0.07413682556693847
64.04,0.016135329325928,0.112776392958687,0.07604237257996742
64.05,0.0161256280848592,0.0695776142061513,0.07208606151796954
64.06,0.0161153187507062,0.0752962002348338,0.07685941699459012
64.07000000000001,0.0161044012719879,-0.0078813678140361,0.07826017928025018
64.08,0.0160928756184342,0.0577702536859034,0.0751249176948727
64.09,0.0160807417808106,0.0373019066793369,0.07423927021694489
64.1,0.0160679997710383,0.0037917123847708,0.07638010958858525
64.11,0.0160546496221714,0.0583677128339938,0.07810232762067303
64.12,0.0160406913883442,0.1134930919125099,0.07537155189357977
64.13,0.0160261251448828,0.096474338291084,0.07137010879036006
64.14,0.016010950988185,0.1482828663804211,0.06642118895622923
64.15,0.015995169035754,0.0375517102049163,0.06364301667742997
64.16,0.0159787794262705,0.1134660101564272,0.0627270823343278
64.17,0.0159617823194901,0.0535695421655228,0.06137439723665082
64.18,0.015944177896246,0.0685626668204951,0.06663844784282771
64.19,0.0159259663585237,0.0657195999243615,0.06802691961602948
64.2,0.0159071479293809,0.0852855613146286,0.07088850351127808
64.21000000000001,0.015887722852928,0.1313832979290075,0.07567443924553256
64.22,0.0158676913944333,0.0495320595969215,0.0751333092123531
64.23,0.0158470538401539,-0.0165240307805016,0.07234052495896084
64.24,0.0158258104974412,0.0410478289953788,0.07130454795345777
64.25,0.0158039616947297,0.0544347751039029,0.0654531170728494
64.26,0.015781507781426,0.0503429930010056,0.0648288707942516
64.27,0.0157584491280421,0.0468898131836173,0.06404600390685881
64.28,0.0157347861260537,0.1026636949156788,0.0677544822454219
64.29,0.0157105191879364,0.0869281609231405,0.06633278714248217
64.3,0.0156856487472045,0.0973951684795572,0.06702420517825455
64.31,0.0156601752583196,0.104296362804115,0.060838259723181375
64.32000000000001,0.015634099196668,0.0470039821372254,0.060937793424013356
64.33,0.0156074210586387,0.0548446225912725,0.061965159452915
64.34,0.0155801413615402,0.0747188211755191,0.06794748591181043
64.35,0.0155522606435642,0.0254028178876453,0.06705562398366934
64.36,0.0155237794638246,0.0244425383543628,0.06845842147085646
64.37,0.0154946984022685,0.0970258055211785,0.07050303809185816
64.38,0.0154650180597487,0.1314475872753477,0.07240187054146373
64.39,0.0154347390579456,0.0387070696587604,0.06918563865636057
64.4,0.0154038620392871,0.0802393786755821,0.06616741438431907
64.41,0.0153723876670758,-0.0446192932419083,0.06468390837895444
64.42,0.0153403166253673,0.133473505646479,0.0618985174878508
64.43,0.0153076496189147,0.0711067462038561,0.061329712509144305
64.44,0.0152743873732624,0.1091048248563025,0.06111664486619911
64.45,0.0152405306346137,0.0223187285044158,0.061501585325661266
64.46000000000001,0.0152060801698272,0.0838935223348323,0.06293688191348579
64.47,0.0151710367664648,0.0932799420420415,0.06716114596127926
64.48,0.0151354012326715,0.0867652946253342,0.06807825744816758
64.49,0.0150991743972067,0.0351228253285122,0.06632082012779975
64.5,0.015062357109366,0.0235454512102692,0.0682881127397628
64.51,0.0150249502389787,0.0662415423668997,0.0675065588110499
64.52,0.0149869546764463,0.0458031540909387,0.073899705370432
64.53,0.0149483713325904,0.0350590775843892,0.07285760953944106
64.54,0.0149092011386742,0.0503702020894231,0.0707063150696323
64.55,0.014869445046417,0.0828025708242248,0.06596811721623792
64.56,0.0148291040278997,0.0555440462319603,0.06909273749524766
64.57000000000001,0.0147881790755199,0.1131520833580254,0.06996850252838864
64.58,0.0147466712020594,0.1162851467458332,0.06984170974154555
64.59,0.014704581440525,0.0945414035476232,0.07013369324746978
64.6,0.0146619108441825,0.0800202145099848,0.07082497248054642
64.61,0.0146186604865372,0.063826746172611,0.07296155355449654
64.62,0.0145748314612226,0.0896367845051158,0.07183833783867064
64.63,0.014530424882056,0.1115894931956693,0.07088473466564715
64.64,0.0144854418829248,0.0259295623378723,0.0716173588382618
64.65,0.0144398836177644,0.0096026699350204,0.0716286354485586
64.66,0.0143937512605774,0.0879357543636205,0.06936966402813842
64.67,0.014347046005303,0.1022845880307927,0.06971312071916319
64.68,0.0142997690658175,0.0906172935183368,0.06546324067358154
64.69,0.0142519216759479,0.0928969482497427,0.06280351310526897
64.7,0.014203505089344,0.0496396892231219,0.058854217989065
64.71000000000001,0.0141545205794513,0.0684136537632215,0.056591324493208084
64.72,0.0141049694395184,0.0426540123345556,0.05673406460213393
64.73,0.0140548529825118,0.0257774874574457,0.05200812459246164
64.74,0.0140041725410766,0.0504441852092967,0.048458586716540075
64.75,0.0139529294675061,0.0506070109056562,0.05229333933091181
64.76,0.0139011251336307,0.0353641709954008,0.05486017644397453
64.77,0.0138487609308873,0.0627566367434807,0.05346666680441477
64.78,0.0137958382702085,0.0239046024008107,0.051204549155171974
64.79,0.0137423585819196,0.0604308678112691,0.05127473421632231
64.8,0.0136883233157997,0.0116062061073396,0.05251242008293802
64.81,0.0136337339409542,0.0324994510969897,0.055281087429633995
64.82000000000001,0.0135785919457648,0.0668242884600538,0.05329949761260999
64.83,0.0135228988379115,-0.0096079556980022,0.054494749252650514
64.84,0.0134666561442342,0.0370491978013164,0.058927241746319636
64.85,0.0134098654107406,0.1064593672396787,0.05777779137225254
64.86,0.0133525282024954,0.0635062493093375,0.056943169638534616
64.87,0.0132946461036009,0.0586720519328656,0.057388570810482736
64.88,0.013236220717222,0.054780117396694,0.059984103024308934
64.89,0.0131772536653723,0.0920911798024939,0.06134161241871108
64.9,0.0131177465889337,0.1188883514486725,0.06003066243097319
64.91,0.0130577011476645,0.1077817035037374,0.06232320285081762
64.92,0.0129971190200639,0.0268002676057173,0.06254177335994487
64.93,0.012936001903277,0.0677542967754065,0.06317402382225902
64.94,0.012874351513159,0.1188598298244975,0.06577677410946343
64.95,0.0128121695841559,0.0263057273538878,0.06303982562435748
64.96000000000001,0.0127494578691822,0.0330799544975796,0.0575456996230041
64.97,0.0126862181396708,0.0447175956063115,0.05659690902379144
64.98,0.0126224521854456,0.1172628132338305,0.05413853175824156
64.99,0.012558161814663,0.0524122996832559,0.052584331283232894
65.0,0.0124933488537759,0.0329009180687735,0.051682564745703014
65.01,0.0124280151474504,0.0597495549240724,0.0487417301512559
65.02,0.0123621625585268,0.0370894317886625,0.04655339975005722
65.03,0.0122957929679035,0.0801015481686506,0.04909977316500433
65.04,0.0122289082745197,0.0450498003332905,0.05062440380413563
65.05,0.0121615103953198,-0.0204267203859087,0.04775025824313271
65.06,0.0120936012651035,-0.0089172787887421,0.05059864197740251
65.07000000000001,0.012025182836492,0.0435816467258717,0.05126664525388773
65.08,0.0119562570799119,0.0070461293563181,0.05399614512746779
65.09,0.0118868259834592,0.0221419074215119,0.05334704050064637
65.1,0.0118168915528682,0.0731540825143663,0.05248672511190986
65.11,0.0117464558114427,0.0571308249652832,0.05406460614458248
65.12,0.011675520799928,0.0618267650785652,0.05382381595407158
65.13,0.01160408857655,0.0802741093196066,0.05253822653457392
65.14,0.0115321612168733,0.0997715401971639,0.05375876947839605
65.15,0.0114597408137101,0.058502773043436,0.05433845081239365
65.16,0.0113868294771196,0.0861217857735537,0.06060407425982316
65.17,0.0113134293342698,0.0471080233037691,0.061324421833475404
65.18,0.0112395425293843,0.1020370929514925,0.058959504745872776
65.19,0.0111651712237065,0.1036316160705811,0.06242030669925548
65.2,0.0110903175953663,0.0343456765197892,0.06272051345656628
65.21000000000001,0.0110149838393247,0.0660364197548983,0.060738471460445455
65.22,0.0109391721673485,0.0546929609233437,0.06050847050215042
65.23,0.0108628848078579,0.0100920539792114,0.06189835040654653
65.24,0.0107861240058987,0.1057329499889154,0.06320906939779809
65.25,0.0107088920230508,0.05722310834724,0.06147013988132078
65.26,0.0106311911373252,0.1111513720101112,0.05863003695999934
65.27,0.0105530236431561,0.006210020257955,0.056678200437871876
65.28,0.0104743918512562,-0.0060816121137837,0.058315680644635805
65.29,0.010395298088528,0.079722970377355,0.05692118996092586
65.3,0.0103157446980639,0.0284462493250386,0.05417919665856319
65.31,0.0102357340390074,0.0315312005958294,0.0537933340995694
65.32000000000001,0.0101552684864475,0.0523008048410873,0.053004047791018825
65.33,0.0100743504314132,0.0910142430708833,0.05283204541479234
65.34,0.0099929822807182,0.1077992081358895,0.054267206130810916
65.35,0.009911166456919,0.0632540203511404,0.05382978239006765
65.36,0.0098289053982403,-0.0011393883043143,0.05346266791540753
65.37,0.0097462015584276,0.0451332188088768,0.05340201478670455
65.38,0.0096630574067613,0.0814951076458117,0.05875873975720031
65.39,0.0095794754278788,0.0727527885935837,0.06280088261969034
65.4,0.0094954581217221,0.046049756720965,0.06009229835500098
65.41,0.0094110080035181,0.0262425627809196,0.06339830054513793
65.42,0.0093261276035844,0.0494614072753363,0.06517725879615124
65.43,0.0092408194672793,0.0510809110225876,0.06616113435638538
65.44,0.0091550861549688,0.0402304290156015,0.06656961014405027
65.45,0.0090689302418817,0.0965470514333068,0.06141050429745792
65.46000000000001,0.0089823543179851,0.0495137043793775,0.06484415271279254
65.47,0.0088953609880093,0.1098776563073486,0.06769438597596296
65.48,0.0088079528712897,0.1187012446383659,0.06885494904651836
65.49,0.0087201326016445,0.078803387998507,0.06864886799692578
65.5,0.008631902827344,0.0228427008188785,0.06995873699072852
65.51,0.0085432662109863,0.0978722953179145,0.07212963673991746
65.52,0.0084542254294328,0.0688893238671086,0.07562273971919238
65.53,0.0083647831736921,0.0729621916060044,0.0774642867360597
65.54,0.0082749421488115,0.0995922346118462,0.0767953353876015
65.55,0.0081847050738464,-0.0005420146425502,0.0765889228022289
65.56,0.0080940746817026,0.1353606370731676,0.07614642742172219
65.57000000000001,0.0080030537190578,0.0587155102222646,0.07743047838293046
65.58,0.0079116449463179,0.0695050432905402,0.07313827881406396
65.59,0.0078198511374444,0.0771674056043675,0.07073593901263617
65.6,0.0077276750799104,0.1002600374634412,0.07063556389932384
65.61,0.0076351195745866,0.0916386514539329,0.07281229357578667
65.62,0.0075421874356385,0.0995977253456927,0.07210819630851573
65.63,0.0074488814904627,0.0881338946295504,0.07088063455358753
65.64,0.0073552045795566,0.0370329327049652,0.07136335775911509
65.65,0.0072611595564042,0.0358957647227769,0.07241528225198397
65.66,0.0071667492874433,0.0872546484426659,0.07426746554735937
65.67,0.0070719766519261,0.0764787745647512,0.0706919768945146
65.68,0.0069768445417783,0.0197414653611518,0.0706644298031247
65.69,0.0068813558615959,0.0682521088083824,0.07074068873058204
65.7,0.0067855135284733,0.0766955106189482,0.07377053667318359
65.71000000000001,0.0066893204718976,0.0685540240245978,0.07354508196453906
65.72,0.0065927796337239,0.0830862527052248,0.0694052450672955
65.73,0.0064958939679726,0.0431105270136166,0.06813559955477477
65.74,0.0063986664407961,0.083099378922083,0.06741770289383046
65.75,0.0063011000303841,0.1216826489620928,0.0679188724043179
65.76,0.0062031977267951,0.0383538345603331,0.06977271851359597
65.77,0.0061049625319192,0.0602753753634275,0.0707078062176652
65.78,0.0060063974593543,0.0581370213030767,0.06801317453730894
65.79,0.0059075055342749,0.0711064807671442,0.06936796608128051
65.8,0.0058082897933686,0.1407942123989999,0.06927594646736676
65.81,0.0057087532847166,0.0955254885819061,0.06913899981371657
65.82000000000001,0.0056088990676661,0.0047020766118184,0.0666446700466519
65.83,0.0055087302127665,0.0729351695827575,0.06383786567049751
65.84,0.0054082498016333,0.0730580647497197,0.0661710465970332
65.85,0.0053074609268566,0.0475574924252014,0.06643481785123831
65.86,0.0052063666918872,0.0748265330176164,0.06371885628629877
65.87,0.0051049702109257,0.1068914902281196,0.06582208516774056
65.88,0.0050032746088363,0.0198915092772699,0.06482361385935562
65.89,0.0049012830210082,0.0481920877845547,0.06421362338514429
65.9,0.0047989985932694,0.0663196969161936,0.0636337387850461
65.91,0.0046964244817926,0.0738196308922944,0.06285082997770879
65.92,0.0045935638529309,0.0161730989162394,0.06209161965347073
65.93,0.004490419883163,0.0241433608059829,0.0630263472744464
65.94,0.0043869957589814,0.0921073264708661,0.06301620389282794
65.95,0.0042832946767518,0.0886385752603902,0.06144400008797257
65.96000000000001,0.0041793198426232,0.0646474560983625,0.06438029251163273
65.97,0.0040750744724038,0.0825216410706105,0.06305145710543882
65.98,0.0039705617914664,0.0393074778873439,0.06139391403277671
65.99,0.0038657850346401,0.0453272213446388,0.06308710031903879
66.0,0.0037607474460688,0.0589289041650823,0.0635858806265379
66.01,0.0036554522791332,0.1243531274449162,0.06349184622987013
66.02,0.0035499027963376,0.0795820717729068,0.059436064262153136
66.03,0.0034441022691594,0.0243313566523076,0.060135366317313386
66.04,0.0033380539779775,0.0727221585687697,0.06308848962830607
66.05,0.0032317612119497,0.0400417848477572,0.061232666211674724
66.06,0.0031252272688853,0.1092196333220646,0.05829081034497942
66.07000000000001,0.0030184554551421,0.0469209894875441,0.05711986816789153
66.08,0.0029114490855242,0.0720830857022158,0.05597830279794248
66.09,0.0028042114831317,0.0554484212887732,0.05601442891324453
66.1,0.0026967459792776,0.0586664742420362,0.05533964284331273
66.11,0.0025890559133823,0.0643449745861705,0.05674226562945503
66.12,0.0024811446328265,-0.0113517904297628,0.054346209564536896
66.13,0.0023730154928597,0.0308584420746048,0.053944186193511934
66.14,0.0022646718564584,0.0861589503368293,0.05569569852237287
66.15,0.002156117094243,0.0531350347216077,0.0545268376789501
66.16,0.0020473545843474,0.0268596020597888,0.054712325541195594
66.17,0.0019383877122969,0.0400576703795169,0.051898877942378636
66.18,0.0018292198708969,0.0585487683016803,0.05407961249229939
66.19,0.001719854460111,0.0400661263086872,0.05282899343322404
66.2,0.0016102948869611,0.0311567138760709,0.05302115523628627
66.21000000000001,0.0015005445653942,0.0883839826740707,0.04916823341622239
66.22,0.0013906069161656,0.0740359500816355,0.04993837967180837
66.23,0.0012804853667169,0.0711395809813825,0.05287249161745698
66.24,0.0011701833510791,0.0611131155583872,0.05117838529572973
66.25,0.001059704309736,0.0481760808568915,0.05221647136128429
66.26,0.0009490516894999,0.0439370299549127,0.05305308900551239
66.27,0.0008382289434116,0.0501372337469084,0.052128768883758975
66.28,0.0007272395306207,0.0927164150358798,0.05322026474137727
66.29,0.0006160869162497,0.0458200854616333,0.05222407923912922
66.3,0.000504774571286,0.0594838191530803,0.05616768760058033
66.31,0.0003933059724597,-0.0222448839793052,0.05990712429221291
66.32000000000001,0.000281684602113,0.0805180459534759,0.05746672058114917
66.33,0.0001699139481142,0.0502645604288584,0.05578028703930879
66.34,5.799750370794055e-05,-0.0047177906816676,0.05484003514349424
66.35,-5.406123260998097e-05,0.1079587577134748,0.05587311707381541
66.36,-0.0001662587571921,0.0707040052503978,0.05810237403584916
66.37,-0.0002785915613728,0.0074488795029673,0.057493198454048905
66.38,-0.0003910561315684,0.0629790833895008,0.05688884894176342
66.39,-0.0005036489494375,0.0376288727544714,0.05673863258969775
66.4,-0.0006163664919789,0.1228819018991605,0.056925185698333915
66.41,-0.0007292052316282,0.109684884400355,0.05791004119460354
66.42,-0.0008421616364273,0.0371355047417323,0.06312703840828766
66.43,-0.0009552321701244,0.0386208457029874,0.06314073713278884
66.44,-0.0010684132922794,0.0513942911692772,0.0656040178953732
66.45,-0.0011817014584136,0.0828078360951318,0.06890462054901689
66.46000000000001,-0.0012950931201211,0.0949904770596002,0.06601654892144142
66.47,-0.0014085847251765,0.0311443427371071,0.06632266975210833
66.48,-0.0015221727176745,0.0374458939889134,0.0672613023590357
66.49,-0.0016358535381538,0.0895618716425009,0.06950369967854386
66.5,-0.0017496236237146,0.0497377007429925,0.069651595026599
66.51,-0.0018634794081318,0.0801657845747425,0.06714290280570538
66.52,-0.0019774173219883,0.0873120575080611,0.06311974601920509
66.53,-0.0020914337928085,0.0808057191680008,0.06207627887175423
66.54,-0.0022055252451469,0.1019934564431302,0.06164547071525578
66.55,-0.002319688100752,0.0645948650448497,0.06164039457199469
66.56,-0.0024339187786687,0.0473092535343899,0.06341533921011169
66.57000000000001,-0.0025482136953469,0.077132542694403,0.05931376657418297
66.58,-0.002662569264808,0.0271601642484419,0.062385027442559776
66.59,-0.0027769818987138,0.1100694270991724,0.06358787555324306
66.6,-0.0028914480065422,0.0407346750636292,0.062147207726016354
66.61,-0.0030059639956836,0.0701993652603945,0.059454121402977844
66.62,-0.0031205262715466,0.025198591883849,0.0578388998521088
66.63,-0.0032351312377276,0.015222694645264,0.05533742103412182
66.64,-0.0033497752961075,0.0295738744165202,0.053199503201646674
66.65,-0.0034644548469603,0.051287692160794,0.04923412093828542
66.66,-0.0035791662891193,0.1200816734955889,0.04803203786243871
66.67,-0.0036939060200608,0.008857451705097,0.04503140946827738
66.68,-0.0038086704360423,0.0956408209730203,0.04275541574489816
66.69,-0.0039234559322531,0.0627057043132624,0.04204905435336383
66.7,-0.0040382589028858,0.0593078472707399,0.03834287577960418
66.71000000000001,-0.0041530757412977,-0.0068171120408162,0.040429074181301136
66.72,-0.0042679028401354,0.0462461320064927,0.037669151303690196
66.73,-0.0043827365914433,0.0347810023303346,0.040129342695934454
66.74,-0.0044975733867996,0.0359094446860226,0.03805131982073929
66.75,-0.004612409617416,0.0187204289125438,0.03709921498913321
66.76,-0.004727241674296,0.0393511204520688,0.0352782875826233
66.77,-0.0048420659483655,-0.0157039427429981,0.03554616477232896
66.78,-0.0049568788305448,0.0293366745034396,0.036228651456384396
66.79,-0.0050716767118985,0.0123265750262208,0.03423183555415271
66.8,-0.0051864559837994,0.0322396770502198,0.033949922853956274
66.81,-0.0053012130380086,0.0845448414992653,0.03444904564360586
66.82000000000001,-0.0054159442667844,0.0122409848305646,0.04238244735082754
66.83,-0.0055306460630621,0.0768626111209785,0.040710937660100935
66.84,-0.0056453148205376,-0.0284157857338345,0.043112638518439966
66.85,-0.0057599469337976,0.0095796729527926,0.04334205234796947
66.86,-0.0058745387984671,0.013048216624086,0.046401249961008285
66.87,-0.0059890868112894,0.1257070944794077,0.047564401110782015
66.88,-0.006103587370293,0.023189672070261,0.05092094957789653
66.89,-0.0062180368748998,0.0537076870261549,0.0529784569253125
66.9,-0.0063324317260304,0.0567855376091374,0.0551315000592845
66.91,-0.0064467683262708,0.0697894258533812,0.05451230708377144
66.92,-0.0065610430799584,0.1597843238108391,0.054375675393063455
66.93,-0.0066752523933122,0.0111444285012339,0.05246941277185996
66.94,-0.0067893926745749,0.0852167203554543,0.049482769140450585
66.95,-0.0069034603341233,0.0407271351061423,0.050926334570046305
66.96000000000001,-0.00701745178458,0.0829635787863589,0.053554306049213574
66.97,-0.0071313634409653,0.063777294597317,0.055604451194127526
66.98,-0.0072451917208032,0.0547835750664068,0.05370290141961939
66.99,-0.0073589330442463,0.072544328799175,0.05415980818745406
67.0,-0.0074725838342004,0.0575404808396326,0.05481784228616752
67.01,-0.0075861405164329,0.0192366245644455,0.052210446774003896
67.02,-0.007699599519742,0.0816755759943978,0.054181967464582224
67.03,-0.0078129572760238,-0.0277905302147088,0.04792877886796486
67.04,-0.007926210220413,0.0141430948613815,0.052066731818257196
67.05,-0.0080393547914447,0.0018990882876757,0.048960001449929055
67.06,-0.0081523874311262,0.0647670740153053,0.050754541757201795
67.07000000000001,-0.0082653045850533,0.056101264667279,0.04741452101692214
67.08,-0.0083781027026025,0.0857745492147368,0.04376706238095501
67.09,-0.0084907782369858,0.0327847141947892,0.04479218074444414
67.1,-0.00860332764539,0.0675264030991375,0.04261101113000127
67.11,-0.0087157473891208,0.0020302318537012,0.0407999479905293
67.12,-0.0088280339336804,0.1111913603555262,0.03844781190516891
67.13,-0.0089401837489538,0.0284673632818743,0.03662366007926883
67.14,-0.0090521933092752,0.0980414404573732,0.041128095641672004
67.15,-0.0091640590935443,0.0199753826205633,0.0450769506059714
67.16,-0.0092757775854102,0.0784124815588698,0.04321734381157901
67.17,-0.0093873452733428,0.012823143240486,0.04035827788874978
67.18,-0.0094987586507389,-0.0128193367579925,0.03805568326747674
67.19,-0.0096100142161048,0.0763110606996782,0.03373753963166037
67.2,-0.0097211084731207,0.0267397668958749,0.031211728470175743
67.21000000000001,-0.0098320379307709,0.0195081549107212,0.026784954455371195
67.22,-0.0099427991034961,-0.0301582332281227,0.028080267407135234
67.23,-0.010053388511283,0.0433683876504961,0.020943055603349234
67.24,-0.0101638026797995,0.0668026165957578,0.02656598672442106
67.25,-0.0102740381404814,0.097069049111669,0.024523256598100347
67.26,-0.0103840914306901,-0.0371526543945645,0.023155873768739475
67.27,-0.0104939590938518,0.0047266896358914,0.02120448168655602
67.28,-0.0106036376795043,0.0077467776205452,0.020773828752787597
67.29,-0.0107131237434582,-0.0049064671374071,0.022105377626420043
67.3,-0.010822413847944,-0.0202573201963879,0.02093562346953291
67.31,-0.0109315045616786,-0.0254358512117579,0.02326555263579827
67.32000000000001,-0.011040392459985,0.0292318038407459,0.025477192672697997
67.33,-0.0111490741249636,-0.0386900875239798,0.02621267117178956
67.34,-0.0112575461455655,0.1465489168243827,0.02517164403643639
67.35,-0.0113658051177273,0.0551441078046382,0.023580950324463175
67.36,-0.011473847644472,-0.008739656796015,0.02467128250141621
67.37,-0.011581670336011,0.0374332478330172,0.028866098481322558
67.38,-0.0116892698099335,0.0037794316313491,0.02929110395081683
67.39,-0.0117966426912613,0.0151431895882889,0.028886451698276035
67.4,-0.0119037856125464,0.0517462234050484,0.029142311075309773
67.41,-0.0120106952140652,0.0756682793874475,0.031368109406715194
67.42,-0.0121173681438657,0.0659525956856154,0.0333821391049656
67.43,-0.0122238010578784,-0.0147131847471998,0.03453831022659861
67.44,-0.012329990620119,0.0215068178080795,0.03884853473788179
67.45,-0.0124359335027107,0.0333980486443203,0.03267385213081717
67.46000000000001,-0.0125416263860089,0.1199660248276827,0.03354526033518035
67.47,-0.012647065958779,0.0509384811834688,0.03498739993540255
67.48,-0.012752248918238,0.0136518044952711,0.03614136358057662
67.49,-0.0128571719702236,-0.0007509196828115,0.040251429665574566
67.5,-0.0129618318292862,0.0004665797803014,0.03996213976050522
67.51,-0.0130662252187413,0.026484444763126,0.04161730403937935
67.52,-0.0131703488709084,0.0168587724515005,0.03738735815570918
67.53,-0.0132741995271468,0.0535113973950393,0.03853430364724356
67.54,-0.0133777739379337,0.0518246272129668,0.04384533963529104
67.55,-0.0134810688630637,0.0168805820760258,0.04560308289733699
67.56,-0.0135840810716963,0.073443680096265,0.04451585071574961
67.57000000000001,-0.0136868073424722,0.0215452748086513,0.04084450503161323
67.58,-0.0137892444636772,0.0616664843816725,0.04189215343914257
67.59,-0.0138913892332753,0.0900908194163059,0.04166036008560665
67.6,-0.0139932384590729,0.0090681015818327,0.043775490671755186
67.61,-0.0140947889588322,0.0865046732614052,0.04437839217382053
67.62,-0.0141960375603211,-0.0131605841696262,0.042859719973596215
67.63,-0.0142969811014997,0.0900384510078376,0.041777248769799956
67.64,-0.0143976164305836,0.0968185710017972,0.04364048711009578
67.65,-0.0144979404061384,0.0584194263110445,0.040912223156974716
67.66,-0.0145979498972492,0.0105661728309852,0.03914779867301521
67.67,-0.0146976417835814,0.0428677654608188,0.03487100183933799
67.68,-0.0147970129554531,0.0729390977415849,0.034700356922493424
67.69,-0.0148960603140402,0.0087841440710168,0.03440864330321599
67.7,-0.014994780771424,0.0436668226263078,0.03451826331718922
67.71000000000001,-0.0150931712506519,0.0131275113236736,0.038242318907064664
67.72,-0.0151912286859623,-0.0054076714415847,0.03541108054636675
67.73,-0.0152889500227876,-0.0058731228282209,0.03562844826102763
67.74,-0.0153863322178898,0.0926394025412516,0.03345173583506341
67.75,-0.0154833722394803,-0.0054689158025755,0.030433440386577054
67.76,-0.0155800670672834,-0.0201723320871238,0.029897578140106348
67.77,-0.0156764136927334,-0.0163690534109568,0.032329627785764294
67.78,-0.0157724091189609,0.0179617315549155,0.032701351089010074
67.79,-0.0158680503609398,0.0555404983768464,0.0319004556613422
67.8,-0.0159633344456622,0.0923928397097436,0.03328069364785745
67.81,-0.0160582584121382,0.0872732689692172,0.03216426658222477
67.82000000000001,-0.0161528193115156,0.027048667686749,0.03450589572185022
67.83,-0.0162470142072629,-0.0085958621617478,0.03386207130268741
67.84,-0.0163408401751663,0.0443274900625889,0.036709075883437754
67.85,-0.0164342943034884,0.0334343665835838,0.03487692113691824
67.86,-0.0165273736930648,0.0471663191351597,0.03732143219945997
67.87,-0.016620075457352,0.0616392153898021,0.03954463261554827
67.88,-0.0167123967226456,0.0506739548289801,0.04150038851781549
67.89,-0.0168043346280594,0.0561202937605595,0.0413354200552507
67.9,-0.0168958863256324,0.037769141787837,0.04064143490712395
67.91,-0.0169870489805379,0.0202218542480217,0.04129682317576727
67.92,-0.0170778197710691,0.0623017232558081,0.037739432387392975
67.93,-0.0171681958887226,-0.0189279842440038,0.038354943261962086
67.94,-0.0172581745384481,0.0539139733675363,0.043027370839937115
67.95,-0.0173477529385651,0.0541641528643418,0.04316487012411105
67.96000000000001,-0.0174369283209158,0.0458658165108009,0.0425398155312246
67.97,-0.0175256979310783,0.0265148766507304,0.04294968457654659
67.98,-0.0176140590282786,0.0247018205366549,0.04119469181716674
67.99,-0.017702008885595,0.0144973938410549,0.04269555816288172
68.0,-0.0177895447900339,0.0409668102661846,0.04081444851682886
68.01,-0.0178766640425709,0.1061559933512535,0.042688668559201504
68.02,-0.017963363958362,0.0125680624133568,0.04311429882512364
68.03,-0.018049641866713,0.0399743960527004,0.03863262637307447
68.04,-0.0181354951111906,0.0895251169757278,0.040895183739141486
68.05,-0.0182209210498301,0.0472149750302416,0.04030576236527651
68.06,-0.0183059170550864,0.0203082201329683,0.03553426667735014
68.07000000000001,-0.0183904805139439,0.0557735690869214,0.03631798134469204
68.08,-0.0184746088281229,0.0247843674428254,0.034553757135839136
68.09,-0.0185582994140176,0.0821921480889946,0.034430074476885696
68.1,-0.018641549702883,0.0166169911934494,0.03435094178903396
68.11,-0.0187243571409173,0.0771277626776626,0.03450670920303813
68.12,-0.0188067191892349,0.0291600898323865,0.03302874829941239
68.13,-0.0188886333241489,-0.0318133982372244,0.031010717344456623
68.14,-0.0189700970371214,0.0285857204434036,0.030948627846241264
68.15,-0.0190511078348415,0.0415361245163717,0.029288498014338665
68.16,-0.0191316632394189,-0.0460372565821118,0.026017798960536888
68.17,-0.0192117607883623,0.0623238245249806,0.027092760554422342
68.18,-0.0192913980346792,-0.0105338317351806,0.02624471010414569
68.19,-0.0193705725470505,0.0221044846986328,0.026267792753229203
68.2,-0.0194492819098252,0.0128356073961684,0.023609287682888187
68.21000000000001,-0.0195275237230618,0.0442379259602722,0.02681500648630127
68.22,-0.0196052956027648,0.0751188143751128,0.024933772710243756
68.23,-0.0196825951808476,-0.0298105876407142,0.02762314258659285
68.24,-0.0197594201052336,0.0386705165901778,0.029443349995982436
68.25,-0.0198357680399635,0.0546623905057732,0.027703716344729165
68.26,-0.019911636665218,-0.0214697050995957,0.024749484564062733
68.27,-0.0199870236775034,0.0428824136045628,0.027262288096998627
68.28,-0.020061926789644,0.0379645096311118,0.026698259092051885
68.29,-0.0201363437308255,0.0252691030735792,0.027311621646460657
68.3,-0.0202102722468067,0.0263635416118332,0.028631355069340215
68.31,-0.0202837100999164,0.0839370860651242,0.030161038393011735
68.32000000000001,-0.0203566550690759,0.0376218533804548,0.03112394720787341
68.33,-0.0204291049499982,0.0856368572357175,0.030356072916361037
68.34,-0.0205010575551806,0.0064109573599569,0.03327626848832546
68.35000000000001,-0.0205725107139509,-0.0079465862329152,0.03247596039131749
68.36,-0.0206434622726708,-0.0205027428776233,0.031372111147148184
68.37,-0.0207139100946857,0.0067316176095419,0.032693682457415295
68.38,-0.0207838520604547,0.0504792154210991,0.031596876408786334
68.39,-0.0208532860675958,0.0023467819074036,0.032045990897587584
68.4,-0.0209222100309491,0.0498188865791035,0.03376240086966261
68.41,-0.0209906218827632,0.0449589571932704,0.03594536102916969
68.42,-0.0210585195726087,0.0644590110723673,0.03268115888743367
68.43,-0.0211259010674841,0.0589934542533529,0.031777710149528876
68.44,-0.0211927643519987,0.0315135193705387,0.02732782936266513
68.45,-0.0212591074283258,0.0218640465530105,0.02794840932491304
68.46000000000001,-0.0213249283162547,0.0314815563782177,0.028889639076474682
68.47,-0.0213902250534109,0.0062832924160138,0.031306845257135896
68.48,-0.0214549956951304,0.0198494865833545,0.033182921200314644
68.49,-0.0215192383146628,0.047395913895938,0.032003451992435976
68.5,-0.0215829510032156,0.0613137124871548,0.034116281416898854
68.51,-0.0216461318699151,0.0722057049614819,0.03309922110627224
68.52,-0.0217087790420511,0.0153888410886677,0.03248083464593696
68.53,-0.0217708906650043,0.0186494298844542,0.03146879998098193
68.54,-0.0218324649022966,-0.0078106392884213,0.03196170447834272
68.55,-0.0218934999358072,0.0194431365671632,0.031273450693539075
68.56,-0.0219539939656787,0.0118192385498793,0.02964712593935403
68.57000000000001,-0.0220139452103806,0.0302585869162621,0.029484868738190544
68.58,-0.022073351906951,0.0461292124162955,0.02996075422889933
68.59,-0.0221322123108602,0.0257103620556472,0.029079989065034093
68.60000000000001,-0.0221905246960973,0.046716199821124,0.026535684608666017
68.61,-0.0222482873553697,0.0284606200559446,0.026956013650005318
68.62,-0.0223054985999948,0.0319728415262294,0.022506677626065803
68.63,-0.0223621567600584,0.0432062831083118,0.022270205798089852
68.64,-0.0224182601844674,0.0693444486979296,0.025820665119556354
68.65,-0.0224738072408747,0.0170601898896621,0.030498318771047906
68.66,-0.0225287963159626,-0.0122887732848755,0.033075852106563816
68.67,-0.022583225815359,0.0280741551537845,0.030372212334296243
68.68,-0.0226370941636272,0.0162768877208982,0.030477228856127105
68.69,-0.022690399804498,0.0013534181421846,0.032142039239069164
68.7,-0.0227431412007927,-0.0060344796877916,0.0348047254995517
68.71000000000001,-0.0227953168344674,0.0701406223552801,0.03265986669055886
68.72,-0.0228469252067931,-0.0212303515412478,0.03759772783156284
68.73,-0.0228979648382643,0.0104229327011727,0.03506007501159012
68.74,-0.0229484342687324,0.0932090756352507,0.03402907643497229
68.75,-0.0229983320574195,0.0904200873929014,0.03075142062795683
68.76,-0.0230476567829485,0.0735713366129972,0.029995966077299145
68.77,-0.0230964070435185,-0.0449571966677397,0.032252562422999065
68.78,-0.0231445814567826,0.0324639338747102,0.028450023723738865
68.79,-0.0231921786599476,0.0810902304580789,0.029437572973719312
68.8,-0.0232391973099266,0.0816267735257804,0.030951523878853186
68.81,-0.02328563608327,0.0016741648322743,0.030298945724176046
68.82000000000001,-0.0233314936761624,0.132155704017028,0.02751201333890999
68.83,-0.0233767688046587,-0.0213178676931975,0.0263441316559377
68.84,-0.0234214602045923,0.0215553129993374,0.02796844110716411
68.85000000000001,-0.023465566631578,0.0005136767506048,0.02592058009747234
68.86,-0.0235090868612036,0.0011956443258508,0.02340719913507931
68.87,-0.0235520196889355,0.0350997499748227,0.0217857580537221
68.88,-0.0235943639302349,-0.0517791575306796,0.025368294243959127
68.89,-0.0236361184205669,0.0370154219704875,0.0249201824247634
68.9,-0.0236772820154135,0.033146387149996,0.02121792455967008
68.91,-0.0237178535904464,-0.0197386209360115,0.01655490441575445
68.92,-0.0237578320413711,0.0116150422646929,0.020753871673994218
68.93,-0.0237972162840549,-0.0457558668836659,0.011797668888668756
68.94,-0.0238360052546765,0.0445334311769273,0.015091163178875629
68.95,-0.0238741979095791,0.0502039944317235,0.01770765020146605
68.96000000000001,-0.0239117932253479,0.0376390871826478,0.02022244666429468
68.97,-0.0239487901989632,0.0395210739044957,0.02476105764875997
68.98,-0.0239851878476998,0.030276063327238,0.02426910605723391
68.99,-0.0240209852092276,0.0230535856715999,0.027154752681070746
69.0,-0.0240561813416528,0.0033428152911192,0.026507753738000902
69.01,-0.0240907753234292,-0.0162966494964478,0.024440397424732734
69.02,-0.0241247662535998,0.0898524772553094,0.030097144484135467
69.03,-0.0241581532516937,-0.0559245544748067,0.03078733352873971
69.04,-0.0241909354576935,0.0478455124011468,0.03567256381738047
69.05,-0.0242231120322594,0.0765015404737363,0.035053893676786366
69.06,-0.0242546821565964,0.053324402470006,0.03334285479577821
69.07000000000001,-0.0242856450324707,0.0965064749996219,0.03143963254299501
69.08,-0.0243159998824238,0.0247687665527754,0.03327095458638688
69.09,-0.0243457459495832,0.0088194215698941,0.029100667338504825
69.10000000000001,-0.0243748824977546,0.0234284441660207,0.03193311137542691
69.11,-0.0244034088115852,-0.0102680954286356,0.03298939177041132
69.12,-0.024431324196375,0.099053067311446,0.034219355013437376
69.13,-0.0244586279782271,0.026109012201382,0.029028346422015752
69.14,-0.0244853195040639,0.05683396917779,0.036231335535981624
69.15,-0.0245113981415662,0.0315413582244512,0.03531092109216901
69.16,-0.0245368632793285,0.0142721779305522,0.03498420902376017
69.17,-0.0245617143267901,-0.0023285801257994,0.03152880595369611
69.18,-0.0245859507141926,0.077978836815725,0.02894319433537284
69.19,-0.0246095718927891,-0.0572999688782852,0.030579843274594308
69.2,-0.0246325773347211,0.0825349104469637,0.03415779247329865
69.21000000000001,-0.0246549665329998,0.0255247035857917,0.03520011239949125
69.22,-0.0246767390016888,0.0095325786070995,0.03895128723712427
69.23,-0.0246978942757547,-0.0191587031645449,0.032432115411355815
69.24,-0.0247184319111831,0.0953382169184768,0.03213493370859583
69.25,-0.0247383514849541,0.0285168090810819,0.03139799851761505
69.26,-0.0247576525950171,0.0696405870371505,0.03362096284077184
69.27,-0.0247763348604601,-0.0192390620013392,0.03498450357531789
69.28,-0.0247943979213044,0.0422086310148332,0.03586013293642941
69.29,-0.0248118414386266,0.0591383942764263,0.03338286773117251
69.3,-0.0248286650946838,0.0839563547426851,0.038241361421669506
69.31,-0.0248448685927105,0.0453171626160655,0.03607569177923309
69.32000000000001,-0.024860451657005,0.0685065761616578,0.03623414902729487
69.33,-0.0248754140330514,-0.0378495410296915,0.03787133508058006
69.34,-0.0248897554873978,0.0198681964434223,0.03951632503171446
69.35000000000001,-0.0249034758076249,0.0413583301671935,0.03494630079587191
69.36,-0.0249165748025442,0.0782236090107438,0.03504120237959346
69.37,-0.0249290523020528,0.0429065333560194,0.029931420721429087
69.38,-0.0249409081571588,0.0160596364575425,0.031090455764134283
69.39,-0.0249521422400283,0.0259562675053299,0.028491842387119444
69.4,-0.0249627544439079,0.0447283986221519,0.02723399673579917
69.41,-0.0249727446832742,0.0370558479557988,0.024343690289157678
69.42,-0.0249821128936955,0.0288523057950892,0.022770432924411152
69.43,-0.0249908590318481,0.0439134857260884,0.021559939288341694
69.44,-0.0249989830756636,0.0153860858092777,0.02433508256666761
69.45,-0.0250064850241232,-0.0006322920342169,0.024468380129776802
69.46000000000001,-0.025013364897336,0.0305097423392344,0.02167661616534696
69.47,-0.0250196227366772,-0.0376648277843013,0.019411692939761298
69.48,-0.0250252586045718,0.00510067389547,0.016765555712754447
69.49,-0.0250302725846057,-0.0123622499024785,0.014897413685714747
69.5,-0.0250346647815091,0.0327236355987006,0.014407776065924223
69.51,-0.0250384353211008,0.0232599193632138,0.013509419705165443
69.52,-0.0250415843504159,0.0122787579563884,0.010518740092091835
69.53,-0.0250441120375699,0.0430862098041992,0.012979380138523181
69.54,-0.0250460185717199,0.0204284678151527,0.01266174039667203
69.55,-0.0250473041632504,0.0226674452687154,0.015383413428389262
69.56,-0.025047969043615,-0.0172687130858332,0.015336718736147644
69.57000000000001,-0.0250480134652897,0.0306602212734449,0.01565019086318466
69.58,-0.025047437701936,-0.0126623484111245,0.016849087527848586
69.59,-0.0250462420482461,-0.0231713461102912,0.01774968639249932
69.60000000000001,-0.0250444268199229,0.0156738774897289,0.018934071624030453
69.61,-0.0250419923538247,0.0258629150462175,0.016542353810416563
69.62,-0.0250389390077709,-0.025748423918747,0.01709010773181592
69.63,-0.0250352671606307,0.0805257467701475,0.02164968586878289
69.64,-0.025030977212323,0.0372430511472142,0.022860760459654267
69.65,-0.0250260695836834,0.0725412194753396,0.022665140307425162
69.66,-0.025020544716639,-0.0016128805712909,0.022686836003493176
69.67,-0.025014403074014,0.0370926570070118,0.024915526301499465
69.68,-0.0250076451395547,-0.0124879978263589,0.02589942166950747
69.69,-0.0250002714180547,0.0240132500531354,0.027189506989366157
69.7,-0.0249922824351628,0.0125098399596753,0.029476281410392373
69.71000000000001,-0.0249836787373503,-0.0175024384871911,0.02621497511980247
69.72,-0.0249744608920937,0.0347627517126003,0.02652117266130832
69.73,-0.0249646294876865,0.1080298988326948,0.030874797820923484
69.74,-0.0249541851332441,0.0685187762124981,0.0270255526495234
69.75,-0.0249431284587153,0.0163204446183415,0.02205929171463779
69.76,-0.0249314601147909,0.0231230548861437,0.01803887224790604
69.77,-0.0249191807730253,0.0295337831722989,0.0205579231773308
69.78,-0.0249062911256786,0.0513220240016129,0.020895842401227136
69.79,-0.0248927918856861,0.0144294433059081,0.02262546352198514
69.8,-0.0248786837867831,0.0248509167312592,0.02167547251845098
69.81,-0.0248639675832967,-0.052813554612659,0.02206926382625162
69.82000000000001,-0.0248486440501821,0.0322930634178404,0.02584137187863705
69.83,-0.0248327139831333,0.0656777044331714,0.02715314272511178
69.84,-0.0248161781983419,-0.0003084018292543,0.02405493776087539
69.85000000000001,-0.0247990375325357,-0.0670484284853836,0.02254092690320845
69.86,-0.0247812928430707,-0.0118875893260271,0.02125761358079201
69.87,-0.0247629450077419,0.051287188946629,0.021518112469639066
69.88,-0.0247439949248473,0.0441889607088349,0.022482483668825555
69.89,-0.0247244435130994,0.0238340457095592,0.021732205774979238
69.9,-0.0247042917115802,0.004063438978918,0.021214159925000333
69.91,-0.024683540479875,0.0207794574234887,0.020507259339114157
69.92,-0.0246621907978278,0.061711830612903,0.02109337031435685
69.93,-0.024640243665544,0.0623099394885695,0.019065878386386927
69.94,-0.0246177001035047,0.0429675945837307,0.01750716013551693
69.95,-0.0245945611523829,0.0367245482014923,0.018473450397992745
69.96000000000001,-0.0245708278729994,-0.0106291351524037,0.022934401527353605
69.97,-0.0245465013464452,0.0285935315519319,0.0242660034389681
69.98,-0.0245215826738531,0.0497855783552151,0.024786948824992557
69.99,-0.0244960729764709,0.0355661882308403,0.024354083401495835
70.0,-0.0244699733956188,0.0035504804563511,0.02682110150750296
70.01,-0.0244432850925568,0.0100060044276495,0.02862348369599301
70.02,-0.0244160092486067,-0.0405052241325624,0.02735432128840743
70.03,-0.0243881470649603,-0.010284267069528,0.022217417224613567
70.04,-0.0243596997626577,0.0329446211649014,0.021031228074072
70.05,-0.0243306685826755,0.0199836936827379,0.02185759672863614
70.06,-0.0243010547857469,0.0266315452311944,0.022518223399400145
70.07000000000001,-0.0242708596522839,0.0160760508178773,0.022154012852059653
70.08,-0.0242400844825213,0.0622270420531426,0.016762203676023043
70.09,-0.0242087305963367,0.0350987868154037,0.013523634224075117
70.10000000000001,-0.0241767993331448,0.0756414259357089,0.01133829111439799
70.11,-0.0241442920520307,0.0419134649372091,0.013139580088028423
70.12,-0.0241112101315554,-0.0058729531358086,0.015639317335316375
70.13,-0.0240775549697591,-0.046163154726768,0.021931242063430247
70.14,-0.0240433279841384,0.0373999673271965,0.024643261003662643
70.15,-0.0240085306114773,0.0603213363295777,0.025967666106913086
70.16,-0.0239731643080026,0.0505977082875364,0.027534518916216902
70.17,-0.0239372305491869,-0.0182775566465541,0.02543383420814033
70.18,-0.0239007308296512,-0.0846344611448369,0.026073934274044724
70.19,-0.0238636666633013,-0.0182243801356913,0.022757077629062733
70.2,-0.023826039583108,-0.0103260170723794,0.021476816003592213
70.21000000000001,-0.0237878511410688,0.0413775489025902,0.02007122772148911
70.22,-0.0237491029082825,0.0625004866206965,0.015152142451628423
70.23,-0.023709796474744,0.0916251951578289,0.019819680559801767
70.24,-0.0236699334493856,0.0466681306753523,0.021299506884925035
70.25,-0.0236295154599719,0.0607571283331608,0.022392014442614946
70.26,-0.023588544152997,0.0528876026781179,0.021637195156964776
70.27,-0.0235470211938176,-0.0174828336384136,0.019615435816026528
70.28,-0.0235049482663896,0.0295181522018696,0.02504618432699255
70.29,-0.0234623270732398,-0.0074269474914792,0.029125619623959917
70.3,-0.0234191593355553,0.0082132926805228,0.03224418462432351
70.31,-0.0233754467929586,0.0461240720115437,0.032468106960006765
70.32000000000001,-0.0233311912034739,-0.0613873257298653,0.030490483839886978
70.33,-0.0232863943436079,0.0921453471358316,0.03141847469710059
70.34,-0.0232410580080916,-0.0150868018991794,0.02971380050243462
70.35000000000001,-0.0231951840098859,0.0603426260386847,0.03208708273783937
70.36,-0.023148774180251,0.0444701313309241,0.03337984618986608
70.37,-0.0231018303684854,0.0081407621278332,0.03296837253106792
70.38,-0.0230543544419647,0.0957681620837323,0.03561734921882639
70.39,-0.0230063482860726,0.0010336800914779,0.0354615945164828
70.4,-0.0229578138040753,0.0472654848719442,0.03968222460589272
70.41,-0.0229087529171889,-0.0056236480230311,0.038853208160086854
70.42,-0.0228591675643541,-0.0001525366199254,0.0365249880808515
70.43,-0.0228090597022195,0.0819882946221822,0.038168982913439266
70.44,-0.0227584313051948,0.0558270370698437,0.036357020724089834
70.45,-0.0227072843652087,0.096507057618852,0.03946385543546183
70.46000000000001,-0.02265562089169,0.0879051608257218,0.03929739927207948
70.47,-0.0226034429115978,0.0442466558433566,0.03851900703565293
70.48,-0.0225507524692109,0.0381456768045141,0.03700450262400239
70.49,-0.0224975516261383,0.0262473034526542,0.034666085606807916
70.5,-0.0224438424612533,0.0812062843861292,0.033650791144125544
70.51,-0.0223896270705153,-0.0091960526814004,0.033183530671141645
70.52,-0.0223349075670731,-0.0027685496523988,0.03765533195118807
70.53,-0.0222796860810725,-0.0268634342455222,0.0393208855614065
70.54,-0.0222239647595434,0.0540941411594935,0.0347958378567028
70.55,-0.0221677457664687,0.0501567270396326,0.03483482693605295
70.56,-0.0221110312825928,0.0568470466076553,0.03026709137056796
70.57000000000001,-0.0220538235053496,0.0281238943659668,0.030509851025328227
70.58,-0.0219961246488792,-0.0236638305168284,0.02828502674002114
70.59,-0.0219379369438693,0.0466614047226484,0.027716040793895183
70.60000000000001,-0.0218792626374336,-0.0202875036248519,0.025404277617512044
70.61,-0.0218201039931809,0.0374530149392823,0.02297370875302002
70.62,-0.0217604632910345,0.088284178857944,0.02481835894400373
70.63,-0.0217003428271495,0.0348240891946614,0.029355438041504527
70.64,-0.0216397449138677,-0.0130377071765953,0.030055802351920666
70.65,-0.0215786718795907,0.0566458077361968,0.02736093965874642
70.66,-0.021517126068804,0.0005846107436671,0.02648278316622195
70.67,-0.0214551098418835,0.0930031135756875,0.021645903114301913
70.68,-0.0213926255749979,-0.0024746541480922,0.02211368756048276
70.69,-0.0213296756601838,0.026196971935869,0.028634824645356643
70.7,-0.021266262505129,-0.0222997232513918,0.02783468485182049
70.71000000000001,-0.0212023885330592,0.0301643382317967,0.03142033096676329
70.72,-0.0211380561828039,0.0295416013292576,0.030683348112344907
70.73,-0.0210732679085667,0.0925101113951178,0.027621186400433873
70.74,-0.0210080261799139,-0.0121557837267832,0.027342850055581465
70.75,-0.0209423334816827,-0.0024979753971657,0.02975332433310695
70.76,-0.0208761923138373,0.0317154406966187,0.025581272109075792
70.77,-0.0208096051915074,-0.0447274344826654,0.03049839631326568
70.78,-0.0207425746447581,0.0379473677357646,0.027652750819601057
70.79,-0.0206751032185453,0.1132800482655231,0.033584802287670815
70.8,-0.0206071934727408,0.0298584690583891,0.03364573467994651
70.81,-0.0205388479818907,0.0550110647889469,0.0356346957902129
70.82000000000001,-0.0204700693351489,0.0219763749964963,0.036524796260571195
70.83,-0.0204008601363075,0.0239787829078124,0.035509010204878184
70.84,-0.0203312230035751,0.0289790259527608,0.03292075948686355
70.85000000000001,-0.0202611605695013,0.0375822526514398,0.038717603904995956
70.86,-0.0201906754810105,-0.0309672889684575,0.04086998154609219
70.87,-0.0201197703991212,0.1038442190316547,0.04165838600708464
70.88,-0.0200484479989881,0.0332445582087305,0.044689902867800654
70.89,-0.0199767109698101,0.1220984266813728,0.044166610217516944
70.9,-0.0199045620146026,0.0274765521736586,0.04173461611865672
70.91,-0.0198320038502924,0.0194684600642023,0.04184738620922838
70.92,-0.0197590392074925,0.0488564481093209,0.040068735737566134
70.93,-0.0196856708304021,0.0082100941597043,0.038553844331355336
70.94,-0.0196119014768375,0.0381568463168106,0.03845783690679366
70.95,-0.019537733917993,0.1095779490539972,0.03765018969951251
70.96000000000001,-0.0194631709383746,0.0427019550658553,0.0394221672936765
70.97,-0.0193882153358249,0.0482719343774601,0.04248887222567875
70.98,-0.0193128699212757,0.018934419592371,0.03971830993585477
70.99,-0.0192371375187017,0.0269582220798066,0.036743161842917337
71.0,-0.0191610209650583,0.0622081721894584,0.031914703113437144
71.01,-0.0190845231100994,0.0322266409603939,0.03422070723006577
71.02,-0.0190076468164074,0.0176594048840397,0.032524274653213205
71.03,-0.0189303949591906,-0.0098363445339303,0.02958779216840993
71.04,-0.0188527704261448,0.0219626269920172,0.029513227207014776
71.05,-0.0187747761175249,0.0120184345998566,0.0321907104625797
71.06,-0.0186964149459012,0.0747937821288837,0.028982447226538057
71.07000000000001,-0.0186176898360396,0.0334335146035897,0.02850764394254592
71.08,-0.0185386037249435,0.0456624109453511,0.030734806011691734
71.09,-0.0184591595616318,-0.0292335517429557,0.033649463477940546
71.10000000000001,-0.0183793603070192,0.0207007933622888,0.03544747287619582
71.11,-0.0182992089339473,0.0759026386228597,0.03462935790951911
71.12,-0.0182187084269591,-0.0161566240497015,0.03461853856049869
71.13,-0.0181378617822247,-0.0128096840715479,0.03695628395799609
71.14,-0.0180566720074631,0.0066442299704061,0.04059294743116563
71.15,-0.0179751421217899,0.0943839946836741,0.04461023668518108
71.16,-0.0178932751557059,0.0422044210971226,0.04509257597938098
71.17,-0.0178110741508946,0.0327310861020203,0.04462543318886809
71.18,-0.0177285421601225,0.0950423378295223,0.04598631234996722
71.19,-0.0176456822472192,0.080142226383596,0.045124252674120055
71.2,-0.0175624974869004,0.0647164194431674,0.04702893026276563
71.21000000000001,-0.01747899096462,0.0450277578892475,0.04700796550484532
71.22,-0.0173951657765986,0.0319994346309652,0.044776934133094054
71.23,-0.017311025029601,0.0667520582314851,0.05053591144472401
71.24,-0.0172265718408531,0.0665335884026299,0.05241066386697419
71.25,-0.0171418093379699,0.1063257013263418,0.056580146050343026
71.26,-0.0170567406587718,0.0221475597780544,0.05494903519900941
71.27,-0.0169713689512907,0.0649837835281129,0.05299831549655474
71.28,-0.016885697373567,0.0620119769866715,0.05200566527208693
71.29,-0.0167997290935334,0.0275591577525606,0.04802640654821748
71.3,-0.0167134672890006,0.0107646776186015,0.047166379381944415
71.31,-0.0166269151474551,0.0202605334459621,0.04512335198230192
71.32000000000001,-0.0165400758659506,0.0290509798160832,0.0454361973480528
71.33,-0.016452952651097,0.1047818994945276,0.045504341311606855
71.34,-0.0163655487188274,0.0265601167957059,0.044215329746364
71.35000000000001,-0.0162778672943175,0.0942033558211517,0.04165231399284922
71.36,-0.0161899116119634,0.0601306668056681,0.03806237636758989
71.37,-0.0161016849151485,0.0012393073455745,0.039069987111106395
71.38,-0.0160131904561877,0.0118854313881962,0.03566253805235503
71.39,-0.0159244314962336,0.0114779046282639,0.03393322971161236
71.4,-0.0158354113050845,0.0620816558918617,0.035279707758205
71.41,-0.0157461331611818,0.0218128440506751,0.03763076809849875
71.42,-0.0156566003514296,0.0515975105700159,0.03689004660297996
71.43,-0.0155668161710503,0.0334304578656004,0.03797821170025411
71.44,-0.0154767839235681,0.0396828153613852,0.03304960548039502
71.45,-0.0153865069206032,0.0127102575788196,0.03527297010117536
71.46000000000001,-0.0152959884817671,0.0309370111958957,0.033594856232952115
71.47,-0.0152052319346368,0.0433073853919009,0.03224544831704666
71.48,-0.0151142406145138,-0.0065726467056656,0.03629421577946286
71.49,-0.0150230178643906,0.0256965018310755,0.03654238197808099
71.5,-0.0149315670348287,0.0558351967310059,0.038297883588436284
71.51,-0.0148398914837755,0.0601369447647702,0.03710554143065713
71.52,-0.014747994576561,0.0047053820400676,0.03825462956464719
71.53,-0.0146558796856877,0.0519024468588402,0.03661134517214357
71.54,-0.0145635501907132,0.0012811688774868,0.03697530794957958
71.55,-0.0144710094782229,0.0732507738320931,0.036474814893211256
71.56,-0.0143782609416331,0.0589629645884635,0.0384096604327734
71.57000000000001,-0.0142853079810489,0.0317931005716536,0.03841264370822214
71.58,-0.0141921540032535,0.0862634240563146,0.03487275080135342
71.59,-0.014098802421511,0.017096921559177,0.03914053346107953
71.60000000000001,-0.0140052566554277,0.0483434384457251,0.037735980482056494
71.61,-0.0139115201309186,0.0370424705784994,0.03798327585328281
71.62,-0.0138175962800107,0.0459436948644664,0.03738732887962128
71.63,-0.0137234885407649,0.0170885383274398,0.03986867572891031
71.64,-0.0136292003571486,0.0410736761917566,0.038188535835717956
71.65,-0.0135347351788855,0.0291724611776504,0.0403372955361528
71.66,-0.0134400964614089,0.0533420139096247,0.0423489821869906
71.67,-0.0133452876656642,0.0309996599803193,0.04102050999938819
71.68,-0.0132503122580091,-0.0310303656523422,0.04158750540605905
71.69,-0.0131551737101526,0.0830507891485826,0.038848716949665345
71.7,-0.013059875498958,-0.0037991107284083,0.04016245308846665
71.71000000000001,-0.0129644211063234,0.0610283995267585,0.041704659182391135
71.72,-0.0128688140191457,0.0476220583178783,0.04469998225598248
71.73,-0.0127730577291124,0.0568136658751371,0.04464873867550964
71.74,-0.0126771557326127,0.0166195091018008,0.04651785734172139
71.75,-0.0125811115306184,0.0464051225866184,0.04893312427484525
71.76,-0.0124849286285338,0.1154961934996869,0.046798431172302875
71.77,-0.0123886105361487,0.031065048648813,0.04912998207178226
71.78,-0.0122921607674408,0.0437000041117417,0.04874829449561609
71.79,-0.0121955828404574,0.0287488664720467,0.05202603766440023
71.8,-0.0120988802772559,0.0446853804740044,0.05028494100131323
71.81,-0.0120020566037326,0.0807297664181393,0.05186723623478386
71.82000000000001,-0.011905115349467,0.0999442551239177,0.05240217485241996
71.83,-0.0118080600477021,0.0448675796745368,0.04975333889040804
71.84,-0.0117108942351396,0.0563400303178864,0.04702574664372733
71.85000000000001,-0.0116136214518058,0.0917942817873577,0.04677703053569755
71.86,-0.0115162452410222,-0.0156560939757395,0.04562797869520731
71.87,-0.0114187691491768,0.102304582798692,0.040105042895772734
71.88,-0.0113211967256665,0.0229842208808295,0.03908784034596542
71.89,-0.011223531522761,0.037802240892125,0.03979456101977732
71.9,-0.0111257770954387,0.0464877592237554,0.04081707053802978
71.91,-0.0110279370013399,0.0294290891744751,0.04329780756457523
71.92,-0.0109300148005864,0.0722621104971164,0.042997499582865965
71.93,-0.0108320140556505,-0.008003496884372,0.03976177463798217
71.94,-0.0107339383312921,-0.0004657713051578,0.03809388229109401
71.95,-0.0106357911943855,0.0113964708331755,0.04002259087619417
71.96000000000001,-0.0105375762137732,0.0222750339363232,0.03723590090740335
71.97,-0.010439296960224,-0.0004854582884391,0.041867347848330815
71.98,-0.010340957006244,0.0097037951028594,0.040391402996360064
71.99,-0.0102425599259575,0.0585411382617916,0.04093582348342965
72.0,-0.0101441092950127,0.0502215663553483,0.04216186501100248
72.01,-0.0100456086904177,0.096780858031459,0.04354652502132429
72.02,-0.0099470616904712,0.0744232988022446,0.04454157963510189
72.03,-0.0098484718745933,0.0319940312813579,0.041745738185346694
72.04,-0.0097498428231895,0.0098418403898856,0.0459199108009383
72.05,-0.009651178117595,0.0968429106049898,0.049427367399517946
72.06,-0.0095524813398889,0.0332737924427504,0.04882857501161413
72.07000000000001,-0.0094537560727664,0.0816042917837373,0.0503887924701477
72.08,-0.0093550058994695,0.0713097409073063,0.05205783282876643
72.09,-0.0092562344036206,0.0344170511092906,0.05427001091702542
72.10000000000001,-0.0091574451690834,0.0635491129711547,0.054241450682460564
72.11,-0.0090586417799021,0.0755656194405133,0.053668613191929185
72.12,-0.0089598278201152,0.0503252360638048,0.04862585560344581
72.13,-0.0088610068736505,0.0135494400522572,0.04879063904448518
72.14,-0.008762182524219,0.0796541280430516,0.0467135921440507
72.15,-0.0086633583551487,0.0731908172650148,0.04773720927442054
72.16,-0.0085645379493237,-0.0011781693128046,0.04475549162086506
72.17,-0.0084657248890035,0.0550396005655281,0.04615284521378947
72.18,-0.0083669227557064,0.0345643892425542,0.045718881417961287
72.19,-0.0082681351301266,0.0561595349562982,0.04476710186412419
72.2,-0.0081693655919645,0.0579413733359298,0.04791639554355961
72.21000000000001,-0.0080706177198131,0.0381919790541893,0.046484836523323025
72.22,-0.0079718950910634,-0.0091170513266919,0.04421906106531957
72.23,-0.0078732012817328,0.0778837510640715,0.04302786190426494
72.24,-0.0077745398663758,-0.0116239536277662,0.043816262452622864
72.25,-0.0076759144179539,0.0313378001276521,0.043262445916696535
72.26,-0.0075773285076907,0.0342268398803248,0.03939067440871443
72.27,-0.0074787857049923,0.062618217894163,0.04137352263908903
72.28,-0.0073802895772773,0.0724910520713454,0.04324787589246713
72.29,-0.007281843689863,0.0513223702767273,0.04306510621773426
72.3,-0.0071834516058799,0.1005522183774343,0.043139366362042963
72.31,-0.0070851168860991,0.0334863735461865,0.0423394653228743
72.32000000000001,-0.0069868430888186,0.0279843348224409,0.043103732453227815
72.33,-0.0068886337697804,0.0253100536816574,0.04714783056752083
72.34,-0.006790492481995,0.0301058515677737,0.044677155107541944
72.35000000000001,-0.0066924227756337,0.0680239807885987,0.04736179595195344
72.36,-0.006594428197941,-0.0081163844026094,0.046907894293137
72.37,-0.0064965122930568,0.0404616435250619,0.049423175350721306
72.38,-0.0063986786019279,0.0944010188864682,0.05195328771053324
72.39,-0.0063009306621814,0.0307262260731639,0.05169567346477997
72.4,-0.0062032720079818,0.057718997986781,0.05005007648412529
72.41,-0.0061057061699468,0.0411434515133879,0.04717011600424931
72.42,-0.0060082366749827,0.0542415887916132,0.04838168810655078
72.43,-0.0059108670461827,0.0758090090734613,0.04795290753920082
72.44,-0.0058136008027218,0.0259995664045149,0.04961209334060356
72.45,-0.0057164414596994,0.0447535041048752,0.050560896842821626
72.46000000000001,-0.0056193925280348,0.0218058652925069,0.05268293654334332
72.47,-0.0055224575143578,0.0870477420895952,0.055156303246201806
72.48,-0.0054256399208571,0.1157505774502135,0.054345095980838434
72.49,-0.0053289432451961,0.0670811529105269,0.05241603975607766
72.5,-0.0052323709803625,0.016764833682979,0.05262262590669994
72.51,-0.005135926614537,0.0400730483000386,0.05094498383669995
72.52,-0.0050396136310304,0.0589293876945177,0.05068414056779711
72.53,-0.0049434355081007,0.0189799429080917,0.050726484907488996
72.54,-0.0048473957188543,0.0601529555111149,0.050597063913228504
72.55,-0.004751497731141,0.0500307251143531,0.05244028305986411
72.56,-0.0046557450074119,0.1125868144995542,0.053213492780320205
72.57000000000001,-0.0045601410046017,0.0438243163574186,0.05376635081306961
72.58,-0.0044646891740288,0.0234262909524312,0.054105952562589925
72.59,-0.0043693929612606,0.053890838166492,0.04993658107357617
72.60000000000001,-0.0042742558059735,0.0350645352362317,0.04836843270919663
72.61,-0.0041792811418861,0.0224885145167812,0.04925724366129093
72.62,-0.004084472396594,0.0356657428664283,0.05017678500905501
72.63,-0.0039898329914592,0.0551308199251428,0.051426401673793455
72.64,-0.0038953663415206,0.0730911681939909,0.05254836686102697
72.65,-0.0038010758553322,0.0647071684838627,0.050565298327831375
72.66,-0.0037069649348714,0.0609909082344535,0.051831962920353844
72.67,-0.0036130369754278,0.0334158839802441,0.0494571967549207
72.68,-0.0035192953654616,0.0941793788295218,0.05033931535952612
72.69,-0.0034257434865028,0.0281937761809246,0.05103367670422599
72.7,-0.003332384713027,0.0341500372585565,0.05257792442909119
72.71000000000001,-0.0032392224123461,0.0354298636769596,0.05203532830356926
72.72,-0.0031462599444836,0.059383416603084,0.05149419887512876
72.73,-0.0030535006620591,0.0851713376540252,0.05489939978126358
72.74,-0.0029609479101896,0.0425412118399955,0.05308446998769588
72.75,-0.0028686050263293,0.0185085163140072,0.049218625027600736
72.76,-0.0027764753401951,0.076630681557325,0.05169141506134289
72.77,-0.0026845621736562,0.0627167250254582,0.04728986881577217
72.78,-0.0025928688405757,0.0623488070541325,0.04833562028584392
72.79,-0.0025013986467287,0.0380078791911285,0.04868089789127024
72.8,-0.0024101548896884,0.0863200403886613,0.05016746860410426
72.81,-0.00231914085871,0.0236700166002712,0.052532031415961813
72.82000000000001,-0.0022283598345912,0.0111247965195306,0.05192349627630412
72.83,-0.0021378150895798,0.1071749618952595,0.05069553360215756
72.84,-0.0020475098872721,0.0170172942602209,0.04774479264437049
72.85000000000001,-0.0019574474824729,-0.0080915759680069,0.046950566223140186
72.86,-0.0018676311211079,0.1166357591924479,0.050507668023656166
72.87,-0.0017780640400893,-0.0314415629225316,0.050625366290669854
72.88,-0.0016887494672157,0.0553766648517509,0.049354700126622936
72.89,-0.0015996906210527,0.1014302085434744,0.050066981524519084
72.9,-0.0015108907108415,0.0594117611504391,0.04969971970089705
72.91,-0.0014223529363671,0.0838058563075652,0.04783694816246526
72.92,-0.0013340804878317,0.0226506257441479,0.049671400260802946
72.93,-0.0012460765457938,0.0335962004460062,0.05356451513812791
72.94,-0.0011583442810145,0.0232057775404968,0.05063919166771273
72.95,-0.0010708868543637,0.0258624569941591,0.05200316459616044
72.96000000000001,-0.0009837074167143,0.0932076541248428,0.053807352438803024
72.97,-0.0008968091088273,0.0791023451646123,0.04908952586822347
72.98,-0.0008101950612376,0.0360327355804729,0.05261126209788736
72.99,-0.0007238683941465,0.0773067164099518,0.053530782589172
73.0,-0.0006378322173455,0.0302953808950656,0.051501806896563175
73.01,-0.000552089630057,0.0472018380815939,0.05266217548664155
73.02,-0.0004666437208492,0.0621935106653626,0.049626759579610186
73.03,-0.0003814975675475,0.0928802089433549,0.05150698005712615
73.04,-0.0002966542371002,0.0457431690165407,0.05234627540520142
73.05,-0.0002121167854862,0.0456607257576228,0.0507427420448439
73.06,-0.0001278882576075,0.0297963687274874,0.051178609406702456
73.07000000000001,-4.397168718722755e-05,0.017561401210277,0.04868868360511846
73.08,3.962990334227534e-05,0.0425148979004102,0.048447616339809985
73.09,0.0001229135029548,0.0746865951687285,0.04935215593337603
73.10000000000001,0.0002058761121109,0.0588217189986889,0.04803430294914414
73.11,0.0002885147428702,0.0837795015420851,0.04793503449441344
73.12,0.0003708264190036,0.0200621222599064,0.05184182898728072
73.13,0.0004528081760851,0.0621352557719833,0.0513380333842043
73.14,0.00053445706161,0.0512214027555868,0.051642570688776125
73.15,0.0006157701350761,-0.0104684230270112,0.05087021299271012
73.16,0.0006967444681052,0.035015671593189,0.05361426135743633
73.17,0.0007773771445229,0.0409192122915789,0.054439562194791694
73.18,0.0008576652604869,0.0740399325931342,0.05800085608383751
73.19,0.0009376059245766,0.0550280670453598,0.058561497185143446
73.2,0.0010171962578769,0.049631803741082,0.056158111882930545
73.21000000000001,0.0010964333941002,0.028210743345721,0.05614924518411405
73.22,0.0011753144796691,0.1292445224318068,0.05881805104416146
73.23,0.0012538366738354,0.0516138030007579,0.05839274344711771
73.24,0.0013319971487582,0.0992754923393632,0.05897884173841177
73.25,0.0014097930896156,0.0295236573991543,0.05792504809368972
73.26,0.0014872216946834,0.1032857414168734,0.06223950895066353
73.27,0.0015642801754547,0.04712768631195,0.06491018103268828
73.28,0.0016409657567398,0.0923485728802392,0.06739854702882264
73.29,0.0017172756767352,0.0542883610278348,0.06558857802522533
73.3,0.001793207187134,0.0242155038222577,0.06722029490558674
73.31,0.0018687575532236,0.0586355183235424,0.06571271949924946
73.32000000000001,0.0019439240539861,0.1398244246030808,0.07004454971765534
73.33,0.0020187039821803,0.0111306627219874,0.06889710619236492
73.34,0.00209309464443,0.0744433198891588,0.0675768066906708
73.35000000000001,0.002167093361334,0.0290917362164238,0.06747968847831433
73.36,0.0022406974675662,0.0801352549694387,0.07131699587753507
73.37,0.0023139043119346,0.0910997853157087,0.07250026154559373
73.38,0.0023867112575001,0.0931748982104005,0.07078668381899429
73.39,0.0024591156816661,0.0360305835175906,0.06969074935327713
73.4,0.0025311149762563,0.0892941215329496,0.07210655677635411
73.41,0.0026027065476136,0.017972720207999,0.07050443874466024
73.42,0.0026738878166995,0.1191791779322445,0.07176953205775516
73.43,0.0027446562191515,0.1051482084007079,0.06765434845789244
73.44,0.0028150092054063,0.0238875134651814,0.06965620329156685
73.45,0.0028849442407885,0.0972360098798774,0.06750439337401794
73.46000000000001,0.0029544588055666,0.11010711278279,0.06905412335386743
73.47,0.0030235503950676,0.128134320446105,0.06822518978502132
73.48,0.0030922165197483,0.0111425540533619,0.06703781955432135
73.49,0.0031604547053004,0.0693339491001786,0.06377268538826757
73.5,0.003228262492716,0.1050203169124518,0.06507238588410034
73.51,0.003295637438376,-0.009428974843314,0.06413819051960586
73.52,0.0033625771141659,0.0852024778985359,0.06667410900284172
73.53,0.0034290791074975,0.0534055690059637,0.061977187487261706
73.54,0.0034951410214437,0.0531696142291501,0.058367394163545035
73.55,0.0035607604748341,0.0292553116206317,0.060278856548557545
73.56,0.0036259351022763,0.0616360657932629,0.057281683284718096
73.57000000000001,0.0036906625542829,0.0627276500236705,0.05673872291783818
73.58,0.0037549404973483,0.0661650104710095,0.05285515066080496
73.59,0.0038187666140221,0.0246070807232708,0.05382915069930105
73.60000000000001,0.0038821386029716,0.063324293930079,0.052452098244250824
73.61,0.0039450541791025,0.0696760188785652,0.045583119519109115
73.62,0.0040075110736212,0.0712270083559523,0.04635148215927999
73.63,0.0040695070340934,0.0205438261050642,0.043792906287244956
73.64,0.0041310398245453,0.029342548602658,0.04613965525986069
73.65,0.0041921072255285,0.0640282235504438,0.04686636700343366
73.66,0.0042527070342038,0.0342953713392492,0.04892411647218415
73.67,0.0043128370644116,0.0987049450783117,0.048335084628861345
73.68,0.0043724951467635,0.0465793030484075,0.04590900498607563
73.69,0.004431679128708,0.0315965548617796,0.04683476469177279
73.7,0.0044903868745727,0.040415847544124,0.049947242731073926
73.71000000000001,0.0045486162656829,-0.0392282363155242,0.05192963173559555
73.72,0.0046063652004504,0.0067066406002743,0.04960798709010542
73.73,0.0046636315943843,0.0314723845858003,0.04766223074827151
73.74,0.0047204133802006,0.1026872974308941,0.05084701124325752
73.75,0.0047767085079003,0.0684305608441824,0.04971658892504195
73.76,0.0048325149448052,0.072468050464392,0.05127849978151433
73.77,0.0048878306756802,0.049266397083484,0.054294278547892066
73.78,0.0049426537027705,0.0117799775251704,0.053833737347321484
73.79,0.0049969820458378,0.08560596429065,0.05830302378634723
73.8,0.0050508137423119,0.0899691195485946,0.06061535142760139
73.81,0.0051041468473081,0.1049544630250332,0.06127329780325986
73.82000000000001,0.0051569794336736,0.0209214813232724,0.0642871063693556
73.83,0.0052093095921093,0.0303661251774401,0.0667004697513535
73.84,0.0052611354311879,0.0874242164997706,0.06708916164354456
73.85000000000001,0.0053124550774386,0.0056036799201308,0.064605263834663
73.86,0.0053632666754413,0.0968283515363639,0.06487333533221522
73.87,0.0054135683878131,0.0976267254331816,0.0645547324814765
73.88,0.0054633583953522,0.0890335798663295,0.06613195917229092
73.89,0.005512634897084,0.1404343182679483,0.06929658249735433
73.9,0.0055613961102679,0.080155435328117,0.06915103322791154
73.91,0.005609640270543,0.0542327214329516,0.0647323373950121
73.92,0.0056573656319169,0.0240617435724863,0.06325435068869019
73.93,0.0057045704668551,0.0573872716222306,0.06694498380298892
73.94,0.0057512530663689,0.0396349143218123,0.06740025397669377
73.95,0.0057974117400355,0.0505254434443813,0.06537569051302494
73.96000000000001,0.0058430448160395,0.0740600622927791,0.07019558710287754
73.97,0.0058881506412894,0.0657773905988789,0.07126811398443822
73.98,0.0059327275814563,0.0823881575905868,0.07090935602559674
73.99,0.005976774021002,0.0782370673515022,0.06994310227767364
74.0,0.0060202883632509,0.0825494296323511,0.06522062820714487
74.01,0.0060632690304401,-0.0028234929422935,0.06191053226254944
74.02,0.0061057144638082,0.0739167421922729,0.06336562094674437
74.03,0.006147623123609,0.0984247767235461,0.06197918597730386
74.04,0.006188993489159,0.0399267988252418,0.06021543089109468
74.05,0.0062298240589481,0.0449083837627251,0.061498408964562976
74.06,0.0062701133506121,0.1068215083070354,0.06375296373455182
74.07000000000001,0.0063098599010408,0.1193514160491383,0.06119481158729526
74.08,0.0063490622664391,0.0900928082975103,0.062452781251443615
74.09,0.006387719022316,0.0687422511599445,0.06428375538805328
74.10000000000001,0.0064258287635787,0.0412623627868442,0.060835853504742354
74.11,0.0064633901045801,0.0106434204916129,0.06135066244691843
74.12,0.006500401679152,0.0847895838010453,0.06647618353585898
74.13,0.0065368621406658,-0.0050533907857645,0.06933899150967614
74.14,0.0065727701620499,0.0203484148118379,0.06612428619079817
74.15,0.0066081244358667,0.0665774538646463,0.06718090587968037
74.16,0.0066429236743825,0.097871093614147,0.06836181135169937
74.17,0.0066771666095422,0.0203388672003917,0.06768149190224458
74.18,0.0067108519930497,0.0921947535459942,0.06549127388572742
74.19,0.0067439785964351,0.1208386144593897,0.06325887584686966
74.2,0.0067765452110624,0.0058311278019727,0.06431083312407167
74.21000000000001,0.0068085506481657,0.093360417418049,0.06598048869384729
74.22,0.006839993738944,0.1048124499254577,0.06876165915641996
74.23,0.006870873334519,0.1340357096424332,0.06883788349821933
74.24,0.0069011883060493,0.0309159650271089,0.07212907959488567
74.25,0.0069309375447607,0.062115812291768,0.07554721198464343
74.26,0.0069601199619212,0.0697073986751241,0.07564171030199292
74.27,0.0069887344889552,0.092534799868485,0.0730557402763714
74.28,0.0070167800774373,0.0733568377022777,0.07384209218754866
74.29,0.0070442556991262,0.0432124494814973,0.07334100776899424
74.3,0.0070711603460421,0.0908333539811868,0.06979184191774515
74.31,0.0070974930304668,0.0763251297521324,0.07486499975000957
74.32000000000001,0.0071232527849379,0.0690480002056387,0.07277671699206453
74.33,0.007148438662391,0.086390294978832,0.0682264936568886
74.34,0.0071730497361227,0.0640617272442288,0.06309183188133158
74.35000000000001,0.0071970850997887,0.0921291949967506,0.06518133922688743
74.36,0.0072205438675199,0.068561918528986,0.066429635664744
74.37,0.0072434251738806,0.043565723076095,0.06694261723391874
74.38,0.0072657281739496,0.0368522573351141,0.06642662247970775
74.39,0.0072874520433363,0.0816719807563513,0.0622207396000478
74.4,0.0073085959781477,0.0463061315831588,0.06200476820725125
74.41,0.0073291591951185,0.1123674422795256,0.06072032895671422
74.42,0.0073491409315923,0.0495064795012033,0.05991881388809968
74.43,0.0073685404455237,0.0092577598867628,0.05713623157067073
74.44,0.0073873570155369,0.026207812355736,0.054952226977476315
74.45,0.0074055899409342,0.0747956192837817,0.05353544323648036
74.46000000000001,0.0074232385417177,0.0883300374867557,0.05359785634647167
74.47,0.0074403021586372,0.0804800116277939,0.053004658270869316
74.48,0.0074567801532005,0.0816989100300542,0.053131450667162725
74.49,0.0074726719076795,-0.0149667027705812,0.05276609129911254
74.5,0.0074879768251295,0.0386770502327699,0.04893285052661041
74.51,0.0075026943294365,0.0638601297199089,0.051003602723467406
74.52,0.00751682386535,0.0594933133112271,0.048366630941461736
74.53,0.0075303648984587,0.0106137715396309,0.04980311592655163
74.54,0.0075433169152122,0.0405261985217492,0.054928063500647634
74.55,0.0075556794229714,0.0343092686833138,0.058783552142764706
74.56,0.0075674519500162,0.0934398703065681,0.05700840935950852
74.57000000000001,0.0075786340455269,0.0561047589413364,0.05620954434955853
74.58,0.0075892252796666,0.0462283633982569,0.05715091547927836
74.59,0.0075992252435153,0.0291797106060599,0.056236642150108054
74.60000000000001,0.0076086335491304,0.0011739245338067,0.059723524034044455
74.61,0.0076174498295999,0.0897919277171556,0.05972142243985019
74.62,0.0076256737389784,0.0569910348574068,0.06387471636232248
74.63,0.007633304952323,0.0796726641880909,0.06466043432256062
74.64,0.007640343165724,0.116881658942779,0.06775267280837223
74.65,0.0076467880963021,0.1071730738401943,0.0645200904038629
74.66,0.0076526394822418,0.0375176208354021,0.0656783297366278
74.67,0.007657897082744,0.0715538722778057,0.06354030427412119
74.68,0.007662560678065,0.1002488053519104,0.06467183225459246
74.69,0.0076666300695832,0.0624991701174777,0.06633194481099354
74.7,0.0076701050797156,0.0582578167920833,0.06792877979026743
74.71000000000001,0.0076729855519541,0.0386329167546901,0.07274551457350105
74.72,0.0076752713508931,0.1510793020918271,0.07239002280867304
74.73,0.0076769623621991,0.075993390476228,0.07271141618649063
74.74,0.0076780584926577,0.0755507797416749,0.0734701239739349
74.75,0.0076785596701545,-0.0273580319729468,0.07193143323752664
74.76,0.0076784658436246,0.0586322946713766,0.07099450882283426
74.77,0.0076777769831615,0.0485413355939296,0.07364803827918383
74.78,0.0076764930799638,0.0798668465312328,0.07275171236363233
74.79,0.0076746141463024,0.0810907270826795,0.07077449364978367
74.8,0.0076721402155643,0.0627132451708116,0.07260144859835346
74.81,0.007669071342245,0.1023253549817128,0.06889957760882452
74.82000000000001,0.0076654076019283,0.0823266006557674,0.06941971479628244
74.83,0.0076611490913175,0.063740295791576,0.06369737088876426
74.84,0.00765629592821,0.0956055277244208,0.06473720633702773
74.85000000000001,0.0076508482514447,0.0845691534782055,0.0629784361009847
74.86,0.0076448062209993,0.0874976611316544,0.06411014617287833
74.87,0.0076381700179345,0.0932417394187427,0.06399705653099169
74.88,0.0076309398443663,0.0527310280512244,0.0647409044341565
74.89,0.0076231159234718,0.0587272123610885,0.06636779679026755
74.9,0.0076146984994918,0.1008652240374436,0.0663624554168501
74.91,0.0076056878377417,-0.0194814739880245,0.0645870607463087
74.92,0.0075960842245675,0.0495557976913063,0.06544946407678004
74.93,0.0075858879673068,0.0309100800339455,0.0649847951292114
74.94,0.007575099394369,0.0978299348897609,0.06613506558181939
74.95,0.0075637188551858,0.0386166047847711,0.06395067897307377
74.96000000000001,0.0075517467201358,-0.0035921204631804,0.06182203076698125
74.97,0.0075391833806143,0.0562574121917572,0.05910471023929801
74.98,0.0075260292489887,0.0641621415603905,0.058293752607287024
74.99,0.007512284758579,0.1140315860095648,0.05609100608554881
75.0,0.0074979503636468,0.080978558240913,0.05469638060361416
75.01,0.007483026539376,0.0254299570894421,0.05122155346692377
75.02,0.0074675137818891,0.1204358249216109,0.05601079760843885
75.03,0.0074514126081642,0.0725685527568262,0.05692686194439219
75.04,0.0074347235560573,0.0878959752963436,0.057985052874649265
75.05,0.0074174471843352,0.0497334089407629,0.05510748639025599
75.06,0.0073995840725538,0.0398675411502626,0.05903476735944876
75.07000000000001,0.0073811348210856,0.0304339300503063,0.06346170854575889
75.08,0.0073621000511225,0.076211629146512,0.0641279304722256
75.09,0.0073424804046262,0.006473351094722,0.06436173247429713
75.10000000000001,0.0073222765443053,0.0294400772404609,0.06113781901560127
75.11,0.0073014891536132,0.0278938541669454,0.059042800838982216
75.12,0.0072801189366783,0.0810926529837919,0.05922852796214735
75.13,0.0072581666183457,0.0687931487463266,0.05851967019905192
75.14,0.0072356329441192,0.0531320895693441,0.05845647946988224
75.15,0.0072125186801025,0.0374010387175021,0.059090466037078314
75.16,0.0071888246130413,0.1210895051378191,0.06033992405253183
75.17,0.0071645515502399,0.0893736444493325,0.05962695768636583
75.18,0.0071397003195416,0.0702480726475581,0.06480503986071298
75.19,0.0071142717693456,0.0690719836038927,0.0623901426903537
75.2,0.0070882667685151,0.0463294033769519,0.06524103955099736
75.21000000000001,0.0070616862063638,0.0369831765319126,0.0667412586828403
75.22,0.0070345309926861,0.0293302266759101,0.06519917918223313
75.23,0.0070068020576408,0.1055498118966067,0.06302518253160977
75.24,0.0069785003517647,0.0712415474442629,0.06612088331303762
75.25,0.0069496268459229,0.1012096932074613,0.06460369070859383
75.26,0.0069201825312809,0.0759720272652866,0.06592604499881681
75.27,0.0068901684192879,0.0248952474607765,0.06307658748142005
75.28,0.0068595855416131,0.1391736557115966,0.061858276687523826
75.29,0.0068284349501068,0.0254987885689669,0.0636086346885221
75.3,0.0067967177168032,0.0663421851682393,0.06369135887398006
75.31,0.0067644349338702,0.0609446790091622,0.06648280196525627
75.32000000000001,0.0067315877135237,-0.004489815345805,0.06567644812401333
75.33,0.0066981771880525,0.0354387233207013,0.06629890023997306
75.34,0.0066642045097514,0.1338028651563114,0.06414578272335866
75.35000000000001,0.0066296708508717,0.0212710448760247,0.06678266540492041
75.36,0.0065945774036041,0.0651704788121846,0.06448119049374557
75.37,0.0065589253800152,0.0612508972724872,0.061609936831681866
75.38,0.0065227160120306,0.0637891177775117,0.06020323190096484
75.39,0.006485950551352,0.107005590668522,0.05962912629682485
75.4,0.0064486302694483,0.0708091914985097,0.06172696449976135
75.41,0.0064107564575338,0.1049497082937523,0.06133169645720502
75.42,0.0063723304264518,0.0200497458658109,0.06283802579266552
75.43,0.006333353506685,0.0424017211110645,0.06881306622847397
75.44,0.0062938270483009,0.0603343440477044,0.07054263969762614
75.45,0.0062537524208983,0.1266160837570595,0.06960050875137032
75.46000000000001,0.0062131310135299,0.0528787200727898,0.07043380193544954
75.47,0.0061719642347107,0.0156757003619488,0.0710614632968571
75.48,0.0061302535123597,-0.0046455560842811,0.06981754931238646
75.49,0.0060880002937052,0.1271174380246567,0.06878840394680653
75.5,0.0060452060452687,0.0695533908306335,0.0703573824307487
75.51,0.0060018722528087,0.0580415562745562,0.06747689585379135
75.52,0.0059580004212828,0.0925775950538328,0.0653301897919096
75.53,0.005913592074766,0.1209860338061724,0.06744954297462258
75.54,0.005868648756413,0.0717597661728971,0.06803922551622821
75.55,0.0058231720284296,0.1140181152849389,0.06645855030712122
75.56,0.0057771634719566,0.0387702017416885,0.06377523212061355
75.57000000000001,0.0057306246870669,0.0783513674017433,0.060379112448646945
75.58,0.0056835572927321,0.0351287035986036,0.06494214265203874
75.59,0.0056359629266922,0.0421770651003335,0.06597720894972463
75.60000000000001,0.0055878432454387,0.1399541388313075,0.06454578502615577
75.61,0.0055391999241732,0.0103189733824054,0.0640280424538888
75.62,0.0054900346567243,0.0598688809942355,0.06417119552857116
75.63,0.0054403491554916,0.0645561627027832,0.06285940609281539
75.64,0.0053901451514126,0.054785054484783,0.059235440649581035
75.65,0.0053394243938409,0.0271401646564575,0.05321247214254691
75.66,0.0052881886505568,0.0702664018403983,0.0505673082784878
75.67,0.0052364397076953,-0.0184397930385088,0.053824922084494534
75.68,0.0051841793696216,0.1114993346331763,0.051887072399611225
75.69,0.005131409458936,0.0170908361671228,0.055153583633872474
75.7,0.0050781318163911,0.0970575356297106,0.054666836102796455
75.71000000000001,0.0050243483008083,0.0586807968130271,0.05201606740709916
75.72,0.0049700607890446,0.0610477708428861,0.054864997199336685
75.73,0.0049152711758898,0.0650300169029613,0.055837245656690154
75.74,0.004859981374039,0.0448827594982512,0.05855995496468685
75.75,0.004804193314023,-0.0547225724748197,0.05658487421577469
75.76,0.0047479089441054,0.0584696741396977,0.05771400104728438
75.77,0.0046911302302554,0.10718009166783,0.05686944399023831
75.78,0.0046338591560557,0.0376565240191934,0.060038713845567034
75.79,0.0045760977226333,0.10372543951809,0.05966396957249141
75.8,0.0045178479486152,0.031955366947737,0.061135601743747554
75.81,0.0044591118700448,0.0842879962216645,0.06050204703360261
75.82000000000001,0.0043998915402687,0.0701464990193934,0.05998528007239633
75.83,0.0043401890299443,0.0802860985986584,0.05765738716409643
75.84,0.0042800064269293,0.1217330581707137,0.05507857395917374
75.85000000000001,0.0042193458361899,0.0133083587576278,0.05646774871216963
75.86,0.0041582093797565,0.050851828118161,0.05786684041430873
75.87,0.0040965991966346,0.0525307036424306,0.06019183578114927
75.88,0.0040345174427497,0.0481148739233946,0.060137804436446354
75.89,0.0039719662908499,0.1036297048985883,0.06194089102612513
75.9,0.0039089479304366,0.0479951117635015,0.058232829807847504
75.91,0.0038454645677088,0.0837528867166668,0.059608707913006063
75.92,0.0037815184254469,0.0478286906276954,0.05871741329636192
75.93,0.0037171117429707,0.012162019768588,0.059040705251451824
75.94,0.0036522467760757,0.0108749395995849,0.05713127296384316
75.95,0.0035869257968945,0.0740554293111648,0.05248326384391358
75.96000000000001,0.0035211510938659,-0.0253416467298985,0.055904551569859726
75.97,0.0034549249716464,0.1072945768433491,0.0539056038308045
75.98,0.0033882497510268,0.1060454334290688,0.05316288709267939
75.99,0.0033211277688627,0.0755213424024477,0.05337412211669557
76.0,0.0032535613779471,0.0258561539342599,0.050624841536421133
76.01,0.0031855529469909,0.0608488071560667,0.05367012710425732
76.02,0.0031171048605393,0.0655708092721374,0.050357170548421336
76.03,0.0030482195188308,0.0769356300762814,0.05122062748024952
76.04,0.0029788993377494,0.0401880205588763,0.05136537707613586
76.05,0.0029091467487557,0.0241248666521928,0.05012742547536431
76.06,0.0028389641987786,0.0851554010024968,0.0503638162133222
76.07000000000001,0.0027683541501372,0.008873925598001,0.053882699226228355
76.08,0.0026973190804718,0.0369336521418035,0.05001105776388488
76.09,0.0026258614826191,0.0525508094277344,0.047385815853717005
76.10000000000001,0.0025539838645644,0.0458948127128251,0.04866706341837747
76.11,0.0024816887493478,0.1119461086880616,0.049356039975775874
76.12,0.0024089786749614,0.0141807990441109,0.05044757329122459
76.13,0.0023358561942743,0.0659612861960872,0.04712215640758046
76.14,0.0022623238749269,0.0152017612822014,0.044080126652692106
76.15,0.0021883842992675,-0.0151220440166179,0.04520502632347649
76.16,0.0021140400642521,0.0790196348082807,0.04564135296361784
76.17,0.0020392937813501,0.0485548965411305,0.042699543455814136
76.18,0.0019641480764415,0.0259901061341361,0.04731297852395066
76.19,0.0018886055897587,0.0509153533155437,0.04872370981266554
76.2,0.0018126689757785,0.1024275412603173,0.049302776138244665
76.21000000000001,0.001736340903119,0.0403246616396264,0.04824302520707487
76.22,0.0016596240544619,0.0837710067804899,0.04551184054053551
76.23,0.0015825211264502,-0.0042629452843894,0.046636473978438606
76.24,0.0015050348296075,0.0130530052236261,0.045695942562194336
76.25,0.0014271678882404,0.0638109136453482,0.04639545969660791
76.26,0.0013489230403118,0.0332877260951612,0.04905441972473679
76.27,0.0012703030373928,0.023377401338619,0.047767453163453974
76.28,0.0011913106445743,0.105756062028868,0.04602367683656815
76.29,0.0011119486403088,0.066559009204816,0.04546253868285311
76.3,0.0010322198163575,0.0647112022648959,0.044050176028459606
76.31,0.0009521269777018,0.0236400431582596,0.039746641416022396
76.32000000000001,0.0008716729424235,0.0545912306907349,0.039080737005025096
76.33,0.0007908605416107,0.0377981012400759,0.03718191872787202
76.34,0.0007096926192801,0.0462101264549575,0.03891358226272803
76.35000000000001,0.0006281720322381,0.0298916211048865,0.0411578040201104
76.36,0.0005463016500173,0.0407161165740887,0.037341603699188965
76.37,0.0004640843547842,0.0519933370213416,0.03909151297922622
76.38,0.000381523041204,0.0119355936765279,0.04091276633743276
76.39,0.0002986206163624,0.0142062049061203,0.03579160628126307
76.4,0.0002153799996545,0.0212557375732803,0.03229744967646033
76.41,0.0001318041226938,0.0120533143991358,0.03065921611522623
76.42,4.789592921439212e-05,0.0263406690086832,0.031150616155527472
76.43,-3.6341625048175175e-05,0.0438958229602752,0.030566317657420645
76.44,-0.0001209055724427,0.0321019889475868,0.02892388425458205
76.45,-0.0002057929335302,0.0601816621286558,0.03105359698292299
76.46000000000001,-0.0002910007171508,-0.0163292930940018,0.033015644391089435
76.47,-0.0003765259205368,0.0700358209759436,0.03395744151265593
76.48,-0.0004623655294494,0.0616237218609563,0.03519513997819107
76.49,-0.0005485165182478,-0.0017882991506955,0.03914335776205323
76.5,-0.0006349758500084,-0.0068182794960416,0.04135018756758631
76.51,-0.0007217404766168,0.0303082974789798,0.04221499713917137
76.52,-0.0008088073388895,0.0339594440045857,0.046899166695120766
76.53,-0.0008961733666906,0.0423209622304916,0.049838636437891604
76.54,-0.0009838354790014,0.0033069997804653,0.049501242326396286
76.55,-0.0010717905840396,0.0909340937501173,0.051106065765926724
76.56,-0.001160035579395,0.0710946166763819,0.0493538142765796
76.57000000000001,-0.0012485673521051,0.060493856126985,0.053488958552637224
76.58,-0.0013373827787738,0.0779850047975797,0.05104100893399578
76.59,-0.0014264787256856,0.0948481671376332,0.054137858520484465
76.60000000000001,-0.0015158520488972,0.0605496308223149,0.05790699371127492
76.61,-0.0016054995943592,0.0394167385765666,0.058469725858147574
76.62,-0.001695418198036,0.1104208750740731,0.058226768966417666
76.63,-0.0017856046859915,0.0880695336068707,0.05339545620184748
76.64,-0.0018760558745112,0.0368105466188737,0.0517501427575664
76.65,-0.0019667685702051,0.0658032811777262,0.05582308643462319
76.66,-0.0020577395701354,0.0233843808523661,0.05386458642309442
76.67,-0.0021489656619161,0.0705087367032082,0.05381717886263788
76.68,-0.0022404436238104,0.0186288789844732,0.05285808187833893
76.69,-0.0023321702248751,0.1266575631772188,0.05134989241231965
76.7,-0.0024241422250437,0.077363539855904,0.047365137276855145
76.71000000000001,-0.0025163563752539,0.0049990955882842,0.04890898758784258
76.72,-0.0026088094175535,0.0252062027526517,0.04867942098971795
76.73,-0.0027014980852085,-0.0674981240513882,0.04759357813550665
76.74,-0.002794419102825,0.0077693799005889,0.04136987854223477
76.75,-0.0028875691864715,0.088838816998658,0.0379837536741385
76.76,-0.0029809450437651,0.0498055935080131,0.03698950640226648
76.77,-0.0030745433740125,0.0700990579067944,0.03827529513178815
76.78,-0.0031683608683108,0.0403528194567071,0.04073022613635989
76.79,-0.0032623942096632,0.0463130260111747,0.04195428696902034
76.8,-0.0033566400731072,0.0111683092928787,0.03998946779186255
76.81,-0.0034510951257921,0.0929704873530509,0.03612837589932188
76.82000000000001,-0.0035457560271401,0.0345958400159494,0.03586002984467778
76.83,-0.0036406194289489,0.0876181751356359,0.036986736107146256
76.84,-0.0037356819754863,-0.0426281578518388,0.04105908756776761
76.85000000000001,-0.0038309403036174,-0.0342980756111479,0.04458113361984167
76.86,-0.003926391042941,0.0449240884684138,0.04318235440786245
76.87,-0.0040220308158839,0.0503859441723211,0.04486151097430557
76.88,-0.0041178562378202,0.1220622877992146,0.04437120162742981
76.89,-0.0042138639172017,0.0443341564703426,0.04170816823812516
76.9,-0.0043100504556525,0.0853963604569052,0.04108068638057919
76.91,-0.0044064124481157,-0.00371938988745,0.04568260395520127
76.92,-0.0045029464829454,-0.0006361715592419,0.04393230564854111
76.93,-0.0045996491420341,0.0488670342644898,0.044476954358074465
76.94,-0.004696517000946,0.0180212566216602,0.04195558139158525
76.95,-0.0047935466290116,0.0817323469941442,0.04679592997007457
76.96000000000001,-0.0048907345894549,0.0594644535470944,0.04973529459535464
76.97,-0.0049880774395216,0.0850678814033185,0.05099699018399354
76.98,-0.0050855717305925,0.0598025616224035,0.05154017363242937
76.99,-0.0051832140083057,-0.0155708817186905,0.04716241035619879
77.0,-0.0052810008126541,0.0331359070027092,0.05112135427111208
77.01,-0.0053789286781263,0.1078085783599424,0.04748248414175117
77.02,-0.0054769941338544,0.0562142229131876,0.04847712746825817
77.03,-0.0055751937036718,0.0460334629161498,0.04938246190013162
77.04,-0.0056735239062688,0.0346693428393625,0.04755863652080964
77.05,-0.0057719812553258,0.0590191622964369,0.04970565650042874
77.06,-0.0058705622596133,0.0274285815197335,0.048257511075046645
77.07000000000001,-0.0059692634231056,0.0714196958298307,0.04752211923267648
77.08,-0.0060680812451252,0.0617927965894736,0.04787358960390493
77.09,-0.0061670122204565,0.0301292589983723,0.046670854641882385
77.10000000000001,-0.0062660528394431,0.1274719786835218,0.048828204926191485
77.11,-0.0063651995881569,0.0089800877403262,0.0499784395096775
77.12,-0.0064644489484788,0.0171681199691969,0.04764316935920946
77.13,-0.0065637973982318,0.0183758515101004,0.04738571915241846
77.14,-0.0066632414113171,0.0105667012987283,0.04209165073999045
77.15,-0.0067627774578082,0.0631086761936615,0.040833958785378294
77.16,-0.0068624020041124,0.05132129306112,0.04053268914320159
77.17,-0.0069621115130535,0.0440212248573208,0.04042171398139907
77.18,-0.0070619024440055,0.092448759199116,0.039305542124116195
77.19,-0.0071617712530502,0.0345451274199302,0.03764405461054908
77.2,-0.0072617143930503,0.0297334742518007,0.03714460245665733
77.21000000000001,-0.0073617283137816,0.0572908332559155,0.03193143812746887
77.22,-0.0074618094620976,0.0587679052001134,0.03513937013245628
77.23,-0.007561954282001,0.0508077685705766,0.036513165324976206
77.24,-0.0076621592147968,-0.0651419737448382,0.03780492768026275
77.25,-0.0077624206992116,0.0082578117925071,0.039545626508932015
77.26,-0.0078627351714904,0.0526924998107262,0.041005933901320284
77.27,-0.0079630990655721,0.0250981031218805,0.04168515213984012
77.28,-0.0080635088131664,0.0479800868268902,0.04179135757646351
77.29,-0.0081639608438793,0.0269015588045643,0.04021024626700555
77.3,-0.0082644515853963,0.0196407637666455,0.04219074743640605
77.31,-0.0083649774635263,0.0179955277705641,0.04264143831949819
77.32000000000001,-0.0084655349023521,0.0763466598450618,0.04257615715582539
77.33,-0.0085661203244019,0.0460178190121154,0.04119805325457461
77.34,-0.0086667301507026,0.0455028609711179,0.038043917962510894
77.35000000000001,-0.0087673608009347,0.0471213767007828,0.044868856641661466
77.36,-0.0088680086935855,0.0937751314338151,0.04585673368850138
77.37,-0.0089686702460151,0.0655848760700366,0.045784333694196676
77.38,-0.0090693418746234,0.046251539026412,0.04392665974612164
77.39,-0.0091700199949695,0.0592454217004987,0.04466689264152743
77.4,-0.0092707010218517,0.0761356519773409,0.044319932027434464
77.41,-0.0093713813695162,0.0391979827967356,0.045080180755200275
77.42,-0.0094720574517037,0.0559199288187867,0.04386840579447118
77.43,-0.0095727256817917,0.0298277232738469,0.041655193407562595
77.44,-0.0096733824729716,-0.0154290725627613,0.042896080394381815
77.45,-0.0097740242382904,0.0781817385173238,0.04327235370091382
77.46000000000001,-0.0098746473908201,0.0290032297761453,0.041357574299429455
77.47,-0.0099752483438075,0.0511720999303274,0.035801830130086344
77.48,-0.0100758235107356,-0.0139130497876953,0.03234807593880805
77.49,-0.0101763693054979,0.0635249776304119,0.030695253415274498
77.5,-0.0102768821425069,0.0196153859086119,0.02800330892136387
77.51,-0.0103773584367888,0.0356059870497275,0.026380841160546335
77.52,-0.0104777946041773,-0.0074517464047468,0.0261948850054581
77.53,-0.0105781870613774,0.0298691997199815,0.02529426777725797
77.54,-0.0106785322260882,0.072076445735319,0.026391347387048063
77.55,-0.0107788265171854,0.0534046004082901,0.032092285952478386
77.56,-0.0108790663547853,0.0069110092696111,0.032606596034225624
77.57000000000001,-0.0109792481603782,-0.0228954961223902,0.031826132219887136
77.58,-0.0110793683570004,-0.0069439619468077,0.02937346286661944
77.59,-0.011179423369298,0.0115422660322074,0.03135348421472502
77.60000000000001,-0.0112794096236601,0.0027145873283756,0.031169677874489453
77.61,-0.0113793235484022,0.0420638290001726,0.03080708056225765
77.62,-0.011479161573813,0.0352929035398827,0.03038624087110681
77.63,-0.0115789201323157,0.0370069670265839,0.0322438597928718
77.64,-0.0116785956586012,0.052866395079439,0.031132782284939056
77.65,-0.0117781845897058,0.1042906373112753,0.031930766947335376
77.66,-0.0118776833652051,0.0889822502340158,0.02939311210667575
77.67,-0.0119770884272812,0.0126134896750372,0.031464992809624934
77.68,-0.0120763962208364,-0.0003339564882942,0.03435318815036916
77.69,-0.0121756031936925,0.0276673985225218,0.039105626027114
77.7,-0.0122747057966443,0.059665044485465,0.03893916325837552
77.71000000000001,-0.01237370048357,0.012000842351744,0.03984568432292976
77.72,-0.0124725837116423,0.0267683535355598,0.038728339881868475
77.73,-0.0125713519413594,0.0315582509523182,0.037664910733224144
77.74,-0.0126700016367192,0.0065365720533937,0.03821659557321145
77.75,-0.0127685292653251,0.0888341236456417,0.03801533450145406
77.76,-0.0128669312984747,0.000113848754438,0.03450217105548694
77.77,-0.0129652042113903,0.050420504031544,0.03143920789563142
77.78,-0.0130633444832134,0.0377566060332386,0.033365392238545254
77.79,-0.0131613485971682,0.092857233464834,0.03691342223648843
77.8,-0.0132592130407588,0.0080465478886992,0.03731753255579721
77.81,-0.0133569343057859,0.0217515296840147,0.03575295410470143
77.82000000000001,-0.013454508888494,0.0185995957378856,0.03863446461385726
77.83,-0.0135519332897626,0.0129608914183518,0.038203038871977804
77.84,-0.0136492040151453,0.0485923486663172,0.03932240703802027
77.85000000000001,-0.0137463175749974,0.0486399125725337,0.04090395495972152
77.86,-0.0138432704846702,0.0305142049459659,0.038810793686672986
77.87,-0.0139400592645444,0.0246600238770499,0.04011523988871489
77.88,-0.0140366804402075,0.0530633608762278,0.04141976783584254
77.89,-0.014133130542554,0.0741746734685122,0.042623182862518746
77.9,-0.0142294061078684,0.0361537152280063,0.0411179051444442
77.91,-0.014325503678042,0.0268088970124537,0.04085143036335145
77.92,-0.0144214198006115,0.0725125630440164,0.04321810281655809
77.93,-0.0145171510288671,0.0177084129560913,0.045911137578616236
77.94,-0.0146126939220586,0.05506498243921,0.05060760600363351
77.95,-0.0147080450454334,0.0397490784091199,0.047870504627802395
77.96000000000001,-0.0148032009703646,0.0448777369116226,0.04704184641526665
77.97,-0.0148981582745483,0.0275072189973178,0.04662832919208687
77.98,-0.0149929135420112,0.0778155909212247,0.04903262099905622
77.99,-0.0150874633633002,0.0630283215934389,0.04768056827037993
78.0,-0.01518180433559,0.0612464013852686,0.04754401476991913
78.01,-0.0152759330627499,0.0024505774857514,0.05054751047326248
78.02,-0.0153698461555662,0.0714516512013542,0.048227183263259844
78.03,-0.0154635402317693,0.0751533257411067,0.045717774475870325
78.04,-0.0155570119161452,0.1115867283437145,0.04719919765933098
78.05,-0.0156502578407519,-0.0088867802261361,0.04761812172779402
78.06,-0.0157432746449331,0.0312380901092831,0.04737023483381258
78.07000000000001,-0.0158360589754491,0.0218303432591904,0.04597396282726327
78.08,-0.015928607486676,0.0751501518234062,0.04574861191344583
78.09,-0.0160209168406283,0.0246702535740258,0.04351741714517071
78.10000000000001,-0.0161129837070811,0.0713070499588353,0.041318051756202095
78.11,-0.0162048047637752,0.0992271249982167,0.04119680696732891
78.12,-0.0162963766964174,-0.0219179743976017,0.042815219329559485
78.13,-0.0163876961988662,0.0198149785088366,0.043454297961303213
78.14,-0.0164787599732513,0.048818299808765,0.03815986054815018
78.15,-0.0165695647300012,0.0638623878769339,0.033719926522825364
78.16,-0.0166601071880961,0.0345434536355096,0.035436948120451374
78.17,-0.016750384075076,0.0155560247740871,0.0394670969099138
78.18,-0.016840392127139,0.0227748498071515,0.03671015493394375
78.19,-0.0169301280893749,0.0309605007874471,0.03712830727749397
78.2,-0.0170195887157817,0.0168416484250981,0.03412611584690924
78.21000000000001,-0.0171087707693362,0.0587002608189316,0.03207930154397839
78.22,-0.0171976710222565,0.0364372370925936,0.027929117225794317
78.23,-0.017286286255988,0.0848723024679725,0.03525103566159304
78.24,-0.0173746132613519,-0.036029859935107,0.03717131253953841
78.25,-0.0174626488386758,0.0183481138118934,0.03709325783686867
78.26,-0.0175503897978365,0.0271706733240101,0.037140377817801364
78.27,-0.0176378329584961,0.1158712146879939,0.03513302339099651
78.28,-0.017724975150099,-0.0360654382361806,0.03864926830049438
78.29,-0.0178118132119889,0.0839313510379609,0.03957921182859375
78.3,-0.017898343993622,-0.0383757664682536,0.04165288897167174
78.31,-0.0179845643545575,0.0283239495972874,0.04069830254405965
78.32000000000001,-0.0180704711645815,0.0120732543163512,0.037931988491844905
78.33,-0.0181560613039311,0.1318423127541715,0.03979592781934616
78.34,-0.018241331663274,0.0601407929456896,0.038285011134479505
78.35000000000001,-0.018326279143821,0.0471791510527003,0.0381379212714274
78.36,-0.0184109006575519,0.0648519074765204,0.03912442076063393
78.37,-0.0184951931271937,-0.0076109893273923,0.03896388920385364
78.38,-0.0185791534863921,0.0893971678735423,0.03583780589391526
78.39,-0.0186627786798038,0.0423036638972384,0.04040296486474672
78.4,-0.0187460656631624,0.0745077207920849,0.03743338692254837
78.41,-0.0188290114035066,-0.0032046665547559,0.03947121952856027
78.42,-0.0189116128791522,0.000607665722422,0.03889817575412269
78.43,-0.0189938670798153,0.0755799629701199,0.04046104379846423
78.44,-0.0190757710068212,0.0531430520857728,0.03366322783708707
78.45,-0.0191573216730966,-0.0391187470592012,0.030500319406046646
78.46000000000001,-0.0192385161032815,0.0390646030852307,0.028014765903407256
78.47,-0.0193193513339379,0.0237995106316237,0.029149010599580732
78.48,-0.0193998244135087,0.0502234651792881,0.02847082246305041
78.49,-0.0194799324025232,0.0598029001512799,0.026981666912277377
78.5,-0.0195596723736798,0.0215702142517957,0.025694738578896096
78.51,-0.0196390414118688,0.0044187182579962,0.02344835314471226
78.52,-0.0197180366144189,0.0162900303340983,0.022454330941077523
78.53,-0.0197966550910796,0.0448934832475235,0.0240388211726906
78.54,-0.0198748939641196,-0.0109118224347488,0.022388794775176253
78.55,-0.0199527503685403,-0.0062802841061594,0.021376333255913506
78.56,-0.020030221452072,-0.0050174725027268,0.024914266682607888
78.57000000000001,-0.0201073043752358,0.0886710460961635,0.02353549085923893
78.58,-0.0201839963116082,-0.0218529401945292,0.023010980183015974
78.59,-0.020260294447788,0.0581249013073087,0.022174792843053116
78.60000000000001,-0.0203361959834585,0.0152781688962315,0.02255491994853402
78.61,-0.0204116981316476,0.0273336266742243,0.021246828575970652
78.62,-0.0204867981186684,-0.0240791328310854,0.023017558694949408
78.63,-0.0205614931842887,0.0338819605862966,0.024822832835742888
78.64,-0.0206357805818305,0.0409294086223187,0.02477325392019141
78.65,-0.0207096575781731,0.031881360181255,0.02577520407445863
78.66,-0.0207831214540238,0.0351778549013809,0.030667729695276362
78.67,-0.0208561695038758,0.0101103107944825,0.03294232186117262
78.68,-0.0209287990360795,0.0127847864309417,0.029566138536465503
78.69,-0.0210010073730754,0.032663531040068,0.03115322648192491
78.7,-0.0210727918513689,0.0677855693663789,0.02577875912467295
78.71000000000001,-0.0211441498216252,-0.005899704572035,0.026457503174215063
78.72,-0.0212150786488618,0.0416040507565501,0.024563373992754396
78.73,-0.021285575712425,0.0542007872907614,0.028003099726191368
78.74,-0.0213556384061508,0.0438523260209424,0.027605248846553215
78.75,-0.0214252641384249,0.0101291308048628,0.02472392677371475
78.76,-0.0214944503322392,0.096462753931013,0.023642012168739752
78.77,-0.0215631944254182,0.0427489629810947,0.021629241497911227
78.78,-0.0216314938705525,0.0177711962773139,0.019835743641289295
78.79,-0.0216993461351108,0.0114759066601184,0.02037944958883679
78.8,-0.0217667487016529,-0.0547389131949824,0.02173845934338259
78.81,-0.0218336990677775,0.0295317939366157,0.02307561766709161
78.82000000000001,-0.0219001947462257,-0.0124430861364496,0.024835054643922456
78.83,-0.021966233265093,0.048155107571091,0.025732215843927417
78.84,-0.022031812167754,0.0255270921138955,0.02332956795046259
78.85000000000001,-0.0220969290129935,-0.0195783549072892,0.022108673316629274
78.86,-0.0221615813752129,0.0091611534767801,0.019830948662889872
78.87,-0.0222257668443442,-0.0070903291860182,0.018457749776496734
78.88,-0.0222894830260209,-0.027553144194578,0.01812316299001553
78.89,-0.0223527275416593,0.0242026113294391,0.01974943936606527
78.9,-0.0224154980284774,0.0612027358855298,0.020986610222036278
78.91,-0.0224777921397204,0.0958658941642683,0.023853092662067983
78.92,-0.0225396075445777,0.0310484719414127,0.02580391220831872
78.93,-0.0226009419283121,0.0604444359566544,0.028371857767376808
78.94,-0.0226617929924663,0.003745181528,0.02619920134261223
78.95,-0.0227221584547687,0.0182135387104427,0.028291837858777973
78.96000000000001,-0.0227820360492556,-0.0377030869236646,0.03137027430598579
78.97,-0.0228414235264609,0.0676255773167571,0.03204291323987285
78.98,-0.0229003186533516,0.0357226404649894,0.03298019671327209
78.99,-0.0229587192134839,0.0519230001743585,0.036194906091310694
79.0,-0.0230166230070841,0.0374564946355096,0.03770164111186112
79.01,-0.023074027851018,0.0054572180456834,0.03532912716085187
79.02,-0.0231309315790531,0.0704990044078812,0.030835623232202014
79.03,-0.0231873320418074,0.0414837706037701,0.02813438213293035
79.04,-0.0232432271067825,0.0025293226510349,0.027069930862810093
79.05,-0.0232986146585956,0.0694724589533762,0.029660332274469414
79.06,-0.0233534925989195,0.0450688104840748,0.0333760105355005
79.07000000000001,-0.0234078588465497,0.0232865710884084,0.03567921341982709
79.08,-0.0234617113376162,0.0125926237553659,0.032830209532630085
79.09,-0.0235150480255325,0.0399557527442328,0.035566098713435176
79.10000000000001,-0.0235678668810121,0.0558440467609979,0.03418597551778092
79.11,-0.0236201658923435,0.0113799429143354,0.036333105656589364
79.12,-0.0236719430652967,0.0015023116626215,0.03650592307537733
79.13,-0.0237231964232198,-0.0256775911432922,0.034529812989042695
79.14,-0.0237739240071546,0.0380909592841289,0.03077773827281393
79.15,-0.0238241238758096,0.0581436111728458,0.03188528747949119
79.16,-0.0238737941057887,0.0962427821920955,0.02958685919638271
79.17,-0.0239229327915216,0.0106641736471938,0.03109066375736909
79.18,-0.0239715380452962,0.00779649568562,0.034360339097359194
79.19,-0.0240196079975094,0.0931763132618964,0.03439535173642516
79.2,-0.0240671407965964,0.022940413065619,0.03194573913134776
79.21000000000001,-0.0241141346090406,0.0825462275504869,0.030241424716894203
79.22,-0.0241605876196218,0.0090863838402308,0.033786761797408256
79.23,-0.0242064980313136,0.0290006925948537,0.036469077630914164
79.24,-0.0242518640654137,-0.0373097984370338,0.03908286244341898
79.25,-0.0242966839616221,0.0257878559912572,0.038227331854004856
79.26,-0.0243409559780152,0.0212054650080982,0.03902845755879659
79.27,-0.024384678391269,0.0766487062647888,0.03651755885730049
79.28,-0.024427849496543,0.0919497532282005,0.03987535837350956
79.29,-0.0244704676075943,0.0133278891757512,0.03931447012234289
79.3,-0.0245125310569666,-0.0114861119623925,0.03713218025539712
79.31,-0.0245540381958661,0.0200534440574732,0.03560437084282851
79.32000000000001,-0.0245949873942538,0.0858320216051305,0.03174173655762923
79.33,-0.0246353770410337,0.0578309441662455,0.03606682835124928
79.34,-0.0246752055439711,0.0292118899193088,0.036359870175060045
79.35000000000001,-0.0247144713297439,0.0201248169064326,0.04386508865146813
79.36,-0.0247531728441524,0.074967250973472,0.04338990878300416
79.37,-0.024791308551976,0.0435139094606775,0.043609631911698386
79.38,-0.0248288769371482,0.0811779634875844,0.043558322752402207
79.39,-0.024865876502815,-0.0039821575888802,0.040703758762192684
79.4,-0.0249023057712682,0.0473482260560352,0.039788881354374625
79.41,-0.0249381632841716,-0.0091435845983218,0.040265752745538216
79.42,-0.024973447602479,0.0014309075613019,0.04263610089077557
79.43,-0.0250081573064789,0.0999133115062521,0.03621534837101727
79.44,-0.0250422909959899,0.0351545708948797,0.036900494521376455
79.45,-0.0250758472902373,0.1202997895675359,0.0352187008954092
79.46000000000001,-0.0251088248279407,0.0158090787535139,0.03431060428372438
79.47,-0.0251412222675148,0.025819650710677,0.03360945330015734
79.48,-0.0251730382869033,0.0755712139195689,0.02879831987858562
79.49,-0.0252042715837397,0.0320039094338005,0.027489253147727
79.5,-0.0252349208753846,-0.005884536388428,0.029130902527446777
79.51,-0.0252649848988942,-0.0014718127479571,0.02898358722946328
79.52,-0.0252944624112239,0.0698307551074576,0.03136400446180911
79.53,-0.0253233521891341,-0.0490037813097938,0.034329230797813734
79.54,-0.0253516530291972,0.0722190133237885,0.0322012908671737
79.55,-0.0253793637480292,-0.0061057762260036,0.031235516276396445
79.56,-0.0254064831821873,0.0010547880610513,0.02722767026017382
79.57000000000001,-0.0254330101881639,0.0602430803185643,0.02666972955219789
79.58,-0.0254589436426103,-0.0575198923923286,0.0261367400981941
79.59,-0.0254842824422174,0.0536875621395533,0.02419955034275088
79.60000000000001,-0.0255090255037546,0.0304924793852351,0.027747490330159663
79.61,-0.0255331717642623,0.0442546047983819,0.03251477057431509
79.62,-0.0255567201809137,0.0408451772809406,0.03432772778111616
79.63,-0.025579669731153,0.0637006606173989,0.0300954018738314
79.64,-0.0256020194126835,0.0552265729628115,0.03933551510739247
79.65,-0.0256237682434684,0.0148733044885572,0.036439238797923046
79.66,-0.0256449152619478,0.0361350232268608,0.03743479256154719
79.67,-0.0256654595268523,0.0040923238860195,0.039990509289747976
79.68,-0.0256854001172868,0.0146268721765973,0.03702748671966241
79.69,-0.0257047361329004,0.0348902290552613,0.04384637630287652
79.7,-0.0257234666937763,0.1065106491693849,0.043305956749327405
79.71000000000001,-0.0257415909404229,0.0942283487388359,0.04577192875618848
79.72,-0.0257591080340055,0.0366002885948655,0.04576289950427837
79.73,-0.0257760171562149,-0.0190480889455224,0.045191268681078166
79.74,-0.0257923175093127,0.1450385965949886,0.041571075746067096
79.75,-0.0258080083162165,0.0113972108249308,0.038496613562116345
79.76,-0.025823088820423,0.0148008528101033,0.03853295774358187
79.77,-0.0258375582862041,0.0547248393532678,0.03737607789345707
79.78,-0.0258514159984901,-0.0019803936532326,0.03919864274328426
79.79,-0.025864661262881,0.0856767888551677,0.04072351805144852
79.8,-0.0258772934058404,0.0423387515150219,0.03807106902261077
79.81,-0.0258893117745268,0.0822778915293176,0.03211283040568865
79.82000000000001,-0.0259007157368637,0.0440649905082697,0.028363908084643518
79.83,-0.025911504681722,0.0288409299937363,0.027769578412933767
79.84,-0.0259216780187282,-0.0123233910178335,0.03083409053965635
79.85000000000001,-0.025931235178328,-0.0093371329001543,0.02848924967917961
79.86,-0.0259401756119576,0.0156365322993332,0.02985947009448762
79.87,-0.0259484987918834,0.01184054637424,0.030335469195690464
79.88,-0.0259562042113095,0.0423661857323905,0.026843031799862783
79.89,-0.0259632913844051,0.0466492536480467,0.025287727540602115
79.9,-0.0259697598461935,-0.0208112005503313,0.022298513503722087
79.91,-0.0259756091527965,-0.0186123617859798,0.020465050292682467
79.92,-0.0259808388812912,0.0155009799968882,0.016442354615039585
79.93,-0.0259854486296728,0.0241193654889607,0.014534546057193889
79.94,-0.0259894380170697,0.0453066657156519,0.014659987328324122
79.95,-0.0259928066835848,0.095796938524977,0.014511240520983655
79.96000000000001,-0.0259955542903173,0.040171839546399,0.014040350697085062
79.97,-0.0259976805195308,0.0247968339353631,0.016377248165552843
79.98,-0.0259991850744586,-0.0186163459591136,0.017584829968164
79.99,-0.0260000676794436,-0.0346417830977066,0.018334055563815406
80.0,-0.0260003280799531,0.0229032940806871,0.01654892174736588
80.01,-0.025999966042467,0.0038360240831899,0.020868816134800745
80.02,-0.0259989813546634,-0.0021987177011829,0.02189888226887083
80.03,-0.0259973738252844,0.0040010107935101,0.020479036464538962
80.04,-0.0259951432841493,0.0314751966874712,0.020137744105790518
80.05,-0.0259922895822953,-0.0154470739719834,0.020230446512879287
80.06,-0.0259888125918567,-0.0192258192020247,0.01837672681755491
80.07000000000001,-0.0259847122060161,0.0647113791371566,0.02092917765021724
80.08,-0.0259799883392225,0.0371997642290743,0.01852914458272982
80.09,-0.0259746409270358,0.05809992324107,0.019164915557635265
80.10000000000001,-0.0259686699260769,0.0091614435026067,0.02320386293809778
80.11,-0.0259620753142342,0.0699065815858008,0.0238612653352748
80.12,-0.0259548570904655,0.003019027029492,0.02239459564111417
80.13,-0.0259470152749005,-0.014315781894081,0.023763354779784314
80.14,-0.025938549908841,0.0169522259552434,0.022940333164986077
80.15,-0.0259294610546592,0.047253416264516,0.02229231215614603
80.16,-0.0259197487959855,0.0568688249231651,0.025786281337313564
80.17,-0.0259094132375153,0.0937733070323079,0.027600170240640116
80.18,-0.0258984545050536,-0.0256038604818727,0.02713830848308994
80.19,-0.025886872745659,-0.0052651554860992,0.02797609675080558
80.2,-0.0258746681274471,0.0501761118920061,0.02517528405818767
80.21000000000001,-0.0258618408396152,0.0367087444214046,0.024788055335688404
80.22,-0.0258483910925783,-0.0269640394941834,0.021270580158806913
80.23,-0.0258343191177998,0.0265452242108901,0.022455234196836187
80.24,-0.0258196251678763,-0.0132824431172528,0.02731470612217189
80.25,-0.0258043095164875,0.0178667555018301,0.027840238066627082
80.26,-0.0257883724583504,0.057926278832535,0.027472826755174606
80.27,-0.025771814309379,0.0188658477678328,0.02903549821104017
80.28,-0.0257546354064816,0.055012282228603,0.02587929867424762
80.29,-0.0257368361075815,0.0547933178511026,0.031168762213047214
80.3,-0.025718416791734,-0.000717143303906,0.0333818468437412
80.31,-0.0256993778589884,0.0010296403301221,0.03443458371069782
80.32000000000001,-0.0256797197303593,-0.0039603971287105,0.031312942737954944
80.33,-0.0256594428479695,0.0278967618281067,0.03613980484501015
80.34,-0.0256385476748541,0.0877331285379688,0.03673144868631956
80.35000000000001,-0.0256170346949913,0.0279883967888024,0.03739514519062606
80.36,-0.0255949044134354,0.039537778724014,0.037032253960066604
80.37,-0.0255721573560838,0.089684925496342,0.034458152879149405
80.38,-0.0255487940697782,0.0274931167596643,0.030655485028798436
80.39,-0.0255248151222839,0.0854748738329188,0.029677255039903955
80.4,-0.0255002211021856,0.0412096217584746,0.032107559280761956
80.41,-0.0254750126190264,0.0722835860980951,0.03361859070864607
80.42,-0.0254491903031547,-0.0288457160061958,0.03172769979089514
80.43,-0.0254227548056623,0.0744000647539758,0.031942134932540535
80.44,-0.0253957067985574,0.0389697448783877,0.03097163423819487
80.45,-0.0253680469745928,0.0006551834731837,0.029840464817462577
80.46000000000001,-0.0253397760472035,0.0102460396600816,0.028164463880885643
80.47,-0.0253108947506561,0.0038701561332739,0.027848778485756023
80.48,-0.0252814038398524,-0.0609901770895376,0.023395312534105907
80.49,-0.0252513040903942,0.0344694524618189,0.023572536805448904
80.5,-0.0252205962985571,0.1058297069091205,0.024671967969978514
80.51,-0.0251892812811516,0.0310145166816605,0.02609347490886668
80.52,-0.0251573598756937,-0.0386790689426474,0.020686040709348055
80.53,-0.0251248329402403,0.0005427408458427,0.02158903405899514
80.54,-0.0250917013533205,0.0075162472468478,0.01925692120764877
80.55,-0.0250579660140623,0.0639785707025906,0.01830220592225263
80.56,-0.0250236278420287,-0.0072076228793132,0.02088084194115775
80.57000000000001,-0.0249886877771873,0.032908385426292,0.022614031737177413
80.58,-0.0249531467800073,-0.0038378594883105,0.023019134841304863
80.59,-0.0249170058313069,0.0312148264578673,0.028341697631696788
80.60000000000001,-0.0248802659321728,0.1085629282880406,0.030105152185933813
80.61,-0.0248429281041184,0.071061267475126,0.028638858566667248
80.62,-0.0248049933888952,-0.0412725320917959,0.028224412277607646
80.63,-0.0247664628484828,-0.0098828556636071,0.028883531149419335
80.64,-0.0247273375650919,0.0254256948757021,0.03321603753091188
80.65,-0.0246876186410408,0.0189207238850688,0.03285396663558772
80.66,-0.0246473071988745,0.0548065398701911,0.02845750660045563
80.67,-0.0246064043811833,0.0466430253764946,0.030445236103997936
80.68,-0.0245649113505677,0.0123773213199504,0.029997770503013325
80.69,-0.0245228292897387,0.0507836415086928,0.03296750058633338
80.7,-0.0244801594013105,0.0715019981007964,0.03263137422169885
80.71000000000001,-0.0244369029078053,0.0750375409045226,0.02930410697901557
80.72,-0.0243930610517445,0.0223111446114089,0.02865321054699811
80.73,-0.0243486350954072,-0.024837572634602,0.026785958780897838
80.74,-0.0243036263208998,0.0915253748571862,0.02948318352298871
80.75,-0.0242580360301142,-8.724155495957661e-05,0.02961328838445352
80.76,-0.0242118655445863,-0.0283470900351833,0.02863869575076138
80.77,-0.024165116205628,0.0345346966950752,0.02773077063445582
80.78,-0.0241177893741062,0.0235116078056153,0.0262651538451448
80.79,-0.0240698864304347,0.0585264722614106,0.02441712927134591
80.8,-0.0240214087746687,0.0241561728005423,0.0236129554801258
80.81,-0.0239723578262712,0.0386903161916916,0.022061528291403683
80.82000000000001,-0.0239227350241094,0.0573924424027593,0.021378968393779757
80.83,-0.0238725418265195,-0.0804848191799016,0.022378468001298585
80.84,-0.0238217797111292,0.0467588639203012,0.025018957082600338
80.85000000000001,-0.0237704501748037,0.0281578969664631,0.022594014475519668
80.86,-0.023718554733744,-0.0015457214224662,0.024909759879088483
80.87,-0.0236660949232414,0.0357401124277745,0.026695126486346078
80.88,-0.0236130722977415,0.0158650728009631,0.025707512534457234
80.89,-0.0235594884308132,-0.0264311947298263,0.02743845054207653
80.9,-0.023505344914948,0.0338959918930705,0.024629467235357125
80.91,-0.0234506433616998,0.0389220271376319,0.02121535275144975
80.92,-0.0233953854014937,0.0607037830544202,0.020303022805767117
80.93,-0.023339572683563,0.0433006363693043,0.01867194171843088
80.94,-0.0232832068760249,0.0306126980727347,0.02363356687717525
80.95,-0.0232262896657078,0.0406015801084922,0.021472703972709947
80.96000000000001,-0.0231688227580448,0.0485434119199856,0.022181866666661807
80.97,-0.0231108078771996,0.0091456087172261,0.02269454101975944
80.98,-0.0230522467658658,0.0137948037054096,0.024760456332786483
80.99,-0.0229931411852221,0.0598613059656204,0.02381690852439541
81.0,-0.0229334929149199,-0.0004621771796969,0.027336641446441767
81.01,-0.0228733037529293,-0.0475402313615125,0.02766456734919961
81.02,-0.0228125755156377,0.0195313873323562,0.02801926511168137
81.03,-0.0227513100376497,0.0231397395686984,0.027014329180164717
81.04,-0.0226895091716958,0.0237093091537302,0.029386294439962265
81.05,-0.0226271747887474,0.0013807429265298,0.030618409161139233
81.06,-0.0225643087778129,0.0430503135394522,0.03141030665071117
81.07000000000001,-0.022500913045835,0.009220439992584,0.032232758075985524
81.08,-0.0224369895177933,0.0791243340013425,0.03393720847254805
81.09,-0.0223725401364893,-0.0039494311752495,0.03562630797639272
81.10000000000001,-0.0223075668624866,0.0474831966331472,0.03345302889473418
81.11,-0.0222420716741722,0.0407824358509852,0.034504473659104216
81.12,-0.022176056567548,0.0463706801497489,0.0395851373241468
81.13,-0.0221095235562365,0.0396001284925704,0.042741812159438314
81.14,-0.0220424746713729,0.0931119068250529,0.0409889877736716
81.15,-0.0219749119615239,0.056487107217451,0.039851061170544905
81.16,-0.0219068374927453,0.0572314273895028,0.040150876518492286
81.17,-0.0218382533483427,0.0658148918507472,0.03905833902565188
81.18,-0.0217691616288331,0.044939067045039,0.0403926070727826
81.19,-0.0216995644520018,0.0492658932861478,0.038655781880607636
81.2,-0.0216294639526867,0.0142224452507909,0.04212255020378497
81.21000000000001,-0.0215588622827139,0.021618162872074,0.03950344216949875
81.22,-0.0214877616109623,0.0591537056043816,0.04030235477763037
81.23,-0.0214161641231044,0.0858215588734781,0.038548115055378966
81.24,-0.021344072021652,-0.0136695725324027,0.03845837603288606
81.25,-0.0212714875258784,-0.0001871495119303,0.03641032566338008
81.26,-0.0211984128716272,0.0076768652334248,0.036058637925541974
81.27,-0.0211248503114033,0.0201070261898037,0.03761238042158092
81.28,-0.0210508021141808,0.0372400689823292,0.035830437623566004
81.29,-0.0209762705653093,0.0426510049656681,0.03515942621210118
81.3,-0.0209012579665657,0.0688527036114745,0.03234805869581395
81.31,-0.0208257666359304,-0.0075180720868633,0.03433370429397092
81.32000000000001,-0.0207497989075405,0.0575596006217492,0.0359856029414792
81.33,-0.0206733571317313,0.0095316459824694,0.036013835936174875
81.34,-0.020596443674796,0.0377156090202194,0.035581843141286464
81.35000000000001,-0.0205190609189387,0.0501028490654273,0.03718873050002986
81.36,-0.0204412112622981,0.0491016647228508,0.04014865615316367
81.37,-0.0203628971187377,0.0898600198063205,0.04145446413606966
81.38,-0.0202841209178294,0.0283940930924342,0.04144918863846562
81.39,-0.02020488510477,0.0308478274042776,0.04328268542221674
81.4,-0.0201251921402079,-0.0097728245558842,0.040898103075415006
81.41,-0.0200450445003275,0.0559210028120874,0.03843255819870757
81.42,-0.0199644446766414,0.0563080344697478,0.038134105154138585
81.43,-0.0198833951758709,0.0597465984929909,0.03767691758273361
81.44,-0.0198018985200054,0.0767497101808213,0.04238485468103098
81.45,-0.0197199572460948,0.0200750620012088,0.03929848249142357
81.46000000000001,-0.0196375739061546,0.0619712892038795,0.03932243951181558
81.47,-0.0195547510671939,0.0350988328744508,0.03929164435072536
81.48,-0.0194714913110183,0.0199962407401187,0.034190213774715664
81.49,-0.0193877972341868,0.0757435014411028,0.03590556324079047
81.5,-0.0193036714478969,-0.0074252243171684,0.03578870604902905
81.51,-0.0192191165778884,0.0170762612006185,0.03927797735870812
81.52,-0.0191341352644563,-0.0137855860228121,0.038341151561820476
81.53,-0.0190487301622258,0.0479586616222448,0.03817213606020009
81.54,-0.0189629039400784,0.1083983250467141,0.035690298446027335
81.55,-0.0188766592811626,-0.0270982069615361,0.03423875317454198
81.56,-0.0187899988827205,0.0506059464936594,0.03575496663740992
81.57000000000001,-0.018702925455942,0.0484549663399563,0.034759163270554984
81.58,-0.0186154417260248,-0.0172700222898831,0.03419200355134288
81.59,-0.0185275504319737,0.064416431880005,0.03482986363976215
81.60000000000001,-0.018439254326466,0.0283938263772878,0.03322640819630077
81.61,-0.0183505561759,0.0635018729473762,0.03614527860454826
81.62,-0.0182614587601659,0.036247661077447,0.04177405290621564
81.63,-0.0181719648726139,0.0527587089357197,0.04664727221919037
81.64,-0.0180820773199599,0.0076280085953631,0.04091177994205156
81.65,-0.017991798922122,0.0462672594796288,0.03676295510968023
81.66,-0.0179011325122532,0.0519155447214356,0.040126652716771974
81.67,-0.0178100809365158,0.0410594184999259,0.03763601834761632
81.68,-0.0177186470540074,0.0231884787709965,0.032914898389735554
81.69,-0.017626833736771,0.0333913025969233,0.03516711071143706
81.7,-0.0175346438695642,0.0420709371284138,0.03278164991613648
81.71000000000001,-0.0174420803497776,0.0538710542560291,0.03536619664712331
81.72,-0.0173491460874308,0.1352805215356333,0.036579568604877405
81.73,-0.0172558440049708,0.0885520195496573,0.03521601096452322
81.74,-0.0171621770372207,-0.0724866761976703,0.036370690422432204
81.75,-0.0170681481312745,0.0212730035669163,0.039425492702391506
81.76,-0.0169737602463304,0.0435394427873904,0.03836008999438428
81.77,-0.0168790163537296,-0.0016973752586093,0.03564511281986456
81.78,-0.01678391943674,-0.0506885527755398,0.03461594056825516
81.79,-0.0166884724904364,0.0300264364658487,0.03490041168511956
81.8,-0.0165926785217207,0.0143217551786927,0.03422638792765556
81.81,-0.016496540549106,0.0826693077280112,0.03558771757108767
81.82000000000001,-0.0164000616026144,0.0889826840602123,0.03530514925924082
81.83,-0.0163032447237795,0.0076129506300088,0.0342484284152761
81.84,-0.0162060929654248,0.0770069775518085,0.03384028355650352
81.85000000000001,-0.0161086093915741,0.0717788564745085,0.03736262515661139
81.86,-0.016010797077455,0.0238938026114772,0.03706919466708105
81.87,-0.0159126591092573,-0.0050989759434788,0.03515453346429344
81.88,-0.0158141985840881,0.0194468012161287,0.036417705778556825
81.89,-0.0157154186098781,0.0291623722251488,0.040463381136967805
81.9,-0.0156163223052119,0.0192368036901793,0.03989079841036925
81.91,-0.0155169127993251,0.0706588596404882,0.04064480228109296
81.92,-0.0154171932319133,0.0479371197072451,0.03819869244641712
81.93,-0.0153171667529955,0.1130893838123743,0.035861981860519206
81.94,-0.0152168365229313,0.0799809775154332,0.04067289759785604
81.95,-0.0151162057122164,0.0014824974045948,0.04160778077931672
81.96000000000001,-0.015015277501347,0.0151109632867793,0.04133178574096724
81.97,-0.0149140550808252,0.0033315575288505,0.04004209794991047
81.98,-0.0148125416509409,0.0248292433409218,0.039811171918508186
81.99,-0.0147107404217083,0.0342706297510909,0.04363042797615863
82.0,-0.0146086546127632,0.0180021992072789,0.04721856355606635
82.01,-0.0145062874531962,0.0301558364638908,0.051415007994875875
82.02,-0.0144036421815443,0.0313010011998183,0.05209900213414792
82.03,-0.0143007220455793,0.0399117617563562,0.05171201724428197
82.04,-0.0141975303022165,0.1086421811140824,0.0468080846639302
82.05,-0.0140940702174796,0.0966395243624828,0.04775226783761511
82.06,-0.0139903450662864,0.0659829606691693,0.051737548814014434
82.07000000000001,-0.0138863581323658,-0.0031896410007149,0.05223721589692837
82.08,-0.0137821127082091,-0.0099484226029268,0.055856281321414694
82.09,-0.0136776120948714,0.0996511784267881,0.058245256041679724
82.10000000000001,-0.0135728596018638,0.1045132194032109,0.061225165547609525
82.11,-0.0134678585471295,0.1073621369051792,0.06106496756616092
82.12,-0.0133626122568286,0.0850227365652013,0.05990372522844081
82.13,-0.0132571240652704,0.0398104370200603,0.06375842697145667
82.14,-0.0131513973147937,0.010106799624987,0.06175164965477132
82.15,-0.0130454353556158,0.0998088241628163,0.05725675051696453
82.16,-0.0129392415458076,0.0851733979089804,0.05711877144212701
82.17,-0.0128328192510851,0.025603972027972,0.057846457472265425
82.18,-0.0127261718447041,0.0793319314430635,0.05996726586563539
82.19,-0.012619302707427,0.0749977124664875,0.06227697339037991
82.2,-0.012512215227306,0.0968487293756167,0.060819608061647636
82.21000000000001,-0.0124049127995851,0.0146380415968581,0.05828508379499797
82.22,-0.0122973988266744,0.0057697473717686,0.056887799031936144
82.23,-0.0121896767179136,0.1122497378031511,0.0563773171409501
82.24,-0.0120817498895114,-0.002230561894036,0.055894908146035975
82.25,-0.011973621764437,0.0142492992201396,0.05907434394849295
82.26,-0.0118652957722523,0.0937419637908947,0.05700475314066615
82.27,-0.0117567753490699,0.0812643673020763,0.05430293700532021
82.28,-0.0116480639373778,0.0413473352600543,0.05425793506917308
82.29,-0.0115391649859034,0.0385554354167082,0.04879738843569398
82.3,-0.0114300819495732,0.0690465065234104,0.046808527815249544
82.31,-0.0113208182893356,0.0512882098035679,0.0445725264644005
82.32000000000001,-0.0112113774720201,0.0780191568808808,0.0473107415748674
82.33,-0.0111017629702961,0.0743026168544944,0.05222812677056768
82.34,-0.0109919782624881,0.0296798481268636,0.049971845694923314
82.35000000000001,-0.0108820268324566,0.0768749514765837,0.05128396529228016
82.36,-0.0107719121695396,0.0563474171984532,0.05317690493243479
82.37,-0.0106616377683513,0.028435259066716,0.05296856983888191
82.38,-0.0105512071287186,0.0246589313688819,0.05144817632609964
82.39,-0.0104406237555518,-0.0353395478599975,0.05124653934834278
82.4,-0.0103298911586752,0.0332316394371544,0.05145544462982048
82.41,-0.0102190128527954,0.0498927010077868,0.05147218912901413
82.42,-0.0101079923573069,0.072140558916663,0.049518415714751095
82.43,-0.0099968331961713,0.1090348364814744,0.047043083018901186
82.44,-0.0098855388978622,0.0648678352146195,0.0457410483398763
82.45,-0.0097741129951783,0.0253239496504579,0.048671591934968964
82.46000000000001,-0.0096625590251211,0.0540010316633866,0.04934103199715953
82.47,-0.0095508805288385,0.0893669268262844,0.04858657678671043
82.48,-0.0094390810514308,0.0493361035336486,0.05137679925421052
82.49,-0.0093271641418674,0.0371129587271601,0.05322400779367597
82.5,-0.0092151333528578,0.0429424463277401,0.0560318652044842
82.51,-0.0091029922406948,0.0693981410064767,0.05745500452493214
82.52,-0.0089907443652115,0.0102589681040444,0.056425956704273
82.53,-0.0088783932895852,0.0260371702680327,0.05449899621449977
82.54,-0.0087659425802175,0.0469598885949719,0.04924410817530528
82.55,-0.0086533958066778,0.0912212636238094,0.04687534172121229
82.56,-0.0085407565415099,0.0909331927825856,0.04613326383833577
82.57000000000001,-0.0084280283601217,0.0405038577790221,0.04581102014870962
82.58,-0.0083152148407081,0.0870299308842179,0.04660627619269633
82.59,-0.0082023195640781,0.0634503106976563,0.04758626950680978
82.60000000000001,-0.0080893461135322,0.0236254577669753,0.0477118604564566
82.61,-0.0079762980747827,0.0631175651665614,0.04884372852852297
82.62,-0.0078631790357872,0.0282826967739447,0.0497485284365626
82.63,-0.0077499925866406,0.0316743886314251,0.05386137247226278
82.64,-0.0076367423194542,-0.0013178123416098,0.055317451330664846
82.65,-0.0075234318282102,0.0151237396786667,0.05394258064300782
82.66,-0.0074100647086919,0.009740314110051,0.05029608570320402
82.67,-0.0072966445582994,0.0472339141812374,0.048687293769390357
82.68,-0.0071831749759374,0.1060673037500054,0.05137616838257079
82.69,-0.0070696595619354,0.069915963130031,0.05110308772770206
82.7,-0.0069561019178807,0.0397503686697431,0.05120040552012778
82.71000000000001,-0.0068425056464829,0.066711675841134,0.05203256576776017
82.72,-0.0067288743515053,0.0883989390753089,0.05414827110938582
82.73,-0.0066152116375936,0.0966286928537482,0.05269772167589308
82.74,-0.0065015211101596,0.0566148262944762,0.05681070804971535
82.75,-0.0063878063752784,0.0180876041541744,0.05854892937987613
82.76,-0.0062740710395275,0.0146448698879295,0.06130154510545619
82.77,-0.0061603187099079,0.0571485621724988,0.0656514973951419
82.78,-0.0060465529936867,0.0969702246558111,0.06868904387372503
82.79,-0.0059327774982673,0.0812952371319745,0.06587127588360622
82.8,-0.0058189958311027,0.0654939843385964,0.06496276445578006
82.81,-0.0057052115995451,0.0411008229672557,0.06577617349516596
82.82000000000001,-0.0055914284107005,0.1075473773407001,0.06077060808525005
82.83,-0.0054776498713576,-0.002178841329403,0.05923870719986867
82.84,-0.0053638795878302,0.1180471024816929,0.056933702392870794
82.85000000000001,-0.0052501211658145,0.0351848355917664,0.05783331043423988
82.86,-0.0051363782103158,0.0729286699158481,0.05832695581709993
82.87,-0.0050226543254816,0.1010893121934507,0.06249831784933524
82.88,-0.0049089531144935,0.1110223902314835,0.06258729105001579
82.89,-0.0047952781794452,0.04689417595751,0.061970544094303186
82.9,-0.0046816331212062,0.0508372231456818,0.06097430992943915
82.91,-0.0045680215393237,0.0568319584968468,0.061121463857286194
82.92,-0.0044544470318638,-0.0384051977671,0.06205304020463821
82.93,-0.0043409131953053,0.0562290204823001,0.061269274502904834
82.94,-0.0042274236244282,0.0482235919067927,0.06502327350327208
82.95,-0.004113981912171,0.0755065951632272,0.06097060192741116
82.96000000000001,-0.0040005916495056,0.028454157194235,0.062025329671127005
82.97,-0.0038872564253306,0.1022434725648712,0.06044845491166425
82.98,-0.0037739798263353,0.0590169993867905,0.05680489124341692
82.99,-0.0036607654368747,0.0840185385858461,0.051870933225384365
83.0,-0.0035476168388545,0.06037431966983,0.053200223387000894
83.01,-0.0034345376116004,0.0685842168233844,0.05200996441171161
83.02,-0.0033215313317402,0.0606639262616478,0.0481713705442631
83.03,-0.003208601573075,0.0910882976042994,0.05133706907009581
83.04,-0.0030957519064567,0.0766551376783093,0.05129895597684791
83.05,-0.0029829858996799,0.0329409993886134,0.04811981602007588
83.06,-0.0028703071173322,0.0573341182097992,0.04541702538238988
83.07000000000001,-0.0027577191206815,0.03981429996713,0.046006673548548746
83.08,-0.0026452254675818,0.0245744751602569,0.04176730861756863
83.09,-0.0025328297123067,0.0074092718527998,0.0382395520813269
83.10000000000001,-0.002420535405441,0.0748092693514572,0.03779763420077195
83.11,-0.0023083460937836,0.0258417846646067,0.03496691206981289
83.12,-0.0021962653201923,-0.0237785127195717,0.03266301793501585
83.13,-0.0020842966234752,0.0280744712753868,0.030146834213747784
83.14,-0.0019724435382714,0.0554286455240942,0.030126298285479657
83.15,-0.0018607095949224,-0.01853834718542,0.027305605001852376
83.16,-0.0017490983193604,0.0187479917718215,0.029458414392929316
83.17,-0.0016376132329826,0.040836768683571,0.028263559487779293
83.18,-0.0015262578525201,0.0132168090142888,0.029314666232463697
83.19,-0.001415035689925,-0.0150658878742859,0.03077928086313437
83.2,-0.0013039502522557,0.0747382630941922,0.03390578384641881
83.21000000000001,-0.0011930050415401,0.0009291549196896,0.03128921476486511
83.22,-0.0010822035546781,0.0202024399926467,0.034326565984152055
83.23,-0.0009715492832976,0.0078240681150184,0.03780584091574568
83.24,-0.0008610457136418,0.0906570431106687,0.03706678829745998
83.25,-0.0007506963264569,0.0174205787221364,0.03632753206708199
83.26,-0.0006405045968674,0.0781499966012291,0.04104677428714752
83.27,-0.0005304739942563,0.0322421652016488,0.04178269592105043
83.28,-0.000420607982135,0.0618875416055025,0.04347642903487703
83.29,-0.0003109100180434,0.055331382404341,0.04760410192936729
83.3,-0.0002013835534206,0.0730658345017731,0.04819170836500643
83.31,-9.203203348157052e-05,0.0198613186388295,0.04918610495620949
83.32000000000001,1.714110289124937e-05,0.0896261602696325,0.05422175525346847
83.33,0.0001261324232698,0.0492862608438945,0.053539080637820466
83.34,0.0002349385018127,0.0125543662913869,0.055865822279531706
83.35000000000001,0.0003435559193562,0.0399042646861565,0.0536397063839566
83.36,0.0004519812635453,0.0805657394359562,0.055656763707536756
83.37,0.0005602111289734,0.0342023460837826,0.05427392473151235
83.38,0.0006682421172604,0.0764051640739295,0.05516525127054939
83.39,0.0007760708371912,0.0998979397985842,0.054650256663559806
83.4,0.0008836939048365,-0.002726152725864,0.05470079184374462
83.41,0.0009911079436528,0.0956205915094565,0.05435756377862638
83.42,0.001098309584617,0.1066778111621284,0.05704811688853137
83.43,0.0012052954663235,0.0058662730640384,0.054218377590316016
83.44,0.0013120622351175,0.0566856425909545,0.05431687815149092
83.45,0.0014186065452059,0.0439086093035916,0.05492983146587131
83.46000000000001,0.0015249250587628,0.0597787825173196,0.05651437269182862
83.47,0.001631014446056,0.0491103781047167,0.05290911316433343
83.48,0.0017368713855547,0.0509600225214265,0.05282260449515295
83.49,0.001842492564047,0.0510726548587211,0.054273935244416434
83.5,0.0019478746767526,0.0563926211882222,0.05539070477131996
83.51,0.0020530144274388,0.0658580451342901,0.05894539084840518
83.52,0.0021579085285342,0.0763629339468344,0.05613818881104197
83.53,0.0022625537012266,0.03020163500711,0.05792593323607381
83.54,0.0023669466756068,0.0513547726285675,0.062402689331781884
83.55,0.0024710841907665,0.0254263858933752,0.0606335957540601
83.56,0.0025749629948876,0.0731796304312599,0.06149378234762256
83.57000000000001,0.0026785798453887,0.0048552893585571,0.062155816431472694
83.58,0.002781931509023,0.0323856640309926,0.062087551125836804
83.59,0.0028850147619843,0.1068831098084625,0.06145654572396723
83.60000000000001,0.0029878263900218,0.1233500998635583,0.06244910974075283
83.61,0.0030903631885653,0.0719222548929257,0.06280875591654125
83.62,0.0031926219627997,0.036669348724829,0.06304763851383306
83.63,0.0032945995278046,0.1442204440877973,0.06155388890100293
83.64,0.0033962927086766,0.0998781510739079,0.06290301462918797
83.65,0.0034976983405987,0.0195346774587968,0.06365538048764237
83.66,0.0035988132689734,0.0619725277684034,0.06480879709031107
83.67,0.0036996343495285,0.0736814982781725,0.06638432831888598
83.68,0.0038001584484192,0.0476768066863629,0.07181356729010217
83.69,0.0039003824423566,0.0377089090821654,0.07244988023308291
83.7,0.0040003032186805,0.0719164992112189,0.07169541882460875
83.71000000000001,0.0040999176754819,0.063945190879779,0.07035855732056925
83.72,0.004199222721743,0.0708745796774179,0.07302053193983772
83.73,0.0042982152773943,0.0449941920774017,0.07475194076584862
83.74,0.0043968922734366,0.0585332752989958,0.06958579804265347
83.75,0.0044952506520534,0.06715445565611,0.0713069390240046
83.76,0.0045932873667151,0.0496481345494177,0.07515972815777594
83.77,0.0046909993822924,0.1062657862313331,0.07103795606589662
83.78,0.0047883836751388,0.1188693077540972,0.06896229186889268
83.79,0.0048854372331902,0.0457482358335879,0.06881478296711557
83.8,0.0049821570561103,0.0910394202305054,0.07229758833382227
83.81,0.0050785401553662,0.0952760082787287,0.07247242985604589
83.82000000000001,0.0051745835543209,0.1278237218975635,0.07322824677788653
83.83,0.005270284288357,0.0730289340710579,0.07133221880977432
83.84,0.0053656394049611,0.0357314469006991,0.07488774284139887
83.85000000000001,0.0054606459638353,0.1360221116822819,0.07631488351038904
83.86,0.0055553010370079,0.1004432492679948,0.07828048187602234
83.87,0.0056496017089152,-0.024584686161062,0.0796076387661467
83.88,0.0057435450765142,0.0300925501410894,0.07909630046963066
83.89,0.0058371282493599,0.0445791197490436,0.07859492594505546
83.9,0.0059303483497377,0.1108478217830063,0.07826174960476316
83.91,0.0060232025127629,0.0755881711779146,0.07313607455071586
83.92,0.0061156878864432,0.0798173462384327,0.07090839473117308
83.93,0.0062078016317981,0.0310579923470612,0.06716198122110192
83.94,0.0062995409229646,0.1196601967415178,0.06586853738996147
83.95,0.0063909029472952,0.0885032293477891,0.06883967740240131
83.96000000000001,0.0064818849054057,0.108432021334409,0.06396719742285248
83.97,0.0065724840113481,0.0775184292420294,0.06307928690567825
83.98,0.0066626974926722,0.0955276820044965,0.06752927016681355
83.99,0.0067525225904987,0.1083404427380178,0.06998269048774286
84.0,0.0068419565596472,0.0387515326874497,0.07530854170124661
84.01,0.0069309966686983,-0.016599755904488,0.07405774244679571
84.02,0.0070196402001287,0.0484947320683302,0.07267107837017639
84.03,0.007107884450376,0.0491490381860693,0.07351859547472032
84.04,0.0071957267299235,0.0458666136171084,0.07739386627888344
84.05,0.0072831643634349,0.0981253871619361,0.0735010004797678
84.06,0.007370194689793,0.0337000321117561,0.07096545781287476
84.07000000000001,0.0074568150622122,0.0817971284073363,0.07069300614855248
84.08,0.0075430228483705,0.068864962322779,0.0649712472212468
84.09,0.0076288154304424,0.0816143768806048,0.05916318683595103
84.10000000000001,0.0077141902051935,0.1564219952326226,0.056570239376991245
84.11,0.0077991445841155,0.0845810374395371,0.058992480409074455
84.12,0.0078836759934711,0.0464682255689093,0.058242801589331344
84.13,0.0079677818743947,0.0976152054338553,0.060067240292299685
84.14,0.0080514596830102,0.1124386792344865,0.06078140407132605
84.15,0.0081347068904363,0.0379100149600894,0.062262970633456746
84.16,0.0082175209829782,0.0352568333430353,0.061515406978658996
84.17,0.0082998994621663,0.1027105363836409,0.06342809918260005
84.18,0.0083818398447982,-0.0426385082313898,0.059814210360188004
84.19,0.0084633396631103,-0.0264415860867148,0.05787860181240358
84.2,0.008544396464799,0.0538885460998625,0.057415033350998214
84.21000000000001,0.0086250078131136,0.0896185943611971,0.05211253775506859
84.22,0.0087051712869837,-0.0323430111190933,0.0494086692047553
84.23,0.0087848844810278,0.0868079448306655,0.05038629626732334
84.24,0.0088641450056992,0.0641464775456231,0.04786705211269213
84.25,0.0089429504873686,0.0769795114218526,0.04579580707087889
84.26,0.0090212985683429,0.0824265504111832,0.0483397474094025
84.27,0.0090991869070189,0.0738665683945184,0.04606315011679711
84.28,0.0091766131779177,0.0059054631366833,0.040961895865261756
84.29,0.0092535750717687,0.0282171828193061,0.04621022191939897
84.3,0.0093300702956253,0.0718794391910922,0.05098266163249165
84.31,0.0094060965729114,0.0450695877181005,0.053142987599878865
84.32000000000001,0.0094816516434656,0.0277997978829579,0.054039619614822836
84.33,0.0095567332637061,0.0669983938828382,0.059588445477047704
84.34,0.0096313392066643,0.0447110781865998,0.06207896105039431
84.35000000000001,0.0097054672620139,0.0689425333564086,0.06163376902600703
84.36,0.0097791152362303,0.0913327620690853,0.06083204520016028
84.37,0.0098522809526047,-0.0125517098016779,0.06232313257090192
84.38,0.009924962251348,-0.0044158028986017,0.06057330106456388
84.39,0.0099971569896606,0.0675763389054918,0.0630940345887292
84.4,0.0100688630417816,0.0737796478882314,0.0658066794445827
84.41,0.0101400782991242,0.0992553914149941,0.06716510944191031
84.42,0.01021080067026,0.1084478666750207,0.0659947240310704
84.43,0.0102810280810453,0.0841823319876285,0.06523237007914037
84.44,0.0103507584747308,0.1391087718709445,0.06585364226770692
84.45,0.0104199898119425,0.0547974450334901,0.06452116749392049
84.46000000000001,0.0104887200707892,0.0601433110790708,0.06271534320132746
84.47,0.0105569472469715,0.1137393851967577,0.0600386331923712
84.48,0.010624669353787,0.0371201067614195,0.06478349110670632
84.49,0.0106918844222522,0.0588408671441551,0.06835394247456403
84.5,0.0107585905011184,0.0851827247922298,0.06869069509111919
84.51,0.0108247856569654,0.1004064691349719,0.06952575063526045
84.52,0.0108904679743226,0.0204914940904624,0.06720858622302534
84.53,0.0109556355556247,0.0117903648924271,0.06787915592429547
84.54,0.011020286521339,0.0800451098427357,0.06859787035665528
84.55,0.0110844190100503,0.0167291079370848,0.0629389899217891
84.56,0.0111480311784831,0.0310202232119553,0.06493952507144754
84.57000000000001,0.0112111212015597,0.0351218518810038,0.06587731264396231
84.58,0.011273687272531,0.0870903063993594,0.06548325043489069
84.59,0.0113357276029443,0.0705636758264101,0.06541635588528248
84.60000000000001,0.0113972404227447,0.0746481438531506,0.06657200363668335
84.61,0.0114582239804053,0.0913158143151977,0.06729606260403276
84.62,0.0115186765428668,0.0505949387580566,0.06348607497446922
84.63,0.0115785963956671,0.1225298304016933,0.06739479443179659
84.64,0.0116379818429962,0.0992753350671847,0.06817538620874876
84.65,0.0116968312077206,0.0202722827387547,0.06526551289155691
84.66,0.0117551428314988,0.0968086831763172,0.07033305437283173
84.67,0.0118129150747936,0.0798368501018809,0.07337827164430308
84.68,0.011870146316896,0.1054640788062538,0.07465444043260458
84.69,0.0119268349560802,0.0357153212196473,0.07235318476113885
84.7,0.0119829794095957,0.0831094699235732,0.07273694165263582
84.71000000000001,0.0120385781136836,0.1003879631065673,0.07349395483123468
84.72,0.0120936295237225,0.0203967289141378,0.07224520143983007
84.73,0.0121481321142064,0.1025746026943371,0.07228196876824289
84.74,0.0122020843788303,0.0281827922084226,0.06915701399855634
84.75,0.0122554848305478,0.0189377701817069,0.06742673479528893
84.76,0.0123083320015565,0.1231474790438561,0.06952337796316144
84.77,0.0123606244434595,0.0949697859128535,0.06627014389694837
84.78,0.0124123607272541,0.0619213964353355,0.06638899536211577
84.79,0.0124635394433317,0.0387639372985789,0.06484785588830137
84.8,0.0125141592016306,0.0786225705478464,0.06796818278233606
84.81,0.0125642186316082,0.0905454206037268,0.06836544748521647
84.82000000000001,0.0126137163822856,0.0650919930957006,0.06825211009154043
84.83,0.0126626511223665,0.0513670526547262,0.06920075537337103
84.84,0.0127110215402154,0.0569057802382758,0.06929667609609938
84.85000000000001,0.0127588263438657,0.0629394717985688,0.07204677310994329
84.86,0.0128060642611949,0.0643017892640775,0.07399314491022559
84.87,0.012852734039874,0.0284907677858428,0.07061287212559823
84.88,0.012898834447407,0.0823327308703964,0.06785394339529732
84.89,0.0129443642712098,0.0731001498561512,0.07004149160746231
84.9,0.0129893223186058,0.1012421859943758,0.07122965035941892
84.91,0.0130337074169498,0.0914520286840621,0.06993687928151962
84.92,0.0130775184135803,0.0980078778393703,0.06968492207387787
84.93,0.0131207541758771,0.0403182798325802,0.06948978449593846
84.94,0.0131634135913688,0.1045889378716327,0.06740891393855591
84.95,0.0132054955676669,0.0859348294991445,0.06996914720528988
84.96000000000001,0.0132469990325567,0.0598115779876352,0.0680244000934002
84.97,0.013287922934084,0.0521617505666817,0.06972400201586268
84.98,0.0133282662404837,0.0370322825765344,0.07452765947704518
84.99,0.0133680279402928,0.1078599088908003,0.07365575169149752
85.0,0.0134072070423624,0.0637152710896675,0.07708480056463822
85.01,0.0134458025758565,0.0514743779119613,0.07448476507043075
85.02,0.0134838135903828,0.0852543192432498,0.07377424008874411
85.03,0.0135212391559044,0.060994103958973,0.0739712421711271
85.04,0.01355807836282,0.0076687709496927,0.07615283339756601
85.05,0.0135943303220767,0.110670678839689,0.07526874366248523
85.06,0.0136299941650722,0.0220997824488861,0.0758377541318157
85.07000000000001,0.0136650690437167,0.099993429635789,0.07469636650566477
85.08,0.0136995541305348,0.1293675744706757,0.0752159490776099
85.09,0.0137334486186233,0.0640226673738953,0.077391460717676
85.10000000000001,0.0137667517216666,0.1451101761921059,0.07662070906025595
85.11,0.0137994626740536,0.0466414406160192,0.07514617734287925
85.12,0.0138315807307803,0.0765310040686425,0.07321600068060428
85.13,0.0138631051675677,0.1021449215694133,0.07203075041460487
85.14,0.0138940352808897,0.0861316955877972,0.0728383419859885
85.15,0.013924370387891,0.0860230534349365,0.07558486375984722
85.16,0.0139541098265472,0.0978840493550841,0.07595900051584378
85.17,0.0139832529556085,0.0358424378384655,0.07682877818005486
85.18,0.0140117991545965,0.0630729845775296,0.07295471065585118
85.19,0.014039747823917,0.0827180270179224,0.06843566522435929
85.2,0.0140670983848192,0.0916741240849792,0.0693393998192153
85.21000000000001,0.0140938502793647,0.032750105024757,0.06725785868860479
85.22,0.0141200029705704,0.0109406680041869,0.06727468500370883
85.23,0.0141455559423575,0.0603640636572623,0.06737187581212478
85.24,0.0141705086995458,0.0779535269580292,0.06709596669278942
85.25,0.0141948607679118,0.0653457282007256,0.06760285485430274
85.26,0.0142186116941611,0.1185275507156171,0.06624326659313788
85.27,0.0142417610460174,0.0403651133973185,0.06133466541532466
85.28,0.0142643084121832,0.0186380116275118,0.06216809054611464
85.29,0.0142862534022999,0.0344676204093461,0.062008148816782314
85.3,0.0143075956470908,0.0830010938658717,0.061069419477667676
85.31,0.014328334798308,0.1013978124492849,0.06035553884524359
85.32000000000001,0.0143484705286814,0.046994793233204,0.06072859636827898
85.33,0.0143680025320475,0.0785720110453773,0.06503082679753242
85.34,0.0143869305232746,0.0963508300633707,0.06626871557080818
85.35000000000001,0.0144052542382741,0.0967763469795773,0.06555194714424209
85.36,0.0144229734340847,0.0574716999504742,0.0656246402531653
85.37,0.0144400878887965,-0.0051965753789934,0.06438139890004456
85.38,0.0144565974016075,0.0533443655850551,0.0648245127503997
85.39,0.0144725017927796,0.0597142082615507,0.07001321015204162
85.4,0.0144878009036758,0.063004710896515,0.07543644412259122
85.41,0.0145024945968422,0.0766826308040734,0.07249095033472978
85.42,0.0145165827558635,0.0405843130085001,0.06910258458955229
85.43,0.0145300652854354,0.1012875070185091,0.07189514191066311
85.44,0.0145429421114187,0.0863597278960534,0.07321921823621928
85.45,0.0145552131807683,0.0629013900001413,0.07262667161584907
85.46000000000001,0.0145668784615388,0.066872283488113,0.07319761132537639
85.47,0.0145779379429569,0.0924194823000816,0.07127726951514134
85.48,0.0145883916353131,0.0496705042547763,0.07529512494695263
85.49,0.0145982395700461,0.1276006570619924,0.07460071917085138
85.5,0.0146074817997429,0.1483555337908875,0.07090391002197804
85.51,0.0146161183980336,0.0211457243207816,0.07189914764854236
85.52,0.0146241494597312,0.0302421318005574,0.07410281617201979
85.53,0.0146315751007292,0.1056384969765314,0.07416385521224442
85.54,0.014638395457997,0.1063776138820569,0.07193591174608939
85.55,0.014644610689668,0.0839073510355961,0.06898967205417154
85.56,0.0146502209749085,0.1087660808796512,0.06912021452959195
85.57000000000001,0.0146552265139668,0.0171445219355381,0.06734903675721216
85.58,0.0146596275282392,0.0791783886890435,0.0664248212845392
85.59,0.0146634242601431,0.0387618442869292,0.06547657913281149
85.60000000000001,0.0146666169731343,-0.0179187838647895,0.06379242986260586
85.61,0.0146692059517672,0.0839047010543655,0.06121879945746905
85.62,0.014671191501614,0.1229596697970996,0.06371786131571347
85.63,0.01467257394928,0.0418661328532172,0.06875518287938999
85.64,0.014673353642404,0.0545006942292535,0.06717838228311253
85.65,0.0146735309495688,0.0244886943657784,0.06737728980556679
85.66,0.0146731062604169,0.0656427819839701,0.06883308934382487
85.67,0.0146720799855684,0.0296775502681374,0.06693961491130992
85.68,0.0146704525565463,0.0730109573739495,0.06942882318609646
85.69,0.0146682244258788,0.0297574190684943,0.06702589428267765
85.7,0.0146653960670067,0.092233522387674,0.0683195471242339
85.71000000000001,0.0146619679742582,0.0943092952830148,0.0718121273518281
85.72,0.0146579406629043,0.0736260233439143,0.06943845401270539
85.73,0.0146533146690594,0.1360258846377641,0.06804874226821125
85.74,0.0146480905497195,0.0725256844547047,0.06901233929427647
85.75,0.0146422688826974,0.1105546718535964,0.06785423358837636
85.76,0.0146358502666019,0.114479141339016,0.07247854113787139
85.77,0.014628835320922,0.0690031177968372,0.07259695309652213
85.78,0.0146212246858568,0.0694178957060553,0.07585479235583052
85.79,0.0146130190223428,0.0287168817172488,0.07830934241119578
85.8,0.0146042190121029,0.0659285539596102,0.07753741430725822
85.81,0.0145948253575403,0.0554254009146888,0.07551113513626637
85.82000000000001,0.0145848387816838,0.0340575609327884,0.07690318716625313
85.83,0.0145742600282869,0.0937757231627229,0.07345276496268442
85.84,0.0145630898617313,0.0621016704005869,0.07270483169807455
85.85000000000001,0.0145513290669377,0.030180474405351,0.07499562771041635
85.86,0.0145389784494534,0.1215991529051742,0.07397592386075391
85.87,0.0145260388353468,0.0681294331156354,0.07158916806273898
85.88,0.0145125110712102,0.0980921747136136,0.06965650936501953
85.89,0.0144983960241193,0.12455650853662,0.06796072016224083
85.9,0.014483694581574,0.0135469288858059,0.06895534262273557
85.91,0.0144684076515633,0.049681659796845,0.06842672833288546
85.92,0.014452536162407,0.1235423879127367,0.06760469392833099
85.93,0.0144360810627713,0.0011671570689714,0.06817017171107131
85.94,0.0144190433217311,0.1203192860809567,0.06808966704098082
85.95,0.0144014239285894,0.1206324007138825,0.07019987022474226
85.96000000000001,0.0143832238928859,0.0891408910106853,0.06964687335322309
85.97,0.0143644442444385,0.0643572695807023,0.06784531130949911
85.98,0.0143450860332086,0.0284172851447288,0.06985378369819369
85.99,0.0143251503293154,0.0338063224477027,0.06945227375238736
86.0,0.0143046382230074,0.0496039533876383,0.06690204059401547
86.01,0.014283550824537,0.0548276538727579,0.06869457702732337
86.02,0.0142618892642623,0.0381626784190451,0.06922253146063136
86.03,0.014239654692523,0.0459325943703351,0.06736884702556523
86.04,0.0142168482795607,0.0920851250908227,0.0661003556968435
86.05,0.01419347121559,0.1064159372595769,0.06460733812189576
86.06,0.0141695247106582,0.0185675401034483,0.06326357979187562
86.07000000000001,0.0141450099946205,0.0837663499869707,0.06041179883969663
86.08,0.0141199283171744,0.1103073532782214,0.06083109511278851
86.09,0.0140942809477073,0.0896604658516808,0.06322908738831093
86.10000000000001,0.0140680691752867,0.0710016122108104,0.06793966916444527
86.11,0.0140412943087017,0.0511901939852717,0.0688131315188927
86.12,0.0140139576762857,0.0607687028963126,0.06830402611755163
86.13,0.013986060625945,0.0846150147763483,0.06941515926140569
86.14,0.0139576045251041,-0.025471160834185,0.07206151160216362
86.15,0.0139285907606132,0.0889659170070542,0.06873129353767786
86.16,0.0138990207387876,0.0924134757834595,0.0692958909610127
86.17,0.0138688958852897,0.0292534910149265,0.07329950678240499
86.18,0.0138382176450443,0.0731624913156317,0.0766073604436995
86.19,0.0138069874823093,0.0787751229306996,0.07291986246834475
86.2,0.0137752068805452,0.1327285397465241,0.07302325631231563
86.21000000000001,0.0137428773423181,0.0679466628310342,0.06998857351609217
86.22,0.0137100003893622,0.0441364404445951,0.07244138006443727
86.23,0.0136765775624339,0.0614964744399806,0.07369125308917948
86.24,0.0136426104212994,0.1015059935262518,0.07375764373658175
86.25,0.0136081005446722,0.0221505457366215,0.07977107263280915
86.26,0.0135730495301272,0.1182724831496087,0.07832970061335034
86.27,0.0135374589941325,0.1026434723526861,0.0775082584194964
86.28,0.01350133057188,0.1532312768741554,0.08288357916145893
86.29,0.0134646659172787,0.032869895795772,0.0856258737926455
86.3,0.0134274667029643,0.0918317365750694,0.08625144673266978
86.31,0.0133897346201242,0.0072732734901175,0.08138807948518896
86.32000000000001,0.0133514713784796,0.102699131500519,0.08037104789301026
86.33,0.0133126787062828,0.0870160364158989,0.08347432111906643
86.34,0.0132733583501951,0.086009218371796,0.08608314347390034
86.35000000000001,0.0132335120751878,0.1008108459865902,0.08499319839098506
86.36,0.0131931416646108,0.0586971045984195,0.08649109143805064
86.37,0.01315224892003,0.0751631897125268,0.08478521655269884
86.38,0.0131108356611661,0.1421352265961395,0.08216419068519351
86.39,0.013068903725881,0.1307506785705495,0.0785827149807433
86.4,0.0130264549700429,0.0919121546712096,0.0802933921599203
86.41,0.012983491267561,0.0305978275494268,0.07688755858944861
86.42,0.0129400145102334,0.0465889993952818,0.07832974161009967
86.43,0.0128960266076838,0.1093051781917743,0.07806959505419063
86.44,0.0128515294873857,0.1162817438914925,0.07982354140936983
86.45,0.0128065250944789,0.0786171467850313,0.08032068039322558
86.46000000000001,0.0127610153917406,0.0536062997249987,0.07771872154904409
86.47,0.0127150023596034,0.0824491105572209,0.07765067532978681
86.48,0.0126684879959523,0.0476019291350744,0.07699179820259572
86.49,0.0126214743161268,0.0780202870807007,0.07113616287327294
86.5,0.0125739633528562,0.0687941165584891,0.06743187405752785
86.51,0.0125259571561328,0.0203092315951639,0.06562296938337099
86.52,0.0124774577932251,0.0375591169237898,0.06645460103275577
86.53,0.0124284673485491,0.097236053826429,0.06581942910709669
86.54,0.0123789879235558,0.1238489098746621,0.0638925042866804
86.55,0.0123290216367713,0.0964491370327667,0.06207403022269908
86.56,0.0122785706236541,0.046169710258779,0.0633820264604087
86.57000000000001,0.0122276370364715,0.0572681339940166,0.06320988900462345
86.58,0.0121762230443439,0.0613267700415138,0.06064032750267313
86.59,0.0121243308330756,0.0191668846803613,0.062288283490593725
86.60000000000001,0.0120719626050799,0.0529606134399024,0.06399911382934713
86.61,0.0120191205793915,0.0539251565139156,0.06235182489330702
86.62,0.0119658069914652,0.0480620921865073,0.06589231566152157
86.63,0.0119120240931885,0.0332503889564409,0.06550644230622245
86.64,0.0118577741528,0.0688397569630328,0.06233070166235945
86.65,0.0118030594547235,0.0780937885478845,0.05780557954741146
86.66,0.0117478822996036,0.1060850677769332,0.056238737332337335
86.67,0.0116922450041537,0.0499914131535085,0.05685816497599904
86.68,0.0116361499010717,0.0284883190162642,0.0569491877690233
86.69,0.0115795993390149,0.0822090048814067,0.05879164077484928
86.7,0.0115225956824727,0.1139477241945222,0.06255178765839038
86.71000000000001,0.0114651413116534,0.0342010489016469,0.06343993059937746
86.72,0.0114072386224989,0.0946595377276692,0.06017235183541886
86.73,0.0113488900265287,0.0294557764625087,0.06145944235160469
86.74,0.0112900979507599,0.0305455003053057,0.06325535531720995
86.75,0.0112308648376399,0.0288213454607546,0.06204040401791142
86.76,0.0111711931449404,0.06354545051621,0.06024906904765555
86.77,0.0111110853457219,0.0591776907756748,0.05714556560004032
86.78,0.0110505439281857,0.0591796126475261,0.05710758580815397
86.79,0.0109895713956101,0.1000182831638593,0.05894078687331745
86.8,0.0109281702662972,0.0981299692347243,0.060180345714919405
86.81,0.0108663430734193,0.0716116152006312,0.059185875872174866
86.82000000000001,0.010804092364966,-0.0146939975292149,0.05825256325519892
86.83,0.0107414207037054,0.0750909930264097,0.05616519997959095
86.84,0.0106783306670021,0.0709645612341512,0.05761098202869789
86.85000000000001,0.0106148248467607,0.0433257796777639,0.05816448414983601
86.86,0.0105509058493824,0.0404757541725109,0.056457859475189984
86.87,0.0104865762956124,0.0409114953770135,0.056407824852296416
86.88,0.010421838820486,0.0491938375238953,0.05737537208465354
86.89,0.0103566960732076,0.066985541384697,0.05849176792942042
86.9,0.0102911507170636,0.1082397405550479,0.05964730625237226
86.91,0.0102252054293955,0.0930638574968867,0.06086071078246454
86.92,0.0101588629014104,0.0146014839451521,0.06174218687553133
86.93,0.0100921258381139,0.050824908939902,0.06286196855739294
86.94,0.0100249969582702,0.0598171994937542,0.0643749435393223
86.95,0.0099574789942491,0.0421690448492064,0.06241031317927902
86.96000000000001,0.0098895746919319,-0.007017772706812,0.06413100747937335
86.97,0.0098212868106739,0.0624947234354451,0.06517237628930125
86.98,0.0097526181231266,0.0794961826551743,0.07059316032769683
86.99,0.0096835714152018,0.0826239253876307,0.0716707393927414
87.0,0.0096141494859675,0.124284587945848,0.07342265196082763
87.01,0.0095443551475005,0.1236114643666621,0.0722030725536285
87.02,0.0094741912248688,0.0901226131550337,0.07041400968268949
87.03,0.0094036605559677,0.0088214177898792,0.07308980842732132
87.04,0.009332765991428,0.1068634676469259,0.07376985486713254
87.05,0.0092615103945703,0.0297073236732427,0.07167629731643826
87.06,0.0091898966412526,0.0794603599797445,0.07058902343956819
87.07000000000001,0.0091179276197464,0.062344499180997,0.07870273800689634
87.08,0.0090456062307273,0.1547479601833207,0.07909811390329625
87.09,0.0089729353871109,0.071822997889831,0.07769037511019514
87.10000000000001,0.0088999180139298,0.1037757053145082,0.07982180831668348
87.11,0.0088265570482984,0.0826285730038659,0.08043448474539565
87.12,0.0087528554392632,0.0554935372071678,0.07772473608130259
87.13,0.0086788161477141,0.0707932575824203,0.0758455054077711
87.14,0.0086044421462788,0.0651058841759379,0.07589060151336842
87.15,0.0085297364191966,0.015852490929174,0.07531278694762666
87.16,0.0084547019622807,0.019336293434935,0.0756346073458362
87.17,0.008379341782759,0.1633702332070789,0.06953891893374436
87.18,0.008303658899153,0.0707976172598435,0.0695555065145958
87.19,0.0082276563412447,0.0499336680000509,0.0670357810130229
87.2,0.0081513371499045,0.1273840227238857,0.06441733059100793
87.21000000000001,0.0080747043769896,0.1371507929488036,0.06205717291548844
87.22,0.0079977610852974,0.0667067424207082,0.05961840352398725
87.23,0.0079205103483998,0.0506587690108722,0.06307031761747386
87.24,0.007842955250556,0.0097684360074228,0.06078083626734987
87.25,0.0077650988865918,0.0947293617663492,0.06170876389199099
87.26,0.007686944361808,0.0364655520356426,0.06310604290250864
87.27,0.0076084947918969,-0.0485490966741839,0.06713759723965625
87.28,0.007529753302779,0.0626928383788772,0.06282818486446685
87.29,0.0074507230305137,0.1018337246502899,0.06436306323531585
87.3,0.0073714071212177,0.0168355390275167,0.06661207034747979
87.31,0.0072918087309289,0.0542123941285989,0.06275054791387509
87.32000000000001,0.0072119310254858,0.0314144157823408,0.060848417070835735
87.33,0.0071317771804663,0.1279837331703865,0.05835594923149762
87.34,0.0070513503810126,0.0227141492298167,0.056834329150847254
87.35000000000001,0.0069706538217556,0.0845923642934012,0.05879605223320226
87.36,0.0068896907067364,0.0451953501500449,0.05868455233018898
87.37,0.0068084642492194,0.1039989345150347,0.05940019808694222
87.38,0.0067269776716352,0.0728725733281016,0.062026940673756074
87.39,0.0066452342054615,0.1030300630476724,0.0637934572417042
87.4,0.0065632370910784,0.0971628173554936,0.06063073650912829
87.41,0.0064809895777076,0.0462920516181873,0.062745449468842
87.42,0.006398494923257,0.097206045244977,0.06400643500108305
87.43,0.0063157563942095,0.0143649177946075,0.06295580524336783
87.44,0.0062327772655523,0.0187047473172147,0.05817778546662263
87.45,0.006149560820616,0.0509646207368779,0.05933888545975454
87.46000000000001,0.0060661103509662,0.0923878638030705,0.055970335289378295
87.47,0.0059824291563204,0.0514941129274605,0.05180330699522494
87.48,0.0058985205443964,0.0066124976489072,0.05226172532773603
87.49,0.0058143878308172,0.0997896863057878,0.04984023010720654
87.5,0.0057300343389993,0.0354165892661958,0.049220286116007234
87.51,0.0056454634000085,0.0612445111815045,0.0472426659393028
87.52,0.0055606783524855,0.0806930903056609,0.046267930368426455
87.53,0.0054756825425078,0.0093511908703212,0.04224128702876748
87.54,0.0053904793234582,0.0276453178587375,0.047081217364705906
87.55,0.0053050720559444,0.0470972490855867,0.04946125578693008
87.56,0.0052194641076502,0.0138528107155,0.05090206260496769
87.57000000000001,0.0051336588532222,-0.0423122440271757,0.04929861408973361
87.58,0.0050476596741788,0.1136257194977676,0.050065332263472255
87.59,0.004961469958771,0.0220211736969825,0.05057374053026105
87.60000000000001,0.004875093101847,0.0900112392324869,0.0494588401376767
87.61,0.0047885325047736,0.0556327936447005,0.04898060915212959
87.62,0.0047017915753011,0.025822604629784,0.049309623604174145
87.63,0.004614873727432,0.0126465351121386,0.050136646882151095
87.64,0.0045277823813194,0.1160034548493145,0.051980579839965554
87.65,0.0044405209631351,0.0686855541839223,0.05512024778902337
87.66,0.0043530929049628,0.0812215639156677,0.05764079249452263
87.67,0.0042655016446763,0.0587154449831548,0.05713511159969843
87.68,0.0041777506257972,0.067595194575972,0.059453087891240444
87.69,0.0040898432974098,0.017289071251472,0.056547242527354706
87.7,0.0040017831140326,0.0763767780615164,0.058442599648754756
87.71000000000001,0.0039135735354703,0.0253737385697064,0.05520825790897095
87.72,0.0038252180267289,0.0681538146744402,0.05305533522337952
87.73,0.0037367200578772,0.0980605791431769,0.053254662781534026
87.74,0.003648083103927,0.0480737829844249,0.0588556443770196
87.75,0.0035593106447157,0.0935783447889516,0.05658646277262601
87.76,0.0034704061647794,0.1000286879010711,0.05633303238958427
87.77,0.0033813731532453,0.0032335119241919,0.05756081471737435
87.78,0.0032922151036951,0.0063652580952063,0.06066937210892638
87.79,0.0032029355140461,0.0526029668561673,0.057513406011709414
87.8,0.0031135378864441,0.0618236732463834,0.061722696521214995
87.81,0.003024025727126,0.0220900626970271,0.059753407536819285
87.82000000000001,0.0029344025462937,0.0104214172472805,0.06452363006373388
87.83,0.0028446718580099,0.0300084833510286,0.0670192404883202
87.84,0.0027548371800675,0.1302671486173358,0.067724458325631
87.85000000000001,0.0026649020338581,0.0683506411570491,0.07044758876594318
87.86,0.0025748699442662,0.0633635161400457,0.07075661260124698
87.87,0.0024847444395348,0.1070049927992594,0.0645607395682372
87.88,0.0023945290511417,0.1239951502057473,0.06340236246981187
87.89,0.0023042273136875,0.0013199065344159,0.06588112777026138
87.9,0.0022138427647658,0.1056841719510889,0.06762158803115402
87.91,0.0021233789448363,0.0350217093892067,0.06711754446667756
87.92,0.0020328393971064,0.1255484116349129,0.06667614577266726
87.93,0.0019422276674105,0.1205616335907528,0.06705924673818495
87.94,0.0018515473040839,0.1128701537267036,0.06824141988873322
87.95,0.0017608018578349,0.1052595222309807,0.06603376042318064
87.96000000000001,0.0016699948816242,0.1000678453303314,0.06447491763261992
87.97,0.0015791299305484,-0.0300846457921339,0.065300572421586
87.98,0.0014882105617092,-0.0210924071427402,0.06648676564479082
87.99,0.0013972403340889,0.058419329404646,0.06563507406222427
88.0,0.0013062228084281,0.0891526323349127,0.06778856897034509
88.01,0.0012151615471009,0.0512387583923778,0.06455638216858385
88.02,0.0011240601140008,0.0128206901228106,0.06400232299946088
88.03,0.0010329220744009,0.0184665375231522,0.06207048134851054
88.04,0.0009417509948331,0.0548341195125421,0.05918345448455717
88.05,0.0008505504429823,0.0839062998407318,0.05639193856992954
88.06,0.0007593239875355,0.0356149425552739,0.053071646488900545
88.07000000000001,0.000668075198075,0.0807022667083336,0.051014239776918636
88.08,0.000576807644953,0.1319150504865604,0.054835761466537604
88.09,0.0004855248991617,0.1061096269718499,0.058571574983088744
88.10000000000001,0.0003942305322093,0.0465432996049527,0.05991890867609458
88.11,0.0003029281159944,0.0378082491141033,0.05775383935334849
88.12,0.0002116212226996,0.0233864668376239,0.059496234225813946
88.13,0.0001203134246424,0.0849797369649559,0.06353038121586409
88.14,2.900829415841688e-05,0.0599340694477323,0.06523062328628774
88.15,-6.229059650864066e-05,0.0542483195195233,0.06433637667190077
88.16,-0.0001535796753535,0.0355333885293718,0.0631695912447925
88.17,-0.0002448553707151,0.0568623043787112,0.06450845155530706
88.18,-0.0003361141114099,0.0501673096898643,0.06194390237880499
88.19,-0.0004273523268538,0.0573596767048339,0.05727255361563678
88.2,-0.0005185664471885,0.0867133369577686,0.050966027057012114
88.21000000000001,-0.0006097529034049,0.0436861765572448,0.05233003434892525
88.22,-0.0007009081274642,0.0878290507141523,0.052847182791859376
88.23,-0.0007920285524209,0.0975377769138636,0.054292155351886084
88.24,-0.0008831106125539,0.0541716210020491,0.05047770075179443
88.25,-0.0009741507434934,0.0360549406104156,0.04899743275260165
88.26,-0.0010651453823271,0.0594038058714579,0.05129773762081908
88.27,-0.0011560909677355,0.06373100907608,0.053048025035219375
88.28,-0.0012469839401216,0.0268467340017898,0.05378586744963848
88.29,-0.00133782074173,0.0338167264600283,0.05396676493314555
88.3,-0.0014285978167646,-0.0263274307592683,0.052940455527212285
88.31,-0.0015193116115155,0.0751874527351287,0.05165186768388904
88.32000000000001,-0.0016099585744847,0.0486683664157198,0.050103988711800565
88.33,-0.0017005351565166,0.0537308905981849,0.049439224835027655
88.34,-0.0017910378109081,0.0048761903630311,0.04520322489806243
88.35000000000001,-0.0018814629935332,0.0288484414646839,0.0459050040503263
88.36,-0.0019718071629759,0.1025547217520894,0.04715985938745242
88.37,-0.0020620667806489,0.0722894242317779,0.04668738676745884
88.38,-0.0021522383109193,0.0723569950815127,0.04570772377877622
88.39,-0.0022423182212211,0.0539661568435125,0.0472333081800307
88.4,-0.0023323029821803,0.0358071791802354,0.04900611642633949
88.41,-0.0024221890677605,0.0596529922479805,0.05190557226176177
88.42,-0.0025119729553574,0.0111807181433867,0.04923682811231938
88.43,-0.0026016511259246,0.0738690093019212,0.05108152009473253
88.44,-0.0026912200641188,0.008581778237594,0.04939996128580918
88.45,-0.0027806762583931,0.0689089831995902,0.05093735753740868
88.46000000000001,-0.0028700162011369,0.0624069026900642,0.05116137111120632
88.47,-0.0029592363888025,0.0494818808515927,0.04836051176501602
88.48,-0.0030483333219991,0.0431580863137451,0.04633694706642216
88.49,-0.0031373035056458,0.0588840064281337,0.045377004584103
88.5,-0.0032261434490837,0.0710456996325129,0.04608842139710099
88.51,-0.0033148496661833,0.0345611417845998,0.04545162603022481
88.52,-0.0034034186754863,0.0191438255968384,0.04499278988902243
88.53,-0.0034918470003142,0.087406898046396,0.04331530253008802
88.54,-0.0035801311688898,0.0184181556107945,0.04228073767050181
88.55,-0.0036682677144628,0.0371615116466208,0.04345800998862132
88.56,-0.0037562531754312,0.0335527265144341,0.04039560227838138
88.57000000000001,-0.0038440840954445,0.0437366754820932,0.03908089855787744
88.58,-0.0039317570235578,0.0297945655613069,0.03789805242015816
88.59,-0.0040192685143283,0.0521982029528102,0.0376523506070384
88.60000000000001,-0.0041066151279162,0.0689059099164703,0.03400724891097625
88.61,-0.0041937934302557,0.0224344764758356,0.03611613754828547
88.62,-0.0042807999931351,0.0500174332827306,0.0370215491827143
88.63,-0.0043676313943252,-0.024046516394236,0.0373907080808019
88.64,-0.0044542842176989,0.0521431472506108,0.03987063965233733
88.65,-0.0045407550533491,0.0333044969181038,0.0425076772121768
88.66,-0.0046270404977261,0.0045984212845515,0.04184628237881969
88.67,-0.0047131371537167,0.0347981245594814,0.04589222536473017
88.68,-0.0047990416307902,0.0246421119594878,0.047119942239722434
88.69,-0.0048847505451268,0.0379983482382301,0.04822921596061654
88.7,-0.0049702605197085,-0.0176631291891713,0.04891635096146295
88.71000000000001,-0.005055568184438,0.1153323610160064,0.047005986771232675
88.72,-0.0051406701762846,0.0535747861076052,0.04827107986243159
88.73,-0.0052255631393716,0.0268961624566782,0.046960789002898
88.74,-0.0053102437251068,0.1394854610486397,0.05159695756253526
88.75,-0.0053947085922934,0.0737959443674235,0.047133836438321954
88.76,-0.0054789544072383,0.0232722201461215,0.046825431018342786
88.77,-0.0055629778439106,0.1185175292185541,0.04774678850841069
88.78,-0.0056467755839978,0.0695187298569308,0.049946838616635944
88.79,-0.0057303443170494,0.0530893137000831,0.05249565371097677
88.8,-0.0058136807406086,0.066628037970585,0.053201367706266274
88.81,-0.0058967815602967,0.0287882619216343,0.05711531999090043
88.82000000000001,-0.0059796434899381,0.0490014313910129,0.05382449592771596
88.83,-0.0060622632516965,0.0225013252325251,0.05406997066352416
88.84,-0.0061446375761498,0.0733130233581465,0.055462897658035075
88.85000000000001,-0.0062267632024229,-0.0415823963578685,0.05219188193938465
88.86,-0.0063086368783299,0.0268279830985411,0.05330728447969093
88.87,-0.0063902553604333,0.0239469285759774,0.052133520732784114
88.88,-0.0064716154141941,0.080999176832212,0.045756161278512425
88.89,-0.0065527138140716,0.0781672289406451,0.04621098225908027
88.9,-0.0066335473436318,0.0528183421393094,0.04504686530065381
88.91,-0.0067141127956804,0.0645298687881462,0.04463792406194704
88.92,-0.0067944069723546,0.0462250556891326,0.04375837031335756
88.93,-0.006874426685216,0.0587297555595771,0.04646940531353948
88.94,-0.0069541687554103,0.0561476293414076,0.04809789995479784
88.95,-0.0070336300137585,0.0707941309569806,0.047558930417308486
88.96000000000001,-0.0071128073008325,0.0972193977138557,0.049107685295201264
88.97,-0.0071916974671196,-0.0013768185389217,0.0494326914888135
88.98,-0.0072702973730909,-0.0154070193211513,0.05387736274979224
88.99,-0.0073486038893316,0.0790699704488554,0.05358236403692486
89.0,-0.0074266138966536,0.0286428575731275,0.05464315035689541
89.01,-0.0075043242861616,0.0580402719577428,0.056786213957150625
89.02,-0.0075817319594259,0.0103176332012553,0.05533847035291807
89.03,-0.007658833828561,0.1059331663948331,0.057126996753609896
89.04,-0.0077356268163061,0.0566997126989508,0.05873447333452085
89.05,-0.0078121078561768,0.0619946630708699,0.056546079610661416
89.06,-0.0078882738925464,-0.0090585439221199,0.05727805378342946
89.07000000000001,-0.0079641218807477,0.0336531131643976,0.056426029709753855
89.08,-0.0080396487872044,0.1172850250565313,0.05989617372123853
89.09,-0.0081148515895246,0.074804203861997,0.06405660824314464
89.10000000000001,-0.008189727276571,0.1004437416600265,0.06243284563660882
89.11,-0.0082642728486279,0.0978226777446692,0.06198543450204378
89.12,-0.0083384853174758,0.0341272530992623,0.06246160109473441
89.13,-0.0084123617064793,0.0837841101036609,0.06454778297929253
89.14,-0.0084858990507197,0.0924867637587073,0.06255916029105452
89.15,-0.008559094397062,0.0101913611403595,0.06118661230770036
89.16,-0.0086319448043131,0.0861655885851096,0.058121850598888705
89.17,-0.0087044473432745,0.0793268921666678,0.059079317747142604
89.18,-0.0087765990968449,0.0714962057022566,0.057265310266917474
89.19,-0.0088483971601827,0.0719621056388769,0.05172421171784684
89.2,-0.0089198386407196,0.0449709557116033,0.04786640302640361
89.21000000000001,-0.0089909206583055,0.0192472237472617,0.04407035892223157
89.22,-0.0090616403453508,0.0680397704042461,0.04114395183952474
89.23,-0.0091319948468449,0.0541274527769757,0.040512502098735186
89.24,-0.0092019813205057,0.0641720899418347,0.03914935680008938
89.25,-0.0092715969368717,0.0278762050485136,0.038626964889423604
89.26,-0.0093408388793722,-0.0023653328141749,0.04304651152196373
89.27,-0.0094097043444915,0.0110482661912119,0.03923205898734967
89.28,-0.009478190541784,-0.0044410439203302,0.03367320742145445
89.29,-0.00954629469401,0.0009219555260482,0.03275777750311744
89.3,-0.0096140140372846,-0.0062097786583109,0.029237295667138258
89.31,-0.0096813458210762,0.0207268154724137,0.029046228288336563
89.32000000000001,-0.0097482873083504,0.0363681290078258,0.028601984559754247
89.33,-0.0098148357756899,0.0208668085426816,0.02812521911203551
89.34,-0.0098809885133499,0.0551580588320989,0.024300478271894195
89.35000000000001,-0.0099467428253535,0.0815165336347262,0.024122526924437573
89.36,-0.0100120960296268,0.103001840423702,0.024876639786579575
89.37,-0.0100770454580373,0.0060620853582143,0.028099772437123482
89.38,-0.0101415884565234,-0.0374089907171316,0.027634831203447424
89.39,-0.0102057223851911,0.0522721774171792,0.030640898226537747
89.4,-0.0102694446183604,-0.0019680129166859,0.03400085165463506
89.41,-0.0103327525447241,0.0409585407567678,0.039077618270455854
89.42,-0.0103956435673846,0.0099181054470329,0.039549424355496146
89.43,-0.0104581151039437,0.0580276960021526,0.0412601440054195
89.44,-0.010520164586654,-0.0261921048659918,0.040267893596777946
89.45,-0.0105817894624521,0.0604351116452456,0.0399772294608687
89.46000000000001,-0.010642987193013,0.0437125751534957,0.04078747970838495
89.47,-0.0107037552549496,0.0653204528472471,0.03549806581363831
89.48,-0.0107640911398296,0.0012845002840147,0.03392991965354978
89.49,-0.0108239923542433,0.0586863635645666,0.035113018934160536
89.5,-0.0108834564199411,0.0714809775160918,0.035304736436015206
89.51,-0.0109424808738739,0.1004023202739257,0.038663199038420734
89.52,-0.0110010632683316,0.0306347432582598,0.039620638909715435
89.53,-0.0110592011709959,0.0722932416562162,0.04219790809519016
89.54,-0.0111168921649876,2.9549961209039688e-05,0.0411872371275645
89.55,-0.0111741338490359,0.0490541119780048,0.045863717818495284
89.56,-0.0112309238375213,0.0985317888325673,0.04567390864978897
89.57000000000001,-0.0112872597605145,-0.0080758513659773,0.044874831272369284
89.58,-0.0113431392639432,-0.0268689840036448,0.04492553568518368
89.59,-0.0113985600096094,-0.0125639058243059,0.0457896485670745
89.60000000000001,-0.0114535196752779,0.0562982449561275,0.04478163136976706
89.61,-0.0115080159548128,0.0685597017338301,0.04196548397593424
89.62,-0.0115620465581806,0.0610647780539564,0.042637766620450365
89.63,-0.0116156092115932,0.0640407583420022,0.04086268421492539
89.64,-0.0116687016575314,0.0368036056820138,0.04252004737460332
89.65,-0.0117213216548506,0.0720139896435547,0.044615572425268514
89.66,-0.0117734669789232,0.056449119102413,0.042835243132172
89.67,-0.0118251354215934,0.0269319502276822,0.03946847330939526
89.68,-0.0118763247913114,0.0663852455163494,0.04502749564578317
89.69,-0.0119270329132545,0.0194308708037219,0.048022064611014346
89.7,-0.0119772576293433,0.0375180024211104,0.052243103122770765
89.71000000000001,-0.0120269967983172,0.0123418822456026,0.05143849988270922
89.72,-0.0120762482958655,0.1145202558087644,0.05008539445771533
89.73,-0.0121250100146186,-0.0066419872577647,0.04820996472992153
89.74,-0.0121732798642956,0.1070978680094527,0.047809147052677664
89.75,-0.0122210557717647,0.044035576025178,0.04947564870981415
89.76,-0.0122683356810468,0.011667196822978,0.0455955950180792
89.77,-0.0123151175534894,0.0278296225542559,0.042537863393172684
89.78,-0.012361399367769,0.1086636176981687,0.039215420938569605
89.79,-0.0124071791199636,0.0360169642662099,0.034601280440100864
89.8,-0.0124524548236804,0.0760779029225789,0.035499370555369635
89.81,-0.0124972245100427,0.0394015769148351,0.03614653708196503
89.82000000000001,-0.0125414862278003,0.0401444878089583,0.0392905649154167
89.83,-0.0125852380434526,0.0216807537702867,0.03613387376110919
89.84,-0.0126284780412169,0.0556235871198811,0.03724528564493476
89.85000000000001,-0.0126712043231239,0.0718001404818799,0.034775135748613725
89.86,-0.0127134150091412,-0.0094671378828792,0.034327023971336926
89.87,-0.0127551082371737,-0.007763245020624,0.03438169988940015
89.88,-0.012796282163166,-0.0428393413189823,0.034074460309368296
89.89,-0.0128369349611537,-0.0305117049514942,0.03156951128551357
89.9,-0.0128770648232717,0.0382907632243663,0.03257626531375293
89.91,-0.0129166699599558,0.0511084994796135,0.03357351200125717
89.92,-0.0129557485998993,0.0783664667480878,0.03425331217101272
89.93,-0.0129942989900863,0.0482297415683067,0.034193458170087045
89.94,-0.0130323193959711,0.0166976623025722,0.034431249572523234
89.95,-0.0130698081014388,0.0552247201867109,0.03092103510939363
89.96000000000001,-0.0131067634088835,0.0346252287023653,0.027723794880776715
89.97,-0.0131431836393219,0.0128153911023058,0.025987161569976318
89.98,-0.013179067132385,0.0213775913735869,0.028950493048130403
89.99,-0.0132144122464247,0.0560596881972195,0.03335306162091637
90.0,-0.0132492173585241,0.0571587988592364,0.039393722903346806
90.01,-0.0132834808645704,0.0970200833601678,0.039164432708726604
90.02,-0.01331720117939,0.0536773804797017,0.03643737528343903
90.03,-0.0133503767366816,0.038887553789519,0.03470233685377403
90.04,-0.0133830059891051,0.0266743732214469,0.029996692292667115
90.05,-0.0134150874084124,-0.0180909166058407,0.029721631405826014
90.06,-0.0134466194854271,0.0046580956809246,0.031050815143022235
90.07000000000001,-0.0134776007300566,-0.0459364374096874,0.032359919085348486
90.08,-0.0135080296714718,0.0544667160206118,0.035983058128009775
90.09,-0.0135379048580838,0.0496145987095229,0.03780966859745547
90.1,-0.0135672248575496,0.0963421819795451,0.041405388118323054
90.11,-0.0135959882569272,0.0334756691373419,0.04115588094134742
90.12,-0.0136241936626368,-0.0061597064514254,0.041893169475748566
90.13,-0.0136518397005569,0.0419306597251227,0.038874218850473985
90.14,-0.0136789250160557,-0.0505887942149386,0.04235161735729999
90.15,-0.0137054482740206,0.0109213836789092,0.045626423525526816
90.16,-0.0137314081589817,0.0831375786678315,0.049639415085926834
90.17,-0.0137568033750409,0.0621164114912165,0.052451494791299354
90.18,-0.0137816326459871,0.0889013109981929,0.054409627478561845
90.19,-0.0138058947153893,0.0597364112319465,0.05438446846019735
90.2,-0.0138295883465311,0.1315697981354388,0.058402898551014826
90.21,-0.0138527123225012,0.0519191481427483,0.05424768220062895
90.22,-0.0138752654462823,0.1125031425825917,0.05645654877484621
90.23,-0.0138972465407241,-0.0097205826510644,0.056951764403440394
90.24,-0.0139186544486205,0.1119129224328649,0.05662298413109766
90.25,-0.0139394880327589,0.0954453027542103,0.06329141268546692
90.26,-0.013959746175883,0.0661819061625598,0.06509256518460972
90.27,-0.0139794277808663,0.0637117694937474,0.061650814133425186
90.28,-0.0139985317706703,-0.0048156509771751,0.06183108422310599
90.29,-0.0140170570883307,0.0539383766349576,0.059321425539977254
90.3,-0.01403500269712,0.1340016306166898,0.056537781880682515
90.31,-0.0140523675804901,0.0090826386214416,0.05406821390740482
90.32,-0.0140691507421103,0.0798618671959045,0.053552160249786936
90.33,-0.0140853512059918,0.0042398217490523,0.049588352818162616
90.34,-0.014100968016395,0.0350262740059254,0.05375403981368063
90.35,-0.0141160002379264,0.0894482054268157,0.04957453947369098
90.36,-0.0141304469556444,0.0487455861609081,0.045024759916285795
90.37,-0.0141443072749505,0.0108608065929564,0.042164329010029276
90.38,-0.0141575803217081,0.0659020833745134,0.04017964593813851
90.39,-0.0141702652422623,0.0361984786524893,0.04461556532361108
90.4,-0.0141823612034339,0.0012798943867569,0.04421786637839068
90.41,-0.0141938673926186,0.0797088706966074,0.039974709750845015
90.42,-0.0142047830177641,0.0410820213327728,0.04011011042134075
90.43,-0.0142151073073554,0.0292631865184809,0.039354148216816806
90.44,-0.0142248395105612,0.0777588442548139,0.04135120558442825
90.45,-0.0142339788971851,0.0241434152930823,0.043627348360711124
90.46,-0.014242524757653,-0.0001000679512988,0.04202882190271287
90.47,-0.0142504764031478,0.006112857131173,0.04271056185693115
90.48,-0.0142578331655277,0.0220334249840412,0.04490602457749111
90.49,-0.0142645943974076,0.088338656117749,0.04577719362685905
90.5,-0.0142707594721847,0.0455866987853292,0.0437632196218483
90.51,-0.0142763277839991,0.0448953414382309,0.04377722938037331
90.52,-0.0142812987478674,0.0119260527018521,0.04579773762829926
90.53,-0.0142856717995784,0.0639866609009015,0.04630909816215647
90.54,-0.0142894463957737,0.0461780264688927,0.04391592419899802
90.55,-0.0142926220140338,0.0828252723078657,0.04147305922608474
90.56,-0.0142951981527625,0.0558791498088524,0.04325247159686914
90.57,-0.014297174331268,0.0630621251994919,0.04552136873256082
90.58,-0.0142985500898321,0.0569655237247157,0.04615698489408989
90.59,-0.0142993249896541,0.0841966334112401,0.04823359975360011
90.6,-0.0142994986128422,-0.0060949754527365,0.0462063703214772
90.61,-0.014299070562547,0.0015740993157821,0.04503695201039762
90.62,-0.0142980404628831,0.1221395439030523,0.044474744254505864
90.63,-0.0142964079589552,0.0518205925437742,0.046941345899733415
90.64,-0.0142941727168902,-0.0209934667078465,0.04488902303234618
90.65,-0.0142913344238077,0.0264586798236351,0.04767089784892618
90.66,-0.0142878927879203,0.0615110750795546,0.046133827199243645
90.67,-0.0142838475384515,0.0475467718982264,0.045048093724685316
90.68,-0.0142791984256651,0.0194607965232836,0.04450136059020507
90.69,-0.0142739452209494,0.0656423370337559,0.044140185368712684
90.7,-0.0142680877167067,0.0457668380431679,0.042579599456446134
90.71,-0.0142616257264249,0.0210289142526578,0.04503437502669288
90.72,-0.0142545590847475,0.0330889785645041,0.04602862462946647
90.73,-0.0142468876473511,0.0637246872516307,0.042551875827057384
90.74,-0.0142386112910314,0.0208878806857696,0.039717064219783056
90.75,-0.0142297299136978,0.1045973976170729,0.04109474823079241
90.76,-0.0142202434343416,0.0505467886645323,0.040500693676854826
90.77,-0.0142101517931106,0.0330787468431275,0.03920727870778688
90.78,-0.0141994549512594,0.0515807293754067,0.03927750515062292
90.79,-0.0141881528911064,0.0493808440733754,0.04132765225613176
90.8,-0.0141762456161542,0.0514243292536428,0.03997889010147596
90.81,-0.0141637331510277,0.045455311522445,0.04141546319465592
90.82,-0.0141506155414153,0.0224533409740276,0.041922584511891896
90.83,-0.0141368928541774,0.0491278190524614,0.0403556585058195
90.84,-0.0141225651772755,-0.0077104512089866,0.04337776518931631
90.85,-0.0141076326197558,0.0079378975233499,0.04481145241553982
90.86,-0.0140920953118364,0.0139835341909458,0.04024582699858749
90.87,-0.0140759534047837,0.0343493607291279,0.03945838444979552
90.88,-0.0140592070709918,0.0490215271977832,0.039027111032560104
90.89,-0.0140418565039796,0.0625138857389692,0.039190707115426014
90.9,-0.0140239019182988,0.0373183317859842,0.03859066900334737
90.91,-0.0140053435496445,0.0759348729999469,0.03808935923630763
90.92,-0.0139861816547626,0.0316784619146134,0.03979771110940679
90.93,-0.0139664165114433,0.0001835324369837,0.041420512600135934
90.94,-0.0139460484185852,0.1271889276050637,0.03958774321678259
90.95,-0.0139250776961266,0.0509953124364634,0.0407332891947903
90.96,-0.0139035046849908,0.0087192638610739,0.04206863863134079
90.97,-0.0138813297471937,0.0340104951399009,0.043440296314077864
90.98,-0.0138585532657553,0.0240220050811837,0.04530668021459438
90.99,-0.0138351756446858,0.0550162471155908,0.04470908843207991
91.0,-0.0138111973089952,0.0367800437197241,0.043661312544128084
91.01,-0.013786618704642,0.0408968241458081,0.04267637133263501
91.02,-0.0137614402985986,0.0813307008575273,0.042310951358214534
91.03,-0.0137356625787482,0.0565321722793397,0.04233248550054519
91.04,-0.0137092860538895,0.0106396620020411,0.043519194342172704
91.05,-0.0136823112537903,0.0163460143291754,0.03924042878165081
91.06,-0.0136547387290561,0.0359802356909103,0.03900527994944324
91.07,-0.0136265690511672,0.0427883455284243,0.04051617292521689
91.08,-0.0135978028125302,0.0735434226399747,0.04156930614003888
91.09,-0.0135684406263367,0.0364720997649792,0.04432196699787308
91.1,-0.0135384831265766,0.0405105920919809,0.04070275540198259
91.11,-0.0135079309680874,0.0166345663446297,0.038354214603816925
91.12,-0.0134767848264438,0.0682610535371169,0.03677202028797958
91.13,-0.0134450453979945,0.0321306789035571,0.03598372222909086
91.14,-0.0134127133997893,0.0251044181111616,0.03451201474674829
91.15,-0.0133797895695716,0.037334850834104,0.03649898515840473
91.16,-0.0133462746658333,0.0460571869601045,0.03771748260179236
91.17,-0.013312169467658,0.0404480163523205,0.03855952210144584
91.18,-0.0132774747747463,0.0561262926511625,0.040037191556307944
91.19,-0.0132421914074434,0.081827883095702,0.038077215739103866
91.2,-0.0132063202066448,-0.0209871963981094,0.03927512628793134
91.21,-0.0131698620337641,-0.0125393130417549,0.03926755561338974
91.22,-0.013132817770782,0.0076707435132237,0.04256555964265316
91.23,-0.013095188320103,0.0647764416208642,0.040066731168587416
91.24,-0.0130569746046152,0.0256263151501458,0.04441759084509702
91.25,-0.0130181775676571,0.0523660406468264,0.04471535871010744
91.26,-0.0129787981728926,0.0419344606403156,0.04666810639708686
91.27,-0.012938837404397,0.0536630651836333,0.04677875698382747
91.28,-0.0128982962665474,0.0738194040805285,0.04699443871303862
91.29,-0.0128571757839923,0.0323839304786891,0.04622615805960369
91.3,-0.0128154770016736,0.0616282212903562,0.0435736917999274
91.31,-0.0127732009847406,0.0403516079266073,0.046749990811582244
91.32,-0.0127303488184779,0.0858926509591615,0.05022891004947489
91.33,-0.012686921608368,0.0157856555817362,0.0540422368617563
91.34,-0.0126429204800118,0.1234987321102589,0.05028064852594557
91.35,-0.0125983465790263,0.0313575432763804,0.051100443185486635
91.36,-0.012553201071104,0.0783425522606716,0.050234177344897386
91.37,-0.012507485141909,0.0483808492816575,0.05146368388620372
91.38,-0.0124611999970561,0.0449773326657546,0.04849981512838354
91.39,-0.0124143468620885,0.0399923989290291,0.04686340474078882
91.4,-0.0123669269823586,0.0261260916424998,0.047148209036945846
91.41,-0.0123189416231059,0.0457150828466424,0.04531190512250406
91.42,-0.0122703920693537,0.0605179909539906,0.046629022506816616
91.43,-0.0122212796258097,0.0877506065711334,0.041640836546149015
91.44,-0.0121716056169202,-0.0142169134311612,0.04256506223589792
91.45,-0.0121213713867626,0.0428420030005081,0.040283220609071906
91.46,-0.0120705782990088,0.0341744579944523,0.04063032317475078
91.47,-0.0120192277369091,0.0677540980077484,0.04019802810919405
91.48,-0.0119673211031998,-0.0085781787305905,0.039458062595200495
91.49,-0.0119148598200974,0.0394547859410394,0.04084253961632582
91.5,-0.0118618453292043,0.0383648206979867,0.03963928815582013
91.51,-0.0118082790914839,0.0230658390870789,0.040816758931595525
91.52,-0.011754162587263,0.0680110729971709,0.04154347507944617
91.53,-0.0116994973160866,-0.0188592542148582,0.042020590077829136
91.54,-0.0116442847966954,0.0351943950664632,0.04216774794943368
91.55,-0.0115885265670342,0.0755800579469126,0.04280804257649223
91.56,-0.0115322241841284,0.0386466971556367,0.043348926087445255
91.57,-0.0114753792240379,0.0692643558839805,0.04575564910631447
91.58,-0.0114179932818717,0.0328415734877926,0.045086623067353775
91.59,-0.0113600679716316,0.0740513501093866,0.04695656853409788
91.6,-0.0113016049262115,0.0147241182584096,0.04709309806528533
91.61,-0.011242605797393,0.050852977933783,0.046475601354070036
91.62,-0.0111830722556771,0.0609761219515061,0.04738584831719359
91.63,-0.0111230059903044,0.0705374059200329,0.04661938029933962
91.64,-0.0110624087091823,0.0908409218748287,0.049278437076548325
91.65,-0.0110012821387922,-0.0007707262629315,0.05412221965993477
91.66,-0.0109396280242105,0.0542005567305215,0.052366859625005154
91.67,-0.0108774481289458,0.0847156413907057,0.05295104413630479
91.68,-0.0108147442349298,0.053704551189574,0.05240456073611031
91.69,-0.0107515181425169,0.0306906760710357,0.05492921951264055
91.7,-0.010687771670316,0.0423219060959758,0.051162574207091326
91.71,-0.0106235066551579,0.0253973897624655,0.054431392253879815
91.72,-0.0105587249520852,0.0421810253126735,0.05288839836954053
91.73,-0.010493428434237,0.0519152446222375,0.05343665336720908
91.74,-0.010427618992799,0.0369809381065247,0.05234177246466284
91.75,-0.0103612985369497,0.1369138293175785,0.04753578931639212
91.76,-0.010294468993742,0.0387174972133907,0.048684579706990805
91.77,-0.0102271323081312,0.050914571892929,0.04749981586463327
91.78,-0.0101592904428515,0.0577882044798963,0.042296077283864364
91.79,-0.0100909453783173,0.0858594077949276,0.040822294862760816
91.8,-0.0100220991126276,-0.005048201307147,0.04182448994258529
91.81,-0.0099527536614504,0.0833692972409679,0.04329556261707226
91.82,-0.0098829110579443,0.0184501063626581,0.04358377822509875
91.83,-0.0098125733527437,0.0724894769025458,0.044591763785205574
91.84,-0.009741742613846,0.0475449069665616,0.043371427581290554
91.85,-0.0096704209264997,-0.0100847242388563,0.04516096019062403
91.86,-0.0095986103932466,0.0233538719396408,0.042220846625790745
91.87,-0.0095263131337661,0.0293205160410132,0.04184192812834172
91.88,-0.0094535312848045,-0.0245628688054413,0.045920612174031546
91.89,-0.0093802670001363,0.0227551203463995,0.04771281111445623
91.9,-0.0093065224504418,0.0517367727473497,0.047765455652875634
91.91,-0.0092322998233029,0.0732144322602022,0.050381610779133584
91.92,-0.0091576013230773,0.0314499175310216,0.04445605758987638
91.93,-0.0090824291707869,0.0633487220749169,0.04589307473119331
91.94,-0.0090067856041473,0.0262881843400222,0.046844115585238294
91.95,-0.0089306728774274,0.0745611229025277,0.046911232578608485
91.96,-0.008854093261329,0.0751714444560795,0.05208616163101033
91.97,-0.0087770490430003,0.0307602087669611,0.054291057797569986
91.98,-0.0086995425258959,0.1365669368524153,0.05456015033516969
91.99,-0.0086215760297186,0.0954243822288148,0.05865039331873644
92.0,-0.0085431518903361,0.086964943101735,0.05820739307442043
92.01,-0.0084642724596809,0.0498910563442702,0.05936670484762672
92.02,-0.0083849401057309,-0.0410673197334338,0.05719338298021539
92.03,-0.0083051572123488,0.0486274663303138,0.05634589016692072
92.04,-0.0082249261792316,0.0924613348374904,0.05530477063557445
92.05,-0.0081442494218791,0.0489543638273356,0.056623107214368786
92.06,-0.0080631293714383,0.0985887858615827,0.05443056051550251
92.07,-0.0079815684746353,0.0696566914373934,0.05313176393038862
92.08,-0.0078995691937228,0.0349714593306069,0.05707298158422845
92.09,-0.0078171340063687,0.0613322338494606,0.05396896796863066
92.1,-0.0077342654055734,0.0134521152157633,0.05110021655091902
92.11,-0.0076509658996096,0.0760823199846817,0.052785637055914936
92.12,-0.0075672380118796,0.0275746730445642,0.054619277987166606
92.13,-0.0074830842808876,0.0136525684518337,0.06109112856835835
92.14,-0.0073985072601437,0.0414852119166453,0.06082579842464619
92.15,-0.0073135095180226,0.0539732524947031,0.059375881158883634
92.16,-0.0072280936377469,0.0285176422263358,0.06098496967785249
92.17,-0.0071422622172565,0.047896716168688,0.05772696696724602
92.18,-0.0070560178691128,0.1135257794975973,0.05916240270662269
92.19,-0.0069693632204562,0.0713826509248618,0.0598150914379528
92.2,-0.0068823009128499,0.0351806024568705,0.05817719704827976
92.21,-0.0067948336022263,0.1223587737066491,0.05640873911623308
92.22,-0.0067069639588301,0.0883975159005553,0.05484390774968699
92.23,-0.0066186946670543,0.0948415424715926,0.05417196547206489
92.24,-0.0065300284253916,0.0430555333123586,0.055421539106330124
92.25,-0.0064409679463292,0.0620130722564769,0.05678886713495192
92.26,-0.0063515159562543,0.0827452227256815,0.05403489902693172
92.27,-0.0062616751953861,0.0301707289388468,0.054373499981446236
92.28,-0.0061714484176439,0.0998008419643035,0.053954667578415993
92.29,-0.0060808383905514,0.0486779226885394,0.05086023351263146
92.3,-0.0059898478951894,0.0269364516663265,0.047677238758534184
92.31,-0.0058984797260644,-0.0236855013572169,0.04873423089560191
92.32,-0.0058067366910011,0.0432208612872138,0.047848051092133116
92.33,-0.0057146216110789,0.0134638852145,0.04332512273955287
92.34,-0.0056221373205059,0.0398936147714036,0.039902762418787666
92.35,-0.0055292866665349,0.070199100517703,0.042325413584063894
92.36,-0.0054360725093738,-0.003860077773721,0.04302543245012859
92.37,-0.0053424977220689,0.0356282622711407,0.03984943940776803
92.38,-0.0052485651904229,0.0391012357050526,0.04205334390603908
92.39,-0.0051542778128715,0.0485426641161224,0.03982491624678912
92.4,-0.0050596385004,0.0045397610888189,0.03973498059392755
92.41,-0.0049646501764741,0.0573774373352927,0.043436427301722376
92.42,-0.0048693157768772,0.1037489978338044,0.04710690574997248
92.43,-0.0047736382496388,-0.0065839795036298,0.04912992034652647
92.44,-0.0046776205549561,0.0229719757355233,0.05416906784318073
92.45,-0.0045812656650615,0.0939312077831595,0.057154037869381745
92.46,-0.0044845765641052,0.0767134684438354,0.054670836120325736
92.47,-0.0043875562481018,0.0160493688361097,0.055907905451970365
92.48,-0.004290207724808,0.0764527234025389,0.057662187481208764
92.49,-0.0041925340135931,0.0530038611200544,0.05487175238643652
92.5,-0.0040945381453647,0.0467892739784465,0.05364167775361507
92.51,-0.0039962231624474,0.1046668325300177,0.057237311652629255
92.52,-0.003897592118493,0.0533945460560353,0.05628787762089279
92.53,-0.0037986480783666,0.0857041678148476,0.05182004023792432
92.54,-0.0036993941180341,0.1192859826442397,0.055873793625792964
92.55,-0.0035998333244732,0.1025779853216249,0.05490259925356893
92.56,-0.0034999687955533,0.0180518637875265,0.04972062503350956
92.57,-0.0033998036399265,0.0221183781908164,0.051876564180761815
92.58,-0.0032993409769449,0.0724681848851472,0.05399688840997225
92.59,-0.0031985839365325,-0.0194979012851646,0.05093178813994422
92.6,-0.0030975356590606,0.0227110968268719,0.04966584236941683
92.61,-0.0029961992952839,0.0800480729681165,0.04987184866239769
92.62,-0.0028945780061989,0.0374393226688273,0.049620748552798286
92.63,-0.002792674962937,0.0099244127914663,0.04958524832291069
92.64,-0.0026904933466853,0.0785448416416117,0.04894052894129668
92.65,-0.0025880363485206,0.0025768939188187,0.04802181552852492
92.66,-0.0024853071693531,-0.0148902508380872,0.046444926067843444
92.67,-0.0023823090198105,0.1219881905361326,0.04952964796135434
92.68,-0.0022790451200863,0.060576177649529,0.05314764913742829
92.69,-0.0021755186998664,0.0120856177319503,0.05381100195764799
92.7,-0.0020717329982128,0.0264189999389791,0.05645174134488036
92.71,-0.0019676912634394,0.0511154061310444,0.05677875302564905
92.72,-0.0018633967530171,0.0993937302284304,0.0546978032905942
92.73,-0.0017588527334355,0.0526490412283958,0.05288689854218372
92.74,-0.001654062480115,0.0721650608009534,0.05547931492853505
92.75,-0.0015490292772951,0.0999930009760328,0.05355949484321912
92.76,-0.0014437564178973,0.0694633066473138,0.05339115409434271
92.77,-0.001338247203439,0.0828310235512554,0.05505107481879988
92.78,-0.0012325049439002,0.0980964028883692,0.050739532386367144
92.79,-0.001126532957614,0.086398594109761,0.05240282174394943
92.8,-0.0010203345711612,0.035957625846715,0.05566541400613977
92.81,-0.0009139131192478,0.0295783421230146,0.05781866458783447
92.82,-0.0008072719445847,0.0363481285319646,0.056302017053863646
92.83,-0.0007004143977876,-0.0005896770477927,0.05416062232727142
92.84,-0.0005933438372546,0.0643651569048442,0.053082719205630784
92.85,-0.0004860636290432,0.0382286198499771,0.05251206354864376
92.86,-0.0003785771467645,-0.0009582618075858,0.050659096096619546
92.87,-0.0002708877714627,0.0199680843755131,0.054332982829344845
92.88,-0.0001629988914939,0.0314457994550452,0.05276918736097845
92.89,-5.491390242251537e-05,0.0955052541587572,0.051095302916848204
92.9,5.3363793102445545e-05,0.0806000552379476,0.051111019855029874
92.91,0.0001618307854722,0.0716372621545676,0.05018893171288438
92.92,0.0002704836582378,0.0192658079176571,0.051052344712576504
92.93,0.0003793189882028,0.0544244409699935,0.05331131015332481
92.94,0.0004883333455565,0.0300130756739426,0.05595680018617176
92.95,0.000597523294013,0.0601812920042259,0.056166210069560185
92.96,0.00070688539089,0.0610806844835244,0.05687098028082657
92.97,0.000816416187252,0.146614928034545,0.059713151080945624
92.98,0.0009261122280321,0.0499913187155612,0.06083032405643924
92.99,0.0010359700521364,0.0629448295616339,0.06215303607180754
93.0,0.0011459861925758,0.086728649811576,0.061161992351651
93.01,0.0012561571765754,0.0165937748616597,0.05813010116356371
93.02,0.0013664795256954,0.0477100151165492,0.056641634600299376
93.03,0.0014769497559574,0.0837864027876792,0.05723889988558403
93.04,0.0015875643779625,0.0549656136419928,0.05654106039668569
93.05,0.0016983198970088,0.0687627644560013,0.0573590341901088
93.06,0.0018092128132168,0.0530287942865714,0.05723706292724011
93.07,0.0019202396216375,0.0587273249949143,0.05821184725035597
93.08,0.0020313968123852,0.0434287168608789,0.05619765373643012
93.09,0.0021426808707702,0.0592227517777795,0.05614954326131293
93.1,0.0022540882773813,0.0746933360354701,0.0535521215072977
93.11,0.0023656155082374,0.0169303402881143,0.05192050788356699
93.12,0.002477259034915,0.0403794643260165,0.054904693683630074
93.13,0.0025890153246457,0.0318083789086349,0.0559453325703615
93.14,0.0027008808404505,0.0397698117031282,0.056163777413811476
93.15,0.0028128520412562,0.0471905253358281,0.05676997627200936
93.16,0.0029249253820307,0.0576198954839834,0.05570788353659097
93.17,0.003037097313896,0.0815511552689575,0.0568473331382387
93.18,0.0031493642842383,0.1043168642421022,0.05890651646673496
93.19,0.0032617227368553,0.0489809987381003,0.061898443287470885
93.2,0.0033741691120636,0.008398972727314,0.0609725949206152
93.21,0.0034866998468122,0.0524647637132311,0.058610341546755165
93.22,0.0035993113748342,0.0792616766629842,0.058737360766441205
93.23,0.003712000126739,0.0695634317379094,0.059495981742127405
93.24,0.0038247625301579,0.0883737445001287,0.061899194186717195
93.25,0.0039375950098563,0.0676957896641483,0.061448320644165506
93.26,0.0040504939878435,0.046458817012215,0.06151052842787317
93.27,0.0041634558835379,0.0769572359211737,0.060619482934371395
93.28,0.0042764771138459,0.101970174893336,0.06037933605696751
93.29,0.0043895540932981,0.1062591800963333,0.06203065828969803
93.3,0.0045026832341948,0.03977993607381,0.063529856988052
93.31,0.0046158609467022,0.0250860151844095,0.06764644021398272
93.32,0.004729083638981,0.0195977439015211,0.06888502161275416
93.33,0.0048423477173306,0.0563105048154267,0.06623888145151023
93.34,0.0049556495862926,0.0822758402450204,0.06539202692072318
93.35,0.0050689856487665,0.0303014673095429,0.06367475659465907
93.36,0.0051823523061683,0.048496888793689,0.06517391309806271
93.37,0.0052957459585195,0.0389079401204459,0.06363443747404698
93.38,0.0054091630045924,0.0765080708434761,0.06548777565338455
93.39,0.0055225998420227,0.138994631129443,0.06429536069804158
93.4,0.005636052867429,0.0804641714035337,0.06314768658109952
93.41,0.0057495184765721,0.0948472204718591,0.0644637142396928
93.42,0.0058629930644316,0.0784749730874312,0.0643756384027419
93.43,0.0059764730253472,0.0236927332768619,0.06664859133640252
93.44,0.0060899547531689,0.0517794865913813,0.0681692880020079
93.45,0.0062034346413469,0.0523110676527823,0.06696188472213865
93.46,0.0063169090830553,0.0991780762356248,0.06691650433049072
93.47,0.0064303744713598,0.014129828907885,0.06854941273279952
93.48,0.0065438271992929,0.1158773376872626,0.0696949471525066
93.49,0.0066572636599968,0.0769294608311334,0.06873028966971238
93.5,0.0067706802468564,0.08215802364055,0.06608115428730703
93.51,0.006884073353601,0.0674165169042688,0.06378376828982038
93.52,0.0069974393744648,0.0232364226084405,0.06355318098554041
93.53,0.0071107747042747,0.0673297555083946,0.06378185491069897
93.54,0.0072240757385794,0.0882451347931393,0.06714590845755804
93.55,0.0073373388738126,0.0569203713677664,0.06761458997464041
93.56,0.0074505605073688,0.0293484790849361,0.06353938241690803
93.57,0.0075637370377371,0.0827879652421738,0.06254130015044763
93.58,0.0076768648646599,0.0629641629342947,0.0647282303952696
93.59,0.0077899403892189,0.0562502637047977,0.06489545405343503
93.6,0.0079029600139599,0.0833627880989304,0.06682549380035578
93.61,0.0080159201430535,0.0322190654563143,0.06620721611529665
93.62,0.008128817182379,0.0900048870819797,0.06635967191770677
93.63,0.0082416475396696,0.0832771255157608,0.07005948694579403
93.64,0.0083544076246319,0.0943378577609022,0.06844441571854769
93.65,0.0084670938490502,0.0616217984501113,0.06889945469389762
93.66,0.008579702626961,-0.0332682910595979,0.06974682154837508
93.67,0.0086922303747224,0.0782183486399566,0.0708000001013753
93.68,0.0088046735111493,0.0600553640491464,0.07148456776876518
93.69,0.008917028457675,0.1193890345087366,0.07125751520518901
93.7,0.0090292916384293,0.1174602955164693,0.07162030359292662
93.71,0.0091414594803662,0.0691741922543082,0.07311769584114869
93.72,0.009253528413429,0.0706180887548812,0.07578889665541769
93.73,0.0093654948706251,0.1009325381982732,0.07718709171999937
93.74,0.0094773552881677,0.0334132597362211,0.0742746340775184
93.75,0.0095891061056063,0.0978009532754879,0.07125091608888616
93.76,0.0097007437659252,0.0747150753117933,0.07236325578413652
93.77,0.0098122647157056,0.0514652286979405,0.07893618382932736
93.78,0.0099236654052189,0.0971638862573612,0.081102322011304
93.79,0.0100349422885281,0.0581960590991954,0.08092009821748002
93.8,0.0101460918236748,0.0638688198472872,0.07657034110704265
93.81,0.0102571104727541,0.114808025311594,0.07286820839506486
93.82,0.0103679947020166,0.0883142825559633,0.07274873572369596
93.83,0.0104787409820616,0.1193669834381949,0.0733400290126634
93.84,0.010589345787898,0.0221155150236606,0.07426825806514588
93.85,0.0106998055990653,0.030839779999625,0.07754582639234775
93.86,0.0108101168998092,0.0849809320503691,0.07766310372570583
93.87,0.0109202761791493,0.1047631978894098,0.07693803664300713
93.88,0.0110302799310235,0.1237072504614659,0.07698884752978423
93.89,0.0111401246543976,0.0562286643788427,0.07611995818886456
93.9,0.0112498068533778,0.0280441351895517,0.0757938212118539
93.91,0.0113593230373881,0.039715508564936,0.07830326572740275
93.92,0.0114686697212235,0.0666652661555611,0.07607958114328445
93.93,0.01157784342517,0.0830352478231974,0.0752699970302015
93.94,0.0116868406751971,0.1204253483004052,0.0758710524486099
93.95,0.0117956580030081,0.1022421946074603,0.0792159301965662
93.96,0.0119042919461534,0.1002637772760077,0.0798403467717622
93.97,0.0120127390482338,0.0594886665751208,0.07995578461631414
93.98,0.0121209958589163,0.0525322573202595,0.07854476706710052
93.99,0.0122290589341184,0.0789172100980481,0.07316888436931825
94.0,0.0123369248361246,0.0513471825819717,0.07314147770627978
94.01,0.0124445901336409,0.1165671546738129,0.07857838132008224
94.02,0.0125520514020191,0.0681106490451097,0.08025315068063488
94.03,0.0126593052232892,0.0713130161812214,0.08030065453295177
94.04,0.0127663481862771,0.1319891472247712,0.08378774885487932
94.05,0.0128731768868128,0.0923579477307428,0.08061802645491215
94.06,0.0129797879277415,0.0439525280787413,0.07789351289023093
94.07,0.0130861779190638,0.0874051267859597,0.07623037097544912
94.08,0.0131923434781355,0.0751318293559237,0.07706452309987291
94.09,0.0132982812296872,0.0108137138080382,0.07734317941434125
94.1,0.0134039878059447,0.0556531244550349,0.07611121415017277
94.11,0.0135094598468304,0.1422191110794035,0.07475474953880692
94.12,0.013614693999997,0.0748856651365414,0.07218873978897963
94.13,0.0137196869209654,0.0676628470542155,0.07317977653804064
94.14,0.0138244352732658,0.1562642285836762,0.07369885135952149
94.15,0.0139289357284827,0.0538611779010947,0.07199967945787024
94.16,0.0140331849664762,0.0450274097491546,0.07079945288838803
94.17,0.0141371796754247,0.0653377970655898,0.06945014462325802
94.18,0.0142409165519066,0.0770058611880203,0.07089840134435887
94.19,0.0143443923011285,0.0583840399240949,0.06968813585808811
94.2,0.014447603636937,0.0530459395505097,0.07123861050531476
94.21,0.0145505472819357,0.0228614257432889,0.06942667298688042
94.22,0.0146532199676904,0.06268094992744,0.06466250391812503
94.23,0.0147556184347349,0.0889224207753906,0.06207766956901769
94.24,0.0148577394327498,0.0822135874323195,0.0633149822886604
94.25,0.0149595797206386,0.096306537290095,0.061882563834172975
94.26,0.0150611360666311,0.0671531897716165,0.06414519060210962
94.27,0.0151624052484852,0.0156170545110108,0.06490616245333118
94.28,0.0152633840534793,0.1178185179290776,0.06386050500781994
94.29,0.0153640692785506,0.0497162541442377,0.06408963285004735
94.3,0.0154644577304963,0.0433736813997978,0.06458896671764731
94.31,0.0155645462259823,0.017602436567914,0.06641460335955787
94.32,0.0156643315916374,0.0421715606355404,0.06690235421153988
94.33,0.0157638106642932,0.020604143805287,0.06706010759736375
94.34,0.0158629802909843,0.0936464141667125,0.06852925852106095
94.35,0.0159618373290371,0.1261834410394401,0.06963777420396615
94.36,0.0160603786462931,0.1013763400277642,0.06957259431209999
94.37,0.016158601121112,0.0610078186248074,0.06856779561851122
94.38,0.0162565016425197,0.0433789907098539,0.07263058544330774
94.39,0.0163540771103226,0.0818175458747957,0.06908005225089381
94.4,0.0164513244351682,0.0688700511436942,0.07108775977587779
94.41,0.0165482405387468,0.0913843090306316,0.07168097440550983
94.42,0.0166448223537979,0.0331041936349112,0.07503855085974508
94.43,0.0167410668242287,0.0659937710297411,0.07728143343609754
94.44,0.0168369709053192,0.1197745901730318,0.08063709276524063
94.45,0.0169325315637194,0.1054924167733288,0.0777057918280842
94.46,0.017027745777548,0.0949377595609055,0.07193612225085011
94.47,0.0171226105366018,0.046052417206252,0.0710539948649399
94.48,0.0172171228423598,0.1009356408317379,0.07338273511564714
94.49,0.0173112797081306,0.0432573208883851,0.07613762708656292
94.5,0.0174050781591605,0.0918781121689015,0.0777596178388033
94.51,0.0174985152326612,0.0558311886220704,0.08096522674324862
94.52,0.0175915879780455,0.0881115421068543,0.07672216608106108
94.53,0.0176842934569418,0.089272094738942,0.07731739117914
94.54,0.0177766287432573,0.0910729897172919,0.07645428253981872
94.55,0.0178685909233991,0.0320890944864275,0.07485161973067772
94.56,0.0179601770962795,0.0050203799175242,0.07258156409259683
94.57,0.018051384373402,0.0828516649236502,0.07412804445915659
94.58,0.0181422098790781,0.1099113638896591,0.07451351730094687
94.59,0.0182326507504021,0.1012317220990853,0.07544235606225701
94.6,0.0183227041373676,0.1158793516718437,0.07770807707192517
94.61,0.0184123672030814,0.136187838137046,0.07663458017111999
94.62,0.0185016371237134,0.0022800351246932,0.07628650408369664
94.63,0.0185905110886661,0.0456039206945684,0.07612376433056871
94.64,0.0186789863006783,0.0478684896039943,0.07916792247917426
94.65,0.0187670599758618,0.0861186711810708,0.07972229792561532
94.66,0.0188547293438978,0.0578212483736302,0.08316622641560895
94.67,0.0189419916480568,0.1274138472586604,0.08801174046927905
94.68,0.0190288441452524,0.0541473468838478,0.0892414650417778
94.69,0.0191152841062733,0.120441254819251,0.08536719548763486
94.7,0.0192013088157874,0.0908374620914165,0.08436596683075506
94.71,0.0192869155723834,0.0693346772519926,0.0807849483484012
94.72,0.019372101688804,0.0485215907861799,0.07778988283736446
94.73,0.0194568644919179,0.084694007291168,0.08349664031206123
94.74,0.0195412013228674,0.1531994158596587,0.08419172204722834
94.75,0.0196251095371566,0.102714874092554,0.08698876044496687
94.76,0.0197085865046853,0.1044115927762935,0.08971293041976243
94.77,0.0197916296099678,0.1067761750445966,0.09220535986722828
94.78,0.0198742362520931,0.1086758809461237,0.09236326723469127
94.79,0.0199564038448341,0.0285517032526573,0.09275341194030391
94.8,0.0200381298168558,0.0802059203046097,0.08951598546667561
94.81,0.0201194116116576,0.0406779635424128,0.08856355642686127
94.82,0.0202002466876904,0.0732914624052744,0.08922944624768717
94.83,0.0202806325185489,0.1221219420933254,0.08957500898274255
94.84,0.0203605665929459,0.0602006371330776,0.09043917341690022
94.85,0.0204400464147824,0.1066062959565034,0.08784904724059601
94.86,0.0205190695033732,0.1433262406517776,0.08786338109363458
94.87,0.0205976333934085,0.1101622667704131,0.08823583537713547
94.88,0.0206757356350714,0.1307299019753829,0.08600550676148833
94.89,0.0207533737941412,0.0623403857017135,0.08272121045125432
94.9,0.0208305454520149,0.0524552988730567,0.08412300001270238
94.91,0.0209072482059133,0.0708364522553152,0.0854123807425681
94.92,0.0209834796688512,0.0833183634893365,0.08767717036155843
94.93,0.0210592374697185,0.0557784082223431,0.08550377327168716
94.94,0.021134519253485,0.102841460408479,0.08306062947259467
94.95,0.0212093226811371,0.0988067661572703,0.0843641522630945
94.96,0.0212836454297857,0.1030158850063638,0.0829985536081358
94.97,0.0213574851928841,0.1122331327298125,0.07935182525220195
94.98,0.0214308396801199,0.0599392741160063,0.07633376266140735
94.99,0.021503706617601,0.0397056584312096,0.0737993018647277
95.0,0.021576083747915,0.0579892840430667,0.07582839388662155
95.01,0.021647968830149,0.1072829156317898,0.07592063934863165
95.02,0.0217193596401044,0.0882385455412097,0.07678702010360931
95.03,0.021790253970251,0.0276501235179776,0.07554082950295597
95.04,0.0218606496297707,0.0708159223123833,0.07720726661034452
95.05,0.021930544444805,0.0875746157335742,0.07441970687458639
95.06,0.021999936258403,0.0779287242023703,0.07187850262244118
95.07,0.0220688229305418,0.066744945177167,0.07278943784678826
95.08,0.022137202338382,0.0467829523637261,0.0720865012251765
95.09,0.0222050723761899,0.0775062252451105,0.0750788501992992
95.1,0.0222724309554084,0.1049513181614842,0.07869242074413946
95.11,0.0223392760048748,0.054392453575269,0.07727538540010206
95.12,0.0224056054707127,0.0890304481098463,0.07280346191470317
95.13,0.0224714173165108,0.0571483608756161,0.07136407565504631
95.14,0.0225367095233991,0.0907735874775026,0.07690184620725209
95.15,0.0226014800900051,0.0443027059575584,0.07563083061094332
95.16,0.0226657270326932,0.0454414768622209,0.07443976738970978
95.17,0.0227294483854972,0.1221455247176527,0.07406338780608174
95.18,0.0227926422001964,0.0974714636759655,0.07607634936311987
95.19,0.0228553065465056,0.1227786025725828,0.0739081996561193
95.2,0.0229174395120143,0.1155906398728549,0.07218209022119171
95.21,0.0229790392022311,0.0282315418182813,0.0708312809354279
95.22,0.0230401037408081,0.0133725224384132,0.07150259189175343
95.23,0.0231006312694723,0.0580114340884156,0.07021994410798246
95.24,0.0231606199481163,0.143943305114299,0.07123939278578895
95.25,0.0232200679548891,0.0441245947898989,0.06933803657076423
95.26,0.0232789734861876,0.0625622880876702,0.07048090913406199
95.27,0.0233373347568524,0.0700247529461814,0.07199453906629473
95.28,0.0233951500001217,0.1090171378749676,0.07281896583384165
95.29,0.0234524174676425,0.0012518085167143,0.07007878085478746
95.3,0.0235091354297098,0.0412579271116309,0.07048177503062086
95.31,0.0235653021752074,0.0765843231604444,0.06947455395193729
95.32,0.0236209160116032,0.068489983658105,0.07105047019589353
95.33,0.023675975265186,0.0620948446506559,0.07172063095873235
95.34,0.0237304782809796,0.0785567831095523,0.07494466497116425
95.35,0.0237844234227985,0.0508451069619837,0.0743964526896902
95.36,0.0238378090734445,0.0683030297868114,0.07954695100501537
95.37,0.0238906336345975,0.0772277054391084,0.08030485582445308
95.38,0.0239428955269696,0.1394584868361377,0.08296291777731003
95.39,0.0239945931903226,0.0399275791158276,0.08072034094695942
95.4,0.0240457250834769,0.1312414802650846,0.0846746221006513
95.41,0.0240962896845289,0.0944389972204996,0.08684760949645277
95.42,0.0241462854907198,0.0613257829413624,0.084826921605655
95.43,0.0241957110185223,0.0274458984580288,0.08678863202637957
95.44,0.0242445648038186,0.1257161483494852,0.08821122449989247
95.45,0.0242928454018118,0.1324308472033439,0.08838604567324371
95.46,0.0243405513870753,0.1522850594117277,0.08742407757663935
95.47,0.024387681353756,0.0784782892958621,0.08987784523945767
95.48,0.0244342339154227,0.1258440539561772,0.08893014807660948
95.49,0.024480207705245,0.0619230244376046,0.08540946107746976
95.5,0.0245256013760367,0.0842917127442439,0.08715411413765851
95.51,0.0245704136001695,0.0868906624234618,0.08454395437260369
95.52,0.0246146430698313,0.034149877453691,0.08585560398731382
95.53,0.0246582884969023,0.1096859024933211,0.08540742124988528
95.54,0.0247013486130084,0.0919692865944267,0.0853371288883053
95.55,0.0247438221697149,0.0822280277499286,0.08318338874043792
95.56,0.0247857079383809,0.030643776933292,0.07924448601233068
95.57,0.0248270047102663,0.1198321507059961,0.07258036948657981
95.58,0.0248677112967068,0.0573260650192967,0.06991838127599925
95.59,0.0249078265289554,0.0655240598542036,0.06420308467005169
95.6,0.0249473492582683,0.0765652933797913,0.06345099051564895
95.61,0.024986278356083,0.0764281251989333,0.06632205739277001
95.62,0.0250246127138933,0.1219836391294123,0.06725174689825403
95.63,0.0250623512433642,0.051913945455363,0.0711080238866358
95.64,0.025099492876382,0.0259697588648492,0.07012873738838094
95.65,0.0251360365649669,0.0804876052442703,0.07208741018589973
95.66,0.0251719812815298,0.0497138899130917,0.07121349191293946
95.67,0.0252073260187515,0.0123386123709596,0.07309835945995288
95.68,0.0252420697895675,0.0225765368736702,0.07217491260281728
95.69,0.0252762116274007,0.0058228252312784,0.07319752391175148
95.7,0.025309750586025,0.0461290471951471,0.07214856469150152
95.71,0.0253426857395974,0.1445841171637862,0.07128508573420178
95.72,0.025375016182845,0.1064141420386262,0.06918419407181967
95.73,0.025406741030956,0.115131694209708,0.06851565396605512
95.74,0.025437859419565,0.0891208860299691,0.07070406410945695
95.75,0.0254683705049815,0.1331014153423213,0.07647295225001202
95.76,0.0254982734640654,0.0638757440177631,0.07482921089792585
95.77,0.0255275674942712,0.0702259954205737,0.07354663063426996
95.78,0.025556251813727,0.1004397667061487,0.07736475029249636
95.79,0.025584325661164,0.0788009025069149,0.08077836373153739
95.8,0.0256117882961023,0.0434959162289542,0.0857453782703313
95.81,0.0256386389987525,0.0584322352764969,0.0908939671545242
95.82,0.0256648770699863,0.0323094002889087,0.09008924385677146
95.83,0.0256905018315628,0.1079442969083571,0.08783850617468401
95.84,0.0257155126260053,0.0978705584668014,0.08765316956975114
95.85,0.0257399088165757,0.1471164098165057,0.08601907706836143
95.86,0.0257636897874766,0.0459690368504608,0.08353593468011959
95.87,0.0257868549437018,0.0227797043763179,0.08467588233185767
95.88,0.0258094037111439,0.0925191251937137,0.08748180488422763
95.89,0.0258313355366093,0.0942624190935323,0.08455371392025464
95.9,0.0258526498877462,0.1101301305459503,0.08378325385998002
95.91,0.0258733462532509,0.154249413763198,0.08526402074330115
95.92,0.0258934241426991,0.1276849279109788,0.08825661774868843
95.93,0.0259128830865942,0.0591486507147898,0.08833090429739013
95.94,0.0259317226365435,0.1112396255061174,0.08680508453159283
95.95,0.0259499423650777,0.0548049435007854,0.08195860812104383
95.96,0.025967541865704,0.0809554251892428,0.08051593828526846
95.97,0.0259845207530501,0.0878146447042626,0.0814648248590612
95.98,0.0260008786627352,0.129150369020343,0.08394596467508138
95.99,0.0260166152513854,0.0389498564627156,0.08352126564566723
96.0,0.0260317301967974,0.062621241241148,0.08227733812210067
96.01,0.0260462231977426,0.074592020778698,0.07977340661495846
96.02,0.0260600939741173,0.1212767723896294,0.07892027032831159
96.03,0.0260733422669579,0.0338694178116448,0.07544384739993767
96.04,0.0260859678382907,0.0759020818266139,0.07673149571668682
96.05,0.026097970471367,-0.0039054461547277,0.0742929788613558
96.06,0.026109349970517,0.1168203432652227,0.07476911168429697
96.07,0.0261201061611357,0.0658956549001085,0.0752555041300839
96.08,0.0261302388898571,0.0748836405127416,0.07822636691459724
96.09,0.0261397480243744,0.0836004455760165,0.0745562200498514
96.1,0.0261486334534877,0.0681399410986347,0.07750050985347971
96.11,0.0261568950872578,0.0575475688959638,0.0801225245595822
96.12,0.0261645328568038,0.1363335517436136,0.08148481377479715
96.13,0.026171546714411,0.0546800464151268,0.07919408584108638
96.14,0.0261779366335257,0.0861892653665218,0.0785004564757997
96.15,0.0261837026086855,0.0600307715441662,0.07903607262260429
96.16,0.0261888446556793,0.0648037327825496,0.08150689249700264
96.17,0.0261933628113941,0.0911696665507686,0.08177626513948104
96.18,0.0261972571337879,0.1502027631790427,0.08217745503482636
96.19,0.0262005277020929,0.05207728486068,0.08738984325735084
96.2,0.0262031746166374,0.1007799423389105,0.08890919072787254
96.21,0.0262051979988145,0.1176835500693003,0.08935576533994825
96.22,0.0262065979912615,0.1032000942982119,0.09213318534540654
96.23,0.0262073747576918,0.0731714857817031,0.09031500522756997
96.24,0.026207528482891,0.0193032011406247,0.09197210625170793
96.25,0.0262070593728569,0.0871500209095102,0.08769061764459476
96.26,0.0262059676546355,0.0479817712076379,0.08819452957393074
96.27,0.0262042535763909,0.1224771687572688,0.09188371363395184
96.28,0.026201917407366,0.0743206427023606,0.09219750124075622
96.29,0.0261989594378425,0.1843437931857555,0.09038888328723134
96.3,0.0261953799792907,0.1155067424569719,0.09347593926260059
96.31,0.0261911793641558,0.0775180079522249,0.091209730490531
96.32,0.0261863579458954,0.115873389010588,0.09119371606317378
96.33,0.0261809160991,0.0981517692690452,0.09010416896766124
96.34,0.0261748542193407,0.089479167922024,0.09094400283254242
96.35,0.0261681727231205,-0.0037219953828546,0.09380609976406554
96.36,0.0261608720480518,0.070612922060222,0.09547385552184348
96.37,0.0261529526526776,0.1422765980429926,0.09473597478028015
96.38,0.0261444150164935,0.0977592062936605,0.09272600812409046
96.39,0.0261352596399588,0.11222178615502,0.09260559201168776
96.4,0.0261254870443969,0.1169054603434346,0.08956405857335932
96.41,0.0261150977721433,0.0531895581254487,0.08981078243707305
96.42,0.0261040923863642,0.1173472470947989,0.08700080651157766
96.43,0.0260924714710508,0.0803196052924485,0.0861917365944487
96.44,0.0260802356311554,0.090807996944208,0.08321460450868627
96.45,0.0260673854923745,0.07940723670261,0.08698054058196407
96.46,0.0260539217011787,0.1221728918228472,0.0914652489007958
96.47,0.0260398449249438,0.0324862756348078,0.09052425706901354
96.48,0.0260251558517263,0.0802678689772854,0.08656569288673789
96.49,0.0260098551902787,0.071791904341904,0.08620294394086023
96.5,0.025993943670162,0.1204715909808582,0.08447610130056996
96.51,0.0259774220415551,0.1206879435949599,0.08443633497749348
96.52,0.0259602910753137,0.0185085135168218,0.0846555607717107
96.53,0.025942551562956,0.0988829207508802,0.08352998528754996
96.54,0.0259242043165019,0.035631995468034,0.08342736122745109
96.55,0.0259052501686646,0.1685638254608575,0.0841653636419127
96.56,0.0258856899726836,0.0904568793126119,0.08139976357639997
96.57,0.0258655246022296,0.0508520935927946,0.07853012968633119
96.58,0.0258447549515677,0.0591467502152042,0.0793507957832227
96.59,0.0258233819353734,0.0901414784302294,0.07725290018826751
96.6,0.025801406488693,0.0759580907089243,0.0770163809382516
96.61,0.0257788295670677,0.1160703675588284,0.07387268563456885
96.62,0.0257556521463059,0.0577932998040105,0.07094076675920007
96.63,0.0257318752225774,0.0937101619274233,0.07449807674514604
96.64,0.0257074998123676,0.0781645000303723,0.07439786888796486
96.65,0.025682526952328,0.1063060476479019,0.07498674714036897
96.66,0.0256569576994311,0.0213296353268425,0.0719644977267783
96.67,0.0256307931307764,0.0619105801314029,0.0719734394233541
96.68,0.0256040343435653,0.0497202636695292,0.07523224014281696
96.69,0.0255766824551931,0.036212061483227,0.07514868236573313
96.7,0.0255487386030844,0.0668250000915695,0.07315525536252518
96.71,0.0255202039446109,0.0544539896035205,0.07317921695541735
96.72,0.0254910796572457,0.0591176472122157,0.0724359112661246
96.73,0.0254613669383757,0.0932120232216871,0.07664074200477672
96.74,0.0254310670052132,0.0967785557500753,0.0756384121284063
96.75,0.025400181094938,0.0479984387685204,0.07322192877090389
96.76,0.0253687104644753,0.1050965877754535,0.07202838240339061
96.77,0.025336656390551,0.0906446549407039,0.07475135804560136
96.78,0.025304020169628,0.1192869087015143,0.0759481930291688
96.79,0.025270803117787,0.0573920368964437,0.07518677190705975
96.8,0.0252370065708537,0.0482795113628628,0.0773945314461263
96.81,0.0252026318841705,0.0764612841596597,0.07940676006886334
96.82,0.0251676804325917,0.1004609480836806,0.08146205169396263
96.83,0.0251321536105797,0.1460947453157051,0.0821544717131301
96.84,0.0250960528319757,0.0726612345236444,0.08427635481931814
96.85,0.0250593795299736,0.0274183495228218,0.08307632785217292
96.86,0.0250221351572127,0.0812415739301231,0.08376385179617153
96.87,0.0249843211855699,0.0785121238132681,0.08148298763404604
96.88,0.024945939106187,0.0870441147863191,0.08083898758251665
96.89,0.0249069904293935,0.0337304201052393,0.08023565303271965
96.9,0.0248674766846174,0.0825750118036245,0.08113349038242
96.91,0.0248273994204822,0.1090818011690472,0.08110728167642535
96.92,0.0247867602045759,0.0976151137306058,0.08133871612456167
96.93,0.0247455606234292,0.0736584676147324,0.07973683759445192
96.94,0.0247038022825898,0.1377715684516362,0.0755218102261664
96.95,0.024661486806432,0.0715779894400253,0.07586105960752154
96.96,0.0246186158380914,0.0624364415924914,0.07882014411224866
96.97,0.0245751910395622,0.0571984403708181,0.07719994201624192
96.98,0.0245312140914666,0.0771206538585868,0.07728282201936092
96.99,0.0244866866930343,0.1066168831557773,0.07801541217379244
97.0,0.0244416105621897,0.0762466212401511,0.07945993724271504
97.01,0.0243959874352842,0.047729128536975,0.0778541614443834
97.02,0.0243498190671584,0.0813214075705226,0.07605058302328467
97.03,0.0243031072310662,0.0668214989513757,0.07544096164566785
97.04,0.0242558537185369,0.057579170581709,0.07799715141390222
97.05,0.02420806033947,0.0797854715321026,0.07561866367179734
97.06,0.0241597289219352,0.0895591241220911,0.07497788103669964
97.07,0.0241108613120849,0.0472173299139815,0.07582563938383036
97.08,0.0240614593742652,0.0802526038787674,0.07586094946683934
97.09,0.0240115249908079,0.1024285080293808,0.07703437429342029
97.1,0.0239610600619319,0.064065446552614,0.07500447870481497
97.11,0.0239100665058472,0.0488537200386602,0.07430217135712726
97.12,0.0238585462585219,0.0712066543259738,0.07360343280455874
97.13,0.0238065012736946,0.0848130648006526,0.07292389418803676
97.14,0.0237539335228118,0.1273384527476542,0.07311192880340418
97.15,0.0237008449948561,0.0878233258674337,0.07703223797743675
97.16,0.0236472376964683,0.0581215541029737,0.078888446815724
97.17,0.0235931136517389,0.0802393668822363,0.07900192799435482
97.18,0.0235384749020947,0.0579399521140068,0.08014310174643592
97.19,0.0234833235063999,0.1017625752167868,0.08109868119854766
97.2,0.0234276615407438,0.0639890757950653,0.0806926544836469
97.21,0.0233714910983673,0.0614981669387092,0.08281445029090514
97.22,0.0233148142897182,0.0330556189330361,0.08449562190105328
97.23,0.0232576332422559,0.0670510966235611,0.08300296485321529
97.24,0.0231999501003485,0.0707702258740916,0.08099704248004869
97.25,0.0231417670253739,0.1399056632363928,0.07795595616935787
97.26,0.0230830861954842,0.1187658571361351,0.07724318914414507
97.27,0.0230239098055737,0.0919422288733382,0.07773123711642946
97.28,0.0229642400672427,0.0711819787076848,0.07747414654972332
97.29,0.0229040792086202,0.1003197723731137,0.07758258854392185
97.3,0.0228434294744422,0.0939019470164651,0.0744956772765989
97.31,0.0227822931258447,0.1086231585050368,0.07536533049516972
97.32,0.0227206724402823,0.084158323851771,0.07408160910366679
97.33,0.0226585697115935,0.0398608563213762,0.0775716190568793
97.34,0.022595987249753,0.0426886949641541,0.07675266606047584
97.35,0.0225329273808236,0.0634756402231467,0.07619616473533376
97.36,0.022469392447022,0.0728552183379651,0.07119009724429715
97.37,0.0224053848064453,0.0683705615209459,0.07032432195160843
97.38,0.022340906833089,0.0748404649814073,0.0710704882419253
97.39,0.0222759609167635,0.060217233992176,0.07490588294137372
97.4,0.0222105494629407,0.0369374386030049,0.07376027982006118
97.41,0.0221446748928141,0.0822517933850525,0.07244546620681826
97.42,0.0220783396430557,0.0345400177171475,0.07158686630516081
97.43,0.022011546165776,0.1063458279504989,0.07198330464772298
97.44,0.0219442969285638,0.0498530836990883,0.07301084858219699
97.45,0.0218765944142385,0.0590836980461081,0.07709677890059004
97.46,0.0218084411207866,0.034778245924624,0.07797804997817416
97.47,0.0217398395613951,0.1005845759896719,0.08190120409406314
97.48,0.02167079226425,0.1076117209699924,0.0802404799421368
97.49,0.0216013017724336,0.1517252673961018,0.07908713214364492
97.5,0.0215313706439734,0.0762621068255503,0.0800624045054676
97.51,0.0214610014515934,0.0662908611383638,0.08614175284613326
97.52,0.0213901967827251,0.0905925605702304,0.0860804155611768
97.53,0.021318959239408,0.0924835290455768,0.08735338395708829
97.54,0.0212472914381076,0.06143927894533,0.08613428231224714
97.55,0.02117519600979,0.1284932316504081,0.08677796725657057
97.56,0.0211026755996907,0.0819823328524135,0.08662522289051211
97.57,0.0210297328672323,0.1552414547716334,0.08737849236950379
97.58,0.0209563704860485,0.0334953543304929,0.08357210439099776
97.59,0.0208825911437837,0.0506201612130777,0.08364716282441469
97.6,0.0208083975419631,0.0806979535904523,0.08132092922581848
97.61,0.0207337923960534,0.1646037537569838,0.07991720754281419
97.62,0.0206587784352521,0.0809637104009672,0.0799609229621524
97.63,0.0205833584024081,0.0612723540312886,0.08077878761418275
97.64,0.0205075350539499,0.0807446934088346,0.07943084934598449
97.65,0.0204313111597395,0.0633704675298803,0.08119220273041872
97.66,0.0203546895030909,0.0558760663588806,0.07707999950355869
97.67,0.0202776728805559,0.0505969049834491,0.07162510796183874
97.68,0.0202002641018189,0.0206504284410453,0.06458904811014012
97.69,0.0201224659897469,0.1091879480717481,0.06579953305641725
97.7,0.0200442813801618,0.1028743618255813,0.0660501751772512
97.71,0.019965713121714,0.0467839514824602,0.06287866354922605
97.72,0.0198867640759325,0.0672088849444664,0.05806078032903835
97.73,0.0198074371169976,0.1077677182628678,0.05932787467582172
97.74,0.0197277351316485,0.0641768254134132,0.05933097622023086
97.75,0.0196476610191856,0.0984277000184486,0.06004879611325301
97.76,0.019567217691252,0.0421369638863477,0.0602266670723367
97.77,0.0194864080718004,-0.0325703895237057,0.0600851671843251
97.78,0.019405235096967,0.0074841978859623,0.05886591865766114
97.79,0.0193237017149391,0.0589155382023131,0.062066761170495935
97.8,0.0192418108859684,0.0558836457505904,0.06055706196253905
97.81,0.0191595655821413,0.0140962094019241,0.05788037686273204
97.82,0.0190769687872904,0.0634282061330421,0.05874395384467019
97.83,0.0189940234969904,0.107572691683418,0.05969345481899218
97.84,0.0189107327183607,0.0613374864638807,0.0594635656312323
97.85,0.0188270994699507,0.0958189111622996,0.06184547749482069
97.86,0.018743126781745,0.0671057576706377,0.060112112334391496
97.87,0.0186588176949234,0.0529045687106371,0.059220127305353115
97.88,0.0185741752618442,0.0249926859235059,0.06632446673042354
97.89,0.0184892025459307,0.0878681212105759,0.07217826495245756
97.9,0.0184039026214846,0.0774842647046537,0.07417403898206978
97.91,0.0183182785737201,0.0466639747296342,0.07582026742397233
97.92,0.0182323334985412,0.0649190681031613,0.0777779820909455
97.93,0.0181460705024338,0.087148405405228,0.08035329796067174
97.94,0.0180594927024685,0.1029400453199102,0.07985827945561123
97.95,0.0179726032260768,0.1141969745487695,0.08168270709888736
97.96,0.0178854052109572,0.0620270316494355,0.078739717455741
97.97,0.017797901805075,0.0234052782765419,0.08065408256966469
97.98,0.0177100961664206,0.1166207384027731,0.07970608305047022
97.99,0.0176219914629238,0.1304139605486769,0.08268101679557613
98.0,0.0175335908724427,0.1008267928241695,0.08311970246867603
98.01,0.0174448975825386,0.0904544430305438,0.08413800210462472
98.02,0.017355914790415,0.0552082174083609,0.08363983282073613
98.03,0.0172666457028236,0.1175098393972933,0.08357833600231608
98.04,0.017177093535875,0.0971773030771473,0.08296913652185631
98.05,0.017087261515053,0.0996504669726793,0.08079849671482318
98.06,0.0169971528750118,0.034016128656226,0.07660945590104201
98.07,0.01690677085944,0.1073074250630352,0.0761430495545137
98.08,0.0168161187210691,0.0329965788075533,0.07896253797439969
98.09,0.0167251997214429,0.0874662945707301,0.07716692654000198
98.1,0.0166340171308149,0.0970805203456737,0.07248816815388928
98.11,0.0165425742281427,0.0988685570595759,0.07137892331051816
98.12,0.0164508743008467,0.0362024197679739,0.06946023359772102
98.13,0.01635892064476,0.0636276349163404,0.07091479645841373
98.14,0.0162667165640117,0.074355216315573,0.07092148113124523
98.15,0.0161742653708607,0.0573566093722146,0.07210104082212523
98.16,0.0160815703856925,0.0262271174593647,0.06813128189806204
98.17,0.0159886349367976,0.0522324983723409,0.07177806652189386
98.18,0.0158954623602602,0.0826145350941474,0.06837840899748857
98.19,0.0158020559999444,0.0789128982804215,0.06979336901267172
98.2,0.0157084192072831,0.0321600344403102,0.07044513272606545
98.21,0.015614555341134,0.077532651113376,0.06842846887934663
98.22,0.0155204677677933,0.0501619590618038,0.0663839881451727
98.23,0.0154261598607902,0.0857540374829077,0.06796904962195059
98.24,0.0153316350007259,0.1176502175267551,0.07179114162391205
98.25,0.0152368965752852,0.1219480565856273,0.07319211236179114
98.26,0.0151419479790082,0.0162855295673522,0.07623433185094967
98.27,0.0150467926132186,0.1105986057566943,0.07795956012243369
98.28,0.0149514338859096,0.0359146170505237,0.08088984081270285
98.29,0.0148558752115779,0.0627107391263995,0.0810932869258517
98.3,0.0147601200112118,0.1011533325519986,0.08150542558715924
98.31,0.0146641717120449,0.0547305795645784,0.08322097274587797
98.32,0.0145680337474862,0.0559344616419235,0.08587889178586648
98.33,0.0144717095570873,0.0694887107803097,0.08528386490496101
98.34,0.0143752025862836,0.1438915669575309,0.08087724489815258
98.35,0.0142785162863257,0.1037756018110338,0.07949403325054048
98.36,0.0141816541142369,0.121243218644544,0.07758658944810726
98.37,0.0140846195325727,0.0624569111605287,0.07780629738216038
98.38,0.0139874160093839,0.1137683928679935,0.07222502761425947
98.39,0.0138900470180725,0.0868869034702733,0.07431931017566444
98.4,0.0137925160372198,0.0875678101678799,0.07406439841699959
98.41,0.0136948265505892,0.0681865247734034,0.07295431007475156
98.42,0.0135969820468928,0.1333489509531349,0.072861320699906
98.43,0.0134989860196776,0.0376663945627889,0.07368778306397619
98.44,0.0134008419672981,-0.0067849826600695,0.07255373958103374
98.45,0.0133025533927022,0.0886027729269012,0.06820477380876404
98.46,0.0132041238033092,0.0818917367345297,0.0675609423233204
98.47,0.0131055567109794,0.0208993961824677,0.06646209341665121
98.48,0.0130068556317974,-0.0066080593692247,0.06818464950533701
98.49,0.0129080240859613,0.079894550840028,0.06674608154089572
98.5,0.0128090655977408,0.0573575921944377,0.0658767994989682
98.51,0.0127099836952609,0.0778414773647899,0.06401874867404844
98.52,0.0126107819104243,0.0527778026928217,0.06213266935845145
98.53,0.0125114637787887,0.0732901712873972,0.05703514782621774
98.54,0.0124120328394122,0.0456737976385184,0.05908448454381691
98.55,0.0123124926348,0.052563285739867,0.06503973804873904
98.56,0.0122128467107129,0.0902551406167173,0.06365670312844858
98.57,0.0121130986160455,0.0981673916044912,0.06194342333352113
98.58,0.012013251902776,0.0986305890229304,0.0643296619471683
98.59,0.011913310125769,0.0835584656147266,0.0667534477550326
98.6,0.0118132768426593,0.0686319805897953,0.06880372751490668
98.61,0.0117131556137878,0.0485487428445649,0.06954284677951386
98.62,0.0116129500020017,0.0285788591458667,0.06974011850716592
98.63,0.0115126635725881,0.0263009987762268,0.07160761144855192
98.64,0.0114122998931293,0.0807024656323716,0.06877645297235324
98.65,0.0113118625333419,0.1182753409432951,0.06876958200175591
98.66,0.0112113550650438,0.0595590396008018,0.07042611322726611
98.67,0.011110781061957,0.0459128610410533,0.0676470046773121
98.68,0.0110101440995741,0.071010407069058,0.0635261605182346
98.69,0.010909447755103,0.0442914425959255,0.06151421112456662
98.7,0.0108086956072978,0.1229504257973839,0.06097045002407272
98.71,0.0107078912363084,0.0728790967511885,0.06144755417029017
98.72,0.0106070382236339,0.0819841836454832,0.06235827803356542
98.73,0.0105061401519335,0.0919951544619274,0.06501427978772759
98.74,0.010405200604896,0.013835843287225,0.06842997914831266
98.75,0.0103042231671929,0.0455295072559746,0.06611089716824237
98.76,0.0102032114242728,0.0873504414755811,0.0633099517979011
98.77,0.0101021689622698,0.0318938610676833,0.06382291747490304
98.78,0.0100010993678872,0.0116296642638637,0.0681972329024919
98.79,0.0099000062282389,0.0563796517559028,0.07106340019455357
98.8,0.0097988931307857,0.0721394825043545,0.07122207537861394
98.81,0.0096977636631578,0.0786511676603618,0.07001693950476724
98.82,0.0095966214130244,0.0676739439733452,0.0680584731384119
98.83,0.0094954699680349,0.0843548959832722,0.06650700186510491
98.84,0.0093943129156365,0.0980306853485135,0.06680182213273689
98.85,0.0092931538429374,0.0320017440508953,0.06817880139006814
98.86,0.0091919963366576,0.0594554881661283,0.07161424495179733
98.87,0.0090908439829284,0.0703313188178426,0.06988816397127218
98.88,0.008989700367204,0.1377734850204192,0.07221986407238593
98.89,0.0088885690741391,0.1311999202023534,0.075144066112379
98.9,0.0087874536874255,0.0476236214611931,0.07697401711017275
98.91,0.0086863577897527,0.0976425724466033,0.07549378571997745
98.92,0.008585284962595,0.0317513030577264,0.07397220847449708
98.93,0.008484238786105,0.0494032869060365,0.07409666778442385
98.94,0.008383222839059,0.0981863800821989,0.07367009224799653
98.95,0.008282240698651,0.0427524076911814,0.07285987638126286
98.96,0.0081812959403765,0.1176738220522875,0.07659590980939383
98.97,0.0080803921379823,0.0511027408845529,0.0795811068013933
98.98,0.0079795328632642,0.080859563191072,0.07844588343651213
98.99,0.0078787216859499,0.0730379071037182,0.06951784226772396
99.0,0.0077779621736412,0.0948086227095714,0.06767757345997727
99.01,0.0076772578916139,0.0410546233102531,0.06910012611380116
99.02,0.0075766124027376,0.0466980455052743,0.06725252721066903
99.03,0.0074760292673448,0.0702875894818074,0.06717363274234901
99.04,0.0073755120430757,0.0753968097182982,0.06722424026838215
99.05,0.0072750642848201,0.0810161521471066,0.06415632169186261
99.06,0.0071746895445479,0.1104584460416457,0.06689128855160782
99.07,0.0070743913711618,0.1221446249981173,0.06770295806403452
99.08,0.0069741733104533,0.0464916281553378,0.06889603464859885
99.09,0.0068740389049137,-0.049715379524132,0.06771056085685408
99.1,0.0067739916936176,0.0925542752396725,0.0676867083038707
99.11,0.006674035212148,0.0774972271914949,0.06519286976571176
99.12,0.0065741729924073,0.0588429954808285,0.06689210724554279
99.13,0.0064744085625512,0.0300945192230063,0.06846789587899504
99.14,0.0063747454468354,0.0504660449527322,0.06950936510531103
99.15,0.0062751871654859,0.0337600899752885,0.07207980859806129
99.16,0.0061757372346288,0.1001867117458309,0.07092384200171786
99.17,0.006076399166105,0.1347188818132481,0.06728738887135485
99.18,0.0059771764673643,0.076157349160404,0.06592644947988058
99.19,0.0058780726413965,0.0559646135644319,0.06422025730830258
99.2,0.0057790911865501,0.0725370034910673,0.06988026839794217
99.21,0.0056802355964086,0.0424380134082336,0.06652544542498327
99.22,0.0055815093597172,0.0767386103867047,0.06447350784435832
99.23,0.0054829159602337,0.0797896068077714,0.06444411304259359
99.24,0.005384458876595,0.0921584432344432,0.06846635176176588
99.25,0.005286141582228,0.1293761230660537,0.07036666256474919
99.26,0.0051879675452032,0.0567408536238947,0.07223580475567769
99.27,0.0050899402281312,0.0340929303040224,0.06735963990378294
99.28,0.0049920630880412,0.0935648977771575,0.06144981698873875
99.29,0.0048943395762307,0.0106615925522001,0.06387328233198672
99.3,0.0047967731381964,0.0691448533582992,0.06338538230698013
99.31,0.004699367213487,0.0221029928075359,0.060992342605059466
99.32,0.0046021252355699,0.0344065379983706,0.062405875577590135
99.33,0.0045050506317534,0.0582257046437694,0.06101573716143939
99.34,0.0044081468230317,0.1145615323256243,0.05669936418282977
99.35,0.0043114172239622,0.0903725718153819,0.05371987609541116
99.36,0.0042148652425966,0.0730120759847867,0.04878402645726186
99.37,0.0041184942803168,-0.0022127501439589,0.04634832503727609
99.38,0.0040223077317214,0.0106126005973201,0.04719971872017069
99.39,0.0039263089845226,0.1270501213686113,0.04437294719049311
99.4,0.0038305014194217,0.0457187130392936,0.045963069608274544
99.41,0.0037348884100008,0.0222831697507333,0.046385860229332006
99.42,0.0036394733225947,0.0721222058313777,0.04815542456138069
99.43,0.0035442595161749,0.047545703647539,0.04744800792476662
99.44,0.0034492503422411,-0.0108542257430306,0.04451022286415208
99.45,0.003354449144699,0.0295891933986523,0.03843134391753768
99.46,0.0032598592597465,0.0257232806649186,0.03765747828963256
99.47,0.0031654840157713,0.0055911238041934,0.03780989096435973
99.48,0.0030713267331977,0.051972197644809,0.039425840545336696
99.49,0.002977390724404,0.0342026956539284,0.04237643298236319
99.5,0.0028836792936165,0.0440541633256102,0.04027628238074125
99.51,0.0027901957367654,0.0780234564005058,0.0409756929661811
99.52,0.002696943341382,0.0592638437805583,0.0436829717775803
99.53,0.0026039253864906,0.0195507886294752,0.04294440782050313
99.54,0.0025111451424975,-0.003467781629136,0.041224841970789114
99.55,0.0024186058710656,-0.0130949255532782,0.048099200084894364
99.56,0.0023263108250015,0.0741213936293745,0.050578648630757644
99.57,0.002234263248152,0.0762127421540573,0.05176332115645271
99.58,0.0021424663753016,0.0317221910565574,0.05519736898443582
99.59,0.0020509234320342,0.0725750417748765,0.053904421368485105
99.6,0.0019596376346298,0.0829469587345503,0.05995941095726302
99.61,0.001868612189973,0.0604063353335307,0.05916895185529651
99.62,0.0017778502954202,0.0791360247901164,0.05906282936033221
99.63,0.0016873551386853,0.0566123627327572,0.05617448515550725
99.64,0.0015971298977623,0.0114348208035447,0.058980334464904395
99.65,0.0015071777407754,0.1335072946531796,0.06486883978241124
99.66,0.0014175018258871,0.0816576128617812,0.06820710944038781
99.67,0.0013281053011959,0.050601403704515,0.0691697398996048
99.68,0.0012389913046084,0.0777061281918387,0.06666042158053649
99.69,0.0011501629637616,0.0248202977098441,0.06774750171949602
99.7,0.0010616233958732,0.1613574770182644,0.06327070476861672
99.71,0.0009733757076635,0.0274545221843136,0.06012405203231198
99.72,0.0008854229952448,0.0757948840062555,0.058488664675104884
99.73,0.0007977683440074,-0.0013913845207658,0.058373257354312154
99.74,0.0007104148285141,0.0784736241268153,0.05694928648634995
99.75,0.0006233655123866,0.1201908300385079,0.05762198197613215
99.76,0.0005366234482134,0.0570087372642297,0.055030746163923706
99.77,0.0004501916774368,0.0943366332729312,0.05232992937354591
99.78,0.0003640732302523,0.023517057453623,0.05506460840775495
99.79,0.000278271125495,0.0545508739747074,0.057671606871952476
99.8,0.0001927883705316,-0.0214376941935889,0.061880953086060266
99.81,0.0001076279611933,0.0168672512721507,0.05470658890185098
99.82,2.2792881618216576e-05,0.0260632008321817,0.05806704459804339
99.83,-6.17138958297625e-05,0.076712471053469,0.05702026103436678
99.84,-0.0001458894106437,0.0267089745055508,0.059342701846657665
99.85,-0.0002297307143045,0.0255614260889709,0.057201431998095534
99.86,-0.0003132348703666,0.0790913425968024,0.053520154882124346
99.87,-0.0003963989545691,0.0249404602638475,0.05228493655014424
99.88,-0.0004792200549275,0.1080296634229049,0.05200635373911904
99.89,-0.0005616952718445,0.1324530959399869,0.05196569916465936
99.9,-0.0006438217181992,0.1132165682061073,0.05342145384525609
99.91,-0.0007255965194574,0.0106958291498697,0.05774566017933481
99.92,-0.0008070168137697,0.0980240918043542,0.06025042742634899
99.93,-0.0008880797520677,0.0538124291690467,0.05767067800854214
99.94,-0.0009687824981619,0.0473798725373427,0.05944624695043524
99.95,-0.0010491222288383,0.0335069573070105,0.06041858966806188
99.96,-0.0011290961339588,0.042884010603113,0.058526821927599976
99.97,-0.0012087014165607,0.0310691522926474,0.05584601741819034
99.98,-0.0012879352929567,0.0884863942414021,0.05892899658215639
99.99,-0.0013667949928075,0.0226633113899697,0.054135500314484386
100.0,-0.0014452777592544,0.0851217222672386,0.053285207619869844
100.01,-0.0015233808489972,0.0693706388220642,0.04826733012933367
100.02,-0.0016011015323724,0.0694673634594486,0.048975494890754
100.03,-0.0016784370934774,-0.0281115369417622,0.044718625960130536
100.04,-0.0017553848302459,0.113999418833224,0.04405522609327752
100.05,-0.0018319420545503,0.0471281715757105,0.04360209527091731
100.06,-0.0019081060922881,-0.0141656964607292,0.045068724009184165
100.07,-0.0019838742834649,0.0227944478992,0.04286499162164957
100.08,-0.0020592439823108,0.0896830227071347,0.044849659511931546
100.09,-0.0021342125573697,0.0073662418017928,0.044473322244661884
100.1,-0.0022087773915685,0.1145969493530812,0.046109640591245886
100.11,-0.0022829358823195,0.0078411409048481,0.04376923404449729
100.12,-0.0023566854416096,0.0255672891396963,0.03951749914127697
100.13,-0.0024300234960916,0.0086298442612616,0.03679791201558299
100.14,-0.0025029474871873,0.0398810319651333,0.03951867616476442
100.15,-0.0025754548711426,0.0378641252677784,0.03696053255193809
100.16,-0.0026475431191441,0.0643061608106144,0.039364880853133645
100.17,-0.0027192097173833,-0.0033943695351135,0.04368730830141502
100.18,-0.0027904521671701,0.0727471779885688,0.044038540693643886
100.19,-0.0028612679850187,0.0805833116287391,0.04158470080514512
100.2,-0.0029316547027008,0.057025996668234,0.04000363832740705
100.21,-0.0030016098673535,0.035973184785518,0.03308949086533627
100.22,-0.0030711310415654,-0.0199157941455626,0.032486741108691854
100.23,-0.003140215803471,0.0123560338198751,0.03373770489172005
100.24,-0.0032088617468006,0.0290245101910479,0.03632761931513167
100.25,-0.0032770664809972,0.060278402963871,0.03884210114844814
100.26,-0.0033448276312769,0.0976194859008172,0.04487134262973236
100.27,-0.0034121428387212,0.0766052799531796,0.04378435283150736
100.28,-0.003479009760382,0.0301703281360062,0.04525521966954396
100.29,-0.0035454260693096,0.0381523850486606,0.0462790602751936
100.3,-0.0036113894546691,-0.0258360702307067,0.04752351040787243
100.31,-0.0036768976218237,-0.0306001473504052,0.04656171673648203
100.32,-0.0037419482923933,-0.0048166039846846,0.04700286762110268
100.33,-0.0038065392043568,0.0518375285832885,0.05217873234454753
100.34,-0.0038706681120992,0.0630180471529055,0.057094094004126225
100.35,-0.0039343327865148,0.0926851504647793,0.061115064079122296
100.36,-0.0039975310150902,0.1644781963747469,0.061508450088462965
100.37,-0.0040602606019568,0.0414793750478895,0.062016403670484964
100.38,-0.0041225193679828,0.027493834063655,0.06214888606372525
100.39,-0.0041843051508339,0.0942478307072113,0.063234916834929
100.4,-0.0042456158050652,0.1067167644149946,0.06568373780061905
100.41,-0.0043064492021932,0.0368283295690356,0.06972341735809093
100.42,-0.0043668032307681,0.0452373533625516,0.07519799350331158
100.43,-0.0044266757964123,0.0887773650467792,0.07698328227566685
100.44,-0.0044860648219485,0.1155786286710279,0.0766856105875742
100.45,-0.0045449682474663,0.113464881765965,0.0727904290525803
100.46,-0.0046033840303383,0.0685395091600251,0.07122742151836778
100.47,-0.0046613101453457,0.1082865111232792,0.06370409331827333
100.48,-0.0047187445847252,0.0793874102112256,0.0638171614002333
100.49,-0.0047756853582381,0.0529769743312851,0.06425277330600619
100.5,-0.0048321304932541,0.0895776253281514,0.060201801040484476
100.51,-0.0048880780347981,0.0589972004762029,0.06024578975638114
100.52,-0.0049435260456476,0.0843659516992285,0.05887125709511051
100.53,-0.0049984726063517,0.032674460234776,0.05812358340423772
100.54,-0.0050529158153289,0.045586423133343,0.05715465027253397
100.55,-0.0051068537889775,-0.0187807650819662,0.05489129119104373
100.56,-0.005160284661651,0.0598619922463161,0.05078345883077846
100.57,-0.005213206585769,0.0064883041727632,0.05117996358016371
100.58,-0.0052656177318921,0.0438538047690494,0.04727988966356887
100.59,-0.0053175162887719,0.0366416840848853,0.04764384572282006
100.6,-0.0053689004633816,0.0091774131312554,0.04832835903624073
100.61,-0.005419768481038,0.1076405274488246,0.045275085600673504
100.62,-0.0054701185854488,0.0079631436823524,0.04367388761785208
100.63,-0.0055199490387292,0.0295362058542231,0.0413447421812578
100.64,-0.0055692581215044,0.0684297692810003,0.04153610837022981
100.65,-0.0056180441329406,0.0680480879597329,0.038130330265024374
100.66,-0.005666305390839,0.0272004022003945,0.042861846207546905
100.67,-0.0057140402316746,0.0768661088971153,0.04116252339395624
100.68,-0.0057612470106382,0.0263849588747875,0.03931923288987596
100.69,-0.0058079241017333,0.0870304874555004,0.03992372894276721
100.7,-0.0058540698977677,0.0673517539131192,0.03784953342464692
100.71,-0.0058996828104701,0.0254588831812397,0.03736505699552758
100.72,-0.005944761270557,0.025372042836953,0.03305042469848202
100.73,-0.0059893037277103,0.0354538975307488,0.03565338324962323
100.74,-0.0060333086506825,0.036693150203188,0.03854148729228575
100.75,-0.0060767745273526,-0.025934917075971,0.035094884583738946
100.76,-0.006119699864765,0.0805810697110069,0.03463057509460696
100.77,-0.0061620831891845,0.0241762131609123,0.03518160510976974
100.78,-0.0062039230461524,-0.0322207964129229,0.03391980508416349
100.79,-0.0062452180004946,0.0565482218797657,0.034667768755208384
100.8,-0.0062859666364462,-0.0069164217956407,0.030724793555285228
100.81,-0.0063261675576742,-0.000996591880251,0.033851778053548595
100.82,-0.0063658193872689,0.0170332492108681,0.03600502320302009
100.83,-0.0064049207678718,0.0626252732563178,0.03483939375521895
100.84,-0.0064434703616722,0.0901863907501359,0.034609426749776746
100.85,-0.0064814668504553,-0.0039488875984826,0.0367428764392852
100.86,-0.0065189089356987,0.0582975886879612,0.04017077376638541
100.87,-0.0065557953385364,0.0387720325188129,0.036360297412515265
100.88,-0.006592124799859,0.0503683083593841,0.041142406326525244
100.89,-0.0066278960803745,0.0420921959667302,0.044416666852871454
100.9,-0.0066631079605861,0.0042280082571142,0.043226581357655385
100.91,-0.0066977592408756,0.1330184283766499,0.04873508525194291
100.92,-0.0067318487415451,0.0706770313201411,0.049672661381682914
100.93,-0.0067653753028473,0.000893824433129,0.052221153361030226
100.94,-0.0067983377850355,0.0306245904164625,0.05279065654515902
100.95,-0.0068307350684027,0.0814955936828656,0.051923260880353664
100.96,-0.0068625660532672,0.0460509267931334,0.05524061396348423
100.97,-0.0068938296601095,0.0005610662797339,0.05481888342617114
100.98,-0.0069245248295657,0.1246005003551218,0.054077218683855524
100.99,-0.0069546505224116,0.0365386746403476,0.0528341102185383
101.0,-0.0069842057196706,0.0315564264802282,0.054560069327397556
101.01,-0.0070131894226166,0.1087621599843972,0.05409311275865376
101.02,-0.0070416006528128,0.0186925068442892,0.0510970916457014
101.03,-0.0070694384521535,0.0705515807771617,0.0506790655200677
101.04,-0.0070967018828749,0.0745848401230225,0.052461973644588544
101.05,-0.0071233900276218,0.0719710817892232,0.05327023710499344
101.06,-0.0071495019894368,0.0657155271472595,0.0536882808958483
101.07,-0.0071750368918183,0.0494412474043862,0.053816940266649106
101.08,-0.0071999938787897,0.0231970729301851,0.05649679058296399
101.09,-0.0072243721148335,0.0242630305877223,0.05142597568690566
101.1,-0.007248170784993,0.0783373372527745,0.05576344295731255
101.11,-0.00727138909489,-0.0055780796865056,0.059178195042398796
101.12,-0.0072940262707266,0.0701019850046505,0.05506134281327711
101.13,-0.007316081559347,0.0618984826818335,0.05514433931708632
101.14,-0.0073375542282094,0.0383348950480665,0.052338921738287636
101.15,-0.0073584435654722,0.0475981230849655,0.05049871809129837
101.16,-0.0073787488800214,0.0902745132908177,0.053887879269891456
101.17,-0.0073984695014128,0.0487527735799503,0.051433257661508636
101.18,-0.0074176047799662,0.0568379229223463,0.052003916958607795
101.19,-0.0074361540867956,0.018113387537897,0.051990558052613274
101.2,-0.0074541168137709,0.1276254873188921,0.052145835645659604
101.21,-0.0074714923735841,0.1032662202670396,0.05055778546831259
101.22,-0.0074882801997799,0.0223082631728419,0.05339582170325467
101.23,-0.0075044797467116,0.0204354334242824,0.050725148532133
101.24,-0.0075200904896294,0.0116378116223894,0.050447392331219136
101.25,-0.0075351119246891,0.0359405635362476,0.05093602653084706
101.26,-0.007549543568916,0.1431434665396782,0.050255933055040156
101.27,-0.0075633849602851,0.0141684733712205,0.0487112981734939
101.28,-0.0075766356576911,0.0614250926434685,0.04797956521647316
101.29,-0.0075892952409811,0.0229165359043001,0.047759347450543194
101.3,-0.0076013633109911,0.0275238600416952,0.04932670284439566
101.31,-0.0076128394895264,0.0449882835284873,0.04468086656995643
101.32,-0.0076237234193615,0.0540206812472779,0.042092542950939615
101.33,-0.0076340147643155,0.0140178484110954,0.04488029577545022
101.34,-0.007643713209221,0.0560656024626425,0.05049254142122073
101.35,-0.0076528184599133,0.0485962132402529,0.05456444152638739
101.36,-0.0076613302433053,0.0333161600930204,0.05439736724177541
101.37,-0.0076692483073181,0.0578371807783465,0.04807254442542001
101.38,-0.0076765724209559,0.0333863814825148,0.05313863456610585
101.39,-0.0076833023743005,0.052213349837817,0.05152657966035561
101.4,-0.0076894379784503,0.0510278508087986,0.05313009449950178
101.41,-0.0076949790656338,0.0300629255556683,0.05424449595257604
101.42,-0.0076999254891685,0.0489114242676864,0.05696704589212122
101.43,-0.0077042771234187,0.0808510724875648,0.057342497161023125
101.44,-0.0077080338638818,0.138292591985463,0.06089164638248555
101.45,-0.0077111956271413,0.0971477138308894,0.061426437901534535
101.46,-0.007713762350861,0.0324320035593959,0.061289024483916765
101.47,-0.0077157339938349,0.0103221873962147,0.06298091674331059
101.48,-0.007717110535968,0.120556366325623,0.06419430056346075
101.49,-0.0077178919782094,0.0275719396227137,0.06485316489022971
101.5,-0.0077180783426666,0.0565903475263699,0.06448126226965169
101.51,-0.0077176696725606,0.0509262905562545,0.061965548990060425
101.52,-0.0077166660321786,0.1021618322589357,0.06435423509899907
101.53,-0.0077150675069248,0.0619051578942184,0.06323066552790729
101.54,-0.0077128742032833,0.0885499820618063,0.06172202076537059
101.55,-0.0077100862488577,0.067296224362671,0.05702431752453465
101.56,-0.0077067037923178,0.0457105314702799,0.056344218090451106
101.57,-0.0077027270034196,0.0688458975402906,0.05522035300498675
101.58,-0.0076981560730216,0.0833182410014997,0.0584560968228256
101.59,-0.0076929912130097,0.0472225323446635,0.055636004853924295
101.6,-0.007687232656342,0.0444033948056782,0.05553095101030971
101.61,-0.0076808806570766,-0.001802128062618,0.057732671540461016
101.62,-0.0076739354902738,0.0802253338433798,0.0588540545891174
101.63,-0.0076663974520357,0.0253164632747592,0.058712330664336676
101.64,-0.0076582668595059,0.0491695324742941,0.056953070859862086
101.65,-0.0076495440508195,0.0396408239279083,0.05541953090917873
101.66,-0.0076402293851474,0.0828656257151349,0.05299064293603538
101.67,-0.0076303232426161,0.0088308367646443,0.054196964487775195
101.68,-0.0076198260243326,0.0782728075708307,0.05109526388974104
101.69,-0.0076087381524092,0.0613344349786957,0.048030950063117805
101.7,-0.0075970600698693,0.0253658089068074,0.04687772511518368
101.71,-0.0075847922406668,0.1028264786595472,0.04811494157365437
101.72,-0.0075719351496972,0.0744753345780387,0.048801896338022156
101.73,-0.0075584893027419,0.0991856298385402,0.04427252559636086
101.74,-0.0075444552264547,0.024960702000252,0.04624075553466848
101.75,-0.0075298334683893,0.0563456430974558,0.04594361615874083
101.76,-0.007514624596891,0.016289576926661,0.046565856139657726
101.77,-0.0074988292011607,0.0710432840568157,0.04529842462920923
101.78,-0.0074824478912355,0.0037101849815733,0.05096399716558904
101.79,-0.0074654812978802,0.0189676506424119,0.047237316183687886
101.8,-0.0074479300726515,0.0230048084380468,0.04416299380196517
101.81,-0.0074297948878448,0.0703849404335628,0.045852862525896244
101.82,-0.0074110764364559,0.0126239219891052,0.04491501567055275
101.83,-0.0073917754322,-0.0148914517315072,0.04328393133671131
101.84,-0.0073718926094396,0.0666492919792192,0.04165066466311248
101.85,-0.0073514287231568,0.0429296055798135,0.04207151319268792
101.86,-0.0073303845489897,0.0527078635271632,0.042442371953833984
101.87,-0.0073087608831567,0.0562495639957164,0.04546006599222649
101.88,-0.0072865585424269,0.1278078600286203,0.04173868019344726
101.89,-0.0072637783640999,1.250695090655729e-05,0.04501071345324671
101.9,-0.0072404212059756,-0.0032263350374813,0.04620155135252159
101.91,-0.0072164879463515,0.0608530521093599,0.04574117857823565
101.92,-0.0071919794839531,0.0831316946973338,0.04256452672777862
101.93,-0.0071668967378812,0.0402225635673684,0.04511091242366952
101.94,-0.0071412406476678,0.0648870296929648,0.04782580923663551
101.95,-0.0071150121731949,0.0337985211213362,0.046581247588614864
101.96,-0.0070882122946147,0.0641336770815232,0.047678200809368874
101.97,-0.007060842012399,0.0796611517329037,0.05071785609859882
101.98,-0.0070329023472454,-0.0071058177175482,0.05275211824713927
101.99,-0.0070043943400488,0.0724228834373617,0.05110229685086516
102.0,-0.0069753190519078,0.0439752465271843,0.05260372832129475
102.01,-0.0069456775640436,0.0133369801780421,0.054229062737280974
102.02,-0.0069154709777835,0.0036752515739652,0.05242504309477656
102.03,-0.0068847004144889,0.0660980216028141,0.05273922383974443
102.04,-0.0068533670155607,0.0421213813407786,0.05320190261651996
102.05,-0.0068214719424031,0.0405134973707857,0.05156193782200751
102.06,-0.0067890163763406,0.0659656232156477,0.04983053500168691
102.07,-0.0067560015185957,0.116540624600992,0.04569842099507221
102.08,-0.0067224285902584,0.0989690691150659,0.04516399591838832
102.09,-0.0066882988322386,0.0931616107068639,0.04685331858312475
102.1,-0.0066536135052058,0.0315425678299282,0.04497560099079832
102.11,-0.006618373889583,0.0309056876982292,0.04692390699229419
102.12,-0.0065825812854497,0.0229686396167672,0.04787980990882643
102.13,-0.0065462370125446,0.089729490341659,0.04554883689416728
102.14,-0.0065093424102102,0.0499388178796548,0.044759553016767054
102.15,-0.006471898837318,0.0304477690082032,0.04623723964855147
102.16,-0.0064339076722513,-0.0025609381053964,0.04751074343533356
102.17,-0.0063953703128422,-0.0226407170573856,0.044811954355365946
102.18,-0.0063562881763318,0.0684382251225421,0.040657180889298296
102.19,-0.0063166626993238,0.0283699582419169,0.038678651361005664
102.2,-0.0062764953377009,0.0329908139985067,0.03478953485045054
102.21,-0.0062357875666135,0.0848896725585975,0.03502522376029175
102.22,-0.0061945408804497,0.0334109414252191,0.036669230811764396
102.23,-0.0061527567927127,-0.0452751817338772,0.03823047906226615
102.24,-0.0061104368360043,0.0495230601774095,0.03404172059066694
102.25,-0.0060675825619999,0.0731528006082514,0.03441554552155751
102.26,-0.0060241955413431,0.0672570768932097,0.03387770058242864
102.27,-0.0059802773636236,0.0092910525363278,0.036987435353066214
102.28,-0.0059358296373351,0.0292903818135712,0.040190736070645036
102.29,-0.0058908539897484,0.0574199490209207,0.043399647810558446
102.3,-0.0058453520669438,0.0114901639852064,0.04456100816684353
102.31,-0.005799325533734,0.0364920349365935,0.04911954745626068
102.32,-0.0057527760735365,0.0654298357791548,0.048379940315439095
102.33,-0.0057057053883979,0.0557548528773041,0.04882290927154612
102.34,-0.0056581151989087,0.0017655624380756,0.05442670125323178
102.35,-0.0056100072441195,0.0577891414283567,0.05684855512044836
102.36,-0.0055613832815104,0.0191530252864969,0.05632075017718182
102.37,-0.0055122450869138,0.0627434920779927,0.05518199664479175
102.38,-0.0054625944544695,0.0446285980117698,0.05947258223086148
102.39,-0.0054124331965332,0.1358253716607236,0.058175868719234934
102.4,-0.0053617631436408,0.0527585257239037,0.05702923185494972
102.41,-0.0053105861444469,0.1287201390762669,0.05795766095559653
102.42,-0.0052589040656358,0.0693579226013441,0.060228951376313976
102.43,-0.0052067187918752,0.0427132895034666,0.05678346152301833
102.44,-0.0051540322257487,0.0724044498815216,0.055457106700302565
102.45,-0.005100846287695,0.1003819913889577,0.06021509896302909
102.46,-0.0050471629158915,0.0620688967996541,0.05973953672631697
102.47,-0.0049929840662682,0.0433432527130181,0.06230868962134043
102.48,-0.004938311712424,0.0993933498437923,0.060432621084958074
102.49,-0.0048831478454802,0.0020593980694137,0.0631711138572449
102.5,-0.0048274944740939,0.0333405748709312,0.06094143600490568
102.51,-0.0047713536243637,0.0309871750987894,0.06327870753004305
102.52,-0.004714727339744,0.0841891337716597,0.05948867408195756
102.53,-0.0046576176809975,-0.0069254511400535,0.057535948488610454
102.54,-0.0046000267261064,0.0279014016002731,0.06260893263934333
102.55,-0.0045419565702226,0.1016833999553326,0.06341468373578459
102.56,-0.0044834093255508,0.047802334457402,0.059696764531886784
102.57,-0.0044243871213128,0.0731052360819897,0.05684764527385712
102.58,-0.0043648921036837,0.0233460528139634,0.05837431261611694
102.59,-0.0043049264356914,0.102136946229793,0.057682831891345314
102.6,-0.004244492297134,0.0890021367615999,0.06311868462495422
102.61,-0.0041835918845267,0.1018412277517885,0.06597247832991864
102.62,-0.0041222274110297,0.0491294366664716,0.06375377331935772
102.63,-0.0040604011063372,0.0283506851410548,0.06264288818889982
102.64,-0.0039981152166468,0.1492459566688569,0.06504982384911653
102.65,-0.0039353720045293,0.089325222906788,0.06500737116527057
102.66,-0.0038721737488922,0.022305688107104,0.06300343423218673
102.67,-0.0038085227449025,0.002237392381031,0.06305824791303791
102.68,-0.0037444213038695,0.0754032669004745,0.06299947494082143
102.69,-0.0036798717531982,0.0848722546235881,0.0624571847673077
102.7,-0.0036148764362864,0.1162123054752006,0.060231631105297265
102.71,-0.0035494377124606,0.0932702426751839,0.057539479980725776
102.72,-0.0034835579568959,-0.0156056301229896,0.053671720702115754
102.73,-0.0034172395604964,0.0608605460320437,0.05505790187467195
102.74,-0.0033504849298648,0.0436201977244976,0.05877072348537322
102.75,-0.0032832964872053,0.0270098952395076,0.05207529443297167
102.76,-0.0032156766702068,0.0596007243605718,0.04936447265580242
102.77,-0.0031476279319875,0.0489534217552769,0.05146292725186511
102.78,-0.0030791527410062,0.071871003665444,0.05183759804942123
102.79,-0.0030102535809761,0.011957959170175,0.05136494780303636
102.8,-0.0029409329507706,0.055400319327574,0.048363514644816884
102.81,-0.002871193364351,0.0324669631455984,0.04574417810096942
102.82,-0.0028010373506554,0.020618282900978,0.04391366681791379
102.83,-0.002730467453535,0.0782392412901518,0.04468291397494223
102.84,-0.0026594862316708,0.1063199389657814,0.04286486924849332
102.85,-0.0025880962584573,0.0086419465684242,0.04511064205408045
102.86,-0.0025163001219241,0.0323979655862339,0.049099491383058726
102.87,-0.0024441004246589,0.0663732346244205,0.04791602372321249
102.88,-0.0023714997837043,0.0101054791297096,0.047363580003396216
102.89,-0.0022985008304721,0.0654776117263921,0.0496257165605945
102.9,-0.0022251062106487,0.0218421583009793,0.050539094440397676
102.91,-0.0021513185841065,0.0612062380544036,0.05088220820856263
102.92,-0.0020771406248037,0.0548295057310157,0.05187682604193142
102.93,-0.0020025750207069,0.0005485601746078,0.053776029818644724
102.94,-0.0019276244736882,0.0226816067766166,0.05351246650720255
102.95,-0.0018522916994334,0.0907814266418271,0.05170579589197823
102.96,-0.0017765794273538,0.1107757311480515,0.053602082419250185
102.97,-0.0017004904004552,0.034747903503801,0.05433685264493429
102.98,-0.0016240273753159,0.037352103639135,0.05433566220858549
102.99,-0.0015471931219146,0.1193758713666079,0.056137711905782935
103.0,-0.0014699904235637,0.0311388946460418,0.05355040047139893
103.01,-0.001392422076854,0.0626057084590379,0.05156009726489439
103.02,-0.0013144908914908,0.053353937646343,0.05107550732350764
103.03,-0.0012361996902326,0.0605015622119575,0.04908787439165233
103.04,-0.0011575513087863,0.0727044117498662,0.048368222228277906
103.05,-0.0010785485957065,0.0683798560460708,0.0538785380358864
103.06,-0.0009991944123044,0.0484639636411352,0.05317018042003928
103.07,-0.0009194916325422,0.0478281403256001,0.04810683734758212
103.08,-0.0008394431429442,0.0663482354610957,0.05189179676113072
103.09,-0.000759051842461,0.0479485227708558,0.051659364022909875
103.1,-0.0006783206424054,0.011144071604328,0.046197115077924185
103.11,-0.0005972524663722,-0.019954209035616,0.047750365277476226
103.12,-0.0005158502500768,0.0510298492852818,0.04710231884563004
103.13,-0.0004341169412752,0.0130892141620543,0.04512926991219429
103.14,-0.0003520554996888,-0.0145641352562553,0.04500864964555331
103.15,-0.000269668896885,0.1383982387363951,0.04301828125073094
103.16,-0.0001869601161469,0.0759059167090377,0.0450387475493124
103.17,-0.0001039321524176,0.0044455266264512,0.04713359417270312
103.18,-2.0588012158984093e-05,0.1142320511883213,0.046416799141802065
103.19,6.30692867320537e-05,0.0324710161364972,0.04660977983004486
103.2,0.0001470367150285,0.0046686435219086,0.04687153767399446
103.21,0.0002313112322932,0.0637571488366347,0.047044318056617046
103.22,0.0003158897869698,0.0489967333902681,0.053870383845209806
103.23,0.0004007693165053,0.0119199100441922,0.05327799678516037
103.24,0.0004859467474277,0.0579685366124968,0.05422568908437648
103.25,0.0005714189954764,0.0309066754585965,0.05796509202761591
103.26,0.0006571829657187,0.1108096483162813,0.05534883411486297
103.27,0.0007432355526248,0.0924557427323404,0.055995071031464984
103.28,0.0008295736401875,0.032775444676678,0.0576963769314219
103.29,0.0009161941020408,0.0704008299141944,0.055467399024021875
103.3,0.0010030938015631,0.0534454374937974,0.05685357295320078
103.31,0.0010902695919912,0.0147724596394022,0.060086787233626246
103.32,0.0011777183165057,0.1233931725248322,0.060064712336717244
103.33,0.0012654368083703,0.0385897210242436,0.058075078463710655
103.34,0.0013534218910288,0.0329907524455924,0.05838794136733934
103.35,0.0014416703782216,0.0639633265517727,0.056385317839511825
103.36,0.0015301790740746,0.0834568225685835,0.05914685208649373
103.37,0.0016189447732239,0.0894768919576798,0.05531776293029365
103.38,0.0017079642609496,0.0401729505255465,0.05482518878356958
103.39,0.0017972343132471,0.0674235151329209,0.05538177751428048
103.4,0.0018867516969667,0.0615806686492542,0.05415720684541593
103.41,0.0019765131699184,0.0725661434108434,0.0528373314062582
103.42,0.0020665154809695,0.0632935760015456,0.055918380306038115
103.43,0.0021567553701834,0.0072144220571297,0.0551443310001179
103.44,0.0022472295689246,0.0184900310203946,0.05686842304695864
103.45,0.0023379347999535,0.015913442528119,0.05735893396068703
103.46,0.0024288677775624,0.0888988946452165,0.05778521437744347
103.47,0.0025200252076779,0.0303987760360797,0.05667392753242614
103.48,0.0026114037879748,0.0821116856511348,0.05256834221502701
103.49,0.0027030002080014,0.0444638080216071,0.05314677348242471
103.5,0.0027948111492759,0.0446848458680386,0.05246030434659005
103.51,0.0028868332854287,0.0257280532714853,0.04954127973017869
103.52,0.0029790632822879,0.0794744865347804,0.048846630022673754
103.53,0.0030714977980128,0.1071381371005075,0.04822309651464186
103.54,0.0031641334832077,0.0747956540078992,0.04996244093360555
103.55,0.0032569669810272,0.0432914816338888,0.04917513521089928
103.56,0.0033499949273152,0.0729152153036578,0.0503865910160222
103.57,0.0034432139506851,0.0601197988232195,0.04906511449918645
103.58,0.0035366206726838,0.0032596002922982,0.052250767897499314
103.59,0.0036302117078751,0.0523200071408981,0.05054533995799814
103.6,0.0037239836639474,0.0530076632803932,0.05048207608953669
103.61,0.0038179331418836,0.0002811517046154,0.05003267797898539
103.62,0.0039120567360245,0.0579784995532397,0.05111567633110688
103.63,0.0040063510342136,0.0501993723328758,0.05122539099933454
103.64,0.0041008126179048,0.0437406548553673,0.049067368368362875
103.65,0.004195438062271,0.0019566108435631,0.05185544606978907
103.66,0.004290223936379,0.0413540144357003,0.049963410882557235
103.67,0.0043851668032363,0.0611478877916656,0.047426123404546945
103.68,0.0044802632199331,0.0972974974006501,0.049217167561635924
103.69,0.0045755097378002,0.04629769892161,0.05318197911594312
103.7,0.004670902902476,0.0431352667839167,0.057693280736189484
103.71,0.0047664392540419,0.035247485546461,0.05877972835465363
103.72,0.0048621153271755,0.0484710186660367,0.06492912232952171
103.73,0.0049579276512279,0.0817784945675614,0.06306753569315196
103.74,0.0050538727503435,0.0618196618501024,0.06371759902439997
103.75,0.0051499471436233,0.1333452857378493,0.06382119481824709
103.76,0.0052461473452114,0.0035587427020203,0.06587612086208779
103.77,0.0053424698644166,0.0196321782654418,0.06745965407381613
103.78,0.0054389112058489,0.0977317261220881,0.06672529062351418
103.79,0.0055354678695246,0.0865206429327493,0.06496753737173949
103.8,0.0056321363510081,0.1470573411660716,0.06660437370940417
103.81,0.0057289131415089,0.0758230632681404,0.06876581453427587
103.82,0.005825794728001,0.1294184251768449,0.07010750748950771
103.83,0.0059227775933978,0.0188851801894751,0.07117602227350299
103.84,0.0060198582166159,0.0638507022890838,0.06963510271555402
103.85,0.0061170330726889,0.045916166526157,0.07192375295940179
103.86,0.0062142986329616,0.0451100577642178,0.06815152730506743
103.87,0.0063116513651428,0.0746082118819955,0.07070246942199092
103.88,0.0064090877334582,0.0457262553353246,0.06797438945868292
103.89,0.0065066041987749,0.0603846791133815,0.06492363729241649
103.9,0.0066041972186903,0.0806712620125684,0.06399441689692088
103.91,0.0067018632477211,0.0885255241062222,0.059470146569367166
103.92,0.0067995987373586,0.06342303760633,0.05895784843231241
103.93,0.0068974001362132,0.0709098291299375,0.05706218146485987
103.94,0.0069952638901804,0.0494191838506331,0.06033322101459123
103.95,0.0070931864424972,0.1098813169709055,0.06188805602737767
103.96,0.0071911642338939,0.0541285469968279,0.06649527350470816
103.97,0.0072891937027419,0.0571285271574132,0.06453538702406343
103.98,0.0073872712851447,-0.037657500964026,0.06473720244304239
103.99,0.0074853934150603,0.0336659306304927,0.06488978402877883
104.0,0.0075835565244514,0.0670070146273417,0.06422560929525967
104.01,0.0076817570433845,0.0520476642874437,0.06400842654238302
104.02,0.0077799914001724,0.0650648023899902,0.06204510144138744
104.03,0.0078782560214873,0.0896094188603418,0.06354671673316736
104.04,0.0079765473324694,0.0875770107338337,0.06151670305634648
104.05,0.0080748617568904,0.0965022375575992,0.06463796240466925
104.06,0.0081731957172481,0.1426677335500973,0.06563847001961984
104.07,0.0082715456348775,0.0039524416706785,0.06751765421284213
104.08,0.0083699079301308,0.0788463356805534,0.06752851155382238
104.09,0.0084682790224499,0.04893046863579,0.07454538581336513
104.1,0.0085666553304747,0.0464370097094792,0.0769684236654996
104.11,0.0086650332722482,0.0761104242021586,0.0765251718450602
104.12,0.0087634092652638,0.0472956969853151,0.0816565113278243
104.13,0.0088617797266293,0.0949569587337082,0.08249472560651606
104.14,0.0089601410731721,0.028279541916699,0.07898396589845653
104.15,0.0090584897215417,0.1149656301654114,0.07872425687042157
104.16,0.0091568220884213,0.1308919768848678,0.07713276050765823
104.17,0.0092551345905633,0.093591415054496,0.07696827491097515
104.18,0.0093534236449172,0.0573565313179984,0.0827411283109792
104.19,0.0094516856688264,0.1096968584863716,0.08174877885782042
104.2,0.0095499170800872,0.0845497255253165,0.0820575671739424
104.21,0.0096481142970672,0.0576987263981148,0.08157047896449957
104.22,0.0097462737388975,0.1598057934254895,0.08144100433398291
104.23,0.0098443918255364,0.0826673022425174,0.08203149729461157
104.24,0.0099424649778828,0.0158834649910918,0.08304076095348248
104.25,0.0100404896179767,0.0821231211450993,0.08436912943124561
104.26,0.0101384621690403,0.063080813939569,0.08178452015723396
104.27,0.0102363790556531,0.1392135360197525,0.07993994564248663
104.28,0.0103342367038627,0.1251823630707637,0.07688543404149233
104.29,0.0104320315412714,0.0580069971642189,0.0803075418419012
104.3,0.0105297599972409,0.0554150232743515,0.07851418014708067
104.31,0.0106274185029509,0.03620815731118,0.0778779874266429
104.32,0.0107250034915212,0.0733914569613088,0.08012911840133624
104.33,0.0108225113981869,0.0596960491585166,0.07805317668853229
104.34,0.0109199386603864,0.1161514955699974,0.07660947478280837
104.35,0.0110172817178594,0.0561752799497252,0.07957414478839235
104.36,0.0111145370128351,0.0606888354111664,0.07975764388063171
104.37,0.0112117009901047,0.0921559120751741,0.07928102237449308
104.38,0.0113087700971681,0.0294466714336154,0.07506977724500108
104.39,0.0114057407843481,0.1292207951265847,0.0698975468233849
104.4,0.0115026095048931,0.0720362628951405,0.07040257572493291
104.41,0.011599372715168,0.0711896783961236,0.07256271814244564
104.42,0.0116960268746996,0.1049724768666749,0.0749166711094955
104.43,0.0117925684463199,0.1162110174566065,0.07022443032045253
104.44,0.0118889938963362,0.052349562222315,0.07001926149646025
104.45,0.0119852996946029,0.0781415351083555,0.0695913487618601
104.46,0.0120814823146353,0.0859766020821259,0.06863158274312875
104.47,0.0121775382337929,0.0530717623106575,0.07032259344057712
104.48,0.0122734639333516,0.0507773883004206,0.06830766150515181
104.49,0.0123692558986088,0.016565524216824,0.07033654964425244
104.5,0.012464910619081,0.0686126040967271,0.06727890259659938
104.51,0.0125604245885507,0.1007780140421187,0.06461923136114056
104.52,0.0126557943052191,0.0856411696192271,0.06498679539545796
104.53,0.0127510162718419,-0.0251455996085937,0.06426104345285977
104.54,0.0128460869958019,0.0553875038546791,0.060663285250438057
104.55,0.0129410029892973,0.1071653281433942,0.05878256760283481
104.56,0.0130357607694198,0.0360201935563665,0.05862832734326885
104.57,0.0131303568582485,0.0962000600575823,0.058042736034309365
104.58,0.013224787783056,0.0498423414312429,0.0609855441852908
104.59,0.0133190500763519,0.0720533223547284,0.06303941191086106
104.6,0.0134131402760057,0.0650102071258704,0.06687246419643672
104.61,0.013507054925449,0.0161831669505052,0.06767879372208715
104.62,0.0136007905736895,0.078908523116789,0.06479622040374197
104.63,0.0136943437754943,0.0897316860721129,0.06698441201745516
104.64,0.0137877110915007,0.0406580952057507,0.0692596455308492
104.65,0.0138808890882913,0.0128544916226467,0.07029595898293711
104.66,0.0139738743386047,0.0749024896574701,0.06450753333800699
104.67,0.0140666634213804,0.0736791845939769,0.06832608169245312
104.68,0.014159252921847,0.1148707334812677,0.06540979504567035
104.69,0.0142516394317671,0.0939086105373959,0.06710471413264514
104.7,0.0143438195494532,0.0970596222139128,0.06803649400738178
104.71,0.0144357898798547,0.0855455241353865,0.0678654742837386
104.72,0.0145275470348232,0.0402439743568696,0.06782700954825005
104.73,0.0146190876330942,0.1315931935072041,0.06873173160394043
104.74,0.014710408300414,0.0226343041726815,0.06868029888836025
104.75,0.0148015056697647,0.0771500863485248,0.07124712202932967
104.76,0.0148923763813646,-0.0143916104001382,0.07177974924391438
104.77,0.0149830170828368,0.1162097089997355,0.07268937875992244
104.78,0.0150734244293182,0.0349580404751441,0.07192839221407255
104.79,0.0151635950835532,0.0854356422577134,0.0721872128175853
104.8,0.0152535257160829,0.0916206997241978,0.07332448115304827
104.81,0.0153432130052727,0.0614187929293633,0.07392804801416533
104.82,0.0154326536374455,0.015375407505246,0.07290257157865734
104.83,0.0155218443070648,0.0979076862862868,0.07375970300358994
104.84,0.0156107817167794,0.0886515990449293,0.0729444457296143
104.85,0.0156994625775092,0.0945613811661087,0.07473055309024138
104.86,0.0157878836086811,0.0240396631289253,0.07423934296691638
104.87,0.0158760415382458,0.0940047094936396,0.07738399344517427
104.88,0.0159639331027944,0.0576984671311291,0.07837800838927042
104.89,0.0160515550477219,0.1203059661550358,0.07972157328147407
104.9,0.0161389041272691,0.1177912455821177,0.07928227629080871
104.91,0.0162259771047251,0.1097345262973712,0.07913401447700175
104.92,0.0163127707524801,0.0640105189897186,0.07818429471166327
104.93,0.016399281852103,0.0582437342804545,0.07925703997475234
104.94,0.016485507194569,0.1144727907537153,0.07848374855775593
104.95,0.0165714435802627,0.0601425587458505,0.07714196343027173
104.96,0.0166570878190969,0.0668346737586994,0.07545391670732605
104.97,0.0167424367307322,0.0516460496432779,0.08009223948644113
104.98,0.016827487144555,0.1370840228257543,0.07726233209211995
104.99,0.0169122358998241,0.0631729032114211,0.0771082559456056
105.0,0.0169966798458598,0.0762104054537406,0.07492399838410077
105.01,0.017080815842041,0.0885072016342516,0.06893632701449329
105.02,0.0171646407579856,0.0414746778572555,0.06846788422410784
105.03,0.017248151473645,0.0379030580301162,0.06768431295835546
105.04,0.017331344879351,0.0816685665293622,0.07147748198232329
105.05,0.0174142178760577,0.0604741113677613,0.06992705752786331
105.06,0.0174967673753412,0.0591123999842492,0.0702728489065273
105.07,0.0175789902994855,0.1214444414903423,0.06927012508864194
105.08,0.0176608835817076,0.0345766542128948,0.07075576771553971
105.09,0.0177424441661827,0.0544628680543275,0.06677405764625463
105.1,0.0178236690081101,0.0744365573634343,0.06727665914083929
105.11,0.0179045550739359,-0.0079498531796394,0.06673783190500729
105.12,0.0179850993413666,0.0998972276992768,0.06852682510453531
105.13,0.0180652987994911,0.0475555224089187,0.07414752920360083
105.14,0.0181451504489282,0.1379002837837789,0.07460363175430969
105.15,0.018224651301843,0.0819138772100558,0.07420336975360342
105.16,0.0183037983821771,0.0674041776977942,0.07586274367950907
105.17,0.0183825887256489,0.0457774735831068,0.07643612148696653
105.18,0.018461019379834,0.0828445448081313,0.07602799663364139
105.19,0.018539087404415,0.0534681113707678,0.07970720969452912
105.2,0.0186167898711647,0.0737275345976987,0.08193641662827063
105.21,0.0186941238639964,0.0648950335012686,0.08238236815900116
105.22,0.0187710864792384,0.1260760588243401,0.08595320399936465
105.23,0.0188476748256255,0.1595094639376317,0.08522809600662927
105.24,0.018923886024344,0.0474812115950019,0.08597695752777303
105.25,0.0189997172092837,0.0732630645145307,0.08348289833451869
105.26,0.0190751655270021,0.0953209638117799,0.0853428303461834
105.27,0.0191502281368993,0.0711533339408558,0.08714854805361698
105.28,0.0192249022112983,0.1128738195705141,0.08801456348803252
105.29,0.0192991849354784,0.1118401284915374,0.08785054068245238
105.3,0.0193730735079306,0.1012762136628994,0.08591641790313917
105.31,0.0194465651402964,0.0838015395087752,0.08709178308766942
105.32,0.0195196570574845,0.067037699467994,0.08552511257707168
105.33,0.0195923464979153,0.0846699598518337,0.08069654473296192
105.34,0.0196646307134479,0.0632816143529377,0.07425376875343091
105.35,0.0197365069694949,0.0855250407254378,0.0759213905807519
105.36,0.0198079725452438,0.1209724494550145,0.07672787358764643
105.37,0.0198790247336183,0.1053242495538994,0.07368552984927905
105.38,0.0199496608414367,0.0639637977058332,0.0746096652994567
105.39,0.0200198781894839,0.0794000658909484,0.06944464596298212
105.4,0.0200896741125722,0.0128515330051904,0.0688213782110219
105.41,0.0201590459597583,0.0984102034728339,0.06674316527431977
105.42,0.0202279910942959,0.0319949527787162,0.06897563772023
105.43,0.0202965068937466,0.0246761340980351,0.0698322143799898
105.44,0.0203645907501881,0.0242111683674804,0.0706628955488674
105.45,0.0204322400701756,0.0825012699687426,0.0693400973630485
105.46,0.0204994522748386,0.0901992076593158,0.06577983433947027
105.47,0.0205662248001003,0.0314317453060652,0.06273878976742527
105.48,0.0206325550966141,0.0905601783945863,0.062282860238017254
105.49,0.0206984406298849,0.004408413504548,0.06148109493074155
105.5,0.0207638788804892,0.0987515057003728,0.060081254947327606
105.51,0.0208288673439832,0.0576337419921546,0.06220139279232854
105.52,0.0208934035310776,0.1306834608728898,0.06209033945550917
105.53,0.0209574849677318,0.0850258093229497,0.06596648438573093
105.54,0.0210211091951795,0.1021142643982635,0.06971798738734049
105.55,0.0210842737701222,0.0355028524507409,0.0689691769973082
105.56,0.0211469762647131,0.0107595172302949,0.06975372058188437
105.57,0.021209214266632,0.0571105134420696,0.07166790993184066
105.58,0.0212709853792902,0.0957497294363311,0.0737922996353697
105.59,0.0213322872218202,0.0471267262530435,0.06936799297316028
105.6,0.0213931174291109,0.0500034262392553,0.07184068739324166
105.61,0.0214534736520444,0.05737442775021,0.07269432384828986
105.62,0.0215133535574341,0.0960780833996274,0.07564117525616673
105.63,0.0215727548281641,0.1133939963133729,0.07173815871754202
105.64,0.0216316751632972,0.103457697131836,0.0724702093013522
105.65,0.0216901122780416,0.0084861501768024,0.06970585474041477
105.66,0.0217480639040118,0.0989766852448421,0.07181463525057577
105.67,0.0218055277891676,0.1303971840083979,0.07911889926758932
105.68,0.0218625016978835,0.0760439290801752,0.07789440187974724
105.69,0.0219189834111649,-0.0023502615118117,0.07528561838814114
105.7,0.0219749707265737,0.056334996326257,0.07641456417892528
105.71,0.0220304614583499,0.1166778712563849,0.07512029410576976
105.72,0.0220854534375786,0.1195176215575689,0.07634782999719684
105.73,0.0221399445121478,0.0487201135617712,0.07314431557480006
105.74,0.0221939325468101,0.1003988715829633,0.07051018369984019
105.75,0.0222474154234125,0.0440628186185774,0.07085500545451662
105.76,0.0223003910408275,0.079787243164122,0.07367774723658435
105.77,0.0223528573150666,0.1641490615875792,0.07387586569566776
105.78,0.0224048121793662,0.0313960682973859,0.0712667012166525
105.79,0.0224562535842021,0.0409652761126031,0.0705282390811245
105.8,0.022507179497494,0.0708345878595105,0.07352443096111475
105.81,0.0225575879045314,0.0228237547029896,0.07570915855858593
105.82,0.0226074768080813,0.0831526814701785,0.0745622210676331
105.83,0.0226568442285607,0.0288042805292948,0.07641593002535069
105.84,0.0227056882039528,0.058077226939216,0.07796451535043883
105.85,0.0227540067899295,0.110698953980041,0.0780456882421927
105.86,0.022801798060032,0.0677637276002244,0.0790785330677144
105.87,0.0228490601055564,0.1031371728855937,0.07751887872478819
105.88,0.0228957910357374,0.0756047299490776,0.07472604246813867
105.89,0.0229419889777898,0.0605362242340873,0.07963349066793164
105.9,0.0229876520769028,0.0605697679679833,0.07933925084350982
105.91,0.0230327784964706,0.1022142758731519,0.08020191291094805
105.92,0.0230773664179839,0.0925921839463757,0.08208890152653818
105.93,0.0231214140411356,0.158445509669638,0.08124011010216746
105.94,0.0231649195840066,0.0812404053886222,0.08417153185306508
105.95,0.0232078812829772,0.1021035023097948,0.0863797994431488
105.96,0.0232502973928044,0.0657525599545328,0.08362684278551476
105.97,0.0232921661867946,0.0470345019626717,0.08370457251179801
105.98,0.0233334859567585,0.1054995001979393,0.08344022532618715
105.99,0.0233742550130644,0.1344524804930383,0.08252528700830439
106.0,0.0234144716848155,0.0347862397997448,0.08647517173212994
106.01,0.0234541343197558,0.0889504912757135,0.08549182073894804
106.02,0.0234932412844335,0.0624505156303823,0.08800109066861814
106.03,0.0235317909642429,0.0653280615583934,0.08773218764471705
106.04,0.0235697817633939,0.0903641372981448,0.08500038026242188
106.05,0.0236072121051228,0.104450846330974,0.0872262191748754
106.06,0.0236440804316118,0.0528868641697263,0.0879759252981038
106.07,0.0236803852040584,0.0693960518521728,0.09015862233725702
106.08,0.0237161249028478,0.0975858819877655,0.091608502393881
106.09,0.0237512980274801,0.0563910252735397,0.09083681484860179
106.1,0.0237859030965903,0.1434838034344237,0.0886260675844712
106.11,0.0238199386481924,0.0399193971111632,0.09020709460898933
106.12,0.0238534032395598,0.154908944396224,0.09005915875223422
106.13,0.0238862954473118,0.0869452204444527,0.09244414062385409
106.14,0.0239186138675101,0.1010775546414396,0.0942277962766817
106.15,0.0239503571156096,0.1279830225501462,0.09400873298093067
106.16,0.023981523826666,0.1178473308975913,0.09377004101632377
106.17,0.0240121126552528,0.1115891977767505,0.09370648962351312
106.18,0.0240421222754749,0.0774819831517755,0.09443795698346868
106.19,0.0240715513811884,0.0892940617470757,0.09551007864187372
106.2,0.0241003986859195,0.0880267879462958,0.09586120245893891
106.21,0.0241286629228731,0.0679878073146255,0.09346727405116079
106.22,0.0241563428451246,0.0858438382838562,0.09589404783001304
106.23,0.0241834372255222,0.1125351349343995,0.09440418399409882
106.24,0.0242099448567567,0.1027848302677731,0.09438719152268364
106.25,0.0242358645515194,0.0857638080873733,0.09581768507940261
106.26,0.0242611951423832,0.0994383150742291,0.09173690813424595
106.27,0.0242859354819463,0.0515522849207026,0.09015567071308683
106.28,0.0243100844428273,0.0847568664112398,0.08733233147806546
106.29,0.0243336409176786,0.1201004368142711,0.08598587481098952
106.3,0.0243566038193782,0.0637646254319087,0.08521009549607148
106.31,0.024378972080874,0.0932113068710832,0.08537064344534098
106.32,0.0244007446552618,0.0908816464670606,0.08371750888540792
106.33,0.0244219205159712,0.1236218038420254,0.08528478701320885
106.34,0.0244424986566349,0.0865883785447338,0.08017755811511
106.35,0.0244624780911251,0.1311179193325378,0.07563778691178136
106.36,0.0244818578537642,0.0422867067018567,0.07400444473527953
106.37,0.0245006369991418,0.0846413450532497,0.07019903291042967
106.38,0.024518814602284,0.0522990738413016,0.0715575826120138
106.39,0.024536389758667,0.0492063931431808,0.07235896474603101
106.4,0.0245533615841481,0.0730026961337968,0.07206210761871658
106.41,0.024569729215193,0.0913982948809554,0.07364408190280844
106.42,0.0245854918087151,0.033271981556031,0.07068008523066907
106.43,0.0246006485421501,0.1187566789676758,0.07105420513108572
106.44,0.02461519861362,0.0052833280743235,0.06984311874474164
106.45,0.0246291412417776,0.007449634997872,0.07031393724581145
106.46,0.0246424756658814,0.0514636223808348,0.06927340623597669
106.47,0.0246552011459705,0.0195246667523819,0.07018240249553036
106.48,0.0246673169627037,0.0800818286539692,0.0651750197544165
106.49,0.024678822417401,0.1015858912256012,0.06854504061246545
106.5,0.0246897168322324,0.1138664371406683,0.07185846533469331
106.51,0.0246999995500679,0.0969860853978377,0.07282834183784644
106.52,0.0247096699345666,0.0309673767561563,0.07109653986748998
106.53,0.024718727370232,0.0987381643758104,0.07462229301719174
106.54,0.024727171262312,0.0981889897287997,0.07199818252514618
106.55,0.0247350010370073,0.0964755670672,0.0772189057694522
106.56,0.0247422161413685,0.1092667681260078,0.07912079940158832
106.57,0.0247488160432685,0.0613756281524837,0.07929553852472472
106.58,0.0247548002315883,-0.0205136925101415,0.0837785264021324
106.59,0.0247601682160869,0.1230695118603297,0.08304097808466177
106.6,0.024764919527434,0.1187883123099656,0.08289066028684958
106.61,0.0247690537173495,0.0933701027000127,0.07842105285172744
106.62,0.0247725703584639,0.0550304535034697,0.07620616112062488
106.63,0.0247754690444357,0.1073127976997679,0.07855437567615471
106.64,0.0247777493899203,0.0636503586347194,0.07611139741540181
106.65,0.0247794110305482,0.1149185162047499,0.07627047762738541
106.66,0.0247804536230883,0.0473894012727303,0.07923795833308007
106.67,0.0247808768453039,0.0551331439666991,0.07664022121216914
106.68,0.0247806803959693,0.1136674121779433,0.0761165125435793
106.69,0.0247798639950058,0.0645933139870859,0.08100739400459644
106.7,0.0247784273834067,0.0984292174715451,0.0766979865800071
106.71,0.0247763703231734,0.0200046810031039,0.07449740605607401
106.72,0.0247736925974961,0.0504733590446837,0.07644175670110583
106.73,0.0247703940106647,0.0802798824222828,0.07613758350195579
106.74,0.0247664743880132,0.0474356208999993,0.07586997897273416
106.75,0.0247619335760757,0.1015296741804551,0.07899507742218106
106.76,0.0247567714424662,0.158792661886788,0.07580823688657569
106.77,0.0247509878759488,0.0547142885868783,0.07729758431459086
106.78,0.0247445827864178,0.050377746112097,0.07834419563247061
106.79,0.0247375561048646,0.0821948181712187,0.07631793745556589
106.8,0.0247299077835216,0.0325719559439532,0.07851710950164423
106.81,0.0247216377956771,0.0725761213073709,0.07729340660552812
106.82,0.0247127461357576,0.1342014662456807,0.07790968926706883
106.83,0.0247032328194257,0.0486428163213193,0.07765506144050481
106.84,0.0246930978834297,0.1016931025861137,0.07675900632094773
106.85,0.0246823413856289,0.1292774260731038,0.07780310245816707
106.86,0.024670963405099,0.0479948649570372,0.0782375080630239
106.87,0.0246589640420125,0.0786656972610493,0.07403726277869695
106.88,0.0246463434176891,0.0771119816421734,0.07757204715234703
106.89,0.0246331016746148,0.0711159904629446,0.0790433595034895
106.9,0.0246192389763061,0.1107759269547308,0.07675890762730198
106.91,0.0246047555075124,0.0727314566531068,0.0796177880195543
106.92,0.0245896514740884,0.0329466168954585,0.08227060631541651
106.93,0.0245739271029221,0.0451261746868395,0.08073285655074361
106.94,0.024557582642104,0.0614627249115843,0.08061388753891821
106.95,0.0245406183607743,0.0693616397816054,0.08233621089009546
106.96,0.024523034549112,0.1106521918824486,0.08210654091857959
106.97,0.0245048315184848,0.0705875109159218,0.08634073794222934
106.98,0.0244860096012572,0.1289447604335301,0.08561504992851997
106.99,0.0244665691508078,0.0812753054860889,0.08658139718941765
107.0,0.0244465105416757,0.0342213287712807,0.08764155568610489
107.01,0.0244258341693587,0.0926084441812519,0.08530681412549938
107.02,0.0244045404503817,0.1282853055204773,0.08697654679985341
107.03,0.0243826298222893,0.1019087211875498,0.08802599420230026
107.04,0.0243601027435702,0.0461444670729861,0.09403460654221311
107.05,0.0243369596937687,0.1378618929608359,0.0958534948123684
107.06,0.024313201173351,0.1244543566712705,0.09661763941190038
107.07,0.024288827703664,0.136913002453682,0.09393823030401013
107.08,0.0242638398270766,0.0634262489731525,0.09481112848470334
107.09,0.0242382381068384,0.0974052741210247,0.09244508684156776
107.1,0.0242120231270182,0.0933793188933767,0.09061091418614088
107.11,0.0241851954926569,0.0617463541820151,0.09724130775758058
107.12,0.0241577558295735,0.1077958428145412,0.09739083776534534
107.13,0.0241297047844285,0.0549850123468424,0.09523858662453988
107.14,0.0241010430247046,0.1713070338250097,0.09575103103727478
107.15,0.0240717712386095,0.0996593785848451,0.09577178357251699
107.16,0.0240418901352013,0.0854086763717773,0.09294798825452492
107.17,0.0240114004442015,0.0543846006167533,0.08708605577847829
107.18,0.0239803029160184,0.0889183727104789,0.08617437641943428
107.19,0.0239485983218462,0.0792578859276831,0.08562192814775435
107.2,0.0239162874534765,0.0427576797221242,0.08503185503762596
107.21,0.0238833711232816,0.1734595937715142,0.08578327946740413
107.22,0.0238498501643341,0.0957485743443124,0.08633027339774729
107.23,0.0238157254302456,0.0830880315635622,0.08324503475019106
107.24,0.0237809977950947,0.112670053854983,0.08339861048819366
107.25,0.0237456681535908,0.0465802703130727,0.08053755234733748
107.26,0.0237097374208877,0.0785621912830025,0.07882462909058398
107.27,0.0236732065325817,0.0013537746742909,0.08205836068038776
107.28,0.023636076444708,0.1177677359137575,0.08233741460105344
107.29,0.0235983481336382,0.0518248352678742,0.08028575525230339
107.3,0.023560022596189,0.0850137388083284,0.08258329269160662
107.31,0.0235211008494551,0.1091592319187185,0.08525341697382606
107.32,0.0234815839307761,0.0732332267192216,0.07881283338291623
107.33,0.023441472897831,0.0430058312158601,0.08040097225511711
107.34,0.0234007688284576,0.0582101028448972,0.0816693454826549
107.35,0.023359472820647,0.11122481286703,0.08261321988315379
107.36,0.0233175859926271,0.0636879901930214,0.08435275200317761
107.37,0.0232751094826511,0.1533170397576567,0.08253029278522339
107.38,0.0232320444490619,0.0602447329507327,0.08913294697650948
107.39,0.0231883920702336,0.0458335263867277,0.08806005870732128
107.4,0.023144153544477,0.1275061721530509,0.08973323729557103
107.41,0.0230993300901344,0.0988302896487324,0.08678034926406238
107.42,0.0230539229454068,0.0382073383624075,0.08617193379249179
107.43,0.0230079333682936,0.1290994906605312,0.0872513597409965
107.44,0.0229613626367114,0.1097238693418558,0.08879866116324053
107.45,0.0229142120483194,0.1324914162654594,0.09124335393869666
107.46,0.02286648292045,0.0831104448335733,0.08656812742427958
107.47,0.0228181765902057,0.0402905477059638,0.08928775356734513
107.48,0.0227692944142793,0.1400095126912985,0.08242165066694453
107.49,0.0227198377689169,0.0952370822608055,0.08549553129913084
107.5,0.0226698080500103,0.0869615856211191,0.0870710537682742
107.51,0.0226192066728497,0.0230030901466466,0.08784370605572674
107.52,0.0225680350722179,0.0963825070157361,0.08713094330706475
107.53,0.0225162947023266,0.0959011716378206,0.08617124130069853
107.54,0.0224639870366416,0.0754991610829846,0.0844886014200508
107.55,0.0224111135680382,0.1095486511294763,0.08317893603150535
107.56,0.0223576758085847,0.0130450560642709,0.08150746899829331
107.57,0.0223036752895089,0.1208001391973981,0.08085143730641946
107.58,0.0222491135612623,0.0091288788492441,0.08128666246462732
107.59,0.0221939921933589,0.1247962262266453,0.08121269137393529
107.6,0.0221383127742724,0.0789194982387381,0.08216416692886971
107.61,0.0220820769115587,0.1437318701895542,0.08279541552686866
107.62,0.0220252862316722,0.0838622719268309,0.0832548711994727
107.63,0.0219679423799218,0.0180535962287169,0.08249720281343938
107.64,0.0219100470204541,0.0937640531669286,0.07898012303007354
107.65,0.0218516018361064,0.0822208961824015,0.07947832016424765
107.66,0.0217926085285147,0.0973906085680065,0.07660089069008409
107.67,0.0217330688179057,0.0693337793042224,0.08194678789153333
107.68,0.0216729844430413,0.0494302760283289,0.0793768992645448
107.69,0.0216123571613185,0.1384561197867658,0.08284787713107691
107.7,0.0215511887485087,0.1152180689144284,0.08101082767507899
107.71,0.0214894809987653,0.1002178061790969,0.08189507756393037
107.72,0.0214272357246858,0.0326516592713316,0.07649280492497482
107.73,0.0213644547570723,0.0804714709090363,0.07852960574117852
107.74,0.0213011399449125,0.0220424961871382,0.08449920523640297
107.75,0.0212372931554294,0.0859613009006406,0.0844624848008085
107.76,0.021172916273876,0.0491226321720419,0.08084400189525437
107.77,0.0211080112035494,0.1253088972947047,0.07862726940224693
107.78,0.0210425798656876,0.0668324780306391,0.07721914604782547
107.79,0.0209766241993897,0.0820194140464182,0.07899333332599305
107.8,0.0209101461616734,0.086218187650689,0.07845311114132529
107.81,0.020843147727248,0.0974887459046172,0.0773659742556475
107.82,0.0207756308884893,0.0302841447714874,0.07634389282227838
107.83,0.0207075976554504,0.1266350890671089,0.07884396720758624
107.84,0.0206390500557179,0.1434151856284301,0.07814068667830154
107.85,0.0205699901343253,0.0929929240194447,0.07984212852215335
107.86,0.0205004199537811,0.0062327551657649,0.07794753006570157
107.87,0.0204303415938772,0.0508392262148506,0.08016304560567482
107.88,0.0203597571517,0.0397631888613715,0.07866811174731196
107.89,0.0202886687415526,0.0866882088698482,0.08163559798860102
107.9,0.020217078494808,0.1271114539087425,0.08011815634015067
107.91,0.0201449885599641,0.0923881943151949,0.07966214398348
107.92,0.0200724011024527,0.0787540960783455,0.07990518401178306
107.93,0.0199993183045726,0.0851532213627967,0.08071447178530719
107.94,0.0199257423655424,0.0657025797940574,0.07856387019955254
107.95,0.0198516755012895,0.0577727749080261,0.07736298323323633
107.96,0.0197771199443502,0.0461747333151532,0.07729569430488187
107.97,0.0197020779439727,0.0956484585114802,0.07796161039701671
107.98,0.0196265517658944,0.093915286269085,0.08134537452848856
107.99,0.0195505436922288,0.1291496890977093,0.08289142424797988
108.0,0.0194740560215511,0.0501531394289609,0.08064607275486527
108.01,0.0193970910686736,0.0766419281606045,0.07618626007935361
108.02,0.0193196511646176,0.1025925864989817,0.07633167807294196
108.03,0.0192417386565613,0.0472791880154944,0.07566847283120877
108.04,0.0191633559076531,0.0814724557662609,0.0772153116829589
108.05,0.0190845052971067,0.1181965593357899,0.07820719311057671
108.06,0.0190051892199838,0.0915798565240011,0.0785229325824088
108.07,0.0189254100870922,0.0202169931005964,0.08165639653874696
108.08,0.0188451703250519,0.1218982729757591,0.07957723526878954
108.09,0.0187644723760593,0.0722302329706897,0.07844567940151223
108.1,0.0186833186978346,0.0395358275144414,0.07691161517400263
108.11,0.0186017117636522,0.0334553877229977,0.07339855766010618
108.12,0.0185196540621018,0.0954419721805499,0.07165403928170679
108.13,0.0184371480970946,0.0648267860019487,0.06832685623352687
108.14,0.0183541963877403,0.1176368372495494,0.07048127015059145
108.15,0.0182708014682397,0.0865320897740315,0.06984114351979942
108.16,0.0181869658879202,0.0644033038165002,0.06822778670566895
108.17,0.0181026922109861,0.1119774763982542,0.0680365730021998
108.18,0.0180179830164911,0.0519860718423746,0.0713873078387685
108.19,0.0179328408983298,0.0701526130562612,0.06819898073420765
108.2,0.0178472684650266,0.0969343403200079,0.07099129784210774
108.21,0.0177612683396749,-0.0236210683628647,0.07253273585376205
108.22,0.0176748431599566,0.0400070422142173,0.07547480786467882
108.23,0.017587995577889,0.0327217424872034,0.07915300962907665
108.24,0.0175007282598033,0.0925218802738507,0.0802619979672136
108.25,0.0174130438863467,0.0680297965196281,0.08055827831445944
108.26,0.0173249451522167,0.0843160662390501,0.07910563121134559
108.27,0.0172364347661879,0.0875643687511489,0.08145422752968311
108.28,0.0171475154509964,0.0905824246685389,0.07824849981666097
108.29,0.0170581899431837,0.0549434037799815,0.07622482875867756
108.3,0.0169684609931303,0.1308688922365917,0.07450226928261763
108.31,0.0168783313648307,0.0719060257591818,0.07442518248707318
108.32,0.0167878038358409,0.0952388999522497,0.07939149814649069
108.33,0.0166968811972645,0.1726842092329043,0.0822454866805197
108.34,0.0166055662535302,0.0881155411028247,0.0832610666565506
108.35,0.0165138618223342,0.1238587245417122,0.08111974268926736
108.36,0.0164217707346203,0.0560265006086408,0.08101426738297583
108.37,0.0163292958343774,0.1137238265015878,0.08002273198227101
108.38,0.0162364399786091,0.0446571944247896,0.08021159296806661
108.39,0.0161432060372224,0.0094889796247227,0.0783365836891288
108.4,0.0160495968928586,0.033978864059003,0.0782476002841528
108.41,0.015955615440924,0.0953155176135742,0.07298688572162335
108.42,0.015861264589409,0.0806715604849029,0.074864695170034
108.43,0.0157665472587664,0.0999408014288269,0.07354784309377241
108.44,0.0156714663818891,0.0540489219838519,0.06894196080659055
108.45,0.0155760249039349,0.0475540769609028,0.07004710172513932
108.46,0.0154802257822384,0.0658148150875061,0.0672312713580516
108.47,0.0153840719862935,0.0634938228242489,0.06966152712325628
108.48,0.0152875664975349,0.0915304494528566,0.06635622861152453
108.49,0.0151907123092404,0.0512072298108446,0.06426252357208152
108.5,0.0150935124265727,0.0530747522754855,0.0659472193643662
108.51,0.0149959698663187,0.0203938864234732,0.06597396002795207
108.52,0.0148980876568338,0.1113400241758053,0.06403392123975987
108.53,0.014799868837978,0.0675850063507567,0.06290862208850674
108.54,0.0147013164609355,0.0759606812020853,0.06341228196511145
108.55,0.0146024335881955,0.1113235003923488,0.06604234461871734
108.56,0.0145032232934022,0.0647262868328703,0.07002515167968874
108.57,0.0144036886611964,0.107061871677939,0.0683746076533029
108.58,0.0143038327872324,0.0443125577552209,0.06954983214384465
108.59,0.0142036587779892,0.0006893885964862,0.06410832604288158
108.6,0.014103169750626,0.0448675912627012,0.06476754628253853
108.61,0.0140023688329993,0.0345404179943063,0.0644736319997445
108.62,0.0139012591634346,0.0545747030615379,0.06634243108766787
108.63,0.0137998438906772,0.057040278308587,0.06193635348622868
108.64,0.0136981261737861,0.110517658837526,0.06177827101445538
108.65,0.0135961091819819,0.1092802377095756,0.06076521622265015
108.66,0.0134937960946102,0.1311930252413022,0.05808539763245295
108.67,0.0133911901009531,0.0311533905334033,0.06174412542161078
108.68,0.0132882944001544,0.0881735371256257,0.061722202681951846
108.69,0.0131851122011555,-0.0227411786673677,0.06728925380604418
108.7,0.0130816467224986,0.0650508548436403,0.07437625809878806
108.71,0.0129779011922598,0.046902552336811,0.07547858540186862
108.72,0.0128738788479632,0.059638667269864,0.07654504079661964
108.73,0.0127695829364171,0.0188123945455824,0.07859886547336307
108.74,0.0126650167136227,0.0642652744435172,0.07973724381619537
108.75,0.0125601834446986,0.0546865305741757,0.07865435146477837
108.76,0.0124550864037037,0.0550473099982075,0.07670724931906098
108.77,0.0123497288735785,0.1415595704051846,0.07399820565988645
108.78,0.0122441141460039,0.1066014941451015,0.07668081263203422
108.79,0.012138245521262,0.16122063136116,0.07385040317757248
108.8,0.0120321263082229,0.1495164787441078,0.07402963286436794
108.81,0.0119257598241162,0.0680164646273925,0.07435355136867408
108.82,0.0118191493944486,0.0569359812840777,0.07821077489891001
108.83,0.0117122983529616,0.0977050212731502,0.08044513452019768
108.84,0.0116052100414071,0.0809462235080654,0.07988592995639907
108.85,0.0114978878094945,0.0877769194577686,0.0795681138687982
108.86,0.0113903350148047,0.0683910926495107,0.08037318328439297
108.87,0.0112825550225736,0.074303108398637,0.07849364103517041
108.88,0.0111745512056782,0.0874881369485064,0.07745879729176804
108.89,0.0110663269444782,0.0287349385819294,0.07485674622950698
108.9,0.0109578856266751,-0.0189773552446634,0.06945751727207763
108.91,0.0108492306472696,0.0718531434340696,0.06456781226947259
108.92,0.0107403654083459,0.1279042464717655,0.0662412827883382
108.93,0.0106312933190189,0.106560219316905,0.07006621284618661
108.94,0.0105220177953418,0.0070690987058115,0.06899617635205935
108.95,0.0104125422600992,0.0575911366038989,0.06955832798361501
108.96,0.0103028701427476,0.071592988301666,0.06747471051504368
108.97,0.0101930048793413,0.0155769227645337,0.0686520329548479
108.98,0.01008294991231,0.1198278517937346,0.0668314091115381
108.99,0.0099727086903755,0.0519584218376194,0.06677468495824201
109.0,0.0098622846685159,0.0478368232551438,0.07260929215737731
109.01,0.009751681307743,0.0468326736894018,0.07834714850345666
109.02,0.0096409020750254,0.1031593455235705,0.07924888026109979
109.03,0.0095299504431628,0.1372595124988941,0.07627933745761137
109.04,0.0094188298906505,0.075234254896478,0.07320710827727085
109.05,0.0093075439016321,0.0927514077707341,0.07602641346050253
109.06,0.0091960959656772,0.0440209526177707,0.07606848098541205
109.07,0.0090844895776986,0.0931148638853991,0.07193511550858085
109.08,0.0089727282378909,0.0360700076891316,0.07657193321913691
109.09,0.008860815451539,0.0862969297292884,0.07195015051524337
109.1,0.0087487547288961,0.1512616897637707,0.07232753487121116
109.11,0.008636549585117,0.1015176280230031,0.07365274826476616
109.12,0.0085242035401028,0.0907895103445749,0.07478640551025227
109.13,0.0084117201183731,0.0655438475985088,0.07175774290235576
109.14,0.0082991028489548,0.0420434065297543,0.06746018505076298
109.15,0.0081863552652522,0.0662745075536765,0.06719505749336287
109.16,0.0080734809049659,0.0584745546269992,0.06395951781896352
109.17,0.0079604833099211,-0.0152076867117893,0.0637267075888146
109.18,0.0078473660259342,0.1129500946862108,0.06348825891972716
109.19,0.007734132602763,0.0227704150119701,0.06483641472722562
109.2,0.0076207865939398,0.0598834933129431,0.06480528566691915
109.21,0.0075073315566054,0.0756663045197988,0.06154931269653462
109.22,0.0073937710514671,0.0706394758446104,0.0561222964235281
109.23,0.0072801086426543,0.0395574307577436,0.05301913669135806
109.24,0.0071663478975386,0.0470107976154457,0.05111322720092071
109.25,0.0070524923866888,0.0696665761910757,0.05576008023399562
109.26,0.0069385456837017,0.0248050746083478,0.0556719545735506
109.27,0.0068245113650833,0.0391319377846433,0.055463831201055844
109.28,0.0067103930101591,0.0881074418345629,0.05823149812386668
109.29,0.0065961942008863,0.0643812796465992,0.053739824034132404
109.3,0.0064819185217918,0.0856432194628525,0.058378680057980754
109.31,0.0063675695598425,0.0828862573856954,0.05878440498975356
109.32,0.0062531509042645,-0.0124497137101337,0.059249524738301966
109.33,0.0061386661464879,0.0256231559690043,0.057914966977204434
109.34,0.0060241188799936,0.0255197482993244,0.06039071032583611
109.35,0.0059095127001695,0.1396273202243271,0.06248421719133983
109.36,0.0057948512042493,0.0644238686843313,0.06059798850411373
109.37,0.0056801379911153,0.0541039638046092,0.06137605861413672
109.38,0.005565376661204,0.0429133186672384,0.06439184829284418
109.39,0.0054505708164065,0.0186249388017909,0.0656812677762159
109.4,0.00533572405991,0.1201863915127855,0.06682405015357416
109.41,0.0052208399960895,0.0684037168801721,0.06684845281439726
109.42,0.005105922230375,0.0854338192393152,0.06505165676583263
109.43,0.0049909743691428,0.0426137628615623,0.07166424775690385
109.44,0.0048760000195796,0.0915480410790085,0.07176604057776109
109.45,0.004761002789555,0.0909744417910239,0.07703569650532822
109.46,0.004645986287502,0.0300557737593278,0.07153470349773557
109.47,0.0045309541222948,0.0411445469188306,0.0697179904085073
109.48,0.0044159099031326,0.1024635210375,0.06897424866107123
109.49,0.0043008572393893,0.1151852509853692,0.06832348493389251
109.5,0.0041857997405164,0.0883797095711227,0.06928595763574863
109.51,0.0040707410159046,0.0861556753401376,0.06733180566649193
109.52,0.0039556846747612,0.0451535403658379,0.06740800237639255
109.53,0.0038406343259939,0.1264146971023618,0.06533121756893619
109.54,0.0037255935780661,0.0277608052070065,0.06547344267684155
109.55,0.0036105660388974,0.1361825227782342,0.06561970233924336
109.56,0.0034955553157328,0.0241064670648814,0.06442088067572672
109.57,0.0033805650149959,0.0262728938105375,0.06685432429633573
109.58,0.0032655987421997,0.0384853871084519,0.06699716487093628
109.59,0.0031506601017999,0.0292472803964851,0.06515135491592312
109.6,0.0030357526970725,0.0388368655407696,0.06455388728124747
109.61,0.0029208801300029,0.0791492001583948,0.06323919194261196
109.62,0.0028060460011386,0.0700038477880851,0.060732844896396916
109.63,0.0026912539094925,0.0418213382827314,0.06179834529720528
109.64,0.0025765074524036,0.045600490127575,0.06167147061024293
109.65,0.0024618102254014,0.0946194939894466,0.06238557188590271
109.66,0.002347165822103,0.0657991868571745,0.05933492322847375
109.67,0.002232577834102,0.081158089792117,0.05704669430429508
109.68,0.0021180498507994,0.0441441989854423,0.05809395684393405
109.69,0.0020035854593092,0.0637015119822235,0.057597649736493235
109.7,0.0018891882443416,0.1026384306571803,0.05833035142881554
109.71,0.0017748617880564,0.0607711074597773,0.05555995519681253
109.72,0.0016606096699622,0.0335223873696214,0.05517454932407297
109.73,0.0015464354667871,0.0675290487828139,0.05261667617245582
109.74,0.001432342752336,0.1237503286761522,0.05224251350611666
109.75,0.0013183350973916,0.0427569319958621,0.051884310427717656
109.76,0.0012044160695862,0.0721189009722259,0.04849456177059337
109.77,0.0010905892332768,-0.0239463403428708,0.0489428889472071
109.78,0.0009768581494123,0.0482654071429559,0.04802373003801178
109.79,0.0008632263754193,0.0280629378521949,0.04926760704387498
109.8,0.0007496974651022,0.0446340159352537,0.04996092861089748
109.81,0.0006362749684657,-0.0193414553312938,0.04719103799945495
109.82,0.0005229624316427,0.0710556768308641,0.0445022099387015
109.83,0.0004097633967692,0.0162885116041249,0.04706798764549726
109.84,0.0002966814018179,0.033963922289609,0.04988276641880246
109.85,0.000183719980526,0.0380782254811959,0.047985855532441224
109.86,7.088266224808404e-05,0.0234347721898366,0.04818011031935217
109.87,-4.182702814659045e-05,0.0752140575660629,0.04633325795788092
109.88,-0.0001544055704238,0.0618557526990152,0.048854678170742995
109.89,-0.0002668494490987,0.0702656161085695,0.04884714692625637
109.9,-0.0003791551535181,0.0782612648896962,0.049096146426530846
109.91,-0.0004913191780281,0.0444707278168869,0.04824660745424201
109.92,-0.0006033380220871,0.0043057181839549,0.055507596797654546
109.93,-0.000715208190366,0.0874037192123322,0.054637161201367294
109.94,-0.0008269261928789,0.1266394030222232,0.05550285297144094
109.95,-0.0009384885451019,0.0839152000625663,0.05750744211266437
109.96,-0.0010498917681039,0.0468362825209918,0.05804562826944857
109.97,-0.0011611323886689,0.0333350013813299,0.059516684201019646
109.98,-0.0012722069393705,0.0290034841272327,0.05725262668453607
109.99,-0.001383111958747,0.0481072510087367,0.05510994208184662
110.0,-0.001493843991418,0.0332919273579589,0.053021597258220525
110.01,-0.0016043995881426,0.0267936975171882,0.051357528325942835
110.02,-0.0017147753059942,0.1331393208803696,0.05401677504717487
110.03,-0.0018249677084969,0.0527765293088317,0.05747291412190317
110.04,-0.0019349733656692,0.0344680387756715,0.0546133137212482
110.05,-0.0020447888542052,0.0760602942553008,0.05182454114316645
110.06,-0.0021544107575599,0.0493801347736642,0.05149258625233481
110.07,-0.0022638356660886,0.0543269467528293,0.053491394096666776
110.08,-0.002373060177177,0.0276688497199078,0.055644143179126436
110.09,-0.0024820808952746,0.0168593760425368,0.05674613487212767
110.1,-0.0025908944321195,0.0264103748124215,0.057732225303017366
110.11,-0.0026994974068189,0.0433158173118646,0.06016876357346938
110.12,-0.0028078864459074,0.1003149089627599,0.05767926870277431
110.13,-0.0029160581835468,0.076884638753249,0.05365222597746996
110.14,-0.0030240092615929,0.0273521107985777,0.05361567489871924
110.15,-0.00313173632972,0.0680751788825068,0.05555828329683158
110.16,-0.0032392360455713,0.0769441473551017,0.054451326407897994
110.17,-0.0033465050747916,0.0888112472519631,0.05422688534699368
110.18,-0.0034535400912277,0.0785427321129826,0.05172742487817894
110.19,-0.0035603377770143,0.0521453096802588,0.053006267618162
110.2,-0.0036668948226487,0.0688151500574202,0.053977315387958545
110.21,-0.0037732079271601,0.0844592310374512,0.058247476525798814
110.22,-0.003879273798199,-0.0254856947674083,0.05831429621785398
110.23,-0.0039850891521725,0.0485714236489782,0.05715175837779084
110.24,-0.0040906507143001,0.0520089566550666,0.05478002896408005
110.25,-0.0041959552187775,0.0752628151360308,0.05513215023242246
110.26,-0.0043009994089016,0.0528141995876954,0.05667588492494894
110.27,-0.0044057800371311,0.0446668724946735,0.05487336492013814
110.28,-0.0045102938652119,0.0018382769077199,0.05397758807869842
110.29,-0.0046145376643158,0.0545245472595519,0.05324195603902332
110.3,-0.0047185082151679,0.0372513792082644,0.05264013819396
110.31,-0.0048222023080746,0.116083758707067,0.05488293300478979
110.32,-0.0049256167430927,0.0447190308450233,0.05412640254959184
110.33,-0.0050287483301519,0.0759016143214337,0.059292766487298906
110.34,-0.0051315938891571,0.0270783210653226,0.05732201141116821
110.35,-0.0052341502500524,0.0347466574337684,0.05919537412409801
110.36,-0.0053364142529627,0.1004936074255626,0.05644559946501635
110.37,-0.0054383827483406,0.0390912272540751,0.05679307315189571
110.38,-0.0055400525970111,0.0699999335817289,0.05882003610074536
110.39,-0.0056414206702992,0.0630944592798056,0.05893826700641917
110.4,-0.0057424838501352,0.039507134933929,0.05836576021420234
110.41,-0.0058432390292018,0.1159138410848458,0.0619153223031144
110.42,-0.0059436831110232,0.0685720914782942,0.05765353935305304
110.43,-0.0060438130099954,0.0830079479244403,0.05825414799848588
110.44,-0.0061436256515917,0.0071855670502335,0.05788742900821245
110.45,-0.0062431179724681,0.0913495736265924,0.05968303525672255
110.46,-0.0063422869204576,0.0175175472953159,0.06302305602933866
110.47,-0.0064411294547983,0.0601111470121622,0.06007573336600952
110.48,-0.0065396425461883,0.087233094420516,0.062441288717734036
110.49,-0.0066378231768693,0.00432112592687,0.05946966198152299
110.5,-0.0067356683407931,0.0425019046229983,0.05739680795325772
110.51,-0.0068331750436356,0.1117921830754176,0.05842094366873004
110.52,-0.0069303403029713,0.0265863167557786,0.05432799599850451
110.53,-0.0070271611483763,0.0573318123991127,0.05268157963549155
110.54,-0.0071236346214614,0.0682005155256916,0.05020011727412389
110.55,-0.0072197577760418,0.0647860522840348,0.05333471261493926
110.56,-0.0073155276782477,0.1048870936587067,0.05254987294938244
110.57,-0.0074109414065409,0.0385998314956507,0.05393048549737549
110.58,-0.0075059960518958,0.08876788964029,0.055027250254553864
110.59,-0.0076006887178681,0.0075957721212968,0.050578607411057054
110.6,-0.0076950165206979,0.0195645246862348,0.0547186225267693
110.61,-0.0077889765894373,0.0610139849588478,0.05510826470749275
110.62,-0.0078825660659559,0.0299619400101097,0.054958505648933495
110.63,-0.0079757821051518,0.0339973478550223,0.057712918672742225
110.64,-0.0080686218750264,0.0308972383357192,0.05581439904746567
110.65,-0.0081610825566902,0.0730120692073564,0.05301200153977003
110.66,-0.0082531613445707,0.0748679406498992,0.05340964982093867
110.67,-0.0083448554464571,0.0465104108031699,0.049780765297362764
110.68,-0.0084361620835943,0.083143206912908,0.047646905299808244
110.69,-0.0085270784908331,-0.0061884052929169,0.04618252962429691
110.7,-0.0086176019166023,0.0912614433568271,0.04969966246187889
110.71,-0.0087077296231308,0.0506843904181907,0.05097645479269745
110.72,-0.0087974588865225,0.1086472428456733,0.051421068044559336
110.73,-0.008886786996759,0.0844289902557619,0.05233484667409068
110.74,-0.0089757112578525,0.0174629002683052,0.053523758367458985
110.75,-0.0090642289879844,0.009350167864083,0.053195566758446396
110.76,-0.0091523375195579,0.0731366661885762,0.04978964508167803
110.77,-0.0092400341992565,0.0286805186636126,0.04659239000220948
110.78,-0.0093273163881357,-0.0062112284529941,0.04495380848203634
110.79,-0.0094141814617809,0.0580160004545521,0.0427960412391936
110.8,-0.0095006268103908,0.0814555617105182,0.04269372704797355
110.81,-0.0095866498387442,0.0463771636334246,0.04157837916783826
110.82,-0.0096722479664357,0.0703508632479475,0.044074298816722986
110.83,-0.0097574186279453,0.0491512912302679,0.041698541416139184
110.84,-0.0098421592726105,0.0589644934157567,0.042608466601550606
110.85,-0.0099264673647986,0.0240052145464548,0.041888299277751735
110.86,-0.0100103403840423,0.0014877139952206,0.04504424596015656
110.87,-0.0100937758250679,0.0077255839810599,0.045525967644467355
110.88,-0.0101767711978617,0.0121001988795339,0.04896319513616926
110.89,-0.0102593240277421,0.0378300948132105,0.049922326700283653
110.9,-0.0103414318555289,-0.0083370033085382,0.04780378458577691
110.91,-0.0104230922376158,0.0678391378739863,0.04861054393526224
110.92,-0.0105043027459367,0.1030987030447699,0.04782150222672264
110.93,-0.0105850609681462,0.0587563374334134,0.0464013077360123
110.94,-0.010665364507742,0.1035374191494017,0.04652797776175166
110.95,-0.0107452109840838,0.0023393864685288,0.04479763498272046
110.96,-0.0108245980324273,0.0756250481945845,0.04720074810906828
110.97,-0.0109035233040871,0.0832528215591028,0.04907931281552388
110.98,-0.0109819844665542,0.1008622959893527,0.05268514304512765
110.99,-0.0110599792034205,0.0139305343934082,0.055948380548860185
111.0,-0.0111375052145923,0.0135266160499103,0.057330849890481816
111.01,-0.0112145602163493,0.0983975080497101,0.06123362758844676
111.02,-0.0112911419413663,0.0298072877540932,0.06089523342821676
111.03,-0.0113672481388854,0.0405267789430303,0.06078485734357234
111.04,-0.0114428765746493,0.0518113617707944,0.05901687937236706
111.05,-0.0115180250311097,0.0226272950561016,0.05538516418175023
111.06,-0.0115926913075187,0.0744705901997589,0.0557502887067492
111.07,-0.0116668732198288,0.0409375728307882,0.05628985432143162
111.08,-0.0117405686009292,0.0834480188027391,0.053833325591985406
111.09,-0.0118137753007369,0.0806281864579172,0.050756143086084275
111.1,-0.011886491186111,0.0668619509872647,0.054485655991927985
111.11,-0.0119587141410637,0.0736213283487259,0.05649176337013343
111.12,-0.0120304420667988,0.060732860509156,0.053459568956003164
111.13,-0.0121016728817535,0.100780805267237,0.05176898531419477
111.14,-0.012172404521743,0.0216288000381026,0.05215177950843073
111.15,-0.0122426349399074,0.0272714001464481,0.052201110761814204
111.16,-0.0123123621068838,0.0100070014935074,0.05418967405649854
111.17,-0.012381584010912,0.0869559261029154,0.055886521482731134
111.18,-0.012450298657729,0.0316657182407322,0.05727119977891742
111.19,-0.0125185040708075,0.036241463365429,0.05501470402015261
111.2,-0.0125861982913644,0.0922503054161261,0.0554494181817458
111.21,-0.0126533793783967,0.0556548709922246,0.05334778931341813
111.22,-0.0127200454088566,0.0347214253529746,0.05471740961787984
111.23,-0.0127861944775264,-0.0056949687238831,0.05267933948961252
111.24,-0.0128518246972492,0.0485654570219855,0.050731581468076714
111.25,-0.0129169341989976,0.0528473180918471,0.05168437130384941
111.26,-0.0129815211317718,0.0643871242444729,0.05202722978210119
111.27,-0.0130455836628462,0.1101043861506432,0.05133764787729027
111.28,-0.0131091199777361,0.0700158170507002,0.04899998758571823
111.29,-0.0131721282802671,0.0360616078686782,0.04652225684694998
111.3,-0.0132346067927224,0.0897571838513743,0.05053968250916298
111.31,-0.0132965537557289,0.0227277447523837,0.05006159030383728
111.32,-0.013357967428465,0.1023833547424215,0.047861075973317624
111.33,-0.0134188460887363,0.0179333878155425,0.04828961808455522
111.34,-0.0134791880328666,0.0598778868149849,0.04652076386552562
111.35,-0.0135389915759231,0.0416373865893295,0.047765637046386644
111.36,-0.0135982550517582,0.0344714281897353,0.04683168609203238
111.37,-0.0136569768129229,-0.0044742185075219,0.04713271377635372
111.38,-0.0137151552309006,0.0378650599799027,0.04142489846657834
111.39,-0.0137727886960509,-0.0203666272734012,0.03962180196756599
111.4,-0.0138298756177074,0.1206074022719019,0.0381059418957398
111.41,-0.0138864144242717,0.0822103691042863,0.035664599837796324
111.42,-0.0139424035631219,0.0094440700513119,0.03417619028326414
111.43,-0.0139978415008235,0.0437208096889643,0.02761616687699022
111.44,-0.0140527267231654,-0.0428409073235048,0.02805154197199778
111.45,-0.014107057735091,0.0747077938200669,0.02816778342754929
111.46,-0.0141608330608167,0.0332343480504075,0.027741116682813722
111.47,-0.0142140512439603,0.0707087056152211,0.03007292767488968
111.48,-0.0142667108475352,-0.0097597353546398,0.031063514888696013
111.49,-0.0143188104538921,0.032150790571441,0.03301388160095033
111.5,-0.014370348664916,0.0042285463603281,0.03296698370926483
111.51,-0.0144213241020541,0.0384890006345614,0.029622643278628888
111.52,-0.0144717354062906,-0.0085288558927921,0.027975041239495162
111.53,-0.0145215812382304,-0.0353771367893309,0.028699297921553082
111.54,-0.0145708602781069,0.0270762648107013,0.02985103289836586
111.55,-0.0146195712259405,0.0623189573815665,0.03030573331528638
111.56,-0.0146677128015249,0.0326773849498827,0.028711258380724376
111.57,-0.0147152837443542,0.0834394590233304,0.030947936243609947
111.58,-0.0147622828138127,0.016328112982411,0.028978668524373443
111.59,-0.0148087087892351,0.0788227609372435,0.03174566656867387
111.6,-0.0148545604697764,-0.0213514829987967,0.031276668453781756
111.61,-0.0148998366746089,0.0503762532285471,0.03153927105993285
111.62,-0.0149445362429501,0.0476107262824779,0.03369137054028534
111.63,-0.0149886580340319,0.0246534603745283,0.03348768244891192
111.64,-0.0150322009271508,0.0679072442020326,0.03847117194899027
111.65,-0.0150751638217094,-0.0332921985681738,0.03967559123824219
111.66,-0.0151175456373525,0.0412238201942647,0.03865233786807897
111.67,-0.0151593453139337,0.0802045831710046,0.04010289961726795
111.68,-0.0152005618114292,0.0293540835112545,0.035892423681432604
111.69,-0.0152411941101354,0.0483472235756692,0.04080651526042428
111.7,-0.0152812412107433,0.0223018301587065,0.039905326210278036
111.71,-0.0153207021341528,0.0097432010895012,0.04487480484305231
111.72,-0.0153595759216973,0.0836830897219637,0.0433974931957157
111.73,-0.0153978616351163,-0.0128063058116341,0.041463871721410445
111.74,-0.0154355583565662,0.0692761427123145,0.04456228622881563
111.75,-0.0154726651887399,0.0523690698849917,0.04284514764778077
111.76,-0.0155091812547164,0.0408306366081389,0.04752288450479652
111.77,-0.0155451056981531,0.0631391816828512,0.04849050693752003
111.78,-0.0155804376833407,-0.0049805356292118,0.046360840485595356
111.79,-0.0156151763950312,0.1195240361412362,0.044869501356256565
111.8,-0.0156493210386549,0.0598977908841724,0.04201444118193446
111.81,-0.0156828708402778,0.083007568289463,0.0429737490016721
111.82,-0.0157158250466082,0.0193527086344783,0.0450912992480662
111.83,-0.0157481829251182,0.0070046753220675,0.04518722632248287
111.84,-0.0157799437638883,0.0897201650300374,0.04796118698600369
111.85,-0.0158111068717964,0.0318473340003003,0.04885668354691265
111.86,-0.0158416715785314,0.064940275429157,0.043396884582606876
111.87,-0.0158716372344575,0.0615438912814585,0.04319180522199001
111.88,-0.0159010032108192,0.0354815876805863,0.042168061872825305
111.89,-0.0159297688997306,-0.00196403820486,0.04423683066095049
111.9,-0.0159579337140364,-0.011609040085095,0.04077085436629953
111.91,-0.015985497087545,0.0424472943731969,0.041778152555243975
111.92,-0.0160124584749177,0.0542117562637774,0.038302101836398865
111.93,-0.01603881735171,0.0856975582847137,0.03621661249618118
111.94,-0.0160645732144804,0.0454468681223032,0.039272463674047964
111.95,-0.0160897255806119,0.0880815704914026,0.03528549479233539
111.96,-0.0161142739884934,-0.0622867083654296,0.03703531262084573
111.97,-0.0161382179975522,0.0365239700351847,0.03698368920458052
111.98,-0.016161557188099,0.0416405713503925,0.03573808763259736
111.99,-0.0161842911614501,0.0384636089214169,0.037017714888529285
112.0,-0.0162064195400157,0.0467385339535661,0.03886099323967245
112.01,-0.0162279419672062,0.0810510528520058,0.04176585159296381
112.02,-0.016248858107451,0.0100105031937157,0.04195757628237561
112.03,-0.0162691676461879,-0.0244425675100931,0.040013779458096546
112.04,-0.0162888702899682,0.0711775500572701,0.03721960840495458
112.05,-0.0163079657664461,0.0059938185140733,0.038804698784979524
112.06,-0.0163264538242641,0.0685935083990175,0.03463869178555169
112.07,-0.016344334233162,0.0638561836875873,0.0408272076589881
112.08,-0.0163616067840322,0.0353862582698123,0.04168570886751773
112.09,-0.0163782712888804,0.0623537600551567,0.04099711554779146
112.1,-0.0163943275807182,0.0367448071691465,0.03929525089148508
112.11,-0.0164097755137149,0.0493929853340234,0.03856476327115306
112.12,-0.0164246149632008,0.0464735128508449,0.03974504584693829
112.13,-0.0164388458255893,0.013392022953917,0.039237345560036184
112.14,-0.0164524680183714,0.0270199661687324,0.042724591158067385
112.15,-0.0164654814801962,0.078733766102827,0.0372523050008816
112.16,-0.0164778861709097,0.0005954235034182,0.036527863326359725
112.17,-0.0164896820713744,0.0676721249767349,0.0367199722602726
112.18,-0.0165008691835749,0.054552495414307,0.03807063942399763
112.19,-0.0165114475307093,0.0271801116361407,0.03837411546083994
112.2,-0.0165214171571032,0.0027244511389829,0.03773530630984501
112.21,-0.0165307781280904,0.0313982939265938,0.039934262846183656
112.22,-0.0165395305301879,0.1058369869434956,0.040378535270405816
112.23,-0.0165476744710985,-0.0006512028312285,0.04115934797541134
112.24,-0.0165552100794996,0.0487895900485622,0.04207006196060238
112.25,-0.0165621375052549,-0.0437404592436316,0.04428476543855225
112.26,-0.0165684569193219,-0.009219456650886,0.04183339767455335
112.27,-0.0165741685137249,0.0726277960111878,0.04281249165469562
112.28,-0.0165792725016405,0.0922201941258131,0.04070840729731736
112.29,-0.016583769117226,0.0417592550435009,0.03945169882420166
112.3,-0.0165876586157465,0.0489387678842629,0.0355085941554628
112.31,-0.0165909412735976,0.0829228944322581,0.035209727900607286
112.32,-0.0165936173881081,0.058722706242689,0.03340799541911751
112.33,-0.0165956872777123,0.0628705796559608,0.031000752258499416
112.34,-0.0165971512818607,0.0325170166429289,0.032654762835968944
112.35,-0.0165980097609957,0.0735287392056795,0.029814665396389217
112.36,-0.0165982630966426,0.0272550430588501,0.030625973141408934
112.37,-0.0165979116911879,0.021156397086406,0.03302672716074681
112.38,-0.0165969559680567,0.0234863534717914,0.030784177258464628
112.39,-0.0165953963716936,0.0281616174788772,0.02674044358734547
112.4,-0.0165932333673568,-0.0556250864073752,0.02612190000751168
112.41,-0.0165904674412908,-0.0035517402129829,0.02784097417904164
112.42,-0.0165870991007149,-0.0064380881846917,0.029520794283742154
112.43,-0.0165831288736095,0.0552848805705157,0.029121682575632392
112.44,-0.0165785573089105,0.0340830192956317,0.025063242856024025
112.45,-0.0165733849763816,-0.0108524561826121,0.022074722321208204
112.46,-0.0165676124665947,-0.0267029965982175,0.020192010299835528
112.47,-0.0165612403910109,0.0411963777552093,0.023974926382897138
112.48,-0.016554269381766,0.025534248063262,0.025894643490026972
112.49,-0.0165467000918156,0.0073017870323108,0.029420166305169023
112.5,-0.0165385331949097,0.0287698398669912,0.031869672052807343
112.51,-0.0165297693854066,0.0850393254863921,0.0338985064281418
112.52,-0.0165204093784288,0.1181991166309689,0.03454659232908647
112.53,-0.0165104539097571,0.0503413603723841,0.03482683935515681
112.54,-0.0164999037357838,-0.022356654455815,0.03427023625384074
112.55,-0.0164887596335983,-0.0302419145882033,0.03585909579962789
112.56,-0.0164770224007598,0.0339917867568533,0.03933717257088449
112.57,-0.0164646928554473,0.1066962808031439,0.03826656178787825
112.58,-0.0164517718364232,0.0614704563361325,0.03803035362650997
112.59,-0.0164382602028473,0.0975223325897745,0.04015682355563145
112.6,-0.016424158834366,0.079601238179282,0.042590724743820016
112.61,-0.0164094686311316,-0.0130195645253516,0.04356046322610049
112.62,-0.0163941905136855,0.0100580637068549,0.04167050714747835
112.63,-0.0163783254229193,-0.0005529006372143,0.03738995761037395
112.64,-0.0163618743200311,0.0435962154428781,0.035860623833032464
112.65,-0.0163448381865688,0.067449069757162,0.04035519014088392
112.66,-0.0163272180244117,0.0621871560137764,0.045090663098516386
112.67,-0.0163090148555505,-0.0491858230413484,0.041393890555090164
112.68,-0.016290229722235,0.0362360063664754,0.038949440912745714
112.69,-0.0162708636869568,0.0701901165748131,0.03819348597477396
112.7,-0.016250917832225,0.0584137119842706,0.03393311540835348
112.71,-0.0162303932606244,0.0491343479948812,0.03043746082913259
112.72,-0.0162092910948874,0.0453502478353272,0.031704307797859245
112.73,-0.0161876124777637,0.0283075763517763,0.03428433475667076
112.74,-0.0161653585718457,0.0182253510482129,0.03595120766438527
112.75,-0.0161425305597401,0.0720292380090656,0.038989349407372045
112.76,-0.0161191296439822,0.0692030175220786,0.03797236450109727
112.77,-0.0160951570468859,-0.0436404366550976,0.036367574907783876
112.78,-0.0160706140105826,0.0553628383139107,0.04284861782466445
112.79,-0.0160455017969268,0.0455954026387256,0.04137369293843026
112.8,-0.0160198216875628,0.0080545506949445,0.042415732039214685
112.81,-0.0159935749838108,0.0061924920156432,0.039246083046745116
112.82,-0.0159667630065279,0.0135842218179081,0.03791445199286026
112.83,-0.0159393870961921,0.0642386298418968,0.040717173195987666
112.84,-0.015911448612868,0.0344514304247903,0.04273670223541558
112.85,-0.0158829489360051,0.1073971920456005,0.04627709909200981
112.86,-0.015853889464551,0.0460923867253916,0.04758755566013494
112.87,-0.0158242716168294,0.0284865745541952,0.0465235334669302
112.88,-0.0157940968304765,0.0869160782131437,0.05352103407796737
112.89,-0.0157633665624851,0.0052625837555573,0.05324739447143586
112.9,-0.0157320822889744,0.0920729376912861,0.05103086522330699
112.91,-0.0157002455053095,-0.0081489168575904,0.053133905819580614
112.92,-0.0156678577260344,0.0211700958632993,0.05405630987236771
112.93,-0.0156349204846528,0.1042073931010026,0.056639123762218274
112.94,-0.0156014353337619,0.0707176861797626,0.056913443252857576
112.95,-0.0155674038449848,0.0925736850366918,0.05865814062451536
112.96,-0.0155328276087329,0.0995488259396933,0.05330288649790888
112.97,-0.0154977082343521,0.0468585514647791,0.05351678130765302
112.98,-0.01546204734999,0.103307076176683,0.05404780501384606
112.99,-0.0154258466025125,0.0496164065767488,0.05260008164323906
113.0,-0.0153891076575346,-0.0009517115719807,0.05295227125454486
113.01,-0.0153518321992063,0.0522184032166906,0.04879307097720232
113.02,-0.0153140219302988,0.0255629771241724,0.04871620671529512
113.03,-0.0152756785721464,0.0678233135047699,0.05109856830810523
113.04,-0.0152368038644268,0.069999339145322,0.048950935285368556
113.05,-0.0151973995652809,0.071090075229604,0.04702884250710839
113.06,-0.0151574674511628,-0.0050631446131356,0.04782852360620723
113.07,-0.0151170093167701,0.0505841777300184,0.04793255023392346
113.08,-0.0150760269750721,0.0396380723842489,0.04545339130597886
113.09,-0.0150345222570846,0.0565138874303967,0.04701114678019852
113.1,-0.0149924970119452,0.0126585655929793,0.04939921671309316
113.11,-0.0149499531068519,0.0047297318670927,0.05173708481748122
113.12,-0.0149068924268525,-0.0097630663576415,0.05046612179318651
113.13,-0.0148633168749412,0.0711996893123115,0.04924464758594804
113.14,-0.0148192283719095,0.0591070996235325,0.049020425603194626
113.15,-0.0147746288562733,0.0303537378362992,0.04783841454654702
113.16,-0.0147295202843039,0.1093669881177673,0.0470331522945926
113.17,-0.0146839046297836,0.1017333851217341,0.04964885129211762
113.18,-0.0146377838840805,-0.0052037860220575,0.05045959331510086
113.19,-0.0145911600560821,0.1360199411352959,0.047415091851584885
113.2,-0.0145440351719872,0.0997658751675362,0.0461461072237962
113.21,-0.0144964112753748,0.0481435186201687,0.04876828849887429
113.22,-0.014448290427127,0.0255281797065017,0.04990045584484936
113.23,-0.0143996747052399,-8.798122783552215e-05,0.051336430530062795
113.24,-0.0143505662048154,0.0631146518669482,0.048336201022530126
113.25,-0.0143009670380778,0.0451771069557222,0.04840836712692801
113.26,-0.0142508793341933,0.0541795679385613,0.048992745237777496
113.27,-0.0142003052392036,0.0498665343348899,0.046058935481047114
113.28,-0.0141492469159509,0.0676097602126662,0.04278172419142086
113.29,-0.0140977065440361,-0.0242964583495866,0.047629814496745866
113.3,-0.0140456863197913,0.0298652102468344,0.04539784104493934
113.31,-0.0139931884560517,0.0677243723696191,0.04308022268409463
113.32,-0.0139402151821732,0.0285052461325693,0.04326810465872595
113.33,-0.0138867687440036,0.0203924020318405,0.04550069721111887
113.34,-0.0138328514037583,0.0081948696541255,0.04664842214071695
113.35,-0.0137784654398454,0.0606225878158881,0.045953021787763074
113.36,-0.0137236131469153,0.0426256781641385,0.047900534556354825
113.37,-0.0136682968357892,0.0477569832264292,0.050256803261685
113.38,-0.0136125188332725,0.0329119480395828,0.05258037799853079
113.39,-0.0135562814821271,0.0966061103897677,0.05146543211633866
113.4,-0.0134995871409748,0.0891484986473587,0.057380849610303396
113.41,-0.0134424381842829,0.0510958895897973,0.059553132422040515
113.42,-0.0133848370022449,0.0520890400874265,0.06039468571558098
113.43,-0.0133267860005892,0.072412623306753,0.060766660791029006
113.44,-0.0132682876006456,0.0240142422937241,0.06120145076216817
113.45,-0.0132093442392566,0.0485112444549168,0.06168121091396871
113.46,-0.013149958368519,0.0860748750961489,0.05881562391717905
113.47,-0.0130901324558868,0.1036612107504952,0.05817854198957151
113.48,-0.0130298689840685,0.0986616038086514,0.05858753767220156
113.49,-0.0129691704507717,0.0441958966866314,0.059087462402802646
113.5,-0.0129080393688196,0.099927309023673,0.053426021056008896
113.51,-0.0128464782659515,0.0754831492933137,0.0512576388551041
113.52,-0.0127844896847362,0.085396991533969,0.0532588458498946
113.53,-0.0127220761825863,0.0363167227169779,0.05108951975782306
113.54,-0.012659240331489,0.0295229914257628,0.049362545091490635
113.55,-0.0125959847180612,0.0182698328419372,0.05279937281635182
113.56,-0.0125323119434639,0.0004452608833049,0.053203573927010736
113.57,-0.0124682246231799,0.0292469576843802,0.04987384375915646
113.58,-0.0124037253870556,0.0563458925616604,0.047720063963664815
113.59,-0.0123388168791427,0.0434103673822054,0.04565071978905018
113.6,-0.012273501757623,-0.0222841578929009,0.046694405704696226
113.61,-0.012207782694773,0.0436124724283579,0.04571634241220248
113.62,-0.0121416623767106,0.0931212364803978,0.045315124659732586
113.63,-0.0120751435034566,0.0065331921539243,0.042057618829233624
113.64,-0.0120082287888428,0.0361461553137719,0.043819886814760595
113.65,-0.0119409209602655,0.0961876245158089,0.04203633404048354
113.66,-0.0118732227587486,0.0569994677787542,0.04385708287814737
113.67,-0.0118051369387695,0.0161505415712092,0.04594620729366531
113.68,-0.0117366662681778,0.0584318350451705,0.04614079537205961
113.69,-0.0116678135281544,0.0552053761417441,0.04625982256572706
113.7,-0.0115985815129698,0.0661133009151984,0.046566926628536655
113.71,-0.0115289730300394,0.0793879798813043,0.05093241703592807
113.72,-0.011458990899793,0.0670575764914459,0.049126002748710186
113.73,-0.01138863795547,0.0169893690934908,0.05045953186588861
113.74,-0.0113179170431465,0.0733243504130442,0.050605727539901106
113.75,-0.0112468310216329,-0.0079316168340552,0.0552684905676066
113.76,-0.0111753827622407,0.0565055584328777,0.05224692269035141
113.77,-0.0111035751488353,0.0443168736091815,0.05259667246551582
113.78,-0.011031411077661,0.0333333073306606,0.055893511913592764
113.79,-0.0109588934572302,0.0588454636286768,0.05620400863615492
113.8,-0.0108860252083037,0.0498595527012068,0.05686362439167666
113.81,-0.010812809263655,0.0693911406623187,0.05623704515875893
113.82,-0.010739248568084,0.0056777723967824,0.05512247405362599
113.83,-0.0106653460782979,0.1211253479411449,0.05218509500606987
113.84,-0.0105911047627332,0.0096033013081866,0.053092039224248135
113.85,-0.0105165276015006,0.1340641788955871,0.050470542506669866
113.86,-0.0104416175863319,0.0327346990934502,0.055318754904946456
113.87,-0.0103663777204221,0.0643442130572066,0.05279224746466657
113.88,-0.0102908110183042,0.0853841699808252,0.049744400098265654
113.89,-0.0102149205057577,0.0649522662189757,0.052223730526466575
113.9,-0.0101387092197396,0.0690573070077006,0.051827948593081485
113.91,-0.0100621802082895,0.0529551370239261,0.05335514038334518
113.92,-0.009985336530327,0.0559819866735126,0.05503262069594731
113.93,-0.0099081812556078,0.0053726164927673,0.05713674516678292
113.94,-0.0098307174646677,0.0360351976752346,0.05528051028721442
113.95,-0.0097529482486619,0.0182729193439002,0.05687575072687675
113.96,-0.0096748767092008,0.0938808435297535,0.053702457856078946
113.97,-0.0095965059583341,0.0034489021870001,0.05459864304851135
113.98,-0.0095178391184502,-0.0196879210852379,0.05217498734340645
113.99,-0.0094388793220517,0.0853992463228799,0.051150681421846075
114.0,-0.0093596297117581,0.0505340430275899,0.04832527797275709
114.01,-0.0092800934401809,0.0819305802967445,0.046946639844540713
114.02,-0.0092002736697627,0.1046182272269634,0.049974746263573004
114.03,-0.0091201735726992,0.04986438628433,0.04965814359985551
114.04,-0.0090397963308175,0.0821444154702064,0.05205160701863937
114.05,-0.0089591451355064,0.0431033505410957,0.05355781172785553
114.06,-0.0088782231875667,0.0674250286088334,0.057564505656454594
114.07,-0.0087970336970694,0.0515545881345305,0.05404071084649476
114.08,-0.0087155798833171,0.0134474432500037,0.05296559551883839
114.09,-0.0086338649747053,0.0638737456280573,0.05746908735612083
114.1,-0.0085518922085553,0.005618793788107,0.05370827747863755
114.11,-0.0084696648310816,0.0401059063151568,0.05364199466197586
114.12,-0.0083871860972306,0.1165453718236043,0.052095032851173104
114.13,-0.0083044592705916,0.0493333307354451,0.04780401531574691
114.14,-0.0082214876232805,0.0556353482872282,0.04696597910888952
114.15,-0.008138274435776,0.0676654965687741,0.04683990065084211
114.16,-0.008054822996889,0.1024134918444805,0.048125819778985376
114.17,-0.00797113660361,0.0198811525205971,0.04804064694328672
114.18,-0.0078872185609424,-0.0191285196937835,0.04901638376415335
114.19,-0.0078030721818889,0.0748854074976931,0.05105396259484589
114.2,-0.0077187007872653,0.0064222388957311,0.050504821271679864
114.21,-0.0076341077055785,0.0491421038776944,0.05305248345302797
114.22,-0.007549296272985,0.0494443822698866,0.05504715922982059
114.23,-0.0074642698330851,0.0145068589830135,0.051192053743815365
114.24,-0.0073790317368482,0.0322656259403246,0.05004710390261469
114.25,-0.0072935853425271,0.0794967678512109,0.04946703085202724
114.26,-0.0072079340154712,0.0701076522321042,0.049084611325928555
114.27,-0.0071220811280581,0.0656363990591617,0.048097635073589426
114.28,-0.00703603005959,0.0720450613727296,0.04841295143236734
114.29,-0.0069497841961141,0.0562365986945469,0.05126655767016715
114.3,-0.0068633469303636,0.0523417778415711,0.04972495044028135
114.31,-0.0067767216616054,0.0591196995964169,0.052172378966804975
114.32,-0.006689911795546,0.081994097627802,0.051490628897594704
114.33,-0.0066029207442114,0.0355881566174947,0.053207968188516516
114.34,-0.0065157519257813,0.0252893840702308,0.04894113142868338
114.35,-0.0064284087645333,0.0434538142248917,0.050947896833634765
114.36,-0.0063408946907123,0.0596346865207018,0.0506323959639524
114.37,-0.0062532131403697,0.0816869905453588,0.05056526673932333
114.38,-0.0061653675552691,0.0265027960549332,0.05018055626395356
114.39,-0.0060773613827835,0.0407972113000124,0.05050085024629668
114.4,-0.0059891980757564,0.0425116556700915,0.05103374412906646
114.41,-0.0059008810923966,0.0578182379527272,0.05348072756045947
114.42,-0.0058124138961196,0.0348253524242785,0.05303050044249053
114.43,-0.0057237999554676,0.0855085073792449,0.053310396032012305
114.44,-0.0056350427439955,-0.0750967129734823,0.055065143799912945
114.45,-0.0055461457400984,0.0744076994443035,0.05912096665558973
114.46,-0.0054571124269264,0.0728712495878813,0.05842681032429468
114.47,-0.0053679462922812,0.0686979385148938,0.05736871619610445
114.48,-0.0052786508284718,0.0575574790763965,0.05481630930378825
114.49,-0.0051892295321515,0.0787712350019351,0.05791610041571623
114.5,-0.0050996859042889,0.0674273702327124,0.056181117608241245
114.51,-0.0050100234499805,0.1037284299008241,0.056354492807404837
114.52,-0.0049202456783303,0.0496649301190693,0.06008218430144853
114.53,-0.0048303561023643,0.0878719050077592,0.06004603524469637
114.54,-0.0047403582388555,0.072437859743408,0.05874993591135976
114.55,-0.0046502556082711,0.1104616640394433,0.06601319732538724
114.56,-0.0045600517345811,0.0288765312676956,0.06673040654529941
114.57,-0.004469750145164,0.0374147098287073,0.06386490804070474
114.58,-0.0043793543707093,0.0280864458067184,0.06269564544101273
114.59,-0.0042888679450597,0.0915984094054209,0.060517070440878035
114.6,-0.0041982944050833,0.0043625723430378,0.05714933742006829
114.61,-0.0041076372905901,0.0461525348525269,0.053205039685882784
114.62,-0.0040169001441825,0.1360997593276446,0.05067536716946021
114.63,-0.0039260865111162,0.0340662222324833,0.04963760434152893
114.64,-0.0038351999392227,0.0582904213791759,0.04609096140656092
114.65,-0.0037442439787288,0.0774317767210949,0.04607032583986379
114.66,-0.0036532221821899,0.089469093062459,0.04613808217890344
114.67,-0.0035621381043349,0.0126957809913932,0.047207868285671306
114.68,-0.003470995301924,0.0441434239213619,0.044790699161137884
114.69,-0.0033797973336774,0.0118074040735677,0.04655382945281569
114.7,-0.0032885477601191,0.0080488415649303,0.04621074390194645
114.71,-0.003197250143444,-0.0154028821851833,0.04630297267879234
114.72,-0.0031059080474044,0.0506053070559502,0.04704906924220091
114.73,-0.0030145250372037,0.0278719107325125,0.04264821300500921
114.74,-0.0029231046793476,0.0133924033734309,0.04251240010677756
114.75,-0.0028316505415376,0.0720045128427684,0.04469285023307713
114.76,-0.0027401661925247,0.1118845471592757,0.04417456814229194
114.77,-0.0026486552020033,0.051342039509821,0.04191739730953198
114.78,-0.0025571211405006,-0.0133458417864946,0.0436462095937663
114.79,-0.0024655675792129,0.0651121819319524,0.04460754287002999
114.8,-0.0023739980899106,0.0843936128371666,0.05003762733156323
114.81,-0.0022824162448115,0.0062993766568016,0.05325094137609041
114.82,-0.0021908256164465,0.061820562684107,0.058282569159610734
114.83,-0.0020992297775496,0.0436817783466189,0.05719778311652317
114.84,-0.0020076323009099,0.0312141513696184,0.061783249783756024
114.85,-0.0019160367592641,0.1040798740314671,0.06470571352825243
114.86,-0.0018244467251904,0.0665478528146059,0.06279181363910656
114.87,-0.0017328657709508,0.0420685055744998,0.05748233881451256
114.88,-0.0016412974683743,0.0490008389603139,0.05705655452441101
114.89,-0.0015497453887375,0.0643314227228994,0.05964680232787675
114.9,-0.0014582131026563,0.1258391777657656,0.06108952055927329
114.91,-0.0013667041799392,0.0755284365000012,0.055291101580459655
114.92,-0.0012752221894701,0.0902613012687435,0.05676111998516594
114.93,-0.0011837706990897,0.0278248001511114,0.05906665371699969
114.94,-0.0010923532754503,0.1241667107444025,0.058855764123128006
114.95,-0.0010009734839333,0.0747641420078553,0.060896885258378664
114.96,-0.0009096348884796,0.0318126151707053,0.058963572051150624
114.97,-0.0008183410514978,0.0003855758428015,0.060051647743148785
114.98,-0.0007270955337229,0.0424005694176884,0.058635172683135214
114.99,-0.0006359018940998,0.0410493620862861,0.05722419117085379
115.0,-0.0005447636896693,0.0954092647912796,0.05423175245887216
115.01,-0.0004536844754071,-0.0373731857179198,0.05150073295950739
115.02,-0.0003626678041407,0.0371697631556337,0.049282169466241005
115.03,-0.0002717172264188,0.110236771052616,0.048854941207630155
115.04,-0.0001808362903754,0.0392530968753133,0.04690896806430552
115.05,-9.002854160222729e-05,0.0740776952098823,0.04212779497441025
115.06,7.024769516084106e-07,0.0634802966796781,0.04297375316498196
115.07,9.135322513453836e-05,0.0893974423465673,0.0405511383683482
115.08,0.0001819201656844,0.0123225293142149,0.04382817751813913
115.09,0.0002723997643616,0.0193702272024039,0.04462755055467741
115.1,0.0003627884900853,0.0014902097712851,0.04339347855261601
115.11,0.0004530828150384,0.0684877682791056,0.04050918637565789
115.12,0.0005432792148096,0.0289386031414071,0.04581951084959347
115.13,0.0006333741684988,0.0812895078379158,0.04570819848798787
115.14,0.0007233641588388,-0.013040635858706,0.04392287009398007
115.15,0.0008132456723292,0.0237620758566017,0.04784629071925428
115.16,0.0009030151993549,0.0925292640098614,0.04713548586938606
115.17,0.0009926692343092,-0.0190622955586037,0.04715501794137624
115.18,0.0010822042757041,0.0692033979884109,0.047346052937651345
115.19,0.0011716168262981,0.0591874031849923,0.04660808768513197
115.2,0.0012609033932492,0.0151338500429967,0.04787503425787869
115.21,0.001350060488181,0.0348391290751591,0.0488387461993662
115.22,0.0014390846273276,0.0741436282347275,0.049366363444893105
115.23,0.0015279723316857,0.0348322035619159,0.05160298985639324
115.24,0.0016167201270816,0.0727448747784521,0.0489037297284468
115.25,0.0017053245443349,0.1216449300060718,0.05322897759353941
115.26,0.0017937821193525,0.0591507933626498,0.055091641647456904
115.27,0.0018820893932597,0.0638904701914718,0.05409041876201473
115.28,0.0019702429125467,0.0934091772683446,0.06330535570567433
115.29,0.0020582392291218,-0.003174740988692,0.06393030313259193
115.3,0.0021460749004831,0.0459761052300849,0.06589238123991677
115.31,0.002233746489863,0.021728160542523,0.06589962931066688
115.32,0.0023212505662645,0.0795677304351704,0.06678969742639237
115.33,0.0024085837046439,0.0759077577829101,0.06827703368107298
115.34,0.0024957424860333,0.0246050451510406,0.06976729373157352
115.35,0.0025827234976044,0.0777895693082389,0.0687676267128992
115.36,0.0026695233328544,0.062878020988869,0.06503421436451558
115.37,0.0027561385916807,0.0715035834155757,0.06474200442148981
115.38,0.0028425658805036,0.1744513802582478,0.06471727343718185
115.39,0.0029288018124157,0.0823272939536805,0.06095506221506882
115.4,0.0030148430072485,0.100391043438814,0.0649140041028453
115.41,0.0031006860917254,0.0152860595287491,0.06725501517255106
115.42,0.0031863276995919,0.0535305595053943,0.06933731136064455
115.43,0.0032717644716878,0.1053776895830201,0.06938714618491307
115.44,0.0033569930561,0.0661276646224274,0.06859603266584686
115.45,0.003442010108251,0.0517518673862912,0.07090079894553933
115.46,0.0035268122910575,0.0432432706900159,0.0663810129286542
115.47,0.0036113962750217,0.0530143845591085,0.06507056959356791
115.48,0.0036957587383035,0.0633711195210049,0.06541786052305965
115.49,0.0037798963669233,0.0144027416039709,0.06206292037378793
115.5,0.0038638058548257,0.079963038654614,0.06020211244542978
115.51,0.0039474839039821,0.0951373376939061,0.059273265164730166
115.52,0.0040309272245381,0.0654563804924861,0.06211468449634766
115.53,0.0041141325349103,0.0806142617448093,0.06422830078703672
115.54,0.0041970965619059,0.0592943738825199,0.063601297373904
115.55,0.004279816040853,0.0730051370245822,0.058928275463521015
115.56,0.0043622877156646,-0.0171259370463485,0.06012566324110461
115.57,0.0044445083389937,0.0353587109520568,0.06276783367010086
115.58,0.0045264746723755,0.0787966929349019,0.06193841881144892
115.59,0.0046081834862349,0.1039976371235422,0.06063145242563824
115.6,0.0046896315601008,0.0432503274581589,0.06379257527278268
115.61,0.0047708156827169,0.0808852505441223,0.06088946707544496
115.62,0.0048517326520447,0.0749558654927165,0.06066915890216743
115.63,0.0049323792754962,0.0979165016098643,0.06169710361107415
115.64,0.0050127523699927,0.0922106179072333,0.05846230174759541
115.65,0.0050928487620699,-0.0320057954956155,0.06062385760605723
115.66,0.0051726652880307,0.0768970107155471,0.06175492089397142
115.67,0.0052521987939729,0.098728849698937,0.06626069696526009
115.68,0.005331446135981,0.0355966725274175,0.06692832466171682
115.69,0.0054104041802227,0.0359248254189808,0.06654052379311667
115.7,0.0054890698029969,0.0807863213940042,0.06475400112530631
115.71,0.0055674398908939,0.0189977665105217,0.0669173067102886
115.72,0.0056455113409209,0.090510866055078,0.06623503473098015
115.73,0.0057232810605906,0.0870432193795272,0.06424607969210293
115.74,0.0058007459679737,0.0126834226117558,0.0618814672069733
115.75,0.0058779029918798,0.104687046910218,0.06303814751173034
115.76,0.005954749071968,0.0967574660707803,0.06763632198071096
115.77,0.006031281158797,0.0774953604507135,0.06490283801295336
115.78,0.0061074962139445,0.049378892577648,0.06228699989509188
115.79,0.006183391210135,0.070652874694299,0.0628658409438035
115.8,0.0062589631313642,0.0664806610995248,0.06373291139988826
115.81,0.0063342089729745,0.0886797447427869,0.0640677805455602
115.82,0.0064091257417214,0.0665575389786446,0.06440159730341112
115.83,0.00648371045594,0.033187809676295,0.06310552866187706
115.84,0.0065579601456727,0.0482596394221421,0.06181964659844846
115.85,0.0066318718526553,0.1165009043071313,0.06539109236030727
115.86,0.0067054426305113,0.0645558683529774,0.061797077928142485
115.87,0.0067786695448796,0.0194938473926374,0.06018903554604428
115.88,0.0068515496734422,0.043796249223846,0.05856347088221946
115.89,0.0069240801060355,0.0477523345503617,0.06079929710495701
115.9,0.0069962579447746,0.0541333049967606,0.056917768494399154
115.91,0.0070680803041844,0.0878185734531147,0.05957188359546859
115.92,0.007139544311277,0.0260079184253912,0.057159147318811956
115.93,0.0072106471055821,0.063293424582863,0.056788590995624444
115.94,0.0072813858393389,0.0600396960475264,0.058655234763571026
115.95,0.0073517576775955,0.0876837836107909,0.05956387174929839
115.96,0.0074217597982151,0.0292127438347574,0.05721171396485907
115.97,0.0074913893920669,0.0629885760467181,0.05850218685459966
115.98,0.0075606436630848,0.043358502510392,0.06407581559548102
115.99,0.0076295198283699,0.0963312432551368,0.06438438372055935
116.0,0.0076980151183209,-0.010859226127416,0.06668540843721028
116.01,0.0077661267766315,0.1222170782219829,0.06562339814140816
116.02,0.0078338520604931,0.0380122829329976,0.0608403711766404
116.03,0.0079011882406831,0.058775856191707,0.06368036357012329
116.04,0.0079681326015518,0.0723873288031731,0.06665370586709367
116.05,0.0080346824412519,0.0673410161224168,0.0665211773048904
116.06,0.0081008350717365,0.0671055908339055,0.06478489578075376
116.07,0.0081665878189085,0.0916557990375297,0.06546777129869868
116.08,0.0082319380227263,0.1365400509511462,0.06652643307619457
116.09,0.0082968830371815,0.0502761798504906,0.06843812093827609
116.1,0.0083614202305348,0.0960738536000314,0.06975884365562733
116.11,0.0084255469853633,0.0318310887849163,0.07244866989491022
116.12,0.0084892606985714,-0.0126249928070084,0.07053936279438452
116.13,0.0085525587815799,0.0856477586885317,0.07213710922376965
116.14,0.0086154386604225,0.1257336128192412,0.07223045275736288
116.15,0.0086778977757107,0.0572565962412575,0.07092133749153874
116.16,0.0087399335828686,0.0512218716039216,0.07208183817535135
116.17,0.0088015435521365,0.0435531297116007,0.06950792880813267
116.18,0.008862725168679,0.085220473374132,0.06871377396232267
116.19,0.0089234759327233,0.0835039476141036,0.06757879018683793
116.2,0.0089837933595099,0.1240664203195131,0.06815511460331722
116.21,0.0090436749795363,0.0456271248975246,0.06997690704306485
116.22,0.0091031183385936,0.0821216291109432,0.07238024812011325
116.23,0.0091621209977549,0.0715649579500852,0.07692767641335756
116.24,0.0092206805335642,0.060736070397165,0.07341277017144104
116.25,0.0092787945381422,0.0448959082208659,0.06885616999430205
116.26,0.0093364606192025,0.0917115304824819,0.06741515731833288
116.27,0.0093936764001517,0.0130534941223129,0.06879736012215434
116.28,0.0094504395201366,0.07497854727552,0.07085633475577843
116.29,0.0095067476342081,0.1127053916659666,0.06987311099432521
116.3,0.0095625984133984,0.0623789925965556,0.06930063218248866
116.31,0.0096179895446857,0.1343314948347317,0.0664920170763052
116.32,0.00967291873116,0.0823012514029325,0.06703944265731132
116.33,0.0097273836921596,0.0828710013511222,0.06794236231851654
116.34,0.0097813821632902,0.0118347276082848,0.06870163108588725
116.35,0.0098349118964197,0.0300450090993223,0.06876973732614348
116.36,0.0098879706598775,0.0269953300459051,0.07173029637298746
116.37,0.009940556238544,0.0802481304841721,0.07186909836265318
116.38,0.0099926664338362,0.0867915970177068,0.07296561180430891
116.39,0.01004429906378,0.0645727743836144,0.07640422865811149
116.4,0.0100954519631962,0.0714818925655362,0.07293871277239598
116.41,0.010146122983734,0.0650855030896601,0.074778698009794
116.42,0.0101963099938429,0.0571230620986532,0.070696441759324
116.43,0.0102460108789448,0.101082941996253,0.06839963862365571
116.44,0.0102952235415371,0.0875096020648702,0.06631104883239171
116.45,0.0103439459012394,0.0621663014425455,0.06804240977710183
116.46,0.010392175894755,0.1070676482045896,0.06804611688951367
116.47,0.0104399114760678,0.0946263722654618,0.06980171073798756
116.48,0.0104871506165532,0.0360802763970833,0.06844898274047943
116.49,0.0105338913048647,0.1471895012053741,0.06993840599816206
116.5,0.0105801315471831,0.0399295580659413,0.07251451177494886
116.51,0.0106258693672117,0.1010186825819138,0.07457849024213258
116.52,0.0106711028062089,0.0486041135748618,0.07400679467760914
116.53,0.0107158299231885,0.0340683855538983,0.07463138529487254
116.54,0.0107600487948056,0.0390106157345782,0.0724475884366151
116.55,0.0108037575155317,0.0481933074471973,0.06993900286904038
116.56,0.0108469541977851,0.0301228584599712,0.06983082573850274
116.57,0.0108896369718169,0.0638628008638566,0.06617170394177681
116.58,0.0109318039859307,0.0518408425365015,0.06529818228502988
116.59,0.0109734534064764,0.1180694854290421,0.0661408291987651
116.6,0.0110145834179287,0.1186709956961368,0.06062725264280145
116.61,0.0110551922230139,0.1148254403763943,0.06420708216726977
116.62,0.0110952780425999,0.0530798962346682,0.06443113900207391
116.63,0.0111348391159366,0.0702394650611845,0.06584857288724297
116.64,0.0111738737006927,0.0552232079728465,0.06822153668374911
116.65,0.0112123800728863,0.0348293051458012,0.06660906060668503
116.66,0.0112503565270594,0.0598945817012551,0.06766040203002043
116.67,0.0112878013763861,0.0302260904733451,0.06790498923232995
116.68,0.0113247129525567,0.0762824174737762,0.06842717857891192
116.69,0.0113610896059851,0.0537758615855231,0.06937385008061935
116.7,0.0113969297058091,0.0314043935301375,0.06613347921908715
116.71,0.0114322316399489,0.1151059780797757,0.06389049137688396
116.72,0.0114669938152373,0.1057238761128011,0.06023175758326112
116.73,0.011501214657289,0.078370225163412,0.06175043523748739
116.74,0.0115348926107483,0.0839006252805271,0.06014350274524287
116.75,0.0115680261393164,0.0051486181162325,0.06487709052843138
116.76,0.0116006137256485,0.0702714773372407,0.06405201541367742
116.77,0.0116326538715988,0.0352591897084708,0.06133847086432984
116.78,0.0116641450981613,0.0748287771420782,0.060198782718677624
116.79,0.0116950859455455,0.0717209440723577,0.05796321392233347
116.8,0.0117254749733064,0.0500216973368659,0.05842029979415385
116.81,0.0117553107602058,0.07156825100987,0.06031428755012708
116.82,0.0117845919044484,0.0379920307103143,0.0548865839122982
116.83,0.0118133170236983,0.0849721269734199,0.05154500777283948
116.84,0.0118414847550069,0.0364938827240498,0.050807161466978785
116.85,0.0118690937549542,0.1546285514198053,0.05027420985022373
116.86,0.0118961426997438,0.0175027277359678,0.05081677187398993
116.87,0.0119226302851827,0.0029101461649562,0.05024269548865566
116.88,0.0119485552267178,0.0062926394146483,0.050762695567989194
116.89,0.0119739162594584,0.0293354727505491,0.051179011360506475
116.9,0.011998712138303,0.063374664893751,0.05402296053838828
116.91,0.012022941637993,0.0711781364055751,0.055640825199772044
116.92,0.012046603552987,0.0011242016853694,0.053117549070802406
116.93,0.0120696966976863,0.0355507771841678,0.0573346356794304
116.94,0.0120922199064676,0.0628754527403376,0.05400878609174529
116.95,0.012114172033556,0.0727086413286709,0.055063867028868646
116.96,0.0121355519531934,0.0165424206153226,0.05463363423773604
116.97,0.0121563585597339,0.0582158732452213,0.056731137775819306
116.98,0.0121765907675902,0.0461791913744748,0.05955807494628998
116.99,0.0121962475112202,0.0835714087849411,0.06295881054780669
117.0,0.0122153277452824,0.1314438768078756,0.06307582987180751
117.01,0.0122338304446606,0.0839968552259251,0.06164058088347969
117.02,0.0122517546044281,0.0185794523015077,0.06063523220474733
117.03,0.0122690992398921,0.1265508494915022,0.06464880735411777
117.04,0.0122858633866573,0.0151292856320324,0.06655197455820676
117.05,0.0123020461007122,0.0586505824036402,0.06650335398986396
117.06,0.0123176464584234,0.1455936628060206,0.06535085926792161
117.07,0.0123326635564524,0.0615503020357164,0.06769955079437019
117.08,0.0123470965119359,0.0622758267448403,0.06916417387397461
117.09,0.0123609444625472,0.0777080870464991,0.06982518366268298
117.1,0.0123742065663179,0.0317928785545665,0.06961125738028755
117.11,0.0123868820018746,0.0332344361388669,0.06742416506398889
117.12,0.0123989699683801,0.0500658141521954,0.06837482004178559
117.13,0.0124104696855475,0.0854092798221486,0.07099910160409653
117.14,0.0124213803937706,0.0755172884700365,0.06501355708601249
117.15,0.0124317013539709,0.0618544208051389,0.06792210420017708
117.16,0.0124414318477622,0.0485062521678818,0.06955317555887845
117.17,0.0124505711775135,0.0658649426707427,0.06753289077947945
117.18,0.0124591186661832,0.088972957916914,0.06550540576384821
117.19,0.0124670736575016,0.0600603969373508,0.06236509487101373
117.2,0.0124744355160355,0.079078956854637,0.06072299069973942
117.21,0.0124812036270016,0.0855149381656037,0.06280868722369776
117.22,0.0124873773964834,0.1039606097596555,0.06582737936605654
117.23,0.0124929562513753,0.0736893651100374,0.06724780572929714
117.24,0.0124979396393942,0.0008544146117376,0.06557435111023364
117.25,0.0125023270291818,0.0762087750294886,0.06734784210933908
117.26,0.0125061179101437,0.0929030809363694,0.06850644338431108
117.27,0.0125093117926466,0.1031676824386413,0.06950459940676953
117.28,0.0125119082080349,0.0189731167074606,0.07328277685666779
117.29,0.0125139067084639,-0.0036707020046842,0.07072901063502932
117.3,0.0125153068670919,0.0432238994497387,0.06968820532673307
117.31,0.0125161082780406,0.0755925055576918,0.068336863198289
117.32,0.0125163105563985,0.096626971128401,0.06593603647913374
117.33,0.0125159133383012,0.0798947677802483,0.06599172741074182
117.34,0.0125149162807786,0.0502667328218152,0.06891218722950719
117.35,0.0125133190619408,0.1127605994512507,0.07299941058350308
117.36,0.0125111213809786,0.0861850475795508,0.07319455363374938
117.37,0.0125083229579991,0.0694675286395094,0.07080706292157257
117.38,0.0125049235342539,0.145206669118606,0.0716267403404639
117.39,0.0125009228720135,0.035343867262506,0.07263251206168955
117.4,0.0124963207546124,0.0382034854631296,0.07979548225524942
117.41,0.0124911169865349,0.0507007721573116,0.08244238272987692
117.42,0.0124853113932177,0.035097577063343,0.0806174002565863
117.43,0.0124789038212641,0.1051301193234253,0.0774065924722347
117.44,0.0124718941384188,0.1350190213041102,0.07751726361170565
117.45,0.0124642822334153,0.0866861050456511,0.08168681206751571
117.46,0.0124560680161533,0.0803067790846613,0.08020954844460002
117.47,0.0124472514176937,0.0427657759806563,0.08286410814347316
117.48,0.0124378323900997,0.1203809082353594,0.08382718608930431
117.49,0.0124278109065761,0.0400943228531989,0.0819590677958183
117.5,0.0124171869615025,0.1467516720600734,0.08423617776088493
117.51,0.0124059605703552,0.0988088094169159,0.08466007327242339
117.52,0.0123941317697134,0.0372678736185891,0.08398618201044594
117.53,0.0123817006172199,0.0292000076570174,0.08513803027207102
117.54,0.0123686671916894,0.0822188617091381,0.08726163706455074
117.55,0.012355031593092,0.1378272503938266,0.08241266070349984
117.56,0.0123407939424086,0.0817380633700209,0.08179599161881317
117.57,0.0123259543817366,0.141930801255887,0.0816483109892698
117.58,0.01231051307434,0.0896921655019634,0.08480217449231262
117.59,0.0122944702045796,0.1059761849553997,0.08298493016305308
117.6,0.0122778259778161,0.0831631765289054,0.0869404704319466
117.61,0.0122605806205489,0.0471052912054373,0.08202980518657357
117.62,0.0122427343803938,0.036549055655785,0.08199661023093961
117.63,0.0122242875259803,0.0592863905574697,0.08308130783791447
117.64,0.0122052403469935,0.1497258619654997,0.08625961661168328
117.65,0.0121855931541486,0.0331905177220411,0.0871040918597622
117.66,0.0121653462792664,0.0737360542672311,0.08610752462542705
117.67,0.012144500075209,0.0772054858642506,0.08422193424063426
117.68,0.012123054915758,0.1089969095445553,0.0794446393552762
117.69,0.0121010111957392,0.082218777320909,0.0778345075834855
117.7,0.0120783693310394,0.1231606684999627,0.07653274147431227
117.71,0.0120551297584231,0.0436277019072401,0.07392612353086674
117.72,0.0120312929356464,0.0981117153486026,0.07636360630412085
117.73,0.0120068593414873,0.0600465233650609,0.08127621801960225
117.74,0.0119818294755436,0.0959444919061629,0.0830691408149678
117.75,0.0119562038583875,0.099952841918795,0.07822789223308002
117.76,0.0119299830314806,0.1168993384727887,0.08041720153478646
117.77,0.0119031675571423,0.0421406652893723,0.07981293051280465
117.78,0.0118757580186396,0.0416076086633676,0.07689094885717725
117.79,0.0118477550199586,0.0558793982943586,0.0764375656658749
117.8,0.0118191591859412,0.0786390966627622,0.07189179283464907
117.81,0.0117899711623098,0.0284241997165492,0.06736275505205261
117.82,0.0117601916154563,0.0982924294437737,0.06995067776690736
117.83,0.0117298212325783,0.1397139016808944,0.0688473736057755
117.84,0.0116988607215928,0.0969377692601461,0.06799214297646546
117.85,0.0116673108111281,0.0480596417458565,0.06398652095902613
117.86,0.0116351722505458,0.0791660130578762,0.0641536552377129
117.87,0.011602445809758,0.0610463628056128,0.06300276091220641
117.88,0.0115691322793709,0.0158438710960753,0.062190566880995786
117.89,0.0115352324706358,0.099475862527206,0.06013458893578456
117.9,0.0115007472152955,-0.0132424521348333,0.06088561151721113
117.91,0.0114656773656907,0.028050875065437,0.059765915310341734
117.92,0.0114300237946729,0.0979740789191898,0.06108303872178111
117.93,0.0113937873955693,0.0749423279648337,0.06025717147868334
117.94,0.0113569690822323,0.04208668014955,0.057243011579046744
117.95,0.0113195697888451,0.0118264295399367,0.05857592154999679
117.96,0.0112815904700219,0.1034626617712172,0.06000720099848903
117.97,0.0112430321008161,0.0927305576371526,0.057856827263675324
117.98,0.0112038956764981,0.0250845906339491,0.05759843828376116
117.99,0.0111641822126806,-0.0015679281860681,0.06018088290129039
118.0,0.0111238927453044,0.0716508725043165,0.06112092723565466
118.01,0.0110830283304247,0.055125476318505,0.06516886044768688
118.02,0.0110415900443555,0.0560837913567763,0.06894136985731837
118.03,0.0109995789835504,0.0809492173387205,0.06698737268855143
118.04,0.0109569962645772,0.0764165437885258,0.07022913064679347
118.05,0.0109138430241295,0.1249288786500971,0.07147923373422434
118.06,0.0108701204188377,0.0781165101641935,0.07137576726930181
118.07,0.0108258296254132,0.0340081646267884,0.06673623101928575
118.08,0.0107809718405543,0.0556201942274154,0.06852743177124043
118.09,0.0107355482807908,0.0700752080641891,0.07015292454915269
118.1,0.0106895601825446,0.1192167935488556,0.07122306811066677
118.11,0.0106430088021303,0.0717641453178434,0.07041514785920762
118.12,0.0105958954156576,0.1072735726676984,0.07026921125634734
118.13,0.0105482213189456,0.0569401383750838,0.07368772895057203
118.14,0.0104999878274864,0.1430192450879165,0.07595324344235858
118.15,0.0104511962764869,0.0683388449855982,0.07648636379145166
118.16,0.0104018480207995,0.0096536337765639,0.07411637594582478
118.17,0.0103519444347666,0.0060324005208796,0.0755683689367728
118.18,0.010301486912248,0.1303457734282011,0.07548109232956134
118.19,0.0102504768666467,0.0592199389701064,0.07795450272876363
118.2,0.0101989157307913,0.0209050866057278,0.07889082175461093
118.21,0.0101468049568065,0.0546845472236743,0.07514376090943364
118.22,0.0100941460161763,0.0520608076584393,0.07618645333221735
118.23,0.0100409403997303,0.1278726629354945,0.07696499374692681
118.24,0.0099871896174219,0.1285250216662382,0.07610259102514703
118.25,0.0099328951984029,0.0876120711194804,0.06924919845927248
118.26,0.0098780586910041,0.0751591338919323,0.06833195108040496
118.27,0.0098226816625829,0.1086083629741022,0.069007365835114
118.28,0.009766765699487,0.0321753558753476,0.07307675568329286
118.29,0.0097103124070158,0.1075618126106635,0.06719260478673081
118.3,0.0096533234094337,0.0897379076069825,0.06727736472573503
118.31,0.0095958003498597,0.0405285158001327,0.07178706400275858
118.32,0.0095377448901201,0.0936606861963012,0.07561828464935615
118.33,0.009479158710815,0.1236229213765971,0.07422545587059001
118.34,0.0094200435112795,0.0388296812177083,0.07310494285091491
118.35,0.0093604010093839,-0.0009019987954491,0.06944134494113537
118.36,0.009300232941603,0.0490766500293805,0.06866047857543893
118.37,0.009239541062897,0.0238373436254537,0.06807073577414915
118.38,0.0091783271466638,0.0914895873326356,0.06448035009468175
118.39,0.0091165929847342,0.006778604600398,0.06755605842750922
118.4,0.009054340387174,0.0609998976891951,0.06809642723814664
118.41,0.0089915711823429,0.1156087714232223,0.06590946187987817
118.42,0.0089282872168333,0.1351401808022231,0.06866864814630225
118.43,0.0088644903552925,0.0228114033043506,0.06802706446551716
118.44,0.0088001824804812,0.1043418895223173,0.0631330891398522
118.45,0.008735365493151,0.0515894655608678,0.06753790809978365
118.46,0.0086700413119783,0.0712138774398552,0.07065093645850307
118.47,0.0086042118735668,0.0627745350648471,0.0703403730293206
118.48,0.0085378791322254,0.0332102637052866,0.07241763534963565
118.49,0.00847104506006,0.0967652308647246,0.07523610946033037
118.5,0.0084037116468815,0.1189095576340492,0.07974371105841078
118.51,0.0083358809000039,0.0438116350833446,0.08113419174681702
118.52,0.0082675548443322,0.0984714273950383,0.07940228952916362
118.53,0.008198735522269,0.0801874288998146,0.0766193939302869
118.54,0.0081294249935304,0.0208494395376327,0.08132056136774166
118.55,0.0080596253351938,0.1313308793762688,0.07947458160570628
118.56,0.0079893386415841,0.0644715967376588,0.08119797449781234
118.57,0.0079185670241926,0.0425548180165486,0.08018352302521936
118.58,0.0078473126116612,0.0674598523520697,0.08019456882187065
118.59,0.0077755775495819,0.1506775436572249,0.08144215277705684
118.6,0.0077033640005635,0.1014382381600867,0.08064068433059628
118.61,0.0076306741441212,0.0901999921457259,0.07661222666190551
118.62,0.0075575101764951,0.079238824852501,0.07505262515512703
118.63,0.0074838743107291,0.076699373225812,0.0729274906848024
118.64,0.0074097687764868,0.1215359194909004,0.07155079872089735
118.65,0.0073351958200351,0.0655763145195742,0.07276090398516574
118.66,0.007260157704178,0.0877807162950953,0.06921209156828885
118.67,0.0071846567080396,0.0499103965154026,0.0693650760795931
118.68,0.0071086951271753,0.0630064967945241,0.07099963915946182
118.69,0.0070322752734303,0.0594095267641968,0.07044978717882057
118.7,0.0069553994747589,0.0799343934890526,0.06585241046961318
118.71,0.0068780700752529,0.034311946591543,0.06308059073735708
118.72,0.0068002894350549,0.0110600034409967,0.06301463237076921
118.73,0.0067220599302725,0.053843603518221,0.06186801310910279
118.74,0.0066433839528229,0.0512768976578088,0.0611094767517568
118.75,0.0065642639104079,0.0462616500872688,0.058007679075089066
118.76,0.0064847022264918,0.0568058186218538,0.058280888846238624
118.77,0.0064047013401263,0.0676842714750481,0.058841995555627837
118.78,0.0063242637058424,0.076880642693792,0.05923406934358781
118.79,0.0062433917936782,0.0559129607586032,0.05906196347801847
118.8,0.0061620880890594,0.0541326327638697,0.05944846396862665
118.81,0.0060803550926136,0.0432300237827087,0.0561967043116241
118.82,0.0059981953201837,0.0888148664473806,0.057973004862192624
118.83,0.0059156113027564,0.0551598203575062,0.05773933592216292
118.84,0.0058326055863394,0.0607701097215462,0.06107304189335643
118.85,0.0057491807318094,0.056398168280878,0.06196797450198902
118.86,0.0056653393149058,0.0713137197137151,0.06383972343836361
118.87,0.0055810839261788,0.0995639571922686,0.06193296761563451
118.88,0.0054964171707999,0.0581439460625622,0.061720533666069895
118.89,0.0054113416684931,0.0593922736175677,0.05962878206399923
118.9,0.0053258600534816,0.0675260370669687,0.060840272429517214
118.91,0.005239974974408,0.011647440691999,0.06038094024146214
118.92,0.005153689094231,0.0716142581534823,0.06443446269855631
118.93,0.0050670050900591,0.0061529557003726,0.06510176685719804
118.94,0.0049799256531396,0.1238514289132849,0.06618325767553823
118.95,0.0048924534888139,0.0700704824390929,0.06585679268504262
118.96,0.0048045913162736,0.0855683777511355,0.06637699920387297
118.97,0.0047163418685658,0.0167639463445424,0.06549740510363058
118.98,0.0046277078925099,0.0632231585341913,0.05983771326847931
118.99,0.0045386921485673,0.0329538590503079,0.05888253349096278
119.0,0.0044492974107718,0.0813542584344811,0.058843603091196704
119.01,0.0043595264665657,0.0444866568147132,0.055623002392806535
119.02,0.0042693821167921,0.128353995381686,0.058804445650585964
119.03,0.0041788671755971,0.102828253778857,0.058333309287460076
119.04,0.0040879844702274,0.0778711275426505,0.0594816023617243
119.05,0.0039967368410276,0.053914344921138,0.057685867384491434
119.06,0.0039051271413709,0.0673225051763154,0.05708741436260719
119.07,0.003813158237434,0.0528422436086248,0.052880820570111314
119.08,0.0037208330082055,-0.0192895713459079,0.05330412682018123
119.09,0.0036281543453586,0.038085170734715,0.054437222185965015
119.1,0.0035351251531395,0.0585747352224802,0.05609680688469808
119.11,0.0034417483482956,-0.000106577599225,0.05529475563422798
119.12,0.0033480268599145,0.0784577491053671,0.056846370717719016
119.13,0.0032539636293793,0.0617203945278389,0.052497849543682855
119.14,0.003159561610283,0.0302671102599212,0.04970139415657031
119.15,0.0030648237682534,0.0861409943913947,0.05101925103767911
119.16,0.002969753080903,0.0575029689795239,0.05245506805337605
119.17,0.0028743525377211,-0.0027700918912781,0.05346220276145221
119.18,0.0027786251399625,0.0256533775960108,0.05435671487057679
119.19,0.002682573900567,0.0870181612156506,0.0549296346920763
119.2,0.0025862018439959,0.0678051377237023,0.05469187704715127
119.21,0.0024895120061957,0.064511182174609,0.053474588257978496
119.22,0.0023925074344732,0.0770705735680249,0.05666333508887334
119.23,0.0022951911873542,0.0370350507269268,0.05711646045387543
119.24,0.0021975663345108,0.0441026906494934,0.056726363529878795
119.25,0.0020996359566732,0.1055461220459353,0.05977885863272672
119.26,0.0020014031455017,0.0840665022507737,0.06006795934474257
119.27,0.0019028710034674,0.0884723340459147,0.06265347631831031
119.28,0.0018040426437382,0.0716269979002413,0.06750452551391264
119.29,0.0017049211901293,-0.0072582550944185,0.06798079700681314
119.3,0.0016055097769612,0.0330922601912893,0.06662999291545173
119.31,0.0015058115488936,0.0330116706498522,0.06772098034206338
119.32,0.0014058296609192,0.0668571058495666,0.06959095711030458
119.33,0.001305567278223,0.0879733817704111,0.06960804399146314
119.34,0.0012050275760067,0.0535283591239094,0.07244492826390977
119.35,0.0011042137394473,0.0943695074197278,0.07295760154104884
119.36,0.0010031289635892,0.0922121093437274,0.06970708424300462
119.37,0.0009017764532132,0.1117988254244464,0.06782443165058274
119.38,0.0008001594227258,0.0991019412163708,0.06601888873665016
119.39,0.0006982810960176,0.0356550789469214,0.06778540257515132
119.4,0.0005961447064273,0.058651275297061,0.0681820632613493
119.41,0.000493753496597,0.0907158736825472,0.06872639001090682
119.42,0.000391110718298,0.103780694307674,0.06843093345624088
119.43,0.0002882196324022,0.0774293980723545,0.06638686212939696
119.44,0.0001850835087552,0.0966096204483062,0.06478051943452619
119.45,8.170562604825626e-05,0.0548688294694137,0.06421150726213608
119.46,-2.1910728320584383e-05,0.0372852587870068,0.059804564768218466
119.47,-0.0001257622583294,0.0445307978099143,0.060602014063796915
119.48,-0.000229845659419,0.0505559328533303,0.0584109523516236
119.49,-0.0003341576186727,0.1087237885087659,0.05650270326975883
119.5,-0.0004386948148804,0.0010716193157392,0.05881272912398082
119.51,-0.0005434539186666,0.0445231219319971,0.05719247930746991
119.52,-0.000648431592623,0.0268070830018674,0.0538631783161761
119.53,-0.0007536244913786,0.0239316079858441,0.052714364489551274
119.54,-0.0008590292617627,0.0542401851781249,0.04987683583777382
119.55,-0.0009646425429138,0.0415791035037172,0.049834066318048376
119.56,-0.0010704609663458,0.001823715047458,0.05091971243094592
119.57,-0.0011764811561371,0.1089585445508748,0.052042211276289954
119.58,-0.0012826997290132,0.0657865294688067,0.05193654338178003
119.59,-0.0013891132944199,0.0590287104972107,0.05092974298127316
119.6,-0.0014957184547165,0.0841656218855834,0.04941996131826812
119.61,-0.0016025118052626,0.0246260291503317,0.052330981228551815
119.62,-0.0017094899345149,0.020800552865377,0.054433496298122434
119.63,-0.0018166494241689,0.0796556039485527,0.05691925081521109
119.64,-0.0019239868492476,0.0178412963850281,0.05669890187947195
119.65,-0.0020314987782654,0.0957114605340718,0.056605340339757344
119.66,-0.0021391817733418,0.0776673978402622,0.05791622659599477
119.67,-0.0022470323902401,0.0608577345392313,0.06023196141927494
119.68,-0.0023550471785815,0.0423117720252061,0.05746957268717923
119.69,-0.0024632226819448,0.0294131244426863,0.05866331712240445
119.7,-0.0025715554379496,0.0770183735856599,0.06075602161841579
119.71,-0.0026800419783812,0.0622030374316968,0.06079502092986801
119.72,-0.0027886788293407,0.0886759383929801,0.06106314213759935
119.73,-0.002897462511367,0.079007927860729,0.06362226011256854
119.74,-0.0030063895394921,0.0193042803353225,0.06149549828657093
119.75,-0.0031154564234497,0.0522753928441181,0.06041445421763604
119.76,-0.0032246596677387,0.0691077148847029,0.05723935760705742
119.77,-0.0033339957717481,0.0504541463363416,0.05541679040658532
119.78,-0.00344346122991,0.050948381176865,0.05632376724740055
119.79,-0.0035530525317628,0.0908551626085362,0.05569110646932161
119.8,-0.0036627661621407,0.1029755049134489,0.05519022344566712
119.81,-0.0037725986012621,0.08498460742608,0.05274038574325896
119.82,-0.0038825463248237,0.0302565745126899,0.0531390676225342
119.83,-0.0039926058041594,0.0745420303397299,0.05199427787161157
119.84,-0.0041027735063758,0.0349936056026029,0.052478506912052095
119.85,-0.0042130458944189,-0.0048606290626044,0.05517282295309533
119.86,-0.0043234194272351,0.0290344317119209,0.05200923604982374
119.87,-0.0044338905598989,0.0393934866303479,0.05145439979232871
119.88,-0.0045444557437046,0.0799042481963511,0.053004750483923516
119.89,-0.0046551114263243,0.0290258956855484,0.055541646889532816
119.9,-0.0047658540518774,0.0188945809459421,0.05377597110358264
119.91,-0.0048766800611221,0.0255717818350884,0.051186521955694946
119.92,-0.0049875858915415,0.0705753568964768,0.049308850540673556
119.93,-0.0050985679774295,0.0646353536236048,0.05042957265996671
119.94,-0.0052096227501019,0.08917673770998,0.04892254405498152
119.95,-0.0053207466379545,0.0758849171972304,0.04985113995180676
119.96,-0.0054319360665744,-0.014159932124585,0.05375912345283612
119.97,-0.0055431874589284,0.0574561534773069,0.05566102281752191
119.98,-0.0056544972354355,0.0830115108598327,0.05701665083311974
119.99,-0.0057101662721215,0.1042232056946604,0.05493596016373508
