timestamp_s,imu_ax_mps2,imu_gyroz_rps,imu_speed_est_mps
0.0,0.6503450324356632,-0.004005049829585,0.0
0.02,0.7248986726428885,-0.0206056343724251,0.014497973452857771
0.04,0.9235645313740364,-0.0134684280795291,0.0329692640803385
0.06,0.7922578128991015,-0.0064272407429373,0.04881442033832052
0.08,0.8793629274024204,0.0100439794083168,0.06640167888636893
0.1,0.8381289667230616,-0.0229041795209905,0.08316425822083016
0.12,0.6924291235932922,-0.0088863460503553,0.097012840692696
0.14,0.8337542359768444,-0.0249321666849777,0.11368792541223291
0.16,0.7306306850167356,0.0259505972910778,0.1283005391125676
0.18,0.7298245787306091,0.0128478616800419,0.1428970306871798
0.2,0.7800474512819181,0.0199320025900782,0.15849797971281818
0.22,0.5851387948137285,-0.0046181583726658,0.17020075560909273
0.24,0.9111604204992636,0.0516177209090306,0.188423964019078
0.26,0.6874067492773033,-0.0096636205910278,0.20217209900462407
0.28,0.8877938452009295,-0.0143720761300275,0.2199279759086427
0.3,0.7839310412221295,0.0264692413222828,0.23560659673308526
0.32,0.9512144594783664,-0.0207318580797547,0.2546308859226526
0.34,0.6879591412961199,0.0372948035750513,0.268390068748575
0.36,0.7295120724366317,0.0199646270620698,0.2829803101973076
0.38,0.8072187440128534,0.0209596455507343,0.29912468507756473
0.4,0.501535926471077,0.0389043436848414,0.3091554036069863
0.42,0.865516063301839,0.0433767250254781,0.32646572487302306
0.44,0.9508811995296956,0.0194295055090282,0.345483348863617
0.46,0.900809466512818,0.0221094080089882,0.3634995381938734
0.48,0.8558591529522492,-0.0005018965030635,0.38061672125291834
0.5,0.7474506461390952,-0.0394643458491327,0.39556573417570023
0.52,0.9184645201544744,0.0058549063105165,0.4139350245787897
0.54,0.8931752579535231,-0.0256465989783024,0.4317985297378602
0.56,0.8110484951365488,0.0118071633942288,0.4480194996405912
0.58,0.7641772114495903,0.0511711621911421,0.46330304386958293
0.6,0.7197680689644204,0.0144705708500407,0.47769840524887136
0.62,0.6151559397529928,0.0326141038039846,0.4900015240439312
0.64,0.9095221484423736,0.0124792724205256,0.5081919670127787
0.66,0.5013073284720373,0.0264241436113759,0.5182181135822195
0.68,0.7171000177403535,0.0168183644076046,0.5325601139370265
0.7000000000000001,0.7807955664340397,0.0488364512105673,0.5481760252657073
0.72,0.8637951255272475,0.0249823529554773,0.5654519277762522
0.74,0.9715353358783833,-0.0240898385610404,0.5848826344938198
0.76,0.8788486362526172,0.0007108381828941,0.6024596072188722
0.78,0.7241682122050653,0.016857950678735,0.6169429714629735
0.8,0.8460143084208624,-0.0002063874056428,0.6338632576313907
0.8200000000000001,0.6067224132439459,0.029587186276129,0.6459977058962697
0.84,0.9291697700058876,0.0151450371987208,0.6645811012963874
0.86,0.738250063489254,-0.0190057381881455,0.6793461025661724
0.88,0.6756132350212176,0.0448487651760629,0.6928583672665968
0.9,0.6792016414937062,0.0213276568259391,0.7064424000964709
0.92,0.7479373201619469,0.0118127090180774,0.7214011464997098
0.94,0.7075656358735479,0.0308594011360766,0.7355524592171807
0.96,1.028875504648967,0.0267405394217567,0.7561299693101601
0.98,0.6672784113469605,0.0016016415010235,0.7694755375370993
1.0,0.7567342869114222,0.024852532066699,0.7846102232753277
1.02,0.7555359414860607,0.0011376282290652,0.799720942105049
1.04,0.7548986101331231,0.0824037138548466,0.8148189143077115
1.06,0.7574708831315476,0.0310596866201617,0.8299683319703425
1.08,0.692352702047174,0.0411383194290593,0.8438153860112859
1.1,0.6794296698185918,0.0615603290019839,0.8574039794076578
1.12,0.64526511278841,0.0712407476166655,0.870309281663426
1.14,0.5694167200694065,0.0269082213906478,0.881697616064814
1.16,0.7732153111915514,0.0737461607075388,0.897161922288645
1.18,0.8646320076069751,-0.0182055114986078,0.9144545624407845
1.2,0.6805726597959891,0.0661426904535544,0.9280660156367043
1.22,0.6779324405909202,0.0857632058899213,0.9416246644485228
1.24,0.706199392488437,0.0503693625029537,0.9557486522982915
1.26,0.6880992691008218,0.052561414165024,0.969510637680308
1.28,0.5702100149900321,0.0533579562082022,0.9809148379801086
1.3,0.9055493581220396,0.0167791683772824,0.9990258251425495
1.32,0.7935780748997922,0.0278382231874687,1.0148973866405453
1.34,0.654644086413531,0.0386131995180284,1.027990268368816
1.36,0.7748452323022097,0.0732600555413085,1.0434871730148603
1.38,0.6856946325137311,0.0644464366715898,1.0572010656651347
1.4,0.7120256740440818,0.0642352531390993,1.0714415791460163
1.42,0.7801982869385934,0.0593617500989005,1.0870455448847882
1.44,0.8499666516578432,0.0514074853660244,1.104044877917945
1.46,0.9170299423910544,0.0485529916761983,1.1223854767657662
1.48,0.9382201885488244,0.032577040471426,1.1411498805367426
1.5,0.702939916173036,0.0320745608725729,1.1552086788602034
1.52,0.671872960503597,0.0590101663280489,1.1686461380702753
1.54,0.7428222717404962,0.0863979177730776,1.1835025835050852
1.56,0.7452875127814126,0.0477774134752809,1.1984083337607134
1.58,0.640783458088846,0.0826696353912632,1.2112240029224903
1.6,0.6534248372195958,0.0599470515775678,1.2242924996668823
1.62,0.8244545606245794,0.0250779927314735,1.2407815908793738
1.64,0.9228457612386812,0.0423686376080257,1.2592385061041471
1.66,0.6976055738754761,0.0754040166039201,1.2731906175816567
1.68,0.64597402507083,0.0518262552795577,1.2861100980830733
1.7,0.688657647181338,0.0418107592163286,1.2998832510267
1.72,0.6021669658157642,0.0588735266766321,1.3119265903430153
1.74,0.6877468780110231,0.0528914963295295,1.3256815279032357
1.76,0.7700818022738599,0.0485972913336873,1.3410831639487129
1.78,0.7085126478705748,0.0169542122426535,1.3552534169061243
1.8,0.865296725748925,0.0505082523967039,1.3725593514211027
1.82,0.7341159318203964,0.0462415564482626,1.3872416700575108
1.84,0.7725940385441173,0.0696387762238701,1.402693550828393
1.86,0.6958475228970699,0.0678549148372889,1.4166105012863346
1.88,0.8704054783703803,0.0564194883916539,1.434018610853742
1.9,0.5646597547598159,0.1123366010697625,1.4453118059489383
1.92,0.6737143979503497,0.0754726256965064,1.4587860939079453
1.94,0.5680953797686459,0.0725707456826172,1.4701480015033184
1.96,0.8068720663433511,0.0113690627037098,1.4862854428301855
1.98,0.8085277400856196,0.0129783988738631,1.5024559976318979
2.0,0.6433554020673055,0.0831044587015218,1.515323105673244
2.02,0.9029682205860906,0.0316733108239439,1.5333824700849656
2.04,0.6670589148308004,0.04100267415442,1.5467236483815816
2.06,0.53544970438242,0.0421240505920485,1.55743264246923
2.08,0.666423713308165,0.0820041086729731,1.5707611167353932
2.1,0.7420728072277808,0.0798049568385391,1.5856025728799488
2.12,0.6694342281110889,0.0749389669576435,1.5989912574421705
2.14,0.9681035324578036,0.0782408119852276,1.6183533280913267
2.16,0.7975561511203565,0.0396680172834521,1.634304451113734
2.18,0.9013209157793992,0.06624950170501,1.652330869429322
2.2,0.8585202398262739,0.1243691199956678,1.6695012742258475
2.22,0.488555438346242,0.0471008365703432,1.6792723829927723
2.24,0.644143226064533,0.0255312814960412,1.6921552475140629
2.26,0.3606697183078214,0.0420071066238214,1.6993686418802192
2.28,0.6091232540704586,0.0506148421174043,1.7115511069616283
2.3000000000000003,0.8190953918103251,0.0613106625109556,1.7279330147978351
2.32,0.5826787630287311,0.0787979781265608,1.7395865900584095
2.34,0.6060319279821411,0.0810922218453689,1.7517072286180524
2.36,0.7201303573764473,0.0667792005354812,1.7661098357655813
2.38,0.7740212633404719,0.0754507573024752,1.7815902610323908
2.4,0.6353240509475604,0.0678340320285336,1.794296742051342
2.42,0.6459119567709093,0.0479499910932439,1.8072149811867602
2.44,0.7722044091317506,0.0778560542342404,1.8226590693693951
2.46,0.7041202998216034,0.1002598012643046,1.8367414753658273
2.48,0.6378950035581521,0.109132278823993,1.8494993754369904
2.5,0.7083555393888323,0.0468064174864136,1.863666486224767
2.52,0.6782249916953736,0.0896856728068906,1.8772309860586744
2.54,0.6981112787830055,0.0707712178597696,1.8911932116343346
2.56,0.9061576548187174,0.0670002797751788,1.909316364730709
2.58,0.6278292562124772,0.0635502317434143,1.9218729498549585
2.6,0.598116708651692,0.0943728982387741,1.9338352840279924
2.62,0.8309477837086281,0.0576857714740828,1.950454239702165
2.64,0.5750416822205653,0.0352565965319681,1.9619550733465763
2.66,0.8645160442629372,0.0653583182763604,1.979245394231835
2.68,0.6332190372431634,0.1127708093348581,1.9919097749766983
2.7,0.663766944918352,0.0726127356063022,2.0051851138750654
2.72,0.7413150302976158,0.0866815511716091,2.0200114144810177
2.74,0.797216282208612,0.0758150972895342,2.03595574012519
2.76,0.7696365311560283,0.1116147573127134,2.05134847074831
2.78,0.6239041603876894,0.0968660791062488,2.063826553956064
2.8000000000000003,0.6027028328122119,0.1462072820319489,2.0758806106123084
2.82,0.686695125025203,0.1032048173501476,2.0896145131128123
2.84,0.6594790796035864,0.0521783853755296,2.1028040947048843
2.86,0.5645447154076573,0.0866492920551864,2.1140949890130374
2.88,0.6891999136424872,0.1256574328129691,2.127878987285887
2.9,0.7574923599104966,0.0435610161949153,2.143028834484097
2.92,0.6564547210070459,0.1345771563201078,2.156157928904238
2.94,0.8224202893603357,0.0869794884346025,2.1726063346914444
2.96,0.6822335278592884,0.0728782499448709,2.1862510052486304
2.98,0.612547249799166,0.0694932463635351,2.1985019502446135
3.0,0.6415087693890088,0.0845342207202448,2.2113321256323935
3.02,0.5604986532681292,0.0912646828717368,2.222542098697756
3.04,0.5021756650339915,0.0717057876661126,2.2325856119984357
3.06,0.681325202961129,0.0826431105514915,2.2462121160576585
3.08,0.5199529279974137,0.1300455329219497,2.256611174617607
3.1,0.5775399858790368,0.0710739438069623,2.2681619743351877
3.12,0.6080139925938725,0.0926683957845009,2.280322254187065
3.14,0.6631044447569976,0.1140793093981271,2.293584343082205
3.16,0.6703963439469268,0.1350484723714131,2.3069922699611434
3.18,0.6197197580506555,0.0883053985183344,2.3193866651221566
3.2,0.3796031564511274,0.1013197145171883,2.3269787282511794
3.22,0.584707257068033,0.0688739567927609,2.33867287339254
3.24,0.5145631709850422,0.1025851865143482,2.3489641368122407
3.26,0.5923869762977285,0.1075692506121393,2.360811876338195
3.28,0.7228199174237468,0.1053444803355571,2.37526827468667
3.3000000000000003,0.698543151342939,0.0904709859329191,2.389239137713529
3.3200000000000003,0.62649874053815,0.1053622886297765,2.401769112524292
3.34,0.6588366201240918,0.0590383770352257,2.4149458449267733
3.36,0.4176143112977036,0.1254621856344949,2.4232981311527273
3.38,0.6176768081332106,0.0664055560039814,2.4356516673153914
3.4,0.6672950397426457,0.0748130109293176,2.4489975681102445
3.42,0.5056711745680061,0.0629129653573778,2.4591109916016047
3.44,0.6370493840386215,0.0851615974703571,2.471851979282377
3.46,0.5407879167278721,0.107380992095109,2.4826677376169344
3.48,0.7045758963808115,0.1330302292282545,2.496759255544551
3.5,0.7155452364388676,0.1477280945385697,2.511070160273328
3.52,0.5163728358370028,0.1404625463599906,2.5213976169900683
3.54,0.7541013245252556,0.1083325677542581,2.536479643480573
3.56,0.5537368196771066,0.0879672912541821,2.547554379874115
3.58,0.8219677315637276,0.0980048513015054,2.56399373450539
3.6,0.5135279492547039,0.10517536017227,2.574264293490484
3.62,0.5781374778642835,0.120520034381255,2.5858270430477694
3.64,0.5940339639216761,0.1053296931792611,2.597707722326203
3.66,0.4763125238730235,0.1251010897355009,2.6072339728036638
3.68,0.3573116785603046,0.0738179478425371,2.61438020637487
3.7,0.4663463314452104,0.1020655909294576,2.623707133003774
3.72,0.6897855337466949,0.0973768821408061,2.637502843678708
3.74,0.5187194288337316,0.0999433602565366,2.6478772322553823
3.76,0.516873772067492,0.1134985325160696,2.658214707696732
3.78,0.7360065663973089,0.1157569333064947,2.6729348390246783
3.8,0.6111193312996362,0.1198077473212103,2.6851572256506713
3.82,0.6340689981356609,0.1104974727983049,2.6978386056133843
3.84,0.6496158293311127,0.1300388199167491,2.7108309222000067
3.86,0.4366746810504167,0.1094767184332633,2.719564415821015
3.88,0.5584077354668042,0.0889708761357506,2.730732570530351
3.9,0.5593353388630836,0.1355130836131001,2.7419192773076126
3.92,0.5201070582158549,0.0927139994546322,2.75232141847193
3.94,0.4058620515655609,0.1535521058148345,2.760438659503241
3.96,0.5905273900178413,0.0887495679224219,2.772249207303598
3.98,0.3336994210813034,0.0959878384601967,2.778923195725224
4.0,0.4181013377120348,0.1307838091350957,2.7872852224794644
4.0200000000000005,0.431256465861787,0.1343322435106451,2.7959103517967003
4.04,0.4767422965790083,0.1177593170043244,2.80544519772828
4.0600000000000005,0.6249436862344889,0.1290605827512362,2.8179440714529704
4.08,0.7206221794695743,0.1525852292904267,2.8323565150423615
4.1,0.7262974548338426,0.1544305612564637,2.8468824641390382
4.12,0.6141682227921843,0.0888397532217665,2.859165828594882
4.14,0.5679690944297282,0.1511400461350829,2.870525210483476
4.16,0.2326024089647335,0.1021804105919398,2.875177258662771
4.18,0.64637884143059,0.135763510315424,2.8881048354913825
4.2,0.8240081097400503,0.1673700886950489,2.9045849976861837
4.22,0.5606436171032361,0.1223673277678651,2.915797870028248
4.24,0.5321410310256895,0.1053536514582226,2.926440690648762
4.26,0.5856516842316436,0.116047371585181,2.938153724333395
4.28,0.5869895499372395,0.1018383879380791,2.94989351533214
4.3,0.5134841368248136,0.1408016231348648,2.960163198068636
4.32,0.4501705114898708,0.1159623090590198,2.9691666082984334
4.34,0.5361680008172701,0.0874360620155716,2.9798899683147786
4.36,0.3258649720211107,0.1117581719344563,2.986407267755201
4.38,0.2623056346854641,0.1127028941519923,2.99165338044891
4.4,0.6492210207595057,0.1442355138699384,3.0046378008641006
4.42,0.4286470697093472,0.1453449646999347,3.0132107422582872
4.44,0.5672296738234275,0.1359529993796145,3.024555335734756
4.46,0.6655614849799155,0.143878017488708,3.0378665654343537
4.48,0.6231337006884397,0.1325663122225983,3.0503292394481227
4.5,0.4079775098068254,0.1544440479510913,3.058488789644259
4.5200000000000005,0.5110344789703083,0.1080517922422541,3.0687094792236653
4.54,0.3298077641026524,0.1707128942881053,3.0753056345057184
4.5600000000000005,0.4548585418719982,0.0951828752057618,3.0844028053431587
4.58,0.5905934285092461,0.1037050293730357,3.096214673913343
4.6000000000000005,0.4665736526809828,0.1529931029740671,3.105546146966963
4.62,0.1182203881161107,0.1380270243450178,3.107910554729285
4.64,0.1878824471295916,0.1292240866642652,3.111668203671877
4.66,0.3594883534452944,0.1617753801614619,3.118857970740783
4.68,0.6133074625692092,0.1761683022132337,3.131124119992167
4.7,0.4748438738364725,0.1307071086742667,3.1406209974688966
4.72,0.4655369959364665,0.1592222166065655,3.1499317373876257
4.74,0.288294199216372,0.1440700157385709,3.1556976213719534
4.76,0.4614036234637213,0.1004339046297194,3.164925693841228
4.78,0.1684282980927143,0.1422596386779111,3.168294259803082
4.8,0.48008163632148,0.1630268299997119,3.1778958925295115
4.82,0.5781791288657249,0.1278361592331143,3.189459475106826
4.84,0.3361640887203971,0.1753515756725036,3.196182756881234
4.86,0.5620022174331,0.1449003427608196,3.2074228012298964
4.88,0.343083261723637,0.1657777382653801,3.214284466464369
4.9,0.4447476595072235,0.1434174162695399,3.223179419654514
4.92,0.4083383574757547,0.1439237835051591,3.2313461868040285
4.94,0.4334988934335414,0.156880557563921,3.2400161646726997
4.96,0.603049485463905,0.1081602957173906,3.2520771543819778
4.98,0.5231374144610805,0.1299389628185918,3.2625399026711994
5.0,0.3336376636680912,0.1702443745683673,3.269212655944561
5.0200000000000005,0.0807378505921208,0.1466499284829211,3.2708274129564034
5.04,0.5174752084008245,0.1335801628425566,3.28117691712442
5.0600000000000005,0.4993299001419493,0.1531902263294906,3.291163515127259
5.08,0.4250806260529337,0.1922478390406699,3.2996651276483178
5.1000000000000005,0.3357914321465696,0.0981046678799809,3.306380956291249
5.12,0.5921350064463597,0.1477210713234918,3.318223656420176
5.14,0.1834091066838213,0.1380067695674514,3.3218918385538525
5.16,0.3012943816240001,0.1235595739789952,3.3279177261863326
5.18,0.2170004518288987,0.1962883443916185,3.3322577352229104
5.2,0.4350577563942435,0.1413517223806494,3.3409588903507954
5.22,0.3320518015373744,0.1756851008090467,3.347599926381543
5.24,0.6389127916000694,0.1184121443176658,3.3603781822135446
5.26,0.3852368681830467,0.1140924328600178,3.3680829195772053
5.28,0.3519705782937246,0.0952160326225786,3.37512233114308
5.3,0.4468760260871639,0.1737404910639573,3.384059851664823
5.32,0.2878102208853773,0.2089317487598228,3.3898160560825303
5.34,0.2431239541395571,0.1769551046548009,3.3946785351653213
5.36,0.4349104363417279,0.1437047575309014,3.403376743892156
5.38,0.3095416623725408,0.1368588203373327,3.409567577139607
5.4,0.4828525243634645,0.1571237033952468,3.4192246276268765
5.42,0.4034185073304149,0.1612406561576881,3.4272929977734847
5.44,0.3747224573135373,0.1139379729813395,3.4347874469197555
5.46,0.366470752465601,0.1958704304192262,3.442116861969067
5.48,0.3454020631398865,0.1523389639639479,3.449024903231865
5.5,0.4021631992479841,0.1784262616884253,3.4570681672168244
5.5200000000000005,0.303091081478032,0.2064390669670959,3.463129988846385
5.54,0.1133300709043307,0.1995727963277579,3.4653965902644717
5.5600000000000005,0.3550851592385104,0.131758324963338,3.472498293449242
5.58,0.2879701469954061,0.1331688749774378,3.47825769638915
5.6000000000000005,0.1755021941227406,0.1177378420952269,3.481767740271605
5.62,0.4319039943370788,0.1884830218325898,3.4904058201583466
5.64,0.2900797591832225,0.1184492498307459,3.496207415342011
5.66,0.1237670048522047,0.1717123267172906,3.4986827554390554
5.68,0.3217076285852767,0.1413594305201967,3.505116908010761
5.7,0.2471904707978273,0.1608887916066347,3.5100607174267178
5.72,0.1214581619204348,0.1417581908972904,3.5124898806651266
5.74,0.3605863612494636,0.1436984735043442,3.519701607890116
5.76,0.1945357327213551,0.1847163119853638,3.523592322544543
5.78,0.4042849729557345,0.1691685526511257,3.531678022003658
5.8,0.2078582553178075,0.157977403398217,3.5358351871100138
5.82,0.4302779892314504,0.1803186728359505,3.544440746894643
5.84,0.3615576637051985,0.1321568444952306,3.5516719001687465
5.86,0.3210135074340034,0.1728231222022477,3.5580921703174266
5.88,0.2147526671477908,0.1421268581638076,3.5623872236603824
5.9,0.4115019666268426,0.1649819346563212,3.5706172629929194
5.92,0.3608223793756691,0.1701803308625313,3.5778337105804328
5.94,0.2543781444959738,0.1886211618770907,3.5829212734703524
5.96,0.3650122499312327,0.1458830792744126,3.5902215184689767
5.98,0.1697350805064135,0.1621299639354251,3.593616220079105
6.0,0.1367017046371252,0.1253274871660779,3.5963502541718477
6.0200000000000005,0.2762738764488486,0.1664770685683417,3.601875731700825
6.04,0.2937437498976172,0.1959326774560975,3.6077506066987772
6.0600000000000005,0.3340261166098792,0.2212678629195005,3.614431129030975
6.08,0.287950301963255,0.1696509872638885,3.62019013507024
6.1000000000000005,0.4264974920310855,0.1362868413683585,3.628720084910862
6.12,0.1202185290919815,0.1938015239994319,3.6311244554927016
6.140000000000001,0.3407451747432054,0.1651481854206332,3.6379393589875657
6.16,0.2970902724024689,0.1798104027804028,3.643881164435615
6.18,0.4302256026458784,0.1879713492643755,3.6524856764885323
6.2,0.2799375369236895,0.1861575949400395,3.6580844272270063
6.22,0.300371640552163,0.1336591362353944,3.6640918600380497
6.24,0.4712371124088563,0.1798148635408777,3.673516602286227
6.26,0.3529061572211052,0.1428973798019184,3.680574725430649
6.28,0.3278465525820828,0.1921906443435807,3.6871316564822907
6.3,0.2054729977669158,0.2145534529243665,3.691241116437629
6.32,0.2664326239618911,0.1856135565519624,3.696569768916867
6.34,0.0489393537623291,0.1161556914553121,3.6975485559921135
6.36,0.1434527839618122,0.1949839532468201,3.70041761167135
6.38,0.319810716313108,0.1642540180654427,3.706813825997612
6.4,0.0261437735173207,0.2012542065498627,3.7073367014679586
6.42,0.2482644018577563,0.2257187733370924,3.7123019895051135
6.44,0.2367317738597842,0.206264015030173,3.7170366249823092
6.46,0.2787588075846715,0.1613878699954564,3.7226118011340024
6.48,0.025987592507693,0.1402532192960947,3.723131552984156
6.5,-0.0166825234202233,0.1780495236286304,3.722797902515752
6.5200000000000005,0.35764692350262,0.1565193986464014,3.729950840985804
6.54,0.2352657793550546,0.2186423677635812,3.734656156572905
6.5600000000000005,0.2686801070408646,0.2021106367736896,3.7400297587137223
6.58,0.4109390763116128,0.1582974874450022,3.7482485402399544
6.6000000000000005,0.2352879443747134,0.2023159825748537,3.752954299127449
6.62,-0.0237848913632323,0.1644707220517745,3.7524786013001843
6.640000000000001,0.1719495430294256,0.205583385416051,3.755917592160773
6.66,0.3050938778555272,0.1695009587199071,3.7620194697178833
6.68,0.1533301729391754,0.2021644369641504,3.7650860731766667
6.7,0.1655271240584272,0.1614922098665173,3.7683966156578355
6.72,0.1271789651560224,0.1399851066176158,3.770940194960956
6.74,0.3730069302627146,0.1479245954387612,3.77840033356621
6.76,0.343556092147471,0.170413480678109,3.7852714554091595
6.78,-0.025316487079252,0.179879874425825,3.7847651256675743
6.8,0.4178762890477835,0.1397106321825385,3.7931226514485297
6.82,0.093976177613064,0.1796972599132812,3.795002175000791
6.84,0.4276891798254892,0.2021016642925578,3.8035559585973004
6.86,0.024209064375678,0.2049822009630717,3.804040139884814
6.88,0.3115862216105289,0.1697768250041171,3.8102718643170244
6.9,0.1089340316586109,0.1432370976391926,3.8124505449501966
6.92,0.1557349899724635,0.2476124015265605,3.8155652447496458
6.94,0.2779448086708708,0.1460609550433155,3.821124140923063
6.96,0.0807021429645254,0.1850583146298703,3.8227381837823535
6.98,0.2048220632829397,0.2256821537035545,3.8268346250480123
7.0,0.2014065938121508,0.1757618949714891,3.830862756924255
7.0200000000000005,0.3049919358838638,0.1861718136985675,3.8369625956419324
7.04,0.3235708199034753,0.1741339655195886,3.8434340120400017
7.0600000000000005,0.3825885307295356,0.187342246428304,3.8510857826545926
7.08,0.1911090287867823,0.2001607754759891,3.8549079632303282
7.1000000000000005,0.2012320340027979,0.1929316718819956,3.858932603910384
7.12,0.0814980716674726,0.1627862960601165,3.8605625653437334
7.140000000000001,0.0552505637197424,0.208658770400194,3.861667576618128
7.16,-0.0137137614949145,0.2193142629079326,3.86139330138823
7.18,0.1152261272660455,0.1513928528181414,3.863697823933551
7.2,0.1587052711419599,0.1590788943877485,3.8668719293563902
7.22,0.1399232552765233,0.1899234232701382,3.8696703944619206
7.24,0.203859537869613,0.1969611678771338,3.873747585219313
7.26,-0.0301154509237396,0.2181003163535243,3.8731452762008383
7.28,0.3381113110479501,0.1995446480976315,3.8799075024217973
7.3,0.1646262900143742,0.1780771495474951,3.8832000282220847
7.32,0.2565357041052714,0.2250574271095864,3.8883307423041904
7.34,0.1643627846985814,0.1942981359043022,3.891617997998162
7.36,0.0153369299361365,0.2129753153525265,3.8919247365968848
7.38,0.0790043732574741,0.1717594605109693,3.8935048240620342
7.4,-0.2800921287761942,0.2024759297719609,3.8879029814865103
7.42,0.1389612556212391,0.2090618659821053,3.890682206598935
7.44,0.102583789868545,0.255903509385321,3.8927338823963056
7.46,0.2540678318249746,0.1738410837571201,3.897815239032805
7.48,-0.1045993986531617,0.2102299438967721,3.8957232510597417
7.5,0.0942995676017905,0.2162549797461351,3.8976092424117774
7.52,0.0646991435312534,0.2086006434233362,3.8989032252824023
7.54,-0.0526118446532168,0.1848857073514778,3.897850988389338
7.56,-0.0795815052834863,0.1903365609028858,3.896259358283668
7.58,-0.0468316412671113,0.1998258694048102,3.895322725458326
7.6,0.2099316103689252,0.2076939228554638,3.8995213576657046
7.62,0.2077410479701835,0.2332465959210561,3.9036761786251084
7.640000000000001,-0.0856426860369429,0.2127580805809064,3.9019633249043695
7.66,0.064792916890882,0.1672288687024443,3.903259183242187
7.68,0.1392619339344752,0.152354072006192,3.9060444219208765
7.7,0.1191939930711679,0.1976764465651155,3.9084283017823
7.72,-0.1044381607655355,0.1966782592034735,3.9063395385669892
7.74,0.0032474293764252,0.2135091765683604,3.906404487154518
7.76,-0.0991657018021498,0.1971812234727706,3.904421173118475
7.78,0.1927711525638916,0.1715660552326501,3.9082765961697525
7.8,0.3799228648347575,0.1810082160766198,3.9158750534664475
7.82,0.0601911489245265,0.1874149953926505,3.917078876444938
7.84,-0.1936115210138456,0.169290820211992,3.913206646024661
7.86,0.1597978893073772,0.180886502186395,3.9164026038108086
7.88,0.2460959487393823,0.198871382670805,3.921324522785596
7.9,0.2344269543873403,0.1851309115915448,3.926013061873343
7.92,0.0744592164530237,0.2072784157317554,3.9275022462024034
7.94,0.1160017734546158,0.2127717426936747,3.9298222816714956
7.96,0.0615334816756341,0.2124018012392764,3.9310529513050083
7.98,0.1343504849195738,0.2025132926307257,3.9337399610034
8.0,0.1585918647017994,0.1861593274293535,3.936911798297436
8.02,-0.0470630880905827,0.172214248033968,3.9359705365356246
8.040000000000001,-0.0292648970143544,0.2224514126202372,3.9353852385953374
8.06,-0.0021286413358725,0.2076358141575905,3.93534266576862
8.08,0.0089972637963179,0.2213107529640301,3.9355226110445467
8.1,0.0574083216951731,0.1835522306113531,3.93667077747845
8.120000000000001,0.1664131523007753,0.2027788229352858,3.939999040524466
8.14,-0.1268349047295341,0.1637099174632644,3.937462342429875
8.16,0.1379597515847494,0.2078748350646598,3.94022153746157
8.18,0.0018893541384024,0.1775914292280559,3.9402593245443382
8.2,-0.3206059099068942,0.1762507563383492,3.9338472063462007
8.22,-0.0267125001805114,0.2004461916802873,3.9333129563425904
8.24,-0.0138033486602449,0.1918234995223071,3.9330368893693857
8.26,0.0825449719925552,0.196936289709064,3.934687788809237
8.28,0.0853300202898083,0.186206151851672,3.936394389215033
8.3,0.0116486079818496,0.2208339137227029,3.93662736137467
8.32,-0.0874847286053248,0.2202557468794314,3.9348776668025636
8.34,0.1224232628156585,0.2128379827362393,3.937326132058877
8.36,-0.075315191874339,0.2146994794507343,3.93581982822139
8.38,-0.1388173285346895,0.1945925288337044,3.9330434816506963
8.4,-0.0753201344639439,0.254942563095378,3.9315370789614175
8.42,-0.0651041886016598,0.2361909112214665,3.9302349951893842
8.44,-0.0162889963418593,0.2023017438945945,3.929909215262547
8.46,-0.0584668674340012,0.215008802753471,3.928739877913867
8.48,-0.050547036772822,0.1685126177858117,3.9277289371784105
8.5,0.08006925221756,0.1800460366329938,3.9293303222227616
8.52,0.0845583868222333,0.2255278820796513,3.9310214899592064
8.540000000000001,0.0508315639611172,0.2489946434397049,3.932038121238429
8.56,-0.0523260167218317,0.2426154168110831,3.9309916009039925
8.58,-0.0973383294193711,0.1984895246640963,3.9290448343156053
8.6,-0.0471478847117654,0.2106012499682961,3.92810187662137
8.620000000000001,-0.0389987131246999,0.1852350884773775,3.927321902358876
8.64,0.0775253008142532,0.1985884718908368,3.928872408375161
8.66,-0.0591201578579021,0.2420624575588242,3.927690005218003
8.68,-0.1720990762650732,0.2061465037257384,3.9242480236927015
8.700000000000001,-0.1300360823864267,0.1897203047801548,3.9216473020449727
8.72,0.1801157774220586,0.2029652634145704,3.9252496175934137
8.74,-0.145521576262344,0.177184287758947,3.922339186068167
8.76,-0.1872661220778697,0.2407950837400924,3.9185938636266098
8.78,-0.0726114390119727,0.2343409634701903,3.9171416348463706
8.8,0.1717237932713198,0.2389867774913484,3.920576110711797
8.82,-0.0300163214787845,0.1591811982971934,3.9199757842822214
8.84,-0.0084488080781129,0.2050635509084498,3.919806808120659
8.86,-0.2347237798890352,0.2061145154475855,3.9151123325228787
8.88,-0.2273571833180228,0.2646112892701514,3.910565188856518
8.9,-0.0497363493339576,0.178301578566316,3.909570461869839
8.92,-0.1063111566781634,0.2180394731734656,3.9074442387362756
8.94,-0.006576372833855,0.2044154369097084,3.9073127112795984
8.96,-0.18756262235243,0.2260045238867173,3.9035614588325496
8.98,0.0691785305674645,0.1981337852135617,3.904945029443899
9.0,0.1037958347100744,0.1884275273575469,3.9070209461381005
9.02,-0.2466351584555871,0.2197805580298473,3.902088242968989
9.04,-0.0334873120442455,0.223297733745355,3.901418496728104
9.06,-0.0982996849765615,0.2016899011058749,3.8994525030285727
9.08,0.1064391753272416,0.2309309985131534,3.9015812865351176
9.1,-0.0414464712551681,0.2324758044255729,3.9007523571100142
9.12,0.0439802119990838,0.2306981387033969,3.9016319613499957
9.14,-0.0814180534963389,0.2149119543339122,3.9000036002800686
9.16,-0.0364100508355859,0.2372217563034513,3.899275399263357
9.18,0.1799878247580351,0.2494137925939098,3.9028751557585175
9.2,0.1713818503265139,0.1839752155005961,3.9063027927650475
9.22,-0.2831750599289013,0.2040479010968933,3.900639291566469
9.24,-0.0356665831530495,0.2124634813303698,3.8999259599034084
9.26,-0.054265324543884,0.2066449842097061,3.8988406534125306
9.28,-0.2138697095241827,0.2131671995509589,3.894563259222047
9.3,-0.1789630336024925,0.20327558172939,3.890983998549997
9.32,-0.0663876419002949,0.1622147982319285,3.889656245711991
9.34,0.0243709909293425,0.1943073812920345,3.890143665530578
9.36,-0.0293360404103482,0.1568788667897248,3.889556944722371
9.38,-0.1441091089034391,0.257549872784355,3.8866747625443017
9.4,-0.2229432503148243,0.2039291176564823,3.8822158975380052
9.42,-0.3485317620375717,0.1817819210319264,3.8752452622972537
9.44,0.0857400473167663,0.1553866131520568,3.876960063243589
9.46,-0.1675861194209931,0.237548971742862,3.873608340855169
9.48,-0.2056146241434633,0.2224449821245015,3.8694960483722998
9.5,-0.0636647703835959,0.1646155806899897,3.868222752964628
9.52,-0.116175465530967,0.202988066980972,3.8658992436540087
9.54,-0.109545771838465,0.2159824495036172,3.8637083282172395
9.56,-0.030355990626578,0.2110702679581393,3.863101208404708
9.58,-0.1692227086618598,0.2194470675679403,3.8597167542314708
9.6,-0.2394504087010355,0.2242624842380541,3.85492774605745
9.62,-0.1312738919026654,0.2154186809195317,3.852302268219397
9.64,-0.1079310736287066,0.1802235677351402,3.8501436467468224
9.66,-0.2480362741353323,0.2454702238174774,3.845182921264116
9.68,-0.2516533766142839,0.2156132575768231,3.8401498537318304
9.7,-0.2463273982231962,0.2071721184398641,3.8352233057673666
9.72,-0.0243373011940019,0.2167267250748001,3.8347365597434866
9.74,0.0423087562077358,0.2247493541051295,3.8355827348676415
9.76,0.0274217229891135,0.184023205574386,3.8361311693274236
9.78,-0.2365363433628952,0.2081259771333288,3.8314004424601658
9.8,-0.2117617158175163,0.2147714871328718,3.827165208143815
9.82,-0.2833297276187141,0.2252422530205042,3.821498613591441
9.84,0.0887972495644025,0.2621485659406561,3.823274558582729
9.86,-0.1912345510666664,0.2136420739640257,3.8194498675613957
9.88,-0.1391500474722053,0.2249295064240472,3.816666866611951
9.9,-0.1932635378398832,0.2264541177137698,3.8128015958551535
9.92,-0.1175506914976854,0.2062697653501233,3.8104505820252
9.94,-0.2649708797629972,0.225489647752358,3.8051511644299403
9.96,-0.2150592698306977,0.2026950241763616,3.800849979033326
9.98,-0.2515354305905093,0.2644554600324472,3.7958192704215157
10.0,-0.4273580551280745,0.2542548284830732,3.7872721093189545
10.02,-0.1144517146023122,0.2204726808210399,3.7849830750269082
10.04,-0.0578638199243197,0.2161077866013246,3.783825798628422
10.06,-0.03145601080591,0.2103385859829436,3.7831966784123034
10.08,0.0378165141833683,0.2296737962456551,3.783953008695971
10.1,-0.0367102594794718,0.1720249209372649,3.7832188035063816
10.12,-0.1607469561087291,0.2105808838942404,3.780003864384207
10.14,-0.0883064057353037,0.209338938264969,3.7782377362695008
10.16,-0.2185756197458565,0.2192457442307865,3.7738662238745837
10.18,-0.0610883378834587,0.2201699483190088,3.7726444571169147
10.2,-0.1920402366804994,0.2006071292988329,3.768803652383305
10.22,-0.437918099693713,0.232498144715123,3.76004529038943
10.24,-0.164032392854765,0.2582641535421103,3.756764642532335
10.26,-0.15422734206287,0.2284102423564326,3.7536800956910774
10.28,-0.3039000225194719,0.2242521494351829,3.7476020952406883
10.3,-0.1072924826786806,0.2239693894804608,3.7454562455871145
10.32,-0.0230487069136656,0.2278000649865424,3.744995271448841
10.34,-0.3055042764415622,0.1912834737308144,3.73888518592001
10.36,-0.0773309907540155,0.1997304702696496,3.7373385661049294
10.38,-0.0652234986949784,0.2203117766602622,3.73603409613103
10.4,-0.2846088276040802,0.2355468093401883,3.7303419195789482
10.42,-0.2249764287405605,0.2301050173349019,3.725842391004137
10.44,-0.3042211995438132,0.2212619411058665,3.719757967013261
10.46,-0.2437044240198389,0.1475066005262858,3.7148838785328637
10.48,-0.1814701083615976,0.2302258574169004,3.7112544763656317
10.5,-0.0367235563089176,0.2279318046076807,3.710520005239453
10.52,-0.2545294690194762,0.2509124056159186,3.7054294158590637
10.54,-0.3655992639561647,0.2575221750700531,3.6981174305799405
10.56,-0.5575413339186712,0.1973294898084154,3.6869666039015665
10.58,-0.2616993523371991,0.2195627683216041,3.6817326168548226
10.6,-0.3401258305294092,0.197603979130889,3.6749301002442345
10.62,-0.1613787955434948,0.1980273101373919,3.6717025243333645
10.64,-0.1572445677625971,0.2395773203290017,3.6685576329781124
10.66,-0.3763217435147982,0.2230489284104608,3.6610311981078167
10.68,-0.1435181109189202,0.242268703647337,3.658160835889438
10.7,-0.2134767112408229,0.1885816140245255,3.653891301664622
10.72,-0.2195511480289358,0.2171765327147936,3.649500278704043
10.74,-0.2527101000329709,0.2069137138117574,3.644446076703384
10.76,-0.0760519934586663,0.1883181725492124,3.6429250368342108
10.78,-0.1210019839115872,0.1736160549333466,3.640504997155979
10.8,-0.1709241979760094,0.2448744437801751,3.6370865131964587
10.82,-0.0563072562627702,0.1968555333091667,3.635960368071203
10.84,-0.1912683749241576,0.1952952696029901,3.63213500057272
10.86,-0.1798000201120903,0.229939983443697,3.6285390001704783
10.88,-0.1332012440499907,0.2260284771876396,3.625874975289478
10.9,-0.2308712232616482,0.2213604334697921,3.6212575508242453
10.92,-0.3436374036106516,0.1940926749825622,3.614384802752032
10.94,0.0111346479581796,0.2720085387758366,3.614607495711196
10.96,-0.088148089802611,0.2447168326979773,3.6128445339151436
10.98,-0.3581840804193452,0.2662426126896513,3.6056808523067567
11.0,-0.3211655462786345,0.183213783146365,3.599257541381184
11.02,-0.3319766113801253,0.2138939045334655,3.5926180091535818
11.04,-0.3878459513222086,0.1952044853482648,3.584861090127138
11.06,-0.1624536378917372,0.1910346406332513,3.5816120173693027
11.08,-0.0265323570297648,0.2319844322866909,3.5810813702287074
11.1,-0.1612062183200601,0.234422421644835,3.5778572458623064
11.12,-0.0214251074839641,0.230428381259244,3.577428743712627
11.14,-0.2595718091113566,0.273743267554574,3.5722373075303993
11.16,-0.1786652137181486,0.2540963752054282,3.5686640032560364
11.18,-0.3222422092570391,0.1955353237949155,3.562219159070896
11.2,-0.2092893924668839,0.2304858429457873,3.5580333712215584
11.22,-0.0837859897015755,0.2305618074403433,3.556357651427527
11.24,-0.1278475025477539,0.2400434688304485,3.553800701376572
11.26,-0.0918176007099877,0.241170111246178,3.5519643493623723
11.28,-0.2639581310723528,0.2623449741327795,3.5466851867409255
11.3,-0.1062772460943117,0.2473360078992874,3.5445596418190393
11.32,-0.0425215816405971,0.2565434799355786,3.5437092101862273
11.34,-0.1496601390050179,0.2289654376846817,3.540716007406127
11.36,-0.3848292275408803,0.1788450571341281,3.53301942285531
11.38,-0.1848555000188821,0.2438883091156545,3.529322312854932
11.4,-0.1901294440385028,0.1987458011041319,3.525519723974162
11.42,-0.3007870626479772,0.2036458567382839,3.5195039827212025
11.44,-0.3445177279639958,0.2078881346682927,3.512613628161923
11.46,-0.3189782297736364,0.2115200232542113,3.50623406356645
11.48,-0.084290585065117,0.2274717758124837,3.5045482518651476
11.5,-0.2068494169328579,0.246933383462649,3.5004112635264906
11.52,-0.0229396447943924,0.2436102658159956,3.499952470630603
11.54,-0.4397154730219744,0.238827325931814,3.4911581611701634
11.56,-0.1739961519484275,0.2179455523544107,3.4876782381311946
11.58,-0.0332812775504618,0.2550453409738519,3.4870126125801852
11.6,-0.0061290243277199,0.2157150822010364,3.4868900320936307
11.62,-0.2911743122319218,0.2322550122725246,3.4810665458489924
11.64,-0.0360908671621052,0.1824206523530436,3.4803447285057505
11.66,-0.0963388441283444,0.1805429552906856,3.4784179516231837
11.68,-0.0862812950981428,0.2140605628936094,3.476692325721221
11.7,-0.2030094996033851,0.2347426568127046,3.472632135729153
11.72,-0.1080082307534994,0.2354417823258537,3.4704719711140832
11.74,-0.1199271956732065,0.1382746790807375,3.4680734272006193
11.76,-0.3025359873444353,0.241174838596016,3.462022707453731
11.78,-0.5549785411452668,0.1965410287092645,3.4509231366308257
11.8,-0.0941784593571725,0.2547089803984564,3.4490395674436822
11.82,-0.1037032490232459,0.2485013618434523,3.4469655024632173
11.84,-0.1418525388219241,0.1953128534778796,3.4441284516867787
11.86,-0.2799144335306651,0.2345325485906174,3.4385301630161655
11.88,-0.2805493996490035,0.2274119210630398,3.432919175023185
11.9,-0.4210802000874381,0.1711387664322763,3.4244975710214365
11.92,-0.0378422835587554,0.2103510668587035,3.423740725350261
11.94,-0.2430423372796575,0.1889169502837931,3.418879878604668
11.96,-0.1319154770389471,0.2162123847756788,3.416241569063889
11.98,-0.2752179564703614,0.229417591847953,3.410737209934482
12.0,-0.5159195410988708,0.2160763186190479,3.4004188191125047
12.02,-0.1387679133100123,0.2446251965570123,3.3976434608463046
12.04,-0.0881247007918438,0.2369591580212437,3.3958809668304677
12.06,-0.0111194356447115,0.2320712563082518,3.3956585781175734
12.08,-0.2480527076446143,0.200734407278244,3.3906975239646813
12.1,-0.2921256900114071,0.2030120196360008,3.3848550101644532
12.12,-0.2168464068028772,0.2147257461773512,3.380518082028396
12.14,-0.3603269179533114,0.1632470837983588,3.3733115436693293
12.16,-0.340938036070718,0.2515133313092139,3.366492782947915
12.18,-0.1627301377662854,0.169568413239345,3.3632381801925892
12.2,-0.2647411567622039,0.2454711538384479,3.357943357057345
12.22,-0.3004624894296893,0.189581203487834,3.3519341072687507
12.24,-0.1905292054235665,0.1796932912918263,3.3481235231602793
12.26,-0.2794212628476009,0.2276039844916862,3.3425350979033275
12.28,0.0510936523528874,0.238308409126996,3.3435569709503854
12.3,-0.2733241532583577,0.2145465942430044,3.338090487885218
12.32,-0.0522391598621611,0.2151553205861798,3.3370457046879745
12.34,-0.1546517612083683,0.1854745205205024,3.333952669463807
12.36,-0.1221189620908628,0.2184255044612151,3.3315102902219897
12.38,-0.1962024934622598,0.1954801546557157,3.327586240352744
12.4,-0.2569719767684705,0.2118312888641719,3.322446800817375
12.42,-0.2393258852649715,0.2145433755254189,3.3176602831120756
12.44,-0.3121240272782579,0.2390150075517079,3.3114178025665106
12.46,-0.1952087689722985,0.2423296257328152,3.307513627187064
12.48,-0.1234530127168728,0.2330020445228174,3.3050445669327266
12.5,-0.5324881396253109,0.2159406380582753,3.2943948041402207
12.52,-0.392422838888772,0.1712104563730357,3.2865463473624454
12.54,-0.3843174764766207,0.2488344155408008,3.2788599978329134
12.56,-0.1628280329645384,0.1979961030502147,3.2756034371736225
12.58,-0.1662162669883954,0.1933418809142215,3.272279111833855
12.6,-0.2908587564247952,0.2019416848993235,3.266461936705359
12.62,-0.0607402197502857,0.1932195556572906,3.2652471323103534
12.64,-0.2870309988960605,0.2164468097830631,3.2595065123324316
12.66,-0.1766649415869254,0.1998683852036832,3.255973213500693
12.68,-0.1458182855667962,0.242762725076775,3.2530568477893573
12.7,-0.261030452414529,0.1784593702331952,3.247836238741067
12.72,-0.1167372784239105,0.1972119928324711,3.2455014931725885
12.74,-0.2860131786909781,0.1476569413097188,3.239781229598769
12.76,-0.2439613259252486,0.2160356224637933,3.2349020030802644
12.78,-0.2283434643318789,0.2536832192956159,3.230335133793627
12.8,-0.1508772864900258,0.1971715256215939,3.2273175880638263
12.82,-0.0690491705189914,0.1991458261181209,3.2259366046534463
12.84,-0.3325682637077836,0.1989160996837356,3.219285239379291
12.86,-0.4070908739280521,0.2350252604647797,3.2111434219007298
12.88,-0.1616292312802552,0.2370214791833653,3.2079108372751244
12.9,-0.4928272838475387,0.169595672149643,3.198054291598174
12.92,-0.2349773308333922,0.2200265626153461,3.193354744981506
12.94,-0.1713542843617115,0.2531575335672441,3.189927659294272
12.96,-0.4512172533527036,0.1913174046231434,3.1809033142272174
12.98,-0.3413971352895895,0.1970456996763769,3.174075371521426
13.0,-0.2773442350412434,0.1830526861456841,3.168528486820601
13.02,-0.2541922397578939,0.1946194110147034,3.163444642025443
13.04,-0.2403131963458949,0.1701635865563552,3.158638378098525
13.06,-0.1917013677774013,0.2188547062654061,3.154804350742977
13.08,-0.1563219282306548,0.1918474421286629,3.151677912178364
13.1,-0.4289360100418916,0.2135852655644828,3.143099191977526
13.12,-0.0891642798706162,0.1966422556211039,3.1413159063801137
13.14,-0.2730819420670956,0.1939085957216309,3.1358542675387713
13.16,-0.2884606616798812,0.2564640335336966,3.130085054305174
13.18,-0.1046589631331582,0.1894687600287719,3.1279918750425106
13.2,-0.3023577152687243,0.1978194318288387,3.1219447207371362
13.22,-0.3426414255950636,0.1973224601953591,3.1150918922252346
13.24,-0.4636565209206746,0.2207590848009923,3.1058187618068214
13.26,-0.0855715765863295,0.1858546806568251,3.104107330275095
13.28,-0.450523087777234,0.2333040153459126,3.0950968685195503
13.3,-0.3940077967987835,0.2298019229094531,3.087216712583574
13.32,-0.4910319264435644,0.2161281372245538,3.077396074054703
13.34,-0.2831880569872557,0.186047939222001,3.071732312914958
13.36,-0.4590854278554773,0.1896331953413787,3.0625506043578485
13.38,-0.093661727689349,0.1399349276765972,3.0606773698040612
13.4,-0.316639377438254,0.1768956426384771,3.0543445822552964
13.42,-0.3737838267666244,0.2412241090726922,3.046868905719964
13.44,-0.1880087790466478,0.2136316935996502,3.043108730139031
13.46,-0.3621195237490148,0.249957065665515,3.03586633966405
13.48,-0.2475219947708299,0.2137060143130069,3.0309158997686336
13.5,-0.1227476869655618,0.1980525821641103,3.0284609460293224
13.52,-0.3279916846047252,0.2030491800725309,3.021901112337228
13.54,-0.2755784671332451,0.2066261488677767,3.0163895429945633
13.56,-0.3194378295444475,0.1607960818189403,3.010000786403674
13.58,-0.2675676014964616,0.2099737501833024,3.0046494343737447
13.6,0.1374015683337825,0.2275474372238763,3.00739746574042
13.62,-0.4849337864458861,0.2214562163589252,2.9976987900115026
13.64,-0.1189979194291972,0.1801505280851497,2.9953188316229187
13.66,-0.2210587781728245,0.2067264081043349,2.9908976560594622
13.68,-0.3111149480347538,0.2015115807866984,2.984675357098767
13.7,-0.1049245918508816,0.2253628071597087,2.9825768652617497
13.72,-0.0763606665256869,0.1948785059416685,2.9810496519312357
13.74,-0.3337999961657627,0.2173812597138951,2.9743736520079205
13.76,-0.2358427122302883,0.1531817437566784,2.9696567977633146
13.78,-0.2978956103298289,0.1886303402764828,2.963698885556718
13.8,-0.1699595770323342,0.2285801555011749,2.9602996940160713
13.82,-0.2020295219672058,0.1797666013772366,2.9562591035767274
13.84,-0.2249985632552714,0.2333804819190564,2.951759132311622
13.86,-0.1705671210122497,0.1885033355614001,2.9483477898913772
13.88,-0.160304336229471,0.1247639398860194,2.9451417031667875
13.9,-0.0425957218827772,0.2185726699792642,2.944289788729132
13.92,-0.3237910426929267,0.1740406000301017,2.937813967875274
13.94,-0.2275057171294482,0.2102438028634429,2.933263853532685
13.96,0.0748032052122378,0.2312456197470658,2.93475991763693
13.98,-0.2947732052671373,0.2071484909430994,2.9288644535315873
14.0,-0.0698349172499204,0.1982676080253813,2.927467755186589
14.02,-0.3343691300375522,0.2098141196829282,2.920780372585838
14.04,-0.1290147956953647,0.1807580872118545,2.9182000766719307
14.06,-0.2363625820975754,0.2438091184148943,2.913472825029979
14.08,-0.1655796000749443,0.2586490718664992,2.91016123302848
14.1,-0.2490279229667,0.2299547751395942,2.905180674569146
14.12,-0.0576779896496932,0.1698680226352577,2.9040271147761523
14.14,-0.2170831592362496,0.2056667250643671,2.899685451591427
14.16,-0.2319005929947077,0.1648502502789324,2.8950474397315333
14.18,-0.1538595648585277,0.1704141028638145,2.891970248434363
14.2,-0.295348604542178,0.1903280003335884,2.8860632763435197
14.22,-0.4902783999751381,0.2023713189806998,2.876257708344016
14.24,-0.3890253529050742,0.1927143105412037,2.868477201285915
14.26,-0.294175764701798,0.2083171026198675,2.8625936859918792
14.28,-0.0008728972718854,0.2147096977389608,2.8625762280464415
14.3,0.0672791783364443,0.2088785555713027,2.8639218116131704
14.32,-0.3669496898104618,0.2021907076934739,2.856582817816961
14.34,-0.1851783363052486,0.1941595690610166,2.8528792510908563
14.36,-0.2854780255499528,0.2437490088250674,2.8471696905798574
14.38,-0.1726464544655978,0.2049118389329567,2.843716761490545
14.4,-0.3562269199248198,0.2179178775897747,2.836592223092049
14.42,-0.1580788950620243,0.1739583758602189,2.8334306451908082
14.44,-0.2962784186727161,0.1668640927667568,2.827505076817354
14.46,-0.3425903907450309,0.2071367234126493,2.8206532690024533
14.48,-0.2774968287125338,0.2015713871985084,2.815103332428203
14.5,-0.4397362245972212,0.2235660400223487,2.8063086079362587
14.52,-0.1158818771796007,0.1812595753474776,2.803990970392667
14.54,-0.2989204299436618,0.1747236201847659,2.7980125617937937
14.56,-0.0154903396463258,0.212593376864879,2.7977027550008673
14.58,-0.0935469027849993,0.2248129486046763,2.7958318169451672
14.6,-0.0447143555947227,0.1518529340142099,2.794937529833273
14.62,-0.2406825259520287,0.2311842062592981,2.7901238793142324
14.64,-0.0313226391772863,0.143210791231917,2.7894974265306867
14.66,-0.03095295321186,0.2244913884023779,2.7888783674664497
14.68,-0.2359652183800817,0.1482248319828712,2.784159063098848
14.7,-0.1793073684054959,0.180057535344889,2.780572915730738
14.72,-0.0113318208309498,0.1815573398700858,2.780346279314119
14.74,-0.1656317103653017,0.1933892573484866,2.777033645106813
14.76,-0.2697592511858815,0.1598162748119126,2.7716384600830954
14.78,-0.0521962529546346,0.1361117112848647,2.770594535024003
14.8,-0.0358245754398485,0.1649478001094299,2.769878043515206
14.82,-0.2886022026551748,0.2110497603307675,2.7641059994621027
14.84,-0.1264537666153223,0.1880337638379497,2.7615769241297965
14.86,-0.1760647250854776,0.1901073096347398,2.758055629628087
14.88,-0.0411758847927949,0.1768898166648649,2.757232111932231
14.9,-0.266030419863568,0.1880090466962918,2.7519115035349597
14.92,-0.0158685897453094,0.2054189912683427,2.7515941317400534
14.94,-0.062224877069931,0.2301658561736805,2.750349634198655
14.96,-0.218629825350038,0.1786650521405109,2.7459770376916537
14.98,-0.2385900884031056,0.1779498657279767,2.7412052359235917
15.0,-0.3132600183183592,0.1742749863019274,2.7349400355572246
15.02,0.0018023091849191,0.2137169567766216,2.734976081740923
15.04,-0.2860089301686618,0.2046240436210412,2.72925590313755
15.06,-0.1909867893161871,0.1591509592351901,2.725436167351226
15.08,0.0636301733979841,0.203621490030044,2.7267087708191857
15.1,-0.0686118964329655,0.1763911366550385,2.7253365328905264
15.12,-0.1264721335264345,0.1676916054347275,2.7228070902199977
15.14,-0.1320969308145872,0.1812006703262312,2.7201651516037058
15.16,-0.1860298664538623,0.1899284432057813,2.7164445542746285
15.18,-0.3278092938184366,0.1661008718409447,2.7098883683982598
15.2,-0.0895686166150044,0.1602987303048106,2.7080969960659598
15.22,-0.2952353091092676,0.229745679401251,2.702192289883774
15.24,0.1024843672117026,0.1851842346446885,2.704241977228008
15.26,-0.3523483510528556,0.1916486317221463,2.697195010206951
15.28,-0.1895805646655242,0.1917982636090409,2.693403398913641
15.3,-0.1495794760912793,0.1801176398895766,2.690411809391815
15.32,-0.2255106606876869,0.1603004622427895,2.6859015961780615
15.34,-0.1469438950752024,0.20827629111142,2.6829627182765576
15.36,-0.0659207750146943,0.2113332862312917,2.681644302776264
15.38,0.0280254401147254,0.2011788057317342,2.6822048115785586
15.4,-0.1284749712660717,0.1567836158711459,2.6796353121532372
15.42,-0.1459474142347476,0.1930669121726025,2.6767163638685423
15.44,-0.0993982604931588,0.1925464866350894,2.674728398658679
15.46,-0.1363889401234963,0.1866451254530867,2.6720006198562087
15.48,-0.2312799400075381,0.1466223990219587,2.667375021056058
15.5,-0.1391252099546415,0.2010842729726737,2.664592516856965
15.52,0.0122536314926714,0.2064445718735652,2.6648375894868184
15.54,-0.1243396275637159,0.1702733111766063,2.662350796935544
15.56,-0.1356408356322593,0.1868416190104927,2.659637980222899
15.58,-0.1507466779669042,0.1708124525438101,2.6566230466635607
15.6,-0.0636897672822046,0.1922183146200899,2.655349251317917
15.62,-0.0816847493170793,0.1555323238169887,2.6537155563315755
15.64,-0.0761929092314642,0.1824416290432484,2.652191698146946
15.66,-0.1690659206780425,0.2106192973191094,2.6488103797333853
15.68,-0.4126408984302638,0.1665319349646636,2.6405575617647803
15.7,-0.2029893942542091,0.1852918578789969,2.636497773879696
15.72,-0.1312641699733532,0.1655122118571393,2.633872490480229
15.74,-0.2359149437368025,0.1684896671862046,2.629154191605493
15.76,-0.0420272585814341,0.1602218211815002,2.6283136464338646
15.78,-0.2315700089098035,0.1418176308078965,2.6236822462556684
15.8,-0.3896956833480304,0.1166748278371785,2.6158883325887072
15.82,-0.0208469984453688,0.2002227168262756,2.6154713926197997
15.84,-0.1477690548427134,0.1945802128827131,2.6125160115229455
15.86,-0.1175837879530013,0.1750936615991694,2.6101643357638857
15.88,-0.3319235595582255,0.1826156496549227,2.603525864572721
15.9,-0.1592305051451066,0.1735985298862959,2.600341254469819
15.92,-0.1323192747772819,0.1675655062868795,2.597694868974273
15.94,-0.1048027721424865,0.1634469326927007,2.5955988135314234
15.96,-0.0029068503133265,0.1910774966554221,2.595540676525157
15.98,-0.1877443016226811,0.1565381350910373,2.5917857904927035
16.0,-0.137080038303601,0.1328181361180879,2.5890441897266316
16.02,0.0972779648870503,0.1646165062981945,2.5909897490243727
16.04,-0.1245399981886728,0.2219288760887039,2.5884989490605994
16.06,0.0689271986486295,0.1875608413475826,2.589877493033572
16.080000000000002,-0.3150872520117067,0.1716767273615061,2.5835757479933372
16.1,-0.1236933326182183,0.1601664813977032,2.581101881340973
16.12,0.0482083099414152,0.1640476577197076,2.582066047539801
16.14,-0.0150754603199296,0.1813176493780281,2.5817645383334025
16.16,0.0856096598887863,0.1510464418230367,2.583476731531178
16.18,-0.1407937893129797,0.1669461088812808,2.5806608557449184
16.2,-0.0789350958088303,0.142347282257452,2.579082153828742
16.22,-0.3788616977445463,0.160058915894859,2.571504919873851
16.240000000000002,-0.262200762428816,0.1577006200283124,2.5662609046252736
16.26,-0.0275912467272368,0.1505025756405739,2.5657090796907287
16.28,-0.1655374641680554,0.1433240229121507,2.5623983304073676
16.3,0.0139709442583231,0.2017116029281203,2.562677749292534
16.32,-0.1238037302169608,0.159546965031651,2.560201674688195
16.34,-0.01995004824463,0.0970094529003565,2.5598026737233024
16.36,-0.1862587624981713,0.1672911424986994,2.556077498473339
16.38,-0.2095412106778788,0.1458723166240705,2.551886674259782
16.4,0.0494632834898806,0.1597990496201665,2.5528759399295793
16.42,-0.0115419746428059,0.1898820220639444,2.552645100436723
16.44,-0.0775815569301461,0.1423969633109839,2.55109346929812
16.46,0.0243515750041269,0.1705948970733848,2.551580500798203
16.48,0.0322103182776296,0.1720855671010504,2.5522247071637554
16.5,0.0637816555276617,0.1312960493115872,2.5535003402743084
16.52,-0.1123632223784609,0.1809048608485284,2.551253075826739
16.54,-0.1612898745910248,0.1531750453129706,2.5480272783349185
16.56,-0.0643059612786553,0.1861950838700418,2.5467411591093456
16.580000000000002,-0.0260143817730027,0.1519063457017809,2.5462208714738854
16.6,-0.2266891248808946,0.1711913293785314,2.5416870889762677
16.62,-0.3330747921595151,0.1449507505753851,2.5350255931330774
16.64,-0.0152147908205734,0.2093006360603242,2.5347212973166657
16.66,0.0852472787890231,0.1598859218123001,2.5364262428924462
16.68,-0.0459708565831207,0.1736409947016186,2.535506825760784
16.7,-0.0906719024266342,0.1199979359997825,2.533693387712251
16.72,-0.0360228640972081,0.1653130395053034,2.532972930430307
16.740000000000002,-0.0312286051323865,0.1929288219500273,2.5323483583276594
16.76,-0.1771068489715332,0.1761586723477972,2.528806221348229
16.78,-0.0206546044268547,0.1094890953583645,2.5283931292596917
16.8,0.090422982341667,0.1481610586467742,2.5302015889065252
16.82,-0.0022285754985456,0.1690920137390884,2.5301570173965544
16.84,-0.0661880106093589,0.1481538709528361,2.5288332571843672
16.86,0.0432928174072904,0.1174792870465046,2.529699113532513
16.88,0.0272867678885047,0.1772882954903691,2.530244848890283
16.9,-0.1677287985499446,0.1466763162590527,2.5268902729192844
16.92,0.1136603675990873,0.1384395639071198,2.5291634802712664
16.94,0.0575522841023714,0.1018929373652025,2.530314525953314
16.96,0.001523291860999,0.1161327002281527,2.530344991790534
16.98,0.0182754591585867,0.117504312992199,2.5307105009737056
17.0,-0.0093338707679048,0.1191857444504803,2.5305238235583474
17.02,-0.12377883323412,0.1444509568665046,2.528048246893665
17.04,0.0439082705247751,0.143787586127817,2.528926412304161
17.06,-0.0270814999561736,0.0899188948357414,2.528384782305037
17.080000000000002,0.1050189503319615,0.0763542440832396,2.5304851613116766
17.1,-0.0918093466374873,0.1346840070522179,2.528648974378927
17.12,-0.1192922062458466,0.162316016255653,2.52626313025401
17.14,-0.1312740552362819,0.0928158555280681,2.5236376491492845
17.16,0.1009559380207059,0.1464020380813994,2.5256567679096986
17.18,-0.0277038045915591,0.142953856779043,2.5251026918178674
17.2,-0.0870664529548063,0.1052120804908195,2.5233613627587714
17.22,-0.1718618841791761,0.1627932735400678,2.519924125075188
17.240000000000002,0.287466449620017,0.1789491435350052,2.525673454067589
17.26,-0.0053264645010129,0.1642731551619472,2.5255669247775687
17.28,-0.0909603331727238,0.0861399599651681,2.523747718114114
17.3,-0.0703681769796938,0.1257924980754189,2.52234035457452
17.32,0.1278551166204562,0.1410678846797484,2.5248974569069293
17.34,-0.0456258581767122,0.1098757116248534,2.523984939743395
17.36,-0.1387630082494671,0.1092845763835379,2.521209679578406
17.38,-0.0191424707855274,0.1140051342534364,2.5208268301626955
17.400000000000002,0.189308763111947,0.1484626515887791,2.524613005424935
17.42,0.1446895889072492,0.1221950864991328,2.5275067972030802
17.44,0.1551445516152928,0.1096703424414902,2.530609688235386
17.46,-0.0832638536798834,0.1473968511511316,2.5289444111617887
17.48,-0.173791759597013,0.1243675854247039,2.5254685759698483
17.5,-0.0449649508338602,0.1487251111452667,2.524569276953171
17.52,-0.0478120892378388,0.0911215789447096,2.5236130351684145
17.54,0.0039262870858741,0.1914279886603764,2.523691560910132
17.56,0.1152850717445082,0.1546392782444426,2.525997262345022
17.580000000000002,-0.0608712340303338,0.1420451177919213,2.5247798376644153
17.6,-0.084670798414507,0.1110628325796188,2.5230864216961253
17.62,-0.1219813581531576,0.1444324383698721,2.520646794533062
17.64,0.0984782443673012,0.1413608076130931,2.5226163594204083
17.66,0.0616029453247674,0.1324938933394463,2.5238484183269034
17.68,0.1214481403369628,0.0913909349416214,2.5262773811336428
17.7,-0.1385682868162625,0.1367561073322162,2.5235060153973174
17.72,-0.040675214831897,0.1364809740148646,2.5226925111006797
17.740000000000002,0.1729138997774526,0.1318702428471904,2.526150789096229
17.76,0.068271292915025,0.1511180865213291,2.5275162149545296
17.78,0.1629728440708691,0.1730890149316755,2.530775671835947
17.8,0.1384936612996036,0.1601743346836159,2.5335455450619393
17.82,0.1124616796368632,0.1217372586157067,2.5357947786546764
17.84,-0.0476628442801393,0.1165157388106648,2.534841521769074
17.86,0.0135690149629594,0.1347882534901962,2.535112902068333
17.88,0.0668435114326768,0.033087886163162,2.5364497722969865
17.900000000000002,0.3121354643868368,0.1466772233226627,2.5426924815847243
17.92,0.1207567907623045,0.091252056305756,2.5451076173999705
17.94,0.0219413282890576,0.1334674271949977,2.5455464439657516
17.96,0.0570911030103966,0.1197339247473413,2.5466882660259595
17.98,0.0882281226904985,0.1144276007363225,2.5484528284797694
18.0,0.0147050518134248,0.1057083121132722,2.548746929516038
18.02,0.127274512352931,0.1265655275049753,2.5512924197630964
18.04,0.1730229865095327,0.0669471444335772,2.5547528794932868
18.06,0.3379851904173376,0.0919685728309846,2.5615125833016332
18.08,0.2271659902290141,0.1219840921572718,2.5660559031062133
18.1,0.0832579085269365,0.1080633588119085,2.5677210612767523
18.12,-0.0269144805879972,0.1008653380180581,2.567182771664992
18.14,-0.0960192915647037,0.0984891522979075,2.565262385833698
18.16,0.1697907368449385,0.1155133494854927,2.5686582005705967
18.18,0.1994481245320474,0.1282916178524112,2.5726471630612378
18.2,0.2328789108155535,0.0789274453115999,2.577304741277549
18.22,0.0936277370115305,0.1057305888462693,2.5791772960177797
18.24,0.0598838443235009,0.1191132752391776,2.5803749729042496
18.26,0.0496648706711781,0.0891923243570194,2.5813682703176735
18.28,0.159742998587682,0.1224608481830131,2.584563130289427
18.3,-0.1855262083848249,0.0797478621718618,2.5808526061217307
18.32,-0.1459556279142317,0.1320308969329523,2.5779334935634464
18.34,-0.2332878828683396,0.0971319460765731,2.5732677359060796
18.36,0.012370915579114,0.0907995371227238,2.5735151542176617
18.38,0.0519928001047042,0.1209381752828723,2.574555010219756
18.4,0.2118300927577939,0.0915667315670498,2.5787916120749115
18.42,0.074900944097142,0.1130623874296832,2.5802896309568544
18.44,0.1346845232028448,0.0850944828701038,2.5829833214209112
18.46,0.0580717299410442,0.1186344908714636,2.584144756019732
18.48,0.0148951442446581,0.1046730463617321,2.584442658904625
18.5,-0.0563736341093134,0.0877371007142744,2.583315186222439
18.52,0.1069322060242529,0.1326565765469265,2.585453830342924
18.54,0.0740693711531373,0.0446340760345644,2.5869352177659866
18.56,-0.0475905532428515,0.0884684419485654,2.5859834067011294
18.58,0.0136286790129268,0.0918626581755119,2.586255980281388
18.6,-0.0462189603830373,0.0915737936187991,2.5853316010737273
18.62,-0.0185802218431113,0.1326491313040111,2.584959996636865
18.64,0.2341535847448061,0.0869226916455348,2.5896430683317613
18.66,0.1313753916720888,0.1266239925467199,2.592270576165203
18.68,0.1509016527265705,0.0961273179698231,2.5952886092197347
18.7,-0.0247453775606992,0.0798701008480031,2.5947937016685207
18.72,0.021661145419103,0.0645561288914461,2.595226924576903
18.74,0.2385064475514545,0.0982134173785055,2.599997053527932
18.76,0.0114190623221785,0.0786986118622255,2.6002254347743756
18.78,0.0199404269661274,0.1013090661125562,2.6006242433136983
18.8,0.1761664082136861,0.0762136108476356,2.604147571477972
18.82,0.2387211409345785,0.1422781055977796,2.6089219942966633
18.84,0.2470311733232125,0.0880091791152566,2.6138626177631274
18.86,0.1268846767180472,0.093256888717991,2.6164003112974883
18.88,0.0274544218924046,0.1111059080028428,2.6169493997353364
18.9,0.1463486763608324,0.0655104509318672,2.619876373262553
18.92,0.1658972560148275,0.0831868350332722,2.62319431838285
18.94,0.0797223184529092,0.1107595562325886,2.624788764751908
18.96,0.0792952466208933,0.0827175696612,2.626374669684326
18.98,0.2001141920393152,0.0736976898315765,2.6303769535251122
19.0,0.3457919180006022,0.080793262914203,2.637292791885124
19.02,-0.0897580459934212,0.0991212488194974,2.6354976309652556
19.04,0.117506308248884,0.1098332893873643,2.637847757130233
19.06,-0.0755996714392301,0.0647629196568941,2.6363357637014486
19.08,0.1239437877966253,0.1139480632767832,2.6388146394573813
19.1,0.0795737778942257,0.1153436200267106,2.6404061150152662
19.12,0.3625227110526631,0.0871801803905351,2.6476565692363194
19.14,0.1842285449099391,0.1471771404285577,2.651341140134518
19.16,-0.0070442041431553,0.1081172501667285,2.651200256051655
19.18,0.3091540302340908,0.0829775989990501,2.657383336656337
19.2,-0.0620375999479218,0.101715266150138,2.6561425846573785
19.22,0.2078811906832199,0.0551056784490792,2.660300208471043
19.24,0.3437145641717264,0.0455157007184492,2.6671744997544775
19.26,0.1756194639246325,0.0845547665386909,2.6706868890329707
19.28,0.2157663139402137,0.0650532941802234,2.6750022153117747
19.3,0.1956050294086119,0.072732765287583,2.678914315899947
19.32,0.1171065197838043,0.0836423711307733,2.681256446295623
19.34,0.1692677102954418,0.0957508904882308,2.684641800501532
19.36,-0.0437622382345229,0.0534345307759094,2.6837665557368413
19.38,0.2063702334238006,0.1113853781236137,2.6878939604053174
19.4,0.0564656155516758,0.1092806524994735,2.689023272716351
19.42,0.2424518850553354,0.0870225444539159,2.6938723104174587
19.44,0.1034187232633724,0.1130272559040672,2.695940684882726
19.46,0.1307251106009875,0.0728600340532644,2.6985551870947457
19.48,0.1188050543814811,0.0514583571636276,2.7009312881823755
19.5,0.0483194456843832,0.0889800854122809,2.701897677096063
19.52,0.2106201889756379,0.0957024333974165,2.706110080875576
19.54,0.1170521671871691,0.0830472646058896,2.708451124219319
19.56,0.02392275744934,0.0704926749366074,2.7089295793683057
19.58,0.0950546978539986,0.0754943994169269,2.7108306733253857
19.6,0.1295483052686264,0.0758694103746756,2.713421639430759
19.62,0.2001087237739936,0.0697578190193964,2.7174238139062385
19.64,0.1774854157762319,0.0818314124650838,2.720973522221763
19.66,0.0980791900760331,0.0609754699901989,2.7229351060232836
19.68,0.1885219820506639,0.0924317896777334,2.726705545664297
19.7,0.4248485754707828,0.104312664984641,2.7352025171737124
19.72,0.1243315431740671,0.1029326605089235,2.7376891480371937
19.74,-0.1809180098981054,0.0693068298662575,2.7340707878392316
19.76,0.0213878462848284,0.0984218808039036,2.734498544764928
19.78,0.080882919123381,0.0886357991516513,2.736116203147396
19.8,0.3025125826545415,0.0723901005117628,2.7421664548004867
19.82,0.3085019024925984,0.0914962120390227,2.7483364928503384
19.84,0.1036532255907642,0.0315431803606016,2.7504095573621536
19.86,0.1900131248327289,0.0868225382589097,2.7542098198588083
19.88,0.1516597061110818,0.0430049352681647,2.75724301398103
19.9,0.01503153707875,0.031679387001975,2.757543644722605
19.92,0.1765670557297897,0.0676463834245477,2.7610749858372015
19.94,0.2112646686140009,0.0342396134316102,2.765300279209481
19.96,0.0402564942880706,0.0727972661396354,2.7661054090952426
19.98,0.1975981912344786,0.0866019004109168,2.7700573729199323
20.0,0.3059187705999021,0.0626304165725908,2.77617574833193
20.02,-0.0344587346807827,0.0617359044958215,2.7754865736383145
20.04,0.195222372696442,0.0486190972196227,2.7793910210922435
20.06,0.2678304407093582,0.076224266892202,2.7847476299064304
20.08,0.2979112232730629,0.015231066782504,2.7907058543718914
20.1,0.0417618408302419,0.0246992162935424,2.7915410911884964
20.12,0.1297219131492475,0.0274050052793509,2.794135529451481
20.14,0.1819835410516518,0.0887798555244357,2.7977752002725143
20.16,0.3054270699536162,0.0354204644894826,2.8038837416715863
20.18,0.4154320918927196,0.0578028698740123,2.8121923835094407
20.2,0.2075922686273583,0.047438769868758,2.8163442288819875
20.22,0.3354440291193156,0.0458502194282443,2.823053109464374
20.24,0.1611646805095901,0.0124097882301595,2.8262764030745657
20.26,0.1409302125329269,0.0688726514497688,2.8290950073252246
20.28,0.3142521191646664,0.0136920714732585,2.835380049708518
20.3,0.3815755398822605,0.0359059897263243,2.843011560506163
20.32,0.4119697386617124,0.0390464403681867,2.851250955279397
20.34,0.1008309794446879,0.0759695498784626,2.853267574868291
20.36,0.0674061826717063,0.0492228833812802,2.8546156985217253
20.38,0.3895583417386176,0.0744871917540078,2.8624068653564976
20.4,-0.0652398884113257,0.0249736439528094,2.8611020675882712
20.42,0.1651128460247758,0.0716916229182138,2.8644043245087674
20.44,0.1169041929528392,0.0420580051168381,2.866742408367824
20.46,0.3612247407048568,0.0499475763630232,2.873966903181921
20.48,0.2096719226610981,0.0286673239647768,2.878160341635143
20.5,0.2584682096838668,0.0594076215038902,2.8833297058288205
20.52,0.2163232815153911,0.0882471824272115,2.8876561714591285
20.54,0.1648238211575202,0.0733871736544676,2.890952647882279
20.56,0.2666440743015756,0.0695096773279723,2.8962855293683103
20.58,0.0845718574507899,0.0419880657388283,2.897976966517326
20.6,0.0728812510561799,0.0619373437227255,2.89943459153845
20.62,0.1469491215204602,0.0268592108060046,2.9023735739688594
20.64,0.1761368817840288,0.0440769539583571,2.9058963116045398
20.66,0.1127328467830274,0.0243910366830668,2.9081509685402
20.68,0.2143920484303975,0.0399483841950979,2.912438809508808
20.7,0.4673602941575676,0.0907241657757905,2.921786015391959
20.72,0.1701121323082611,0.0405892646785429,2.925188258038124
20.74,0.3117923154804572,0.029225875977038,2.931424104347733
20.76,0.1677433865816021,0.0017569755082091,2.9347789720793656
20.78,0.3452159983812066,0.051621850216265,2.9416832920469895
20.8,0.0674303036964932,0.0058949468272836,2.9430318981209194
20.82,0.3143817247076634,0.0545382653979339,2.9493195326150725
20.84,0.2495271926810495,0.0355667958423808,2.9543100764686936
20.86,0.2573710729284541,0.0129183591443827,2.9594574979272625
20.88,0.0566553508602197,0.00893136105755,2.960590604944467
20.9,0.1532214306666943,0.0543801891040747,2.9636550335578007
20.92,0.3733222898259738,0.0515329862722627,2.9711214793543212
20.94,0.0267526849451522,0.0410509558313922,2.971656533053224
20.96,0.1620139628156583,0.0704038301452712,2.974896812309537
20.98,0.2662507371405681,0.0611320289333777,2.9802218270523486
21.0,0.4482172342832975,0.0199207147623298,2.989186171738014
21.02,0.3578481047920899,0.0220016405659464,2.996343133833856
21.04,0.3779963235127376,0.0448444508260018,3.0039030603041104
21.06,0.1579744236674263,0.0275240521773591,3.007062548777459
21.08,0.2375694380900043,0.0430567667272237,3.0118139375392587
21.1,0.1258059840054039,0.045132262176241,3.014330057219367
21.12,0.1786533772101797,0.011952319198824,3.0179031247635706
21.14,0.2295163923617123,0.0408550624135776,3.0224934526108047
21.16,0.1257014978200629,0.0168016218837546,3.0250074825672058
21.18,0.3753418666985683,0.0670367009550074,3.032514319901177
21.2,0.2229589097429139,0.0242365659975136,3.0369734980960352
21.22,0.1742164791452279,-0.0076394592836438,3.0404578276789396
21.24,0.1127428608558427,0.0455686339050316,3.042712684896056
21.26,0.3698787022924437,0.0059155095237299,3.0501102589419062
21.28,0.2978873947431952,0.0529050530580967,3.05606800683677
21.3,0.184578585812616,0.057393625740954,3.0597595785530225
21.32,0.0752063450013837,-0.009451042252068,3.06126370545305
21.34,0.3156820146957212,0.0075812325408941,3.0675773457469644
21.36,0.2013437763806692,0.0751557849497999,3.0716042212745776
21.38,0.3352585032291965,0.026312917005571,3.0783093913391615
21.4,0.2233112051625539,0.019505767710172,3.0827756154424124
21.42,0.391875970970915,0.0235336024606437,3.0906131348618318
21.44,0.2158090590924633,0.017959613881316,3.094929316043681
21.46,0.4129539611198389,0.0297052600030349,3.1031883952660775
21.48,0.3192317209172405,0.0110384077449007,3.109573029684422
21.5,0.0621854875714662,0.0138984416515716,3.1108167394358515
21.52,0.1885708940229833,0.0477271470335626,3.114588157316311
21.54,0.4111580495570284,-0.0057478696965142,3.1228113183074515
21.56,0.258216490578938,0.0050828770942812,3.12797564811903
21.58,0.1622796912794628,-0.0033776666579582,3.1312212419446195
21.6,0.2366872123354929,0.0436809408286625,3.1359549861913303
21.62,0.3643575182960729,0.0028917386936029,3.1432421365572516
21.64,0.2719612397890099,-0.0047978330347728,3.148681361353032
21.66,0.2042449201151233,-0.0218161511235238,3.1527662597553343
21.68,0.0244793156197491,0.0137252445780785,3.1532558460677294
21.7,0.4292766820636244,0.0351412717678349,3.1618413797090015
21.72,0.1168820861162374,-0.0147777920746211,3.1641790214313263
21.74,0.3555270694822021,0.0077770520815495,3.17128956282097
21.76,0.0427698405825963,-0.0070926793081916,3.172144959632622
21.78,0.1625322934372419,-0.029128811946308,3.175395605501367
21.8,0.1251620386581007,0.0216278997074027,3.1778988462745286
21.82,0.332074284134161,0.0280970643852591,3.1845403319572116
21.84,0.1602120692027286,0.0207098346664698,3.187744573341266
21.86,0.2979579931707476,-0.0103594045696297,3.1937037332046807
21.88,0.4392453670745966,-0.0053291347569105,3.2024886405461723
21.9,0.2452496138664992,0.0369295579068677,3.207393632823502
21.92,0.1238108690546157,0.0035315774439056,3.209869850204595
21.94,0.192838849346891,-0.0073747633356661,3.213726627191533
21.96,0.1099827720143417,-0.0281954310902168,3.21592628263182
21.98,0.3316757056044743,-0.0477578576750919,3.222559796743909
22.0,0.3148001690797889,0.0009311679729156,3.2288558001255048
22.02,0.2677056981005839,0.0135620083352089,3.2342099140875162
22.04,0.1041739530447941,-0.0353244156114174,3.236293393148412
22.06,-0.0322356075554121,0.0253576761984688,3.2356486809973037
22.08,0.1887577202639824,0.0029270792311024,3.2394238354025835
22.1,0.1922090759811261,0.0192307279429272,3.243268016922207
22.12,0.1142468791412775,0.0287409677863518,3.2455529545050323
22.14,0.1240602515080134,0.0143925543918991,3.2480341595351927
22.16,0.1863811379071073,0.0530985865629458,3.2517617822933347
22.18,0.3260317351028003,-0.0078841732108834,3.2582824169953906
22.2,-0.0191231226767836,-0.0116623664826322,3.257899954541855
22.22,0.1720611493927535,-0.0222543971526671,3.26134117752971
22.24,0.3397172465247874,0.0284993116402139,3.2681355224602053
22.26,-0.029705280208148,0.008692672893055,3.267541416856042
22.28,0.2125533654038498,-0.0268523846938741,3.271792484164119
22.3,0.2356423789023393,0.0088368540041697,3.2765053317421655
22.32,0.2442313743982443,0.0001368573729045,3.2813899592301303
22.34,0.4498445882003064,-0.0516957866365067,3.2903868509941363
22.36,0.2283638634936649,0.0241277042657514,3.2949541282640094
22.38,0.148801867358925,-0.02414507390199,3.297930165611188
22.4,0.1775583574190166,-0.0419354139141716,3.3014813327595682
22.42,0.2362652161056964,0.0044457341712968,3.306206637081683
22.44,0.1211425155757862,0.0056216686723098,3.3086294873931985
22.46,0.0458202282486019,0.0045192849552457,3.3095458919581704
22.48,0.1341493972201258,0.0113330336267691,3.3122288799025728
22.5,0.1966242647649442,0.0077350899135982,3.3161613651978716
22.52,0.4292062287475621,0.0027722422796225,3.324745489772823
22.54,0.1539476401471422,-0.0311262013288869,3.3278244425757655
22.56,0.1577470490914899,-0.0317631968117277,3.330979383557595
22.58,0.0645109260326446,0.0163323367272567,3.332269602078248
22.6,0.3908866498421972,-0.0329441501299418,3.340087335075093
22.62,0.2740289525190081,-0.0369412354511494,3.345567914125473
22.64,0.3263094076950628,-0.035014919086567,3.352094102279374
22.66,0.2858074829210652,-0.0253476429047605,3.3578102519377953
22.68,0.1437153418599289,0.0074258745033146,3.360684558774994
22.7,0.2538445175400916,-0.0102863026617863,3.3657614491257957
22.72,0.1100459984890656,-0.0369251108837294,3.367962369095577
22.74,0.2852027010810066,0.0058003684917788,3.3736664231171973
22.76,0.371855174511938,-0.0315457219151269,3.381103526607437
22.78,0.537903318099608,-0.0407473583805171,3.391861592969429
22.8,0.1212362634786711,-0.0054397413244301,3.3942863182390024
22.82,0.3753485681133838,-0.0030677392538271,3.4017932896012697
22.84,0.3322654475329285,0.0023234996509332,3.4084385985519283
22.86,0.0868534518757067,-0.0409122448240408,3.4101756675894426
22.88,0.2554605760942162,-0.0323622171498819,3.4152848791113266
22.9,0.3893359460206733,-0.0646600849483816,3.42307159803174
22.92,0.1499893296703456,-0.0746732174900814,3.426071384625147
22.94,0.2779914171720875,-0.0551343680666351,3.431631212968589
22.96,0.2056057301778071,-0.0455895726210017,3.435743327572145
22.98,0.2665822632975095,-0.0254804426517543,3.441074972838095
23.0,0.1364118657059677,-0.0421097983119844,3.4438032101522142
23.02,0.2343639470525006,-0.0777779795806794,3.448490489093264
23.04,0.2806239243578032,-0.0203498220335583,3.45410296758042
23.06,0.1577250723636821,-0.0359854108075489,3.4572574690276934
23.08,0.1229451652802172,-0.0185847003001656,3.4597163723332978
23.1,0.2137326087237443,-0.0181622887599168,3.463991024507773
23.12,0.1608782197099675,-0.0845227413062017,3.4672085889019724
23.14,0.2248886788613718,-0.0138451417843899,3.4717063624791997
23.16,0.1293184004764434,-0.0601845030495316,3.4742927304887283
23.18,0.3270470120558987,-0.0349529859123602,3.480833670729846
23.2,0.2515036203590709,-0.02194608732159,3.485863743137027
23.22,0.0492701596186749,-0.015351980520112,3.4868491463294005
23.24,0.3926263800894573,-0.0222158871657121,3.4947016739311896
23.26,0.1174067288779073,-0.0356607680983767,3.497049808508748
23.28,0.1761442821431002,-0.0311197287867778,3.50057269415161
23.3,0.3541980357576549,-0.0016313937506188,3.507656654866763
23.32,0.1202486859100195,-0.0274919842928531,3.510061628584963
23.34,0.4622908290160928,-0.0638320077696729,3.5193074451652846
23.36,-0.0649050850863477,-0.0635174519258371,3.5180093434635578
23.38,-0.1330038633813148,-0.0177251771941916,3.5153492661959316
23.4,0.239829601626045,-0.0503248792181911,3.520145858228452
23.42,0.0400642405752418,-0.0154519993481826,3.5209471430399573
23.44,0.2213988237444873,-0.0334146688753232,3.525375119514847
23.46,0.1098693654728194,-0.0585191058330951,3.527572506824303
23.48,0.1741860719488637,-0.0771507249622426,3.5310562282632802
23.5,0.244302256654973,-0.0488380136396836,3.5359422733963797
23.52,0.2208449907267551,-0.047362378931186,3.5403591732109145
23.54,0.1777220235369598,-0.0459318753813749,3.543913613681654
23.56,0.1504367462616748,-0.0776238292516316,3.5469223486068873
23.58,0.1811199836698675,-0.0571442881921025,3.5505447482802843
23.6,0.1237447985050449,-0.0424884104422532,3.5530196442503854
23.62,0.3466763356084707,-0.0731197081100276,3.5599531709625545
23.64,0.0766660618650692,-0.0606998669144807,3.561486492199856
23.66,0.2365777203987695,-0.0302304328129221,3.566218046607831
23.68,0.2426168965577817,-0.062946323255423,3.5710703845389866
23.7,-0.0112419687411051,-0.0283072520137991,3.5708455451641643
23.72,0.2394136297982648,-0.0572948294161833,3.5756338177601297
23.74,0.3363799823494953,-0.0458872680311839,3.582361417407119
23.76,0.1730839839931241,-0.0186780579007135,3.5858230970869824
23.78,0.2795299073134083,-0.0307404325315279,3.5914136952332503
23.8,0.1897490802451101,-0.0224711727051904,3.5952086768381526
23.82,0.2162015673965575,-0.0793619300812729,3.5995327081860835
23.84,0.298529555422118,-0.0520550138542704,3.6055032992945257
23.86,0.1750641986914687,-0.0381885052307601,3.609004583268355
23.88,0.2620138060283694,-0.0408368853420731,3.6142448593889225
23.9,0.0069735552969651,-0.0572521598274475,3.614384330494862
23.92,0.2043235891912239,-0.0265952170948516,3.618470802278687
23.94,-0.0213582479878164,-0.0609398060140278,3.6180436373189306
23.96,0.1404783427636127,-0.0517468331111978,3.6208532041742028
23.98,0.1074134905026844,-0.0509472995523168,3.623001473984256
24.0,0.2381282810719457,-0.0609748005953525,3.627764039605695
24.02,0.1367261964943879,-0.062600018902526,3.630498563535583
24.04,0.4095913656199403,-0.0299585474023138,3.6386903908479815
24.06,0.1382490486947488,-0.0422297044638143,3.6414553718218765
24.08,0.0571365180276477,-0.0160558203364304,3.6425981021824296
24.1,-0.0668546795859654,-0.0641583589076089,3.64126100859071
24.12,0.1793038611054938,-0.0847781688394836,3.64484708581282
24.14,0.1410600695797967,-0.0756231310166056,3.6476682872044157
24.16,0.272585399989778,-0.0802521452228456,3.6531199952042113
24.18,0.2839597646473852,-0.0441612434353685,3.658799190497159
24.2,0.2703668473735583,-0.0929165323796303,3.6642065274446303
24.22,0.0664083568642457,-0.0929972818164098,3.665534694581915
24.24,0.0266668731702184,-0.0726367226954815,3.6660680320453194
24.26,0.1239072150554495,-0.1339505083571257,3.6685461763464287
24.28,0.0644143973155558,-0.0780850374327044,3.6698344642927396
24.3,0.1885369525811082,-0.0763553656623368,3.6736052033443616
24.32,0.1353110487121624,-0.1359529760568155,3.676311424318605
24.34,0.2558079752795439,-0.0352795382541733,3.6814275838241954
24.36,0.1058287632855246,-0.091104392548875,3.683544159089906
24.38,-0.0545614604765838,-0.0543106066392094,3.6824529298803745
24.4,0.2488014657543942,-0.0160693268863075,3.6874289591954623
24.42,0.474127257540453,-0.0782132895267456,3.696911504346273
24.44,0.2407745116741018,-0.1011143290942878,3.701726994579755
24.46,-0.0240334874545383,-0.0586821018165123,3.701246324830664
24.48,-0.0168398866596336,-0.0720820587447133,3.7009095270974712
24.5,0.3527392854826054,-0.0693595685291269,3.7079643128071234
24.52,0.1427432173995181,-0.0894870356030932,3.7108191771551136
24.54,0.1566060678152143,-0.1049509193087322,3.7139512985114176
24.56,0.0876773895758116,-0.0689126434979468,3.7157048463029336
24.58,0.2744493452038677,-0.0899683859137705,3.721193833207011
24.6,0.1793124642932862,-0.0689338903203946,3.7247800824928774
24.62,0.0081448610740737,-0.0937539758816287,3.724942979714359
24.64,0.0911132378152309,-0.1197676907607047,3.7267652444706636
24.66,0.1153191172408079,-0.1114374968810275,3.7290716268154798
24.68,0.0917430971483247,-0.0680493604072968,3.730906488758446
24.7,0.2365280890605891,-0.0608134131888662,3.735637050539658
24.72,0.041350860826375,-0.0856216347288055,3.7364640677561853
24.74,0.0931101520226335,-0.0993154264103742,3.738326270796638
24.76,0.3404345681855856,-0.0855814879572855,3.7451349621603507
24.78,0.350670922659393,-0.1110483132153078,3.7521483806135385
24.8,0.3686819870180222,-0.1063374224629878,3.7595220203538986
24.82,0.1893353887548421,-0.0858975056684329,3.763308728128995
24.84,0.2384501057698229,-0.0608881715241408,3.7680777302443915
24.86,0.0405437947422986,-0.0816703036260786,3.7688886061392375
24.88,0.0508161471390778,-0.0691232196481422,3.7699049290820192
24.9,-0.0452523806141989,-0.0933745439820444,3.7689998814697354
24.92,0.1916498280447592,-0.0715567716770439,3.772832878030631
24.94,0.2166434304957196,-0.0988245292431,3.7771657466405455
24.96,0.2006628709490602,-0.0487286654540914,3.781179004059527
24.98,0.0883029046098093,-0.0828353408599127,3.782945062151723
25.0,0.0806237048777042,-0.0898145873288286,3.784557536249277
25.02,0.2389636307174088,-0.0210691428373265,3.789336808863625
25.04,0.0021623923021291,-0.0360238293759893,3.7893800567096676
25.06,0.1463954699329939,-0.1188392542619085,3.792307966108327
25.08,0.2678499804354533,-0.066536193584052,3.7976649657170363
25.1,0.1827880387855082,-0.0404434508152434,3.801320726492747
25.12,0.1662447421285457,-0.0852553177599426,3.8046456213353177
25.14,0.1773593791926111,-0.1291855677701242,3.80819280891917
25.16,0.1711538382361596,-0.1085071514450156,3.811615885683893
25.18,0.0964420725478523,-0.1235497723927784,3.81354472713485
25.2,-0.0904962828764191,-0.0784749092183171,3.811734801477322
25.22,-0.1146979919925542,-0.0774245272509059,3.8094408416374708
25.24,0.140228460322992,-0.1224980907435593,3.8122454108439308
25.26,0.0778065241191293,-0.0803894361831684,3.8138015413263138
25.28,0.3223714672838206,-0.1234690411334313,3.82024897067199
25.3,0.1201399497786722,-0.0897410187108015,3.8226517696675635
25.32,0.3606907230892191,-0.1149202261632121,3.829865584129348
25.34,-6.427201469098864e-05,-0.0728982031257299,3.829864298689054
25.36,0.2718805574977961,-0.1038636940755305,3.8353019098390098
25.38,0.1576018480737914,-0.0821863711499836,3.8384539468004855
25.4,0.259076485275834,-0.1362687240076286,3.843635476506002
25.42,-0.0067444886376532,-0.075242018294227,3.8435005867332492
25.44,-0.0007520524860139,-0.1313914028859456,3.843485545683529
25.46,0.0275475519585972,-0.0960416718329508,3.8440364967227008
25.48,0.2712784147062231,-0.0712834084654746,3.849462065016825
25.5,0.1492599402038978,-0.1098543451742248,3.852447263820903
25.52,0.2382076122879587,-0.075788628405217,3.857211416066662
25.54,-0.0453692281935279,-0.103513695573955,3.856304031502791
25.56,0.2831218583954817,-0.0798133291105525,3.8619664686707007
25.58,0.2325446895998383,-0.0691161622047841,3.8666173624626974
25.6,0.0056554484575565,-0.0922250046201608,3.8667304714318487
25.62,-0.0108462512439636,-0.0790687542268743,3.8665135464069693
25.64,0.0687378708342802,-0.0529562367248691,3.867888303823655
25.66,0.1403645584365139,-0.0756699597216452,3.870695594992385
25.68,0.0498334913523986,-0.1347630146728674,3.871692264819433
25.7,0.1453255809272546,-0.1001867426621166,3.874598776437978
25.72,-0.0731691824228036,-0.1036184762715535,3.8731353927895222
25.74,0.2251934227381045,-0.1330653749327395,3.8776392612442843
25.76,0.2064106246204875,-0.1198941923629996,3.8817674737366947
25.78,0.1685331117727165,-0.1637806696939824,3.885138135972149
25.8,-0.064230347915776,-0.1557475470894831,3.8838535290138334
25.82,0.1744115309151579,-0.0973370557665367,3.8873417596321365
25.84,-0.0773637931173579,-0.1213333036934019,3.8857944837697893
25.86,0.2206000950565391,-0.1206377277833805,3.89020648567092
25.88,-0.0989890443976383,-0.121586816972176,3.888226704782967
25.9,0.0255206937131902,-0.1285414657179993,3.888737118657231
25.92,0.1485004138707363,-0.1363766613796697,3.891707126934646
25.94,-0.0795058330130602,-0.1010818614084775,3.890117010274385
25.96,-0.1855576211335372,-0.1224589186085271,3.8864058578517144
25.98,-0.0211228148525499,-0.0859075478066539,3.8859834015546633
26.0,-0.0180233470944779,-0.1460811775052702,3.8856229346127735
26.02,-0.0179765357199321,-0.1046312316858525,3.885263403898375
26.04,0.0501365564818558,-0.1002804466282535,3.886266135028012
26.06,0.0239431527550887,-0.1276255805610303,3.8867449980831137
26.08,0.0373655353208295,-0.1416563102484276,3.8874923087895303
26.1,-0.0763889696641941,-0.0937504817649667,3.8859645293962464
26.12,-0.0281045183728544,-0.098806012515626,3.8854024390287893
26.14,0.0746436596941444,-0.0990990864446035,3.886895312222672
26.16,-0.091703623098205,-0.1030002061215773,3.885061239760708
26.18,-0.1186751139720263,-0.1133646981450184,3.8826877374812674
26.2,0.0108977986803832,-0.1295029740133444,3.882905693454875
26.22,0.2839416319357742,-0.088982084178344,3.8885845260935903
26.24,0.2744186165617822,-0.076476468557464,3.8940728984248256
26.26,-0.2733035907105275,-0.0978881769956813,3.8886068266106144
26.28,-0.0460491625355901,-0.0821352905429463,3.8876858433599026
26.3,-0.0119714225901288,-0.1678932778982732,3.8874464149081
26.32,-0.0121101031162859,-0.126545568990186,3.8872042128457744
26.34,-0.005189554049737,-0.1381666413010792,3.8871004217647798
26.36,-0.0739886581684363,-0.1552155199166931,3.885620648601411
26.38,-0.0273780998748801,-0.1804419621210975,3.8850730866039136
26.4,-0.1449720488601408,-0.1085721187747304,3.8821736456267106
26.42,-0.201348907618678,-0.1061740198067298,3.8781466674743363
26.44,-0.1433208656919647,-0.149950844366886,3.8752802501604973
26.46,-0.0123681465291022,-0.1421403249974856,3.8750328872299153
26.48,0.0635678343322829,-0.1506179693331326,3.876304243916561
26.5,0.2674172722819529,-0.1558439462231737,3.8816525893622
26.52,-0.0982560043421151,-0.1368645287529827,3.8796874692753573
26.54,0.098391006512558,-0.0807752941896641,3.8816552894056087
26.56,-0.0282821236422968,-0.14040952010256,3.8810896469327627
26.58,-0.0679400067304712,-0.1285670588505921,3.8797308467981533
26.6,0.0566263576923037,-0.1266369543298166,3.8808633739519993
26.62,-0.0443407466853148,-0.1417249979014603,3.879976559018293
26.64,-0.1214886118612715,-0.1208729525615181,3.8775467867810676
26.66,-0.1187692641965828,-0.135542676928791,3.875171401497136
26.68,-0.150712098943288,-0.1223345243353953,3.87215715951827
26.7,-0.1651179803102909,-0.1427056163871673,3.8688547999120644
26.72,0.0164644190777495,-0.1649835308698549,3.8691840882936193
26.74,-0.0153569405998997,-0.1363460838313717,3.868876949481621
26.76,-0.1760262778413183,-0.1247206913127866,3.865356423924794
26.78,-0.2234031171248247,-0.1654045144323116,3.860888361582298
26.8,0.0673543769495267,-0.1764959499983832,3.8622354491212887
26.82,-0.072191692824777,-0.1340096475335634,3.860791615264793
26.84,-0.0675677433393634,-0.1452178909232243,3.859440260398006
26.86,-0.0736360750683048,-0.1464538542877596,3.85796753889664
26.88,-0.0718772639473127,-0.1492153950493741,3.856529993617694
26.9,-0.1675291893636071,-0.163922745257204,3.853179409830422
26.92,0.0782650948512381,-0.1020165583125675,3.854744711727447
26.94,0.0664862076225019,-0.2003616460560754,3.856074435879897
26.96,-0.0477930477061606,-0.144396525665504,3.8551185749257737
26.98,-0.3783931935958344,-0.1485706446446714,3.847550711053857
27.0,-0.0641819467519089,-0.1295688778919968,3.846267072118819
27.02,-0.0661893367035932,-0.1356337792652436,3.844943285384747
27.04,0.0011968000314418,-0.1379551229794225,3.844967221385376
27.06,-0.0172040417697614,-0.1736327463987738,3.8446231405499804
27.08,0.068158555125011,-0.175698198065167,3.8459863116524806
27.1,-0.1041884821183587,-0.1343697193435644,3.843902542010113
27.12,-0.3650477911818348,-0.1564515097997339,3.8366015861864766
27.14,0.1332255358159621,-0.1523249891731832,3.839266096902796
27.16,0.1485132598346364,-0.1224586582063194,3.8422363620994884
27.18,-0.0195881410933396,-0.1368716242139082,3.841844599277622
27.2,-0.2823890303229628,-0.1906679125722865,3.8361968186711626
27.22,0.0082434791913614,-0.1222787414151121,3.83636168825499
27.24,-0.1009060638382945,-0.163182286454772,3.834343566978224
27.26,-0.2440787465661563,-0.1590980334072007,3.8294619920469
27.28,-0.0129490512566372,-0.1563388508698374,3.829203011021767
27.3,0.2152330392450011,-0.0970924041852057,3.833507671806667
27.32,-0.0860041798216109,-0.1294204719159673,3.831787588210235
27.34,-0.1083923470555997,-0.105135891399789,3.829619741269123
27.36,-0.2393110879146087,-0.1436725053944696,3.824833519510831
27.38,-0.1609054023872131,-0.1531267066293313,3.821615411463087
27.4,0.1105687895545559,-0.1269303666462724,3.8238267872541782
27.42,-0.1503919106303911,-0.1472146300459777,3.82081894904157
27.44,-0.1837676977548034,-0.1580379329049445,3.817143595086474
27.46,-0.1823962340009868,-0.1756176044813178,3.8134956704064544
27.48,-0.0836034785905787,-0.1313250546615423,3.811823600834643
27.5,-0.2563954393457194,-0.1250231437087797,3.8066956920477284
27.52,-0.0714196241043624,-0.1612404627034117,3.8052672995656414
27.54,-0.2274495429161115,-0.2547538163101325,3.800718308707319
27.56,-0.0537869025610928,-0.1433013708435133,3.7996425706560975
27.58,0.071245526316804,-0.1844361999607921,3.8010674811824336
27.6,-0.1997950078670554,-0.1779830789672027,3.797071581025092
27.62,-0.0987885890998691,-0.1740322941914413,3.7950958092430946
27.64,-0.0381108299394863,-0.1501582820491786,3.794333592644305
27.66,-0.061292111088189,-0.1294738644101867,3.7931077504225414
27.68,-0.0829261927032763,-0.1860136919328814,3.791449226568476
27.7,0.0082667313740566,-0.1026409021300132,3.7916145611959573
27.72,-0.4439698247739005,-0.1374405718527644,3.7827351647004797
27.74,-0.1719232410983784,-0.1449569036173575,3.779296699878512
27.76,-0.2696762906002445,-0.1806386983645799,3.7739031740665063
27.78,-0.1103938915690459,-0.1433120589474967,3.7716952962351256
27.8,0.0036768164932282,-0.1624600479856018,3.77176883256499
27.82,-0.1316011236200724,-0.1043691951743641,3.7691368100925886
27.84,-0.2316349975364444,-0.1191926992207277,3.7645041101418597
27.86,-0.0941261967707166,-0.1563481013923224,3.7626215862064454
27.88,0.1152210622074083,-0.1453647890961612,3.7649260074505935
27.9,-0.1983095324096577,-0.202019520543022,3.7609598168024005
27.92,-0.1932287420472212,-0.1381043104946323,3.7570952419614554
27.94,-0.1213707648460521,-0.1657158571726195,3.7546678266645346
27.96,-0.1924112707877766,-0.1758922265954663,3.750819601248779
27.98,-0.0647727639074346,-0.1594962853615254,3.7495241459706303
28.0,-0.3233202298711007,-0.1475474643636716,3.7430577413732085
28.02,-0.2525249753590841,-0.1445809990559768,3.738007241866027
28.04,-0.4786741015439099,-0.1971117418321904,3.728433759835149
28.06,-0.1822501672825329,-0.2039401019397189,3.7247887564894984
28.08,-0.1670165858918618,-0.1751028419548285,3.721448424771661
28.1,-0.2848032675283476,-0.1635226589710626,3.715752359421093
28.12,-0.3035245665708294,-0.2091570677295079,3.709681868089677
28.14,-0.1693089097833017,-0.1583804114748753,3.7062956898940107
28.16,0.1210042572588018,-0.160493523632735,3.708715775039187
28.18,-0.3624304221498483,-0.2057887383075791,3.70146716659619
28.2,-0.1543497757358578,-0.1470111313325638,3.6983801710814728
28.22,-0.2371536609757754,-0.1988619889440065,3.6936370978619575
28.24,-0.5187949242844494,-0.2237924058188073,3.6832611993762687
28.26,-0.1097153313757545,-0.2071024175770116,3.681066892748753
28.28,-0.2047073087635629,-0.2060108583003939,3.676972746573482
28.3,-0.3118480696532147,-0.16993083508492,3.6707357851804177
28.32,-0.238818876767911,-0.1349635565277536,3.6659594076450595
28.34,-0.3031059623229613,-0.155044452196452,3.6598972883986005
28.36,-0.0653949510850359,-0.142036033932162,3.6585893893768997
28.38,-0.3348747194698697,-0.1546541239913127,3.6518918949875023
28.4,-0.4321957490370128,-0.2038658121492556,3.643247980006762
28.42,-0.2445939832613292,-0.1939542499476119,3.6383561003415346
28.44,-0.3254796947033758,-0.175583228732452,3.631846506447467
28.46,-0.0322919455941405,-0.1690157104338644,3.6312006675355843
28.48,-0.27054610700739,-0.1932097778987288,3.6257897453954366
28.5,-0.089198687711725,-0.2042081009411577,3.624005771641202
28.52,-0.2660183616965972,-0.2220155680403641,3.61868540440727
28.54,-0.4278056149552032,-0.1724887297400504,3.6101292921081662
28.56,0.0266072695858574,-0.1661340254573579,3.6106614374998833
28.58,-0.336473595066105,-0.1364715034151221,3.6039319655985613
28.6,-0.3184146186570828,-0.1986673004078313,3.5975636732254186
28.62,-0.1068548554835087,-0.1855982791654212,3.5954265761157487
28.64,-0.1139595594630168,-0.2056162824805672,3.5931473849264886
28.66,-0.1964315043540214,-0.1884628356650263,3.589218754839408
28.68,-0.208181821728383,-0.1617185762851151,3.5850551184048407
28.7,-0.034554243077731,-0.1753500864959939,3.5843640335432863
28.72,-0.0711700062247699,-0.1714486772501855,3.582940633418791
28.74,-0.1601662882473221,-0.1808131191028082,3.579737307653845
28.76,-0.2535440565133635,-0.1957383001130342,3.5746664265235766
28.78,-0.544571777131879,-0.1642881422846797,3.563774990980939
28.8,-0.23628019374773,-0.2067606119937551,3.5590493871059845
28.82,-0.3398255636290993,-0.1651550318673701,3.552252875833403
28.84,-0.0668346321243267,-0.1958777574488096,3.550916183190916
28.86,-0.3038396874204302,-0.1813249548507074,3.5448393894425076
28.88,-0.3178063357960344,-0.2109717311820291,3.538483262726587
28.9,-0.3294988938415265,-0.2260640645509376,3.5318932848497564
28.92,-0.2230205044097507,-0.1692057986328565,3.5274328747615606
28.94,-0.3367193904076775,-0.1377276868155864,3.5206984869534073
28.96,-0.2176804203888951,-0.1323965258970147,3.5163448785456293
28.98,-0.1338085508589102,-0.1260914678346547,3.513668707528451
29.0,-0.2835234127049678,-0.1745778327159189,3.5079982392743516
29.02,-0.2109878556350246,-0.1740452972926571,3.503778482161651
29.04,-0.2229791502927713,-0.2125581954194182,3.4993188991557957
29.06,-0.2234034106640353,-0.1754028278062793,3.4948508309425153
29.08,-0.4948393347691513,-0.1774091296224416,3.4849540442471323
29.1,-0.4057174665601816,-0.2046814800553411,3.4768396949159275
29.12,-0.2687994767570223,-0.1426589699677325,3.471463705380787
29.14,-0.263779340037674,-0.1797803831172542,3.4661881185800336
29.16,-0.3058230718330843,-0.1988204195885808,3.4600716571433723
29.18,-0.6189390368654857,-0.2300529222292782,3.447692876406063
29.2,-0.4468753904034056,-0.1257581947161922,3.438755368597995
29.22,-0.5708554130942065,-0.1736811110781923,3.427338260336111
29.24,-0.1318828927355474,-0.1782555021753839,3.4247006024814004
29.26,-0.5270812793631273,-0.2056126771234727,3.4141589768941363
29.28,-0.3267838758893058,-0.1829544650114479,3.4076232993763504
29.3,-0.2458009829936485,-0.1865905653894366,3.4027072797164775
29.32,-0.4545345976826335,-0.1866990334265307,3.393616587762825
29.34,-0.5052673145421285,-0.2259899851794674,3.3835112414719823
29.36,-0.3720470997472657,-0.1979062105551207,3.3760702994770373
29.38,-0.6213091828916757,-0.1864746287098312,3.363644115819204
29.4,-0.3734485205264621,-0.1938483883791992,3.356175145408675
29.42,-0.4424553440864051,-0.2137733037235961,3.3473260385269454
29.44,-0.3188810999930909,-0.2313379374042598,3.340948416527084
29.46,-0.6114310214720293,-0.1637986001572383,3.328719796097644
29.48,-0.2934033666139093,-0.159965317435522,3.322851728765366
29.5,-0.2548484889334817,-0.1808668506443532,3.3177547589866965
29.52,-0.4803437736569858,-0.1953872038485553,3.308147883513557
29.54,-0.3333664052147801,-0.2057448851994116,3.3014805554092614
29.56,-0.387294917595221,-0.2218895763552014,3.293734657057357
29.58,-0.1926425389923972,-0.2151010536142434,3.2898818062775095
29.6,-0.2944414096091199,-0.189213329632473,3.283992978085326
29.62,-0.3973329647523917,-0.1927153345154319,3.2760463187902786
29.64,-0.597151323977807,-0.2019577665182353,3.2641032923107227
29.66,-0.5547305631197182,-0.2152059066296878,3.2530086810483287
29.68,-0.4519073892597257,-0.2233495302604286,3.2439705332631346
29.7,-0.4988710543321329,-0.1933246611382803,3.233993112176492
29.72,-0.4803976059132315,-0.2243881005817104,3.2243851600582274
29.74,-0.266495981833614,-0.1675111363762427,3.219055240421555
29.76,-0.3829837052486473,-0.1833934478621717,3.211395566316581
29.78,-0.2857406502074499,-0.1459430418621154,3.2056807533124325
29.8,-0.4079557618980691,-0.1867724867453966,3.197521638074471
29.82,-0.4279058831131876,-0.1817271506037945,3.1889635204122073
29.84,-0.4973559984375729,-0.1914876240433452,3.179016400443456
29.86,-0.5606499933710765,-0.1925480766009794,3.1678034005760347
29.88,-0.4020700211518045,-0.1818046168743627,3.1597620001529987
29.9,-0.2535140728737785,-0.2024358070056088,3.1546917186955232
29.92,-0.4326465821158319,-0.1519387756794792,3.146038787053205
29.94,-0.3374595628643132,-0.1858936932989199,3.139289595795919
29.96,-0.548158386131575,-0.1928283730252554,3.128326428073288
29.98,-0.4712506957430756,-0.2566644515445648,3.1189014141584264
30.0,-0.4370432030435474,-0.2356090690511039,3.1101605500975555
30.02,-0.4096299431411758,-0.2023324786691526,3.101967951234732
30.04,-0.4441998262769923,-0.1993298402098811,3.093083954709192
30.06,-0.4442205657158645,-0.2135456360421594,3.0841995433948752
30.08,-0.4709129221984005,-0.1792916338706962,3.0747812849509075
30.1,-0.3859200935827065,-0.2089112956210579,3.0670628830792523
30.12,-0.4000419773287766,-0.2024869487919915,3.059062043532677
30.14,-0.4982695469917701,-0.2310810189204456,3.0490966525928416
30.16,-0.5531068572960551,-0.2266608293220773,3.038034515446921
30.18,-0.5474777863657019,-0.2106164943443672,3.0270849597196072
30.2,-0.2540973078787908,-0.2315607851343403,3.0220030135620317
30.22,-0.4210048791505179,-0.1646504113967641,3.0135829159790215
30.24,-0.3524842233389115,-0.2292272980787109,3.0065332315122433
30.26,-0.366516096141749,-0.2145093970873719,2.9992029095894073
30.28,-0.4563119435905481,-0.1922523047562452,2.9900766707175963
30.3,-0.4287200867060926,-0.2074258653020781,2.9815022689834745
30.32,-0.4222060689841794,-0.1909300927058065,2.973058147603791
30.34,-0.655322755854165,-0.2087868575826056,2.9599516924867078
30.36,-0.4253299209262601,-0.2081942476794455,2.9514450940681827
30.38,-0.5603188142581393,-0.2334969247744862,2.94023871778302
30.4,-0.5697245319052031,-0.1831974063321634,2.9288442271449164
30.42,-0.44930533227014,-0.1798446107759614,2.919858120499512
30.44,-0.1518962632812375,-0.2094646077458792,2.9168201952338877
30.46,-0.6909829987406826,-0.174077238005564,2.9030005352590744
30.48,-0.7350647354206952,-0.1990575417310958,2.8882992405506607
30.5,-0.4806435249757773,-0.1924178757491227,2.8786863700511454
30.52,-0.734936610911272,-0.2311715277410838,2.86398763783292
30.54,-0.5147359881860153,-0.2605196284985483,2.8536929180692
30.56,-0.7501591949987969,-0.1878004321340557,2.838689734169224
30.58,-0.4480862845166257,-0.1418847046517209,2.8297280084788916
30.6,-0.5113541125618053,-0.2221298918854222,2.819500926227654
30.62,-0.6177921480794795,-0.2058035291789328,2.8071450832660645
30.64,-0.3629084679813865,-0.1908410550890969,2.799886913906437
30.66,-0.4881695227175059,-0.1759748864052013,2.7901235234520874
30.68,-0.4377459747031236,-0.2054532117001948,2.781368603958025
30.7,-0.6562477460463256,-0.1905441663290755,2.7682436490370987
30.72,-0.4728445089522254,-0.2243655156156226,2.7587867588580544
30.74,-0.6567329253902914,-0.2163386940612647,2.7456521003502488
30.76,-0.2369777065959116,-0.1824346835388579,2.74091254621833
30.78,-0.4131455080747385,-0.2026225729596903,2.7326496360568355
30.8,-0.5043457982936471,-0.2640896467612464,2.722562720090963
30.82,-0.3974932043323433,-0.2096097232217108,2.714612856004316
30.84,-0.5115776075165023,-0.1633787331027723,2.704381303853986
30.86,-0.5542676415596648,-0.2118998462914209,2.693295951022793
30.88,-0.5166074720897579,-0.2002589088242874,2.682963801580998
30.9,-0.7526095238460829,-0.2635838132343558,2.667911611104077
30.92,-0.5923634446239654,-0.219341268388422,2.6560643422115957
30.94,-0.5143910500642271,-0.2078248383704097,2.6457765212103115
30.96,-0.6315461049140445,-0.207508939623779,2.633145599112031
30.98,-0.2945727460231485,-0.2228335277667718,2.627254144191568
31.0,-0.5911326844294601,-0.2196897580998574,2.615431490502979
31.02,-0.5196041145841567,-0.2494970916736939,2.6050394082112964
31.04,-0.3134205823933343,-0.2370307365883801,2.59877099656343
31.06,-0.4586388477092007,-0.2215607340683057,2.5895982196092464
31.08,-0.2983383000005186,-0.1993614293743726,2.583631453609236
31.1,-0.5388854408309851,-0.2125783363136975,2.5728537447926145
31.12,-0.7417230924335484,-0.1947214281416266,2.558019282943944
31.14,-0.8602080301274133,-0.1838247640017435,2.5408151223413964
31.16,-0.7142909661698312,-0.2251037191654108,2.526529303018
31.18,-0.5406051925550406,-0.2255353364747427,2.5157171991668994
31.2,-0.4561146371541696,-0.1754258545501915,2.506594906423816
31.22,-0.4506774696301192,-0.2377526007226483,2.497581357031214
31.24,-0.732622078169822,-0.245555628517166,2.4829289154678182
31.26,-0.65623391154838,-0.2321089069138234,2.4698042372368487
31.28,-0.5226940061064902,-0.2509849933493939,2.4593503571147193
31.3,-0.845393294690858,-0.2477163879429468,2.4424424912209024
31.32,-0.6898606732660103,-0.2427587805604452,2.4286452777555825
31.34,-0.5563452371105283,-0.2251431146250443,2.417518373013372
31.36,-0.564925941757232,-0.2000976872195,2.406219854178228
31.38,-0.4755952799034972,-0.2182027197378443,2.396707948580158
31.4,-0.5777566739004634,-0.2344572823205496,2.385152815102149
31.42,-0.6305108196918962,-0.1669258961198574,2.3725425987083093
31.44,-0.7026190075240644,-0.2239286498614494,2.3584902185578285
31.46,-0.5593209676620754,-0.2034929790265331,2.347303799204587
31.48,-0.6325036658168773,-0.203083586553127,2.33465372588825
31.5,-0.5076533580291454,-0.2227857325661557,2.324500658727667
31.52,-0.7652290390869787,-0.2037384701899615,2.309196077945928
31.54,-0.3885605702783756,-0.2098836185882889,2.3014248665403607
31.56,-0.6907757350918413,-0.2269231952698375,2.2876093518385243
31.58,-0.6559524601885587,-0.2301938784483587,2.2744903026347534
31.6,-0.5228985278470805,-0.2165109293570816,2.26403233207781
31.62,-0.5331565722224182,-0.2612545373503727,2.2533692006333617
31.64,-0.5478037702371636,-0.214765961457202,2.2424131252286186
31.66,-0.6874408210279,-0.2122457488926395,2.2286643088080607
31.68,-0.8756166164826005,-0.2073263614610501,2.211151976478409
31.7,-0.6394798331563762,-0.2084688112213072,2.198362379815282
31.72,-0.5353508813652958,-0.2253952631617507,2.187655362187976
31.74,-0.5692370991438471,-0.1810131980454805,2.1762706202050994
31.76,-0.5094303440771472,-0.2415771643393916,2.166082013323555
31.78,-0.6699779780849777,-0.2375719148059848,2.1526824537618556
31.8,-0.7222450448340997,-0.2180423886539449,2.138237552865174
31.82,-0.7735348243059831,-0.1759799157493248,2.1227668563790543
31.84,-0.5615180296403111,-0.1899538400571261,2.111536495786248
31.86,-0.6054562904664844,-0.1872072538347576,2.099427369976919
31.88,-0.6403405053039243,-0.1755230924624879,2.0866205598708407
31.9,-0.6447450062526656,-0.2384355036621978,2.073725659745788
31.92,-0.6713107543932493,-0.2868159068288906,2.060299444657921
31.94,-0.6880403800295559,-0.202558126505054,2.04653863705733
31.96,-0.5609303138054181,-0.2437525271532181,2.035320030781222
31.98,-0.7356106522373433,-0.2245655409703117,2.0206078177364755
32.0,-0.4611982167065553,-0.199466931897192,2.0113838534023447
32.02,-0.4632756188864573,-0.2453466684645401,2.002118341024614
32.04,-0.4401862349937211,-0.2264746233946596,1.9933146163247415
32.06,-0.4999152721296682,-0.1924869578317414,1.9833163108821465
32.08,-0.7198470027626549,-0.1889365327178916,1.9689193708268964
32.1,-0.5388872584207408,-0.1970747301061556,1.9581416256584798
32.12,-0.6658482520182105,-0.1838756270830354,1.9448246606181183
32.14,-0.6406387290603597,-0.2310425387792657,1.932011886036909
32.160000000000004,-0.6006307091099732,-0.2233701768735056,1.9199992718547079
32.18,-0.6846344868788521,-0.1942788671788605,1.9063065821171334
32.2,-0.6596839501061439,-0.1949474069974823,1.8931129031150085
32.22,-0.5724539063230393,-0.1930229624858331,1.88166382498855
32.24,-0.548779659241706,-0.1917909437732816,1.8706882318037141
32.26,-0.569472353584748,-0.1656122803739713,1.8592987847320215
32.28,-0.3614638305777476,-0.2021122919270222,1.8520695081204654
32.3,-0.4118493180466703,-0.2453663040423939,1.8438325217595337
32.32,-0.6568113371005033,-0.2092667383922112,1.8306962950175216
32.34,-0.6538029676064778,-0.2313858173977685,1.81762023566539
32.36,-0.6201657561092897,-0.2386329020489594,1.8052169205432067
32.38,-0.5954381178938879,-0.1889043048732317,1.7933081581853272
32.4,-0.480514650667309,-0.1740780437962778,1.7836978651719828
32.42,-0.7584302973313287,-0.2070661394086842,1.7685292592253539
32.44,-0.7499916879821422,-0.2080891524830348,1.753529425465714
32.46,-0.6920626264103444,-0.2291373877622229,1.739688172937505
32.480000000000004,-0.3164951631268857,-0.2299326221881255,1.7333582696749663
32.5,-0.5215402414722031,-0.2617357895689871,1.7229274648455244
32.52,-0.8736370212790034,-0.1996723203215005,1.7054547244199416
32.54,-0.6695477659281951,-0.23032156354049,1.6920637691013805
32.56,-0.906069051759076,-0.2041482591040193,1.673942388066196
32.58,-0.6350295189088508,-0.2077448902467094,1.6612417976880216
32.6,-0.7108968933492008,-0.2690927973120041,1.6470238598210354
32.62,-0.5294636215897829,-0.1883985153512989,1.6364345873892419
32.64,-0.5293260176307423,-0.2114248597141017,1.6258480670366253
32.660000000000004,-0.4857552328980259,-0.2088692108363614,1.6161329623786633
32.68,-0.6484295186680775,-0.2544423076727587,1.6031643720053044
32.7,-0.6125538930666292,-0.2159794903474614,1.5909132941439699
32.72,-0.5506906500887173,-0.2384267250480727,1.5798994811421978
32.74,-0.6147156983278402,-0.2187151373453535,1.567605167175639
32.76,-0.7904369987270159,-0.1694236306531321,1.5517964272011018
32.78,-0.8060248887669482,-0.246116023685737,1.5356759294257603
32.8,-0.6347545776809186,-0.2607726169473918,1.5229808378721443
32.82,-0.8955642169058775,-0.2215958675335569,1.505069553534024
32.84,-0.4994299315638192,-0.2204292597695239,1.495080954902746
32.86,-0.812565083945144,-0.211317855477178,1.4788296532238463
32.88,-0.5569145834842987,-0.1826351545324026,1.4676913615541587
32.9,-0.72924446294379,-0.2377766174621649,1.4531064722952858
32.92,-0.8899839441140722,-0.2086614823122988,1.4353067934130015
32.94,-0.676839313721914,-0.2496170569364323,1.421770007138566
32.96,-0.7469935172405859,-0.2519113779080119,1.406830136793752
32.980000000000004,-0.8700511088414598,-0.2115817519133079,1.38942911461692
33.0,-0.5819970370583689,-0.1998145408848073,1.3777891738757548
33.02,-0.7000330202604639,-0.2303128164244015,1.3637885134705434
33.04,-0.7230352429051308,-0.2478931436323272,1.3493278086124436
33.06,-0.5085252625326019,-0.2527244175326306,1.33915730336179
33.08,-0.8955329811573728,-0.2313620824902665,1.321246643738646
33.1,-0.5324491790045227,-0.2241340515555736,1.310597660158554
33.12,-0.6329817634802852,-0.2044364873532653,1.297938024888951
33.14,-0.6721773698182932,-0.2383763847736145,1.284494477492583
33.160000000000004,-1.0280257639568855,-0.254260169514086,1.2639339622134422
33.18,-0.661541326930428,-0.249822396303031,1.2507031356748364
33.2,-0.7637807807001973,-0.2623063833833106,1.23542752006083
33.22,-0.530190173202565,-0.2360633817213107,1.2248237165967808
33.24,-0.7349471478602125,-0.2223559995979123,1.2101247736395742
33.26,-0.9004863718348313,-0.1906699415289287,1.1921150462028811
33.28,-0.7954772399075788,-0.1852052486847808,1.176205501404727
33.3,-0.7850319494777203,-0.1942324303706323,1.1605048624151757
33.32,-0.6867780216181165,-0.2345220224921495,1.1467693019828111
33.34,-0.768858484963968,-0.2259364633451128,1.1313921322835294
33.36,-0.5974454839664819,-0.2033547471042053,1.1194432226042021
33.38,-0.6426300804513689,-0.2118519606804978,1.1065906209951728
33.4,-0.8031879721107461,-0.1904672556957112,1.090526861552961
33.42,-0.5046193680542935,-0.2432843569176796,1.0804344741918737
33.44,-0.7033250064303642,-0.2052989064798591,1.0663679740632692
33.46,-0.8578900696198333,-0.2121792700061759,1.0492101726708698
33.480000000000004,-0.8085481800271969,-0.2181188648000089,1.0330392090703233
33.5,-0.5712587527119646,-0.2120373125236278,1.0216140340160862
33.52,-0.5821623428876866,-0.2503941276865465,1.0099707871583306
33.54,-0.6323080160175367,-0.209181559494011,0.9973246268379823
33.56,-0.8561056761916004,-0.2281444682333626,0.9802025133141476
33.58,-0.8317806681097395,-0.2260173252204161,0.9635668999519562
33.6,-0.800155756206291,-0.2257458082505595,0.9475637848278279
33.62,-0.5546943950703214,-0.1690275099484976,0.9364698969264237
33.64,-0.7455859482154041,-0.2066130333205821,0.9215581779621133
33.660000000000004,-0.6637080597112954,-0.2068710605239921,0.9082840167678853
33.68,-0.9315374909412496,-0.1741020656617624,0.889653266949064
33.7,-1.0279849724955148,-0.1889640861422458,0.8690935674991505
33.72,-0.7569777582066224,-0.1891878889463966,0.853954012335021
33.74,-0.6857532633350054,-0.2411746440765445,0.8402389470683187
33.76,-0.7303306750491215,-0.2210575774257118,0.8256323335673392
33.78,-0.7029991887509092,-0.220537973239206,0.8115723497923188
33.8,-0.7735214826264982,-0.1947082881855313,0.796101920139792
33.82,-0.7258153683312343,-0.1805011807796915,0.7815856127731651
33.84,-0.6991187838815887,-0.2014018220726116,0.7676032370955311
33.86,-0.7955040034048801,-0.1972591799332675,0.7516931570274367
33.88,-0.9075496174020738,-0.1923139393588082,0.7335421646793924
33.9,-0.7898357513065514,-0.2053138754768621,0.7177454496532645
33.92,-0.6006168014439837,-0.2491933541815832,0.705733113624383
33.94,-1.03903018943599,-0.1999870539227981,0.6849525098356672
33.96,-0.8333537252797196,-0.234572921158741,0.6682854353300702
33.980000000000004,-0.7571365880860906,-0.2347831428144921,0.653142703568346
34.0,-0.930154692040748,-0.1975297087025931,0.6345396097275348
34.02,-0.566826698917155,-0.2386608836609304,0.6232030757491899
34.04,-0.7807166183966067,-0.2005162769379693,0.6075887433812609
34.06,-0.7208699973116698,-0.2257885043335474,0.5931713434350252
34.08,-0.8541133407864715,-0.217839589850965,0.5760890766192992
34.1,-0.833225789456647,-0.2242690295344858,0.5594245608301637
34.12,-0.7745294402712677,-0.2050524167004131,0.5439339720247414
34.14,-0.8181554546063836,-0.2229617346449193,0.5275708629326111
34.160000000000004,-0.8277809594815879,-0.223077001024857,0.5110152437429768
34.18,-0.8725642889213975,-0.2064742201244849,0.4935639579645523
34.2,-0.6909006255735983,-0.2207522879377332,0.4797459454530782
34.22,-0.9408464347084248,-0.2585025282998307,0.46092901675891346
34.24,-0.6230368586712316,-0.2307254809428504,0.44846827958548685
34.26,-0.7190266102190022,-0.2393689286091611,0.43408774738110967
34.28,-0.7921943506922194,-0.202895345132941,0.4182438603672628
34.300000000000004,-0.6930293818260281,-0.2061939242197448,0.4043832727307401
34.32,-0.9242397535915594,-0.2003860435660212,0.3858984776589126
34.34,-0.7864633712081093,-0.2009253148597726,0.37016921023474797
34.36,-0.8981080960171988,-0.1887714620717294,0.3522070483144076
34.38,-0.7744164556313026,-0.2120209284974304,0.3367187192017791
34.4,-0.84369584386342,-0.1978999081268266,0.31984480232451407
34.42,-0.9064019566381138,-0.2088544664891868,0.30171676319174895
34.44,-0.8934434001291911,-0.2179818500156043,0.2838478951891687
34.46,-0.7324778270021925,-0.2659124758781052,0.26919833864912257
34.480000000000004,-0.8601321244391815,-0.2118106691172374,0.25199569616033624
34.5,-0.9171156639571576,-0.2038773809632166,0.23365338288119675
34.52,-0.7565332973294845,-0.2173849027590819,0.2185227169346047
34.54,-0.724015193181527,-0.220436818388111,0.20404241307097704
34.56,-0.7871092730066148,-0.2096114383945796,0.18830022761084228
34.58,-0.9278387455899122,-0.2503403143463754,0.16974345269904773
34.6,-0.6346525959220017,-0.2013648226590168,0.1570504007806057
34.62,-0.7778739660282602,-0.2036484834959717,0.14149292146004358
34.64,-0.601151479386714,-0.1494467786198417,0.12946989187230742
34.660000000000004,-0.7846556548170445,-0.2358505280603056,0.11377677877596408
34.68,-0.6599392243660206,-0.2431962837702991,0.10057799428864629
34.7,-0.971046960620656,-0.1451179743911767,0.08115705507623014
34.72,-0.8157584631295681,-0.1546496324427643,0.06484188581364203
34.74,-0.8262609596778179,-0.207864876776373,0.04831666662008309
34.76,-0.5605440374989151,-0.2201263817838518,0.037105785870107016
34.78,-0.840612755580453,-0.2538206620211837,0.02029353075849533
34.800000000000004,-0.9206797492562772,-0.2218594803376374,0.001879935773366908
34.82,-0.8365961907025496,-0.2056574095437554,-0.014851988040680757
34.84,-0.8625931396908896,-0.1980497985670381,-0.03210385083450125
34.86,-0.7757908633813809,-0.1665941743203584,-0.047619668102125784
34.88,-0.8917365634754928,-0.2078032498864223,-0.06545439937163842
34.9,-0.8868263405922183,-0.1808905445058508,-0.08319092618347926
34.92,-0.6824470402069819,-0.2256546180373533,-0.09683986698762102
34.94,-1.04327336166607,-0.1732674590656414,-0.11770533422093828
34.96,-0.686187212667859,-0.2366926569702124,-0.1314290784742976
34.980000000000004,-0.6563059825879444,-0.1938426102342262,-0.14455519812605855
35.0,-0.6567360493292327,-0.2227090734876252,-0.15768991911264058
35.02,-0.9705098340407702,-0.2003144116664683,-0.17710011579345902
35.04,-0.9490957085352756,-0.1923931779879515,-0.19608202996416077
35.06,-0.7872552887437948,-0.203758941817765,-0.21182713573903914
35.08,-0.7647422932962833,-0.2607058543799553,-0.22712198160496175
35.1,-0.9594306554689902,-0.1786351292654142,-0.24631059471434455
35.12,-0.6382007514022435,-0.1874298839160609,-0.2590746097423869
35.14,-0.5681976018004885,-0.1937104230246467,-0.2704385617783984
35.160000000000004,-0.8462091587192525,-0.2177686328962444,-0.28736274495278613
35.18,-0.8120244933156415,-0.2356671192648213,-0.30360323481909574
35.2,-0.5541430836292762,-0.2163069484494434,-0.314686096491683
35.22,-0.7303261558981429,-0.2482156822719526,-0.32929261960964296
35.24,-0.731817795256044,-0.2347391207606778,-0.34392897551476614
35.26,-0.7462764125174367,-0.1851212623971053,-0.3588545037651119
35.28,-1.009418124743853,-0.2893964336325072,-0.3790428662599921
35.300000000000004,-0.8905773321845668,-0.1939954019440112,-0.3968544129036862
35.32,-0.6093901170592011,-0.236993332539267,-0.40904221524486784
35.34,-0.9054928390959944,-0.1904963590227347,-0.42715207202679056
35.36,-0.6354308637758312,-0.2172662514335111,-0.43986068930230465
35.38,-0.6903907851199674,-0.2017127036938649,-0.4536685050047062
35.4,-0.8724198478385422,-0.240406820279433,-0.47111690196147354
35.42,-0.673539398821662,-0.2116804303047208,-0.4845876899379089
35.44,-0.7017714365845935,-0.1784626154120148,-0.49862311866959796
35.46,-0.5346106023663455,-0.1998021388679083,-0.5093153307169266
35.480000000000004,-0.7439688126101172,-0.2296569712419608,-0.5241947069691313
35.5,-0.7439967080072437,-0.1846318005328993,-0.5390746411292732
35.52,-0.896022251613654,-0.2281608438594776,-0.556995086161549
35.54,-0.5299211666248086,-0.1759533031908768,-0.5675935094940431
35.56,-1.026166211116189,-0.2131387616847219,-0.58811683371637
35.58,-0.7456390085145518,-0.1963965228259666,-0.6030296138866581
35.6,-0.7157678798149989,-0.2255364888970576,-0.6173449714829603
35.62,-0.7075521316900126,-0.181357508770744,-0.6314960141167577
35.64,-0.704981109350955,-0.1734187064598316,-0.645595636303779
35.660000000000004,-0.7675541907098836,-0.1998742688054138,-0.6609467201179791
35.68,-0.5626026391419335,-0.2054614218701506,-0.6721987729008155
35.7,-0.6190871316268328,-0.2616880617253081,-0.6845805155333541
35.72,-0.637718390288784,-0.1540170124806708,-0.6973348833391272
35.74,-0.4626902277473565,-0.2120522346918006,-0.7065886878940758
35.76,-0.8386984689530058,-0.2047512090816916,-0.7233626572731325
35.78,-0.7801605459993382,-0.1348906116838042,-0.7389658681931217
35.800000000000004,-0.7319492630565717,-0.1969937929803004,-0.7536048534542554
35.82,-0.9161188326046086,-0.2386236507707394,-0.771927230106344
35.84,-0.6078215733605021,-0.204547583877177,-0.7840836615735559
35.86,-0.8028196499424894,-0.1809550211670125,-0.8001400545724026
35.88,-0.7389113554376863,-0.2178203896072321,-0.8149182816811585
35.9,-0.7027639513988226,-0.215997911983117,-0.8289735607091322
35.92,-0.7521065462646889,-0.235215647305228,-0.8440156916344284
35.94,-0.8674724028911053,-0.2501189973927277,-0.861365139692247
35.96,-0.7104910811402922,-0.2075842606133641,-0.8755749613150551
35.980000000000004,-0.8843527661206287,-0.2435452783541506,-0.8932620166374704
36.0,-0.7438988667747566,-0.1427826687254591,-0.9081399939729625
36.02,-0.7967054483517856,-0.2344187418539319,-0.9240741029400007
36.04,-0.6756886893602211,-0.2095937892446407,-0.9375878767272025
36.06,-0.6812335710359365,-0.1932728111256415,-0.9512125481479233
36.08,-0.7794570455659967,-0.1918776793602726,-0.9668016890592401
36.1,-0.668471774466615,-0.2200943633744634,-0.9801711245485745
36.12,-0.6597102140043094,-0.191603763450328,-0.993365328828658
36.14,-0.6636054640387223,-0.1789256553830538,-1.0066374381094345
36.16,-0.9148111232903422,-0.2259820213465391,-1.0249336605752377
36.18,-1.0483704240932163,-0.158794828801519,-1.0459010690571053
36.2,-0.7482282015537471,-0.2003021377403706,-1.0608656330881827
36.22,-1.009841239129958,-0.2270872993960214,-1.081062457870778
36.24,-0.7010405038684225,-0.2262736626155404,-1.0950832679481486
36.26,-0.9196305780341806,-0.2287121727586226,-1.1134758795088286
36.28,-0.6853799092166162,-0.1593648718005784,-1.127183477693163
36.3,-0.8769137588632019,-0.163362185904473,-1.1447217528704237
36.32,-0.979949934329599,-0.1816010309995002,-1.1643207515570186
36.34,-0.975342076565902,-0.2140407858237527,-1.1838275930883397
36.36,-0.7097208397127029,-0.1373348703012016,-1.1980220098825909
36.38,-0.979785746090836,-0.2217264953700667,-1.2176177248044107
36.4,-0.6593495289013169,-0.213386558989816,-1.2308047153824344
36.42,-0.7048522044781887,-0.1786509326241986,-1.2449017594720004
36.44,-0.5576655617640731,-0.1553251905394269,-1.2560550707072797
36.46,-0.5646004327679958,-0.2498868070844778,-1.2673470793626413
36.48,-0.550056128596488,-0.1817644333506662,-1.2783482019345689
36.5,-0.8679920901855255,-0.2129997627276502,-1.2957080437382822
36.52,-0.7795938612186684,-0.22389048415077,-1.311299920962658
36.54,-0.6289806941140963,-0.1823966529855066,-1.3238795348449373
36.56,-0.7837643674205244,-0.2040301392390064,-1.3395548221933502
36.58,-0.7057412925254043,-0.1880430251636973,-1.3536696480438555
36.6,-0.8825572735678106,-0.2477150338338713,-1.3713207935152145
36.62,-0.6586433601828479,-0.1802095299372907,-1.384493660718869
36.64,-0.7146424153100367,-0.1611679932752202,-1.398786509025072
36.66,-0.8487321278419153,-0.2236286606859864,-1.4157611515819069
36.68,-0.558838027659377,-0.2151970164396846,-1.4269379121350962
36.7,-0.854573952206947,-0.1725509737679287,-1.444029391179238
36.72,-0.6438188744869234,-0.1562962406159766,-1.4569057686689737
36.74,-0.574861305286209,-0.1742834028037956,-1.4684029947746997
36.76,-0.7150586875334476,-0.1556189257113872,-1.482704168525366
36.78,-0.7192432470555501,-0.2500356010901731,-1.4970890334664793
36.8,-0.5820485217007105,-0.2155354942978381,-1.5087300039004912
36.82,-0.5417604280041954,-0.1789809377321538,-1.5195652124605767
36.84,-0.7155948390215966,-0.1784498005174324,-1.5338771092410108
36.86,-0.7831480653196702,-0.193393407204489,-1.5495400705474012
36.88,-0.8428860207815629,-0.2113424041138834,-1.566397790963035
36.9,-0.785958855698293,-0.1908714870489134,-1.5821169680769978
36.92,-0.5123794357743232,-0.2224350726999751,-1.5923645567924858
36.94,-0.9187133813523952,-0.2051640614201428,-1.61073882441953
36.96,-0.7842536728135274,-0.2337247173337721,-1.626423897875803
36.98,-0.8690497393591936,-0.2252367219000902,-1.6438048926629834
37.0,-0.8148057758696885,-0.1849855053759799,-1.6601010081803798
37.02,-0.6849953463894783,-0.1607474843577928,-1.6738009151081714
37.04,-0.7056999870865666,-0.2011800667592321,-1.6879149148499
37.06,-0.7455202130582536,-0.193613224999888,-1.7028253191110674
37.08,-0.6842987562304622,-0.139804079686006,-1.716511294235674
37.1,-0.6667057037812015,-0.2254218840037374,-1.7298454083113
37.12,-0.8811266792168694,-0.2099087629056505,-1.7474679418956338
37.14,-0.6730269798749967,-0.1819367596934156,-1.7609284814931359
37.16,-0.7825741799992352,-0.1901611944777688,-1.7765799650931176
37.18,-0.7658258362595696,-0.1722944772016439,-1.7918964818183114
37.2,-0.755987148502288,-0.1912540141397528,-1.8070162247883594
37.22,-0.8381582210241358,-0.1456472250381449,-1.8237793892088388
37.24,-0.905337964969586,-0.1777188451075357,-1.8418861485082334
37.26,-0.6970253274284657,-0.1518809403623236,-1.8558266550568
37.28,-0.6246330595562133,-0.1808786094329008,-1.8683193162479261
37.3,-0.7384611426390766,-0.2073780083489155,-1.8830885391007046
37.32,-0.842435446178408,-0.1625682352951081,-1.8999372480242753
37.34,-0.6327950305500637,-0.1683324801343026,-1.9125931486352785
37.36,-0.5245639638590232,-0.1903777906600751,-1.9230844279124568
37.38,-0.6842049099519466,-0.2110113600150359,-1.936768526111498
37.4,-0.4603089389207334,-0.2166617197075523,-1.9459747048899108
37.42,-0.7064873504560473,-0.1912681429962872,-1.9601044518990338
37.44,-0.6343827514134569,-0.1917470730932096,-1.9727921069273004
37.46,-0.6799309667908289,-0.1806364137884024,-1.986390726263119
37.48,-0.567832639317801,-0.1800536103112512,-1.9977473790494729
37.5,-0.604930459937153,-0.185484063542933,-2.009845988248218
37.52,-0.5478493565092143,-0.2003652645554475,-2.0208029753784036
37.54,-0.6375412977497836,-0.151209387420761,-2.033553801333397
37.56,-0.5445795199682931,-0.1481594481984748,-2.0444453917327645
37.58,-0.5417417207688044,-0.1478860275720101,-2.0552802261481387
37.6,-0.6750208778453943,-0.1575173570465532,-2.0687806437050487
37.62,-0.7014598872837953,-0.1652417027248769,-2.0828098414507217
37.64,-0.8777684690562001,-0.0959146026654386,-2.1003652108318485
37.66,-0.5096967315284724,-0.1561699057087288,-2.1105591454624157
37.68,-0.610524195966407,-0.1862757850204773,-2.1227696293817457
37.7,-0.7508675005326657,-0.2090321215476642,-2.1377869793924016
37.72,-0.5736045912298762,-0.1506770011826664,-2.149259071216997
37.74,-0.4300863056109082,-0.1738720432901203,-2.1578607973292163
37.76,-0.5657345977394835,-0.1848514043831637,-2.1691754892840036
37.78,-0.5483421652210493,-0.1652763665069223,-2.180142332588426
37.8,-0.5013917754295882,-0.1946841968008515,-2.190170168097016
37.82,-0.5773295692588571,-0.188549187751342,-2.201716759482195
37.84,-0.4953472886801847,-0.1930809069877255,-2.2116237052558003
37.86,-0.6961470329029416,-0.1834879492262515,-2.225546645913856
37.88,-0.6473931078017072,-0.1476664835343892,-2.2384945080698926
37.9,-0.8066421411988363,-0.1931247951992925,-2.254627350893866
37.92,-0.6605637891765245,-0.1564368856372834,-2.2678386266773987
37.94,-0.6427416295617738,-0.1734341125205257,-2.2806934592686314
37.96,-0.6714850436913884,-0.2074664383442763,-2.2941231601424614
37.98,-0.6508304201117773,-0.1356498816555534,-2.3071397685446944
38.0,-0.8197939350156982,-0.1472349490285324,-2.323535647245011
38.02,-0.6204568402098171,-0.1859777381235885,-2.335944784049209
38.04,-0.4896858810251707,-0.1594697350462341,-2.3457385016697105
38.06,-0.5017203523435091,-0.1905489821427562,-2.3557729087165824
38.08,-0.6183269194227673,-0.1445140677395683,-2.3681394471050354
38.1,-0.5172245322231821,-0.1586353154354905,-2.378483937749501
38.12,-0.6298126148848521,-0.1534666257710139,-2.3910801900471954
38.14,-0.5281883347296077,-0.1867145668690702,-2.4016439567417893
38.16,-0.5481759051130047,-0.1647827777726829,-2.412607474844047
38.18,-0.6094569866041036,-0.1727655117758159,-2.424796614576131
38.2,-0.8137103504223211,-0.1679247739138932,-2.44107082158458
38.22,-0.8530403208737645,-0.1604044669417535,-2.458131628002052
38.24,-0.5254908917055913,-0.2139973816281812,-2.4686414458361656
38.26,-0.7087218281734649,-0.1550704457100781,-2.482815882399632
38.28,-0.5015482444012171,-0.1670281314720985,-2.492846847287658
38.3,-0.3468687282709323,-0.1795946178316726,-2.499784221853075
38.32,-0.491173866705559,-0.1176759930625364,-2.5096076991871876
38.34,-0.6088706612568285,-0.1181489018827358,-2.521785112412326
38.36,-0.4630071979196293,-0.1954855856122281,-2.531045256370717
38.38,-0.3885082880649783,-0.1801972405610459,-2.538815422132018
38.4,-0.5803397020399091,-0.13772580896281,-2.5504222161728136
38.42,-0.4282711403052887,-0.173936357903743,-2.5589876389789206
38.44,-0.5410149029902469,-0.1604555503076498,-2.5698079370387235
38.46,-0.5125963453765694,-0.1645477374828983,-2.5800598639462566
38.48,-0.6957392913762512,-0.1486120907406221,-2.593974649773779
38.5,-0.5953235275945944,-0.1670264321264583,-2.6058811203256727
38.52,-0.6584748144048704,-0.1533536323707098,-2.619050616613772
38.54,-0.5974209782191626,-0.1597073244208462,-2.630999036178153
38.56,-0.6420174704710471,-0.1667863307608736,-2.643839385587576
38.58,-0.4679423454437879,-0.1483123013081238,-2.65319823249645
38.6,-0.683817072066392,-0.1647964478314811,-2.66687457393778
38.62,-0.6397526353385129,-0.1844843498784762,-2.6796696266445474
38.64,-0.5177113658328757,-0.1543861679821874,-2.6900238539612067
38.66,-0.5917879052997513,-0.1762747775345649,-2.7018596120671994
38.68,-0.6218935007224634,-0.1377757469154127,-2.714297482081651
38.7,-0.4008867935020879,-0.1549919815999713,-2.7223152179516936
38.72,-0.5790198893679906,-0.1597124645073707,-2.7338956157390513
38.74,-0.3714744424492235,-0.1182146579276859,-2.7413251045880367
38.76,-0.6631246095892995,-0.1488345438451582,-2.75458759677982
38.78,-0.8836452148359577,-0.1476522414188423,-2.772260501076542
38.8,-0.5273064400204729,-0.115039423913268,-2.7828066298769496
38.82,-0.5181486326641601,-0.1289786969278767,-2.7931696025302344
38.84,-0.3487105315166342,-0.1354463632604259,-2.800143813160568
38.86,-0.646523422307635,-0.1285388143726087,-2.8130742816067182
38.88,-0.5050538455320001,-0.148903221294996,-2.82317535851736
38.9,-0.6532595993993239,-0.1516059026094587,-2.8362405505053436
38.92,-0.4755406666436168,-0.1811693440458803,-2.8457513638382173
38.94,-0.4021395936443278,-0.1659421860461371,-2.8537941557111024
38.96,-0.4889770347059685,-0.1607292202866179,-2.8635736964052234
38.98,-0.607992476320275,-0.1187479481525042,-2.8757335459316264
39.0,-0.4764093752129834,-0.1638276120128576,-2.8852617334358874
39.02,-0.3358058973738494,-0.1374830862372812,-2.8919778513833654
39.04,-0.4023116415562038,-0.1335591281146767,-2.900024084214488
39.06,-0.5757528478246435,-0.133458166222003,-2.911539141170983
39.08,-0.6587336986464464,-0.1166593543691748,-2.924713815143909
39.1,-0.4974638126943079,-0.1731565523262545,-2.9346630913977965
39.12,-0.3988008902646105,-0.1032609580065176,-2.9426391092030872
39.14,-0.4660746075476812,-0.1671870327147608,-2.9519606013540423
39.16,-0.588789541339753,-0.145783187556734,-2.963736392180835
39.18,-0.5954182643059774,-0.1262804855084989,-2.9756447574669562
39.2,-0.4075427671872251,-0.146562463984976,-2.983795612810702
39.22,-0.4997916159845703,-0.1663805405983177,-2.9937914451303915
39.24,-0.6318720446238102,-0.1949480568260363,-3.00642888602287
39.26,-0.5771068136087512,-0.1426809369388105,-3.0179710222950424
39.28,-0.4182119021366904,-0.1001625364090278,-3.0263352603377776
39.3,-0.4298019588737509,-0.1048320232843474,-3.0349312995152506
39.32,-0.5341536299109225,-0.1902224532247808,-3.0456143721134707
39.34,-0.4150190013166168,-0.1278077215480262,-3.0539147521398045
39.36,-0.5106798092884051,-0.1260583003344628,-3.0641283483255704
39.38,-0.6128348029801708,-0.1629459797057729,-3.0763850443851757
39.4,-0.3587311724730436,-0.1613427642634587,-3.0835596678346353
39.42,-0.498598213749901,-0.1499995239696545,-3.093531632109635
39.44,-0.5162442004281264,-0.1558253385315426,-3.1038565161181952
39.46,-0.2364136292769392,-0.1459035144277421,-3.108584788703735
39.48,-0.3114262187814161,-0.1544960652674445,-3.114813313079362
39.5,-0.4157517198642461,-0.109784346590528,-3.1231283474766482
39.52,-0.6191211777739859,-0.1487348063342299,-3.1355107710321297
39.54,-0.3504300192185243,-0.1458689495893408,-3.142519371416499
39.56,-0.4495246508938496,-0.1792448178769481,-3.1515098644343773
39.58,-0.5124952576443331,-0.1336805315948291,-3.161759769587262
39.6,-0.6644189846178097,-0.1465991504505862,-3.17504814927962
39.62,-0.224765308113772,-0.1687894460255398,-3.1795434554418947
39.64,-0.5979697912606459,-0.1506435989368334,-3.1915028512671095
39.66,-0.2651126846073356,-0.1320296401278893,-3.1968051049592554
39.68,-0.4185085113769864,-0.1170504479846493,-3.2051752751867966
39.7,-0.5575059595604723,-0.087211232701083,-3.216325394378008
39.72,-0.3571135227757191,-0.0593534939208172,-3.223467664833521
39.74,-0.5260876050674489,-0.1310649616685996,-3.2339894169348717
39.76,-0.5285170306108071,-0.1589782756352966,-3.2445597575470857
39.78,-0.4394348058804112,-0.123682918560989,-3.2533484536646955
39.8,-0.462970071083934,-0.1445353125232183,-3.2626078550863724
39.82,-0.5308791589945712,-0.123487832484685,-3.2732254382662656
39.84,-0.4064158407816299,-0.1032372305792807,-3.2813537550818994
39.86,-0.352148919372351,-0.1190148147670987,-3.288396733469345
39.88,-0.2883424958323822,-0.1158540191109784,-3.2941635833859935
39.9,-0.5159800725408507,-0.1232945131629502,-3.3044831848368084
39.92,-0.4377593140822974,-0.1439099684743198,-3.3132383711184556
39.94,-0.5612399900785509,-0.1475133926873819,-3.3244631709200245
39.96,-0.2508759806637513,-0.1504178427647447,-3.3294806905333005
39.98,-0.2507071366623908,-0.1033980919991223,-3.334494833266547
40.0,-0.4406185057334025,-0.1276887461320376,-3.3433072033812166
40.02,-0.2113908837061882,-0.1034073434447149,-3.347535021055341
40.04,-0.4599550282588194,-0.130551645106097,-3.3567341216205158
40.06,-0.4700751502900625,-0.1251288735576839,-3.3661356246263185
40.08,-0.4573657725783725,-0.1086601911502003,-3.3752829400778843
40.1,-0.3867868575322665,-0.1177196401320153,-3.383018677228531
40.12,-0.3469124174586491,-0.1429891261346877,-3.3899569255777027
40.14,-0.4193235215103416,-0.140076373794361,-3.398343396007911
40.16,-0.3120088093552513,-0.1083955784946729,-3.4045835721950146
40.18,-0.3144795791755153,-0.1665004167295594,-3.410873163778526
40.2,-0.1813420255307215,-0.0938575463335739,-3.414500004289141
40.22,-0.4501912055009435,-0.1054240935908321,-3.423503828399158
40.24,-0.2546214161206808,-0.1113116955440075,-3.428596256721572
40.26,-0.3638683165050627,-0.0905229994552018,-3.435873623051672
40.28,-0.2596404271941852,-0.1149402324936251,-3.4410664315955564
40.3,-0.2814451432614276,-0.0854965377591541,-3.4466953344607836
40.32,-0.5935570692287157,-0.093591461673321,-3.45856647584536
40.34,-0.2927306799862404,-0.1172266339069212,-3.4644210894450858
40.36,-0.5043831963815895,-0.1299482959458831,-3.4745087533727155
40.38,-0.2621415492498882,-0.1038772524339255,-3.479751584357714
40.4,-0.2912247384054925,-0.1134092896230309,-3.485576079125823
40.42,-0.3517416006259174,-0.1216482288521792,-3.492610911138342
40.44,-0.2462395811972106,-0.1084241436600195,-3.4975357027622853
40.46,-0.2662401341923033,-0.1248673342129388,-3.502860505446132
40.48,-0.1763887210604643,-0.0581074197280922,-3.5063882798673407
40.5,-0.474811434831888,-0.1087231374691892,-3.51588450856398
40.52,-0.2232336776992416,-0.0708763768976882,-3.5203491821179655
40.54,-0.3920917144245508,-0.0863367298957543,-3.528191016406455
40.56,-0.3123674101043808,-0.057623442795621,-3.5344383646085435
40.58,-0.3461753413512455,-0.0951914975993128,-3.541361871435567
40.6,-0.3218700251952482,-0.1311678794681341,-3.547799271939473
40.62,-0.2553939948808907,-0.0919743179330643,-3.55290715183709
40.64,-0.3274495440787608,-0.0726205025033319,-3.559456142718666
40.66,-0.4659503825938458,-0.1359751342659379,-3.5687751503705414
40.68,-0.0513885573210063,-0.0904604525910457,-3.5698029215169615
40.7,-0.2810111875136523,-0.0526135589932457,-3.5754231452672354
40.72,-0.3217645103412613,-0.0793560523623429,-3.5818584354740595
40.74,-0.1718008120458095,-0.0593628698631557,-3.5852944517149763
40.76,-0.3264729674848175,-0.1018259267990591,-3.5918239110646715
40.78,-0.3528698668611452,-0.1220859517077925,-3.5988813084018956
40.8,-0.0721828430355195,-0.0898052392118411,-3.6003249652626055
40.82,-0.3164470506843615,-0.0945632795020055,-3.6066539062762937
40.84,-0.0767722873332551,-0.0721005708871927,-3.608189352022959
40.86,-0.0072917603140816,-0.092865527006878,-3.608335187229241
40.88,-0.4258797384008784,-0.1107000599301592,-3.6168527819972596
40.9,-0.4563122881185195,-0.0820459174938153,-3.625979027759628
40.92,-0.2769871329726273,-0.0725350440425884,-3.631518770419081
40.94,-0.133367197392638,-0.1435442174549255,-3.6341861143669334
40.96,-0.3497817720003532,-0.1296435738889556,-3.6411817498069414
40.98,-0.3279155047338119,-0.0744534566832044,-3.6477400599016163
41.0,-0.430158263340326,-0.060543648477936,-3.656343225168424
41.02,-0.1036970130625393,-0.1089328469581703,-3.6584171654296753
41.04,-0.3536649590559624,-0.1417706034136306,-3.665490464610793
41.06,-0.3676726332673929,-0.1372832085303226,-3.672843917276142
41.08,-0.1401401197600604,-0.089072735797645,-3.6756467196713425
41.1,-0.1624740031099787,-0.1126692492246951,-3.6788961997335425
41.12,-0.2311860287148966,-0.0598254688461324,-3.6835199203078397
41.14,-0.3688361158927659,-0.0959070584904451,-3.690896642625696
41.16,-0.2809816704638588,-0.105968358931942,-3.696516276034972
41.18,-0.3160852678918573,-0.1015276805555781,-3.7028379813928103
41.2,-0.2688579192507841,-0.1182324956819129,-3.7082151397778267
41.22,-0.0975134664078222,-0.0913984473082457,-3.710165409105983
41.24,-0.1750378079257746,-0.0782525311654482,-3.713666165264499
41.26,-0.3805152839196376,-0.1307876597198368,-3.72127647094289
41.28,-0.4025322983590726,-0.0673728152247343,-3.729327116910073
41.3,-0.1850172641347701,-0.0715402362168748,-3.7330274621927675
41.32,-0.1567695915609025,-0.0955534365856889,-3.736162854023986
41.34,-0.3028582987015572,-0.128024514601063,-3.742220019998018
41.36,-0.3381814585997137,-0.0877644632415593,-3.748983649170011
41.38,-0.4156351212838987,-0.0897629013897402,-3.75729635159569
41.4,-0.1215224285532165,-0.0892481948642627,-3.759726800166754
41.42,-0.1473716856855362,-0.0764381136942641,-3.762674233880465
41.44,-0.1522603123342918,-0.0500073464525504,-3.76571944012715
41.46,-0.1367439618263384,-0.112756465359126,-3.7684543193636775
41.48,-0.2619773472266395,-0.1115707991045672,-3.7736938663082094
41.5,-0.1890841981995989,-0.0614524770270379,-3.777475550272202
41.52,-0.2635862964206963,-0.0575479968001265,-3.7827472762006167
41.54,-0.2554355236703366,-0.08080371363539,-3.7878559866740225
41.56,-0.4547089835890982,-0.0915819189929818,-3.796950166345806
41.58,-0.2040212349876962,-0.0516896029235463,-3.801030591045559
41.6,-0.13300092991526,-0.071227364675542,-3.8036906096438647
41.62,-0.0953782576724442,-0.088237238088096,-3.8055981747973133
41.64,-0.3118560254861343,-0.0923232530592308,-3.811835295307037
41.66,0.0114111543533252,-0.0742101908756154,-3.8116070722199704
41.68,-0.0230846046627946,-0.0558610277913202,-3.8120687643132265
41.7,-0.2701161768822085,-0.0310084187530254,-3.8174710878508713
41.72,-0.2541823896625287,-0.0631703899204331,-3.822554735644121
41.74,-0.0799670605541542,-0.0733126746891803,-3.8241540768552045
41.76,-0.1796650814141585,-0.0881323106649857,-3.827747378483487
41.78,-0.2263397035525277,-0.0741235926739087,-3.832274172554538
41.8,-0.2342016348180758,-0.093980335454309,-3.8369582052508986
41.82,-0.1911926155997168,-0.0378948211240175,-3.8407820575628935
41.84,-0.0108776789610219,-0.0893653943843944,-3.840999611142114
41.86,-0.211500978258845,-0.0687011123573883,-3.8452296307072897
41.88,-0.1690099457046168,-0.0502740523060805,-3.8486098296213824
41.9,-0.033358617578762,-0.0384480103705137,-3.8492770019729576
41.92,0.0222658593735443,-0.0809731936529701,-3.8488316847854867
41.94,-0.1808527386099342,-0.0160845345342983,-3.8524487395576847
41.96,-0.2172006195895713,-0.1311258850197869,-3.856792751949477
41.98,-0.104938335018397,-0.0954870537837036,-3.8588915186498443
42.0,-0.0630036007952043,-0.0771389368698367,-3.8601515906657484
42.02,-0.2460850880729436,-0.0429547950756743,-3.865073292427208
42.04,0.1685460179389563,-0.0627889166574667,-3.8617023720684296
42.06,-0.2054308142646083,-0.0388265851045254,-3.8658109883537226
42.08,-0.0207644804242755,-0.0684334099060735,-3.866226277962208
42.1,-0.2149507596784985,-0.0412406772349435,-3.8705252931557785
42.12,-0.0160764822589392,-0.0388215714490404,-3.8708468228009574
42.14,0.1149285120963095,-0.0384020617924239,-3.8685482525590307
42.16,-0.1701587894989029,-0.0360123555884145,-3.871951428349008
42.18,-0.3246776951600553,-0.0152620706971777,-3.8784449822522102
42.2,-0.0468264696925803,-0.0757639825230541,-3.879381511646062
42.22,-0.1049646230812899,-0.0478406650440394,-3.8814808041076874
42.24,-0.3068307306505073,-0.1028308226861789,-3.8876174187206987
42.26,0.0978153010315156,-0.0792826427757982,-3.8856611127000686
42.28,-0.1608600464570764,-0.004614209565462,-3.8888783136292107
42.3,-0.2482300701691072,-0.0302026474104557,-3.8938429150325917
42.32,0.1181214757581875,-0.0351775464277368,-3.8914804855174276
42.34,-0.0694890254052759,-0.0431610948520606,-3.8928702660255334
42.36,-0.0345677484516133,-0.0553959290803106,-3.8935616209945656
42.38,-0.0340679457108344,-0.0681750185622066,-3.8942429799087823
42.4,0.1634573191745256,-0.0380439421181272,-3.8909738335252926
42.42,-0.0668789740643128,-0.0331850165601183,-3.892311413006579
42.44,-0.2186973401941489,-0.1076694346883816,-3.896685359810461
42.46,-0.4086933278630629,-0.0783878370935272,-3.9048592263677238
42.48,-0.1463487388214684,-0.0361407670415207,-3.9077862011441526
42.5,0.1106052110314747,-0.0726167714879618,-3.9055740969235226
42.52,-0.1574368265179389,-0.0508088253772687,-3.908722833453882
42.54,-0.1475083651802786,-0.0014065088499501,-3.911673000757487
42.56,0.1035556766957882,-0.0100333539271287,-3.909601887223571
42.58,-0.0037701965426524,-0.0503832795566226,-3.909677291154424
42.6,-0.1323964458952551,-0.0665037683070799,-3.9123252200723293
42.62,-0.0250801488031545,-0.0163106292356544,-3.9128268230483925
42.64,-0.0589803920287142,0.0021679942200654,-3.914006430888967
42.66,-0.0030682595709494,-0.0599654972207621,-3.914067796080386
42.68,-0.04754350485163,-0.0207256800027366,-3.9150186661774184
42.7,-0.0248056406827831,-0.0562694719181711,-3.9155147789910743
42.72,-0.1989212572032707,-0.0578128727444833,-3.9194932041351387
42.74,0.0443636049456988,-0.02636507367457,-3.9186059320362245
42.76,0.0142209370046768,-0.026456467100016,-3.918321513296131
42.78,0.02685189669958,-0.0377009255774747,-3.9177844753621396
42.8,0.0321026025666321,-0.0558985975228926,-3.917142423310807
42.82,-0.0465005777872607,-0.088486607174893,-3.9180724348665525
42.84,-0.0757118744922461,0.0375043761237934,-3.919586672356398
42.86,-0.4178091390740084,-0.0338381677774782,-3.9279428551378763
42.88,-0.0196363597849398,-0.0160368895395715,-3.9283355823335753
42.9,-0.3905900680594546,0.0074167084526831,-3.9361473836947627
42.92,0.0120397107753477,-0.0475512387346008,-3.9359065894792558
42.94,0.0561214015449406,-0.0383569327109626,-3.934784161448357
42.96,0.0533990963731039,-0.0441395116123021,-3.9337161795208946
42.98,-0.0484696886140078,-0.0828210648335773,-3.9346855732931747
43.0,0.0793866293311415,-0.0580548789326655,-3.9330978407065516
43.02,0.1424418083239583,-0.0204463902200683,-3.9302490045400718
43.04,-0.0487466162650376,-0.0340398056780225,-3.9312239368653725
43.06,-0.029796977157919,-0.0165154995474113,-3.931819876408531
43.08,0.1384672519317202,-0.0325044174980925,-3.929050531369897
43.1,0.0114105558491929,-0.0059905247071228,-3.9288223202529133
43.12,0.2749238541036077,-0.0364127393560613,-3.9233238431708424
43.14,-0.0377276381464875,-0.0258314344718712,-3.924078395933772
43.16,0.0371111590635578,0.008627763798249,-3.923336172752501
43.18,-0.1076985959015786,-0.0266552544285168,-3.9254901446705333
43.2,0.0335964590044891,0.0288108640520723,-3.9248182154904434
43.22,-0.0557073355598754,-0.0604105208266754,-3.9259323622016407
43.24,-0.191761294128089,-0.0449157516598845,-3.929767588084203
43.26,-0.2253009738351221,-0.0335418301843942,-3.934273607560905
43.28,0.0526679515577202,-0.0257559137726587,-3.93322024852975
43.3,-0.0910145311757218,0.0242930199857737,-3.935040539153264
43.32,-0.0023019987370024,0.0062584186140662,-3.9350865791280043
43.34,0.0046172519808939,-0.0125330575606377,-3.9349942340883866
43.36,-0.0372607830768634,-0.0121764413798807,-3.935739449749924
43.38,0.220142502306375,-0.0511292489672071,-3.9313365997037955
43.4,-0.008265947629217,-0.0128214387438206,-3.9315019186563798
43.42,-0.0488368047561264,0.0261467347676539,-3.9324786547515025
43.44,-0.0954618677658904,-0.0346623967935492,-3.93438789210682
43.46,0.1263147592778738,-0.0349679082358499,-3.9318615969212622
43.48,-0.0225587303279805,-0.0122933830833048,-3.9323127715278217
43.5,0.1773638964002726,0.0120035526924204,-3.9287654935998155
43.52,0.0952970271977812,0.02844450361214,-3.9268595530558597
43.54,-0.023741550560986,0.0204800267792806,-3.927334384067079
43.56,0.0886265189066854,-0.0239105394879272,-3.925561853688945
43.58,0.1036092130679026,0.0448419361643458,-3.923489669427587
43.6,-0.0594677724292349,-0.0378673640570581,-3.924679024876172
43.62,0.0715613529558801,-0.0273716247121162,-3.9232477978170546
43.64,0.0871707937200324,-0.001867576827108,-3.9215043819426536
43.66,0.0567437827023476,-0.0367228754639562,-3.920369506288607
43.68,0.1225502922739334,0.0066119330772151,-3.917918500443128
43.7,0.034321543803384,0.0365517656369328,-3.9172320695670604
43.72,0.2433192178486026,-0.0033272796131069,-3.9123656852100894
43.74,0.3610894455563838,-0.0696725290006196,-3.9051438962989606
43.76,0.0090806994370313,-0.0085188775407732,-3.90496228231022
43.78,-0.1695997185789227,0.0064180317254587,-3.908354276681799
43.8,0.1077531414115847,-0.0032647467113746,-3.9061992138535677
43.82,0.1184946857360392,-0.0140929628584511,-3.9038293201388465
43.84,0.0846817740521738,-0.0037159447990937,-3.902135684657803
43.86,-0.0826917124614655,-0.033525026471367,-3.9037895189070317
43.88,0.1146708933188772,-0.000518518233525,-3.901496101040654
43.9,0.174568436213146,-0.0084466033957725,-3.8980047323163918
43.92,-0.0250082338223845,-0.0169991844270475,-3.8985048969928395
43.94,0.2963327706699725,0.047921323855754,-3.892578241579441
43.96,-0.021857473877695,-0.0155538657453788,-3.8930153910569953
43.98,0.1739349299930858,0.0246589396486018,-3.8895366924571344
44.0,0.0653987471614337,0.0179294184146089,-3.8882287175139054
44.02,-0.0902795516119567,0.0345061456570985,-3.8900343085461446
44.04,0.0865319814032622,-0.0652369926270645,-3.8883036689180797
44.06,0.0745571134516965,-0.002407589095612,-3.8868125266490456
44.08,0.4095958402434512,-0.0288792427013682,-3.8786206098441784
44.1,0.2235127658882684,0.005900872412888,-3.8741503545264124
44.12,0.3242969255496916,0.0081257770966119,-3.86766441601542
44.14,0.2775726095637971,-0.0100272467004816,-3.862112963824143
44.16,0.1048067820793194,0.0541777206095692,-3.860016828182557
44.18,0.0269477078587735,0.0294880688784926,-3.8594778740253814
44.2,0.3202320525713351,-0.0072628576160325,-3.8530732329739537
44.22,-0.0279621909492669,0.0685764510931212,-3.853632476792939
44.24,0.1115303004039365,-0.0056428108907935,-3.85140187078486
44.26,0.0374287602362026,-0.001462635448766,-3.850653295580136
44.28,0.1949388464759684,0.0405800153002151,-3.846754518650616
44.3,0.3512925976850266,-0.0072559835531823,-3.839728666696917
44.32,0.0884703919106257,0.0126816155539653,-3.837959258858704
44.34,-0.0089806689751731,0.016595849507159,-3.8381388722382073
44.36,0.2427581294162987,0.0506001679292547,-3.833283709649882
44.38,-0.0707334662440747,-0.0220166752743793,-3.834698378974764
44.4,0.1622093123743537,0.00507769142677,-3.8314541927272776
44.42,0.0492862632717778,0.0372901228321551,-3.830468467461842
44.44,0.1857196552599436,0.0071406350914949,-3.8267540743566437
44.46,0.1789328939496676,0.0149921493970261,-3.8231754164776497
44.48,0.0069526757299502,0.0330229666116443,-3.823036362963051
44.5,0.3547423003337292,0.0091940548674592,-3.815941516956375
44.52,0.2983566479343761,0.0056277033575055,-3.8099743839976865
44.54,0.0243663082207019,-0.0071865809010026,-3.8094870578332727
44.56,-0.0018908794887363,0.0387049923434047,-3.8095248754230475
44.58,0.0870018551052146,0.0372648701971583,-3.8077848383209436
44.6,-0.0205433913564315,0.0144748032585272,-3.8081957061480725
44.62,0.0101448816462541,0.0213338252462467,-3.8079928085151473
44.64,0.2660239391707274,-0.0082309651433271,-3.802672329731732
44.66,0.1451876261908297,0.0433475227638512,-3.799768577207916
44.68,0.2332686014161543,0.0081677456702787,-3.795103205179592
44.7,0.4024382081588311,0.0279472296081023,-3.7870544410164144
44.72,0.132125774305892,0.0350445739535583,-3.7844119255302973
44.74,0.0827331203892439,0.0384740766736679,-3.782757263122512
44.76,0.1449061302315326,0.0907914774570509,-3.779859140517882
44.78,0.2746158228515026,0.0374776546198382,-3.774366824060851
44.8,0.1800131413529864,-0.0143153726682,-3.770766561233792
44.82,-0.0692410687406746,0.0337906523356229,-3.7721513826086057
44.84,0.0738267021429744,0.0446942148425471,-3.770674848565746
44.86,-0.0198295625933632,-0.0105876005398178,-3.7710714398176135
44.88,0.0300298637794211,0.0126986219638183,-3.770470842542025
44.9,-0.0255800409658651,0.0322603102990816,-3.7709824433613424
44.92,0.2214270726751191,0.0437091647526123,-3.766553901907839
44.94,0.2599990280827406,0.0106917938013842,-3.7613539213461853
44.96,0.1437237793057444,0.0338812276072063,-3.75847944576007
44.98,0.0367116166887739,0.0377933363414824,-3.7577452134262948
45.0,0.1793240236970247,0.0556092053828816,-3.754158732952354
45.02,0.1683426409083383,0.0667369592534351,-3.7507918801341864
45.04,0.0534222424569677,0.03716808990739,-3.7497234352850475
45.06,0.0678834670105553,0.0678108864143174,-3.748365765944836
45.08,0.1552782580135476,0.020946180370016,-3.745260200784566
45.1,0.1385534116260546,0.0229563339083559,-3.7424891325520444
45.12,0.0993619235558755,0.0339249207743029,-3.740501894080927
45.14,0.1724232286279786,0.0104840342444176,-3.737053429508367
45.16,0.1846732625086572,0.031813762172356,-3.7333599642581947
45.18,0.2523262203632403,0.0433728522948813,-3.728313439850929
45.2,0.3152787552588963,0.065734932910947,-3.72200786474575
45.22,0.1357017662753644,0.0466273296135653,-3.7192938294202436
45.24,0.2302988098854003,0.0540491592307579,-3.714687853222535
45.26,0.2653481011337696,0.0561729998984468,-3.7093808911998605
45.28,-0.0240172976312346,0.00336116970242,-3.7098612371524853
45.3,0.1837749926548043,0.0389451948773723,-3.70618573729939
45.32,0.1459887871371274,0.0646493709753817,-3.7032659615566472
45.34,0.2174356481939327,0.0609546986501009,-3.698917248592768
45.36,0.4272256061378563,0.0644087875554089,-3.6903727364700125
45.38,0.1562401673678435,0.0469622505405447,-3.6872479331226553
45.4,0.2819371330043987,0.0588333575412068,-3.6816091904625683
45.42,0.3092763129821352,0.0384542565359104,-3.6754236642029245
45.44,0.2589013536094812,-0.0133004734824722,-3.670245637130736
45.46,0.261244700264731,0.0703102414687957,-3.665020743125441
45.48,0.0581753875126591,0.0688979164693316,-3.663857235375188
45.5,0.1805122883629791,0.0230491220177853,-3.660246989607928
45.52,0.2004862114757938,0.0406752261943106,-3.6562372653784116
45.54,0.1781417246642617,0.0264693063668491,-3.6526744308851273
45.56,0.1141072296032023,0.0811172554249018,-3.650392286293063
45.58,0.2780142241010748,0.0246555605555571,-3.644832001811043
45.6,0.1968103537150019,0.0695824180287802,-3.640895794736742
45.62,0.0391689084080693,0.0312626935126239,-3.6401124165685808
45.64,0.1293211165460573,0.0956841385800621,-3.637525994237659
45.66,0.0302915983136474,0.071678386315198,-3.636920162271386
45.68,0.0286971112611917,0.0578928635307127,-3.6363462200461623
45.7,0.2883111464241397,0.02386399738429,-3.6305799971176786
45.72,0.2615131448004533,0.0882410901255358,-3.6253497342216705
45.74,0.4022358421513227,0.055983628103421,-3.617305017378643
45.76,0.0592110516553489,0.0185660156211754,-3.616120796345536
45.78,0.2721420680720147,0.0586200369910198,-3.610677954984095
45.8,0.27039495526519,0.0775466749134273,-3.6052700558787922
45.82,0.2789255528149196,0.0749104461088226,-3.599691544822493
45.84,0.2947688570622576,0.0732099067377553,-3.593796167681247
45.86,0.2803191362029537,0.0716968644455737,-3.588189784957189
45.88,0.2203406658302099,0.0635658191738637,-3.583782971640584
45.9,0.1240973029010691,0.0832763199940543,-3.581301025582563
45.92,0.3370155115118544,0.0437652284279488,-3.574560715352325
45.94,-0.0840555212978148,0.0225092844836936,-3.576241825778281
45.96,0.0976072725185709,0.0564929094026562,-3.574289680327909
45.98,0.2295713148331685,0.0611606567637972,-3.5696982540312465
46.0,0.0945279600695324,0.0358450405376921,-3.5678076948298556
46.02,0.250580282732753,0.056852510413979,-3.5627960891751997
46.04,0.1070985588967449,0.0160273292716178,-3.5606541179972653
46.06,0.388750170406825,0.0501121551687916,-3.5528791145891274
46.08,0.155357569607041,0.0847155854219739,-3.5497719631969873
46.1,0.1253305717844104,0.0382374516266168,-3.5472653517612986
46.12,0.1764426735023515,0.0559535680832936,-3.5437364982912523
46.14,0.2697349410159646,0.0848285902633374,-3.538341799470932
46.16,0.1451989809895556,0.1038238123911893,-3.5354378198511416
46.18,0.0782058089046448,0.0804799697462841,-3.5338737036730485
46.2,0.177558453372643,0.0251855970792713,-3.5303225346055953
46.22,0.0870148753920113,0.0650294787439604,-3.5285822370977553
46.24,0.1944632895025851,0.1013741311702192,-3.524692971307703
46.26,0.198638589259894,0.0565564333779897,-3.520720199522506
46.28,0.1418552899626059,0.0854313977912694,-3.5178830937232535
46.3,0.3026965235629343,0.0804477028487258,-3.511829163251996
46.32,0.3503023642937868,0.027641855383729,-3.5048231159661194
46.34,0.0080710436053299,0.0577228726195657,-3.5046616950940126
46.36,0.4489746418611806,0.0492625864430645,-3.495682202256791
46.38,0.2400207199548196,0.0708624157665427,-3.4908817878576937
46.4,0.2640757335473039,0.0909190679776027,-3.4856002731867486
46.42,0.0670749652328924,0.0744313033549702,-3.4842587738820905
46.44,-0.0170310477080585,0.0993819565654326,-3.4845993948362515
46.46,0.4526713686621547,0.0393879498522026,-3.475545967463007
46.48,0.26345254351647,0.0538188308827514,-3.470276916592679
46.5,0.3806809563089842,0.0758672083451466,-3.4626632974664977
46.52,0.3136451167900327,0.1038300938643398,-3.456390395130696
46.54,0.0989772276239584,0.0622762521581519,-3.4544108505782174
46.56,0.2229504864134154,0.0963598905882236,-3.4499518408499483
46.58,0.2455588652119903,0.0466580652065834,-3.4450406635457096
46.6,0.2385229606613166,0.1055491073928219,-3.4402702043324824
46.62,0.2242098178925564,0.1363214664712372,-3.4357860079746323
46.64,0.3264513974044398,0.0797784399959518,-3.4292569800265427
46.66,0.1342272574700866,0.0917112205714666,-3.4265724348771416
46.68,0.1181027111768666,0.1191566315143586,-3.4242103806536037
46.7,0.1824205985011116,0.1173404300536845,-3.420561968683581
46.72,0.2741859955684115,0.0937574391735916,-3.4150782487722138
46.74,0.163767960859646,0.152602330190281,-3.4118028895550205
46.76,0.2126040052927894,0.1049372972834672,-3.4075508094491656
46.78,0.3473416641520191,0.0926346308250327,-3.400603976166124
46.8,0.3175335829123551,0.1019151204273032,-3.3942533045078784
46.82,0.1818569843130841,0.0965318282759878,-3.390616164821616
46.84,-0.0887149837798882,0.0943331722345948,-3.392390464497214
46.86,0.0946026322859585,0.0862622851180252,-3.390498411851495
46.88,0.2331592377927623,0.1378615329679578,-3.3858352270956393
46.9,0.3051190265481355,0.0925599121608932,-3.3797328465646777
46.92,0.1307847379601754,0.0981385382041498,-3.3771171518054737
46.94,0.3006773745456085,0.0851085475262356,-3.3711036043145626
46.96,0.191708431953434,0.1003991103706204,-3.3672694356754933
46.98,0.2972235646093126,0.0876473561169102,-3.361324964383308
47.0,0.0909200581354883,0.107283182528889,-3.359506563220598
47.02,0.2173109819904508,0.089173874252953,-3.355160343580788
47.04,0.2203760642562331,0.0860594100396493,-3.350752822295664
47.06,0.2976345253372534,0.0742969661293331,-3.3448001317889178
47.08,0.159528278068222,0.0970788961562145,-3.341609566227554
47.1,0.2689733213472537,0.0744575489745262,-3.336230099800608
47.12,0.1037339489438204,0.1159858394709125,-3.3341554208217317
47.14,0.1954894658738868,0.0907233814059542,-3.3302456315042535
47.16,-0.0413911737158488,0.0848065392910747,-3.3310734549785703
47.18,0.165396293703965,0.1093520253246352,-3.3277655291044903
47.2,0.1152203756791084,0.1185275964540019,-3.325461121590908
47.22,0.3035488515539252,0.1006011600693718,-3.3193901445598306
47.24,0.1603379524818664,0.0489705307934321,-3.3161833855101928
47.26,0.2891611769995388,0.0812600925783048,-3.310400161970203
47.28,0.2836149608940947,0.0804038836324203,-3.3047278627523204
47.3,0.2055444977138775,0.0898376571598796,-3.3006169727980437
47.32,0.2746405604509918,0.1016526951772286,-3.295124161589023
47.34,0.507291100347286,0.1136580149542569,-3.2849783395820755
47.36,0.1995853356966752,0.1005517020876951,-3.2809866328681427
47.38,0.1038978911674265,0.1152712160569922,-3.2789086750447938
47.4,0.1771327290331799,0.1262837010068865,-3.275366020464131
47.42,0.2827962577966626,0.1107750097453616,-3.269710095308197
47.44,0.3083673496379401,0.1391245021716919,-3.263542748315439
47.46,0.2326201019211019,0.1222311365462296,-3.2588903462770165
47.48,0.2401714361259419,0.075694003494822,-3.2540869175544986
47.5,0.2335170467633486,0.1450028432090271,-3.249416576619231
47.52,-0.0466610343922576,0.1506921726576562,-3.2503497973070763
47.54,0.3132503424330035,0.1102089862739206,-3.2440847904584174
47.56,0.267580566215659,0.1548110461963717,-3.2387331791341034
47.58,0.3026347726161225,0.0815354898996194,-3.232680483681782
47.6,0.3664529179730356,0.1276836858275499,-3.22535142532232
47.62,0.3328127152677823,0.0920871556181272,-3.218695171016966
47.64,0.380258147609895,0.1115364088877542,-3.2110900080647666
47.66,0.2526314605240183,0.0839735711134523,-3.2060373788542873
47.68,0.1874834324244239,0.1219275898403663,-3.2022877102057983
47.7,0.3201890629739947,0.0932964048157156,-3.1958839289463175
47.72,0.0659036109910679,0.147181754241106,-3.1945658567264963
47.74,0.3948864811651816,0.0961533994899057,-3.1866681271031916
47.76,0.2102550741303226,0.1307942203625852,-3.182463025620586
47.78,0.2966754397861063,0.0916606200319146,-3.176529516824863
47.8,0.168282789545965,0.0905241267013527,-3.1731638610339443
47.82,0.252704084212107,0.1212013262618475,-3.1681097793497015
47.84,0.3481706200341227,0.1562721845290536,-3.161146366949018
47.86,0.1296965006210281,0.1272503725918572,-3.158552436936598
47.88,0.0904756436842096,0.1126179379863953,-3.1567429240629132
47.9,0.227548545935188,0.1050417235777417,-3.1521919531442104
47.92,0.1313302723654228,0.1612072352871052,-3.1495653476969014
47.94,0.41688870502802,0.0905707125829115,-3.1412275735963426
47.96,0.2184943887048384,0.1236346333818216,-3.1368576858222452
47.98,0.2349151972358498,0.1667143702952089,-3.1321593818775293
48.0,0.2401125884055847,0.0934521096954729,-3.127357130109417
48.02,0.1372403902411902,0.131987689310573,-3.1246123223045927
48.04,0.1338534213823807,0.099939797315241,-3.121935253876946
48.06,0.5000740302304834,0.1364063322872802,-3.1119337732723347
48.08,0.4633616757906941,0.15930608982885,-3.1026665397565227
48.1,0.1923468239900727,0.1894625729571645,-3.098819603276721
48.120000000000005,0.246206880159525,0.1579636370743379,-3.0938954656735294
48.14,0.3184295163243452,0.1351641314053853,-3.0875268753470437
48.16,0.1899073174811084,0.1206272865056133,-3.0837287289974222
48.18,0.1202810214921746,0.1090123305174828,-3.0813231085675783
48.2,0.2481587996185987,0.0880474536501055,-3.0763599325752056
48.22,0.2988877893375046,0.158213294170003,-3.0703821767884567
48.24,0.3948332944573369,0.0768244155040715,-3.0624855108993088
48.26,0.4250034953637387,0.1493982596714055,-3.0539854409920357
48.28,0.2766910720010968,0.1353075015888185,-3.048451619552013
48.3,0.3219118721644144,0.1749123423488896,-3.042013382108726
48.32,0.2540755634952336,0.1253418327398216,-3.03693187083882
48.34,0.4229963618820553,0.1538762298837912,-3.0284719436011778
48.36,0.1214759247319959,0.1595509530365537,-3.0260424251065383
48.38,0.3852048984435179,0.1482120928308393,-3.0183383271376667
48.4,0.0947781333996039,0.1282395151663012,-3.016442764469675
48.42,0.2849147706365137,0.1346372874359191,-3.010744469056944
48.44,0.3550187547125456,0.0917695368339538,-3.0036440939626945
48.46,0.2389805262344076,0.1487847802331736,-2.9988644834380054
48.48,0.2055943474927236,0.1469976167174614,-2.994752596488152
48.5,0.3360748136418833,0.1125969038111932,-2.9880311002153133
48.52,0.2371858280683394,0.1434118711362574,-2.9832873836539457
48.54,0.1339598337131081,0.1565065453769853,-2.9806081869796843
48.56,0.1249036702770936,0.1400867574808033,-2.978110113574142
48.58,0.1496816346721831,0.0928305236844126,-2.975116480880699
48.6,0.2900279171746759,0.1782705941097403,-2.9693159225372048
48.620000000000005,0.1019125899180366,0.1297987424732216,-2.9672776707388437
48.64,0.3052594441796148,0.146547811387325,-2.9611724818552525
48.66,0.129001692511063,0.1005581234649616,-2.9585924480050316
48.68,0.2659701522910212,0.1019049940557435,-2.9532730449592104
48.7,0.1581922715684909,0.1285137537386555,-2.95010919952784
48.72,0.1489427989559109,0.1337246680770638,-2.9471303435487224
48.74,0.2368169652885159,0.1357053143338231,-2.9423940042429515
48.76,0.1638769664829653,0.1329857909460291,-2.939116464913293
48.78,0.2830947521392631,0.1575531067243774,-2.933454569870507
48.8,0.1540829124710966,0.1534064203711327,-2.9303729116210855
48.82,0.0012199615246145,0.177247894111681,-2.930348512390593
48.84,-0.0105071337517727,0.1583968766263954,-2.9305586550656284
48.86,0.0526995672044983,0.1330493281993122,-2.9295046637215387
48.88,0.3247764869516805,0.1540176715237287,-2.923009133982504
48.9,0.2372798492806018,0.1674601234157146,-2.9182635369968932
48.92,0.0947487552912785,0.1986019899225389,-2.9163685618910673
48.94,0.1718053185970626,0.1323977621638447,-2.912932455519127
48.96,0.3409976790608692,0.1668186105133897,-2.9061125019379084
48.98,0.0682342035946493,0.1336418345425835,-2.9047478178660158
49.0,0.2796681324900314,0.159487944076254,-2.8991544552162143
49.02,0.3111641601377044,0.1225727777692066,-2.8929311720134594
49.04,0.0451200690822692,0.1719412530739447,-2.892028770631814
49.06,0.1878899368102763,0.1376865614256032,-2.888270971895608
49.08,0.0215662949937854,0.1425355593134178,-2.887839645995732
49.1,0.3158283769971566,0.1954076372341313,-2.881523078455788
49.120000000000005,0.1525012723564629,0.1736752580978031,-2.8784730530086584
49.14,0.0575779724692425,0.1069050374209346,-2.8773214935592737
49.16,0.2226991340946157,0.1333381180436323,-2.8728675108773825
49.18,0.1980076143772075,0.1518756340456598,-2.8689073585898375
49.2,0.2523653288791687,0.1511163240065665,-2.8638600520122535
49.22,0.0420381906401315,0.1393392052531981,-2.863019288199451
49.24,0.4346418810001904,0.1501374023157906,-2.8543264505794457
49.26,0.2541772225079945,0.164758666250829,-2.849242906129287
49.28,0.1030852659640076,0.192747418900833,-2.8471812008100064
49.3,0.3849438322001207,0.1257866152562821,-2.8394823241660054
49.32,0.2201586468486136,0.1457394779701307,-2.8350791512290323
49.34,0.1106566390511174,0.1783204040664338,-2.8328660184480094
49.36,0.1643856398057919,0.1928200245869112,-2.829578305651894
49.38,0.2599098119751797,0.1760915885938274,-2.82438010941239
49.4,0.2665536578197434,0.1159848775033023,-2.819049036255996
49.42,0.2697649236129897,0.1412111814880922,-2.8136537377837354
49.44,0.241539708153277,0.1272070832510705,-2.8088229436206706
49.46,0.2993634304608018,0.1629998471595903,-2.802835675011454
49.48,0.1903213485880525,0.1855692054228672,-2.7990292480396937
49.5,0.1669480581734657,0.1200881082902445,-2.7956902868762237
49.52,0.1897254679284909,0.1020436129315432,-2.791895777517653
49.54,0.3330234758192215,0.1183932035001076,-2.78523530800127
49.56,0.2282547458112819,0.1474484186208123,-2.7806702130850436
49.58,-0.0037333485540859,0.1823827794971319,-2.780744880056125
49.6,0.0619945805409345,0.1374099808258677,-2.7795049884453062
49.620000000000005,0.0751468804383682,0.1246581006279986,-2.778002050836539
49.64,0.2040128948709157,0.1558797412392948,-2.7739217929391216
49.66,0.3849942005874616,0.1484904032756382,-2.766221908927374
49.68,0.0011451173247894,0.1709549121590725,-2.7661990065808784
49.7,-0.0092336714061513,0.1930634001327086,-2.7663836800090014
49.72,-0.0015592342587779,0.1417039498119638,-2.766414864694177
49.74,0.1749435199269778,0.1670040648146078,-2.762915994295637
49.76,0.1119283091467304,0.1358272742942141,-2.760677428112703
49.78,0.2795522774870806,0.1507022717078454,-2.7550863825629603
49.8,-0.0361873030586774,0.1355047114139293,-2.755810128624134
49.82,0.2262696983408919,0.1530396485288523,-2.7512847346573155
49.84,0.1074514710901926,0.1544571707421617,-2.749135705235511
49.86,0.3099353562761182,0.1731716692557893,-2.74293699810999
49.88,0.185860476233386,0.1637258128156139,-2.739219788585322
49.9,0.0930878927321377,0.1502584153246297,-2.7373580307306793
49.92,0.018138148833349,0.1388310217213132,-2.736995267754012
49.94,0.316081008192173,0.2203374983943676,-2.73067364759017
49.96,0.1162432117447742,0.1681819589104935,-2.728348783355274
49.98,0.0228224940013818,0.138059928392794,-2.7278923334752463
50.0,0.0652372347189925,0.1946466943722487,-2.726587588780866
50.02,0.183508791755338,0.1339175273081281,-2.7229174129457587
50.04,0.1953035468912546,0.1833571220874116,-2.7190113420079345
50.06,0.0942720930892835,0.1922533753050229,-2.7171259001461485
50.08,0.1418835745136874,0.153897859706428,-2.7142882286558754
50.1,0.1155487521315236,0.2078799557125415,-2.7119772536132447
50.120000000000005,0.3019738707604025,0.2592777822115001,-2.7059377761980357
50.14,0.0806134799659954,0.1562331645432007,-2.704325506598716
50.16,0.0578712012663648,0.1816012061057939,-2.7031680825733893
50.18,0.0291447659996262,0.1536565421285397,-2.702585187253397
50.2,0.1259531717328877,0.1575926252663248,-2.7000661238187385
50.22,0.2550122118593246,0.1728374946871728,-2.6949658795815528
50.24,0.1576718575087284,0.1873768702001232,-2.691812442431378
50.26,0.1499019387901184,0.1609633111466259,-2.688814403655576
50.28,0.2812326298292741,0.1655781571626202,-2.6831897510589897
50.3,0.2470502804305893,0.1815560198379902,-2.6782487454503787
50.32,0.1778647364102146,0.2057272700689886,-2.674691450722174
50.34,0.3856149758798952,0.1846736961298254,-2.6669791512045746
50.36,-0.0309052409885918,0.1477711267529668,-2.6675972560243464
50.38,0.3001445657271493,0.1816937369784477,-2.6615943647098024
50.4,0.2342025954956306,0.1450844180913663,-2.6569103127998908
50.42,-0.0038744338546807,0.1953311574674406,-2.6569878014769843
50.44,0.2901686174225554,0.1742144283500638,-2.6511844291285342
50.46,0.2883684315545612,0.167291639316845,-2.6454170604974423
50.48,0.1255622700465592,0.1623731657947738,-2.6429058150965115
50.5,0.0472332863323173,0.1885916139925506,-2.641961149369865
50.52,0.0752872743594984,0.182839739723466,-2.640455403882675
50.54,0.3020008813719197,0.1850823881154423,-2.6344153862552377
50.56,0.198650602081172,0.1835381955233175,-2.630442374213614
50.58,0.0126035456997704,0.1746053241281287,-2.6301903032996186
50.6,0.312892949425737,0.1729225325378171,-2.623932444311103
50.620000000000005,0.2507991650793577,0.1900100038565279,-2.618916461009515
50.64,-0.0067157877453977,0.1821835048189626,-2.619050776764423
50.66,0.1685442122188932,0.2086646540639067,-2.615679892520046
50.68,0.1348285472843764,0.1576818566927569,-2.612983321574358
50.7,0.1450261422667555,0.1775968222966414,-2.6100827987290227
50.72,0.2133955772032947,0.1829152377207748,-2.6058148871849576
50.74,0.1832882124939587,0.1760630745038,-2.602149122935078
50.76,0.2384181232023441,0.1706145016617319,-2.597380760471032
50.78,0.1085797806737892,0.1821509395142945,-2.595209164857556
50.8,0.0875328410653788,0.1867245876231923,-2.593458508036249
50.82,0.110236389559551,0.2007747338148033,-2.591253780245058
50.84,-0.2178407007140959,0.1755946253998733,-2.5956105942593406
50.86,0.0925807742192197,0.1750034590018225,-2.5937589787749564
50.88,0.272316428988073,0.1608662813250016,-2.5883126501951943
50.9,0.0382128401028004,0.2001869757256624,-2.5875483933931385
50.92,-0.0420824440465933,0.2212199362033415,-2.5883900422740704
50.94,0.1731181804849733,0.1949160148480681,-2.584927678664372
50.96,0.406783059161349,0.1680522057746858,-2.5767920174811434
50.98,0.0583252569204357,0.1654988478692843,-2.575625512342735
51.0,0.1663194624464733,0.1617290062617408,-2.572299123093805
51.02,0.0542668171266263,0.1880118491188502,-2.5712137867512723
51.04,-0.041112882799406,0.1470093384053014,-2.5720360444072603
51.06,0.0542296218105797,0.2478080610877567,-2.5709514519710486
51.08,0.0551267347227088,0.1778235573465437,-2.5698489172765946
51.1,0.0635144930242528,0.2074315741824849,-2.5685786274161093
51.120000000000005,-0.0343222245225035,0.2169192912296744,-2.5692650719065595
51.14,-0.0564205269347502,0.1667857343920556,-2.570393482445254
51.16,-0.0742746482565588,0.2031564985086747,-2.571878975410385
51.18,0.0895170360504992,0.1698472388782781,-2.5700886346893745
51.2,0.0973168385441895,0.202157587062677,-2.5681422979184902
51.22,0.2113118774733448,0.1616375616281235,-2.5639160603690243
51.24,0.1992558032115895,0.1407110072171135,-2.5599309443047917
51.26,-0.0106670500717441,0.1821800575681286,-2.5601442853062264
51.28,0.0167632518432404,0.1979353686948917,-2.5598090202693617
51.3,0.0023282276256919,0.2036641723592892,-2.559762455716848
51.32,-0.0751705826341709,0.1954811537122481,-2.5612658673695314
51.34,0.0195962288406311,0.1783621711999076,-2.560873942792719
51.36,-0.0967148853915658,0.2107880067662212,-2.5628082405005497
51.38,-0.1305839428352638,0.1633114220212187,-2.5654199193572556
51.4,0.1690381775405399,0.1705337151938711,-2.5620391558064455
51.42,0.0725873288898094,0.1809292697824018,-2.560587409228649
51.44,-0.019809425192624,0.1848628407939821,-2.5609835977325015
51.46,0.1357756057407526,0.1987312267522936,-2.558268085617686
51.48,0.1429120801907249,0.208370648867476,-2.5554098440138717
51.5,0.2346236638316128,0.194998992747355,-2.550717370737239
51.52,0.0194187693676219,0.2063516312592022,-2.5503289953498864
51.54,0.0860272952510389,0.1751954095531468,-2.548608449444866
51.56,0.0201210094257483,0.1903949883919314,-2.548206029256351
51.58,-0.0048146229305496,0.199018592417638,-2.548302321714962
51.6,0.1794601758790566,0.1822845718077617,-2.54471311819738
51.620000000000005,0.1136819063805941,0.2243038103556319,-2.542439480069768
51.64,-0.0614067873137604,0.1940957664327377,-2.5436676158160427
51.66,0.0634345726644022,0.191484709635608,-2.5423989243627547
51.68,0.1305318879072696,0.2384877269301891,-2.539788286604609
51.7,0.0354920144793882,0.1925177025586592,-2.5390784463150213
51.72,0.0465633923403008,0.1926845880099001,-2.5381471784682157
51.74,0.3270945083063318,0.1488979562878969,-2.531605288302088
51.76,-0.0474625427404537,0.1900682922927044,-2.5325545391568967
51.78,-0.0223911748121967,0.17453118305937,-2.5330023626531406
51.8,0.2240137183477772,0.1946886584950088,-2.528522088286186
51.82,0.0636639425350855,0.2124806229769305,-2.527248809435484
51.84,0.0308611440852966,0.1375566796563162,-2.526631586553778
51.86,-0.1011866487051084,0.1673090251628186,-2.52865531952788
51.88,0.0832573914256324,0.2120246919927186,-2.526990171699367
51.9,0.1078826211273653,0.1831349088078647,-2.5248325192768197
51.92,0.1766633152135705,0.1744740411774482,-2.5212992529725478
51.94,0.1959441419856998,0.2376267342117883,-2.5173803701328343
51.96,0.0812728413437111,0.1658160404326419,-2.51575491330596
51.98,-0.0379777801196496,0.2057509932945634,-2.516514468908353
52.0,-0.1043538930665639,0.1682533026396747,-2.5186015467696845
52.02,0.2145359211191378,0.197275884800698,-2.514310828347301
52.04,-0.0328728869299626,0.1837279895743399,-2.5149682860859
52.06,0.1736293168934692,0.2077817336179374,-2.51149569974803
52.08,0.1199070216610928,0.2166578086057956,-2.509097559314809
52.1,0.0019594578782263,0.1875481176137865,-2.5090583701572444
52.120000000000005,0.197224267863026,0.2393399716646918,-2.505113884799983
52.14,0.0229287692233856,0.2179618520904497,-2.5046553094155155
52.16,0.179471363798033,0.2206641394963391,-2.5010658821395557
52.18,-0.0014235717574375,0.1929177318021596,-2.5010943535747043
52.2,-0.0114128113419334,0.2213783865660362,-2.501322609801543
52.22,0.0118542295180338,0.1613336857795449,-2.5010855252111823
52.24,0.2698465551490449,0.1793301234143429,-2.4956885941082008
52.26,0.069439892896929,0.2174256903887206,-2.4942997962502624
52.28,0.0166685678993179,0.2054247815708886,-2.493966424892276
52.3,-0.1721464202193471,0.1945296953974644,-2.4974093532966624
52.32,-0.0679389240469513,0.2626928480095049,-2.498768131777602
52.34,-0.1373662603984115,0.1701435049495749,-2.5015154569855707
52.36,-0.2319045759134159,0.2228430622263236,-2.506153548503838
52.38,-0.0916728999902829,0.2179176340616441,-2.5079870065036443
52.4,0.2401902181928338,0.18580392108021,-2.5031832021397884
52.42,0.1435265577120759,0.2108456310778378,-2.5003126709855463
52.44,0.1248671043273434,0.1949347603982469,-2.497815328899
52.46,-0.0511900490205733,0.1486587451460399,-2.498839129879412
52.48,-0.0713720176049104,0.1768778887408807,-2.50026657023151
52.5,-0.1977400859055006,0.2286781769215827,-2.5042213719496207
52.52,0.1034864564504426,0.2099843238793674,-2.5021516428206114
52.54,-0.0413822384053459,0.2192780729542542,-2.502979287588718
52.56,-0.030505429142003,0.2050632112052603,-2.503589396171558
52.58,0.0729413057655262,0.218447782926736,-2.5021305700562477
52.6,-0.1403669694651426,0.1995616411681788,-2.504937909445551
52.620000000000005,0.1098746564258821,0.182170883226009,-2.502740416317033
52.64,-0.2042471974131585,0.2279313978483223,-2.5068253602652955
52.66,-0.1989659651072838,0.1831012436920135,-2.5108046795674404
52.68,0.1040083290569251,0.2063613853028337,-2.5087245129863014
52.7,0.0234539286702287,0.1995032250261408,-2.508255434412897
52.72,0.0060997989533553,0.2569346768093919,-2.5081334384338296
52.74,-0.2522781321082553,0.1927442320391199,-2.5131790010759953
52.76,0.0724210476955765,0.2092291904065702,-2.511730580122084
52.78,0.1399643519924179,0.2278214323441176,-2.5089312930822354
52.8,-0.0675913900317018,0.2178121826983477,-2.5102831208828693
52.82,-0.0799733720686348,0.2380144941067878,-2.511882588324242
52.84,0.1829707081872615,0.2197021217453647,-2.5082231741604963
52.86,-0.123964174552243,0.2313555155569534,-2.510702457651541
52.88,-0.2848942618555504,0.2556572203171815,-2.5164003428886526
52.9,0.0309770149322425,0.1816000388316036,-2.5157808025900077
52.92,-0.1275689682273194,0.2255175163436024,-2.5183321819545545
52.94,0.0543921331914661,0.2409035013861359,-2.5172443392907256
52.96,-0.1177943916708154,0.1611175571648201,-2.5196002271241422
52.98,-0.0694665853337057,0.2484564447378968,-2.520989558830816
53.0,-0.0900481915690281,0.2365472460930059,-2.5227905226621967
53.02,-0.126370963603163,0.1682321093910204,-2.52531794193426
53.04,-0.0349724648934056,0.2384697030860827,-2.526017391232128
53.06,0.1289377758192031,0.2073324230542987,-2.5234386357157437
53.08,-0.1678343178417958,0.2345458477499676,-2.5267953220725787
53.1,0.0001921863625223,0.2307725772663725,-2.5267914783453285
53.120000000000005,-0.1181710016918548,0.1889340053944048,-2.529154898379166
53.14,-0.0659047166529991,0.2172452399395734,-2.5304729927122254
53.16,0.0495521029252849,0.2193972629176435,-2.52948195065372
53.18,-0.0499204801494779,0.1923599674476248,-2.5304803602567096
53.2,0.1382717807805673,0.2373053115559195,-2.527714924641098
53.22,-0.2356587611354799,0.1862029021404873,-2.5324280998638065
53.24,-0.2704625146324262,0.2418564212105977,-2.537837350156456
53.26,-0.094791350163192,0.2606679576996783,-2.5397331771597194
53.28,-0.0327020629760799,0.2127574194086832,-2.540387218419241
53.3,0.0610358303447871,0.2119088128831612,-2.5391665018123453
53.32,-0.145860202566811,0.2073698736426905,-2.542083705863682
53.34,-0.0728365909981657,0.2083315486372526,-2.5435404376836455
53.36,-0.182549099444674,0.193149257405533,-2.5471914196725383
53.38,0.0441237949489394,0.2171312198245458,-2.5463089437735595
53.4,0.0412989416484282,0.1978811737774114,-2.5454829649405912
53.42,-0.0400468372549138,0.2147431033580193,-2.5462839016856895
53.44,-0.0836796048778483,0.1931577716401252,-2.547957493783246
53.46,-0.0808771376506874,0.2191862018250414,-2.54957503653626
53.48,-0.1991867583762679,0.2018978873481118,-2.5535587717037846
53.5,-0.2682873443491259,0.1940836801056527,-2.558924518590768
53.52,0.0197049382027139,0.1939315252492908,-2.5585304198267136
53.54,-0.0271630904765921,0.2292525424167907,-2.5590736816362454
53.56,-0.042407347382137,0.1811032879661724,-2.5599218285838883
53.58,-0.1647945698569647,0.2276257991761235,-2.563217719981027
53.6,-0.2221687595961235,0.2170403462613795,-2.56766109517295
53.620000000000005,0.0059658249821652,0.2380527216544313,-2.567541778673307
53.64,-0.0560512895962251,0.2255339719579246,-2.568662804465231
53.66,-0.1202667227849407,0.1907746886702478,-2.5710681389209293
53.68,0.0525744490277708,0.2244019583564327,-2.570016649940374
53.7,0.1051430974718951,0.2157684233489331,-2.5679137879909355
53.72,0.0992378359782643,0.2049432960943734,-2.5659290312713705
53.74,-0.1525525370222491,0.1868886033204286,-2.568980082011816
53.76,-0.0309781151059201,0.2564805792559699,-2.569599644313934
53.78,0.0115533948933611,0.2412938582748746,-2.5693685764160668
53.8,-0.2693867141394612,0.2030717471011824,-2.574756310698855
53.82,0.2083422640769925,0.2269967701606229,-2.5705894654173145
53.84,-0.170726194391613,0.2236147982543226,-2.5740039893051474
53.86,0.0001600446448314,0.2044470809603279,-2.574000788412251
53.88,-0.0196045540195308,0.2081633275525338,-2.5743928794926414
53.9,0.0392949499473677,0.2000279504628807,-2.573606980493694
53.92,-0.1240499035971511,0.198033529600198,-2.5760879785656376
53.94,-0.2180573291464237,0.2031774473410577,-2.580449125148565
53.96,-0.1044830182283834,0.2362988555247844,-2.582538785513133
53.98,-0.0851416751947674,0.1874223134516518,-2.5842416190170283
54.0,-0.2443774650938362,0.2436848104141474,-2.5891291683189057
54.02,0.0431548407997933,0.2318398001964656,-2.5882660715029098
54.04,-0.3649771872058762,0.2771375349719119,-2.595565615247026
54.06,-0.0429843732427844,0.2334934129528335,-2.5964253027118818
54.08,0.020186622575358,0.2115560035024037,-2.596021570260375
54.1,-0.1808791865077108,0.2034136217710248,-2.5996391539905295
54.120000000000005,-0.3181093650170292,0.1916405764844388,-2.606001341290871
54.14,-0.136568977482221,0.2077873731726575,-2.608732720840515
54.16,-0.1412383499252274,0.24259681619703,-2.6115574878390193
54.18,-0.1730873275299395,0.2135888844438949,-2.6150192343896186
54.2,-0.269475715884332,0.2240813583017183,-2.6204087487073062
54.22,0.226178593700892,0.212219815771637,-2.6158851768332894
54.24,-0.1406255664254864,0.1559825445425999,-2.6186976881617996
54.26,-0.19879512356175,0.2806288638934761,-2.622673590633034
54.28,-0.1952972763628471,0.1922984049397343,-2.6265795361602913
54.3,-0.0646578546195541,0.2500100397007224,-2.627872693252682
54.32,-0.1202018067717598,0.2346906054963772,-2.6302767293881173
54.34,-0.2971070110996963,0.2110193226531468,-2.6362188696101123
54.36,-0.1924191269180212,0.1819917810715034,-2.640067252148472
54.38,-0.0880912280741626,0.1712872899911484,-2.6418290767099557
54.4,-0.1929132777130459,0.2509249128762242,-2.6456873422642158
54.42,-0.0393749365575564,0.2119766721125486,-2.646474840995367
54.44,-0.0980692377214927,0.1926072711034655,-2.6484362257497964
54.46,-0.0232981429434022,0.1846093005871011,-2.6489021886086643
54.48,-0.046458294147378,0.2177692701154283,-2.649831354491612
54.5,-0.0863712807049988,0.211348520171586,-2.651558780105712
54.52,0.0461178003188147,0.1995072690620372,-2.6506364240993356
54.54,-0.3120161066040837,0.2556801658317275,-2.6568767462314162
54.56,-0.3328776772650689,0.2414368488075571,-2.663534299776719
54.58,-0.2473138673121246,0.1990379596282531,-2.6684805771229603
54.6,-0.1918312277726848,0.2388230155069733,-2.6723172016784145
54.620000000000005,-0.1754616429751914,0.2354029841348262,-2.675826434537919
54.64,-0.3702513379534757,0.2597046453966398,-2.683231461296987
54.66,0.0089355523018275,0.2302527213104886,-2.6830527502509502
54.68,-0.1536336553339027,0.2444420795575184,-2.6861254233576286
54.7,-0.132659240737705,0.2591512479074419,-2.6887786081723832
54.72,-0.2924729143308361,0.2359129889027324,-2.694628066458999
54.74,-0.1895398092136088,0.2156351216633897,-2.6984188626432717
54.76,-0.2090741907677444,0.1805157298082572,-2.7026003464586257
54.78,-0.1283569657074225,0.2546368436092266,-2.7051674857727743
54.8,-0.0319684935650294,0.1811997707827984,-2.7058068556440746
54.82,-0.1540649877564561,0.239501825947841,-2.708888155399204
54.84,-0.2585624421568462,0.2330080818926716,-2.714059404242342
54.86,-0.1250734230106102,0.2399525691157964,-2.7165608727025536
54.88,-0.1491204887544744,0.2476728901616438,-2.7195432824776438
54.9,-0.2736094131499627,0.1838148319178734,-2.725015470740642
54.92,-0.1688284799570975,0.2178230309453708,-2.7283920403397843
54.94,-0.3795397744801609,0.2212176791155866,-2.735982835829386
54.96,-0.1679613668498894,0.2635591641347987,-2.7393420631663843
54.98,-0.5223523763570503,0.1748652966837089,-2.749789110693523
55.0,-0.2251435994162386,0.1939274382807919,-2.7542919826818486
55.02,-0.0794372574863455,0.216643763709143,-2.755880727831576
55.04,-0.241656246629406,0.2228588436677609,-2.760713852764163
55.06,-0.1536743142351851,0.2615841363053372,-2.763787339048867
55.08,-0.1497844958119085,0.1911817910111236,-2.7667830289651048
55.1,-0.2055844058486426,0.1877863220703307,-2.7708947170820784
55.120000000000005,-0.3259983707247449,0.2118786844021895,-2.7774146844965744
55.14,-0.3278111922469676,0.2224782987120289,-2.7839709083415123
55.16,-0.2789969770587243,0.1766860186568214,-2.7895508478826856
55.18,-0.1327276078274211,0.2077677218093327,-2.7922054000392342
55.2,-0.0635984821339743,0.2320017612214344,-2.7934773696819137
55.22,-0.3033905352414159,0.2523089458868814,-2.799545180386741
55.24,-0.2639344836199426,0.1782050438349882,-2.8048238700591406
55.26,-0.2303670594373996,0.2655396125792831,-2.8094312112478876
55.28,-0.0162975001791794,0.2101494889498188,-2.809757161251471
55.3,-0.2617388169018531,0.2001752131212008,-2.814991937589507
55.32,-0.0650418693330262,0.2388943897604267,-2.8162927749761675
55.34,-0.2351115777790277,0.2580055769920579,-2.820995006531749
55.36,-0.2284177253109122,0.2005400090449959,-2.825563361037966
55.38,-0.2527980702381667,0.2295091783011326,-2.8306193224427303
55.4,-0.2124987769116002,0.1925058160117023,-2.8348692979809615
55.42,-0.3223480444022306,0.1591141916184782,-2.841316258869007
55.44,-0.2072433197243923,0.2454088120512444,-2.845461125263494
55.46,-0.3076301323280665,0.2315343685504011,-2.851613727910056
55.48,-0.2019606895225567,0.2358104133319825,-2.8556529417005065
55.5,-0.4233589418887666,0.2089208590017046,-2.864120120538283
55.52,-0.2756969686151846,0.2140704198513495,-2.8696340599105876
55.54,-0.233535644433084,0.1773108770692134,-2.8743047727992486
55.56,-0.2564027381851568,0.2435884932509076,-2.8794328275629524
55.58,-0.4228332279982205,0.2313878275387383,-2.8878894921229152
55.6,-0.1807675957385862,0.2113888889065718,-2.8915048440376876
55.620000000000005,-0.3850762370286218,0.2255274066032871,-2.899206368778261
55.64,0.0435150421601299,0.236612452305209,-2.898336067935059
55.66,-0.0420594425440718,0.2215647470576901,-2.8991772567859404
55.68,0.0179277977242247,0.2270996488330949,-2.898818700831456
55.7,-0.204752941362852,0.2101256373941797,-2.9029137596587136
55.72,-0.4363196913116284,0.227449432424185,-2.9116401534849445
55.74,0.0145507360634204,0.2927397161665805,-2.911349138763676
55.76,-0.1788624330637047,0.2055498134130824,-2.9149263874249494
55.78,0.0142469843035138,0.2462761061165832,-2.914641447738879
55.8,-0.0542610772373927,0.2572610308374151,-2.9157266692836266
55.82,-0.1607295321482142,0.1858474272579582,-2.918941259926591
55.84,-0.3271914380709754,0.2280477315673772,-2.9254850886880117
55.86,-0.3119223953344323,0.2065347435188442,-2.931723536594699
55.88,-0.2328798439281461,0.2104958686567239,-2.936381133473263
55.9,-0.1981802072575018,0.2376406997903589,-2.940344737618412
55.92,-0.2223568877958787,0.2382054550674794,-2.9447918753743303
55.94,-0.1720089352317411,0.2587481006324773,-2.9482320540789644
55.96,-0.032741271055086,0.2332694238443509,-2.948886879500066
55.98,0.0138482716720733,0.2317231372755714,-2.9486099140666244
56.0,-0.4056694941808295,0.2246642330892456,-2.956723303950242
56.02,-0.1501790168177436,0.2028348712120465,-2.9597268842865976
56.04,-0.0902837745885482,0.2005236322436096,-2.961532559778368
56.06,-0.1910582190393075,0.2257782446375611,-2.9653537241591548
56.08,-0.1461643851988568,0.1714366196823206,-2.9682770118631314
56.1,-0.28998018371905,0.22872615890726,-2.974076615537513
56.120000000000005,-0.1986987434720918,0.2097913097100146,-2.9780505904069554
56.14,-0.2271629799955499,0.2086491642022825,-2.9825938500068654
56.16,-0.2947732261600266,0.209489312019233,-2.9884893145300646
56.18,-0.2707205352108224,0.2352016127611046,-2.993903725234282
56.2,-0.1599096945181442,0.1526364173779782,-2.9971019191246455
56.22,-0.2522709614942395,0.2224822875041426,-3.002147338354529
56.24,-0.220276848086743,0.2182717475544022,-3.006552875316265
56.26,-0.238119333710403,0.1758965178669697,-3.011315261990472
56.28,-0.2685902886445457,0.2115069136851844,-3.016687067763364
56.3,-0.3466406776996933,0.1943937846938569,-3.0236198813173565
56.32,-0.3667392991807591,0.1952184534470107,-3.0309546673009726
56.34,-0.1944791251291028,0.2349495249418993,-3.0348442498035553
56.36,-0.263908993385275,0.1717588166329711,-3.0401224296712597
56.38,-0.3641580525003837,0.1763869453032306,-3.0474055907212683
56.4,-0.2839391655481388,0.2479606188139426,-3.0530843740322298
56.42,-0.1676844605608823,0.1641417630553346,-3.056438063243448
56.44,-0.1553488876930224,0.2008695858219941,-3.0595450409973077
56.46,-0.41537782410199,0.2483548916800001,-3.067852597479349
56.48,-0.1512118978809941,0.2153114075454358,-3.070876835436968
56.5,-0.4428248135207723,0.2161655841465494,-3.079733331707385
56.52,-0.2910989409568972,0.2453478431359953,-3.085555310526524
56.54,-0.1146748260086095,0.231696792659007,-3.0878488070466954
56.56,-0.3468549977220559,0.2391381240303344,-3.0947859070011376
56.58,-0.1096103303865669,0.1910346078231284,-3.0969781136088685
56.6,-0.2043062138488408,0.1916706712846046,-3.101064237885846
56.620000000000005,0.0068293243667426,0.2142023877375855,-3.100927651398511
56.64,-0.0283275320927731,0.2729753589915332,-3.1014942020403664
56.66,-0.1739448755256826,0.1894075270464022,-3.1049730995508793
56.68,-0.2486879044131087,0.2106798274569314,-3.1099468576391422
56.7,-0.0653638196816226,0.2212866979375047,-3.111254134032775
56.72,-0.176130667861922,0.2157510903374963,-3.1147767473900125
56.74,-0.1282889374134604,0.1983359221966166,-3.117342526138282
56.76,-0.1587098169242919,0.2219985652547706,-3.120516722476767
56.78,-0.1868966044599855,0.1979288315594398,-3.1242546545659673
56.8,-0.3517701812705326,0.2192842193076332,-3.1312900581913765
56.82,-0.1107870133130177,0.1866447959729125,-3.1335057984576373
56.84,-0.2945058811544656,0.2069510303278879,-3.1393959160807277
56.86,-0.0485841655778095,0.213704449754384,-3.1403675993922837
56.88,-0.2854155396991982,0.1709158892797309,-3.1460759101862688
56.9,-0.2064884792875349,0.1897812928262611,-3.150205679772019
56.92,-0.0373560242817792,0.2563560339267035,-3.1509528002576546
56.94,-0.1717000601518768,0.2102884431436665,-3.1543868014606913
56.96,-0.3211726123028283,0.2225682650672037,-3.160810253706749
56.98,-0.1041579142711173,0.2402581549110835,-3.162893411992171
57.0,-0.2296287234959709,0.2262457660912544,-3.1674859864620912
57.02,-0.1341865883154509,0.1946430952284581,-3.1701697182284008
57.04,-0.27336564127002,0.2216357934096249,-3.1756370310538
57.06,-0.1871021124509361,0.2310511984191182,-3.1793790733028193
57.08,-0.0351300711063261,0.224284196103387,-3.1800816747249456
57.1,-0.2229731759602642,0.1841308653329283,-3.1845411382441515
57.120000000000005,0.0483841434409477,0.1947950050244717,-3.1835734553753325
57.14,-0.064464727261693,0.1819864053343372,-3.184862749920566
57.16,-0.1484523421949684,0.192564000991253,-3.1878317967644647
57.18,-0.209884319753361,0.1704230789566748,-3.1920294831595326
57.2,-0.289074616591183,0.1959597326154117,-3.197810975491357
57.22,-0.1405688079501099,0.2681260177607565,-3.2006223516503587
57.24,-0.2180293690249712,0.2161671611666429,-3.2049829390308586
57.26,-0.1805044048472878,0.2272146154412203,-3.2085930271278036
57.28,-0.0794171772349562,0.1971701822038323,-3.210181370672503
57.3,-0.273502227448739,0.1781829284685342,-3.2156514152214766
57.32,-0.1525033564020145,0.2080849204363522,-3.2187014823495175
57.34,-0.4643158967941361,0.1488803948912352,-3.2279878002854017
57.36,-0.0681225456066608,0.1961282261352504,-3.2293502511975345
57.38,-0.3741362500336982,0.2148693202218541,-3.2368329761982095
57.4,-0.232691842989841,0.2503231804638338,-3.2414868130580055
57.42,-0.1820301113080905,0.1969001424796212,-3.245127415284168
57.44,-0.1768854517970717,0.2556982658193351,-3.248665124320109
57.46,-0.1668720710996313,0.187174641510963,-3.252002565742102
57.48,-0.1571020370670106,0.2368973630530922,-3.2551446064834417
57.5,0.0281391872341537,0.1803591935784559,-3.2545818227387584
57.52,-0.0596970591566078,0.1999213844379566,-3.255775763921891
57.54,-0.1379357644507076,0.200363647970011,-3.2585344792109043
57.56,-0.4441315816511784,0.201838027684331,-3.267417110843929
57.58,-0.2835209788741891,0.1815580804021797,-3.273087530421412
57.6,-0.0236465819846017,0.2080403566591059,-3.2735604620611043
57.620000000000005,-0.472098442871142,0.1769740725489733,-3.2830024309185286
57.64,-0.2808326368653119,0.2033554242150254,-3.2886190836558336
57.66,-0.3018674026074598,0.2093637874499918,-3.2946564317079816
57.68,0.0328537228835653,0.2311773180825262,-3.29399935725031
57.7,-0.2809485380468638,0.1897846523487218,-3.299618328011248
57.72,-0.2071382373815366,0.203964608646885,-3.303761092758878
57.74,-0.2985255149464414,0.1694836092339871,-3.309731603057808
57.76,-0.4065925135350395,0.2314856915407396,-3.317863453328507
57.78,-0.2125062025489389,0.2349566129558483,-3.3221135773794868
57.8,-0.3118474690873193,0.189029820806372,-3.328350526761232
57.82,-0.334307530727132,0.2315177553200899,-3.3350366773757756
57.84,-0.237454002677645,0.2169788857436058,-3.339785757429329
57.86,-0.3060424999260012,0.2103492982007845,-3.345906607427848
57.88,-0.2633657899165529,0.2442133948314652,-3.3511739232261797
57.9,-0.3336127619616064,0.1560777266209333,-3.3578461784654103
57.92,-0.2587321295723337,0.1862421837056182,-3.3630208210568577
57.94,-0.196312706928651,0.209185677753352,-3.36694707519543
57.96,-0.265078487839708,0.2164384904640778,-3.372248644952225
57.98,-0.1122604640490496,0.2039080196858136,-3.3744938542332052
58.0,-0.2416341731394598,0.2074775419853453,-3.379326537695995
58.02,-0.079301923118049,0.2009241666502284,-3.3809125761583565
58.04,-0.1879194064133559,0.2323202084078081,-3.384670964286623
58.06,-0.3105147140120042,0.2079684822450976,-3.3908812585668637
58.08,-0.0587914379856118,0.2141559794741928,-3.3920570873265756
58.1,-0.1867657930450544,0.1977431908034354,-3.3957924031874773
58.120000000000005,-0.0347001286358877,0.2048071980390179,-3.396486405760195
58.14,-0.0243216952444541,0.1833259784499281,-3.396972839665084
58.16,-0.2720298875037014,0.2151721961387585,-3.402413437415157
58.18,-0.1289032820743068,0.1992408437363358,-3.4049915030566438
58.2,-0.2873784228952137,0.1384709731578819,-3.410739071514549
58.22,-0.2743230470564359,0.192538073085648,-3.4162255324556767
58.24,-0.3045552678852816,0.2117682686934634,-3.4223166378133834
58.26,0.0141705095025337,0.1975133657138164,-3.422033227623333
58.28,-0.0220203428274639,0.2268985979272958,-3.4224736344798825
58.3,-0.024759056645651,0.182267841938379,-3.4229688156127955
58.32,-0.3546668654713141,0.1371435810426544,-3.430062152922223
58.34,-0.1284430950403757,0.2434724068999356,-3.4326310148230306
58.36,-0.2430815356428168,0.2213930795432017,-3.437492645535886
58.38,-0.2754208238042597,0.2277856761308729,-3.4430010620119718
58.4,-0.2136662579040565,0.1734557292061705,-3.447274387170052
58.42,-0.170822750631078,0.2105206092984244,-3.450690842182674
58.44,-0.1826262240435377,0.204452017087413,-3.454343366663544
58.46,-0.320784488297908,0.1431152971352233,-3.460759056429503
58.48,-0.2326374241045169,0.1724067143989305,-3.4654118049115925
58.5,-0.1061467151144534,0.1733345658039034,-3.467534739213882
58.52,-0.0121641836149064,0.1542968750247573,-3.46777802288618
58.54,-0.128646806121519,0.2168820314730172,-3.47035095900861
58.56,-0.2520565185153812,0.2307159379004935,-3.4753920893789187
58.58,0.0292740853203874,0.1600191804285871,-3.474806607672511
58.6,-0.082869316816542,0.2096572789171698,-3.476463994008842
58.620000000000005,-0.2170801228231413,0.2001725586152134,-3.4808055964653057
58.64,-0.3479584385271274,0.1588087193062981,-3.487764765235847
58.66,-0.4220481330629189,0.1492156653188841,-3.4962057278971037
58.68,0.012420801292681,0.1592114180016878,-3.49595731187125
58.7,-0.0695531034682758,0.1392471877162043,-3.4973483739406155
58.72,-0.2210104214179828,0.1474261180695122,-3.501768582368974
58.74,-0.1393220048569449,0.1804018306521467,-3.5045550224661133
58.76,-0.3132424658566596,0.1739825701203735,-3.5108198717832453
58.78,-0.045671475773069,0.1934956142441936,-3.511733301298707
58.8,-0.2891999487535454,0.2183477662755405,-3.5175173002737767
58.82,-0.2968024143143145,0.1685197836454001,-3.523453348560064
58.84,-0.0270498368537487,0.1634717317244556,-3.523994345297139
58.86,-0.2765750218719002,0.179471852549845,-3.5295258457345757
58.88,-0.1851782729916681,0.2053696298285032,-3.5332294111944096
58.9,-0.0401546309784429,0.1633079479362526,-3.5340325038139784
58.92,-0.150014515857481,0.1819216224934483,-3.5370327941311284
58.94,-0.0308719004018015,0.1466624934532562,-3.537650232139164
58.96,-0.3021787511205076,0.1538681372758987,-3.543693807161575
58.98,-0.1816724360424768,0.1853772027022789,-3.547327255882424
59.0,-0.0734293684291336,0.16763874534393,-3.5487958432510065
59.02,-0.1313874417648348,0.1573888713885239,-3.5514235920863038
59.04,-0.1560419373137184,0.1336229989691298,-3.5545444308325775
59.06,-0.2107823366051301,0.1271601672477593,-3.558760077564681
59.08,-0.1978876972885908,0.1773832144320953,-3.5627178315104517
59.1,-0.2200349930549376,0.1668539859695517,-3.567118531371551
59.120000000000005,-0.0860223702757416,0.163959595656926,-3.568838978777066
59.14,-0.2998279375856937,0.1984635725234152,-3.5748355375287786
59.16,-0.1698667793245769,0.1822204699713469,-3.5782328731152693
59.18,-0.1127581130722216,0.2012413884509149,-3.580488035376714
59.2,-0.1870398303305181,0.1489567513357977,-3.584228831983325
59.22,-0.0765438651932495,0.2023455217616407,-3.5857597092871893
59.24,-0.2371230110709639,0.195849746125937,-3.5905021695086092
59.26,-0.0491414173610757,0.1476873936761088,-3.5914849978558308
59.28,0.0069238809447041,0.1844922305102383,-3.591346520236937
59.3,-0.2286327732477089,0.1956353081404924,-3.5959191757018902
59.32,-0.2306167923692473,0.1549975195109216,-3.600531511549276
59.34,-0.3391332361341999,0.1485948497080407,-3.607314176271961
59.36,-0.1191919688440669,0.2001810165746337,-3.609698015648842
59.38,0.1038905018364766,0.1637391431226654,-3.607620205612112
59.4,-0.1883533633562005,0.1790020306807621,-3.6113872728792353
59.42,-0.154838675828823,0.1654445317447053,-3.614484046395812
59.44,-0.3637311443771803,0.0964469734119659,-3.6217586692833543
59.46,-0.2331573099023298,0.1553225297882733,-3.6264218154814016
59.48,-0.0371971932801429,0.163397271959182,-3.627165759347004
59.5,-0.0115733285459173,0.1580416642372049,-3.6273972259179224
59.52,-0.0326119796012777,0.1676059519863995,-3.6280494655099482
59.54,0.0080929271486721,0.1449698856441238,-3.6278876069669748
59.56,-0.1679247380090247,0.2150103032546852,-3.6312461017271556
59.58,-0.1903799620929609,0.156032746541377,-3.635053700969014
59.6,0.0920729131445672,0.1862335637111414,-3.633212242706122
59.620000000000005,-0.2282759917495522,0.2328554597762766,-3.637777762541114
59.64,-0.1441350456263495,0.2022849278255971,-3.6406604634536404
59.66,-0.1437802125254333,0.1580425250649414,-3.6435360677041486
59.68,-0.1777627497457702,0.189466215278498,-3.6470913226990644
59.7,-0.1568243481649544,0.1517468943533393,-3.650227809662364
59.72,-0.1545730122937354,0.2074574848463313,-3.653319269908238
59.74,-0.0925152256090659,0.1916024952102225,-3.65516957442042
59.76,-0.1449357283413476,0.1679135546192422,-3.6580682889872462
59.78,0.0063550423747756,0.1752904505472707,-3.6579411881397506
59.8,-0.155636133792628,0.1435805089612086,-3.6610539108156024
59.82,-0.1393299247332887,0.1549385405455522,-3.6638405093102686
59.84,-0.0896308355350864,0.2010666222888298,-3.6656331260209707
59.86,-0.3022422867840466,0.1795331605781497,-3.6716779717566506
59.88,-0.1990037917266165,0.2262680569264225,-3.6756580475911833
59.9,-0.0315090901864017,0.1659020109258679,-3.676288229394911
59.92,-0.0714398332706457,0.2139067511686956,-3.677717026060324
59.94,-0.1021102468517716,0.1193656985523264,-3.6797592309973592
59.96,-0.0611405098210832,0.1627887889348341,-3.680982041193781
59.98,-0.2439327622515668,0.1828550787323712,-3.6858606964388114
60.0,-0.0833121221120754,0.2109274343551952,-3.687526938881053
60.02,-0.1816067650777573,0.1562105468253679,-3.691159074182609
60.04,-0.0560418137764217,0.1137801968112803,-3.692279910458137
60.06,0.0943472448465536,0.181266471622337,-3.6903929655612058
60.08,-0.2509906002306912,0.1359591237560137,-3.6954127775658185
60.1,0.0893637175198951,0.1154463391805794,-3.6936255032154204
60.120000000000005,-0.1724977109794825,0.2213865459202714,-3.6970754574350106
60.14,-0.0339415425582627,0.1369381043539365,-3.6977542882861756
60.16,-0.2114810737144496,0.2004017295059475,-3.7019839097604637
60.18,-0.1321970803752802,0.1390357760429858,-3.70462785136797
60.2,-0.2290898698517128,0.2042744741110604,-3.709209648765005
60.22,0.0614899040043485,0.1612730355527829,-3.707979850684918
60.24,0.1583545663540784,0.1677495798031841,-3.7048127593578357
60.26,-0.1530088797800125,0.1392336942151957,-3.7078729369534353
60.28,-0.1252438389644313,0.1637194313335745,-3.7103778137327246
60.3,0.0627487314989798,0.1446489827861525,-3.7091228391027453
60.32,-0.1769318097060571,0.1582518726168782,-3.712661475296867
60.34,-0.2351098064787226,0.1534903751283214,-3.717363671426442
60.36,0.0063688012550634,0.1878473502898311,-3.717236295401341
60.38,-0.0743848302887542,0.1439964425444075,-3.7187239920071162
60.4,0.0820267489872859,0.1727717228250406,-3.7170834570273708
60.42,-0.0723958768252086,0.1843284462266436,-3.718531374563875
60.44,-0.2788853171960136,0.1616028138172824,-3.724109080907794
60.46,0.1660974202514518,0.1372109943727657,-3.7207871325027644
60.48,-0.1108775784305775,0.1386672137752071,-3.7230046840713755
60.5,0.0101800333618076,0.1650789430087361,-3.722801083404139
60.52,-0.0574903668996269,0.1269482979910409,-3.723950890742132
60.54,-0.2149125314947297,0.1569202617078828,-3.7282491413720256
60.56,-0.2780004950467896,0.1250780698192789,-3.733809151272962
60.58,0.0875762457668664,0.1493460170082252,-3.732057626357625
60.6,0.0134515986625044,0.1682808907919424,-3.731788594384375
60.620000000000005,0.1676430974446863,0.1609626916807441,-3.728435732435481
60.64,-0.0323884984311389,0.1405799280425942,-3.7290835024041034
60.66,-0.0295692695359143,0.1561176181254784,-3.7296748877948214
60.68,-0.0972346538834416,0.1953806562887491,-3.7316195808724903
60.7,-0.2407246314518433,0.191237551245199,-3.736434073501528
60.72,0.0413337041873892,0.1899423183261998,-3.7356073994177805
60.74,-0.0704755092450626,0.1539689347750422,-3.737016909602682
60.76,-0.0389394319287645,0.2089468210077723,-3.7377956982412575
60.78,-0.0229481742348475,0.1115700117180135,-3.7382546617259544
60.8,0.1166945539183153,0.1265066503769884,-3.7359207706475885
60.82,-0.0558132045693241,0.1744808791237337,-3.737037034738975
60.84,-0.1151130583633424,0.1402284669826798,-3.7393392959062424
60.86,-0.0327728609590622,0.1564208279868489,-3.7399947531254236
60.88,0.196563363210405,0.1651144157575434,-3.736063485861215
60.9,0.0076896977482974,0.1387237794864181,-3.735909691906249
60.92,-0.0119849574538317,0.1652539713616638,-3.7361493910553256
60.94,-0.0615329896823594,0.1554189953538698,-3.7373800508489725
60.96,-0.0593575541842006,0.1660080061946924,-3.7385672019326566
60.98,-0.1477710936033597,0.1055552418504322,-3.7415226238047232
61.0,-0.0846061687430883,0.1297186277038448,-3.7432147471795854
61.02,0.0015937628820229,0.0943945997709639,-3.743182871921945
61.04,-0.1623934869894031,0.1389367438691198,-3.746430741661732
61.06,-0.036636703558167,0.1736524013271055,-3.7471634757328958
61.08,-0.1544597187593107,0.1362592531999006,-3.750252670108081
61.1,-0.1138785899649246,0.1493162871487659,-3.75253024190738
61.120000000000005,-0.0610188898542407,0.1261201137520983,-3.753750619704465
61.14,-0.0060613560339949,0.1443195458918199,-3.7538718468251453
61.16,-0.0166702755062121,0.1391923429197377,-3.7542052523352694
61.18,0.1634770592519599,0.1778928246937243,-3.7509357111502295
61.2,0.1508144623584947,0.1439584083053134,-3.747919421903059
61.22,-0.0232501412843125,0.1583411292328134,-3.7483844247287452
61.24,-0.018203222377585,0.1098952109888145,-3.7487484891762968
61.26,-0.0844254046876774,0.1056675702917746,-3.75043699727005
61.28,0.2051504343817672,0.1508477780416901,-3.746333988582414
61.3,0.1520447187097332,0.1449849910344912,-3.74329309420822
61.32,-0.1053845392692502,0.1515646224865416,-3.7454007849936053
61.34,0.0042655996731214,0.138421271512397,-3.745315473000143
61.36,0.1786447692668823,0.1038455262730702,-3.7417425776148057
61.38,-0.0261257435649616,0.1362793708762673,-3.742265092486105
61.4,-0.0327610504391497,0.1102329794702685,-3.742920313494888
61.42,0.1434612289041071,0.1302048416198493,-3.7400510889168053
61.44,-0.0443470797847047,0.0982117219786673,-3.740938030512499
61.46,0.2900154835954114,0.1251579409814897,-3.73513772084059
61.48,0.0736085072327042,0.1637215200019172,-3.733665550695936
61.5,-0.0200616240378444,0.1325227535108017,-3.734066783176693
61.52,-0.297894020051237,0.1362698883429292,-3.740024663577719
61.54,0.1349155038274421,0.1209409574001262,-3.7373263535011705
61.56,-0.1226372794889395,0.158522265260558,-3.7397790990909496
61.58,0.0854180160031718,0.1028070716585957,-3.7380707387708867
61.6,0.0858284409496377,0.1308877907097455,-3.736354169951894
61.620000000000005,0.111892266815411,0.1234245240022951,-3.7341163246155853
61.64,-0.1356175314506273,0.1374330126556918,-3.736828675244597
61.66,-0.031369390457981,0.1170419351923184,-3.7374560630537568
61.68,0.1160215611453318,0.1755272610957816,-3.73513563183085
61.7,0.126920471957576,0.1051263804033866,-3.732597222391698
61.72,0.2379533012623141,0.0676067117312645,-3.727838156366453
61.74,-0.027041476988156,0.1346499505590658,-3.728378985906216
61.76,-0.1021431024932027,0.118638837938945,-3.73042184795608
61.78,-0.1281072285101684,0.1313405669994901,-3.7329839925262838
61.8,0.0799489168843366,0.1113847971485355,-3.7313850141885974
61.82,0.1982714991295054,0.0882769282521699,-3.7274195842060065
61.84,0.0101245138097483,0.1110881941979249,-3.7272170939298115
61.86,0.0009769182410262,0.1253842004891656,-3.7271975555649908
61.88,0.1745483915464175,0.1068238878643421,-3.723706587734062
61.9,0.0830211368307036,0.1204851937836773,-3.722046164997448
61.92,0.0478885981623038,0.1225018366133776,-3.7210883930342016
61.940000000000005,0.0220716866225138,0.1322151472150724,-3.7206469593017513
61.96,0.0959509711312436,0.1531856182149705,-3.718727939879127
61.98,0.0500268297721347,0.1291171689354319,-3.7177274032836842
62.0,0.1508502008250531,0.0963961156888113,-3.7147103992671826
62.02,-0.0031792571333505,0.1225962757699861,-3.7147739844098497
62.04,0.1221882340017008,0.1101789466737904,-3.7123302197298162
62.06,-0.0002427273245637,0.1434043893233659,-3.7123350742763077
62.08,-0.0546434966726859,0.1470022595024567,-3.7134279442097613
62.1,0.1919962075062268,0.1378261354163574,-3.7095880200596363
62.120000000000005,0.0868839854881967,0.1389428271561816,-3.707850340349872
62.14,0.024399413556188,0.0917445404316692,-3.707362352078748
62.16,-0.0295841438398304,0.0867018122751984,-3.7079540349555447
62.18,0.0592508228491889,0.0772940553136082,-3.706769018498561
62.2,0.2542747531990829,0.0974591657113471,-3.7016835234345784
62.22,0.1420917843908406,0.1191040560543205,-3.698841687746762
62.24,0.2423893830836005,0.133485136053405,-3.6939939000850894
62.26,0.1940002249423658,0.082395139019199,-3.6901138955862427
62.28,0.2673206592702516,0.0517827969139197,-3.684767482400837
62.3,0.1447379515282911,0.1320485445312055,-3.6818727233702715
62.32,0.2222602525175033,0.1386698430378604,-3.6774275183199205
62.34,-0.0765475402214083,0.0678623880426822,-3.678958469124349
62.36,0.1695764568170442,0.0712770507616014,-3.6755669399880087
62.38,-0.1074247700607227,0.1285262975161684,-3.6777154353892234
62.4,0.2447039150335823,0.0724925416543685,-3.672821357088553
62.42,0.4609436246141251,0.0683720727345569,-3.663602484596269
62.440000000000005,0.110230799265388,0.1584145894773538,-3.661397868610961
62.46,0.3186070502439813,0.0719436901728426,-3.6550257276060827
62.48,0.2506907731430062,0.0915891098429501,-3.6500119121432237
62.5,0.1204348481599261,0.0693853865419834,-3.6476032151800246
62.52,0.0928325988955723,0.0858236700194843,-3.645746563202113
62.54,0.2172922851911072,0.1078049342460773,-3.6414007174982914
62.56,0.174171260722393,0.0724557548244913,-3.637917292283843
62.58,0.1766035487656763,0.131427343109784,-3.6343852213085306
62.6,0.1436109515515134,0.0767228103604712,-3.6315130022775
62.620000000000005,0.1199425887796743,0.1238336487715374,-3.629114150501906
62.64,0.0550339435652615,0.1051463673131613,-3.628013471630601
62.66,-0.0180867841788791,0.1031946961352512,-3.6283752073141784
62.68,0.1569683786643979,0.1458776243055901,-3.62523583974089
62.7,0.2101028740003325,0.0882994317410776,-3.621033782260883
62.72,0.0029796484173732,0.0788673290890099,-3.6209741892925353
62.74,0.086639056144686,0.1065125402283274,-3.6192414081696413
62.76,-0.013232569840141,0.1023083387665138,-3.619506059566444
62.78,0.2744318661252424,0.0940546579449128,-3.6140174222439385
62.8,0.3112840091963311,0.1073859516372683,-3.607791742060013
62.82,0.1206404275653348,0.1020894225267343,-3.6053789335087063
62.84,0.1747432206237383,0.1040537518945346,-3.601884069096231
62.86,0.2290513033155991,0.0993680763742365,-3.5973030430299198
62.88,0.1631320282018221,0.1168159000585693,-3.594040402465883
62.9,0.2604406036905152,0.1107510873832163,-3.588831590392074
62.92,0.4129103522713482,0.1065213877731351,-3.5805733833466453
62.940000000000005,0.3209942122960295,0.1080459790185621,-3.5741534991007238
62.96,0.2999587759506831,0.0494741834171032,-3.5681543235817115
62.98,0.4262160343313401,0.0875379323223602,-3.5596300028950862
63.0,0.0556360207667253,0.1124258067019319,-3.5585172824797517
63.02,0.2520628501618571,0.0333228530886512,-3.5534760254765136
63.04,0.0146317035724119,0.0490657976190294,-3.5531833914050654
63.06,0.4245735808156125,0.1136260235448664,-3.544691919788752
63.08,0.3059851686079856,0.1045467188576649,-3.538572216416594
63.1,0.2112269844977808,0.1020922670261306,-3.5343476767266377
63.120000000000005,0.1681695468802962,0.0915578993293509,-3.5309842857890312
63.14,0.1573240215001761,0.1068939033057095,-3.5278378053590282
63.16,0.1944901943618595,0.0931276137322194,-3.523948001471792
63.18,0.0410326355803567,0.0742515080278027,-3.5231273487601844
63.2,0.1726709361996019,0.1085792049822279,-3.5196739300361917
63.22,0.1725592611851946,0.0709673296797173,-3.5162227448124885
63.24,0.1349669372990471,0.1271978534668779,-3.5135234060665073
63.26,0.1755682995657446,0.1002009645912406,-3.510012040075193
63.28,0.2109169104822965,0.0972203675242381,-3.5057937018655463
63.3,0.2730566431323881,0.1253523274688885,-3.5003325690028997
63.32,0.3453525742912654,0.1001450308067177,-3.4934255175170734
63.34,0.2025695522099502,0.0882501989526086,-3.4893741264728737
63.36,0.0153329806167713,0.0977033589006777,-3.489067466860538
63.38,0.2290578121945922,0.083068386347222,-3.4844863106166457
63.4,0.1629422695651184,0.0819560019099525,-3.481227465225344
63.42,0.2587720841026411,0.0755814594948248,-3.4760520235432906
63.440000000000005,0.0859344519189748,0.0770575332475317,-3.474333334504911
63.46,0.165430975623023,0.1029641662692889,-3.4710247149924514
63.48,0.1637161028004928,0.0383832769378322,-3.467750392936442
63.5,0.3061208633000757,0.0442310868402056,-3.4616279756704396
63.52,0.173964140579028,0.0252643830621938,-3.4581486928588583
63.54,0.174670297087361,0.0956386291233666,-3.4546552869171117
63.56,0.2355870625753112,0.0821971087172184,-3.449943545665605
63.58,0.3099038365220353,0.1184474739642008,-3.4437454689351656
63.6,0.1864980020756974,0.1096471254396459,-3.440015508893651
63.620000000000005,0.0967251651417547,0.0848967985336151,-3.4380810055908158
63.64,0.1669257876307367,0.1059558003046265,-3.4347424898382015
63.66,0.2805483934465184,0.0680016734066185,-3.429131521969272
63.68,0.3190821733226772,0.058076332497053,-3.4227498785028176
63.7,0.4621971583088994,0.0747853979514678,-3.413505935336638
63.72,0.1440166818170364,0.0578553240243034,-3.410625601700298
63.74,0.1992082109804479,0.0706134135468386,-3.4066414374806886
63.76,0.3965520973418848,0.0700610331318708,-3.3987103955338527
63.78,0.2018136403345493,0.0343444875464183,-3.394674122727161
63.8,0.3439106540677638,0.1180027912998334,-3.3877959096458072
63.82,0.3887551282134212,0.059433232833756,-3.3800208070815376
63.84,0.2843871470480765,0.0126250310859233,-3.374333064140575
63.86,0.389577467345367,0.0669552517200471,-3.3665415147936693
63.88,0.5105460381095895,0.069855875219305,-3.356330594031476
63.9,0.3997399085116614,0.0547382686879734,-3.348335795861244
63.92,0.3966478825950317,0.0984949764105783,-3.340402838209342
63.940000000000005,0.4855367611476739,0.0425086272425968,-3.330692102986387
63.96,0.4797244930128137,0.0909456515661084,-3.3210976131261325
63.98,0.5108867011190461,0.053890864414467,-3.3108798791037537
64.0,0.2693479078665194,0.0774981339257387,-3.3054929209464223
64.02,0.3032879557838709,0.0657704981020862,-3.2994271618307462
64.04,0.2588662553390429,0.0802267125999205,-3.2942498367239628
64.06,0.2973970555232085,0.0492773235898634,-3.2883018956135
64.08,0.1847469862338379,0.0748807924273083,-3.284606955888824
64.1,0.2125634809444932,0.0883399510665854,-3.280355686269935
64.12,0.3212799096339014,0.045879746104642,-3.2739300880772535
64.14,0.1488313859920516,0.0274139108217307,-3.270953460357413
64.16,0.271863818214363,0.0458550164605898,-3.265516183993127
64.18,0.2112931902257023,0.0807474550709359,-3.2612903201886105
64.2,0.4605267373745654,0.0575714258429616,-3.252079785441121
64.22,0.4849193239598514,-0.0162312670946573,-3.242381398961926
64.24,0.4160116160350998,0.0616264442817495,-3.234061166641226
64.26,0.4458013995332638,0.0966810207148367,-3.225145138650556
64.28,0.5297974611893423,0.0337372859646854,-3.214549189426771
64.3,0.4634607383582918,0.0769305851977206,-3.2052799746596072
64.32000000000001,0.4285891125554034,0.0086998966314341,-3.1967081924084946
64.34,0.1881146621028628,0.101118754267157,-3.192945899166438
64.36,0.1706737587673496,0.0300758116089909,-3.189532423991092
64.38,0.3750113887379611,-0.0053660973849451,-3.1820321962163343
64.4,0.4965450587172376,0.0486373072345862,-3.1721012950419842
64.42,0.4017234990054152,0.0569816055781397,-3.1640668250618775
64.44,0.4097597172872522,0.0448017791486957,-3.1558716307161343
64.46000000000001,0.2412995176777266,0.0340494578595589,-3.1510456403625775
64.48,0.310728747721964,0.0259880170765605,-3.1448310654081393
64.5,0.5632882321613905,0.0448498667435149,-3.133565300764914
64.52,0.3527874874184497,0.0454165383279121,-3.126509551016546
64.54,0.3625382842484548,0.0343754750337595,-3.1192587853315734
64.56,0.2940897520172081,0.053958429562033,-3.1133769902912305
64.58,0.5976175623881568,0.0536231410839207,-3.10142463904347
64.6,0.2938659774684073,0.1054891723932349,-3.095547319494103
64.62,0.4972705298908946,0.0187497747764174,-3.08560190889628
64.64,0.2365934784558754,0.0631197698765952,-3.0808700393271633
64.66,0.1776026323480496,0.0735446423600626,-3.077317986680203
64.68,0.432000900185524,0.0522502447269019,-3.0686779686764885
64.7,0.3613572523072537,0.0686360539537714,-3.0614508236303446
64.72,0.550558401359595,0.0800175891990913,-3.0504396556031548
64.74,0.5000749462372831,0.0315562591875636,-3.040438156678411
64.76,0.5709318516210737,0.0467752236046241,-3.029019519645984
64.78,0.4172595385621258,0.0667077216809555,-3.020674328874743
64.8,0.4125512679752641,0.0295549708768794,-3.0124233035152392
64.82000000000001,0.4133316915134219,0.0655618739626293,-3.0041566696849666
64.84,0.7045122056998738,0.0276759268060342,-2.990066425570972
64.86,0.3812327031029195,0.0286395968658133,-2.982441771508915
64.88,0.5884576755769954,0.0125910275990042,-2.9706726179973777
64.9,0.2285434660063323,0.0771484588463638,-2.9661017486772487
64.92,0.1894068500599288,0.0402694644162336,-2.962313611676051
64.94,0.440215825221822,0.0351476487499553,-2.9535092951716164
64.96000000000001,0.3412739027143069,0.0303073474417126,-2.946683817117327
64.98,0.1862410986710158,0.0047456623658787,-2.9429589951439072
65.0,0.6784005497589033,0.0440130437644894,-2.929390984148732
65.02,0.6012765930025665,0.0269942682385723,-2.917365452288683
65.04,0.5906716119454326,0.0426995362134601,-2.9055520200497686
65.06,0.4844983174793735,0.0274926924912067,-2.895862053700183
65.08,0.5644495793819833,0.0285642559254826,-2.884573062112546
65.1,0.3716390420142172,0.0063685788661146,-2.877140281272263
65.12,0.5045729863371698,0.0644196228912118,-2.8670488215455143
65.14,0.5114487842720316,0.0011372109354719,-2.8568198458600755
65.16,0.6423545840519843,0.0367030857972578,-2.8439727541790383
65.18,0.5588886605090622,0.055905828192316,-2.8327949809688513
65.2,0.3877184021252183,0.0144005297307599,-2.8250406129263483
65.22,0.3824819820617286,0.0927544468667376,-2.8173909732851152
65.24,0.6830160823266195,0.046109796936768,-2.8037306516385856
65.26,0.3851923924792573,0.0044711125307993,-2.7960268037889966
65.28,0.3750545320777783,-0.0267399344740576,-2.7885257131474424
65.3,0.5217894341013642,0.0270432140402477,-2.778089924465417
65.32000000000001,0.2981240124535458,0.0216033668675081,-2.772127444216343
65.34,0.3167130575489359,0.0289069491394463,-2.7657931830653655
65.36,0.5840293477238937,0.0206711913218727,-2.75411259611089
65.38,0.5667532192851843,0.0126682617617671,-2.7427775317251886
65.4,0.5544883650427284,0.044645149781189,-2.7316877644243283
65.42,0.7859532571038979,0.0011071016231174,-2.7159686992822536
65.44,0.5994265903728724,0.0365143111565079,-2.7039801674747985
65.46000000000001,0.6439791688427159,0.0526659383122514,-2.6911005840979376
65.48,0.3751419690706549,-0.0019723101627095,-2.683597744716526
65.5,0.4759155194630912,0.0014451743557256,-2.674079434327266
65.52,0.3958786063201568,-0.0158055437163285,-2.6661618622008643
65.54,0.5499344109543028,0.0271817187492211,-2.6551631739817725
65.56,0.5701970353114311,-0.0047404336783976,-2.643759233275546
65.58,0.4668980980023572,0.0164921228267705,-2.634421271315501
65.6,0.5184656833601332,-0.0150630382112585,-2.6240519576483003
65.62,0.6067451365317035,0.0027461366729801,-2.6119170549176602
65.64,0.567285240186617,-0.0535377808120918,-2.6005713501139303
65.66,0.6094242175871037,-0.0025262844240712,-2.5883828657621906
65.68,0.5176490852502063,0.0136511499330119,-2.578029884057181
65.7,0.4475629196014342,0.003803047661623,-2.569078625665154
65.72,0.4146779126673388,0.0247640450103623,-2.560785067411809
65.74,0.4312954709097529,0.0117971002135777,-2.5521591579936156
65.76,0.6119030277582452,-0.0061402631681558,-2.5399210974384445
65.78,0.6003095423883716,-0.032507042128211,-2.5279149065906794
65.8,0.5105545631147469,-5.5449000721635375e-05,-2.5177038153283866
65.82000000000001,0.5596889144458498,0.0202596028860193,-2.506510037039464
65.84,0.3608139386910963,-0.0116485942750091,-2.4992937582656434
65.86,0.5629531718947556,0.0469705295538408,-2.4880346948277503
65.88,0.589810530942141,-0.0024739623793645,-2.47623848420891
65.9,0.4365231181160684,-0.0067287749347275,-2.467508021846584
65.92,0.611285436992041,-0.0428366024212009,-2.455282313106746
65.94,0.4342606911140664,-0.0075041573166286,-2.446597099284466
65.96000000000001,0.6291655557074413,-0.0020967275475932,-2.434013788170311
65.98,0.5722562736631793,0.0084300772492069,-2.4225686626970497
66.0,0.670502712014837,0.0260148814984649,-2.409158608456756
66.02,0.6690090219718573,-0.0123583835386859,-2.395778428017321
66.04,0.7467839237599329,-0.0172163151807778,-2.380842749542115
66.06,0.522287777762668,0.0264029276980241,-2.370396993986864
66.08,0.6751065287682392,-0.0093968591778991,-2.356894863411502
66.1,0.539125280547519,0.0023878973402883,-2.346112357800554
66.12,0.5846099080576196,-0.00675382108326,-2.3344201596393956
66.14,0.5669322057451038,-0.0084345529738699,-2.3230815155244957
66.16,0.4763672375318233,-0.003970304979812,-2.313554170773861
66.18,0.6067739478490826,0.0273519391457549,-2.301418691816873
66.2,0.7305371043582842,-0.0100266246952483,-2.2868079497297105
66.22,0.5540483848008123,0.0049957237676298,-2.2757269820336963
66.24,0.7206788225041985,-0.0050019283598908,-2.261313405583615
66.26,0.2766638996712629,-0.0444567390495696,-2.255780127590187
66.28,0.7885271023315006,-0.0163995005712771,-2.24000958554356
66.3,0.4560699726566736,0.0135967150724422,-2.230888186090428
66.32000000000001,0.6518031161980239,-0.0084480415238947,-2.217852123766461
66.34,0.7710129567604275,-0.0523236269208557,-2.2024318646312553
66.36,0.4255841905661051,-0.037088828549719,-2.193920180819935
66.38,0.6481652203264243,0.0027195754018944,-2.180956876413409
66.4,0.7674699167688254,-0.0100588614328302,-2.165607478078025
66.42,0.6204139639469347,-0.0005988457376726,-2.1531991987990886
66.44,0.5952865808122169,-0.0563715761811954,-2.1412934671828467
66.46000000000001,0.6138032260068753,-0.0562204084377353,-2.129017402662703
66.48,0.6427443047193302,-0.0516166064464457,-2.116162516568319
66.5,0.6811913197217753,0.014953532802555,-2.102538690173886
66.52,0.6830547520570031,-0.0023955580767481,-2.0888775951327485
66.54,0.542766312916947,-0.0445366059172835,-2.078022268874404
66.56,0.5688402188020494,-0.0404015300799871,-2.066645464498365
66.58,0.7311733679784502,-0.0169885336714867,-2.052021997138799
66.6,0.7981151454983549,-0.0217727063907559,-2.036059694228835
66.62,0.6154029476345355,-0.0552176148847093,-2.023751635276138
66.64,0.5905925382679355,-0.0396362200490283,-2.011939784510782
66.66,0.6864077564450997,-0.0310516529595654,-1.9982116293818828
66.68,0.7510689447473425,-0.0393739484860265,-1.9831902504869283
66.7,0.6541504907346869,-0.041634412536179,-1.970107240672237
66.72,0.65224892390035,-0.0381786884497846,-1.9570622621942326
66.74,0.7477171197135232,-0.0015528661388604,-1.942107919799965
66.76,0.6987246790885968,-0.0219426055175425,-1.928133426218186
66.78,0.7706548022517973,-0.0048844953676598,-1.912720330173153
66.8,0.6547852039947366,0.0176370098166748,-1.899624626093261
66.82000000000001,0.6201493702920484,-0.0325043064965794,-1.8872216386874137
66.84,0.6122672244354681,-0.0652463387049015,-1.8749762941987067
66.86,0.5041517055576168,-0.0548706788917565,-1.8648932600875563
66.88,0.7160428831320171,-0.0468205552551687,-1.8505724024249188
66.9,0.5892211321918689,-0.0214178334752627,-1.8387879797810753
66.92,0.8344081695852561,0.0009903017285599,-1.8220998163893736
66.94,0.5455080771167974,-0.0523003969476878,-1.8111896548470399
66.96000000000001,0.6549633054972877,-0.0070537828500202,-1.7980903887370874
66.98,0.5592174787818851,-0.0733009215972303,-1.786906039161452
67.0,0.6525937820314882,0.0039457218432165,-1.7738541635208247
67.02,0.536204323655781,0.0109035281128844,-1.7631300770477112
67.04,0.5359595367335156,-0.0665074404446592,-1.7524108863130354
67.06,0.6468544398249177,-0.0145203057418547,-1.7394737975165397
67.08,0.7342745618780853,-0.0299879943831311,-1.724788306278981
67.1,0.857207097049612,-0.0440872998951421,-1.7076441643379923
67.12,0.8426627166914236,-0.0590881480610973,-1.6907909100041552
67.14,0.5192956276505496,-0.0862841119323068,-1.6804049974511461
67.16,0.6311072003032586,-0.0657293392613208,-1.6677828534450834
67.18,0.9135689416352129,-0.0905613066169674,-1.6495114746123698
67.2,0.6088922847788469,-0.0268104220040878,-1.6373336289167952
67.22,0.6413355876879864,-0.0429931462057901,-1.624506917163038
67.24,0.611134556032299,0.0044816666093743,-1.6122842260423944
67.26,0.7433401612585562,-0.0655051931134005,-1.5974174228172158
67.28,0.7953934305366077,-0.0087219582941475,-1.5815095542064868
67.3,0.6978912593601339,-0.0456421397497511,-1.5675517290192869
67.32000000000001,0.600319740079763,-0.0182380261102876,-1.5555453342176855
67.34,0.7866533836301235,-0.0576363592750068,-1.5398122665450862
67.36,0.7064266924503388,-0.082364752812435,-1.5256837326960822
67.38,0.5287509147008022,-0.0895881971225585,-1.5151087144020683
67.4,0.5786287778489977,-0.0304308578296619,-1.5035361388450825
67.42,0.8402028053756503,-0.050677251670931,-1.486732082737573
67.44,0.8612838937547129,-0.044042320758291,-1.4695064048624822
67.46000000000001,0.6895251463947438,-0.0565772057611239,-1.4557159019345802
67.48,0.7887001161236766,-0.0696563113051939,-1.4399418996121098
67.5,0.808567348788394,-0.091000665509082,-1.423770552636345
67.52,0.65489055352453,-0.0212564796457031,-1.410672741565857
67.54,0.663403237088203,-0.0029083219462571,-1.3974046768240862
67.56,0.7546339158331216,-0.0849595181291333,-1.3823119985074268
67.58,0.7868940848355291,-0.0674074390056737,-1.3665741168107193
67.6,0.585220994637468,-0.034835639427187,-1.3548696969179723
67.62,0.6700469547437619,-0.0803655205829728,-1.3414687578230902
67.64,0.7920919453591303,-0.0388074466809873,-1.3256269189159107
67.66,0.8878146311529751,-0.0113794950073759,-1.3078706262928548
67.68,0.6753593542867882,-0.0569173298627513,-1.2943634392071122
67.7,0.6191571197229478,-0.0550599515956624,-1.2819802968126557
67.72,0.6471625675345952,-0.0641807738246998,-1.2690370454619664
67.74,0.6587993066957377,-0.0474489381594324,-1.2558610593280541
67.76,0.6959947674859492,-0.064221336042374,-1.241941163978328
67.78,0.5525260506109461,-0.0508788447392209,-1.2308906429661113
67.8,0.8070047136474088,-0.0514816720667478,-1.2147505486931662
67.82000000000001,0.4589330773733574,-0.0861275685560544,-1.2055718871456944
67.84,0.5161642257684613,-0.0687032710080841,-1.1952486026303273
67.86,0.6425153108272161,-0.0195649817804735,-1.1823982964137856
67.88,0.7875565992437067,-0.073568824024905,-1.1666471644289145
67.9,0.6243363855440839,-0.0572285063349225,-1.1541604367180265
67.92,0.7623948378329806,-0.0674981617483971,-1.13891253996137
67.94,0.7274674590799842,-0.0296210160357061,-1.124363190779773
67.96000000000001,0.5163483467116701,-0.0703628757729503,-1.1140362238455344
67.98,0.870409017604984,-0.0944976784102341,-1.0966280434934381
68.0,0.7042941580106772,-0.0616645757645916,-1.0825421603332275
68.02,0.7326210954442813,-0.0478866745294731,-1.0678897384243449
68.04,0.5546045823604379,-0.0702727676196715,-1.0567976467771305
68.06,0.7124876651718326,-0.0615236617577877,-1.0425478934736967
68.08,0.832751429579159,-0.0404390304249211,-1.0258928648821168
68.1,0.6991717408741013,-0.0468990541072998,-1.0119094300646376
68.12,0.6242432621755755,-0.0492148372325545,-0.9994245648211197
68.14,0.7235797211631935,-0.0150033514987539,-0.9849529703978588
68.16,0.7276995544012281,-0.0324089853947946,-0.9703989793098371
68.18,0.839352618643241,-0.081405038700442,-0.9536119269369637
68.2,0.8679510860081319,-0.0994698520781231,-0.9362529052168045
68.22,0.8754718467947711,-0.021341712322752,-0.9187434682809126
68.24,0.7406130401551201,-0.047783135600857,-0.9039312074778131
68.26,0.947972903654408,-0.0557566979384268,-0.8849717494047152
68.28,0.4982222383911899,-0.0664200151163157,-0.8750073046368935
68.3,0.8154586025129951,-0.0927278996160006,-0.8586981325866369
68.32000000000001,0.6996942963535304,-0.0786496267490916,-0.8447042466595591
68.34,0.5278149024942095,-0.1101665290156591,-0.834147948609677
68.36,0.6256153364157437,-0.0736540443712434,-0.8216356418813646
68.38,0.7696355203619997,-0.1032523212275201,-0.8062429314741277
68.4,0.7727616655231537,-0.067850265486132,-0.7907876981636568
68.42,0.6951562649668216,-0.0813304432996819,-0.7768845728643231
68.44,0.7745065676641406,-0.09905868644841,-0.7613944415110434
68.46000000000001,0.679106083874426,-0.1052187979835671,-0.7478123198335479
68.48,0.8270986232261002,-0.1421198776897343,-0.7312703473690292
68.5,0.7843143911132892,-0.0809394168930995,-0.7155840595467665
68.52,0.6152340259815837,-0.1071871017950625,-0.7032793790271373
68.54,0.7697157988781941,-0.0574538273863411,-0.6878850630495655
68.56,0.8485130676636902,-0.0944366715059044,-0.6709148016962951
68.58,0.664535711577144,-0.0586497818068808,-0.6576240874647549
68.60000000000001,0.5806477400791733,-0.0528961949977591,-0.6460111326631655
68.62,0.6947977071520874,-0.0738635301197635,-0.6321151785201264
68.64,0.8285995539825286,-0.0795013415645571,-0.6155431874404792
68.66,0.6978991344904445,-0.0932854009259063,-0.6015852047506731
68.68,0.8344224623269162,-0.1008545880874928,-0.5848967555041262
68.7,0.5648078155670844,-0.0709716311700517,-0.5736005991927868
68.72,0.6384976391140292,-0.0667765869325999,-0.5608306464105088
68.74,0.8070652283100614,-0.0354743044797068,-0.5446893418443108
68.76,0.7887737812967512,-0.0655679844106852,-0.5289138662183678
68.78,0.7235176428982648,-0.0729495883165107,-0.5144435133604054
68.8,0.6785104915104582,-0.1195802335384431,-0.5008733035301989
68.82000000000001,0.8637525758712339,-0.0839713728208802,-0.48359825201276535
68.84,0.7275054770214939,-0.0762904833240638,-0.4690481424723384
68.86,0.948063266381658,-0.0865110665562663,-0.450086877144709
68.88,0.7566020557795324,-0.0953685873128243,-0.4349548360291214
68.9,0.761285782636157,-0.109826185183219,-0.41972912037639043
68.92,0.6987685708990796,-0.124452868341692,-0.4057537489584116
68.94,0.8942207642557991,-0.0912742033280058,-0.3878693336732992
68.96000000000001,0.598161746141574,-0.1171930823385387,-0.37590609875046155
68.98,0.8531766907337541,-0.0870379880384287,-0.35884256493578987
69.0,0.7175540613810963,-0.0879213589731214,-0.3444914837081708
69.02,0.618844526378206,-0.0845751902182817,-0.33211459318060915
69.04,0.7869397462271257,-0.0868094148056875,-0.3163757982560586
69.06,0.6572445956580851,-0.0739863889531457,-0.3032309063428995
69.08,0.9223189868435993,-0.0991762479748255,-0.2847845266060312
69.10000000000001,0.6943266217016382,-0.0759368898074082,-0.27089799417199134
69.12,0.6287587817168295,-0.0905524521889264,-0.25832281853765726
69.14,0.6147804693869083,-0.0947627664520922,-0.24602720914992154
69.16,0.9518445836031388,-0.1129151441833375,-0.22699031747786255
69.18,0.7904741848366487,-0.0765398809348701,-0.21118083378112149
69.2,0.7083065093861061,-0.1090715886207125,-0.19701470359340217
69.22,0.8484051390890834,-0.0737170265681436,-0.18004660081162388
69.24,0.7586534378816951,-0.0985129947282234,-0.164873532053993
69.26,0.7605644546622368,-0.0817702476300956,-0.1496622429607405
69.28,0.884779546573602,-0.0779183164208743,-0.13196665202927196
69.3,0.8556655093855542,-0.0641649507342575,-0.11485334184156429
69.32000000000001,0.5730636041408192,-0.1137347754677347,-0.10339206975874204
69.34,0.773499277422897,-0.1277844882798613,-0.08792208421028719
69.36,0.8729003687220658,-0.0883547643476004,-0.07046407683584935
69.38,0.8063809155686695,-0.1157260579549356,-0.054336458524479166
69.4,0.7864510048918308,-0.1596898757913683,-0.0386074384266345
69.42,0.5167649884070595,-0.0985267248832458,-0.028272138658495365
69.44,0.8981577590330846,-0.1335356047948248,-0.010308983477837246
69.46000000000001,0.6854089833664496,-0.0985189133471712,0.003399196189498759
69.48,0.7707528205796035,-0.0753074293817268,0.01881425260108776
69.5,0.8712171456476802,-0.1116475735206131,0.036238595514037894
69.52,0.8982101310907333,-0.0661997313230437,0.05420279813584899
69.54,0.6753442623159356,-0.1646118662687044,0.0677096833821746
69.56,0.8214491884857883,-0.0828639546673087,0.0841386671518871
69.58,0.7177279894347558,-0.1040706429215051,0.09849322694057935
69.60000000000001,0.7603359275351761,-0.1182714210490425,0.11369994549129066
69.62,0.7799910543239374,-0.1386364649464815,0.12929976657776632
69.64,0.9021229303826452,-0.1049801004036202,0.14734222518541562
69.66,0.7159921282792783,-0.1278374644647213,0.16166206775099834
69.68,0.9648758444147314,-0.0745159026302219,0.18095958463930284
69.7,0.8135980710061619,-0.124103207558739,0.19723154605942284
69.72,0.4901087001144062,-0.1062180901440951,0.207033720061709
69.74,0.7651654393999554,-0.0965374368621943,0.22233702884970508
69.76,0.5646194528646994,-0.1179092115546886,0.23362941790700484
69.78,0.8119551447904645,-0.1393440392256552,0.2498685208028109
69.8,0.7711870099350938,-0.1126742461273918,0.2652922610015097
69.82000000000001,0.7724556254720715,-0.1409561593941318,0.28074137351095907
69.84,1.0381669658546544,-0.1356701148025136,0.301504712828048
69.86,0.7234038032727548,-0.1326912766601133,0.3159727888935002
69.88,0.8215813926139537,-0.1135221617506202,0.33240441674577603
69.9,1.1472958572613634,-0.1069641724412322,0.35535033389101506
69.92,0.9041993763051962,-0.0745520044041901,0.3734343214171154
69.94,0.8058799844630697,-0.1285411863611657,0.3895519211063736
69.96000000000001,0.831378254497522,-0.1074662926554362,0.40617948619633254
69.98,0.7487342279937571,-0.1434088797377386,0.4211541707562047
70.0,0.8719695331656855,-0.1711907632816355,0.43859356141951494
70.02,0.6295505316368528,-0.1255098557065771,0.4511845720522495
70.04,0.7907033642770178,-0.0889487364239196,0.46699863933779795
70.06,0.6841887786428391,-0.1346612662273085,0.480682414910652
70.08,0.8274680207581329,-0.1340516618424352,0.49723177532581136
70.10000000000001,0.9301299173237976,-0.118116081493829,0.5158343736722968
70.12,0.6115752738218625,-0.1137601275158335,0.5280658791487316
70.14,0.7745274009935238,-0.0690493789925158,0.543556427168599
70.16,0.8226455426177647,-0.146921302139493,0.560009338020951
70.18,0.6962129938601694,-0.126581125769209,0.5739335978981615
70.2,0.7914739010723412,-0.105316481611956,0.5897630759196051
70.22,0.8606760855811203,-0.1153360059566581,0.606976597631224
70.24,0.7989863542262599,-0.1568531816908501,0.622956324715746
70.26,0.7107539582568273,-0.1597994192684559,0.6371714038808899
70.28,0.8885000211553395,-0.128233700326519,0.6549414043039932
70.3,0.9617526103053204,-0.1002035872489591,0.6741764565100957
70.32000000000001,0.7885620383343198,-0.1877367827452334,0.6899476972767902
70.34,0.8976393751784016,-0.0913349160564951,0.7079004847803546
70.36,0.806467003814815,-0.1099009150625492,0.7240298248566477
70.38,0.6143970687173583,-0.1432908153401934,0.7363177662309924
70.4,0.866827386935078,-0.0962021995853818,0.7536543139697028
70.42,0.905080989413843,-0.0806091756109797,0.7717559337579761
70.44,0.9181627642964776,-0.1509788763716347,0.790119189043902
70.46000000000001,0.7512552483611488,-0.1445579663736737,0.8051442940111326
70.48,1.088520038750048,-0.1640481773751684,0.8269146947861292
70.5,0.8402108730430571,-0.1090455392911587,0.843718912246987
70.52,0.7651231721806341,-0.145339613955485,0.8590213756905967
70.54,0.6150883750823676,-0.1512003672180363,0.8713231431922503
70.56,0.656843965557553,-0.1631453152211365,0.8844600225033988
70.58,0.6842136603642633,-0.0890601701195199,0.8981442957106813
70.60000000000001,0.6067349572250398,-0.146469608810678,0.9102789948551884
70.62,0.9676865744548698,-0.1418053608716702,0.929632726344282
70.64,0.8502574911911313,-0.1361610711316395,0.9466378761681012
70.66,0.5029521933993419,-0.1255085575531847,0.9566969200360861
70.68,0.7614413808396201,-0.1039008494680507,0.9719257476528863
70.7,0.7900167860159153,-0.1190698713868274,0.9877260833732014
70.72,0.759631470237246,-0.1500566179679376,1.0029187127779433
70.74,1.0852392313322368,-0.1490630812090558,1.0246234974045838
70.76,0.67194590235847,-0.1372630274882744,1.0380624154517601
70.78,0.9532175042741264,-0.1297448793875028,1.057126765537239
70.8,0.7382632757846153,-0.1136856410148657,1.0718920310529283
70.82000000000001,1.021723389430964,-0.1650349978101946,1.092326498841558
70.84,0.3898282932019764,-0.1558219469721714,1.100123064705596
70.86,0.775704771434887,-0.1868096990698104,1.1156371601342907
70.88,0.9938154808185228,-0.1451149842776045,1.1355134697506573
70.9,0.8192020184243388,-0.1779020649122277,1.1518975101191524
70.92,0.6056143650533672,-0.1297911031510337,1.1640097974202173
70.94,0.5319047646522872,-0.1849290245871745,1.1746478927132609
70.96000000000001,0.6483365050206684,-0.1578984348583217,1.1876146228136808
70.98,0.5970832222358087,-0.1300261117931345,1.1995562872583947
71.0,0.5774579325390727,-0.1549252981367336,1.211105445909174
71.02,0.9466377133418268,-0.1344514240678749,1.2300382001760066
71.04,0.7391394336439885,-0.1398793431005764,1.244820988848894
71.06,0.6276323923316185,-0.1483524405370852,1.2573736366955237
71.08,0.6004935286195454,-0.1679897252858636,1.2693835072679123
71.10000000000001,0.570149573185978,-0.1363567503980114,1.2807864987316377
71.12,0.8022365608442649,-0.1767023703545341,1.2968312299485198
71.14,0.7688824167127681,-0.1157308131935028,1.312208878282772
71.16,0.6369059484020219,-0.1743770894757913,1.32494699725081
71.18,0.9366200372754032,-0.1547201297700342,1.3436793979963277
71.2,0.6227914244841977,-0.1463841262038213,1.3561352264860091
71.22,0.6532461867952334,-0.1452498515469012,1.369200150221911
71.24,0.7552650564204423,-0.1622057305771123,1.384305451350317
71.26,0.5991615923762974,-0.1416269614005523,1.3962886831978492
71.28,0.7793759567188459,-0.1420189755398988,1.4118762023322229
71.3,0.5551755508927503,-0.1991483817291958,1.4229797133500757
71.32000000000001,0.6237552352149865,-0.1593371997187042,1.4354548180543818
71.34,0.9156214049779589,-0.1652371350417392,1.4537672461539373
71.36,0.743255232376942,-0.1213583721645682,1.4686323508014731
71.38,0.7720155521162257,-0.1205319466424618,1.4840726618437945
71.4,0.6576347262347619,-0.1420051861990055,1.4972253563684965
71.42,0.8203766686919749,-0.1309842344140402,1.5136328897423328
71.44,0.7043360605737324,-0.1333619586410814,1.5277196109538047
71.46000000000001,0.593744982467505,-0.118574593634877,1.5395945106031608
71.48,0.9003592399270504,-0.1332192990052599,1.5576016954016982
71.5,0.7533121244999639,-0.1241074098372359,1.5726679378916946
71.52,0.8492333534064468,-0.1826068178015647,1.58965260495982
71.54,0.6870686443049489,-0.133388823169343,1.603393977845926
71.56,0.6078401953412542,-0.1811254162905571,1.6155507817527488
71.58,0.7668746483700094,-0.1313776558663411,1.6308882747201459
71.60000000000001,0.7688285706032943,-0.1507446352736903,1.6462648461322196
71.62,0.7698910587106793,-0.1084011464048532,1.66166266730643
71.64,0.7905068923423784,-0.1658049733454617,1.6774728051532746
71.66,0.6218134772227639,-0.1344279217854196,1.6899090746977274
71.68,0.9373678867145978,-0.1317344720434092,1.708656432432029
71.7,0.7874483625173473,-0.1571909066152362,1.724405399682373
71.72,0.8088926357352888,-0.1542524291914523,1.7405832523970755
71.74,0.476038051517048,-0.1931688316862983,1.7501040134274146
71.76,0.5101413964120939,-0.1646805693050368,1.7603068413556617
71.78,0.5748311174741128,-0.1471819743764283,1.7718034637051416
71.8,0.4980333515936378,-0.1920130822865283,1.7817641307370125
71.82000000000001,0.6605330977850773,-0.1951321758385459,1.7949747926927209
71.84,0.7437873075041612,-0.1329221175373659,1.8098505388428012
71.86,0.7264788603378746,-0.1248849919678191,1.8243801160495559
71.88,0.7790356030758269,-0.1468820711662946,1.8399608281110693
71.9,0.9955014039848477,-0.1914785734166542,1.8598708561907764
71.92,0.5416186620900763,-0.2041958392548743,1.8707032294325758
71.94,0.585306974292411,-0.1549016197640418,1.8824093689184218
71.96000000000001,0.8171904139045645,-0.1427192705869052,1.8987531771965214
71.98,0.6141090512477922,-0.19712807047649,1.9110353582214747
72.0,0.5213124916388626,-0.1497898193291431,1.92146160805425
72.02,0.5778037108247077,-0.1697849964684195,1.9330176822707419
72.04,0.7090346648277727,-0.1633426991248176,1.9471983755673046
72.06,0.6884183500913971,-0.1286805489754332,1.9609667425691297
72.08,0.6794922572893842,-0.1629279817895202,1.9745565877149147
72.10000000000001,0.7175097083411379,-0.1766081122867602,1.9889067818817447
72.12,0.7263196635372502,-0.1646002620551621,2.003433175152487
72.14,0.5270572300742159,-0.1180288818489617,2.0139743197539692
72.16,0.5946256230619983,-0.1484606651159372,2.0258668322152067
72.18,0.7575331808149592,-0.174180350340112,2.0410174958315137
72.2,0.715913101740707,-0.1878163669864413,2.055335757866325
72.22,0.5112112771182928,-0.1943454139613013,2.065559983408689
72.24,0.6497398221030392,-0.16387227974021,2.078554779850747
72.26,0.6887026551371359,-0.1676566308808396,2.092328832953497
72.28,0.5049118116877938,-0.1648332661415652,2.102427069187251
72.3,0.3106352328835193,-0.1697277060566623,2.1086397738449203
72.32000000000001,0.542600862226477,-0.1733961921462652,2.1194917910894553
72.34,0.7823194584760123,-0.2124117322535902,2.1351381802589726
72.36,0.490229032098622,-0.1832167163505669,2.144942760900943
72.38,0.6792427715411767,-0.1509681017374377,2.1585276163317637
72.4,0.5041664262877752,-0.1889222235624007,2.1686109448575244
72.42,0.5891235729853115,-0.1673275857671127,2.1803934163172283
72.44,0.8992465806009349,-0.184704026500658,2.1983783479292436
72.46000000000001,0.7142132517954168,-0.1418484120558208,2.2126626129651594
72.48,0.865813854519201,-0.2110542232444244,2.22997889005554
72.5,0.3358390888066018,-0.1852285073739189,2.236695671831671
72.52,0.6436731969749346,-0.1506337582377192,2.249569135771167
72.54,0.7407044998465571,-0.1442016249870643,2.2643832257681056
72.56,0.6854450282991996,-0.1741607149867494,2.2780921263340868
72.58,0.6472684538182292,-0.1578851607977291,2.291037495410449
72.60000000000001,0.5312405914195382,-0.1539746210450865,2.301662307238845
72.62,0.8019375539504396,-0.160951731200396,2.3177010583178506
72.64,0.5707558453945394,-0.1777974835368065,2.329116175225739
72.66,0.8337512987127029,-0.1697237629689325,2.3457912011999897
72.68,0.6426179470736457,-0.1780968890209952,2.358643560141469
72.7,0.7727388198144883,-0.1670796986099163,2.374098336537756
72.72,0.4944630495970106,-0.2007210674768193,2.383987597529694
72.74,0.6370704068101959,-0.1944877540890744,2.3967290056658954
72.76,0.7247655116051026,-0.1610477913697499,2.411224315898005
72.78,0.5179205555503738,-0.1983139996741215,2.4215827270090102
72.8,0.4842069008955357,-0.2333552684213478,2.431266865026919
72.82000000000001,0.5458859245522727,-0.1466554321503799,2.44218458351797
72.84,0.5493240450705179,-0.1569857038262595,2.453171064419378
72.86,0.8301624097010034,-0.181182174266687,2.469774312613395
72.88,0.3467427451280342,-0.1552960190364256,2.476709167515954
72.9,0.5305326629056967,-0.2134559166453692,2.4873198207740734
72.92,0.7976412197618539,-0.1780494843188373,2.5032726451693073
72.94,0.5846465586023225,-0.1917722771740264,2.514965576341351
72.96000000000001,0.7734457894934578,-0.1984550963546193,2.5304344921312283
72.98,0.6007725598959556,-0.198466150217772,2.542449943329145
73.0,0.5448829874651953,-0.1647711055693411,2.5533476030784468
73.02,0.8130999078323925,-0.1819604159912376,2.5696096012350913
73.04,0.6718684541255351,-0.2131217133357436,2.583046970317609
73.06,0.5857857692669299,-0.1770875479880592,2.5947626857029453
73.08,0.4480602618379462,-0.1765227551601989,2.6037238909397025
73.10000000000001,0.5605858719462192,-0.209003148724124,2.6149356083786324
73.12,0.4989077841543051,-0.1848243017226623,2.6249137640617164
73.14,0.4576849842832931,-0.2096083397178575,2.6340674637473804
73.16,0.7136982152249184,-0.184881420700156,2.648341428051876
73.18,0.4485887264753389,-0.222871350004668,2.6573132025813875
73.2,0.4228118610479808,-0.182373534068892,2.6657694398023453
73.22,0.7171700507810251,-0.2249033579029185,2.680112840817963
73.24,0.5692719077503232,-0.1565584441862457,2.691498278972967
73.26,0.3345680751215535,-0.2301587351879689,2.6981896404754018
73.28,0.625373999747718,-0.1989614677491452,2.710697120470354
73.3,0.454727538117223,-0.211269818042562,2.7197916712326964
73.32000000000001,0.5567386892994097,-0.1996014388055197,2.73092644501869
73.34,0.624991244422706,-0.183522891121887,2.743426269907142
73.36,0.7882927056532677,-0.1656227746153678,2.759192124020204
73.38,0.6387403446849803,-0.1596287755930638,2.771966930913901
73.4,0.4191315690051426,-0.1769010300342945,2.780349562294008
73.42,0.7164853993457821,-0.2091523708899648,2.7946792702809207
73.44,0.4831885339557378,-0.2252307721410114,2.8043430409600334
73.46000000000001,0.4270419877634448,-0.1627244783298426,2.8128838807153067
73.48,0.6186631086136155,-0.140697918699117,2.8252571428875766
73.5,0.596685953713996,-0.2622982375858189,2.837190861961854
73.52,0.3788360157211881,-0.2141949344220793,2.844767582276276
73.54,0.6407658380351829,-0.1737206262864592,2.8575828990369865
73.56,0.5254331634856103,-0.2282169903920372,2.8680915623066965
73.58,0.7640274864007401,-0.1978115169713318,2.8833721120347082
73.60000000000001,0.3654242846180752,-0.2318071822018197,2.8906805977270733
73.62,0.4639242004317048,-0.17498083255525,2.8999590817357057
73.64,0.6737372605497713,-0.2033691723996969,2.9134338269466986
73.66,0.551258634815458,-0.1462813343230182,2.9244589996430057
73.68,0.4952257648319065,-0.1954124261357975,2.934363514939649
73.7,0.5832022052709873,-0.1957498968512747,2.946027559045066
73.72,0.208400417463328,-0.1848208186148549,2.950195567394332
73.74,0.5541840047493605,-0.1856637739998031,2.961279247489317
73.76,0.4664908123192303,-0.2293327848143477,2.970609063735706
73.78,0.3063589467011322,-0.2248996491991896,2.9767362426697277
73.8,0.587158783449967,-0.201627596051813,2.988479418338725
73.82000000000001,0.4691135607527484,-0.1974847996681556,2.9978616895537846
73.84,0.660108858086604,-0.2550884437519649,3.011063866715514
73.86,0.5693880629220939,-0.1855703477205809,3.0224516279739535
73.88,0.5139851331097768,-0.1815495341899689,3.032731330636147
73.9,0.509628353475999,-0.199373925495358,3.042923897705672
73.92,0.6280577923551602,-0.1959641989005141,3.055485053552773
73.94,0.2936405495077768,-0.2136869912673437,3.061357864542927
73.96000000000001,0.6821415471263396,-0.2096182651488053,3.075000695485461
73.98,0.5780263715995997,-0.2344765150024258,3.086561222917451
74.0,0.6991898133694878,-0.2158790036078501,3.1005450191848376
74.02,0.4508554311533263,-0.2133486618522376,3.1095621278079024
74.04,0.4428073709716401,-0.1754413485047289,3.1184182752273397
74.06,0.372477701658676,-0.2120815900333177,3.1258678292605118
74.08,0.5820442372578176,-0.2096226393133011,3.1375087140056657
74.10000000000001,0.3886445563087943,-0.173093217111876,3.1452816051318457
74.12,0.5688135379847885,-0.2186901984947738,3.1566578758915393
74.14,0.5195170904286371,-0.2202244049456076,3.16704821770011
74.16,0.4414800007278784,-0.1959367548469441,3.1758778177146656
74.18,0.4655830760859334,-0.1772295345163697,3.185189479236389
74.2,0.5718863779365496,-0.1798969637965857,3.196627206795118
74.22,0.4491275174185432,-0.2141365453649022,3.205609757143487
74.24,0.5419988873826626,-0.2237093422775966,3.216449734891138
74.26,0.2105377615117694,-0.2270227795771335,3.2206604901213756
74.28,0.3344084182857935,-0.2081311770402396,3.2273486584870903
74.3,0.3903153587244956,-0.1969516976396492,3.235154965661579
74.32000000000001,0.5771454327997465,-0.1406373118968997,3.24669787431758
74.34,0.3870329466706778,-0.206033416952181,3.2544385332509917
74.36,0.5244077156347492,-0.2100718566523591,3.2649266875636846
74.38,0.3860620221475628,-0.226907990996826,3.2726479280066343
74.4,0.320377796498849,-0.1805435118172211,3.2790554839366144
74.42,0.4110370479301224,-0.2274135449847269,3.287276224895215
74.44,0.4138060904144848,-0.1843292067860954,3.295552346703503
74.46000000000001,0.5232737103125978,-0.2309885890307716,3.3060178209097604
74.48,0.5322492172363007,-0.2185106745494514,3.3166628052544844
74.5,0.5445349695450944,-0.1847964209687861,3.327553504645384
74.52,0.6009648637446229,-0.1991906783080695,3.339572801920274
74.54,0.4470919354558613,-0.1971601231126292,3.348514640629396
74.56,0.2601011535434575,-0.2394194162585989,3.353716663700264
74.58,0.2900415398036302,-0.2137353939430108,3.3595174944963353
74.60000000000001,0.3858407677887552,-0.1902721725084678,3.3672343098521145
74.62,0.5722028165483971,-0.2134673305070767,3.37867836618308
74.64,0.3052482756901292,-0.2215749811825053,3.3847833316968816
74.66,0.2792628392576542,-0.1936303804254746,3.3903685884820334
74.68,0.461568686076203,-0.2126172877878959,3.399599962203562
74.7,0.3446679664371538,-0.1726982637407943,3.4064933215323037
74.72,0.5345552186040597,-0.1913116541819811,3.4171844259043826
74.74,0.3501759681440932,-0.234480443624702,3.424187945267263
74.76,0.3803242575349436,-0.2078447432282008,3.4317944304179657
74.78,0.3936276040942286,-0.1723805098009581,3.439666982499849
74.8,0.3775443558124384,-0.2418688882073692,3.447217869616096
74.82000000000001,0.3096928881094922,-0.2222659694826599,3.453411727378289
74.84,0.2786922377531087,-0.2085570170341666,3.4589855721333502
74.86,0.4539015097790921,-0.2311928673177398,3.46806360232893
74.88,0.3537993311536224,-0.2346068185949633,3.4751395889520014
74.9,0.3752771058604849,-0.2247258142021992,3.482645131069215
74.92,0.2172469122378619,-0.243646328579644,3.486990069313971
74.94,0.3751074889320533,-0.1696747075782154,3.4944922190926104
74.96000000000001,0.4286649744219596,-0.2199184833056778,3.503065518581054
74.98,0.4570516671360111,-0.2279186167445234,3.5122065519237724
75.0,0.6015620507296937,-0.1878044457086386,3.5242377929383637
75.02,0.3226656372856907,-0.2006046808684534,3.530691105684076
75.04,0.363145426608616,-0.2076658201449069,3.537954014216252
75.06,0.2299799611269748,-0.222488130974681,3.5425536134387907
75.08,0.179514434248327,-0.2555632392300681,3.5461439021237564
75.10000000000001,0.4690921983009268,-0.2339807977031442,3.5555257460897796
75.12,0.1923449041915656,-0.1992665323309196,3.55937264417361
75.14,0.3860311597749178,-0.2360241472200202,3.567093267369107
75.16,0.4470366742016415,-0.2190430144010905,3.5760340008531384
75.18,0.5631433558209102,-0.2262958577397237,3.5872968679695623
75.2,0.4537943281561099,-0.240276448536779,3.5963727545326827
75.22,0.4751916193280622,-0.2270950068787733,3.605876586919242
75.24,0.4317880860187494,-0.1953737237784536,3.6145123486396153
75.26,0.4754528617494117,-0.2246344723563744,3.6240214058746085
75.28,0.2593062643644833,-0.1891519530248407,3.629207531161897
75.3,0.6033011901415225,-0.1758458356317737,3.6412735549647253
75.32000000000001,0.2669351754805433,-0.2426300190502892,3.646612258474339
75.34,0.2587470611002162,-0.217289797309201,3.6517871996963422
75.36,0.4943244965142762,-0.1969514781371908,3.661673689626626
75.38,0.6119478188916849,-0.2273201737191908,3.673912646004457
75.4,0.4322048011823716,-0.1989027342110071,3.682556742028109
75.42,0.4280667580291733,-0.2117506941997641,3.691118077188691
75.44,0.2496305036653197,-0.2411951532327263,3.696110687261996
75.46000000000001,0.2851390073517357,-0.2098148256297196,3.7018134674090337
75.48,0.1962610244441143,-0.1944185312291464,3.7057386878979153
75.5,0.22077799080199,-0.2242215235962042,3.7101542477139544
75.52,0.5223556047149045,-0.2501284780118259,3.7206013598082506
75.54,0.1421518335935692,-0.1983071222437399,3.7234443964801236
75.56,0.4139738495516829,-0.1925160824957718,3.7317238734711555
75.58,0.4461837438275666,-0.2301838703390936,3.740647548347705
75.60000000000001,0.279317783137151,-0.2276940860271805,3.746233904010451
75.62,0.3236670465486565,-0.2031072509068971,3.7527072449414227
75.64,-0.1357047252498487,-0.2063243186284758,3.7499931504364263
75.66,0.3158748784642147,-0.1746784210859983,3.7563106480057096
75.68,0.1802104292645214,-0.2336008279474488,3.759914856591002
75.7,0.0155196352431691,-0.2333469339150964,3.760225249295865
75.72,0.3380582503695457,-0.2002571024073045,3.7669864143032545
75.74,0.1744591597909013,-0.1929668631126048,3.770475597499072
75.76,0.260442138916148,-0.2122859284238598,3.7756844402773972
75.78,0.267287900254446,-0.2203300844647545,3.781030198282485
75.8,0.3522894457527772,-0.1915969672808357,3.7880759871975394
75.82000000000001,0.2417548821778243,-0.2064024743692212,3.7929110848410983
75.84,0.2269488182528361,-0.2037974470947626,3.797450061206154
75.86,0.2079729471545872,-0.2302288202225522,3.801609520149245
75.88,0.2354548267823002,-0.2126252006538506,3.80631861668489
75.9,0.3698831173644335,-0.186830295935868,3.8137162790321826
75.92,0.3599697950144817,-0.1938854379689719,3.8209156749324706
75.94,0.196199065944627,-0.231999156960752,3.8248396562513625
75.96000000000001,0.2460584687158545,-0.2371883324798082,3.829760825625682
75.98,0.2197235241628951,-0.2576793640673033,3.8341552961089387
76.0,0.1072671033821226,-0.2233789890016727,3.8363006381765805
76.02,0.5004199133209379,-0.1971908777532102,3.8463090364429973
76.04,0.1505209663284359,-0.2604322065903837,3.8493194557695674
76.06,0.3122403614752855,-0.2322516927245653,3.8555642629990716
76.08,0.2458562114909944,-0.2447488210693807,3.8604813872288903
76.10000000000001,0.3552927925505875,-0.2084617579543087,3.867587243079906
76.12,-0.0536130898109654,-0.2469932938407739,3.8665149812836868
76.14,0.3165557243022125,-0.2210682520694414,3.87284609576973
76.16,0.2932530866537658,-0.2422699189697115,3.878711157502804
76.18,-0.0930771777038313,-0.1849270726935467,3.8768496139487265
76.2,0.2542342908759978,-0.2196648830151823,3.8819342997662454
76.22,0.2953602396472979,-0.2523602398457126,3.8878415045591903
76.24,0.0719608451670046,-0.2295246371170343,3.88928072146253
76.26,0.1507870533398263,-0.2008557756652869,3.892296462529328
76.28,0.1831638791247673,-0.1849384363874242,3.895959740111823
76.3,0.1104462075834053,-0.1813742160768754,3.8981686642634905
76.32000000000001,0.1631507750157625,-0.2251035084891323,3.9014316797638076
76.34,0.4198995150362943,-0.2092664530182267,3.9098296700645316
76.36,0.2730811490519646,-0.1864937099284889,3.91529129304557
76.38,0.2289541378863623,-0.2152471151834802,3.919870375803296
76.4,0.3007977468610779,-0.1784422063555152,3.9258863307405205
76.42,0.0955363126604672,-0.1706394316600893,3.9277970569937293
76.44,0.015501812031007,-0.2242146830770002,3.9281070932343494
76.46000000000001,0.143807207842262,-0.2008385517240568,3.930983237391196
76.48,0.2077131605825132,-0.2313875047671249,3.9351375006028455
76.5,0.2140780080019989,-0.1885908032387144,3.9394190607628845
76.52,0.1245641738431694,-0.1990581098536354,3.9419103442397474
76.54,-0.0395179098338421,-0.2273055210799885,3.9411199860430703
76.56,0.2231384338322833,-0.2173925663397694,3.945582754719715
76.58,0.0646586979663976,-0.1858359218195218,3.946875928679043
76.60000000000001,0.0801772415110456,-0.2333973853748493,3.9484794735092645
76.62,0.2643177250895258,-0.1704034375964452,3.953765828011054
76.64,0.1620572897265379,-0.2306830859032116,3.9570069738055844
76.66,0.3562797536102393,-0.2278952105320905,3.9641325688777878
76.68,0.1428979618791357,-0.1928366379574251,3.966990528115372
76.7,0.1460008241879066,-0.2287562034606378,3.9699105445991294
76.72,0.1223724135727412,-0.2001598037353186,3.9723579928705837
76.74,0.1554725415358007,-0.1964258734511128,3.975467443701299
76.76,0.1088317344501214,-0.2247299708854409,3.9776440783903024
76.78,0.1369372369934661,-0.211321498558271,3.980382823130171
76.8,0.0986770738636162,-0.2302366454004475,3.982356364607443
76.82000000000001,0.1967856080956511,-0.1941656837610932,3.986292076769358
76.84,0.2334089739576884,-0.2355049766721905,3.990960256248511
76.86,0.0848656457479318,-0.2127037350154278,3.9926575691634696
76.88,0.0887063503509377,-0.1861489559935982,3.994431696170488
76.9,0.1975494526389166,-0.2121320359687626,3.9983826852232682
76.92,0.330185894747144,-0.2420025640739909,4.00498640311821
76.94,0.0413033235138237,-0.1944238663383408,4.005812469588486
76.96000000000001,0.1066304414638358,-0.2532051621272996,4.007945078417764
76.98,0.1629109654654856,-0.206800248382774,4.011203297727073
77.0,0.4232410953797824,-0.2273920856980509,4.019668119634667
77.02,0.0060307053839388,-0.2013380153359967,4.019788733742345
77.04,0.3640853700633789,-0.1946021202077232,4.027070441143617
77.06,0.2360679116832567,-0.1784662027378432,4.031791799377281
77.08,0.1483177137166903,-0.2102454823359263,4.034758153651614
77.10000000000001,-0.1060021727266602,-0.1781979291418075,4.03263811019708
77.12,0.0147205801870114,-0.2028129040867208,4.03293252180082
77.14,0.0773824268874413,-0.1926430341416135,4.034480170338568
77.16,0.2199214009790572,-0.2500735951595979,4.038878598358148
77.18,0.0630752313803893,-0.2109301177509849,4.040140102985757
77.2,0.1714206213352876,-0.1721467336050708,4.043568515412462
77.22,0.1198267907006638,-0.2131645657773597,4.045965051226474
77.24,0.0335921567448709,-0.2339989451822936,4.046636894361372
77.26,0.1392385276407983,-0.2132596337465858,4.049421664914189
77.28,0.1527689011659612,-0.2174507385350267,4.052477042937507
77.3,-0.0156478875686901,-0.2209674303739583,4.052164085186134
77.32000000000001,0.0964777292475523,-0.2320914496367099,4.054093639771086
77.34,0.314706284019773,-0.2270697795833042,4.06038776545148
77.36,0.2002514096112447,-0.2326489376232303,4.064392793643704
77.38,0.3056026190956925,-0.2491740386203621,4.070504846025617
77.4,0.0841952396878403,-0.2114587242937539,4.072188750819375
77.42,0.0093551033463378,-0.1849675778135511,4.072375852886302
77.44,-0.0328061441199567,-0.2526274884556537,4.071719730003903
77.46000000000001,-0.0020367949554294,-0.2467190377685644,4.071678994104794
77.48,0.3754924123047783,-0.235919516159596,4.079188842350889
77.5,-0.0938493106661799,-0.2281527508356276,4.077311856137565
77.52,-0.0979251586038275,-0.2321558744853301,4.075353352965489
77.54,-0.1558160242196088,-0.2117202406693584,4.072237032481095
77.56,0.0520257398036552,-0.2311197779736428,4.073277547277168
77.58,0.0483486275933524,-0.2045243918577294,4.074244519829034
77.60000000000001,0.0237489876579828,-0.2307427396674168,4.074719499582194
77.62,0.0880102086413273,-0.298754228276632,4.0764797037550204
77.64,0.048236031628777,-0.1854224874303496,4.077444424387596
77.66,-0.1032991063253487,-0.205503615648826,4.07537844226109
77.68,0.0114784095904412,-0.3025729651379664,4.075608010452899
77.7,0.1985130194508341,-0.2241976785679187,4.079578270841915
77.72,-0.0550830488826565,-0.2023475218386737,4.0784766098642615
77.74,0.126525011039327,-0.2223173916243745,4.081007110085047
77.76,-0.0071552023991677,-0.1948650008789038,4.080864006037064
77.78,0.1153225915969388,-0.2126511766344952,4.083170457869002
77.8,0.0431586333808865,-0.2773587185348497,4.08403363053662
77.82000000000001,-0.0238101582311077,-0.2795589411944428,4.083557427371997
77.84,-0.0179068864088039,-0.1904286788012042,4.083199289643821
77.86,0.0470918676365266,-0.1745142345775579,4.084141126996552
77.88,0.0564040259674314,-0.2345919563576614,4.0852692075159
77.9,0.1439889332119656,-0.2069213429291268,4.0881489861801406
77.92,-0.1896147359588985,-0.2157641876431138,4.084356691460964
77.94,0.0076104895095586,-0.223401166626248,4.084508901251155
77.96000000000001,0.0020160807388118,-0.2352209293953187,4.084549222865931
77.98,0.012667613831595,-0.2122332983128704,4.084802575142563
78.0,-0.119813243932659,-0.2365319304511402,4.08240631026391
78.02,-0.1195716671338132,-0.2207459666369572,4.0800148769212345
78.04,0.0548810665473818,-0.2433392400436664,4.081112498252183
78.06,0.0219362129284829,-0.260971579222231,4.081551222510752
78.08,0.1138022657435507,-0.2144168866245051,4.083827267825622
78.10000000000001,-0.3044694928953703,-0.2218710692952056,4.077737877967712
78.12,0.1387629946316595,-0.2039735133212261,4.080513137860344
78.14,0.0033513100353344,-0.2106796019184943,4.080580164061051
78.16,0.0629633616203281,-0.2125536805208961,4.081839431293457
78.18,0.1310061993671013,-0.227372426237746,4.084459555280801
78.2,0.0945983371214589,-0.2233535537292195,4.08635152202323
78.22,-0.0524228118151721,-0.2027261736389795,4.085303065786927
78.24,-0.0606330256001791,-0.2363836716517586,4.084090405274924
78.26,0.023613714942651,-0.2007772055497997,4.084562679573777
78.28,-0.0001006153584421,-0.2083445873309074,4.084560667266608
78.3,0.1050763665787783,-0.2259540878214406,4.086662194598183
78.32000000000001,-0.3313010920548752,-0.2280420244785325,4.080036172757082
78.34,-0.0079665915742627,-0.2158471915658785,4.079876840925597
78.36,0.1619043946503572,-0.2291852163197302,4.0831149288186035
78.38,0.0579936814638335,-0.2005680996168724,4.08427480244788
78.4,-0.0100621038928495,-0.1953858179346982,4.084073560370023
78.42,0.0849937587843555,-0.2022517966468323,4.08577343554571
78.44,-0.180134314130974,-0.2008210409355345,4.082170749263091
78.46000000000001,-0.0393313273168244,-0.2522984313012947,4.081384122716754
78.48,0.0249776165213095,-0.1763741558329941,4.08188367504718
78.5,0.104471132535759,-0.1815305013494428,4.083973097697895
78.52,-0.0727758770462347,-0.2079355841654682,4.082517580156971
78.54,-0.0939557414240529,-0.221000364150168,4.080638465328489
78.56,-0.0997630508203176,-0.2435699155264363,4.078643204312083
78.58,-0.0489328458524979,-0.2137202359965875,4.077664547395034
78.60000000000001,-0.1774869693537135,-0.2123895641795562,4.074114808007957
78.62,-0.0062043839077039,-0.2056463344637319,4.073990720329803
78.64,0.025541627987465,-0.2060290884032783,4.0745015528895525
78.66,0.085954829695952,-0.2451829833766607,4.076220649483472
78.68,0.1206713774384073,-0.2006307446100518,4.078634077032241
78.7,-0.218399823682822,-0.2294022200287623,4.074266080558585
78.72,0.0309522304825985,-0.2110902920401925,4.074885125168237
78.74,-0.1863498320985778,-0.2233266552089978,4.071158128526266
78.76,-0.17340016409432,-0.2243827016288762,4.067690125244377
78.78,0.0011795885371614,-0.2305684682460775,4.0677137170151205
78.8,-0.1004695259157105,-0.2172106222942828,4.065704326496807
78.82000000000001,0.0952452523436497,-0.231555661641818,4.06760923154368
78.84,-0.1209628705223789,-0.201915436465571,4.065189974133233
78.86,0.0372630635543968,-0.1740465307417632,4.065935235404321
78.88,-0.0234939333628921,-0.189423350377412,4.065465356737063
78.9,0.0847945659087823,-0.1925398571447004,4.067161248055239
78.92,-0.061424307196054,-0.2274053453020699,4.065932761911318
78.94,-0.0702422558612383,-0.20670236923921,4.064527916794094
78.96000000000001,-0.2063205393368007,-0.1868167495556362,4.060401506007356
78.98,-0.1513703191277315,-0.203945199943511,4.057374099624802
79.0,-0.1290538328005758,-0.2052805610340636,4.054793022968791
79.02,-0.2963062250892559,-0.2044546217682445,4.048866898467008
79.04,-0.1415431165093943,-0.2092399775987993,4.046036036136819
79.06,-0.202903752391353,-0.2308601991296769,4.0419779610889925
79.08,-0.1107140124342032,-0.2293691375761576,4.039763680840309
79.10000000000001,-0.1409334392758582,-0.1659139919898185,4.03694501205479
79.12,0.1458918601679632,-0.2125321444996041,4.0398628492581485
79.14,-0.2413469421308304,-0.2216319552948736,4.035035910415533
79.16,-0.2770299639447276,-0.2426475299599939,4.02949531113664
79.18,-0.3014696157159102,-0.1812659047888227,4.0234659188223185
79.2,-0.1396102767636785,-0.1990093745837285,4.020673713287046
79.22,-0.033347285603863,-0.2025527910690558,4.020006767574968
79.24,-0.0717352801585026,-0.2141477845756179,4.018572061971799
79.26,-0.0769249976807894,-0.2234434976639131,4.017033562018183
79.28,0.1761573300012232,-0.2017625036806198,4.020556708618207
79.3,0.0640175996198915,-0.2585107391784143,4.021837060610604
79.32000000000001,0.0741253184171972,-0.2103017474860166,4.023319566978949
79.34,-0.098363532447128,-0.200277275027284,4.021352296330007
79.36,-0.0820491471145929,-0.2227261322848227,4.019711313387716
79.38,0.0576758306069155,-0.2240024840749218,4.020864829999854
79.4,-0.1882379732803741,-0.2322362713171566,4.017100070534244
79.42,-0.079085733296074,-0.2091703221497008,4.015518355868323
79.44,-0.3715445090467127,-0.1983776590418518,4.008087465687391
79.46000000000001,-0.3275512132128658,-0.1753196347280952,4.00153644142313
79.48,-0.1786162816451348,-0.1732798045350174,3.9979641157902277
79.5,-0.0252754376497043,-0.1829003348898923,3.9974586070372338
79.52,-0.2958870954978985,-0.2025113416944317,3.991540865127277
79.54,-0.059239894340597,-0.2233328254639447,3.9903560672404645
79.56,-0.084626029541268,-0.1917429542921812,3.9886635466496396
79.58,-0.2581935585241001,-0.2046650576829278,3.9834996754791585
79.60000000000001,-0.1544564555480147,-0.1890221226387734,3.9804105463681965
79.62,0.0014872306124376,-0.1581869541902874,3.9804402909804453
79.64,0.06757420310899,-0.2000324398449908,3.9817917750426246
79.66,-0.0844355929995105,-0.2308467231256502,3.980103063182635
79.68,-0.0502980325952836,-0.2407110078338385,3.9790971025307287
79.7,-0.3909954481872589,-0.1732009952802229,3.9712771935669853
79.72,-0.163377423356121,-0.1849503995911221,3.9680096450998636
79.74,-0.2328819345624073,-0.240828618019929,3.9633520064086163
79.76,-0.1332618491452724,-0.2028229382335018,3.9606867694257093
79.78,-0.058970304681964,-0.2399565752791082,3.95950736333207
79.8,-0.2957564075890206,-0.2187481884040022,3.953592235180291
79.82000000000001,-0.053688631548855,-0.1921252682471296,3.952518462549313
79.84,-0.2896104368863297,-0.197030407399528,3.9467262538115877
79.86,-0.408971005655832,-0.1687004919881793,3.9385468336984726
79.88,-0.0605009137633077,-0.2372775306110819,3.9373368154232065
79.9,0.0174521770195305,-0.2585591017424327,3.9376858589635972
79.92,-0.0103789413197644,-0.1592859779233171,3.937478280137202
79.94,-0.2402855494640923,-0.1964219981848806,3.932672569147921
79.96000000000001,-0.1135679259833709,-0.1939289806310025,3.9304012106282524
79.98,-0.346381347756569,-0.1946544991190113,3.9234735836731223
80.0,-0.1614664218595221,-0.2250506508799609,3.9202442552359327
80.02,-0.0073650422198768,-0.2490785212838412,3.920096954391535
80.04,0.0608848782889475,-0.2143074404380854,3.9213146519573145
80.06,-0.3400952837016623,-0.2291994715741463,3.9145127462832825
80.08,-0.2028228108757704,-0.2416787920886197,3.910456290065768
80.10000000000001,-0.1661715872576597,-0.2039967347792706,3.907132858320613
80.12,-0.1402603147058464,-0.2219094104408334,3.9043276520264967
80.14,-0.0804014920401213,-0.1685336990438809,3.9027196221856943
80.16,-0.2854260846605722,-0.1704300343086235,3.897011100492484
80.18,-0.1545637452493006,-0.1803432298683968,3.8939198255874965
80.2,-0.3077354378452772,-0.2086045672468516,3.8877651168305922
80.22,0.0613913014407363,-0.1661727850855739,3.8889929428594066
80.24,-0.4090078299940246,-0.2442160855725807,3.880812786259528
80.26,-0.4502986174633263,-0.1567128608124874,3.871806813910257
80.28,-0.357811003930614,-0.1882938053342908,3.8646505938316458
80.3,-0.2588910852477906,-0.1987023792322271,3.859472772126691
80.32000000000001,-0.181299002601648,-0.1908903787549493,3.855846792074656
80.34,-0.1394521354359718,-0.1835983462957456,3.8530577493659375
80.36,-0.1960380022936921,-0.1819381588958893,3.849136989320064
80.38,-0.1530535450790816,-0.1899858630275677,3.8460759184184834
80.4,-0.1614264542907612,-0.1601319779269802,3.8428473893326665
80.42,-0.4403403687863583,-0.1824761382004595,3.834040581956941
80.44,-0.3455849607759153,-0.190624286966663,3.8271288827414245
80.46000000000001,-0.1875792390004889,-0.2328296852028946,3.8233772979614127
80.48,-0.3048953229157542,-0.2281180214568776,3.817279391503099
80.5,-0.2615448175808488,-0.2018607784466866,3.812048495151483
80.52,-0.2154319386407279,-0.1930067298804824,3.807739856378669
80.54,-0.1200235026450728,-0.1979529247916421,3.8053393863257665
80.56,-0.0872625442351367,-0.1980392704877905,3.803594135441064
80.58,-0.0978559563187723,-0.1642623925172204,3.801637016314689
80.60000000000001,-0.2329759141630547,-0.1584212929857514,3.7969774980314255
80.62,0.1286590664763047,-0.2110035428436933,3.799550679360951
80.64,-0.1768227098463248,-0.2390187956285145,3.796014225164025
80.66,-0.2252638686968534,-0.1741633240272871,3.791508947790089
80.68,-0.2693598796517502,-0.2159194191486985,3.786121750197051
80.7,-0.1245558433492735,-0.2138714260679346,3.783630633330066
80.72,-0.1134417400590893,-0.202534208430492,3.7813617985288848
80.74,-0.2069425537385381,-0.1491019608688398,3.777222947454115
80.76,-0.2605598155835593,-0.1533386596431417,3.772011751142441
80.78,-0.2842818219811031,-0.1790017396617315,3.7663261147028204
80.8,-0.1105041876630793,-0.1937324328375374,3.7641160309495594
80.82000000000001,0.0282089573686886,-0.1519665793712834,3.7646802100969334
80.84,-0.2999793806626613,-0.1669120443385725,3.7586806224836815
80.86,-0.3764955492499028,-0.2148436284452637,3.751150711498685
80.88,-0.3282826562447655,-0.1529978283780981,3.744585058373791
80.9,-0.1259413458180198,-0.2011699939888031,3.742066231457429
80.92,-0.320053761989166,-0.1980866337005427,3.7356651562176473
80.94,-0.2038580752379164,-0.1900924720435468,3.7315879947128896
80.96000000000001,-0.0751257234610389,-0.1893713024943136,3.7300854802436683
80.98,-0.3437917462951657,-0.2136413432872664,3.723209645317766
81.0,-0.2438032865443666,-0.1347679901287995,3.7183335795868797
81.02,-0.2390736341675645,-0.2242232794196938,3.7135521069035295
81.04,-0.1701689645126824,-0.1862281742931678,3.7101487276132743
81.06,-0.149289934213481,-0.2190572597330757,3.707162928929005
81.08,-0.4393306996309261,-0.1517307457321321,3.698376314936388
81.10000000000001,-0.1373275257136825,-0.1937467695329172,3.695629764422113
81.12,-0.2994234071978153,-0.1731706507301762,3.689641296278158
81.14,-0.3953577089347762,-0.198423482548058,3.681734142099464
81.16,-0.2323587097325765,-0.1970496842814291,3.6770869679048133
81.18,-0.228953885640332,-0.1949295885147942,3.672507890192004
81.2,-0.1186344662809745,-0.1850205703531739,3.670135200866385
81.22,-0.332950054699567,-0.1716799892306287,3.663476199772395
81.24,-0.098097006187945,-0.179706572369295,3.6615142596486363
81.26,-0.181738397840419,-0.2071671810031634,3.6578794916918262
81.28,-0.3024208335475903,-0.1458214807863615,3.651831075020876
81.3,-0.2140179297164382,-0.1802125682493479,3.6475507164265477
81.32000000000001,-0.1679495381750152,-0.1887680343235667,3.644191725663046
81.34,-0.143603409596818,-0.1748251503380778,3.64131965747111
81.36,-0.2381800310706291,-0.1763287256561795,3.6365560568496984
81.38,-0.2313310199093209,-0.1701067273962028,3.631929436451513
81.4,-0.110227330044361,-0.1741982123703276,3.6297248898506247
81.42,-0.1924832335268647,-0.1541807656998208,3.625875225180088
81.44,-0.3553005899775195,-0.1902121210175309,3.618769213380539
81.46000000000001,-0.3676029998688099,-0.1782900581804627,3.611417153383159
81.48,-0.1952645097666528,-0.1718677474503193,3.6075118631878267
81.5,-0.1982900620459599,-0.1640057156050015,3.603546061946908
81.52,-0.2904608056152786,-0.1227795950213148,3.597736845834604
81.54,-0.1905829464453028,-0.1724800266920308,3.593925186905696
81.56,-0.1799903439029304,-0.1868611508283173,3.590325380027638
81.58,-0.3736109774772887,-0.1573549189681884,3.5828531604780935
81.60000000000001,-0.0358471464859676,-0.1410494378665895,3.5821362175483737
81.62,-0.3073441286997487,-0.1853212401450563,3.57598933497438
81.64,-0.204813446834853,-0.1603290713124377,3.571893066037684
81.66,-0.4294795427063874,-0.1775198415909668,3.5633034751835577
81.68,-0.4233927947159604,-0.1299599126531937,3.5548356192892343
81.7,-0.35861344876049,-0.1572334418644501,3.547663350314026
81.72,-0.4334921782036011,-0.1893510471619299,3.5389935067499554
81.74,-0.3591724297269065,-0.1753866484722019,3.531810058155419
81.76,-0.254704308249389,-0.1699669378357182,3.5267159719904284
81.78,-0.3052912089939575,-0.1346666774744148,3.5206101478105505
81.8,-0.197920420777473,-0.1797593282058664,3.5166517393950016
81.82000000000001,-0.1890271656016746,-0.1708533571759192,3.5128711960829664
81.84,-0.3079312746129234,-0.1445692911599154,3.506712570590709
81.86,-0.3761787965770178,-0.2099602750720395,3.4991889946591703
81.88,-0.172405634028734,-0.1334744264059728,3.4957408819785964
81.9,-0.3811492607252685,-0.0852017548365646,3.4881178967640873
81.92,-0.2320708808062019,-0.1599738779898388,3.4834764791479644
81.94,-0.2404708780095345,-0.1529734936431726,3.4786670615877746
81.96000000000001,-0.1658512063147092,-0.1400570509275577,3.4753500374614785
81.98,-0.4294894038127126,-0.1621674129794785,3.466760249385226
82.0,-0.1382948857514607,-0.1657834986720363,3.4639943516701974
82.02,-0.151166173089968,-0.1733029241994583,3.4609710282083985
82.04,-0.2268920071328076,-0.1412574819125031,3.45643318806574
82.06,-0.256471979408347,-0.1880847238441804,3.451303748477574
82.08,-0.162335285216178,-0.1621438576810153,3.448057042773251
82.10000000000001,-0.5364320029320362,-0.1434463151248428,3.4373284027146047
82.12,-0.1196170282031875,-0.1517717354993329,3.4349360621505416
82.14,-0.2996082843146024,-0.166831469127344,3.4289438964642507
82.16,-0.212088125282964,-0.1838543877262708,3.424702133958592
82.18,-0.4513492219330315,-0.1554935750102885,3.415675149519927
82.2,-0.3167085832729293,-0.1670574771030016,3.4093409778544697
82.22,-0.2299337513906339,-0.1810918762742276,3.4047423028266577
82.24,-0.4709614196097623,-0.1921751725486987,3.3953230744344642
82.26,-0.1003017866062718,-0.1961953273532062,3.393317038702338
82.28,-0.1554924362655622,-0.1760539458384865,3.390207189977027
82.3,-0.0986085699098807,-0.1844531021559553,3.38823501857883
82.32000000000001,-0.1821691146167794,-0.1643462443312316,3.3845916362864923
82.34,-0.2122501348643575,-0.1766145226908986,3.380346633589206
82.36,-0.3068670206062974,-0.1692842288011813,3.3742092931770813
82.38,-0.2350290647714569,-0.1816579639194768,3.369508711881653
82.4,-0.2533370309834117,-0.1238852809182417,3.364441971261982
82.42,-0.0743783391189465,-0.1829638146042922,3.3629544044796034
82.44,-0.3825992629066946,-0.1269579857793549,3.355302419221471
82.46000000000001,-0.2608571897828062,-0.1513810140438352,3.350085275425812
82.48,-0.2637124426462987,-0.124228114880697,3.344811026572887
82.5,-0.2488788820817125,-0.1931846820965152,3.3398334489312536
82.52,-0.3387306787149059,-0.1332079525965585,3.333058835356957
82.54,-0.1953244812512237,-0.1595871783212588,3.3291523457319303
82.56,-0.2013681171326072,-0.1723367418124984,3.325124983389279
82.58,-0.3898136920887823,-0.1770653729292123,3.317328709547505
82.60000000000001,-0.4588650512777671,-0.1775651774097692,3.308151408521945
82.62,-0.1846846251437048,-0.13683774265238,3.3044577160190713
82.64,-0.3835641342024625,-0.1426327882470676,3.2967864333350234
82.66,-0.2228948284605865,-0.1497769954548922,3.2923285367658126
82.68,-0.2911675840870854,-0.1268721851387966,3.286505185084068
82.7,-0.2342822988392876,-0.1490853417268272,3.2818195391072833
82.72,-0.3817131503041756,-0.1625939101321897,3.274185276101201
82.74,-0.3647298344532683,-0.151176879412561,3.2668906794121373
82.76,-0.1718856880087584,-0.1940537043073833,3.26345296565196
82.78,-0.5508821638603867,-0.1496408198327389,3.2524353223747546
82.8,-0.1428681015023803,-0.1838989283242051,3.2495779603447077
82.82000000000001,-0.1864658212372127,-0.1424713337156564,3.2458486439199614
82.84,-0.1644575689163766,-0.1633909368043952,3.2425594925416346
82.86,-0.3455086792022122,-0.1380999840080015,3.235649318957592
82.88,-0.3372142775658248,-0.140902334806481,3.2289050334062765
82.9,-0.3524618763623706,-0.1268453726259171,3.2218557958790255
82.92,-0.2774827771413824,-0.1592581197113368,3.216306140336199
82.94,-0.1183551828459394,-0.1440480529949015,3.213939036679281
82.96000000000001,-0.1482057969525208,-0.1342383047612595,3.2109749207402287
82.98,-0.1658470891368972,-0.1347815666205589,3.2076579789574913
83.0,-0.3985331443600693,-0.1591542343061357,3.1996873160702917
83.02,-0.0508071353079893,-0.1306375175025307,3.198671173364132
83.04,-0.418794467451667,-0.14626873108143,3.1902952840150944
83.06,-0.1674865286703138,-0.162389843800696,3.1869455534416886
83.08,-0.2022613732564679,-0.1902588175601167,3.18290032597656
83.10000000000001,-0.4029060208713918,-0.1235273863187528,3.174842205559128
83.12,-0.3709710594369321,-0.1031113198389032,3.1674227843703906
83.14,-0.3675677615195745,-0.1624840268365424,3.1600714291400007
83.16,-0.384185397095273,-0.1634493507110935,3.152387721198097
83.18,-0.2232941577064388,-0.1105823666528194,3.147921838043966
83.2,-0.1382992686226548,-0.1163155678010943,3.1451558526715133
83.22,-0.3682849147472108,-0.1152376572805587,3.1377901543765705
83.24,-0.2181442777004155,-0.1301404583128075,3.133427268822563
83.26,-0.3193092688303625,-0.1291421039368963,3.1270410834459526
83.28,0.0703779451524288,-0.1524360607960614,3.1284486423490008
83.3,-0.0991057077882658,-0.0805697627255234,3.126466528193236
83.32000000000001,-0.1486752932953361,-0.1469879840377518,3.123493022327328
83.34,-0.1578973047456462,-0.157670208585865,3.1203350762324154
83.36,-0.1514856829954661,-0.1143037489391698,3.1173053625725067
83.38,-0.3546757195497918,-0.1446290419143107,3.110211848181512
83.4,-0.1568623444388863,-0.1472345332092919,3.107074601292733
83.42,-0.448983535534234,-0.0980032064236276,3.0980949305820498
83.44,-0.3959040523619657,-0.1445458404648702,3.090176849534812
83.46000000000001,-0.2197979833006334,-0.098545905264592,3.085780889868797
83.48,-0.2010516396123906,-0.1227261615614471,3.08175985707655
83.5,-0.2699420287170763,-0.1606452437126636,3.0763610165022097
83.52,-0.1265796708524042,-0.1293995394688162,3.073829423085162
83.54,-0.3099843473255436,-0.1378858059679424,3.067629736138648
83.56,-0.0855469738663874,-0.1368559783222566,3.0659187966613204
83.58,-0.1947960126167922,-0.1244353423601182,3.062022876408985
83.60000000000001,-0.1993275038470912,-0.1773356857037678,3.0580363263320414
83.62,-0.328675955280456,-0.1275109335275449,3.0514628072264336
83.64,-0.38998039711845,-0.1055270924565976,3.043663199284066
83.66,-0.1478542589562178,-0.117420598260685,3.0407061141049425
83.68,-0.2931335365951169,-0.140471996572546,3.0348434433730374
83.7,-0.4991450493382229,-0.0961500438438107,3.024860542386275
83.72,-0.1921037965831921,-0.117511252920055,3.021018466454612
83.74,-0.2898982566437665,-0.1107539583130664,3.0152205013217377
83.76,-0.2424820134324946,-0.1220438815005774,3.0103708610530853
83.78,-0.2546802275663221,-0.0842058194717315,3.00527725650176
83.8,-0.475778455421938,-0.0731117018693046,2.995761687393323
83.82000000000001,-0.2307775965244704,-0.1674780661226251,2.9911461354628313
83.84,-0.1231354739482003,-0.1575194425532932,2.9886834259838677
83.86,-0.2953586016297113,-0.1283830754095604,2.9827762539512745
83.88,-0.1097555862131406,-0.1352041500761165,2.9805811422270123
83.9,-0.2305290935924404,-0.0812616164934127,2.975970560355161
83.92,-0.2020290314457997,-0.1236509986686351,2.971929979726246
83.94,-0.1845161042169282,-0.1259126411711526,2.9682396576419086
83.96000000000001,-0.2805810004620792,-0.1611567945467313,2.962628037632664
83.98,0.0380690204355024,-0.1170046822628439,2.9633894180413742
84.0,-0.1652902387515143,-0.1015101150433861,2.9600836132663444
84.02,-0.2863030040996978,-0.0996468436287224,2.9543575531843516
84.04,-0.148349001100884,-0.1488185535241331,2.951390573162332
84.06,-0.1856553433469487,-0.1127320144213156,2.947677466295394
84.08,-0.2136595519337789,-0.0729131785211106,2.9434042752567193
84.10000000000001,-0.2152779341723673,-0.0781464768388361,2.9390987165732696
84.12,-0.1441162398637701,-0.0955389396008874,2.9362163917759947
84.14,-0.3755068503064227,-0.0914178843718425,2.928706254769868
84.16,-0.3063850137370106,-0.1427958392437071,2.922578554495129
84.18,-0.3717681824416329,-0.1418767950486937,2.9151431908462926
84.2,-0.3740879000115729,-0.1223897334050205,2.9076614328460626
84.22,-0.5113572839145006,-0.1372708869846756,2.8974342871677745
84.24,-0.2478331463731482,-0.1603837953492295,2.8924776242403127
84.26,-0.2714465724152166,-0.1195000253816374,2.8870486927920056
84.28,-0.3464182201705454,-0.0858313668244015,2.880120328388596
84.3,-0.2588777782602629,-0.0999330331708725,2.874942772823392
84.32000000000001,-0.0262964193220188,-0.1136481351489917,2.874416844436951
84.34,-0.1145891135861714,-0.089880885280777,2.872125062165228
84.36,-0.4787182035180798,-0.1101615176424583,2.8625506980948683
84.38,-0.2451904070273853,-0.130599440356869,2.8576468899543217
84.4,-0.0719188080473718,-0.0957710715168236,2.8562085137933737
84.42,-0.2045966333127334,-0.1092115798751094,2.85211658112712
84.44,-0.1796588979097682,-0.0976991255069442,2.848523403168925
84.46000000000001,-0.1835320197629068,-0.1076966624399505,2.844852762773665
84.48,-0.3260283738664296,-0.1393197487051218,2.8383321952963376
84.5,-0.1308585610345281,-0.0902481052224039,2.8357150240756477
84.52,-0.0858679818541888,-0.1341320172827662,2.8339976644385643
84.54,-0.2634403147808231,-0.0912424984079276,2.828728858142945
84.56,-0.1743760570440542,-0.1033222859621927,2.8252413370020646
84.58,-0.2716731044863861,-0.1161180825407994,2.819807874912338
84.60000000000001,-0.1495003863891069,-0.1025524215247797,2.8168178671845543
84.62,-0.0226498931542347,-0.0970790968995792,2.8163648693214696
84.64,-0.0565586565355164,-0.1070636132010234,2.8152336961907594
84.66,-0.3968080875784631,-0.1117735522741697,2.8072975344391917
84.68,-0.2838347808753297,-0.0866996100897158,2.801620838821682
84.7,-0.2559270525544277,-0.1257358986348001,2.7965022977705947
84.72,-0.1011229163319406,-0.1621836698451616,2.794479839443956
84.74,-0.1999630056561109,-0.1158984374089928,2.7904805793308345
84.76,-0.1887146997221557,-0.0883420507402329,2.7867062853363893
84.78,-0.3226581355049892,-0.0714836531088978,2.780253122626291
84.8,-0.0208758045425489,-0.0814597358333621,2.77983560653544
84.82000000000001,-0.1349025809086868,-0.0784281165109767,2.7771375549172648
84.84,-0.3954684836984887,-0.0687540418770532,2.7692281852432967
84.86,-0.0318675383662051,-0.1316890942982414,2.768590834475973
84.88,-0.3057651921392773,-0.1309457562662258,2.7624755306331887
84.9,-0.1389977781364869,-0.1131422737772024,2.7596955750704577
84.92,-0.2617435493071806,-0.0764142796302407,2.754460704084315
84.94,-0.222914620820139,-0.1102910852171368,2.7500024116679134
84.96000000000001,0.0061723238767284,-0.0836619996470658,2.750125858145448
84.98,-0.197653774688929,-0.1128567681810466,2.74617278265167
85.0,-0.1935876054430118,-0.0872409856381377,2.742301030542811
85.02,-0.1814579892927968,-0.0890751825939475,2.7386718707569555
85.04,-0.1407221407979324,-0.071050478884381,2.7358574279409953
85.06,-0.036131601455263,-0.0876046097162032,2.73513479591189
85.08,-0.0583965184001148,-0.0766782564799514,2.7339668655438882
85.10000000000001,-0.1188636589372421,-0.0730396547170613,2.7315895923651423
85.12,-0.0325127161386545,-0.1292143383082298,2.7309393380423694
85.14,-0.1518580672930809,-0.0670424863194809,2.7279021766965084
85.16,-0.0630726166751458,-0.0429011465702127,2.7266407243630058
85.18,-0.062760377408595,-0.1190721604448419,2.7253855168148333
85.2,-0.1163542949445547,-0.0993325648782531,2.723058430915943
85.22,-0.1305180312918657,-0.0456639012212225,2.720448070290106
85.24,-0.0706106269822702,-0.0991644726396486,2.7190358577504607
85.26,-0.1706140371849805,-0.0764794127038438,2.7156235770067596
85.28,0.0557438251814012,-0.0946027692566432,2.7167384535103873
85.3,-0.1139182056792406,-0.0799378469783195,2.714460089396803
85.32000000000001,-0.054976985346901,-0.0816953036205136,2.7133605496898645
85.34,-0.3140516005294202,-0.121272187743165,2.7070795176792775
85.36,-0.0642008009374155,-0.1018193154145639,2.7057955016605293
85.38,-0.0812031836766358,-0.0699511314979755,2.704171437986997
85.4,-0.0848865600656781,-0.1113165632228036,2.7024737067856828
85.42,0.0775368238773408,-0.0806421510610261,2.704024443263229
85.44,-0.0962229442060147,-0.1183064651520193,2.7020999843791094
85.46000000000001,-0.0742643544490567,-0.0666658488471844,2.7006146972901273
85.48,-0.0943377385342499,-0.0707648918619437,2.698727942519443
85.5,-0.0342502183724792,-0.0871896638598005,2.6980429381519935
85.52,-0.2512914299849905,-0.0690185409026926,2.6930171095522946
85.54,-0.3139425201880853,0.0026557899047975,2.68673825914853
85.56,-0.1211594289011698,-0.0931001252695677,2.684315070570507
85.58,0.006098768523168,-0.1012643205050513,2.6844370459409705
85.60000000000001,-0.2738902022356451,-0.1198352658050693,2.678959241896255
85.62,-0.089109226569799,-0.0778744301966086,2.6771770573648594
85.64,-0.1384311432415198,-0.0265134499774306,2.6744084345000294
85.66,-0.3483125922725503,-0.0939627892573219,2.6674421826545798
85.68,-0.1042955215790389,-0.0727816702080393,2.665356272222998
85.7,-0.2154227087522791,-0.0460376190231179,2.6610478180479533
85.72,-0.3115503551550934,-0.0683648685522928,2.654816810944853
85.74,0.0968119919386003,-0.0924135947692299,2.6567530507836246
85.76,-0.15664725946892,-0.094561492931606,2.6536201055942445
85.78,-0.001424313617432,-0.0776247144352933,2.653591619321896
85.8,-0.2025893629919001,-0.0837061484347595,2.6495398320620587
85.82000000000001,0.0097014702858681,-0.1006761985311818,2.649733861467776
85.84,-0.1328278501066422,-0.0714543330320501,2.6470773044656437
85.86,-0.0769031929419938,-0.0646308697604539,2.645539240606804
85.88,-0.0364623495507901,-0.0503476763696967,2.6448099936157883
85.9,-0.1624906723854433,-0.0167561396565598,2.641560180168078
85.92,-0.2336953937312353,-0.0811279372070352,2.636886272293454
85.94,-0.0741470806239557,-0.0303508295733436,2.635403330680975
85.96000000000001,-0.1981701701159467,-0.0230192015118966,2.631439927278654
85.98,-0.1671332218535438,-0.0570200587388756,2.628097262841584
86.0,-0.0429016879057107,-0.0899651591982337,2.62723922908347
86.02,-0.0957502488314519,-0.0813571170456537,2.625324224106841
86.04,-0.1753040736485781,-0.0676701539136153,2.6218181426338676
86.06,-0.2008202678795835,-0.011168663127428,2.6178017372762765
86.08,-0.1094770435609994,-0.0451605455054398,2.615612196405057
86.10000000000001,0.2350190007280727,-0.0573089480937952,2.620312576419621
86.12,-0.2514675233063794,-0.073990440998024,2.6152832259534944
86.14,-0.1269982162983803,-0.066385373066782,2.6127432616275272
86.16,-0.1436744424416322,-0.0122731692725378,2.609869772778695
86.18,-0.0787269743284177,-0.0645714667161429,2.608295233292126
86.2,-0.0471085195984666,-0.0372555300401789,2.607353062900157
86.22,-0.1213947883260538,-0.0830850511890531,2.6049251671336364
86.24,-0.1322839429063684,-0.0278406969271169,2.6022794882755096
86.26,0.067794810586181,-0.0326313972803706,2.6036353844872338
86.28,-0.1140786137568036,-0.0638905927510925,2.601353812212098
86.3,-0.0489424822970444,-0.0837135051844231,2.6003749625661574
86.32000000000001,-0.3320766313279075,-0.0460864221187672,2.5937334299395958
86.34,-0.249464990255972,-0.0582171893495976,2.588744130134477
86.36,-0.0599378677795701,-0.0757269948018189,2.587545372778886
86.38,-0.1776117135777213,-0.0525506308041717,2.5839931385073323
86.4,-0.1041563368080172,0.0083941463300429,2.581910011771171
86.42,0.0204865328122541,-0.0495358401945774,2.582319742427416
86.44,-0.0022361372125715,-0.0736448338882673,2.5822750196831645
86.46000000000001,-0.0742455846937713,-0.0267006095902217,2.5807901079892885
86.48,-0.299017177364579,-0.083554095635013,2.5748097644419983
86.5,0.0472996466399026,-0.0345262609200156,2.5757557573747962
86.52,-0.0737766988522741,-0.0279433090469789,2.574280223397751
86.54,-0.0751272611020732,-0.0418455818781768,2.572777678175709
86.56,-0.0328068157186089,-0.0422474717164067,2.572121541861337
86.58,-0.0926869273780427,-0.0649650630726173,2.5702678033137762
86.60000000000001,-0.279424247544834,-0.1043047497239801,2.564679318362877
86.62,0.0763742506719372,-0.0175029815146318,2.5662068033763155
86.64,-0.1700813715424056,-0.0508661542212004,2.562805175945468
86.66,-0.2395155543301829,-0.0255964085117282,2.5580148648588654
86.68,0.0734314541453103,-0.0161031202054193,2.5594834939417725
86.7,-0.055985367642887,-0.0322292333636278,2.558363786588915
86.72,-0.0006479941755064,-0.034213172899491,2.558350826705405
86.74,-0.2026301576907348,-0.0699581741139388,2.554298223551591
86.76,-0.0021400961913267,-0.0442890047871155,2.5542554216277646
86.78,0.0274425886246478,-0.048976818049673,2.5548042734002574
86.8,0.204436116687317,-0.0463906391482749,2.558892995734003
86.82000000000001,-0.1375882872106121,0.0285147941529722,2.556141229989789
86.84,-0.2528181987283815,-0.0709648198517166,2.5510848660152226
86.86,-0.1875019660736041,-0.0084790463556214,2.547334826693751
86.88,-0.1193657877030208,-0.0416985245112274,2.544947510939691
86.9,0.2382850797250534,-0.0586243873160511,2.5497132125341944
86.92,-0.1172489514295989,-0.0426389069508693,2.547368233505603
86.94,0.1019471758550169,-0.0584084619688018,2.5494071770227027
86.96000000000001,0.0249589684418597,-0.0391608648176073,2.5499063563915403
86.98,-0.1553200052727365,-0.0843652000445865,2.5467999562860864
87.0,0.0249320270836367,-0.0540277495056374,2.547298596827759
87.02,-0.0736940433436107,-0.021599183508198,2.545824715960887
87.04,-0.1463221104125887,-0.0623616348942843,2.542898273752634
87.06,0.173282421509067,-0.0440706647897952,2.5463639221828145
87.08,-0.1459850746351418,-0.0072478015507098,2.5434442206901124
87.10000000000001,-0.0278510202862861,-0.0034977391236609,2.5428872002843863
87.12,0.0893187884448972,-0.0288214799557098,2.5446735760532837
87.14,-0.0773008582278044,-0.0313952822109571,2.543127558888728
87.16,0.0687185353479323,-0.0563706364219192,2.544501929595686
87.18,-0.0091239430136425,-0.0236674376235807,2.544319450735413
87.2,-0.1200992646228093,0.0095568256865893,2.5419174654429577
87.22,0.2101578276455932,-0.0180365665678688,2.5461206219958687
87.24,0.0939014424071861,-0.0257514854992,2.5479986508440122
87.26,0.1773424818173759,-0.0705660879157093,2.5515455004803616
87.28,0.0973053138018074,-0.036131450530038,2.5534916067563973
87.3,0.006207852132311,-0.0294271338867286,2.5536157637990433
87.32000000000001,-0.0360895673485643,-0.0128881494663183,2.552893972452072
87.34,-0.1911517729854726,-0.0276912234018843,2.549070936992363
87.36,-0.0568421744026072,-0.0149782883978428,2.547934093504311
87.38,0.0696780827540662,-0.0412879149250016,2.549327655159392
87.4,-0.0738587424054696,0.0108671172045463,2.547850480311282
87.42,-0.0632358689952603,-0.0348755651432604,2.546585762931377
87.44,0.0653573045542703,-0.0405444964167621,2.5478929090224622
87.46000000000001,0.0654026580124853,0.0037154276820762,2.5492009621827125
87.48,-0.1787892328382954,-0.0145787957323172,2.5456251775259475
87.5,-0.113525783581823,-0.0079658648885731,2.5433546618543117
87.52,-0.1159621064286624,0.014929848699068,2.541035419725739
87.54,-0.1453853994870529,-0.0043369795233969,2.5381277117359966
87.56,0.1044484469091242,-0.0541271557699429,2.540216680674179
87.58,0.0752190641987063,0.0021149600611675,2.5417210619581527
87.60000000000001,0.1484312142205578,-0.0636372075301714,2.5446896862425654
87.62,-0.0902514326624603,0.0152855134934666,2.5428846575893167
87.64,-0.0770895632082464,-0.0035839981073374,2.5413428663251523
87.66,-0.1583644945024507,0.0178717267537836,2.538175576435104
87.68,0.2730340735826516,0.0017289018197587,2.5436362579067597
87.7,0.0100310126406988,-0.0079736239940276,2.5438368781595737
87.72,-0.1276177643457624,0.0248556542642585,2.541284522872659
87.74,-0.1761892958900306,-0.0368513758370784,2.537760736954859
87.76,-0.0680661910181217,-0.0273057532804187,2.536399413134496
87.78,-0.0611931310604213,-0.0150513557911135,2.5351755505132876
87.8,0.0653566329299207,0.007941695314894,2.5364826831718856
87.82000000000001,0.1815772859803522,0.0518941312951022,2.5401142288914946
87.84,0.0354526047229369,-0.0470337486140528,2.5408232809859532
87.86,0.0608682268272079,0.0201931385793112,2.5420406455224973
87.88,-0.0118416054506646,-0.0153899491392481,2.541803813413484
87.9,0.1811564707687515,0.0039701405803824,2.5454269428288607
87.92,0.0593044791606435,-0.0195746894806944,2.5466130324120733
87.94,-0.0003126707958608,-0.0183466937790808,2.546606778996156
87.96000000000001,0.350182252313881,-0.018773948343148,2.5536104240424375
87.98,-0.05770539570411,0.0067914006161517,2.5524563161283558
88.0,0.1131240994822877,0.0145598100937491,2.5547187981180013
88.02,-0.0566766657116825,-0.0148125802940771,2.553585264803768
88.04,0.0400374035107723,-0.0223044569548152,2.5543860128739837
88.06,-0.0613861328045129,-0.0242968820023755,2.5531582902178935
88.08,0.1806510334484054,-0.0430831714639993,2.556771310886861
88.10000000000001,0.0161927492324167,-0.0068843034697259,2.5570951658715098
88.12,0.071130510518114,0.0091931689579335,2.558517776081872
88.14,0.2015695047929401,0.0162699607743101,2.56254916617773
88.16,0.2100780152968612,0.0054011990879852,2.5667507264836664
88.18,0.103366932432177,0.0273042968520458,2.568818065132311
88.2,-0.0667108760216937,0.0104578389662257,2.5674838476118773
88.22,-0.1703131846104176,0.0393404707907988,2.5640775839196697
88.24,0.0271308323900071,0.0805364228863086,2.56462020056747
88.26,-0.0367679575267661,0.0037042479042916,2.563884841416934
88.28,0.1258136973072671,0.0822398863353641,2.566401115363079
88.3,-0.1188933514909818,-0.0219049237168763,2.56402324833326
88.32000000000001,0.1411663470317271,0.0375071963793956,2.566846575273896
88.34,-0.1746568988744777,-0.0131818485702304,2.5633534372964073
88.36,0.0583178773925266,0.0329106837438815,2.5645197948442577
88.38,0.2197810774028569,-0.0326268453358563,2.568915416392314
88.4,0.0596167322744628,-0.0095335940543716,2.570107751037804
88.42,0.0610120468558334,-0.0082191878177804,2.5713279919749206
88.44,0.2523617196742757,0.0006339127814941,2.576375226368405
88.46000000000001,-0.166542545528805,-0.003199741701694,2.5730443754578274
88.48,0.0832642997259348,0.0050866462596724,2.5747096614523457
88.5,0.2677779030170246,0.0686770459571104,2.580065219512685
88.52,-0.0306636811876332,-0.0172267259572766,2.5794519458889327
88.54,0.109982067549146,-0.0039015634817062,2.5816515872399166
88.56,0.1417538598456866,0.0298815856579801,2.5844866644368296
88.58,0.1243416418176344,0.0581508563184184,2.5869734972731817
88.60000000000001,0.1282469149147145,0.0032379747618302,2.5895384355714772
88.62,0.2691535856734829,0.0108649895762014,2.594921507284946
88.64,-0.098650484683577,-0.000510728194678,2.5929484975912747
88.66,0.18739669147455,-0.0194431435555912,2.596696431420765
88.68,0.2544781082992098,0.0750984710170021,2.601785993586752
88.7,0.2401118337259105,0.0300033161935527,2.606588230261269
88.72,0.0812726205662354,0.013594530390194,2.6082136826725932
88.74,0.0952276279039022,0.014045867276451,2.610118235230671
88.76,0.0163575785728482,0.0248086044130823,2.610445386802128
88.78,0.1535568097520052,0.0604649259007214,2.6135165229971675
88.8,0.0961807215304775,0.0106177310659463,2.6154401374277767
88.82000000000001,0.0564614440497864,0.0678681368021125,2.616569366308773
88.84,0.0016690880726396,0.0053406924292731,2.6166027480702256
88.86,0.0754300919729504,0.0455183465578169,2.618111349909684
88.88,0.3689113815025405,-0.009427478473504,2.6254895775397333
88.9,-0.0024100483810352,-0.0284640108586733,2.6254413765721125
88.92,-0.0615738634864725,0.0438741300921131,2.6242098993023832
88.94,0.0982385557548639,0.0151499817115048,2.62617467041748
88.96000000000001,-0.036035598400085,-0.0059527501007513,2.625453958449478
88.98,-0.1701574718488321,0.0236428756337493,2.6220508090125016
89.0,0.0440115721611893,0.0081976585661133,2.6229310404557253
89.02,-0.0049466093313407,0.0489858205607123,2.6228321082690984
89.04,0.0913774126914487,0.0381748624995245,2.6246596565229283
89.06,0.0838198978373531,0.0122019955549073,2.626336054479675
89.08,0.1819759386626586,0.0340321216679645,2.6299755732529277
89.10000000000001,-0.0622261967824177,0.0425177679429876,2.628731049317279
89.12,0.0632212862008766,0.0569978240191115,2.629995475041296
89.14,0.0494159432005466,0.0156932079390993,2.630983793905307
89.16,0.0602031382318359,0.0255350608893305,2.6321878566699435
89.18,0.287455502206999,0.0319252632754527,2.6379369667140864
89.2,0.3022154294424574,0.0274615539627975,2.6439812753029344
89.22,0.1307341001210773,0.0500358430609749,2.6465959573053555
89.24,0.1627735799090852,0.0449141818672456,2.6498514289035366
89.26,0.1951821075172916,0.0821716313918324,2.6537550710538844
89.28,0.2098013611115352,0.0082320388838068,2.657951098276114
89.3,0.2243611472506091,0.0116305009932531,2.6624383212211256
89.32000000000001,-0.0144195096976087,0.0452888806285019,2.6621499310271735
89.34,0.1873834807429605,0.0148156890986698,2.665897600642032
89.36,0.2350577709263321,0.0729470443084469,2.6705987560605577
89.38,-0.0571108995817437,0.0104652512872744,2.669456538068923
89.4,0.1148667045802686,0.0526081878336611,2.6717538721605294
89.42,-0.0921312639551135,0.0073594627898312,2.6699112468814277
89.44,-0.1144364931072437,0.0516374018415715,2.667622517019283
89.46000000000001,0.0874329144383906,-0.011419392947913,2.669371175308052
89.48,0.235291515466871,0.0948002074584666,2.6740770056173884
89.5,0.2771139820208486,0.0570796941020844,2.6796192852578042
89.52,0.1544468585617184,0.0530259826191553,2.682708222429038
89.54,-0.0047465210503995,0.0914409041939529,2.68261329200803
89.56,0.243312772735388,0.0176620959872078,2.687479547462737
89.58,0.0638509513039289,0.0212700462379069,2.6887565664888156
89.60000000000001,0.1318891883694673,0.0899840910689605,2.691394350256206
89.62,0.12183878643962,0.0985271426507577,2.693831125984998
89.64,0.2880569108104945,0.0267897819355592,2.6995922642012067
89.66,0.3184210758904771,0.0172167727326753,2.705960685719015
89.68,0.2083252859759911,0.07756983688573,2.710127191438537
89.7,0.2571193198053744,0.0741625699730328,2.7152695778346434
89.72,0.1420918875720099,0.01150448062202,2.718111415586083
89.74,0.0176696540692226,0.0728580343961232,2.718464808667467
89.76,0.134740742192419,0.0470344415713048,2.721159623511317
89.78,0.2863662016123287,0.0313685166249343,2.726886947543562
89.8,0.130695585211639,0.0801022472056379,2.7295008592477945
89.82000000000001,0.0940989750835709,0.0632732502642196,2.7313828387494667
89.84,0.1148266357393316,0.0634530239061153,2.733679371464253
89.86,0.0366824714204806,0.0510147767177353,2.7344130208926627
89.88,0.2553038282748416,0.0499523606387379,2.7395190974581585
89.9,0.3402250572781212,0.0456383194216552,2.746323598603724
89.92,0.0607234033709644,0.1057056798153247,2.7475380666711433
89.94,0.2250386256610982,0.0689058280069817,2.7520388391843644
89.96000000000001,-0.0118741035495064,0.0835718028919404,2.7518013571133744
89.98,0.2755883474636888,0.0804741034643129,2.757313124062647
