timestamp_s,imu_ax_mps2,imu_gyroz_rps,imu_ax_corrected,speed_est_mps
0.0,0.6503450324356632,-0.004005049829585,-0.10738641670464255,-0.0
0.02,0.7248986726428885,-0.0206056343724251,-0.032832776497417226,-0.0006566555299483446
0.04,0.9235645313740364,-0.0134684280795291,0.1658330822337306,0.0026600061147262675
0.06,0.7922578128991015,-0.0064272407429373,0.0345263637587957,0.0033505333899021814
0.08,0.8793629274024204,0.0100439794083168,0.12163147826211462,0.0057831629551444745
0.1,0.8381289667230616,-0.0229041795209905,0.08039751758275582,0.007391113306799591
0.12,0.6924291235932922,-0.0088863460503553,-0.06530232554701354,0.006085066795859321
0.14,0.8337542359768444,-0.0249321666849777,0.07602278683653863,0.007605522532590095
0.16,0.7306306850167356,0.0259505972910778,-0.02710076412357021,0.0070635072501186915
0.18,0.7298245787306091,0.0128478616800419,-0.027906870409696638,0.0065053698419247595
0.2,0.7800474512819181,0.0199320025900782,0.022316002141612334,0.006951689884757007
0.22,0.5851387948137285,-0.0046181583726658,-0.17259265432657722,0.003499836798225464
0.24,0.9111604204992636,0.0516177209090306,0.15342897135895783,0.006568416225404619
0.26,0.6874067492773033,-0.0096636205910278,-0.0703246998630025,0.005161922228144568
0.28,0.8877938452009295,-0.0143720761300275,0.13006239606062375,0.007763170149357046
0.3,0.7839310412221295,0.0264692413222828,0.026199592081823764,0.00828716199099352
0.32,0.9512144594783664,-0.0207318580797547,0.1934830103380606,0.012156822197754734
0.34,0.6879591412961199,0.0372948035750513,-0.06977230784418587,0.010761376040871014
0.36,0.7295120724366317,0.0199646270620698,-0.028219376703674026,0.010196988506797535
0.38,0.8072187440128534,0.0209596455507343,0.04948729487254766,0.011186734404248489
0.4,0.501535926471077,0.0389043436848414,-0.25619552266922874,0.0060628239508639095
0.42,0.865516063301839,0.0433767250254781,0.10778461416153318,0.008218516234094569
0.44,0.9508811995296956,0.0194295055090282,0.19314975038938986,0.01208151124188237
0.46,0.900809466512818,0.0221094080089882,0.14307801737251225,0.014943071589332616
0.48,0.8558591529522492,-0.0005018965030635,0.09812770381194347,0.01690562566557148
0.5,0.7474506461390952,-0.0394643458491327,-0.010280803001210592,0.016700009605547267
0.52,0.9184645201544744,0.0058549063105165,0.16073307101416867,0.019914671025830645
0.54,0.8931752579535231,-0.0256465989783024,0.13544380881321738,0.022623547202094994
0.56,0.8110484951365488,0.0118071633942288,0.053317045996242984,0.023689888122019855
0.58,0.7641772114495903,0.0511711621911421,0.0064457623092845084,0.023818803368205545
0.6,0.7197680689644204,0.0144705708500407,-0.03796338017588541,0.023059535764687836
0.62,0.6151559397529928,0.0326141038039846,-0.142575509387313,0.020208025576941575
0.64,0.9095221484423736,0.0124792724205256,0.1517906993020678,0.023243839562982933
0.66,0.5013073284720373,0.0264241436113759,-0.2564241206682685,0.01811535714961756
0.68,0.7171000177403535,0.0168183644076046,-0.04063143139995229,0.017302728521618512
0.7000000000000001,0.7807955664340397,0.0488364512105673,0.02306411729373392,0.017764010867493192
0.72,0.8637951255272475,0.0249823529554773,0.1060636763869417,0.019885284395232017
0.74,0.9715353358783833,-0.0240898385610404,0.2138038867380775,0.02416136212999357
0.76,0.8788486362526172,0.0007108381828941,0.12111718711231145,0.0265837058722398
0.78,0.7241682122050653,0.016857950678735,-0.03356323693524044,0.02591244113353499
0.8,0.8460143084208624,-0.0002063874056428,0.08828285928055668,0.027678098319146124
0.8200000000000001,0.6067224132439459,0.029587186276129,-0.15100903589635983,0.024657917601218923
0.84,0.9291697700058876,0.0151450371987208,0.17143832086558186,0.028086684018530546
0.86,0.738250063489254,-0.0190057381881455,-0.01948138565105173,0.02769705630550951
0.88,0.6756132350212176,0.0448487651760629,-0.08211821411908815,0.026054692023127747
0.9,0.6792016414937062,0.0213276568259391,-0.07852980764659956,0.024484095870195753
0.92,0.7479373201619469,0.0118127090180774,-0.009794128978358851,0.024288213290628576
0.94,0.7075656358735479,0.0308594011360766,-0.05016581326675784,0.023284897025293422
0.96,1.028875504648967,0.0267405394217567,0.2711440555086613,0.02870777813546665
0.98,0.6672784113469605,0.0016016415010235,-0.09045303779334524,0.026898717379599747
1.0,0.7567342869114222,0.024852532066699,-0.0009971622288835746,0.026878774135022074
1.02,0.7555359414860607,0.0011376282290652,-0.0021955076542450325,0.026834863981937174
1.04,0.7548986101331231,0.0824037138548466,-0.002832839007182675,0.02677820720179352
1.06,0.7574708831315476,0.0310596866201617,-0.00026056600875812297,0.02677299588161836
1.08,0.692352702047174,0.0411383194290593,-0.06537874709313174,0.025465420939755724
1.1,0.6794296698185918,0.0615603290019839,-0.078301779321714,0.023899385353321444
1.12,0.64526511278841,0.0712407476166655,-0.11246633635189573,0.02165005862628353
1.14,0.5694167200694065,0.0269082213906478,-0.1883147290708993,0.01788376404486558
1.16,0.7732153111915514,0.0737461607075388,0.015483862051245634,0.018193441285890493
1.18,0.8646320076069751,-0.0182055114986078,0.10690055846666935,0.020331452455223883
1.2,0.6805726597959891,0.0661426904535544,-0.07715878934431664,0.018788276668337548
1.22,0.6779324405909202,0.0857632058899213,-0.0797990085493856,0.017192296497349834
1.24,0.706199392488437,0.0503693625029537,-0.051532056651868774,0.01616165536431246
1.26,0.6880992691008218,0.052561414165024,-0.06963218003948402,0.014769011763522778
1.28,0.5702100149900321,0.0533579562082022,-0.18752143415027367,0.011018583080517301
1.3,0.9055493581220396,0.0167791683772824,0.14781790898173386,0.013974941260151981
1.32,0.7935780748997922,0.0278382231874687,0.035846625759486384,0.014691873775341709
1.34,0.654644086413531,0.0386131995180284,-0.10308736272677477,0.01263012652080621
1.36,0.7748452323022097,0.0732600555413085,0.017113783161903928,0.01297240218404429
1.38,0.6856946325137311,0.0644464366715898,-0.07203681662657468,0.01153166585151281
1.4,0.7120256740440818,0.0642352531390993,-0.04570577509622398,0.01061755034958833
1.42,0.7801982869385934,0.0593617500989005,0.02246683779828762,0.011066887105554084
1.44,0.8499666516578432,0.0514074853660244,0.09223520251753747,0.012911591155904834
1.46,0.9170299423910544,0.0485529916761983,0.15929849325074863,0.01609756102091981
1.48,0.9382201885488244,0.032577040471426,0.18048873940851862,0.019707335809090187
1.5,0.702939916173036,0.0320745608725729,-0.054791532967269796,0.01861150514974479
1.52,0.671872960503597,0.0590101663280489,-0.08585848863670875,0.016894335377010614
1.54,0.7428222717404962,0.0863979177730776,-0.01490917739980957,0.016596151829014423
1.56,0.7452875127814126,0.0477774134752809,-0.012443936358893182,0.01634727310183656
1.58,0.640783458088846,0.0826696353912632,-0.11694799105145981,0.014008313280807361
1.6,0.6534248372195958,0.0599470515775678,-0.10430661192071,0.011922181042393159
1.62,0.8244545606245794,0.0250779927314735,0.06672311148427368,0.013256643272078634
1.64,0.9228457612386812,0.0423686376080257,0.16511431209837546,0.01655892951404611
1.66,0.6976055738754761,0.0754040166039201,-0.06012587526482971,0.015356412008749517
1.68,0.64597402507083,0.0518262552795577,-0.11175742406947575,0.01312126352736
1.7,0.688657647181338,0.0418107592163286,-0.06907380195896773,0.011739787488180645
1.72,0.6021669658157642,0.0588735266766321,-0.15556448332454154,0.008628497821689812
1.74,0.6877468780110231,0.0528914963295295,-0.06998457112928269,0.007228806399104157
1.76,0.7700818022738599,0.0485972913336873,0.012350353133554148,0.00747581346177524
1.78,0.7085126478705748,0.0169542122426535,-0.049218801269730994,0.006491437436380619
1.8,0.865296725748925,0.0505082523967039,0.10756527660861925,0.008642742968553007
1.82,0.7341159318203964,0.0462415564482626,-0.023615517319909407,0.008170432622154819
1.84,0.7725940385441173,0.0696387762238701,0.014862589403811577,0.00846768441023105
1.86,0.6958475228970699,0.0678549148372889,-0.06188392624323591,0.007230005885366331
1.88,0.8704054783703803,0.0564194883916539,0.11267402923007452,0.009483486469967798
1.9,0.5646597547598159,0.1123366010697625,-0.19307169438048988,0.0056220525823579975
1.92,0.6737143979503497,0.0754726256965064,-0.08401705118995606,0.003941711558558875
1.94,0.5680953797686459,0.0725707456826172,-0.1896360693716599,0.00014899017112567385
1.96,0.8068720663433511,0.0113690627037098,0.0491406172030453,0.0011318025151865808
1.98,0.8085277400856196,0.0129783988738631,0.05079629094531379,0.0021477283340928573
2.0,0.6433554020673055,0.0831044587015218,-0.11437604707300031,-0.00013979260736715106
2.02,0.9029682205860906,0.0316733108239439,0.14523677144578484,0.002764942821548548
2.04,0.6670589148308004,0.04100267415442,-0.09067253430950539,0.0009514921353584388
2.06,0.53544970438242,0.0421240505920485,-0.22228174475788576,-0.0034941427597992803
2.08,0.666423713308165,0.0820041086729731,-0.0913077358321408,-0.005320297476442098
2.1,0.7420728072277808,0.0798049568385391,-0.015658641912524973,-0.005633470314692598
2.12,0.6694342281110889,0.0749389669576435,-0.08829722102921689,-0.007399414735276937
2.14,0.9681035324578036,0.0782408119852276,0.2103720833174978,-0.0031919730689269777
2.16,0.7975561511203565,0.0396680172834521,0.039824701980050725,-0.0023954790293259625
2.18,0.9013209157793992,0.06624950170501,0.14358946663909344,0.000476310303455909
2.2,0.8585202398262739,0.1243691199956678,0.10078879068596813,0.0024920861171752735
2.22,0.488555438346242,0.0471008365703432,-0.2691760107940638,-0.0028914340987060065
2.24,0.644143226064533,0.0255312814960412,-0.11358822307577277,-0.005163198560221464
2.26,0.3606697183078214,0.0420071066238214,-0.39706173083248436,-0.013104433176870982
2.28,0.6091232540704586,0.0506148421174043,-0.14860819506984713,-0.01607659707826793
2.3000000000000003,0.8190953918103251,0.0613106625109556,0.06136394267001932,-0.014849318224867514
2.32,0.5826787630287311,0.0787979781265608,-0.17505268611157465,-0.01835037194709893
2.34,0.6060319279821411,0.0810922218453689,-0.15169952115816465,-0.021384362370262228
2.36,0.7201303573764473,0.0667792005354812,-0.03760109176385851,-0.0221363842055394
2.38,0.7740212633404719,0.0754507573024752,0.016289814200166175,-0.021810587921536076
2.4,0.6353240509475604,0.0678340320285336,-0.12240739819274538,-0.024258735885390986
2.42,0.6459119567709093,0.0479499910932439,-0.11181949236939648,-0.02649512573277892
2.44,0.7722044091317506,0.0778560542342404,0.014472959991444823,-0.026205666532950023
2.46,0.7041202998216034,0.1002598012643046,-0.05361114931870237,-0.027277889519324073
2.48,0.6378950035581521,0.109132278823993,-0.11983644558215367,-0.029674618430967147
2.5,0.7083555393888323,0.0468064174864136,-0.049375909751473435,-0.030662136625996615
2.52,0.6782249916953736,0.0896856728068906,-0.07950645744493212,-0.03225226577489526
2.54,0.6981112787830055,0.0707712178597696,-0.05962017035730027,-0.03344466918204127
2.56,0.9061576548187174,0.0670002797751788,0.14842620567841158,-0.030476145068473032
2.58,0.6278292562124772,0.0635502317434143,-0.12990219292782856,-0.0330741889270296
2.6,0.598116708651692,0.0943728982387741,-0.1596147404886138,-0.036266483736801886
2.62,0.8309477837086281,0.0576857714740828,0.07321633456832233,-0.03480215704543544
2.64,0.5750416822205653,0.0352565965319681,-0.18268976691974048,-0.038455952383830254
2.66,0.8645160442629372,0.0653583182763604,0.10678459512263139,-0.036320260481377625
2.68,0.6332190372431634,0.1127708093348581,-0.12451241189714235,-0.03881050871932047
2.7,0.663766944918352,0.0726127356063022,-0.09396450422195379,-0.04068979880375955
2.72,0.7413150302976158,0.0866815511716091,-0.01641641884268996,-0.04101812718061335
2.74,0.797216282208612,0.0758150972895342,0.03948483306830619,-0.040228430519247224
2.76,0.7696365311560283,0.1116147573127134,0.01190508201572249,-0.03999032887893278
2.78,0.6239041603876894,0.0968660791062488,-0.1338272887526164,-0.04266687465398511
2.8000000000000003,0.6027028328122119,0.1462072820319489,-0.15502861632809384,-0.04576744698054706
2.82,0.686695125025203,0.1032048173501476,-0.07103632411510274,-0.04718817346284908
2.84,0.6594790796035864,0.0521783853755296,-0.09825236953671934,-0.049153220853583465
2.86,0.5645447154076573,0.0866492920551864,-0.1931867337326485,-0.05301695552823644
2.88,0.6891999136424872,0.1256574328129691,-0.06853153549781854,-0.05438758623819281
2.9,0.7574923599104966,0.0435610161949153,-0.00023908922980919733,-0.05439236802278899
2.92,0.6564547210070459,0.1345771563201078,-0.10127672813325983,-0.05641790258545419
2.94,0.8224202893603357,0.0869794884346025,0.06468884022002996,-0.05512412578105359
2.96,0.6822335278592884,0.0728782499448709,-0.0754979212810174,-0.05663408420667394
2.98,0.612547249799166,0.0694932463635351,-0.1451841993411398,-0.059537768193496744
3.0,0.6415087693890088,0.0845342207202448,-0.11622267975129696,-0.06186222178852269
3.02,0.5604986532681292,0.0912646828717368,-0.19723279587217657,-0.06580687770596622
3.04,0.5021756650339915,0.0717057876661126,-0.2555557841063143,-0.0709179933880925
3.06,0.681325202961129,0.0826431105514915,-0.0764062461791768,-0.07244611831167604
3.08,0.5199529279974137,0.1300455329219497,-0.2377785211428921,-0.07720168873453388
3.1,0.5775399858790368,0.0710739438069623,-0.180191463261269,-0.08080551799975927
3.12,0.6080139925938725,0.0926683957845009,-0.14971745654643331,-0.08379986713068793
3.14,0.6631044447569976,0.1140793093981271,-0.09462700438330818,-0.0856924072183541
3.16,0.6703963439469268,0.1350484723714131,-0.08733510519337895,-0.08743910932222168
3.18,0.6197197580506555,0.0883053985183344,-0.13801169108965028,-0.09019934314401469
3.2,0.3796031564511274,0.1013197145171883,-0.37812829268917836,-0.09776190899779827
3.22,0.584707257068033,0.0688739567927609,-0.17302419207227282,-0.10122239283924372
3.24,0.5145631709850422,0.1025851865143482,-0.24316827815526354,-0.106085758402349
3.26,0.5923869762977285,0.1075692506121393,-0.16534447284257725,-0.10939264785920048
3.28,0.7228199174237468,0.1053444803355571,-0.03491153171655892,-0.11009087849353166
3.3000000000000003,0.698543151342939,0.0904709859329191,-0.059188297797366785,-0.11127464444947903
3.3200000000000003,0.62649874053815,0.1053622886297765,-0.13123270860215575,-0.11389929862152215
3.34,0.6588366201240918,0.0590383770352257,-0.09889482901621394,-0.11587719520184639
3.36,0.4176143112977036,0.1254621856344949,-0.34011713784260217,-0.12267953795869843
3.38,0.6176768081332106,0.0664055560039814,-0.1400546410070952,-0.12548063077884034
3.4,0.6672950397426457,0.0748130109293176,-0.09043640939766007,-0.12728935896679353
3.42,0.5056711745680061,0.0629129653573778,-0.2520602745722996,-0.1323305644582395
3.44,0.6370493840386215,0.0851615974703571,-0.12068206510168422,-0.1347442057602732
3.46,0.5407879167278721,0.107380992095109,-0.2169435324124337,-0.13908307640852188
3.48,0.7045758963808115,0.1330302292282545,-0.05315555275949424,-0.14014618746371177
3.5,0.7155452364388676,0.1477280945385697,-0.042186212701438186,-0.14098991171774053
3.52,0.5163728358370028,0.1404625463599906,-0.241358613303303,-0.1458170839838066
3.54,0.7541013245252556,0.1083325677542581,-0.00363012461505019,-0.14588968647610762
3.56,0.5537368196771066,0.0879672912541821,-0.20399462946319913,-0.14996957906537162
3.58,0.8219677315637276,0.0980048513015054,0.06423628242342183,-0.14868485341690318
3.6,0.5135279492547039,0.10517536017227,-0.24420349988560186,-0.15356892341461523
3.62,0.5781374778642835,0.120520034381255,-0.17959397127602228,-0.15716080284013567
3.64,0.5940339639216761,0.1053296931792611,-0.1636974852186297,-0.16043475254450826
3.66,0.4763125238730235,0.1251010897355009,-0.2814189252672823,-0.1660631310498539
3.68,0.3573116785603046,0.0738179478425371,-0.40041977058000117,-0.17407152646145393
3.7,0.4663463314452104,0.1020655909294576,-0.29138511769509534,-0.17989922881535586
3.72,0.6897855337466949,0.0973768821408061,-0.06794591539361083,-0.18125814712322807
3.74,0.5187194288337316,0.0999433602565366,-0.2390120203065742,-0.18603838752935956
3.76,0.516873772067492,0.1134985325160696,-0.2408576770728138,-0.19085554107081573
3.78,0.7360065663973089,0.1157569333064947,-0.021724882742996887,-0.19129003872567568
3.8,0.6111193312996362,0.1198077473212103,-0.14661211784066952,-0.19422228108248907
3.82,0.6340689981356609,0.1104974727983049,-0.1236624510046449,-0.19669553010258198
3.84,0.6496158293311127,0.1300388199167491,-0.10811561980919304,-0.19885784249876584
3.86,0.4366746810504167,0.1094767184332633,-0.3210567680898891,-0.20527897786056362
3.88,0.5584077354668042,0.0889708761357506,-0.19932371367350155,-0.20926545213403366
3.9,0.5593353388630836,0.1355130836131001,-0.19839611027722215,-0.21323337433957812
3.92,0.5201070582158549,0.0927139994546322,-0.23762439092445087,-0.21798586215806715
3.94,0.4058620515655609,0.1535521058148345,-0.3518693975747449,-0.22502325010956206
3.96,0.5905273900178413,0.0887495679224219,-0.1672040591224645,-0.22836733129201137
3.98,0.3336994210813034,0.0959878384601967,-0.42403202805900236,-0.23684797185319142
4.0,0.4181013377120348,0.1307838091350957,-0.339630111428271,-0.24364057408175685
4.0200000000000005,0.431256465861787,0.1343322435106451,-0.32647498327851876,-0.25017007374732736
4.04,0.4767422965790083,0.1177593170043244,-0.2809891525612975,-0.2557898567985532
4.0600000000000005,0.6249436862344889,0.1290605827512362,-0.13278776290581684,-0.2584456120566696
4.08,0.7206221794695743,0.1525852292904267,-0.03710926967073147,-0.25918779745008425
4.1,0.7262974548338426,0.1544305612564637,-0.03143399430646321,-0.2598164773362135
4.12,0.6141682227921843,0.0888397532217665,-0.14356322634812146,-0.262687741863176
4.14,0.5679690944297282,0.1511400461350829,-0.18976235471057756,-0.2664829889573875
4.16,0.2326024089647335,0.1021804105919398,-0.5251290401755723,-0.27698556976089916
4.18,0.64637884143059,0.135763510315424,-0.11135260770971578,-0.27921262191509344
4.2,0.8240081097400503,0.1673700886950489,0.06627666059974457,-0.27788708870309853
4.22,0.5606436171032361,0.1223673277678651,-0.1970878320370697,-0.28182884534383984
4.24,0.5321410310256895,0.1053536514582226,-0.22559041811461622,-0.28634065370613226
4.26,0.5856516842316436,0.116047371585181,-0.17207976490866217,-0.28978224900430544
4.28,0.5869895499372395,0.1018383879380791,-0.17074189920306626,-0.29319708698836683
4.3,0.5134841368248136,0.1408016231348648,-0.24424731231549213,-0.2980820332346766
4.32,0.4501705114898708,0.1159623090590198,-0.30756093765043496,-0.3042332519876854
4.34,0.5361680008172701,0.0874360620155716,-0.22156344832303565,-0.30866452095414604
4.36,0.3258649720211107,0.1117581719344563,-0.43186647711919507,-0.31730185049653015
4.38,0.2623056346854641,0.1127028941519923,-0.4954258144548417,-0.32721036678562676
4.4,0.6492210207595057,0.1442355138699384,-0.10851042838080005,-0.32938057535324283
4.42,0.4286470697093472,0.1453449646999347,-0.3290843794309586,-0.3359622629418619
4.44,0.5672296738234275,0.1359529993796145,-0.19050177531687829,-0.3397722984481995
4.46,0.6655614849799155,0.143878017488708,-0.09216996416039025,-0.34161569773140726
4.48,0.6231337006884397,0.1325663122225983,-0.13459774845186612,-0.34430765270044467
4.5,0.4079775098068254,0.1544440479510913,-0.34975393933348037,-0.3513027314871141
4.5200000000000005,0.5110344789703083,0.1080517922422541,-0.24669697016999748,-0.3562366708905142
4.54,0.3298077641026524,0.1707128942881053,-0.4279236850376534,-0.3647951445912671
4.5600000000000005,0.4548585418719982,0.0951828752057618,-0.30287290726830757,-0.3708526027366334
4.58,0.5905934285092461,0.1037050293730357,-0.16713802063105965,-0.3741953631492545
4.6000000000000005,0.4665736526809828,0.1529931029740671,-0.291157796459323,-0.3800185190784411
4.62,0.1182203881161107,0.1380270243450178,-0.6395110610241951,-0.3928087402989247
4.64,0.1878824471295916,0.1292240866642652,-0.5698490020107142,-0.40420572033913876
4.66,0.3594883534452944,0.1617753801614619,-0.3982430956950114,-0.41217058225303915
4.68,0.6133074625692092,0.1761683022132337,-0.14442398657109656,-0.415059061984461
4.7,0.4748438738364725,0.1307071086742667,-0.2828875753038333,-0.4207168134905378
4.72,0.4655369959364665,0.1592222166065655,-0.29219445320383924,-0.4265607025546145
4.74,0.288294199216372,0.1440700157385709,-0.46943724992393376,-0.4359494475530934
4.76,0.4614036234637213,0.1004339046297194,-0.29632782567658444,-0.44187600406662497
4.78,0.1684282980927143,0.1422596386779111,-0.5893031510475915,-0.45366206708757706
4.8,0.48008163632148,0.1630268299997119,-0.2776498128188258,-0.45921506334395346
4.82,0.5781791288657249,0.1278361592331143,-0.1795523202745809,-0.46280610974944514
4.84,0.3361640887203971,0.1753515756725036,-0.42156736041990867,-0.47123745695784314
4.86,0.5620022174331,0.1449003427608196,-0.1957292317072058,-0.4751520415919873
4.88,0.343083261723637,0.1657777382653801,-0.41464818741666876,-0.48344500534032053
4.9,0.4447476595072235,0.1434174162695399,-0.31298378963308227,-0.4897046811329823
4.92,0.4083383574757547,0.1439237835051591,-0.34939309166455107,-0.4966925429662732
4.94,0.4334988934335414,0.156880557563921,-0.32423255570676435,-0.5031771940804086
4.96,0.603049485463905,0.1081602957173906,-0.15468196367640075,-0.5062708333539365
4.98,0.5231374144610805,0.1299389628185918,-0.23459403467922524,-0.5109627140475211
5.0,0.3336376636680912,0.1702443745683673,-0.42409378547221455,-0.5194445897569653
5.0200000000000005,0.0807378505921208,0.1466499284829211,-0.676993598548185,-0.5329844617279293
5.04,0.5174752084008245,0.1335801628425566,-0.24025624073948126,-0.5377895865427189
5.0600000000000005,0.4993299001419493,0.1531902263294906,-0.2584015489983565,-0.5429576175226861
5.08,0.4250806260529337,0.1922478390406699,-0.3326508230873721,-0.5496106339844334
5.1000000000000005,0.3357914321465696,0.0981046678799809,-0.4219400169937362,-0.5580494343243083
5.12,0.5921350064463597,0.1477210713234918,-0.16559644269394602,-0.5613613631781872
5.14,0.1834091066838213,0.1380067695674514,-0.5743223424564845,-0.5728478100273167
5.16,0.3012943816240001,0.1235595739789952,-0.4564370675163057,-0.581976551377643
5.18,0.2170004518288987,0.1962883443916185,-0.5407309973114071,-0.5927911713238709
5.2,0.4350577563942435,0.1413517223806494,-0.3226736927460623,-0.5992446451787923
5.22,0.3320518015373744,0.1756851008090467,-0.42567964760293137,-0.6077582381308507
5.24,0.6389127916000694,0.1184121443176658,-0.11881865754023635,-0.6101346112816555
5.26,0.3852368681830467,0.1140924328600178,-0.37249458095725907,-0.6175845029008005
5.28,0.3519705782937246,0.0952160326225786,-0.4057608708465812,-0.6256997203177322
5.3,0.4468760260871639,0.1737404910639573,-0.31085542305314184,-0.631916828778795
5.32,0.2878102208853773,0.2089317487598228,-0.4699212282549285,-0.6413152533438937
5.34,0.2431239541395571,0.1769551046548009,-0.5146074950007486,-0.6516074032439084
5.36,0.4349104363417279,0.1437047575309014,-0.3228210127985779,-0.6580638234998801
5.38,0.3095416623725408,0.1368588203373327,-0.44818978676776494,-0.6670276192352352
5.4,0.4828525243634645,0.1571237033952468,-0.2748789247768413,-0.6725251977307722
5.42,0.4034185073304149,0.1612406561576881,-0.35431294180989087,-0.6796114565669699
5.44,0.3747224573135373,0.1139379729813395,-0.38300899182676845,-0.6872716364035054
5.46,0.366470752465601,0.1958704304192262,-0.39126069667470476,-0.6950968503369993
5.48,0.3454020631398865,0.1523389639639479,-0.4123293860004193,-0.7033434380570078
5.5,0.4021631992479841,0.1784262616884253,-0.35556824989232166,-0.7104548030548541
5.5200000000000005,0.303091081478032,0.2064390669670959,-0.4546403676622738,-0.7195476104080998
5.54,0.1133300709043307,0.1995727963277579,-0.6444013782359751,-0.732435637972819
5.5600000000000005,0.3550851592385104,0.131758324963338,-0.40264628990179535,-0.740488563770855
5.58,0.2879701469954061,0.1331688749774378,-0.4697613021448997,-0.7498837898137528
5.6000000000000005,0.1755021941227406,0.1177378420952269,-0.5822292550175652,-0.7615283749141044
5.62,0.4319039943370788,0.1884830218325898,-0.32582745480322695,-0.7680449240101688
5.64,0.2900797591832225,0.1184492498307459,-0.4676516899570833,-0.7773979578093102
5.66,0.1237670048522047,0.1717123267172906,-0.6339644442881011,-0.7900772466950725
5.68,0.3217076285852767,0.1413594305201967,-0.4360238205550291,-0.7987977231061729
5.7,0.2471904707978273,0.1608887916066347,-0.5105409783424785,-0.8090085426730227
5.72,0.1214581619204348,0.1417581908972904,-0.636273287219871,-0.8217340084174198
5.74,0.3605863612494636,0.1436984735043442,-0.3971450878908422,-0.8296769101752368
5.76,0.1945357327213551,0.1847163119853638,-0.5631957164189507,-0.8409408245036156
5.78,0.4042849729557345,0.1691685526511257,-0.35344647618457126,-0.8480097540273072
5.8,0.2078582553178075,0.157977403398217,-0.5498731938224983,-0.8590072179037569
5.82,0.4302779892314504,0.1803186728359505,-0.3274534599088554,-0.8655562871019341
5.84,0.3615576637051985,0.1321568444952306,-0.3961737854351073,-0.8734797628106361
5.86,0.3210135074340034,0.1728231222022477,-0.43671794170630235,-0.8822141216447623
5.88,0.2147526671477908,0.1421268581638076,-0.5429787819925149,-0.8930736972846124
5.9,0.4115019666268426,0.1649819346563212,-0.3462294825134632,-0.8999982869348818
5.92,0.3608223793756691,0.1701803308625313,-0.3969090697646367,-0.9079364683301744
5.94,0.2543781444959738,0.1886211618770907,-0.5033533046443319,-0.9180035344230613
5.96,0.3650122499312327,0.1458830792744126,-0.39271919920907306,-0.9258579184072425
5.98,0.1697350805064135,0.1621299639354251,-0.5879963686338923,-0.9376178457799207
6.0,0.1367017046371252,0.1253274871660779,-0.6210297445031806,-0.950038440669984
6.0200000000000005,0.2762738764488486,0.1664770685683417,-0.48145757269145717,-0.9596675921238134
6.04,0.2937437498976172,0.1959326774560975,-0.46398769924268857,-0.968947346108667
6.0600000000000005,0.3340261166098792,0.2212678629195005,-0.4237053325304266,-0.9774214527592757
6.08,0.287950301963255,0.1696509872638885,-0.4697811471770508,-0.9868170757028165
6.1000000000000005,0.4264974920310855,0.1362868413683585,-0.33123395710922027,-0.9934417548450011
6.12,0.1202185290919815,0.1938015239994319,-0.6375129200483243,-1.0061920132459672
6.140000000000001,0.3407451747432054,0.1651481854206332,-0.41698627439710034,-1.0145317387339094
6.16,0.2970902724024689,0.1798104027804028,-0.4606411767378369,-1.023744562268666
6.18,0.4302256026458784,0.1879713492643755,-0.3275058464944274,-1.0302946791985546
6.2,0.2799375369236895,0.1861575949400395,-0.47779391221661627,-1.0398505574428871
6.22,0.300371640552163,0.1336591362353944,-0.4573598085881428,-1.0489977536146498
6.24,0.4712371124088563,0.1798148635408777,-0.2864943367314495,-1.054727640349279
6.26,0.3529061572211052,0.1428973798019184,-0.4048252919192006,-1.0628241461876629
6.28,0.3278465525820828,0.1921906443435807,-0.429884896558223,-1.0714218441188275
6.3,0.2054729977669158,0.2145534529243665,-0.5522584513733899,-1.082467013146295
6.32,0.2664326239618911,0.1856135565519624,-0.49129882517841467,-1.0922929896498634
6.34,0.0489393537623291,0.1161556914553121,-0.7087920953779767,-1.1064688315574227
6.36,0.1434527839618122,0.1949839532468201,-0.6142786651784935,-1.1187544048609928
6.38,0.319810716313108,0.1642540180654427,-0.4379207328271978,-1.1275128195175366
6.4,0.0261437735173207,0.2012542065498627,-0.7315876756229851,-1.1421445730299966
6.42,0.2482644018577563,0.2257187733370924,-0.5094670472825494,-1.1523339139756474
6.44,0.2367317738597842,0.206264015030173,-0.5209996752805216,-1.162753907481258
6.46,0.2787588075846715,0.1613878699954564,-0.4789726415556343,-1.1723333603123705
6.48,0.025987592507693,0.1402532192960947,-0.7317438566326128,-1.186968237445023
6.5,-0.0166825234202233,0.1780495236286304,-0.774413972560529,-1.2024565168962333
6.5200000000000005,0.35764692350262,0.1565193986464014,-0.40008452563768576,-1.2104582074089874
6.54,0.2352657793550546,0.2186423677635812,-0.5224656697852512,-1.2209075208046922
6.5600000000000005,0.2686801070408646,0.2021106367736896,-0.4890513420994412,-1.2306885476466813
6.58,0.4109390763116128,0.1582974874450022,-0.34679237282869296,-1.237624395103255
6.6000000000000005,0.2352879443747134,0.2023159825748537,-0.5224435047655924,-1.248073265198567
6.62,-0.0237848913632323,0.1644707220517745,-0.781516340503538,-1.2637035920086375
6.640000000000001,0.1719495430294256,0.205583385416051,-0.5857819061108802,-1.2754192301308553
6.66,0.3050938778555272,0.1695009587199071,-0.45263757128477855,-1.2844719815565506
6.68,0.1533301729391754,0.2021644369641504,-0.6044012762011304,-1.296560007080573
6.7,0.1655271240584272,0.1614922098665173,-0.5922043250818786,-1.3084040935822108
6.72,0.1271789651560224,0.1399851066176158,-0.6305524839842833,-1.3210151432618962
6.74,0.3730069302627146,0.1479245954387612,-0.3847245188775912,-1.3287096336394482
6.76,0.343556092147471,0.170413480678109,-0.41417535699283475,-1.3369931407793048
6.78,-0.025316487079252,0.179879874425825,-0.7830479362195578,-1.3526540995036962
6.8,0.4178762890477835,0.1397106321825385,-0.33985516009252226,-1.3594512027055465
6.82,0.093976177613064,0.1796972599132812,-0.6637552715272418,-1.3727263081360916
6.84,0.4276891798254892,0.2021016642925578,-0.33004226931481656,-1.3793271535223879
6.86,0.024209064375678,0.2049822009630717,-0.7335223847646277,-1.3939976012176807
6.88,0.3115862216105289,0.1697768250041171,-0.44614522752977687,-1.402920505768276
6.9,0.1089340316586109,0.1432370976391926,-0.6487974174816948,-1.4158964541179102
6.92,0.1557349899724635,0.2476124015265605,-0.6019964591678423,-1.4279363833012668
6.94,0.2779448086708708,0.1460609550433155,-0.479786640469435,-1.4375321161106558
6.96,0.0807021429645254,0.1850583146298703,-0.6770293061757804,-1.4510727022341712
6.98,0.2048220632829397,0.2256821537035545,-0.552909385857366,-1.4621308899513188
7.0,0.2014065938121508,0.1757618949714891,-0.556324855328155,-1.4732573870578816
7.0200000000000005,0.3049919358838638,0.1861718136985675,-0.45273951325644196,-1.4823121773230106
7.04,0.3235708199034753,0.1741339655195886,-0.43416062923683046,-1.490995389907747
7.0600000000000005,0.3825885307295356,0.187342246428304,-0.3751429184107702,-1.4984982482759626
7.08,0.1911090287867823,0.2001607754759891,-0.5666224203535235,-1.5098306966830328
7.1000000000000005,0.2012320340027979,0.1929316718819956,-0.5564994151375079,-1.5209606849857833
7.12,0.0814980716674726,0.1627862960601165,-0.6762333774728332,-1.5344853525352398
7.140000000000001,0.0552505637197424,0.208658770400194,-0.7024808854205634,-1.5485349702436513
7.16,-0.0137137614949145,0.2193142629079326,-0.7714452106352203,-1.5639638744563553
7.18,0.1152261272660455,0.1513928528181414,-0.6425053218742602,-1.5768139808938402
7.2,0.1587052711419599,0.1590788943877485,-0.5990261779983459,-1.5887945044538074
7.22,0.1399232552765233,0.1899234232701382,-0.6178081938637825,-1.6011506683310828
7.24,0.203859537869613,0.1969611678771338,-0.5538719112706928,-1.612228106556497
7.26,-0.0301154509237396,0.2181003163535243,-0.7878469000640453,-1.6279850445577775
7.28,0.3381113110479501,0.1995446480976315,-0.41962013809235565,-1.6363774473196249
7.3,0.1646262900143742,0.1780771495474951,-0.5931051591259315,-1.6482395505021432
7.32,0.2565357041052714,0.2250574271095864,-0.5011957450350344,-1.658263465402844
7.34,0.1643627846985814,0.1942981359043022,-0.5933686644417244,-1.6701308386916782
7.36,0.0153369299361365,0.2129753153525265,-0.7423945192041692,-1.6849787290757618
7.38,0.0790043732574741,0.1717594605109693,-0.6787270758828317,-1.698553270593418
7.4,-0.2800921287761942,0.2024759297719609,-1.0378235779165,-1.7193097421517485
7.42,0.1389612556212391,0.2090618659821053,-0.6187701935190667,-1.7316851460221296
7.44,0.102583789868545,0.255903509385321,-0.6551476592717608,-1.744788099207565
7.46,0.2540678318249746,0.1738410837571201,-0.5036636173153312,-1.7548613715538715
7.48,-0.1045993986531617,0.2102299438967721,-0.8623308477934675,-1.7721079885097413
7.5,0.0942995676017905,0.2162549797461351,-0.6634318815385153,-1.7853766261405113
7.52,0.0646991435312534,0.2086006434233362,-0.6930323056090524,-1.7992372722526921
7.54,-0.0526118446532168,0.1848857073514778,-0.8103432937935225,-1.8154441381285629
7.56,-0.0795815052834863,0.1903365609028858,-0.837312954423792,-1.8321903972170384
7.58,-0.0468316412671113,0.1998258694048102,-0.804563090407417,-1.8482816590251872
7.6,0.2099316103689252,0.2076939228554638,-0.5477998387713806,-1.8592376558006145
7.62,0.2077410479701835,0.2332465959210561,-0.5499904011701222,-1.8702374638240171
7.640000000000001,-0.0856426860369429,0.2127580805809064,-0.8433741351772487,-1.8871049465275624
7.66,0.064792916890882,0.1672288687024443,-0.6929385322494238,-1.9009637171725506
7.68,0.1392619339344752,0.152354072006192,-0.6184695152058306,-1.913333107476667
7.7,0.1191939930711679,0.1976764465651155,-0.6385374560691379,-1.9261038565980502
7.72,-0.1044381607655355,0.1966782592034735,-0.8621696099058412,-1.9433472487961667
7.74,0.0032474293764252,0.2135091765683604,-0.7544840197638806,-1.9584369291914447
7.76,-0.0991657018021498,0.1971812234727706,-0.8568971509424556,-1.9755748722102935
7.78,0.1927711525638916,0.1715660552326501,-0.5649602965764142,-1.986874078141822
7.8,0.3799228648347575,0.1810082160766198,-0.37780858430554826,-1.9944302498279327
7.82,0.0601911489245265,0.1874149953926505,-0.6975403002157793,-2.0083810558322486
7.84,-0.1936115210138456,0.169290820211992,-0.9513429701541514,-2.0274079152353313
7.86,0.1597978893073772,0.180886502186395,-0.5979335598329285,-2.0393665864319903
7.88,0.2460959487393823,0.198871382670805,-0.5116355004009234,-2.0495992964400087
7.9,0.2344269543873403,0.1851309115915448,-0.5233044947529655,-2.060065386335068
7.92,0.0744592164530237,0.2072784157317554,-0.6832722326872821,-2.0737308309888136
7.94,0.1160017734546158,0.2127717426936747,-0.64172967568569,-2.0865654245025276
7.96,0.0615334816756341,0.2124018012392764,-0.6961979674646717,-2.1004893838518206
7.98,0.1343504849195738,0.2025132926307257,-0.623380964220732,-2.1129570031362355
8.0,0.1585918647017994,0.1861593274293535,-0.5991395844385063,-2.1249397948250053
8.02,-0.0470630880905827,0.172214248033968,-0.8047945372308885,-2.141035685569623
8.040000000000001,-0.0292648970143544,0.2224514126202372,-0.7869963461546602,-2.156775612492717
8.06,-0.0021286413358725,0.2076358141575905,-0.7598600904761783,-2.1719728143022405
8.08,0.0089972637963179,0.2213107529640301,-0.7487341853439878,-2.18694749800912
8.1,0.0574083216951731,0.1835522306113531,-0.7003231274451327,-2.2009539605580226
8.120000000000001,0.1664131523007753,0.2027788229352858,-0.5913182968395305,-2.212780326494814
8.14,-0.1268349047295341,0.1637099174632644,-0.8845663538698398,-2.2304716535722102
8.16,0.1379597515847494,0.2078748350646598,-0.6197716975555564,-2.242867087523321
8.18,0.0018893541384024,0.1775914292280559,-0.7558420950019034,-2.2579839294233586
8.2,-0.3206059099068942,0.1762507563383492,-1.0783373590471999,-2.2795506766043023
8.22,-0.0267125001805114,0.2004461916802873,-0.7844439493208172,-2.2952395555907197
8.24,-0.0138033486602449,0.1918234995223071,-0.7715347978005507,-2.3106702515467306
8.26,0.0825449719925552,0.196936289709064,-0.6751864771477506,-2.324173981089685
8.28,0.0853300202898083,0.186206151851672,-0.6724014288504975,-2.3376220096666946
8.3,0.0116486079818496,0.2208339137227029,-0.7460828411584561,-2.352543666489865
8.32,-0.0874847286053248,0.2202557468794314,-0.8452161777456306,-2.3694479900447774
8.34,0.1224232628156585,0.2128379827362393,-0.6353081863246473,-2.38215415377127
8.36,-0.075315191874339,0.2146994794507343,-0.8330466410146448,-2.3988150865915623
8.38,-0.1388173285346895,0.1945925288337044,-0.8965487776749953,-2.4167460621450636
8.4,-0.0753201344639439,0.254942563095378,-0.8330515836042497,-2.433407093817148
8.42,-0.0651041886016598,0.2361909112214665,-0.8228356377419656,-2.449863806571987
8.44,-0.0162889963418593,0.2023017438945945,-0.7740204454821651,-2.46534421548163
8.46,-0.0584668674340012,0.215008802753471,-0.816198316574307,-2.481668181813117
8.48,-0.050547036772822,0.1685126177858117,-0.8082784859131278,-2.4978337515313793
8.5,0.08006925221756,0.1800460366329938,-0.6776621969227458,-2.511386995469834
8.52,0.0845583868222333,0.2255278820796513,-0.6731730623180725,-2.5248504567161953
8.540000000000001,0.0508315639611172,0.2489946434397049,-0.7068998851791886,-2.5389884544197803
8.56,-0.0523260167218317,0.2426154168110831,-0.8100574658621374,-2.5551896037370225
8.58,-0.0973383294193711,0.1984895246640963,-0.8550697785596768,-2.572290999308216
8.6,-0.0471478847117654,0.2106012499682961,-0.8048793338520712,-2.588388585985257
8.620000000000001,-0.0389987131246999,0.1852350884773775,-0.7967301622650057,-2.6043231892305583
8.64,0.0775253008142532,0.1985884718908368,-0.6802061483260525,-2.617927312197079
8.66,-0.0591201578579021,0.2420624575588242,-0.8168516069982079,-2.634264344337043
8.68,-0.1720990762650732,0.2061465037257384,-0.9298305254053789,-2.65286095484515
8.700000000000001,-0.1300360823864267,0.1897203047801548,-0.8877675315267325,-2.670616305475686
8.72,0.1801157774220586,0.2029652634145704,-0.5776156717182472,-2.6821686189100507
8.74,-0.145521576262344,0.177184287758947,-0.9032530254026497,-2.7002336794181034
8.76,-0.1872661220778697,0.2407950837400924,-0.9449975712181755,-2.7191336308424665
8.78,-0.0726114390119727,0.2343409634701903,-0.8303428881522785,-2.735740488605512
8.8,0.1717237932713198,0.2389867774913484,-0.586007655868986,-2.7474606417228924
8.82,-0.0300163214787845,0.1591811982971934,-0.7877477706190903,-2.763215597135274
8.84,-0.0084488080781129,0.2050635509084498,-0.7661802572184186,-2.778539202279642
8.86,-0.2347237798890352,0.2061145154475855,-0.9924552290293409,-2.798388306860228
8.88,-0.2273571833180228,0.2646112892701514,-0.9850886324583286,-2.8180900795093957
8.9,-0.0497363493339576,0.178301578566316,-0.8074677984742633,-2.8342394354788807
8.92,-0.1063111566781634,0.2180394731734656,-0.8640426058184691,-2.8515202875952497
8.94,-0.006576372833855,0.2044154369097084,-0.7643078219741608,-2.8668064440347325
8.96,-0.18756262235243,0.2260045238867173,-0.9452940714927358,-2.8857123254645884
8.98,0.0691785305674645,0.1981337852135617,-0.6885529185728413,-2.8994833838360448
9.0,0.1037958347100744,0.1884275273575469,-0.6539356144302314,-2.912562096124649
9.02,-0.2466351584555871,0.2197805580298473,-1.0043666075958928,-2.9326494282765663
9.04,-0.0334873120442455,0.223297733745355,-0.7912187611845513,-2.948473803500257
9.06,-0.0982996849765615,0.2016899011058749,-0.8560311341168673,-2.9655944261825953
9.08,0.1064391753272416,0.2309309985131534,-0.6512922738130642,-2.978620271658856
9.1,-0.0414464712551681,0.2324758044255729,-0.7991779203954739,-2.9946038300667652
9.12,0.0439802119990838,0.2306981387033969,-0.713751237141222,-3.0088788548095895
9.14,-0.0814180534963389,0.2149119543339122,-0.8391495026366447,-3.0256618448623236
9.16,-0.0364100508355859,0.2372217563034513,-0.7941414999758917,-3.041544674861841
9.18,0.1799878247580351,0.2494137925939098,-0.5777436243822707,-3.053099547349486
9.2,0.1713818503265139,0.1839752155005961,-0.5863495988137919,-3.064826539325762
9.22,-0.2831750599289013,0.2040479010968933,-1.0409065090692071,-3.0856446695071473
9.24,-0.0356665831530495,0.2124634813303698,-0.7933980322933553,-3.1015126301530143
9.26,-0.054265324543884,0.2066449842097061,-0.8119967736841898,-3.117752565626698
9.28,-0.2138697095241827,0.2131671995509589,-0.9716011586644885,-3.137184588799987
9.3,-0.1789630336024925,0.20327558172939,-0.9366944827427983,-3.1559184784548444
9.32,-0.0663876419002949,0.1622147982319285,-0.8241190910406007,-3.172400860275656
9.34,0.0243709909293425,0.1943073812920345,-0.7333604582109633,-3.187068069439875
9.36,-0.0293360404103482,0.1568788667897248,-0.787067489550654,-3.202809419230888
9.38,-0.1441091089034391,0.257549872784355,-0.9018405580437449,-3.220846230391764
9.4,-0.2229432503148243,0.2039291176564823,-0.9806746994551301,-3.2404597243808664
9.42,-0.3485317620375717,0.1817819210319264,-1.1062632111778774,-3.2625849886044236
9.44,0.0857400473167663,0.1553866131520568,-0.6719914018235394,-3.276024816640894
9.46,-0.1675861194209931,0.237548971742862,-0.9253175685612989,-3.294531168012121
9.48,-0.2056146241434633,0.2224449821245015,-0.9633460732837691,-3.313798089477796
9.5,-0.0636647703835959,0.1646155806899897,-0.8213962195239016,-3.3302260138682738
9.52,-0.116175465530967,0.202988066980972,-0.8739069146712728,-3.347704152161699
9.54,-0.109545771838465,0.2159824495036172,-0.8672772209787708,-3.365049696581274
9.56,-0.030355990626578,0.2110702679581393,-0.7880874397668838,-3.3808114453766125
9.58,-0.1692227086618598,0.2194470675679403,-0.9269541578021656,-3.3993505285326555
9.6,-0.2394504087010355,0.2242624842380541,-0.9971818578413413,-3.419294165689482
9.62,-0.1312738919026654,0.2154186809195317,-0.8890053410429711,-3.437074272510341
9.64,-0.1079310736287066,0.1802235677351402,-0.8656625227690123,-3.4543875229657224
9.66,-0.2480362741353323,0.2454702238174774,-1.0057677232756381,-3.4745028774312345
9.68,-0.2516533766142839,0.2156132575768231,-1.0093848257545897,-3.494690573946326
9.7,-0.2463273982231962,0.2071721184398641,-1.004058847363502,-3.5147717508935954
9.72,-0.0243373011940019,0.2167267250748001,-0.7820687503343077,-3.5304131259002824
9.74,0.0423087562077358,0.2247493541051295,-0.71542269293257,-3.5447215797589338
9.76,0.0274217229891135,0.184023205574386,-0.7303097261511923,-3.5593277742819573
9.78,-0.2365363433628952,0.2081259771333288,-0.994267792503201,-3.579213130132021
9.8,-0.2117617158175163,0.2147714871328718,-0.969493164957822,-3.5986029934311787
9.82,-0.2833297276187141,0.2252422530205042,-1.0410611767590199,-3.6194242169663586
9.84,0.0887972495644025,0.2621485659406561,-0.6689341995759033,-3.6328029009578766
9.86,-0.1912345510666664,0.2136420739640257,-0.9489660002069722,-3.6517822209620157
9.88,-0.1391500474722053,0.2249295064240472,-0.896881496612511,-3.669719850894267
9.9,-0.1932635378398832,0.2264541177137698,-0.950994986980189,-3.6887397506338706
9.92,-0.1175506914976854,0.2062697653501233,-0.8752821406379911,-3.70624539344663
9.94,-0.2649708797629972,0.225489647752358,-1.022702328903303,-3.7266994400246958
9.96,-0.2150592698306977,0.2026950241763616,-0.9727907189710034,-3.7461552544041172
9.98,-0.2515354305905093,0.2644554600324472,-1.009266879730815,-3.766340591998733
10.0,-0.4273580551280745,0.2542548284830732,-1.1850895042683802,-3.7900423820841
10.02,-0.1144517146023122,0.2204726808210399,-0.872183163742618,-3.807486045358952
10.04,-0.0578638199243197,0.2161077866013246,-0.8155952690646254,-3.823797950740244
10.06,-0.03145601080591,0.2103385859829436,-0.7891874599462158,-3.8395816999391696
10.08,0.0378165141833683,0.2296737962456551,-0.7199149349569375,-3.853979998638308
10.1,-0.0367102594794718,0.1720249209372649,-0.7944417086197776,-3.869868832810703
10.12,-0.1607469561087291,0.2105808838942404,-0.9184784052490349,-3.888238400915683
10.14,-0.0883064057353037,0.209338938264969,-0.8460378548756095,-3.9051591580131966
10.16,-0.2185756197458565,0.2192457442307865,-0.9763070688861623,-3.9246852993909194
10.18,-0.0610883378834587,0.2201699483190088,-0.8188197870237645,-3.941061695131394
10.2,-0.1920402366804994,0.2006071292988329,-0.9497716858208052,-3.9600571288478097
10.22,-0.437918099693713,0.232498144715123,-1.1956495488340186,-3.983970119824492
10.24,-0.164032392854765,0.2582641535421103,-0.9217638419950708,-4.002405396664393
10.26,-0.15422734206287,0.2284102423564326,-0.9119587912031758,-4.0206445724884565
10.28,-0.3039000225194719,0.2242521494351829,-1.0616314716597777,-4.041877201921651
10.3,-0.1072924826786806,0.2239693894804608,-0.8650239318189864,-4.059177680558032
10.32,-0.0230487069136656,0.2278000649865424,-0.7807801560539713,-4.074793283679111
10.34,-0.3055042764415622,0.1912834737308144,-1.063235725581868,-4.096057998190748
10.36,-0.0773309907540155,0.1997304702696496,-0.8350624398943213,-4.112759246988634
10.38,-0.0652234986949784,0.2203117766602622,-0.8229549478352842,-4.129218345945341
10.4,-0.2846088276040802,0.2355468093401883,-1.042340276744386,-4.150065151480228
10.42,-0.2249764287405605,0.2301050173349019,-0.9827078778808662,-4.169719309037845
10.44,-0.3042211995438132,0.2212619411058665,-1.061952648684119,-4.190958362011527
10.46,-0.2437044240198389,0.1475066005262858,-1.0014358731601447,-4.210987079474731
10.48,-0.1814701083615976,0.2302258574169004,-0.9392015575019034,-4.229771110624768
10.5,-0.0367235563089176,0.2279318046076807,-0.7944550054492233,-4.245660210733752
10.52,-0.2545294690194762,0.2509124056159186,-1.012260918159782,-4.265905429096947
10.54,-0.3655992639561647,0.2575221750700531,-1.1233307130964705,-4.288372043358876
10.56,-0.5575413339186712,0.1973294898084154,-1.315272783058977,-4.314677499020058
10.58,-0.2616993523371991,0.2195627683216041,-1.0194308014775049,-4.3350661150496075
10.6,-0.3401258305294092,0.197603979130889,-1.097857279669715,-4.357023260643001
10.62,-0.1613787955434948,0.1980273101373919,-0.9191102446838005,-4.3754054655366765
10.64,-0.1572445677625971,0.2395773203290017,-0.9149760169029029,-4.393704985874736
10.66,-0.3763217435147982,0.2230489284104608,-1.134053192655104,-4.416386049727838
10.68,-0.1435181109189202,0.242268703647337,-0.901249560059226,-4.434411040929022
10.7,-0.2134767112408229,0.1885816140245255,-0.9712081603811287,-4.453835204136644
10.72,-0.2195511480289358,0.2171765327147936,-0.9772825971692416,-4.4733808560800306
10.74,-0.2527101000329709,0.2069137138117574,-1.0104415491732768,-4.493589687063496
10.76,-0.0760519934586663,0.1883181725492124,-0.8337834425989721,-4.510265355915475
10.78,-0.1210019839115872,0.1736160549333466,-0.878733433051893,-4.527840024576513
10.8,-0.1709241979760094,0.2448744437801751,-0.9286556471163152,-4.54641313751884
10.82,-0.0563072562627702,0.1968555333091667,-0.814038705403076,-4.562693911626901
10.84,-0.1912683749241576,0.1952952696029901,-0.9489998240644634,-4.58167390810819
10.86,-0.1798000201120903,0.229939983443697,-0.937531469252396,-4.600424537493238
10.88,-0.1332012440499907,0.2260284771876396,-0.8909326931902964,-4.6182431913570445
10.9,-0.2308712232616482,0.2213604334697921,-0.988602672401954,-4.638015244805083
10.92,-0.3436374036106516,0.1940926749825622,-1.1013688527509573,-4.660042621860102
10.94,0.0111346479581796,0.2720085387758366,-0.7465968011821261,-4.674974557883744
10.96,-0.088148089802611,0.2447168326979773,-0.8458795389429168,-4.691892148662604
10.98,-0.3581840804193452,0.2662426126896513,-1.115915529559651,-4.714210459253796
11.0,-0.3211655462786345,0.183213783146365,-1.0788969954189402,-4.735788399162175
11.02,-0.3319766113801253,0.2138939045334655,-1.089708060520431,-4.757582560372583
11.04,-0.3878459513222086,0.1952044853482648,-1.1455774004625143,-4.780494108381833
11.06,-0.1624536378917372,0.1910346406332513,-0.9201850870320429,-4.798897810122475
11.08,-0.0265323570297648,0.2319844322866909,-0.7842638061700705,-4.814583086245876
11.1,-0.1612062183200601,0.234422421644835,-0.9189376674603659,-4.832961839595083
11.12,-0.0214251074839641,0.230428381259244,-0.7791565566242699,-4.848544970727568
11.14,-0.2595718091113566,0.273743267554574,-1.0173032582516623,-4.868891035892602
11.16,-0.1786652137181486,0.2540963752054282,-0.9363966628584544,-4.887618969149771
11.18,-0.3222422092570391,0.1955353237949155,-1.079973658397345,-4.909218442317718
11.2,-0.2092893924668839,0.2304858429457873,-0.9670208416071897,-4.928558859149861
11.22,-0.0837859897015755,0.2305618074403433,-0.8415174388418812,-4.9453892079267
11.24,-0.1278475025477539,0.2400434688304485,-0.8855789516880597,-4.963100786960461
11.26,-0.0918176007099877,0.241170111246178,-0.8495490498502934,-4.980091767957466
11.28,-0.2639581310723528,0.2623449741327795,-1.0216895802126587,-5.000525559561719
11.3,-0.1062772460943117,0.2473360078992874,-0.8640086952346174,-5.017805733466413
11.32,-0.0425215816405971,0.2565434799355786,-0.8002530307809028,-5.033810794082031
11.34,-0.1496601390050179,0.2289654376846817,-0.9073915881453236,-5.051958625844938
11.36,-0.3848292275408803,0.1788450571341281,-1.142560676681186,-5.074809839378561
11.38,-0.1848555000188821,0.2438883091156545,-0.9425869491591878,-5.093661578361745
11.4,-0.1901294440385028,0.1987458011041319,-0.9478608931788086,-5.112618796225321
11.42,-0.3007870626479772,0.2036458567382839,-1.058518511788283,-5.133789166461086
11.44,-0.3445177279639958,0.2078881346682927,-1.1022491771043015,-5.155834150003171
11.46,-0.3189782297736364,0.2115200232542113,-1.076709678913942,-5.177368343581452
11.48,-0.084290585065117,0.2274717758124837,-0.8420220342054228,-5.19420878426556
11.5,-0.2068494169328579,0.246933383462649,-0.9645808660731636,-5.213500401587023
11.52,-0.0229396447943924,0.2436102658159956,-0.7806710939346981,-5.229113823465717
11.54,-0.4397154730219744,0.238827325931814,-1.19744692216228,-5.253062761908962
11.56,-0.1739961519484275,0.2179455523544107,-0.9317276010887332,-5.271697313930738
11.58,-0.0332812775504618,0.2550453409738519,-0.7910127266907676,-5.287517568464553
11.6,-0.0061290243277199,0.2157150822010364,-0.7638604734680257,-5.302794777933913
11.62,-0.2911743122319218,0.2322550122725246,-1.0489057613722275,-5.323772893161357
11.64,-0.0360908671621052,0.1824206523530436,-0.793822316302411,-5.339649339487407
11.66,-0.0963388441283444,0.1805429552906856,-0.8540702932686501,-5.356730745352779
11.68,-0.0862812950981428,0.2140605628936094,-0.8440127442384485,-5.373611000237548
11.7,-0.2030094996033851,0.2347426568127046,-0.9607409487436909,-5.392825819212422
11.72,-0.1080082307534994,0.2354417823258537,-0.8657396798938052,-5.410140612810299
11.74,-0.1199271956732065,0.1382746790807375,-0.8776586448135123,-5.427693785706569
11.76,-0.3025359873444353,0.241174838596016,-1.060267436484741,-5.448899134436263
11.78,-0.5549785411452668,0.1965410287092645,-1.3127099902855726,-5.475153334241974
11.8,-0.0941784593571725,0.2547089803984564,-0.8519099084974783,-5.492191532411925
11.82,-0.1037032490232459,0.2485013618434523,-0.8614346981635517,-5.509420226375196
11.84,-0.1418525388219241,0.1953128534778796,-0.8995839879622298,-5.52741190613444
11.86,-0.2799144335306651,0.2345325485906174,-1.037645882670971,-5.548164823787859
11.88,-0.2805493996490035,0.2274119210630398,-1.0382808487893094,-5.568930440763647
11.9,-0.4210802000874381,0.1711387664322763,-1.1788116492277438,-5.592506673748201
11.92,-0.0378422835587554,0.2103510668587035,-0.7955737326990612,-5.6084181484021824
11.94,-0.2430423372796575,0.1889169502837931,-1.0007737864199633,-5.628433624130581
11.96,-0.1319154770389471,0.2162123847756788,-0.8896469261792529,-5.646226562654167
11.98,-0.2752179564703614,0.229417591847953,-1.0329494056106672,-5.66688555076638
12.0,-0.5159195410988708,0.2160763186190479,-1.2736509902391766,-5.692358570571162
12.02,-0.1387679133100123,0.2446251965570123,-0.896499362450318,-5.710288557820168
12.04,-0.0881247007918438,0.2369591580212437,-0.8458561499321495,-5.727205680818811
12.06,-0.0111194356447115,0.2320712563082518,-0.7688508847850173,-5.7425826985145125
12.08,-0.2480527076446143,0.200734407278244,-1.00578415678492,-5.76269838165021
12.1,-0.2921256900114071,0.2030120196360008,-1.0498571391517129,-5.783695524433244
12.12,-0.2168464068028772,0.2147257461773512,-0.974577855943183,-5.803187081552108
12.14,-0.3603269179533114,0.1632470837983588,-1.1180583670936173,-5.825548248893981
12.16,-0.340938036070718,0.2515133313092139,-1.0986694852110237,-5.847521638598201
12.18,-0.1627301377662854,0.169568413239345,-0.9204615869065912,-5.865930870336332
12.2,-0.2647411567622039,0.2454711538384479,-1.0224726059025095,-5.886380322454382
12.22,-0.3004624894296893,0.189581203487834,-1.058193938569995,-5.907544201225783
12.24,-0.1905292054235665,0.1796932912918263,-0.9482606545638723,-5.92650941431706
12.26,-0.2794212628476009,0.2276039844916862,-1.0371527119879067,-5.947252468556818
12.28,0.0510936523528874,0.238308409126996,-0.7066377967874183,-5.961385224492566
12.3,-0.2733241532583577,0.2145465942430044,-1.0310556023986635,-5.9820063365405405
12.32,-0.0522391598621611,0.2151553205861798,-0.8099706090024669,-5.998205748720589
12.34,-0.1546517612083683,0.1854745205205024,-0.9123832103486741,-6.016453412927562
12.36,-0.1221189620908628,0.2184255044612151,-0.8798504112311686,-6.034050421152185
12.38,-0.1962024934622598,0.1954801546557157,-0.9539339426025656,-6.053129100004237
12.4,-0.2569719767684705,0.2118312888641719,-1.0147034259087762,-6.073423168522412
12.42,-0.2393258852649715,0.2145433755254189,-0.9970573344052773,-6.0933643152105175
12.44,-0.3121240272782579,0.2390150075517079,-1.0698554764185637,-6.114761424738888
12.46,-0.1952087689722985,0.2423296257328152,-0.9529402181126043,-6.133820229101142
12.48,-0.1234530127168728,0.2330020445228174,-0.8811844618571786,-6.151443918338285
12.5,-0.5324881396253109,0.2159406380582753,-1.2902195887656167,-6.177248310113597
12.52,-0.392422838888772,0.1712104563730357,-1.1501542880290778,-6.200251395874178
12.54,-0.3843174764766207,0.2488344155408008,-1.1420489256169264,-6.223092374386516
12.56,-0.1628280329645384,0.1979961030502147,-0.9205594821048442,-6.241503564028614
12.58,-0.1662162669883954,0.1933418809142215,-0.9239477161287012,-6.259982518351188
12.6,-0.2908587564247952,0.2019416848993235,-1.0485902055651009,-6.280954322462489
12.62,-0.0607402197502857,0.1932195556572906,-0.8184716688905914,-6.2973237558403
12.64,-0.2870309988960605,0.2164468097830631,-1.0447624480363662,-6.318219004801029
12.66,-0.1766649415869254,0.1998683852036832,-0.9343963907272311,-6.336906932615573
12.68,-0.1458182855667962,0.242762725076775,-0.903549734707102,-6.354977927309715
12.7,-0.261030452414529,0.1784593702331952,-1.0187619015548348,-6.375353165340812
12.72,-0.1167372784239105,0.1972119928324711,-0.8744687275642162,-6.392842539892097
12.74,-0.2860131786909781,0.1476569413097188,-1.0437446278312839,-6.413717432448722
12.76,-0.2439613259252486,0.2160356224637933,-1.0016927750655544,-6.433751287950033
12.78,-0.2283434643318789,0.2536832192956159,-0.9860749134721847,-6.453472786219476
12.8,-0.1508772864900258,0.1971715256215939,-0.9086087356303316,-6.471644960932084
12.82,-0.0690491705189914,0.1991458261181209,-0.8267806196592972,-6.488180573325269
12.84,-0.3325682637077836,0.1989160996837356,-1.0902997128480894,-6.509986567582231
12.86,-0.4070908739280521,0.2350252604647797,-1.1648223230683579,-6.533283014043597
12.88,-0.1616292312802552,0.2370214791833653,-0.919360680420561,-6.55167022765201
12.9,-0.4928272838475387,0.169595672149643,-1.2505587329878445,-6.576681402311766
12.92,-0.2349773308333922,0.2200265626153461,-0.992708779973698,-6.596535577911239
12.94,-0.1713542843617115,0.2531575335672441,-0.9290857335020173,-6.615117292581279
12.96,-0.4512172533527036,0.1913174046231434,-1.2089487024930095,-6.639296266631141
12.98,-0.3413971352895895,0.1970456996763769,-1.0991285844298953,-6.661278838319738
13.0,-0.2773442350412434,0.1830526861456841,-1.0350756841815492,-6.681980352003369
13.02,-0.2541922397578939,0.1946194110147034,-1.0119236888981997,-6.702218825781332
13.04,-0.2403131963458949,0.1701635865563552,-0.9980446454862006,-6.722179718691056
13.06,-0.1917013677774013,0.2188547062654061,-0.9494328169177071,-6.741168375029411
13.08,-0.1563219282306548,0.1918474421286629,-0.9140533773709606,-6.75944944257683
13.1,-0.4289360100418916,0.2135852655644828,-1.1866674591821973,-6.783182791760474
13.12,-0.0891642798706162,0.1966422556211039,-0.846895729010922,-6.800120706340692
13.14,-0.2730819420670956,0.1939085957216309,-1.0308133912074013,-6.820736974164841
13.16,-0.2884606616798812,0.2564640335336966,-1.046192110820187,-6.8416608163812445
13.18,-0.1046589631331582,0.1894687600287719,-0.862390412273464,-6.8589086246267135
13.2,-0.3023577152687243,0.1978194318288387,-1.06008916440903,-6.880110407914894
13.22,-0.3426414255950636,0.1973224601953591,-1.1003728747353694,-6.902117865409603
13.24,-0.4636565209206746,0.2207590848009923,-1.2213879700609804,-6.926545624810823
13.26,-0.0855715765863295,0.1858546806568251,-0.8433030257266353,-6.943411685325355
13.28,-0.450523087777234,0.2333040153459126,-1.2082545369175397,-6.967576776063705
13.3,-0.3940077967987835,0.2298019229094531,-1.1517392459390892,-6.990611560982488
13.32,-0.4910319264435644,0.2161281372245538,-1.24876337558387,-7.015586828494166
13.34,-0.2831880569872557,0.186047939222001,-1.0409195061275613,-7.036405218616716
13.36,-0.4590854278554773,0.1896331953413787,-1.216816876995783,-7.060741556156631
13.38,-0.093661727689349,0.1399349276765972,-0.8513931768296548,-7.077769419693225
13.4,-0.316639377438254,0.1768956426384771,-1.0743708265785599,-7.099256836224796
13.42,-0.3737838267666244,0.2412241090726922,-1.1315152759069302,-7.121887141742934
13.44,-0.1880087790466478,0.2136316935996502,-0.9457402281869536,-7.140801946306673
13.46,-0.3621195237490148,0.249957065665515,-1.1198509728893207,-7.163198965764461
13.48,-0.2475219947708299,0.2137060143130069,-1.0052534439111356,-7.183304034642683
13.5,-0.1227476869655618,0.1980525821641103,-0.8804791361058676,-7.2009136173648
13.52,-0.3279916846047252,0.2030491800725309,-1.085723133745031,-7.2226280800397005
13.54,-0.2755784671332451,0.2066261488677767,-1.0333099162735508,-7.2432942783651715
13.56,-0.3194378295444475,0.1607960818189403,-1.0771692786847533,-7.264837663938868
13.58,-0.2675676014964616,0.2099737501833024,-1.0252990506367674,-7.285343644951603
13.6,0.1374015683337825,0.2275474372238763,-0.6203298808065233,-7.297750242567734
13.62,-0.4849337864458861,0.2214562163589252,-1.2426652355861918,-7.322603547279457
13.64,-0.1189979194291972,0.1801505280851497,-0.876729368569503,-7.340138134650848
13.66,-0.2210587781728245,0.2067264081043349,-0.9787902273131303,-7.3597139391971105
13.68,-0.3111149480347538,0.2015115807866984,-1.0688463971750597,-7.381090867140611
13.7,-0.1049245918508816,0.2253628071597087,-0.8626560409911874,-7.398343987960435
13.72,-0.0763606665256869,0.1948785059416685,-0.8340921156659926,-7.4150258302737555
13.74,-0.3337999961657627,0.2173812597138951,-1.0915314453060685,-7.436856459179876
13.76,-0.2358427122302883,0.1531817437566784,-0.9935741613705941,-7.456727942407287
13.78,-0.2978956103298289,0.1886303402764828,-1.0556270594701347,-7.477840483596689
13.8,-0.1699595770323342,0.2285801555011749,-0.92769102617264,-7.496394304120144
13.82,-0.2020295219672058,0.1797666013772366,-0.9597609711075116,-7.515589523542293
13.84,-0.2249985632552714,0.2333804819190564,-0.9827300123955771,-7.535244123790204
13.86,-0.1705671210122497,0.1885033355614001,-0.9282985701525555,-7.553810095193255
13.88,-0.160304336229471,0.1247639398860194,-0.9180357853697767,-7.572170810900652
13.9,-0.0425957218827772,0.2185726699792642,-0.8003271710230829,-7.588177354321114
13.92,-0.3237910426929267,0.1740406000301017,-1.0815224918332325,-7.609807804157778
13.94,-0.2275057171294482,0.2102438028634429,-0.985237166269754,-7.629512547483173
13.96,0.0748032052122378,0.2312456197470658,-0.682928243928068,-7.643171112361735
13.98,-0.2947732052671373,0.2071484909430994,-1.052504654407443,-7.664221205449883
14.0,-0.0698349172499204,0.1982676080253813,-0.8275663663902262,-7.680772532777687
14.02,-0.3343691300375522,0.2098141196829282,-1.092100579177858,-7.702614544361244
14.04,-0.1290147956953647,0.1807580872118545,-0.8867462448356704,-7.720349469257957
14.06,-0.2363625820975754,0.2438091184148943,-0.9940940312378812,-7.740231349882715
14.08,-0.1655796000749443,0.2586490718664992,-0.9233110492152501,-7.75869757086702
14.1,-0.2490279229667,0.2299547751395942,-1.0067593721070058,-7.77883275830916
14.12,-0.0576779896496932,0.1698680226352577,-0.8154094387899989,-7.79514094708496
14.14,-0.2170831592362496,0.2056667250643671,-0.9748146083765554,-7.814637239252492
14.16,-0.2319005929947077,0.1648502502789324,-0.9896320421350134,-7.8344298800951915
14.18,-0.1538595648585277,0.1704141028638145,-0.9115910139988335,-7.852661700375168
14.2,-0.295348604542178,0.1903280003335884,-1.0530800536824838,-7.873723301448817
14.22,-0.4902783999751381,0.2023713189806998,-1.2480098491154439,-7.898683498431128
14.24,-0.3890253529050742,0.1927143105412037,-1.14675680204538,-7.9216186344720345
14.26,-0.294175764701798,0.2083171026198675,-1.0519072138421037,-7.942656778748876
14.28,-0.0008728972718854,0.2147096977389608,-0.7586043464121912,-7.95782886567712
14.3,0.0672791783364443,0.2088785555713027,-0.6904522708038615,-7.9716379110931985
14.32,-0.3669496898104618,0.2021907076934739,-1.1246811389507676,-7.994131533872213
14.34,-0.1851783363052486,0.1941595690610166,-0.9429097854455544,-8.012989729581124
14.36,-0.2854780255499528,0.2437490088250674,-1.0432094746902585,-8.033853919074929
14.38,-0.1726464544655978,0.2049118389329567,-0.9303779036059036,-8.052461477147048
14.4,-0.3562269199248198,0.2179178775897747,-1.1139583690651256,-8.074740644528351
14.42,-0.1580788950620243,0.1739583758602189,-0.9158103442023301,-8.093056851412397
14.44,-0.2962784186727161,0.1668640927667568,-1.0540098678130219,-8.114137048768658
14.46,-0.3425903907450309,0.2071367234126493,-1.1003218398853367,-8.136143485566366
14.48,-0.2774968287125338,0.2015713871985084,-1.0352282778528394,-8.156848051123422
14.5,-0.4397362245972212,0.2235660400223487,-1.197467673737527,-8.180797404598172
14.52,-0.1158818771796007,0.1812595753474776,-0.8736133263199065,-8.198269671124569
14.54,-0.2989204299436618,0.1747236201847659,-1.0566518790839676,-8.219402708706248
14.56,-0.0154903396463258,0.212593376864879,-0.7732217887866316,-8.234867144481981
14.58,-0.0935469027849993,0.2248129486046763,-0.8512783519253051,-8.251892711520487
14.6,-0.0447143555947227,0.1518529340142099,-0.8024458047350285,-8.267941627615187
14.62,-0.2406825259520287,0.2311842062592981,-0.9984139750923344,-8.287909907117033
14.64,-0.0313226391772863,0.143210791231917,-0.789054088317592,-8.303690988883385
14.66,-0.03095295321186,0.2244913884023779,-0.7886844023521657,-8.319464676930428
14.68,-0.2359652183800817,0.1482248319828712,-0.9936966675203874,-8.339338610280835
14.7,-0.1793073684054959,0.180057535344889,-0.9370388175458016,-8.35807938663175
14.72,-0.0113318208309498,0.1815573398700858,-0.7690632699712555,-8.373460652031177
14.74,-0.1656317103653017,0.1933892573484866,-0.9233631595056074,-8.39192791522129
14.76,-0.2697592511858815,0.1598162748119126,-1.0274907003261873,-8.412477729227813
14.78,-0.0521962529546346,0.1361117112848647,-0.8099277020949404,-8.428676283269711
14.8,-0.0358245754398485,0.1649478001094299,-0.7935560245801543,-8.444547403761316
14.82,-0.2886022026551748,0.2110497603307675,-1.0463336517954804,-8.465474076797225
14.84,-0.1264537666153223,0.1880337638379497,-0.884185215755628,-8.483157781112338
14.86,-0.1760647250854776,0.1901073096347398,-0.9337961742257834,-8.501833704596853
14.88,-0.0411758847927949,0.1768898166648649,-0.7989073339331006,-8.517811851275516
14.9,-0.266030419863568,0.1880090466962918,-1.0237618690038737,-8.538287088655593
14.92,-0.0158685897453094,0.2054189912683427,-0.7736000388856151,-8.553759089433305
14.94,-0.062224877069931,0.2301658561736805,-0.8199563262102367,-8.570158215957509
14.96,-0.218629825350038,0.1786650521405109,-0.9763612744903438,-8.589685441447317
14.98,-0.2385900884031056,0.1779498657279767,-0.9963215375434114,-8.609611872198185
15.0,-0.3132600183183592,0.1742749863019274,-1.070991467458665,-8.631031701547357
15.02,0.0018023091849191,0.2137169567766216,-0.7559291399553867,-8.646150284346465
15.04,-0.2860089301686618,0.2046240436210412,-1.0437403793089675,-8.667025091932643
15.06,-0.1909867893161871,0.1591509592351901,-0.9487182384564928,-8.685999456701774
15.08,0.0636301733979841,0.203621490030044,-0.6941012757423217,-8.69988148221662
15.1,-0.0686118964329655,0.1763911366550385,-0.8263433455732713,-8.716408349128084
15.12,-0.1264721335264345,0.1676916054347275,-0.8842035826667403,-8.734092420781419
15.14,-0.1320969308145872,0.1812006703262312,-0.889828379954893,-8.751888988380518
15.16,-0.1860298664538623,0.1899284432057813,-0.9437613155941681,-8.7707642146924
15.18,-0.3278092938184366,0.1661008718409447,-1.0855407429587425,-8.792475029551575
15.2,-0.0895686166150044,0.1602987303048106,-0.8473000657553101,-8.80942103086668
15.22,-0.2952353091092676,0.229745679401251,-1.0529667582495734,-8.830480366031674
15.24,0.1024843672117026,0.1851842346446885,-0.6552470819286031,-8.843585307670246
15.26,-0.3523483510528556,0.1916486317221463,-1.1100798001931613,-8.865786903674108
15.28,-0.1895805646655242,0.1917982636090409,-0.94731201380583,-8.884733143950225
15.3,-0.1495794760912793,0.1801176398895766,-0.9073109252315851,-8.902879362454858
15.32,-0.2255106606876869,0.1603004622427895,-0.9832421098279926,-8.922544204651418
15.34,-0.1469438950752024,0.20827629111142,-0.9046753442155082,-8.940637711535727
15.36,-0.0659207750146943,0.2113332862312917,-0.8236522241550001,-8.957110756018826
15.38,0.0280254401147254,0.2011788057317342,-0.7297060090255804,-8.97170487619934
15.4,-0.1284749712660717,0.1567836158711459,-0.8862064204063775,-8.989429004607468
15.42,-0.1459474142347476,0.1930669121726025,-0.9036788633750534,-9.007502581874968
15.44,-0.0993982604931588,0.1925464866350894,-0.8571297096334646,-9.024645176067636
15.46,-0.1363889401234963,0.1866451254530867,-0.8941203892638021,-9.042527583852914
15.48,-0.2312799400075381,0.1466223990219587,-0.9890113891478438,-9.06230781163587
15.5,-0.1391252099546415,0.2010842729726737,-0.8968566590949473,-9.08024494481777
15.52,0.0122536314926714,0.2064445718735652,-0.7454778176476343,-9.095154501170722
15.54,-0.1243396275637159,0.1702733111766063,-0.8820710767040216,-9.112795922704802
15.56,-0.1356408356322593,0.1868416190104927,-0.893372284772565,-9.130663368400254
15.58,-0.1507466779669042,0.1708124525438101,-0.90847812710721,-9.148832930942397
15.6,-0.0636897672822046,0.1922183146200899,-0.8214212164225103,-9.165261355270847
15.62,-0.0816847493170793,0.1555323238169887,-0.839416198457385,-9.182049679239993
15.64,-0.0761929092314642,0.1824416290432484,-0.8339243583717699,-9.19872816640743
15.66,-0.1690659206780425,0.2106192973191094,-0.9267973698183483,-9.217264113803795
15.68,-0.4126408984302638,0.1665319349646636,-1.1703723475705696,-9.240671560755207
15.7,-0.2029893942542091,0.1852918578789969,-0.9607208433945149,-9.259885977623096
15.72,-0.1312641699733532,0.1655122118571393,-0.888995619113659,-9.27766589000537
15.74,-0.2359149437368025,0.1684896671862046,-0.9936463928771082,-9.297538817862911
15.76,-0.0420272585814341,0.1602218211815002,-0.7997587077217398,-9.313533992017346
15.78,-0.2315700089098035,0.1418176308078965,-0.9893014580501093,-9.333320021178348
15.8,-0.3896956833480304,0.1166748278371785,-1.1474271324883363,-9.356268563828117
15.82,-0.0208469984453688,0.2002227168262756,-0.7785784475856745,-9.37184013277983
15.84,-0.1477690548427134,0.1945802128827131,-0.9055005039830192,-9.38995014285949
15.86,-0.1175837879530013,0.1750936615991694,-0.875315237093307,-9.407456447601357
15.88,-0.3319235595582255,0.1826156496549227,-1.0896550086985313,-9.42924954777533
15.9,-0.1592305051451066,0.1735985298862959,-0.9169619542854124,-9.447588786861038
15.92,-0.1323192747772819,0.1675655062868795,-0.8900507239175877,-9.46538980133939
15.94,-0.1048027721424865,0.1634469326927007,-0.8625342212827922,-9.482640485765046
15.96,-0.0029068503133265,0.1910774966554221,-0.7606382994536323,-9.497853251754119
15.98,-0.1877443016226811,0.1565381350910373,-0.9454757507629868,-9.516762766769379
16.0,-0.137080038303601,0.1328181361180879,-0.8948114874439068,-9.534658996518257
16.02,0.0972779648870503,0.1646165062981945,-0.6604534842532555,-9.547868066203321
16.04,-0.1245399981886728,0.2219288760887039,-0.8822714473289786,-9.5655134951499
16.06,0.0689271986486295,0.1875608413475826,-0.6888042504916763,-9.579289580159735
16.080000000000002,-0.3150872520117067,0.1716767273615061,-1.0728187011520125,-9.600745954182779
16.1,-0.1236933326182183,0.1601664813977032,-0.8814247817585241,-9.61837444981795
16.12,0.0482083099414152,0.1640476577197076,-0.7095231391988905,-9.632564912601927
16.14,-0.0150754603199296,0.1813176493780281,-0.7728069094602353,-9.648021050791131
16.16,0.0856096598887863,0.1510464418230367,-0.6721217892515194,-9.661463486576162
16.18,-0.1407937893129797,0.1669461088812808,-0.8985252384532855,-9.679433991345228
16.2,-0.0789350958088303,0.142347282257452,-0.8366665449491361,-9.69616732224421
16.22,-0.3788616977445463,0.160058915894859,-1.136593146884852,-9.718899185181908
16.240000000000002,-0.262200762428816,0.1577006200283124,-1.0199322115691218,-9.739297829413292
16.26,-0.0275912467272368,0.1505025756405739,-0.7853226958675426,-9.755004283330642
16.28,-0.1655374641680554,0.1433240229121507,-0.9232689133083611,-9.77346966159681
16.3,0.0139709442583231,0.2017116029281203,-0.7437605048819826,-9.788344871694449
16.32,-0.1238037302169608,0.159546965031651,-0.8815351793572666,-9.805975575281593
16.34,-0.01995004824463,0.0970094529003565,-0.7776814973849357,-9.821529205229291
16.36,-0.1862587624981713,0.1672911424986994,-0.9439902116384771,-9.84040900946206
16.38,-0.2095412106778788,0.1458723166240705,-0.9672726598181846,-9.859754462658424
16.4,0.0494632834898806,0.1597990496201665,-0.7082681656504252,-9.873919825971432
16.42,-0.0115419746428059,0.1898820220639444,-0.7692734237831117,-9.889305294447096
16.44,-0.0775815569301461,0.1423969633109839,-0.8353130060704519,-9.906011554568504
16.46,0.0243515750041269,0.1705948970733848,-0.7333798741361789,-9.920679152051228
16.48,0.0322103182776296,0.1720855671010504,-0.7255211308626761,-9.935189574668481
16.5,0.0637816555276617,0.1312960493115872,-0.6939497936126441,-9.949068570540733
16.52,-0.1123632223784609,0.1809048608485284,-0.8700946715187666,-9.966470463971108
16.54,-0.1612898745910248,0.1531750453129706,-0.9190213237313306,-9.984850890445735
16.56,-0.0643059612786553,0.1861950838700418,-0.8220374104189611,-10.001291638654113
16.580000000000002,-0.0260143817730027,0.1519063457017809,-0.7837458309133085,-10.016966555272381
16.6,-0.2266891248808946,0.1711913293785314,-0.9844205740212004,-10.036654966752804
16.62,-0.3330747921595151,0.1449507505753851,-1.0908062412998207,-10.0584710915788
16.64,-0.0152147908205734,0.2093006360603242,-0.7729462399608792,-10.073930016378018
16.66,0.0852472787890231,0.1598859218123001,-0.6724841703512827,-10.087379699785043
16.68,-0.0459708565831207,0.1736409947016186,-0.8037023057234265,-10.103453745899511
16.7,-0.0906719024266342,0.1199979359997825,-0.84840335156694,-10.12042181293085
16.72,-0.0360228640972081,0.1653130395053034,-0.7937543132375139,-10.1362968991956
16.740000000000002,-0.0312286051323865,0.1929288219500273,-0.7889600542726922,-10.152076100281056
16.76,-0.1771068489715332,0.1761586723477972,-0.9348382981118389,-10.170772866243292
16.78,-0.0206546044268547,0.1094890953583645,-0.7783860535671605,-10.186340587314634
16.8,0.090422982341667,0.1481610586467742,-0.6673084667986388,-10.199686756650607
16.82,-0.0022285754985456,0.1690920137390884,-0.7599600246388514,-10.214885957143384
16.84,-0.0661880106093589,0.1481538709528361,-0.8239194597496646,-10.231364346338378
16.86,0.0432928174072904,0.1174792870465046,-0.7144386317330154,-10.245653118973038
16.88,0.0272867678885047,0.1772882954903691,-0.7304446812518011,-10.260262012598075
16.9,-0.1677287985499446,0.1466763162590527,-0.9254602476902504,-10.27877121755188
16.92,0.1136603675990873,0.1384395639071198,-0.6440710815412185,-10.291652639182706
16.94,0.0575522841023714,0.1018929373652025,-0.7001791650379343,-10.305656222483464
16.96,0.001523291860999,0.1161327002281527,-0.7562081572793068,-10.32078038562905
16.98,0.0182754591585867,0.117504312992199,-0.739455989981719,-10.335569505428683
17.0,-0.0093338707679048,0.1191857444504803,-0.7670653199082106,-10.350910811826846
17.02,-0.12377883323412,0.1444509568665046,-0.8815102823744257,-10.368541017474335
17.04,0.0439082705247751,0.143787586127817,-0.7138231786155307,-10.382817481046645
17.06,-0.0270814999561736,0.0899188948357414,-0.7848129490964794,-10.398513740028575
17.080000000000002,0.1050189503319615,0.0763542440832396,-0.6527124988083443,-10.411567990004743
17.1,-0.0918093466374873,0.1346840070522179,-0.8495407957777931,-10.428558805920298
17.12,-0.1192922062458466,0.162316016255653,-0.8770236553861523,-10.44609927902802
17.14,-0.1312740552362819,0.0928158555280681,-0.8890055043765877,-10.463879389115553
17.16,0.1009559380207059,0.1464020380813994,-0.6567755111195999,-10.477014899337945
17.18,-0.0277038045915591,0.142953856779043,-0.7854352537318648,-10.492723604412582
17.2,-0.0870664529548063,0.1052120804908195,-0.8447979020951121,-10.509619562454484
17.22,-0.1718618841791761,0.1627932735400678,-0.9295933333194819,-10.528211429120873
17.240000000000002,0.287466449620017,0.1789491435350052,-0.4702649995202888,-10.53761672911128
17.26,-0.0053264645010129,0.1642731551619472,-0.7630579136413187,-10.552877887384106
17.28,-0.0909603331727238,0.0861399599651681,-0.8486917823130296,-10.569851723030366
17.3,-0.0703681769796938,0.1257924980754189,-0.8280996261199995,-10.586413715552766
17.32,0.1278551166204562,0.1410678846797484,-0.6298763325198495,-10.599011242203163
17.34,-0.0456258581767122,0.1098757116248534,-0.8033573073170179,-10.615078388349504
17.36,-0.1387630082494671,0.1092845763835379,-0.8964944573897728,-10.6330082774973
17.38,-0.0191424707855274,0.1140051342534364,-0.7768739199258332,-10.648545755895816
17.400000000000002,0.189308763111947,0.1484626515887791,-0.5684226860283588,-10.659914209616385
17.42,0.1446895889072492,0.1221950864991328,-0.6130418602330565,-10.672175046821046
17.44,0.1551445516152928,0.1096703424414902,-0.6025868975250129,-10.684226784771546
17.46,-0.0832638536798834,0.1473968511511316,-0.8409953028201892,-10.70104669082795
17.48,-0.173791759597013,0.1243675854247039,-0.9315232087373188,-10.719677155002696
17.5,-0.0449649508338602,0.1487251111452667,-0.802696399974166,-10.735731083002179
17.52,-0.0478120892378388,0.0911215789447096,-0.8055435383781445,-10.751841953769741
17.54,0.0039262870858741,0.1914279886603764,-0.7538051620544317,-10.76691805701083
17.56,0.1152850717445082,0.1546392782444426,-0.6424463773957976,-10.779766984558746
17.580000000000002,-0.0608712340303338,0.1420451177919213,-0.8186026831706396,-10.796139038222162
17.6,-0.084670798414507,0.1110628325796188,-0.8424022475548127,-10.812987083173258
17.62,-0.1219813581531576,0.1444324383698721,-0.8797128072934634,-10.830581339319128
17.64,0.0984782443673012,0.1413608076130931,-0.6592532047730045,-10.843766403414588
17.66,0.0616029453247674,0.1324938933394463,-0.6961285038155384,-10.857688973490898
17.68,0.1214481403369628,0.0913909349416214,-0.6362833088033429,-10.870414639666965
17.7,-0.1385682868162625,0.1367561073322162,-0.8962997359565683,-10.888340634386095
17.72,-0.040675214831897,0.1364809740148646,-0.7984066639722027,-10.904308767665539
17.740000000000002,0.1729138997774526,0.1318702428471904,-0.5848175493628531,-10.916005118652798
17.76,0.068271292915025,0.1511180865213291,-0.6894601562252808,-10.929794321777303
17.78,0.1629728440708691,0.1730890149316755,-0.5947586050694367,-10.941689493878691
17.8,0.1384936612996036,0.1601743346836159,-0.6192377878407022,-10.954074249635505
17.82,0.1124616796368632,0.1217372586157067,-0.6452697695034426,-10.966979645025575
17.84,-0.0476628442801393,0.1165157388106648,-0.8053942934204451,-10.983087530893982
17.86,0.0135690149629594,0.1347882534901962,-0.7441624341773464,-10.997970779577528
17.88,0.0668435114326768,0.033087886163162,-0.6908879377076289,-11.01178853833168
17.900000000000002,0.3121354643868368,0.1466772233226627,-0.44559598475346895,-11.020700458026752
17.92,0.1207567907623045,0.091252056305756,-0.6369746583780013,-11.033439951194312
17.94,0.0219413282890576,0.1334674271949977,-0.7357901208512482,-11.048155753611336
17.96,0.0570911030103966,0.1197339247473413,-0.7006403461299092,-11.062168560533934
17.98,0.0882281226904985,0.1144276007363225,-0.6695033264498073,-11.075558627062929
18.0,0.0147050518134248,0.1057083121132722,-0.7430263973268809,-11.090419155009466
18.02,0.127274512352931,0.1265655275049753,-0.6304569367873748,-11.103028293745213
18.04,0.1730229865095327,0.0669471444335772,-0.584708462630773,-11.114722462997829
18.06,0.3379851904173376,0.0919685728309846,-0.41974625872296817,-11.123117388172288
18.08,0.2271659902290141,0.1219840921572718,-0.5305654589112917,-11.133728697350513
18.1,0.0832579085269365,0.1080633588119085,-0.6744735406133693,-11.147218168162782
18.12,-0.0269144805879972,0.1008653380180581,-0.7846459297283029,-11.162911086757347
18.14,-0.0960192915647037,0.0984891522979075,-0.8537507407050094,-11.179986101571448
18.16,0.1697907368449385,0.1155133494854927,-0.5879407122953673,-11.191744915817354
18.18,0.1994481245320474,0.1282916178524112,-0.5582833246082584,-11.202910582309519
18.2,0.2328789108155535,0.0789274453115999,-0.5248525383247522,-11.213407633076013
18.22,0.0936277370115305,0.1057305888462693,-0.6641037121287753,-11.226689707318588
18.24,0.0598838443235009,0.1191132752391776,-0.6978476048168049,-11.240646659414924
18.26,0.0496648706711781,0.0891923243570194,-0.7080665784691277,-11.25480799098431
18.28,0.159742998587682,0.1224608481830131,-0.5979884505526237,-11.26676775999536
18.3,-0.1855262083848249,0.0797478621718618,-0.9432576575251307,-11.285632913145863
18.32,-0.1459556279142317,0.1320308969329523,-0.9036870770545374,-11.303706654686954
18.34,-0.2332878828683396,0.0971319460765731,-0.9910193320086453,-11.323527041327125
18.36,0.012370915579114,0.0907995371227238,-0.7453605335611918,-11.338434251998349
18.38,0.0519928001047042,0.1209381752828723,-0.7057386490356016,-11.35254902497906
18.4,0.2118300927577939,0.0915667315670498,-0.5459013563825119,-11.36346705210671
18.42,0.074900944097142,0.1130623874296832,-0.6828305050431638,-11.377123662207575
18.44,0.1346845232028448,0.0850944828701038,-0.6230469259374609,-11.389584600726325
18.46,0.0580717299410442,0.1186344908714636,-0.6996597191992615,-11.40357779511031
18.48,0.0148951442446581,0.1046730463617321,-0.7428363048956477,-11.418434521208223
18.5,-0.0563736341093134,0.0877371007142744,-0.8141050832496192,-11.434716622873214
18.52,0.1069322060242529,0.1326565765469265,-0.6507992431160529,-11.447732607735535
18.54,0.0740693711531373,0.0446340760345644,-0.6836620779871685,-11.461405849295279
18.56,-0.0475905532428515,0.0884684419485654,-0.8053220023831573,-11.477512289342942
18.58,0.0136286790129268,0.0918626581755119,-0.744102770127379,-11.492394344745488
18.6,-0.0462189603830373,0.0915737936187991,-0.8039504095233431,-11.508473352935958
18.62,-0.0185802218431113,0.1326491313040111,-0.776311670983417,-11.523999586355627
18.64,0.2341535847448061,0.0869226916455348,-0.5235778643954997,-11.534471143643536
18.66,0.1313753916720888,0.1266239925467199,-0.626356057468217,-11.5469982647929
18.68,0.1509016527265705,0.0961273179698231,-0.6068297964137352,-11.559134860721175
18.7,-0.0247453775606992,0.0798701008480031,-0.7824768267010049,-11.574784397255195
18.72,0.021661145419103,0.0645561288914461,-0.7360703037212027,-11.589505803329619
18.74,0.2385064475514545,0.0982134173785055,-0.5192250015888513,-11.599890303361395
18.76,0.0114190623221785,0.0786986118622255,-0.7463123868181273,-11.61481655109776
18.78,0.0199404269661274,0.1013090661125562,-0.7377910221741784,-11.629572371541244
18.8,0.1761664082136861,0.0762136108476356,-0.5815650409266196,-11.641203672359776
18.82,0.2387211409345785,0.1422781055977796,-0.5190103082057272,-11.65158387852389
18.84,0.2470311733232125,0.0880091791152566,-0.5107002758170933,-11.661797884040233
18.86,0.1268846767180472,0.093256888717991,-0.6308467724222586,-11.674414819488678
18.88,0.0274544218924046,0.1111059080028428,-0.7302770272479011,-11.689020360033636
18.9,0.1463486763608324,0.0655104509318672,-0.6113827727794734,-11.701248015489226
18.92,0.1658972560148275,0.0831868350332722,-0.5918341931254782,-11.713084699351738
18.94,0.0797223184529092,0.1107595562325886,-0.6780091306873965,-11.726644881965486
18.96,0.0792952466208933,0.0827175696612,-0.6784362025194125,-11.740213606015875
18.98,0.2001141920393152,0.0736976898315765,-0.5576172571009905,-11.751365951157894
19.0,0.3457919180006022,0.080793262914203,-0.41193953113970355,-11.759604741780688
19.02,-0.0897580459934212,0.0991212488194974,-0.847489495133727,-11.776554531683361
19.04,0.117506308248884,0.1098332893873643,-0.6402251408914218,-11.789359034501189
19.06,-0.0755996714392301,0.0647629196568941,-0.8333311205795358,-11.806025656912778
19.08,0.1239437877966253,0.1139480632767832,-0.6337876613436805,-11.818701410139651
19.1,0.0795737778942257,0.1153436200267106,-0.6781576712460801,-11.832264563564575
19.12,0.3625227110526631,0.0871801803905351,-0.3952087380876427,-11.840168738326328
19.14,0.1842285449099391,0.1471771404285577,-0.5735029042303667,-11.851638796410935
19.16,-0.0070442041431553,0.1081172501667285,-0.7647756532834611,-11.866934309476603
19.18,0.3091540302340908,0.0829775989990501,-0.44857741890621494,-11.875905857854727
19.2,-0.0620375999479218,0.101715266150138,-0.8197690490882276,-11.892301238836492
19.22,0.2078811906832199,0.0551056784490792,-0.5498502584570859,-11.903298244005633
19.24,0.3437145641717264,0.0455157007184492,-0.41401688496857936,-11.911578581705005
19.26,0.1756194639246325,0.0845547665386909,-0.5821119852156733,-11.92322082140932
19.28,0.2157663139402137,0.0650532941802234,-0.541965135200092,-11.934060124113321
19.3,0.1956050294086119,0.072732765287583,-0.5621264197316939,-11.945302652507955
19.32,0.1171065197838043,0.0836423711307733,-0.6406249293565015,-11.958115151095084
19.34,0.1692677102954418,0.0957508904882308,-0.5884637388448639,-11.969884425871982
19.36,-0.0437622382345229,0.0534345307759094,-0.8014936873748286,-11.985914299619479
19.38,0.2063702334238006,0.1113853781236137,-0.5513612157165052,-11.996941523933808
19.4,0.0564656155516758,0.1092806524994735,-0.7012658335886299,-12.01096684060558
19.42,0.2424518850553354,0.0870225444539159,-0.5152795640849703,-12.021272431887281
19.44,0.1034187232633724,0.1130272559040672,-0.6543127258769333,-12.03435868640482
19.46,0.1307251106009875,0.0728600340532644,-0.6270063385393183,-12.046898813175606
19.48,0.1188050543814811,0.0514583571636276,-0.6389263947588246,-12.059677341070781
19.5,0.0483194456843832,0.0889800854122809,-0.7094120034559226,-12.073865581139898
19.52,0.2106201889756379,0.0957024333974165,-0.5471112601646679,-12.084807806343191
19.54,0.1170521671871691,0.0830472646058896,-0.6406792819531366,-12.097621391982253
19.56,0.02392275744934,0.0704926749366074,-0.7338086916909657,-12.112297565816071
19.58,0.0950546978539986,0.0754943994169269,-0.6626767512863072,-12.125551100841797
19.6,0.1295483052686264,0.0758694103746756,-0.6281831438716794,-12.138114763719232
19.62,0.2001087237739936,0.0697578190193964,-0.5576227253663122,-12.149267218226557
19.64,0.1774854157762319,0.0818314124650838,-0.5802460333640739,-12.160872138893838
19.66,0.0980791900760331,0.0609754699901989,-0.6596522590642727,-12.174065184075124
19.68,0.1885219820506639,0.0924317896777334,-0.5692094670896419,-12.185449373416917
19.7,0.4248485754707828,0.104312664984641,-0.33288287366952296,-12.192107030890307
19.72,0.1243315431740671,0.1029326605089235,-0.6333999059662386,-12.204775029009632
19.74,-0.1809180098981054,0.0693068298662575,-0.9386494590384111,-12.2235480181904
19.76,0.0213878462848284,0.0984218808039036,-0.7363436028554774,-12.238274890247512
19.78,0.080882919123381,0.0886357991516513,-0.6768485300169248,-12.25181186084785
19.8,0.3025125826545415,0.0723901005117628,-0.45521886648576426,-12.260916238177565
19.82,0.3085019024925984,0.0914962120390227,-0.44922954664770737,-12.269900829110519
19.84,0.1036532255907642,0.0315431803606016,-0.6540782235495416,-12.28298239358151
19.86,0.1900131248327289,0.0868225382589097,-0.5677183243075768,-12.29433676006766
19.88,0.1516597061110818,0.0430049352681647,-0.606071743029224,-12.306458194928243
19.9,0.01503153707875,0.031679387001975,-0.7426999120615557,-12.321312193169474
19.92,0.1765670557297897,0.0676463834245477,-0.5811643934105161,-12.332935481037687
19.94,0.2112646686140009,0.0342396134316102,-0.5464667805263048,-12.343864816648212
19.96,0.0402564942880706,0.0727972661396354,-0.7174749548522352,-12.358214315745256
19.98,0.1975981912344786,0.0866019004109168,-0.5601332579058271,-12.369416980903372
20.0,0.3059187705999021,0.0626304165725908,-0.4518126785404037,-12.37845323447418
20.02,-0.0344587346807827,0.0617359044958215,-0.7921901838210885,-12.3942970381506
20.04,0.195222372696442,0.0486190972196227,-0.5625090764438638,-12.405547219679478
20.06,0.2678304407093582,0.076224266892202,-0.4899010084309476,-12.415345239848097
20.08,0.2979112232730629,0.015231066782504,-0.45982022586724286,-12.424541644365442
20.1,0.0417618408302419,0.0246992162935424,-0.7159696083100638,-12.438861036531646
20.12,0.1297219131492475,0.0274050052793509,-0.6280095359910582,-12.451421227251467
20.14,0.1819835410516518,0.0887798555244357,-0.575747908088654,-12.46293618541324
20.16,0.3054270699536162,0.0354204644894826,-0.4523043791866896,-12.471982272996973
20.18,0.4154320918927196,0.0578028698740123,-0.34229935724758614,-12.478828260141924
20.2,0.2075922686273583,0.047438769868758,-0.5501391805129474,-12.489831043752183
20.22,0.3354440291193156,0.0458502194282443,-0.4222874200209902,-12.498276792152602
20.24,0.1611646805095901,0.0124097882301595,-0.5965667686307157,-12.510208127525216
20.26,0.1409302125329269,0.0688726514497688,-0.6168012366073788,-12.522544152257366
20.28,0.3142521191646664,0.0136920714732585,-0.4434793299756394,-12.531413738856878
20.3,0.3815755398822605,0.0359059897263243,-0.37615590925804526,-12.538936857042039
20.32,0.4119697386617124,0.0390464403681867,-0.3457617104785934,-12.54585209125161
20.34,0.1008309794446879,0.0759695498784626,-0.6569004696956179,-12.558990100645524
20.36,0.0674061826717063,0.0492228833812802,-0.6903252664685995,-12.572796605974895
20.38,0.3895583417386176,0.0744871917540078,-0.3681731074016882,-12.580160068122929
20.4,-0.0652398884113257,0.0249736439528094,-0.8229713375516314,-12.596619494873961
20.42,0.1651128460247758,0.0716916229182138,-0.5926186031155299,-12.608471866936274
20.44,0.1169041929528392,0.0420580051168381,-0.6408272561874666,-12.621288412060023
20.46,0.3612247407048568,0.0499475763630232,-0.396506708435449,-12.629218546228731
20.48,0.2096719226610981,0.0286673239647768,-0.5480595264792076,-12.640179736758315
20.5,0.2584682096838668,0.0594076215038902,-0.49926323945643897,-12.650165001547443
20.52,0.2163232815153911,0.0882471824272115,-0.5414081676249147,-12.66099316489994
20.54,0.1648238211575202,0.0733871736544676,-0.5929076279827856,-12.672851317459596
20.56,0.2666440743015756,0.0695096773279723,-0.49108737483873016,-12.68267306495637
20.58,0.0845718574507899,0.0419880657388283,-0.6731595916895159,-12.69613625679016
20.6,0.0728812510561799,0.0619373437227255,-0.6848501980841258,-12.709833260751845
20.62,0.1469491215204602,0.0268592108060046,-0.6107823276198456,-12.722048907304242
20.64,0.1761368817840288,0.0440769539583571,-0.581594567356277,-12.733680798651367
20.66,0.1127328467830274,0.0243910366830668,-0.6449986023572784,-12.746580770698513
20.68,0.2143920484303975,0.0399483841950979,-0.5433394007099083,-12.75744755871271
20.7,0.4673602941575676,0.0907241657757905,-0.2903711549827382,-12.763254981812365
20.72,0.1701121323082611,0.0405892646785429,-0.5876193168320447,-12.775007368149005
20.74,0.3117923154804572,0.029225875977038,-0.44593913365984855,-12.783926150822202
20.76,0.1677433865816021,0.0017569755082091,-0.5899880625587037,-12.795725912073378
20.78,0.3452159983812066,0.051621850216265,-0.4125154507590992,-12.80397622108856
20.8,0.0674303036964932,0.0058949468272836,-0.6903011454438126,-12.817782243997435
20.82,0.3143817247076634,0.0545382653979339,-0.44334972443264237,-12.826649238486088
20.84,0.2495271926810495,0.0355667958423808,-0.5082042564592563,-12.836813323615273
20.86,0.2573710729284541,0.0129183591443827,-0.5003603762118516,-12.84682053113951
20.88,0.0566553508602197,0.00893136105755,-0.7010760982800861,-12.860842053105111
20.9,0.1532214306666943,0.0543801891040747,-0.6045100184736114,-12.872932253474584
20.92,0.3733222898259738,0.0515329862722627,-0.38440915931433195,-12.880620436660871
20.94,0.0267526849451522,0.0410509558313922,-0.7309787641951536,-12.895240011944773
20.96,0.1620139628156583,0.0704038301452712,-0.5957174863246475,-12.907154361671266
20.98,0.2662507371405681,0.0611320289333777,-0.4914807119997377,-12.91698397591126
21.0,0.4482172342832975,0.0199207147623298,-0.30951421485700825,-12.9231742602084
21.02,0.3578481047920899,0.0220016405659464,-0.3998833443482159,-12.931171927095365
21.04,0.3779963235127376,0.0448444508260018,-0.37973512562756817,-12.938766629607915
21.06,0.1579744236674263,0.0275240521773591,-0.5997570254728795,-12.950761770117373
21.08,0.2375694380900043,0.0430567667272237,-0.5201620110503015,-12.961165010338378
21.1,0.1258059840054039,0.045132262176241,-0.6319254651349019,-12.973803519641079
21.12,0.1786533772101797,0.011952319198824,-0.5790780719301261,-12.98538508107968
21.14,0.2295163923617123,0.0408550624135776,-0.5282150567785935,-12.995949382215253
21.16,0.1257014978200629,0.0168016218837546,-0.6320299513202429,-13.008589981241657
21.18,0.3753418666985683,0.0670367009550074,-0.3823895824417375,-13.016237772890491
21.2,0.2229589097429139,0.0242365659975136,-0.5347725393973919,-13.026933223678439
21.22,0.1742164791452279,-0.0076394592836438,-0.5835149699950779,-13.03860352307834
21.24,0.1127428608558427,0.0455686339050316,-0.644988588284463,-13.051503294844029
21.26,0.3698787022924437,0.0059155095237299,-0.3878527468478621,-13.059260349780986
21.28,0.2978873947431952,0.0529050530580967,-0.45984405439711057,-13.068457230868928
21.3,0.184578585812616,0.057393625740954,-0.5731528633276898,-13.079920288135481
21.32,0.0752063450013837,-0.009451042252068,-0.6825251041389221,-13.093570790218259
21.34,0.3156820146957212,0.0075812325408941,-0.44204943444458455,-13.10241177890715
21.36,0.2013437763806692,0.0751557849497999,-0.5563876727596366,-13.113539532362342
21.38,0.3352585032291965,0.026312917005571,-0.4224729459111093,-13.121988991280563
21.4,0.2233112051625539,0.019505767710172,-0.5344202439777519,-13.132677396160119
21.42,0.391875970970915,0.0235336024606437,-0.3658554781693908,-13.139994505723507
21.44,0.2158090590924633,0.017959613881316,-0.5419223900478425,-13.150832953524464
21.46,0.4129539611198389,0.0297052600030349,-0.34477748802046687,-13.157728503284874
21.48,0.3192317209172405,0.0110384077449007,-0.43849972822306527,-13.166498497849336
21.5,0.0621854875714662,0.0138984416515716,-0.6955459615688395,-13.180409417080712
21.52,0.1885708940229833,0.0477271470335626,-0.5691605551173224,-13.191792628183059
21.54,0.4111580495570284,-0.0057478696965142,-0.3465733995832774,-13.198724096174724
21.56,0.258216490578938,0.0050828770942812,-0.4995149585613678,-13.20871439534595
21.58,0.1622796912794628,-0.0033776666579582,-0.5954517578608429,-13.220623430503167
21.6,0.2366872123354929,0.0436809408286625,-0.5210442368048129,-13.231044315239265
21.62,0.3643575182960729,0.0028917386936029,-0.3933739308442329,-13.238911793856149
21.64,0.2719612397890099,-0.0047978330347728,-0.4857702093512959,-13.248627198043174
21.66,0.2042449201151233,-0.0218161511235238,-0.5534865290251825,-13.259696928623677
21.68,0.0244793156197491,0.0137252445780785,-0.7332521335205566,-13.274361971294088
21.7,0.4292766820636244,0.0351412717678349,-0.32845476707668136,-13.28093106663562
21.72,0.1168820861162374,-0.0147777920746211,-0.6408493630240684,-13.2937480538961
21.74,0.3555270694822021,0.0077770520815495,-0.4022043796581037,-13.301792141489262
21.76,0.0427698405825963,-0.0070926793081916,-0.7149616085577095,-13.316091373660418
21.78,0.1625322934372419,-0.029128811946308,-0.5951991557030638,-13.32799535677448
21.8,0.1251620386581007,0.0216278997074027,-0.632569410482205,-13.340646744984124
21.82,0.332074284134161,0.0280970643852591,-0.42565716500614476,-13.349159888284246
21.84,0.1602120692027286,0.0207098346664698,-0.5975193799375772,-13.361110275882998
21.86,0.2979579931707476,-0.0103594045696297,-0.45977345596955815,-13.370305745002389
21.88,0.4392453670745966,-0.0053291347569105,-0.31848608206570916,-13.376675466643702
21.9,0.2452496138664992,0.0369295579068677,-0.5124818352738065,-13.386925103349178
21.92,0.1238108690546157,0.0035315774439056,-0.6339205800856901,-13.399603514950893
21.94,0.192838849346891,-0.0073747633356661,-0.5648925997934148,-13.410901366946762
21.96,0.1099827720143417,-0.0281954310902168,-0.6477486771259641,-13.42385634048928
21.98,0.3316757056044743,-0.0477578576750919,-0.4260557435358315,-13.432377455359996
22.0,0.3148001690797889,0.0009311679729156,-0.44293128006051685,-13.441236080961206
22.02,0.2677056981005839,0.0135620083352089,-0.49002575103972185,-13.451036595982
22.04,0.1041739530447941,-0.0353244156114174,-0.6535574960955117,-13.46410774590391
22.06,-0.0322356075554121,0.0253576761984688,-0.7899670566957179,-13.479907087037823
22.08,0.1887577202639824,0.0029270792311024,-0.5689737288763234,-13.491286561615349
22.1,0.1922090759811261,0.0192307279429272,-0.5655223731591796,-13.502597009078533
22.12,0.1142468791412775,0.0287409677863518,-0.6434845699990283,-13.515466700478514
22.14,0.1240602515080134,0.0143925543918991,-0.6336711976322924,-13.52814012443116
22.16,0.1863811379071073,0.0530985865629458,-0.5713503112331985,-13.539567130655822
22.18,0.3260317351028003,-0.0078841732108834,-0.43169971403750546,-13.548201124936572
22.2,-0.0191231226767836,-0.0116623664826322,-0.7768545718170894,-13.563738216372913
22.22,0.1720611493927535,-0.0222543971526671,-0.5856702997475522,-13.575451622367863
22.24,0.3397172465247874,0.0284993116402139,-0.41801420261551836,-13.583811906420173
22.26,-0.029705280208148,0.008692672893055,-0.7874367293484538,-13.599560641007145
22.28,0.2125533654038498,-0.0268523846938741,-0.5451780837364559,-13.610464202681873
22.3,0.2356423789023393,0.0088368540041697,-0.5220890702379665,-13.620905984086633
22.32,0.2442313743982443,0.0001368573729045,-0.5135000747420615,-13.631175985581475
22.34,0.4498445882003064,-0.0516957866365067,-0.3078868609399994,-13.637333722800275
22.36,0.2283638634936649,0.0241277042657514,-0.5293675856466409,-13.647921074513206
22.38,0.148801867358925,-0.02414507390199,-0.6089295817813808,-13.660099666148835
22.4,0.1775583574190166,-0.0419354139141716,-0.5801730917212892,-13.67170312798326
22.42,0.2362652161056964,0.0044457341712968,-0.5214662330346094,-13.682132452643954
22.44,0.1211425155757862,0.0056216686723098,-0.6365889335645196,-13.694864231315243
22.46,0.0458202282486019,0.0045192849552457,-0.7119112208917039,-13.709102455733078
22.48,0.1341493972201258,0.0113330336267691,-0.62358205192018,-13.72157409677148
22.5,0.1966242647649442,0.0077350899135982,-0.5611071843753616,-13.732796240458987
22.52,0.4292062287475621,0.0027722422796225,-0.3285252203927437,-13.73936674486684
22.54,0.1539476401471422,-0.0311262013288869,-0.6037838089931635,-13.751442421046704
22.56,0.1577470490914899,-0.0317631968117277,-0.5999844000488159,-13.76344210904768
22.58,0.0645109260326446,0.0163323367272567,-0.6932205231076611,-13.777306519509834
22.6,0.3908866498421972,-0.0329441501299418,-0.3668447992981086,-13.784643415495797
22.62,0.2740289525190081,-0.0369412354511494,-0.48370249662129766,-13.794317465428223
22.64,0.3263094076950628,-0.035014919086567,-0.431422041445243,-13.802945906257127
22.66,0.2858074829210652,-0.0253476429047605,-0.47192396621924054,-13.812384385581511
22.68,0.1437153418599289,0.0074258745033146,-0.6140161072803769,-13.824664707727118
22.7,0.2538445175400916,-0.0102863026617863,-0.5038869316002141,-13.834742446359122
22.72,0.1100459984890656,-0.0369251108837294,-0.6476854506512402,-13.847696155372146
22.74,0.2852027010810066,0.0058003684917788,-0.4725287480592992,-13.857146730333332
22.76,0.371855174511938,-0.0315457219151269,-0.38587627462836777,-13.8648642558259
22.78,0.537903318099608,-0.0407473583805171,-0.21982813104069776,-13.869260818446714
22.8,0.1212362634786711,-0.0054397413244301,-0.6364951856616347,-13.881990722159946
22.82,0.3753485681133838,-0.0030677392538271,-0.382382881026922,-13.889638379780484
22.84,0.3322654475329285,0.0023234996509332,-0.42546600160737724,-13.89814769981263
22.86,0.0868534518757067,-0.0409122448240408,-0.6708779972645991,-13.911565259757923
22.88,0.2554605760942162,-0.0323622171498819,-0.5022708730460896,-13.921610677218844
22.9,0.3893359460206733,-0.0646600849483816,-0.3683955031196325,-13.928978587281236
22.92,0.1499893296703456,-0.0746732174900814,-0.6077421194699602,-13.941133429670638
22.94,0.2779914171720875,-0.0551343680666351,-0.4797400319682183,-13.950728230310002
22.96,0.2056057301778071,-0.0455895726210017,-0.5521257189624986,-13.961770744689252
22.98,0.2665822632975095,-0.0254804426517543,-0.49114918584279627,-13.971593728406107
23.0,0.1364118657059677,-0.0421097983119844,-0.6213195834343381,-13.984020120074794
23.02,0.2343639470525006,-0.0777779795806794,-0.5233675020878051,-13.99448747011655
23.04,0.2806239243578032,-0.0203498220335583,-0.47710752478250257,-14.004029620612199
23.06,0.1577250723636821,-0.0359854108075489,-0.6000063767766237,-14.016029748147732
23.08,0.1229451652802172,-0.0185847003001656,-0.6347862838600886,-14.028725473824933
23.1,0.2137326087237443,-0.0181622887599168,-0.5439988404165614,-14.039605450633266
23.12,0.1608782197099675,-0.0845227413062017,-0.5968532294303383,-14.051542515221872
23.14,0.2248886788613718,-0.0138451417843899,-0.532842770278934,-14.06219937062745
23.16,0.1293184004764434,-0.0601845030495316,-0.6284130486638624,-14.074767631600727
23.18,0.3270470120558987,-0.0349529859123602,-0.43068443708440707,-14.083381320342415
23.2,0.2515036203590709,-0.02194608732159,-0.5062278287812348,-14.093505876918039
23.22,0.0492701596186749,-0.015351980520112,-0.7084612895216309,-14.107675102708471
23.24,0.3926263800894573,-0.0222158871657121,-0.36510506905084844,-14.114977204089488
23.26,0.1174067288779073,-0.0356607680983767,-0.6403247202623985,-14.127783698494738
23.28,0.1761442821431002,-0.0311197287867778,-0.5815871669972056,-14.139415441834682
23.3,0.3541980357576549,-0.0016313937506188,-0.40353341338265086,-14.147486110102335
23.32,0.1202486859100195,-0.0274919842928531,-0.6374827632302863,-14.16023576536694
23.34,0.4622908290160928,-0.0638320077696729,-0.29544062012421296,-14.166144577769424
23.36,-0.0649050850863477,-0.0635174519258371,-0.8226365342266535,-14.182597308453957
23.38,-0.1330038633813148,-0.0177251771941916,-0.8907353125216206,-14.200412014704389
23.4,0.239829601626045,-0.0503248792181911,-0.5179018475142607,-14.210770051654674
23.42,0.0400642405752418,-0.0154519993481826,-0.7176672085650639,-14.225123395825976
23.44,0.2213988237444873,-0.0334146688753232,-0.5363326253958185,-14.235850048333893
23.46,0.1098693654728194,-0.0585191058330951,-0.6478620836674863,-14.248807290007242
23.48,0.1741860719488637,-0.0771507249622426,-0.5835453771914421,-14.260478197551071
23.5,0.244302256654973,-0.0488380136396836,-0.5134291924853328,-14.270746781400778
23.52,0.2208449907267551,-0.047362378931186,-0.5368864584135506,-14.281484510569049
23.54,0.1777220235369598,-0.0459318753813749,-0.580009425603346,-14.293084699081115
23.56,0.1504367462616748,-0.0776238292516316,-0.607294702878631,-14.305230593138688
23.58,0.1811199836698675,-0.0571442881921025,-0.5766114654704383,-14.316762822448096
23.6,0.1237447985050449,-0.0424884104422532,-0.6339866506352608,-14.329442555460803
23.62,0.3466763356084707,-0.0731197081100276,-0.41105511353183505,-14.33766365773144
23.64,0.0766660618650692,-0.0606998669144807,-0.6810653872752366,-14.351284965476944
23.66,0.2365777203987695,-0.0302304328129221,-0.5211537287415362,-14.361708040051775
23.68,0.2426168965577817,-0.062946323255423,-0.515114552582524,-14.372010331103425
23.7,-0.0112419687411051,-0.0283072520137991,-0.7689734178814108,-14.387389799461053
23.72,0.2394136297982648,-0.0572948294161833,-0.518317819342041,-14.397756155847894
23.74,0.3363799823494953,-0.0458872680311839,-0.4213514667908105,-14.40618318518371
23.76,0.1730839839931241,-0.0186780579007135,-0.5846474651471817,-14.417876134486656
23.78,0.2795299073134083,-0.0307404325315279,-0.47820154182689745,-14.427440165323194
23.8,0.1897490802451101,-0.0224711727051904,-0.5679823688951957,-14.438799812701097
23.82,0.2162015673965575,-0.0793619300812729,-0.5415298817437483,-14.449630410335972
23.84,0.298529555422118,-0.0520550138542704,-0.45920189371818776,-14.458814448210337
23.86,0.1750641986914687,-0.0381885052307601,-0.582667250448837,-14.470467793219314
23.88,0.2620138060283694,-0.0408368853420731,-0.4957176431119364,-14.480382146081553
23.9,0.0069735552969651,-0.0572521598274475,-0.7507578938433407,-14.49539730395842
23.92,0.2043235891912239,-0.0265952170948516,-0.5534078599490819,-14.506465461157402
23.94,-0.0213582479878164,-0.0609398060140278,-0.7790896971281221,-14.522047255099965
23.96,0.1404783427636127,-0.0517468331111978,-0.6172531063766931,-14.534392317227498
23.98,0.1074134905026844,-0.0509472995523168,-0.6503179586376213,-14.54739867640025
24.0,0.2381282810719457,-0.0609748005953525,-0.51960316806836,-14.557790739761618
24.02,0.1367261964943879,-0.062600018902526,-0.6210052526459179,-14.570210844814536
24.04,0.4095913656199403,-0.0299585474023138,-0.34814008352036546,-14.577173646484944
24.06,0.1382490486947488,-0.0422297044638143,-0.619482400445557,-14.589563294493855
24.08,0.0571365180276477,-0.0160558203364304,-0.700594931112658,-14.603575193116107
24.1,-0.0668546795859654,-0.0641583589076089,-0.8245861287262711,-14.620066915690636
24.12,0.1793038611054938,-0.0847781688394836,-0.578427588034812,-14.631635467451332
24.14,0.1410600695797967,-0.0756231310166056,-0.6166713795605091,-14.643968895042542
24.16,0.272585399989778,-0.0802521452228456,-0.4851460491505278,-14.653671816025552
24.18,0.2839597646473852,-0.0441612434353685,-0.47377168449292056,-14.66314724971541
24.2,0.2703668473735583,-0.0929165323796303,-0.48736460176674745,-14.672894541750745
24.22,0.0664083568642457,-0.0929972818164098,-0.69132309227606,-14.686721003596267
24.24,0.0266668731702184,-0.0726367226954815,-0.7310645759700873,-14.701342295115667
24.26,0.1239072150554495,-0.1339505083571257,-0.6338242340848563,-14.714018779797366
24.28,0.0644143973155558,-0.0780850374327044,-0.69331705182475,-14.72788512083386
24.3,0.1885369525811082,-0.0763553656623368,-0.5691944965591975,-14.739269010765044
24.32,0.1353110487121624,-0.1359529760568155,-0.6224204004281434,-14.751717418773607
24.34,0.2558079752795439,-0.0352795382541733,-0.5019234738607619,-14.761755888250821
24.36,0.1058287632855246,-0.091104392548875,-0.6519026858547812,-14.774793941967916
24.38,-0.0545614604765838,-0.0543106066392094,-0.8122929096168896,-14.791039800160254
24.4,0.2488014657543942,-0.0160693268863075,-0.5089299833859116,-14.801218399827972
24.42,0.474127257540453,-0.0782132895267456,-0.2836041915998528,-14.80689048365997
24.44,0.2407745116741018,-0.1011143290942878,-0.516956937466204,-14.817229622409293
24.46,-0.0240334874545383,-0.0586821018165123,-0.781764936594844,-14.832864921141189
24.48,-0.0168398866596336,-0.0720820587447133,-0.7745713357999394,-14.848356347857187
24.5,0.3527392854826054,-0.0693595685291269,-0.40499216365770035,-14.856456191130341
24.52,0.1427432173995181,-0.0894870356030932,-0.6149882317407876,-14.868755955765156
24.54,0.1566060678152143,-0.1049509193087322,-0.6011253813250914,-14.880778463391657
24.56,0.0876773895758116,-0.0689126434979468,-0.6700540595644942,-14.894179544582947
24.58,0.2744493452038677,-0.0899683859137705,-0.48328210393643806,-14.903845186661675
24.6,0.1793124642932862,-0.0689338903203946,-0.5784189848470196,-14.915413566358618
24.62,0.0081448610740737,-0.0937539758816287,-0.749586588066232,-14.930405298119942
24.64,0.0911132378152309,-0.1197676907607047,-0.6666182113250749,-14.943737662346443
24.66,0.1153191172408079,-0.1114374968810275,-0.6424123318994979,-14.956585908984433
24.68,0.0917430971483247,-0.0680493604072968,-0.665988351991981,-14.969905676024272
24.7,0.2365280890605891,-0.0608134131888662,-0.5212033600797167,-14.980329743225866
24.72,0.041350860826375,-0.0856216347288055,-0.7163805883139308,-14.994657354992144
24.74,0.0931101520226335,-0.0993154264103742,-0.6646212971176723,-15.007949780934497
24.76,0.3404345681855856,-0.0855814879572855,-0.4172968809547202,-15.016295718553593
24.78,0.350670922659393,-0.1110483132153078,-0.4070605264809128,-15.024436929083212
24.8,0.3686819870180222,-0.1063374224629878,-0.3890494621222836,-15.032217918325657
24.82,0.1893353887548421,-0.0858975056684329,-0.5683960603854636,-15.043585839533366
24.84,0.2384501057698229,-0.0608881715241408,-0.5192813433704828,-15.053971466400775
24.86,0.0405437947422986,-0.0816703036260786,-0.7171876543980071,-15.068315219488735
24.88,0.0508161471390778,-0.0691232196481422,-0.706915302001228,-15.08245352552876
24.9,-0.0452523806141989,-0.0933745439820444,-0.8029838297545047,-15.098513202123849
24.92,0.1916498280447592,-0.0715567716770439,-0.5660816210955466,-15.109834834545762
24.94,0.2166434304957196,-0.0988245292431,-0.5410880186445861,-15.120656594918653
24.96,0.2006628709490602,-0.0487286654540914,-0.5570685781912456,-15.131797966482479
24.98,0.0883029046098093,-0.0828353408599127,-0.6694285445304965,-15.145186537373089
25.0,0.0806237048777042,-0.0898145873288286,-0.6771077442626016,-15.158728692258341
25.02,0.2389636307174088,-0.0210691428373265,-0.518767818422897,-15.1691040486268
25.04,0.0021623923021291,-0.0360238293759893,-0.7555690568381767,-15.184215429763563
25.06,0.1463954699329939,-0.1188392542619085,-0.6113359792073119,-15.196442149347709
25.08,0.2678499804354533,-0.066536193584052,-0.48988146870485244,-15.206239778721805
25.1,0.1827880387855082,-0.0404434508152434,-0.5749434103547976,-15.217738646928902
25.12,0.1662447421285457,-0.0852553177599426,-0.5914867070117601,-15.229568381069138
25.14,0.1773593791926111,-0.1291855677701242,-0.5803720699476946,-15.241175822468092
25.16,0.1711538382361596,-0.1085071514450156,-0.5865776109041462,-15.252907374686174
25.18,0.0964420725478523,-0.1235497723927784,-0.6612893765924535,-15.266133162218022
25.2,-0.0904962828764191,-0.0784749092183171,-0.8482277320167249,-15.283097716858355
25.22,-0.1146979919925542,-0.0774245272509059,-0.8724294411328599,-15.300546305681012
25.24,0.140228460322992,-0.1224980907435593,-0.6175029888173138,-15.312896365457357
25.26,0.0778065241191293,-0.0803894361831684,-0.6799249250211765,-15.326494863957782
25.28,0.3223714672838206,-0.1234690411334313,-0.43535998185648517,-15.335202063594911
25.3,0.1201399497786722,-0.0897410187108015,-0.6375914993616336,-15.347953893582144
25.32,0.3606907230892191,-0.1149202261632121,-0.39704072605108665,-15.355894708103165
25.34,-6.427201469098864e-05,-0.0728982031257299,-0.7577957211549967,-15.371050622526264
25.36,0.2718805574977961,-0.1038636940755305,-0.48585089164250966,-15.380767640359114
25.38,0.1576018480737914,-0.0821863711499836,-0.6001296010665144,-15.392770232380444
25.4,0.259076485275834,-0.1362687240076286,-0.4986549638644718,-15.402743331657733
25.42,-0.0067444886376532,-0.075242018294227,-0.764475937777959,-15.418032850413296
25.44,-0.0007520524860139,-0.1313914028859456,-0.7584835016263197,-15.433202520445821
25.46,0.0275475519585972,-0.0960416718329508,-0.7301838971817086,-15.447806198389456
25.48,0.2712784147062231,-0.0712834084654746,-0.48645303443408267,-15.457535259078137
25.5,0.1492599402038978,-0.1098543451742248,-0.608471508936408,-15.469704689256865
25.52,0.2382076122879587,-0.075788628405217,-0.519523836852347,-15.480095165993912
25.54,-0.0453692281935279,-0.103513695573955,-0.8031006773338336,-15.496157179540589
25.56,0.2831218583954817,-0.0798133291105525,-0.47460959074482406,-15.505649371355485
25.58,0.2325446895998383,-0.0691161622047841,-0.5251867595404675,-15.516153106546295
25.6,0.0056554484575565,-0.0922250046201608,-0.7520760006827493,-15.531194626559952
25.62,-0.0108462512439636,-0.0790687542268743,-0.7685777003842693,-15.546566180567636
25.64,0.0687378708342802,-0.0529562367248691,-0.6889935783060256,-15.560346052133756
25.66,0.1403645584365139,-0.0756699597216452,-0.6173668907037919,-15.572693389947831
25.68,0.0498334913523986,-0.1347630146728674,-0.7078979577879072,-15.58685134910359
25.7,0.1453255809272546,-0.1001867426621166,-0.6124058682130512,-15.59909946646785
25.72,-0.0731691824228036,-0.1036184762715535,-0.8309006315631093,-15.615717479099112
25.74,0.2251934227381045,-0.1330653749327395,-0.5325380264022013,-15.626368239627157
25.76,0.2064106246204875,-0.1198941923629996,-0.5513208245198182,-15.637394656117555
25.78,0.1685331117727165,-0.1637806696939824,-0.5891983373675893,-15.649178622864907
25.8,-0.064230347915776,-0.1557475470894831,-0.8219617970560817,-15.665617858806028
25.82,0.1744115309151579,-0.0973370557665367,-0.5833199182251478,-15.67728425717053
25.84,-0.0773637931173579,-0.1213333036934019,-0.8350952422576636,-15.693986162015683
25.86,0.2206000950565391,-0.1206377277833805,-0.5371313540837667,-15.70472878909736
25.88,-0.0989890443976383,-0.121586816972176,-0.8567204935379441,-15.721863198968117
25.9,0.0255206937131902,-0.1285414657179993,-0.7322107554271156,-15.736507414076659
25.92,0.1485004138707363,-0.1363766613796697,-0.6092310352695695,-15.748692034782053
25.94,-0.0795058330130602,-0.1010818614084775,-0.837237282153366,-15.76543678042512
25.96,-0.1855576211335372,-0.1224589186085271,-0.943289070273843,-15.784302561830597
25.98,-0.0211228148525499,-0.0859075478066539,-0.7788542639928556,-15.799879647110453
26.0,-0.0180233470944779,-0.1460811775052702,-0.7757547962347837,-15.815394743035148
26.02,-0.0179765357199321,-0.1046312316858525,-0.7757079848602378,-15.830908902732352
26.04,0.0501365564818558,-0.1002804466282535,-0.70759489265845,-15.84506080058552
26.06,0.0239431527550887,-0.1276255805610303,-0.733788296385217,-15.859736566513224
26.08,0.0373655353208295,-0.1416563102484276,-0.7203659138194762,-15.874143884789612
26.1,-0.0763889696641941,-0.0937504817649667,-0.8341204188044998,-15.890826293165706
26.12,-0.0281045183728544,-0.098806012515626,-0.7858359675131602,-15.906543012515968
26.14,0.0746436596941444,-0.0990990864446035,-0.6830877894461613,-15.920204768304892
26.16,-0.091703623098205,-0.1030002061215773,-0.8494350722385108,-15.937193469749662
26.18,-0.1186751139720263,-0.1133646981450184,-0.8764065631123321,-15.954721601011908
26.2,0.0108977986803832,-0.1295029740133444,-0.7468336504599226,-15.969658274021105
26.22,0.2839416319357742,-0.088982084178344,-0.47378981720453156,-15.979134070365197
26.24,0.2744186165617822,-0.076476468557464,-0.4833128325785236,-15.988800327016767
26.26,-0.2733035907105275,-0.0978881769956813,-1.0310350398508332,-16.009421027813787
26.28,-0.0460491625355901,-0.0821352905429463,-0.8037806116758959,-16.025496640047304
26.3,-0.0119714225901288,-0.1678932778982732,-0.7697028717304346,-16.040890697481913
26.32,-0.0121101031162859,-0.126545568990186,-0.7698415522565917,-16.056287528527044
26.34,-0.005189554049737,-0.1381666413010792,-0.7629210031900427,-16.071545948590845
26.36,-0.0739886581684363,-0.1552155199166931,-0.8317201073087421,-16.08818035073702
26.38,-0.0273780998748801,-0.1804419621210975,-0.7851095490151858,-16.103882541717322
26.4,-0.1449720488601408,-0.1085721187747304,-0.9027034980004466,-16.12193661167733
26.42,-0.201348907618678,-0.1061740198067298,-0.9590803567589837,-16.14111821881251
26.44,-0.1433208656919647,-0.149950844366886,-0.9010523148322704,-16.159139265109157
26.46,-0.0123681465291022,-0.1421403249974856,-0.770099595669408,-16.174541257022547
26.48,0.0635678343322829,-0.1506179693331326,-0.6941636148080229,-16.188424529318706
26.5,0.2674172722819529,-0.1558439462231737,-0.4903141768583529,-16.198230812855872
26.52,-0.0982560043421151,-0.1368645287529827,-0.8559874534824209,-16.21535056192552
26.54,0.098391006512558,-0.0807752941896641,-0.6593404426277478,-16.228537370778074
26.56,-0.0282821236422968,-0.14040952010256,-0.7860135727826025,-16.244257642233727
26.58,-0.0679400067304712,-0.1285670588505921,-0.825671455870777,-16.260771071351144
26.6,0.0566263576923037,-0.1266369543298166,-0.701105091448002,-16.274793173180107
26.62,-0.0443407466853148,-0.1417249979014603,-0.8020721958256206,-16.29083461709662
26.64,-0.1214886118612715,-0.1208729525615181,-0.8792200610015772,-16.308419018316652
26.66,-0.1187692641965828,-0.135542676928791,-0.8765007133368886,-16.325949032583388
26.68,-0.150712098943288,-0.1223345243353953,-0.9084435480835937,-16.344117903545058
26.7,-0.1651179803102909,-0.1427056163871673,-0.9228494294505967,-16.36257489213407
26.72,0.0164644190777495,-0.1649835308698549,-0.7412670300625562,-16.377400232735322
26.74,-0.0153569405998997,-0.1363460838313717,-0.7730883897402054,-16.392862000530126
26.76,-0.1760262778413183,-0.1247206913127866,-0.9337577269816241,-16.411537155069762
26.78,-0.2234031171248247,-0.1654045144323116,-0.9811345662651305,-16.431159846395065
26.8,0.0673543769495267,-0.1764959499983832,-0.690377072190779,-16.44496738783888
26.82,-0.072191692824777,-0.1340096475335634,-0.8299231419650828,-16.46156585067818
26.84,-0.0675677433393634,-0.1452178909232243,-0.8252991924796692,-16.478071834527775
26.86,-0.0736360750683048,-0.1464538542877596,-0.8313675242086106,-16.494699185011946
26.88,-0.0718772639473127,-0.1492153950493741,-0.8296087130876184,-16.5112913592737
26.9,-0.1675291893636071,-0.163922745257204,-0.9252606385039128,-16.529796572043775
26.92,0.0782650948512381,-0.1020165583125675,-0.6794663542890677,-16.543385899129557
26.94,0.0664862076225019,-0.2003616460560754,-0.6912452415178039,-16.55721080395991
26.96,-0.0477930477061606,-0.144396525665504,-0.8055244968464663,-16.57332129389684
26.98,-0.3783931935958344,-0.1485706446446714,-1.1361246427361402,-16.59604378675156
27.0,-0.0641819467519089,-0.1295688778919968,-0.8219133958922147,-16.612482054669407
27.02,-0.0661893367035932,-0.1356337792652436,-0.8239207858438989,-16.628960470386286
27.04,0.0011968000314418,-0.1379551229794225,-0.7565346491088639,-16.64409116336846
27.06,-0.0172040417697614,-0.1736327463987738,-0.7749354909100672,-16.65958987318666
27.08,0.068158555125011,-0.175698198065167,-0.6895728940152948,-16.673381331066967
27.1,-0.1041884821183587,-0.1343697193435644,-0.8619199312586645,-16.69061972969214
27.12,-0.3650477911818348,-0.1564515097997339,-1.1227792403221406,-16.713075314498585
27.14,0.1332255358159621,-0.1523249891731832,-0.6245059133243437,-16.725565432765073
27.16,0.1485132598346364,-0.1224586582063194,-0.6092181893056694,-16.737749796551185
27.18,-0.0195881410933396,-0.1368716242139082,-0.7773195902336454,-16.753296188355858
27.2,-0.2823890303229628,-0.1906679125722865,-1.0401204794632686,-16.774098597945123
27.22,0.0082434791913614,-0.1222787414151121,-0.7494879699489444,-16.789088357344102
27.24,-0.1009060638382945,-0.163182286454772,-0.8586375129786002,-16.806261107603675
27.26,-0.2440787465661563,-0.1590980334072007,-1.001810195706462,-16.826297311517806
27.28,-0.0129490512566372,-0.1563388508698374,-0.770680500396943,-16.841710921525745
27.3,0.2152330392450011,-0.0970924041852057,-0.5424984098953047,-16.85256088972365
27.32,-0.0860041798216109,-0.1294204719159673,-0.8437356289619167,-16.86943560230289
27.34,-0.1083923470555997,-0.105135891399789,-0.8661237961959055,-16.88675807822681
27.36,-0.2393110879146087,-0.1436725053944696,-0.9970425370549145,-16.906698928967906
27.38,-0.1609054023872131,-0.1531267066293313,-0.9186368515275188,-16.925071665998455
27.4,0.1105687895545559,-0.1269303666462724,-0.6471626595857498,-16.93801491919017
27.42,-0.1503919106303911,-0.1472146300459777,-0.9081233597706968,-16.956177386385587
27.44,-0.1837676977548034,-0.1580379329049445,-0.9414991468951092,-16.97500736932349
27.46,-0.1823962340009868,-0.1756176044813178,-0.9401276831412926,-16.993809922986316
27.48,-0.0836034785905787,-0.1313250546615423,-0.8413349277308845,-17.010636621540932
27.5,-0.2563954393457194,-0.1250231437087797,-1.0141268884860253,-17.030919159310653
27.52,-0.0714196241043624,-0.1612404627034117,-0.8291510732446682,-17.047502180775545
27.54,-0.2274495429161115,-0.2547538163101325,-0.9851809920564173,-17.067205800616673
27.56,-0.0537869025610928,-0.1433013708435133,-0.8115183517013985,-17.0834361676507
27.58,0.071245526316804,-0.1844361999607921,-0.6864859228235017,-17.09716588610717
27.6,-0.1997950078670554,-0.1779830789672027,-0.9575264570073612,-17.116316415247322
27.62,-0.0987885890998691,-0.1740322941914413,-0.8565200382401749,-17.133446816012125
27.64,-0.0381108299394863,-0.1501582820491786,-0.7958422790797921,-17.14936366159372
27.66,-0.061292111088189,-0.1294738644101867,-0.8190235602284948,-17.16574413279829
27.68,-0.0829261927032763,-0.1860136919328814,-0.840657641843582,-17.182557285635163
27.7,0.0082667313740566,-0.1026409021300132,-0.7494647177662491,-17.197546579990487
27.72,-0.4439698247739005,-0.1374405718527644,-1.2017012739142063,-17.22158060546877
27.74,-0.1719232410983784,-0.1449569036173575,-0.9296546902386842,-17.240173699273544
27.76,-0.2696762906002445,-0.1806386983645799,-1.0274077397405503,-17.260721854068358
27.78,-0.1103938915690459,-0.1433120589474967,-0.8681253407093517,-17.278084360882545
27.8,0.0036768164932282,-0.1624600479856018,-0.7540546326470776,-17.293165453535487
27.82,-0.1316011236200724,-0.1043691951743641,-0.8893325727603781,-17.310952104990694
27.84,-0.2316349975364444,-0.1191926992207277,-0.9893664466767502,-17.33073943392423
27.86,-0.0941261967707166,-0.1563481013923224,-0.8518576459110223,-17.34777658684245
27.88,0.1152210622074083,-0.1453647890961612,-0.6425103869328974,-17.36062679458111
27.9,-0.1983095324096577,-0.202019520543022,-0.9560409815499635,-17.379747614212107
27.92,-0.1932287420472212,-0.1381043104946323,-0.950960191187527,-17.39876681803586
27.94,-0.1213707648460521,-0.1657158571726195,-0.8791022139863579,-17.416348862315587
27.96,-0.1924112707877766,-0.1758922265954663,-0.9501427199280823,-17.43535171671415
27.98,-0.0647727639074346,-0.1594962853615254,-0.8225042130477404,-17.4518018009751
28.0,-0.3233202298711007,-0.1475474643636716,-1.0810516790114064,-17.47342283455533
28.02,-0.2525249753590841,-0.1445809990559768,-1.01025642449939,-17.493627963045316
28.04,-0.4786741015439099,-0.1971117418321904,-1.2364055506842155,-17.518356074059
28.06,-0.1822501672825329,-0.2039401019397189,-0.9399816164228387,-17.537155706387455
28.08,-0.1670165858918618,-0.1751028419548285,-0.9247480350321675,-17.5556506670881
28.1,-0.2848032675283476,-0.1635226589710626,-1.0425347166686534,-17.576501361421474
28.12,-0.3035245665708294,-0.2091570677295079,-1.0612560157111353,-17.597726481735698
28.14,-0.1693089097833017,-0.1583804114748753,-0.9270403589236075,-17.61626728891417
28.16,0.1210042572588018,-0.160493523632735,-0.636727191881504,-17.6290018327518
28.18,-0.3624304221498483,-0.2057887383075791,-1.120161871290154,-17.651405070177603
28.2,-0.1543497757358578,-0.1470111313325638,-0.9120812248761636,-17.669646694675126
28.22,-0.2371536609757754,-0.1988619889440065,-0.9948851101160812,-17.689544396877448
28.24,-0.5187949242844494,-0.2237924058188073,-1.2765263734247552,-17.71507492434594
28.26,-0.1097153313757545,-0.2071024175770116,-0.8674467805160603,-17.732423859956267
28.28,-0.2047073087635629,-0.2060108583003939,-0.9624387579038687,-17.751672635114343
28.3,-0.3118480696532147,-0.16993083508492,-1.0695795187935204,-17.773064225490213
28.32,-0.238818876767911,-0.1349635565277536,-0.9965503259082168,-17.792995232008376
28.34,-0.3031059623229613,-0.155044452196452,-1.060837411463267,-17.81421198023764
28.36,-0.0653949510850359,-0.142036033932162,-0.8231264002253417,-17.830674508242147
28.38,-0.3348747194698697,-0.1546541239913127,-1.0926061686101756,-17.85252663161435
28.4,-0.4321957490370128,-0.2038658121492556,-1.1899271981773185,-17.876325175577897
28.42,-0.2445939832613292,-0.1939542499476119,-1.0023254324016349,-17.896371684225933
28.44,-0.3254796947033758,-0.175583228732452,-1.0832111438436816,-17.918035907102805
28.46,-0.0322919455941405,-0.1690157104338644,-0.7900233947344463,-17.933836374997494
28.48,-0.27054610700739,-0.1932097778987288,-1.0282775561476958,-17.954401926120447
28.5,-0.089198687711725,-0.2042081009411577,-0.8469301368520308,-17.971340528857485
28.52,-0.2660183616965972,-0.2220155680403641,-1.023749810836903,-17.991815525074223
28.54,-0.4278056149552032,-0.1724887297400504,-1.185537064095509,-18.015526266356133
28.56,0.0266072695858574,-0.1661340254573579,-0.7311241795544484,-18.030148749947223
28.58,-0.336473595066105,-0.1364715034151221,-1.0942050442064108,-18.052032850831353
28.6,-0.3184146186570828,-0.1986673004078313,-1.0761460677973886,-18.073555772187305
28.62,-0.1068548554835087,-0.1855982791654212,-0.8645863046238145,-18.090847498279782
28.64,-0.1139595594630168,-0.2056162824805672,-0.8716910086033226,-18.108281318451848
28.66,-0.1964315043540214,-0.1884628356650263,-0.9541629534943272,-18.127364577521735
28.68,-0.208181821728383,-0.1617185762851151,-0.9659132708686888,-18.146682842939107
28.7,-0.034554243077731,-0.1753500864959939,-0.7922856922180368,-18.162528556783467
28.72,-0.0711700062247699,-0.1714486772501855,-0.8289014553650756,-18.179106585890768
28.74,-0.1601662882473221,-0.1808131191028082,-0.9178977373876278,-18.19746454063852
28.76,-0.2535440565133635,-0.1957383001130342,-1.0112755056536693,-18.217690050751596
28.78,-0.544571777131879,-0.1642881422846797,-1.3023032262721848,-18.243736115277038
28.8,-0.23628019374773,-0.2067606119937551,-0.9940116428880358,-18.263616348134796
28.82,-0.3398255636290993,-0.1651550318673701,-1.0975570127694052,-18.285567488390186
28.84,-0.0668346321243267,-0.1958777574488096,-0.8245660812646325,-18.302058810015478
28.86,-0.3038396874204302,-0.1813249548507074,-1.0615711365607359,-18.323290232746693
28.88,-0.3178063357960344,-0.2109717311820291,-1.0755377849363401,-18.34480098844542
28.9,-0.3294988938415265,-0.2260640645509376,-1.0872303429818322,-18.366545595305055
28.92,-0.2230205044097507,-0.1692057986328565,-0.9807519535500564,-18.38616063437606
28.94,-0.3367193904076775,-0.1377276868155864,-1.0944508395479833,-18.40804965116702
28.96,-0.2176804203888951,-0.1323965258970147,-0.9754118695292009,-18.4275578885576
28.98,-0.1338085508589102,-0.1260914678346547,-0.891539999999216,-18.445388688557586
29.0,-0.2835234127049678,-0.1745778327159189,-1.0412548618452735,-18.46621378579449
29.02,-0.2109878556350246,-0.1740452972926571,-0.9687193047753304,-18.485588171889997
29.04,-0.2229791502927713,-0.2125581954194182,-0.980710599433077,-18.505202383878657
29.06,-0.2234034106640353,-0.1754028278062793,-0.981134859804341,-18.524825081074745
29.08,-0.4948393347691513,-0.1774091296224416,-1.252570783909457,-18.549876496752933
29.1,-0.4057174665601816,-0.2046814800553411,-1.1634489157004873,-18.573145475066948
29.12,-0.2687994767570223,-0.1426589699677325,-1.026530925897328,-18.593676093584893
29.14,-0.263779340037674,-0.1797803831172542,-1.0215107891779798,-18.614106309368452
29.16,-0.3058230718330843,-0.1988204195885808,-1.06355452097339,-18.63537739978792
29.18,-0.6189390368654857,-0.2300529222292782,-1.3766704860057914,-18.662910809508034
29.2,-0.4468753904034056,-0.1257581947161922,-1.2046068395437115,-18.687002946298907
29.22,-0.5708554130942065,-0.1736811110781923,-1.3285868622345123,-18.713574683543598
29.24,-0.1318828927355474,-0.1782555021753839,-0.8896143418758532,-18.731366970381114
29.26,-0.5270812793631273,-0.2056126771234727,-1.2848127285034332,-18.757063224951185
29.28,-0.3267838758893058,-0.1829544650114479,-1.0845153250296116,-18.778753531451777
29.3,-0.2458009829936485,-0.1865905653894366,-1.0035324321339543,-18.798824180094456
29.32,-0.4545345976826335,-0.1866990334265307,-1.2122660468229394,-18.823069501030915
29.34,-0.5052673145421285,-0.2259899851794674,-1.2629987636824342,-18.848329476304563
29.36,-0.3720470997472657,-0.1979062105551207,-1.1297785488875713,-18.870925047282313
29.38,-0.6213091828916757,-0.1864746287098312,-1.3790406320319815,-18.898505859922953
29.4,-0.3734485205264621,-0.1938483883791992,-1.131179969666768,-18.921129459316287
29.42,-0.4424553440864051,-0.2137733037235961,-1.200186793226711,-18.945133195180826
29.44,-0.3188810999930909,-0.2313379374042598,-1.0766125491333967,-18.966665446163493
29.46,-0.6114310214720293,-0.1637986001572383,-1.369162470612335,-18.99404869557574
29.48,-0.2934033666139093,-0.159965317435522,-1.051134815754215,-19.01507139189082
29.5,-0.2548484889334817,-0.1808668506443532,-1.0125799380737874,-19.035322990652297
29.52,-0.4803437736569858,-0.1953872038485553,-1.2380752227972915,-19.060084495108242
29.54,-0.3333664052147801,-0.2057448851994116,-1.0910978543550858,-19.081906452195344
29.56,-0.387294917595221,-0.2218895763552014,-1.1450263667355267,-19.104806979530053
29.58,-0.1926425389923972,-0.2151010536142434,-0.9503739881327029,-19.123814459292706
29.6,-0.2944414096091199,-0.189213329632473,-1.0521728587494257,-19.1448579164677
29.62,-0.3973329647523917,-0.1927153345154319,-1.1550644138926975,-19.167959204745554
29.64,-0.597151323977807,-0.2019577665182353,-1.3548827731181128,-19.195056860207917
29.66,-0.5547305631197182,-0.2152059066296878,-1.3124620122600241,-19.221306100453116
29.68,-0.4519073892597257,-0.2233495302604286,-1.2096388384000314,-19.245498877221117
29.7,-0.4988710543321329,-0.1933246611382803,-1.2566025034724386,-19.270630927290565
29.72,-0.4803976059132315,-0.2243881005817104,-1.2381290550535373,-19.295393508391633
29.74,-0.266495981833614,-0.1675111363762427,-1.0242274309739199,-19.315878057011112
29.76,-0.3829837052486473,-0.1833934478621717,-1.140715154388953,-19.338692360098893
29.78,-0.2857406502074499,-0.1459430418621154,-1.0434720993477558,-19.359561802085846
29.8,-0.4079557618980691,-0.1867724867453966,-1.165687211038375,-19.382875546306614
29.82,-0.4279058831131876,-0.1817271506037945,-1.1856373322534934,-19.406588292951685
29.84,-0.4973559984375729,-0.1914876240433452,-1.2550874475778786,-19.43169004190324
29.86,-0.5606499933710765,-0.1925480766009794,-1.3183814425113822,-19.45805767075347
29.88,-0.4020700211518045,-0.1818046168743627,-1.1598014702921102,-19.48125370015931
29.9,-0.2535140728737785,-0.2024358070056088,-1.0112455220140841,-19.50147861059959
29.92,-0.4326465821158319,-0.1519387756794792,-1.1903780312561376,-19.525286171224717
29.94,-0.3374595628643132,-0.1858936932989199,-1.0951910120046189,-19.54718999146481
29.96,-0.548158386131575,-0.1928283730252554,-1.3058898352718806,-19.573307788170247
29.98,-0.4712506957430756,-0.2566644515445648,-1.2289821448833813,-19.597887431067914
30.0,-0.4370432030435474,-0.2356090690511039,-1.1947746521838531,-19.621782924111592
30.02,-0.4096299431411758,-0.2023324786691526,-1.1673613922814816,-19.645130151957222
30.04,-0.4441998262769923,-0.1993298402098811,-1.201931275417298,-19.66916877746557
30.06,-0.4442205657158645,-0.2135456360421594,-1.2019520148561702,-19.69320781776269
30.08,-0.4709129221984005,-0.1792916338706962,-1.2286443713387063,-19.717780705189465
30.1,-0.3859200935827065,-0.2089112956210579,-1.1436515427230123,-19.740653736043928
30.12,-0.4000419773287766,-0.2024869487919915,-1.1577734264690824,-19.76380920457331
30.14,-0.4982695469917701,-0.2310810189204456,-1.256000996132076,-19.788929224495952
30.16,-0.5531068572960551,-0.2266608293220773,-1.310838306436361,-19.81514599062468
30.18,-0.5474777863657019,-0.2106164943443672,-1.3052092355060076,-19.8412501753348
30.2,-0.2540973078787908,-0.2315607851343403,-1.0118287570190967,-19.86148675047518
30.22,-0.4210048791505179,-0.1646504113967641,-1.1787363282908236,-19.885061477040995
30.24,-0.3524842233389115,-0.2292272980787109,-1.1102156724792174,-19.90726579049058
30.26,-0.366516096141749,-0.2145093970873719,-1.1242475452820548,-19.929750741396226
30.28,-0.4563119435905481,-0.1922523047562452,-1.2140433927308538,-19.954031609250844
30.3,-0.4287200867060926,-0.2074258653020781,-1.1864515358463983,-19.977760639967773
30.32,-0.4222060689841794,-0.1909300927058065,-1.179937518124485,-20.00135939033026
30.34,-0.655322755854165,-0.2087868575826056,-1.4130542049944708,-20.02962047443015
30.36,-0.4253299209262601,-0.2081942476794455,-1.1830613700665658,-20.05328170183148
30.38,-0.5603188142581393,-0.2334969247744862,-1.3180502633984452,-20.07964270709945
30.4,-0.5697245319052031,-0.1831974063321634,-1.3274559810455089,-20.10619182672036
30.42,-0.44930533227014,-0.1798446107759614,-1.2070367814104457,-20.13033256234857
30.44,-0.1518962632812375,-0.2094646077458792,-0.9096277124215433,-20.148525116597
30.46,-0.6909829987406826,-0.174077238005564,-1.4487144478809884,-20.17749940555462
30.48,-0.7350647354206952,-0.1990575417310958,-1.492796184561001,-20.20735532924584
30.5,-0.4806435249757773,-0.1924178757491227,-1.238374974116083,-20.232122828728162
30.52,-0.734936610911272,-0.2311715277410838,-1.4926680600515778,-20.261976189929193
30.54,-0.5147359881860153,-0.2605196284985483,-1.2724674373263212,-20.28742553867572
30.56,-0.7501591949987969,-0.1878004321340557,-1.5078906441391027,-20.3175833515585
30.58,-0.4480862845166257,-0.1418847046517209,-1.2058177336569313,-20.341699706231637
30.6,-0.5113541125618053,-0.2221298918854222,-1.269085561702111,-20.367081417465684
30.62,-0.6177921480794795,-0.2058035291789328,-1.3755235972197852,-20.39459188941008
30.64,-0.3629084679813865,-0.1908410550890969,-1.1206399171216923,-20.417004687752513
30.66,-0.4881695227175059,-0.1759748864052013,-1.2459009718578118,-20.44192270718967
30.68,-0.4377459747031236,-0.2054532117001948,-1.1954774238434294,-20.465832255666538
30.7,-0.6562477460463256,-0.1905441663290755,-1.4139791951866314,-20.49411183957027
30.72,-0.4728445089522254,-0.2243655156156226,-1.230575958092531,-20.51872335873212
30.74,-0.6567329253902914,-0.2163386940612647,-1.4144643745305971,-20.547012646222733
30.76,-0.2369777065959116,-0.1824346835388579,-0.9947091557362173,-20.56690682933746
30.78,-0.4131455080747385,-0.2026225729596903,-1.1708769572150444,-20.59032436848176
30.8,-0.5043457982936471,-0.2640896467612464,-1.262077247433953,-20.615565913430437
30.82,-0.3974932043323433,-0.2096097232217108,-1.1552246534726491,-20.63867040649989
30.84,-0.5115776075165023,-0.1633787331027723,-1.269309056656808,-20.664056587633027
30.86,-0.5542676415596648,-0.2118998462914209,-1.3119990906999706,-20.690296569447025
30.88,-0.5166074720897579,-0.2002589088242874,-1.2743389212300635,-20.715783347871625
30.9,-0.7526095238460829,-0.2635838132343558,-1.5103409729863886,-20.745990167331353
30.92,-0.5923634446239654,-0.219341268388422,-1.3500948937642712,-20.772992065206644
30.94,-0.5143910500642271,-0.2078248383704097,-1.2721224992045328,-20.798434515190735
30.96,-0.6315461049140445,-0.207508939623779,-1.3892775540543503,-20.826220066271823
30.98,-0.2945727460231485,-0.2228335277667718,-1.0523041951634542,-20.84726615017509
31.0,-0.5911326844294601,-0.2196897580998574,-1.3488641335697658,-20.874243432846487
31.02,-0.5196041145841567,-0.2494970916736939,-1.2773355637244626,-20.899790144120978
31.04,-0.3134205823933343,-0.2370307365883801,-1.07115203153364,-20.92121318475165
31.06,-0.4586388477092007,-0.2215607340683057,-1.2163702968495065,-20.94554059068864
31.08,-0.2983383000005186,-0.1993614293743726,-1.0560697491408244,-20.966661985671458
31.1,-0.5388854408309851,-0.2125783363136975,-1.2966168899712909,-20.992594323470886
31.12,-0.7417230924335484,-0.1947214281416266,-1.4994545415738543,-21.022583414302364
31.14,-0.8602080301274133,-0.1838247640017435,-1.617939479267719,-21.054942203887716
31.16,-0.7142909661698312,-0.2251037191654108,-1.472022415310137,-21.08438265219392
31.18,-0.5406051925550406,-0.2255353364747427,-1.2983366416953463,-21.110349385027828
31.2,-0.4561146371541696,-0.1754258545501915,-1.2138460862944753,-21.134626306753717
31.22,-0.4506774696301192,-0.2377526007226483,-1.208408918770425,-21.158794485129125
31.24,-0.732622078169822,-0.245555628517166,-1.4903535273101278,-21.188601555675326
31.26,-0.65623391154838,-0.2321089069138234,-1.4139653606886857,-21.216880862889106
31.28,-0.5226940061064902,-0.2509849933493939,-1.280425455246796,-21.24248937199404
31.3,-0.845393294690858,-0.2477163879429468,-1.6031247438311638,-21.274551866870663
31.32,-0.6898606732660103,-0.2427587805604452,-1.447592122406316,-21.30350370931879
31.34,-0.5563452371105283,-0.2251431146250443,-1.314076686250834,-21.329785243043805
31.36,-0.564925941757232,-0.2000976872195,-1.3226573908975379,-21.356238390861755
31.38,-0.4755952799034972,-0.2182027197378443,-1.233326729043803,-21.380904925442632
31.4,-0.5777566739004634,-0.2344572823205496,-1.3354881230407691,-21.407614687903447
31.42,-0.6305108196918962,-0.1669258961198574,-1.3882422688322018,-21.435379533280095
31.44,-0.7026190075240644,-0.2239286498614494,-1.4603504566643701,-21.464586542413382
31.46,-0.5593209676620754,-0.2034929790265331,-1.3170524168023812,-21.49092759074943
31.48,-0.6325036658168773,-0.203083586553127,-1.390235114957183,-21.518732293048572
31.5,-0.5076533580291454,-0.2227857325661557,-1.2653848071694511,-21.544039989191962
31.52,-0.7652290390869787,-0.2037384701899615,-1.5229604882272845,-21.574499198956506
31.54,-0.3885605702783756,-0.2098836185882889,-1.1462920194186814,-21.59742503934488
31.56,-0.6907757350918413,-0.2269231952698375,-1.448507184232147,-21.626395183029523
31.58,-0.6559524601885587,-0.2301938784483587,-1.4136839093288645,-21.6546688612161
31.6,-0.5228985278470805,-0.2165109293570816,-1.2806299769873863,-21.68028146075585
31.62,-0.5331565722224182,-0.2612545373503727,-1.2908880213627238,-21.706099221183106
31.64,-0.5478037702371636,-0.214765961457202,-1.3055352193774694,-21.732209925570654
31.66,-0.6874408210279,-0.2122457488926395,-1.445172270168206,-21.761113370974016
31.68,-0.8756166164826005,-0.2073263614610501,-1.6333480656229062,-21.793780332286474
31.7,-0.6394798331563762,-0.2084688112213072,-1.397211282296682,-21.821724557932406
31.72,-0.5353508813652958,-0.2253952631617507,-1.2930823305056016,-21.847586204542516
31.74,-0.5692370991438471,-0.1810131980454805,-1.326968548284153,-21.8741255755082
31.76,-0.5094303440771472,-0.2415771643393916,-1.2671617932174528,-21.89946881137255
31.78,-0.6699779780849777,-0.2375719148059848,-1.4277094272252835,-21.928022999917054
31.8,-0.7222450448340997,-0.2180423886539449,-1.4799764939744056,-21.95762252979654
31.82,-0.7735348243059831,-0.1759799157493248,-1.5312662734462887,-21.988247855265467
31.84,-0.5615180296403111,-0.1899538400571261,-1.3192494787806168,-22.014632844841078
31.86,-0.6054562904664844,-0.1872072538347576,-1.3631877396067902,-22.041896599633212
31.88,-0.6403405053039243,-0.1755230924624879,-1.3980719544442302,-22.069858038722096
31.9,-0.6447450062526656,-0.2384355036621978,-1.4024764553929714,-22.097907567829953
31.92,-0.6713107543932493,-0.2868159068288906,-1.429042203533555,-22.126488411900628
31.94,-0.6880403800295559,-0.202558126505054,-1.4457718291698618,-22.155403848484024
31.96,-0.5609303138054181,-0.2437525271532181,-1.318661762945724,-22.181777083742936
31.98,-0.7356106522373433,-0.2245655409703117,-1.4933421013776491,-22.21164392577049
32.0,-0.4611982167065553,-0.199466931897192,-1.2189296658468611,-22.236022519087424
32.02,-0.4632756188864573,-0.2453466684645401,-1.221007068026763,-22.260442660447964
32.04,-0.4401862349937211,-0.2264746233946596,-1.1979176841340269,-22.28440101413064
32.06,-0.4999152721296682,-0.1924869578317414,-1.257646721269974,-22.309553948556044
32.08,-0.7198470027626549,-0.1889365327178916,-1.4775784519029607,-22.339105517594096
32.1,-0.5388872584207408,-0.1970747301061556,-1.2966187075610467,-22.36503789174532
32.12,-0.6658482520182105,-0.1838756270830354,-1.4235797011585163,-22.393509485768487
32.14,-0.6406387290603597,-0.2310425387792657,-1.3983701782006654,-22.421476889332503
32.160000000000004,-0.6006307091099732,-0.2233701768735056,-1.358362158250279,-22.448644132497513
32.18,-0.6846344868788521,-0.1942788671788605,-1.4423659360191579,-22.47749145121789
32.2,-0.6596839501061439,-0.1949474069974823,-1.4174153992464498,-22.505839759202825
32.22,-0.5724539063230393,-0.1930229624858331,-1.3301853554633452,-22.53244346631209
32.24,-0.548779659241706,-0.1917909437732816,-1.3065111083820118,-22.558573688479733
32.26,-0.569472353584748,-0.1656122803739713,-1.327203802725054,-22.58511776453423
32.28,-0.3614638305777476,-0.2021122919270222,-1.1191952797180533,-22.607501670128592
32.3,-0.4118493180466703,-0.2453663040423939,-1.169580767186976,-22.630893285472325
32.32,-0.6568113371005033,-0.2092667383922112,-1.414542786240809,-22.659184141197144
32.34,-0.6538029676064778,-0.2313858173977685,-1.4115344167467836,-22.687414829532084
32.36,-0.6201657561092897,-0.2386329020489594,-1.3778972052495955,-22.714972773637072
32.38,-0.5954381178938879,-0.1889043048732317,-1.3531695670341937,-22.742036164977762
32.4,-0.480514650667309,-0.1740780437962778,-1.2382460998076148,-22.76680108697391
32.42,-0.7584302973313287,-0.2070661394086842,-1.5161617464716346,-22.797124321903347
32.44,-0.7499916879821422,-0.2080891524830348,-1.507723137122448,-22.827278784645788
32.46,-0.6920626264103444,-0.2291373877622229,-1.4497940755506502,-22.856274666156807
32.480000000000004,-0.3164951631268857,-0.2299326221881255,-1.0742266122671915,-22.877759198402153
32.5,-0.5215402414722031,-0.2617357895689871,-1.279271690612509,-22.9033446322144
32.52,-0.8736370212790034,-0.1996723203215005,-1.6313684704193092,-22.93597200162279
32.54,-0.6695477659281951,-0.23032156354049,-1.4272792150685008,-22.964517585924156
32.56,-0.906069051759076,-0.2041482591040193,-1.6638005008993817,-22.99779359594215
32.58,-0.6350295189088508,-0.2077448902467094,-1.3927609680491566,-23.025648815303125
32.6,-0.7108968933492008,-0.2690927973120041,-1.4686283424895066,-23.05502138215292
32.62,-0.5294636215897829,-0.1883985153512989,-1.2871950707300885,-23.080765283567516
32.64,-0.5293260176307423,-0.2114248597141017,-1.287057466771048,-23.10650643290294
32.660000000000004,-0.4857552328980259,-0.2088692108363614,-1.2434866820383317,-23.13137616654371
32.68,-0.6484295186680775,-0.2544423076727587,-1.4061609678083833,-23.15949938589987
32.7,-0.6125538930666292,-0.2159794903474614,-1.370285342206935,-23.186905092744013
32.72,-0.5506906500887173,-0.2384267250480727,-1.308422099229023,-23.213073534728586
32.74,-0.6147156983278402,-0.2187151373453535,-1.372447147468146,-23.240522477677953
32.76,-0.7904369987270159,-0.1694236306531321,-1.5481684478673217,-23.271485846635294
32.78,-0.8060248887669482,-0.246116023685737,-1.5637563379072539,-23.302760973393443
32.8,-0.6347545776809186,-0.2607726169473918,-1.3924860268212242,-23.330610693929863
32.82,-0.8955642169058775,-0.2215958675335569,-1.6532956660461833,-23.36367660725079
32.84,-0.4994299315638192,-0.2204292597695239,-1.257161380704125,-23.38881983486488
32.86,-0.812565083945144,-0.211317855477178,-1.57029653308545,-23.42022576552658
32.88,-0.5569145834842987,-0.1826351545324026,-1.3146460326246046,-23.446518686179076
32.9,-0.72924446294379,-0.2377766174621649,-1.4869759120840957,-23.476258204420752
32.92,-0.8899839441140722,-0.2086614823122988,-1.647715393254378,-23.509212512285846
32.94,-0.676839313721914,-0.2496170569364323,-1.4345707628622197,-23.537903927543084
32.96,-0.7469935172405859,-0.2519113779080119,-1.5047249663808917,-23.567998426870705
32.980000000000004,-0.8700511088414598,-0.2115817519133079,-1.6277825579817655,-23.600554078030346
33.0,-0.5819970370583689,-0.1998145408848073,-1.3397284861986747,-23.627348647754314
33.02,-0.7000330202604639,-0.2303128164244015,-1.4577644694007696,-23.656503937142332
33.04,-0.7230352429051308,-0.2478931436323272,-1.4807666920454365,-23.686119270983234
33.06,-0.5085252625326019,-0.2527244175326306,-1.2662567116729075,-23.711444405216696
33.08,-0.8955329811573728,-0.2313620824902665,-1.6532644302976784,-23.744509693822643
33.1,-0.5324491790045227,-0.2241340515555736,-1.2901806281448285,-23.770313306385543
33.12,-0.6329817634802852,-0.2044364873532653,-1.390713212620591,-23.79812757063795
33.14,-0.6721773698182932,-0.2383763847736145,-1.429908818958599,-23.826725747017125
33.160000000000004,-1.0280257639568855,-0.254260169514086,-1.7857572130971913,-23.862440891279075
33.18,-0.661541326930428,-0.249822396303031,-1.4192727760707338,-23.890826346800484
33.2,-0.7637807807001973,-0.2623063833833106,-1.521512229840503,-23.9212565913973
33.22,-0.530190173202565,-0.2360633817213107,-1.2879216223428709,-23.947015023844152
33.24,-0.7349471478602125,-0.2223559995979123,-1.4926785970005183,-23.97686859578417
33.26,-0.9004863718348313,-0.1906699415289287,-1.658217820975137,-24.010032952203666
33.28,-0.7954772399075788,-0.1852052486847808,-1.5532086890478847,-24.041097125984628
33.3,-0.7850319494777203,-0.1942324303706323,-1.542763398618026,-24.071952393956984
33.32,-0.6867780216181165,-0.2345220224921495,-1.4445094707584223,-24.100842583372156
33.34,-0.768858484963968,-0.2259364633451128,-1.526589934104274,-24.131374382054247
33.36,-0.5974454839664819,-0.2033547471042053,-1.3551769331067876,-24.15847792071638
33.38,-0.6426300804513689,-0.2118519606804978,-1.4003615295916747,-24.18648515130822
33.4,-0.8031879721107461,-0.1904672556957112,-1.560919421251052,-24.217703539733233
33.42,-0.5046193680542935,-0.2432843569176796,-1.2623508171945992,-24.24295055607713
33.44,-0.7033250064303642,-0.2052989064798591,-1.46105645557067,-24.27217168518854
33.46,-0.8578900696198333,-0.2121792700061759,-1.615621518760139,-24.304484115563746
33.480000000000004,-0.8085481800271969,-0.2181188648000089,-1.5662796291675027,-24.3358097081471
33.5,-0.5712587527119646,-0.2120373125236278,-1.3289902018522703,-24.36238951218414
33.52,-0.5821623428876866,-0.2503941276865465,-1.3398937920279925,-24.389187388024705
33.54,-0.6323080160175367,-0.209181559494011,-1.3900394651578425,-24.416988177327855
33.56,-0.8561056761916004,-0.2281444682333626,-1.6138371253319062,-24.449264919834498
33.58,-0.8317806681097395,-0.2260173252204161,-1.5895121172500453,-24.48105516217949
33.6,-0.800155756206291,-0.2257458082505595,-1.5578872053465966,-24.51221290628643
33.62,-0.5546943950703214,-0.1690275099484976,-1.3124258442106271,-24.538461423170638
33.64,-0.7455859482154041,-0.2066130333205821,-1.50331739735571,-24.568527771117758
33.660000000000004,-0.6637080597112954,-0.2068710605239921,-1.4214395088516012,-24.596956561294792
33.68,-0.9315374909412496,-0.1741020656617624,-1.6892689400815555,-24.630741940096417
33.7,-1.0279849724955148,-0.1889640861422458,-1.7857164216358206,-24.66645626852914
33.72,-0.7569777582066224,-0.1891878889463966,-1.5147092073469282,-24.69675045267607
33.74,-0.6857532633350054,-0.2411746440765445,-1.4434847124753112,-24.725620146925582
33.76,-0.7303306750491215,-0.2210575774257118,-1.4880621241894274,-24.755381389409365
33.78,-0.7029991887509092,-0.220537973239206,-1.4607306378912148,-24.784596002167195
33.8,-0.7735214826264982,-0.1947082881855313,-1.531252931766804,-24.815221060802525
33.82,-0.7258153683312343,-0.1805011807796915,-1.48354681747154,-24.84489199715196
33.84,-0.6991187838815887,-0.2014018220726116,-1.4568502330218944,-24.874029001812403
33.86,-0.7955040034048801,-0.1972591799332675,-1.553235452545186,-24.9050937108633
33.88,-0.9075496174020738,-0.1923139393588082,-1.6652810665423796,-24.938399332194155
33.9,-0.7898357513065514,-0.2053138754768621,-1.5475672004468572,-24.969350676203085
33.92,-0.6006168014439837,-0.2491933541815832,-1.3583482505842894,-24.996517641214776
33.94,-1.03903018943599,-0.1999870539227981,-1.7967616385762957,-25.032452873986294
33.96,-0.8333537252797196,-0.234572921158741,-1.5910851744200254,-25.0642745774747
33.980000000000004,-0.7571365880860906,-0.2347831428144921,-1.5148680372263965,-25.094571938219232
34.0,-0.930154692040748,-0.1975297087025931,-1.6878861411810537,-25.128329661042848
34.02,-0.566826698917155,-0.2386608836609304,-1.3245581480574606,-25.154820824004002
34.04,-0.7807166183966067,-0.2005162769379693,-1.5384480675369123,-25.185589785354733
34.06,-0.7208699973116698,-0.2257885043335474,-1.4786014464519757,-25.21516181428378
34.08,-0.8541133407864715,-0.217839589850965,-1.6118447899267774,-25.247398710082308
34.1,-0.833225789456647,-0.2242690295344858,-1.5909572385969528,-25.279217854854252
34.12,-0.7745294402712677,-0.2050524167004131,-1.5322608894115735,-25.30986307264248
34.14,-0.8181554546063836,-0.2229617346449193,-1.5758869037466894,-25.341380810717418
34.160000000000004,-0.8277809594815879,-0.223077001024857,-1.5855124086218937,-25.37309105888986
34.18,-0.8725642889213975,-0.2064742201244849,-1.6302957380617031,-25.405696973651086
34.2,-0.6909006255735983,-0.2207522879377332,-1.448632074713904,-25.434669615145367
34.22,-0.9408464347084248,-0.2585025282998307,-1.6985778838487304,-25.468641172822334
34.24,-0.6230368586712316,-0.2307254809428504,-1.3807683078115374,-25.49625653897857
34.26,-0.7190266102190022,-0.2393689286091611,-1.476758059359308,-25.52579170016575
34.28,-0.7921943506922194,-0.202895345132941,-1.549925799832525,-25.556790216162405
34.300000000000004,-0.6930293818260281,-0.2061939242197448,-1.4507608309663338,-25.585805432781736
34.32,-0.9242397535915594,-0.2003860435660212,-1.6819712027318652,-25.619444856836367
34.34,-0.7864633712081093,-0.2009253148597726,-1.544194820348415,-25.65032875324334
34.36,-0.8981080960171988,-0.1887714620717294,-1.6558395451575045,-25.683445544146483
34.38,-0.7744164556313026,-0.2120209284974304,-1.5321479047716084,-25.71408850224192
34.4,-0.84369584386342,-0.1978999081268266,-1.6014272930037259,-25.74611704810199
34.42,-0.9064019566381138,-0.2088544664891868,-1.6641334057784196,-25.779399716217565
34.44,-0.8934434001291911,-0.2179818500156043,-1.6511748492694969,-25.812423213202948
34.46,-0.7324778270021925,-0.2659124758781052,-1.4902092761424983,-25.842227398725804
34.480000000000004,-0.8601321244391815,-0.2118106691172374,-1.6178635735794873,-25.8745846701974
34.5,-0.9171156639571576,-0.2038773809632166,-1.6748471130974634,-25.90808161245934
34.52,-0.7565332973294845,-0.2173849027590819,-1.5142647464697903,-25.93836690738874
34.54,-0.724015193181527,-0.220436818388111,-1.4817466423218328,-25.96800184023517
34.56,-0.7871092730066148,-0.2096114383945796,-1.5448407221469207,-25.998898654678115
34.58,-0.9278387455899122,-0.2503403143463754,-1.685570194730218,-26.03261005857271
34.6,-0.6346525959220017,-0.2013648226590168,-1.3923840450623075,-26.06045773947396
34.62,-0.7778739660282602,-0.2036484834959717,-1.535605415168566,-26.091169847777326
34.64,-0.601151479386714,-0.1494467786198417,-1.3588829285270196,-26.11834750634787
34.660000000000004,-0.7846556548170445,-0.2358505280603056,-1.5423871039573502,-26.149195248427024
34.68,-0.6599392243660206,-0.2431962837702991,-1.4176706735063265,-26.177548661897145
34.7,-0.971046960620656,-0.1451179743911767,-1.7287784097609618,-26.21212423009237
34.72,-0.8157584631295681,-0.1546496324427643,-1.5734899122698738,-26.243594028337764
34.74,-0.8262609596778179,-0.207864876776373,-1.5839924088181236,-26.27527387651413
34.76,-0.5605440374989151,-0.2201263817838518,-1.3182754866392208,-26.30163938624691
34.78,-0.840612755580453,-0.2538206620211837,-1.5983442047207588,-26.33360627034133
34.800000000000004,-0.9206797492562772,-0.2218594803376374,-1.6784111983965828,-26.367174494309268
34.82,-0.8365961907025496,-0.2056574095437554,-1.5943276398428554,-26.39906104710612
34.84,-0.8625931396908896,-0.1980497985670381,-1.6203245888311955,-26.43146753888275
34.86,-0.7757908633813809,-0.1665941743203584,-1.5335223125216868,-26.46213798513318
34.88,-0.8917365634754928,-0.2078032498864223,-1.6494680126157986,-26.4951273453855
34.9,-0.8868263405922183,-0.1808905445058508,-1.644557789732524,-26.528018501180146
34.92,-0.6824470402069819,-0.2256546180373533,-1.4401784893472875,-26.556822070967097
34.94,-1.04327336166607,-0.1732674590656414,-1.8010048108063759,-26.592842167183218
34.96,-0.686187212667859,-0.2366926569702124,-1.4439186618081647,-26.621720540419386
34.980000000000004,-0.6563059825879444,-0.1938426102342262,-1.41403743172825,-26.650001289053954
35.0,-0.6567360493292327,-0.2227090734876252,-1.4144674984695385,-26.678290639023338
35.02,-0.9705098340407702,-0.2003144116664683,-1.728241283181076,-26.712855464686964
35.04,-0.9490957085352756,-0.1923931779879515,-1.7068271576755814,-26.74699200784047
35.06,-0.7872552887437948,-0.203758941817765,-1.5449867378841007,-26.777891742598154
35.08,-0.7647422932962833,-0.2607058543799553,-1.522473742436589,-26.80834121744688
35.1,-0.9594306554689902,-0.1786351292654142,-1.717162104609296,-26.842684459539072
35.12,-0.6382007514022435,-0.1874298839160609,-1.3959322005425494,-26.870603103549918
35.14,-0.5681976018004885,-0.1937104230246467,-1.3259290509407942,-26.897121684568738
35.160000000000004,-0.8462091587192525,-0.2177686328962444,-1.6039406078595584,-26.929200496725933
35.18,-0.8120244933156415,-0.2356671192648213,-1.5697559424559473,-26.960595615575045
35.2,-0.5541430836292762,-0.2163069484494434,-1.311874532769582,-26.986833106230442
35.22,-0.7303261558981429,-0.2482156822719526,-1.4880576050384486,-27.016594258331207
35.24,-0.731817795256044,-0.2347391207606778,-1.4895492443963496,-27.046385243219138
35.26,-0.7462764125174367,-0.1851212623971053,-1.5040078616577426,-27.076465400452285
35.28,-1.009418124743853,-0.2893964336325072,-1.7671495738841587,-27.111808391929973
35.300000000000004,-0.8905773321845668,-0.1939954019440112,-1.6483087813248725,-27.144774567556475
35.32,-0.6093901170592011,-0.236993332539267,-1.3671215661995069,-27.17211699888046
35.34,-0.9054928390959944,-0.1904963590227347,-1.6632242882363002,-27.20538148464519
35.36,-0.6354308637758312,-0.2172662514335111,-1.393162312916137,-27.233244730903508
35.38,-0.6903907851199674,-0.2017127036938649,-1.448122234260273,-27.262207175588717
35.4,-0.8724198478385422,-0.240406820279433,-1.6301512969788479,-27.29481020152829
35.42,-0.673539398821662,-0.2116804303047208,-1.4312708479619678,-27.323435618487533
35.44,-0.7017714365845935,-0.1784626154120148,-1.4595028857248993,-27.352625676202024
35.46,-0.5346106023663455,-0.1998021388679083,-1.2923420515066513,-27.37847251723216
35.480000000000004,-0.7439688126101172,-0.2296569712419608,-1.501700261750423,-27.408506522467174
35.5,-0.7439967080072437,-0.1846318005328993,-1.5017281571475496,-27.43854108561012
35.52,-0.896022251613654,-0.2281608438594776,-1.6537537007539598,-27.471616159625203
35.54,-0.5299211666248086,-0.1759533031908768,-1.2876526157651145,-27.4973692119405
35.56,-1.026166211116189,-0.2131387616847219,-1.7838976602564949,-27.533047165145636
35.58,-0.7456390085145518,-0.1963965228259666,-1.5033704576548574,-27.563114574298726
35.6,-0.7157678798149989,-0.2255364888970576,-1.4734993289553047,-27.59258456087784
35.62,-0.7075521316900126,-0.181357508770744,-1.4652835808303184,-27.62189023249444
35.64,-0.704981109350955,-0.1734187064598316,-1.4627125584912608,-27.65114448366427
35.660000000000004,-0.7675541907098836,-0.1998742688054138,-1.5252856398501895,-27.68165019646128
35.68,-0.5626026391419335,-0.2054614218701506,-1.3203340882822392,-27.70805687822692
35.7,-0.6190871316268328,-0.2616880617253081,-1.3768185807671385,-27.735593249842267
35.72,-0.637718390288784,-0.1540170124806708,-1.3954498394290897,-27.763502246630843
35.74,-0.4626902277473565,-0.2120522346918006,-1.2204216768876623,-27.7879106801686
35.76,-0.8386984689530058,-0.2047512090816916,-1.5964299180933117,-27.81983927853046
35.78,-0.7801605459993382,-0.1348906116838042,-1.537891995139644,-27.850597118433257
35.800000000000004,-0.7319492630565717,-0.1969937929803004,-1.4896807121968774,-27.8803907326772
35.82,-0.9161188326046086,-0.2386236507707394,-1.6738502817449143,-27.913867738312092
35.84,-0.6078215733605021,-0.204547583877177,-1.365553022500808,-27.941178798762113
35.86,-0.8028196499424894,-0.1809550211670125,-1.560551099082795,-27.972389820743764
35.88,-0.7389113554376863,-0.2178203896072321,-1.496642804577992,-28.00232267683533
35.9,-0.7027639513988226,-0.215997911983117,-1.4604954005391284,-28.031532584846108
35.92,-0.7521065462646889,-0.235215647305228,-1.5098379954049945,-28.061729344754212
35.94,-0.8674724028911053,-0.2501189973927277,-1.6252038520314112,-28.094233421794833
35.96,-0.7104910811402922,-0.2075842606133641,-1.468222530280598,-28.12359787240045
35.980000000000004,-0.8843527661206287,-0.2435452783541506,-1.6420842152609345,-28.156439556705674
36.0,-0.7438988667747566,-0.1427826687254591,-1.5016303159150624,-28.186472163023968
36.02,-0.7967054483517856,-0.2344187418539319,-1.5544368974920912,-28.217560900973815
36.04,-0.6756886893602211,-0.2095937892446407,-1.433420138500527,-28.24622930374382
36.06,-0.6812335710359365,-0.1932728111256415,-1.4389650201762423,-28.27500860414735
36.08,-0.7794570455659967,-0.1918776793602726,-1.5371884947063026,-28.305752374041468
36.1,-0.668471774466615,-0.2200943633744634,-1.4262032236069206,-28.334276438513612
36.12,-0.6597102140043094,-0.191603763450328,-1.4174416631446152,-28.362625271776498
36.14,-0.6636054640387223,-0.1789256553830538,-1.421336913179028,-28.391052010040084
36.16,-0.9148111232903422,-0.2259820213465391,-1.672542572430648,-28.42450286148869
36.18,-1.0483704240932163,-0.158794828801519,-1.8061018732335221,-28.460624898953366
36.2,-0.7482282015537471,-0.2003021377403706,-1.505959650694053,-28.49074409196725
36.22,-1.009841239129958,-0.2270872993960214,-1.7675726882702638,-28.526095545732648
36.24,-0.7010405038684225,-0.2262736626155404,-1.4587719530087284,-28.555270984792827
36.26,-0.9196305780341806,-0.2287121727586226,-1.6773620271744862,-28.58881822533631
36.28,-0.6853799092166162,-0.1593648718005784,-1.443111358356922,-28.617680452503453
36.3,-0.8769137588632019,-0.163362185904473,-1.6346452080035077,-28.65037335666352
36.32,-0.979949934329599,-0.1816010309995002,-1.7376813834699048,-28.68512698433292
36.34,-0.975342076565902,-0.2140407858237527,-1.7330735257062078,-28.719788454847052
36.36,-0.7097208397127029,-0.1373348703012016,-1.4674522888530088,-28.749137500624105
36.38,-0.979785746090836,-0.2217264953700667,-1.737517195231142,-28.783887844528735
36.4,-0.6593495289013169,-0.213386558989816,-1.4170809780416227,-28.81222946408956
36.42,-0.7048522044781887,-0.1786509326241986,-1.4625836536184944,-28.841481137161935
36.44,-0.5576655617640731,-0.1553251905394269,-1.3153970109043789,-28.867789077380017
36.46,-0.5646004327679958,-0.2498868070844778,-1.3223318819083016,-28.894235715018187
36.48,-0.550056128596488,-0.1817644333506662,-1.3077875777367938,-28.92039146657292
36.5,-0.8679920901855255,-0.2129997627276502,-1.6257235393258314,-28.952905937359443
36.52,-0.7795938612186684,-0.22389048415077,-1.5373253103589741,-28.983652443566626
36.54,-0.6289806941140963,-0.1823966529855066,-1.386712143254402,-29.01138668643171
36.56,-0.7837643674205244,-0.2040301392390064,-1.5414958165608301,-29.04221660276293
36.58,-0.7057412925254043,-0.1880430251636973,-1.46347274166571,-29.07148605759624
36.6,-0.8825572735678106,-0.2477150338338713,-1.6402887227081164,-29.104291832050407
36.62,-0.6586433601828479,-0.1802095299372907,-1.4163748093231536,-29.132619328236864
36.64,-0.7146424153100367,-0.1611679932752202,-1.4723738644503426,-29.162066805525875
36.66,-0.8487321278419153,-0.2236286606859864,-1.606463576982221,-29.194196077065513
36.68,-0.558838027659377,-0.2151970164396846,-1.3165694767996827,-29.22052746660151
36.7,-0.854573952206947,-0.1725509737679287,-1.6123054013472529,-29.25277357462846
36.72,-0.6438188744869234,-0.1562962406159766,-1.4015503236272293,-29.280804581101
36.74,-0.574861305286209,-0.1742834028037956,-1.3325927544265148,-29.307456436189533
36.76,-0.7150586875334476,-0.1556189257113872,-1.4727901366737535,-29.336912238923002
36.78,-0.7192432470555501,-0.2500356010901731,-1.4769746961958559,-29.366451732846922
36.8,-0.5820485217007105,-0.2155354942978381,-1.3397799708410163,-29.393247332263737
36.82,-0.5417604280041954,-0.1789809377321538,-1.2994918771445012,-29.41923716980663
36.84,-0.7155948390215966,-0.1784498005174324,-1.4733262881619025,-29.448703695569876
36.86,-0.7831480653196702,-0.193393407204489,-1.5408795144599758,-29.479521285859068
36.88,-0.8428860207815629,-0.2113424041138834,-1.6006174699218687,-29.51153363525751
36.9,-0.785958855698293,-0.1908714870489134,-1.5436903048385988,-29.542407441354275
36.92,-0.5123794357743232,-0.2224350726999751,-1.270110884914629,-29.56780965905257
36.94,-0.9187133813523952,-0.2051640614201428,-1.6764448304927009,-29.60133855566242
36.96,-0.7842536728135274,-0.2337247173337721,-1.5419851219538332,-29.6321782581015
36.98,-0.8690497393591936,-0.2252367219000902,-1.6267811884994994,-29.664713881871485
37.0,-0.8148057758696885,-0.1849855053759799,-1.5725372250099943,-29.69616462637169
37.02,-0.6849953463894783,-0.1607474843577928,-1.4427267955297842,-29.72501916228229
37.04,-0.7056999870865666,-0.2011800667592321,-1.4634314362268723,-29.75428779100682
37.06,-0.7455202130582536,-0.193613224999888,-1.5032516621985592,-29.784352824250796
37.08,-0.6842987562304622,-0.139804079686006,-1.4420302053707679,-29.813193428358204
37.1,-0.6667057037812015,-0.2254218840037374,-1.4244371529215072,-29.84168217141664
37.12,-0.8811266792168694,-0.2099087629056505,-1.638858128357175,-29.874459333983776
37.14,-0.6730269798749967,-0.1819367596934156,-1.4307584290153024,-29.903074502564085
37.16,-0.7825741799992352,-0.1901611944777688,-1.540305629139541,-29.93388061514687
37.18,-0.7658258362595696,-0.1722944772016439,-1.5235572853998753,-29.96435176085487
37.2,-0.755987148502288,-0.1912540141397528,-1.5137185976425938,-29.994626132807728
37.22,-0.8381582210241358,-0.1456472250381449,-1.5958896701644416,-30.02654392621101
37.24,-0.905337964969586,-0.1777188451075357,-1.6630694141098918,-30.05980531449321
37.26,-0.6970253274284657,-0.1518809403623236,-1.4547567765687714,-30.088900450024582
37.28,-0.6246330595562133,-0.1808786094329008,-1.382364508696519,-30.116547740198516
37.3,-0.7384611426390766,-0.2073780083489155,-1.4961925917793824,-30.146471592034096
37.32,-0.842435446178408,-0.1625682352951081,-1.6001668953187138,-30.178474929940474
37.34,-0.6327950305500637,-0.1683324801343026,-1.3905264796903696,-30.206285459534286
37.36,-0.5245639638590232,-0.1903777906600751,-1.282295412999329,-30.231931367794267
37.38,-0.6842049099519466,-0.2110113600150359,-1.4419363590922525,-30.260770094976117
37.4,-0.4603089389207334,-0.2166617197075523,-1.218040388061039,-30.285130902737333
37.42,-0.7064873504560473,-0.1912681429962872,-1.464218799596353,-30.314415278729264
37.44,-0.6343827514134569,-0.1917470730932096,-1.3921142005537628,-30.342257562740333
37.46,-0.6799309667908289,-0.1806364137884024,-1.4376624159311346,-30.37101081105896
37.48,-0.567832639317801,-0.1800536103112512,-1.3255640884581068,-30.397522092828115
37.5,-0.604930459937153,-0.185484063542933,-1.3626619090774588,-30.42477533100967
37.52,-0.5478493565092143,-0.2003652645554475,-1.30558080564952,-30.450886947122665
37.54,-0.6375412977497836,-0.151209387420761,-1.3952727468900894,-30.47879240206046
37.56,-0.5445795199682931,-0.1481594481984748,-1.302310969108599,-30.504838621442637
37.58,-0.5417417207688044,-0.1478860275720101,-1.2994731699091102,-30.530828084840813
37.6,-0.6750208778453943,-0.1575173570465532,-1.4327523269857,-30.55948313138053
37.62,-0.7014598872837953,-0.1652417027248769,-1.4591913364241011,-30.58866695810901
37.64,-0.8777684690562001,-0.0959146026654386,-1.6354999181965058,-30.621376956472943
37.66,-0.5096967315284724,-0.1561699057087288,-1.2674281806687782,-30.646725520086314
37.68,-0.610524195966407,-0.1862757850204773,-1.3682556451067127,-30.674090632988452
37.7,-0.7508675005326657,-0.2090321215476642,-1.5085989496729715,-30.704262611981918
37.72,-0.5736045912298762,-0.1506770011826664,-1.331336040370182,-30.730889332789317
37.74,-0.4300863056109082,-0.1738720432901203,-1.1878177547512139,-30.754645687884345
37.76,-0.5657345977394835,-0.1848514043831637,-1.3234660468797892,-30.781115008821935
37.78,-0.5483421652210493,-0.1652763665069223,-1.3060736143613552,-30.807236481109165
37.8,-0.5013917754295882,-0.1946841968008515,-1.259123224569894,-30.83241894560056
37.82,-0.5773295692588571,-0.188549187751342,-1.335061018399163,-30.859120165968545
37.84,-0.4953472886801847,-0.1930809069877255,-1.2530787378204904,-30.88418174072496
37.86,-0.6961470329029416,-0.1834879492262515,-1.4538784820432473,-30.913259310365817
37.88,-0.6473931078017072,-0.1476664835343892,-1.405124556942013,-30.941361801504662
37.9,-0.8066421411988363,-0.1931247951992925,-1.564373590339142,-30.97264927331144
37.92,-0.6605637891765245,-0.1564368856372834,-1.4182952383168304,-31.001015178077783
37.94,-0.6427416295617738,-0.1734341125205257,-1.4004730787020796,-31.02902463965182
37.96,-0.6714850436913884,-0.2074664383442763,-1.4292164928316942,-31.057608969508458
37.98,-0.6508304201117773,-0.1356498816555534,-1.408561869252083,-31.085780206893492
38.0,-0.8197939350156982,-0.1472349490285324,-1.577525384156004,-31.117330714576617
38.02,-0.6204568402098171,-0.1859777381235885,-1.3781882893501227,-31.144894480363625
38.04,-0.4896858810251707,-0.1594697350462341,-1.2474173301654765,-31.16984282696693
38.06,-0.5017203523435091,-0.1905489821427562,-1.2594518014838147,-31.19503186299661
38.08,-0.6183269194227673,-0.1445140677395683,-1.376058368563073,-31.222553030367866
38.1,-0.5172245322231821,-0.1586353154354905,-1.2749559813634879,-31.24805214999514
38.12,-0.6298126148848521,-0.1534666257710139,-1.3875440640251577,-31.275803031275636
38.14,-0.5281883347296077,-0.1867145668690702,-1.2859197838699135,-31.301521426953038
38.16,-0.5481759051130047,-0.1647827777726829,-1.3059073542533106,-31.3276395740381
38.18,-0.6094569866041036,-0.1727655117758159,-1.3671884357444095,-31.35498334275299
38.2,-0.8137103504223211,-0.1679247739138932,-1.5714417995626269,-31.386412178744248
38.22,-0.8530403208737645,-0.1604044669417535,-1.6107717700140702,-31.418627614144523
38.24,-0.5254908917055913,-0.2139973816281812,-1.2832223408458971,-31.444292060961445
38.26,-0.7087218281734649,-0.1550704457100781,-1.4664532773137706,-31.473621126507716
38.28,-0.5015482444012171,-0.1670281314720985,-1.259279693541523,-31.49880672037855
38.3,-0.3468687282709323,-0.1795946178316726,-1.1046001774112382,-31.52089872392677
38.32,-0.491173866705559,-0.1176759930625364,-1.2489053158458647,-31.545876830243692
38.34,-0.6088706612568285,-0.1181489018827358,-1.3666021103971344,-31.57320887245164
38.36,-0.4630071979196293,-0.1954855856122281,-1.220738647059935,-31.597623645392833
38.38,-0.3885082880649783,-0.1801972405610459,-1.146239737205284,-31.620548440136943
38.4,-0.5803397020399091,-0.13772580896281,-1.3380711511802148,-31.647309863160544
38.42,-0.4282711403052887,-0.173936357903743,-1.1860025894455943,-31.67102991494946
38.44,-0.5410149029902469,-0.1604555503076498,-1.2987463521305527,-31.697004841992065
38.46,-0.5125963453765694,-0.1645477374828983,-1.2703277945168752,-31.722411397882407
38.48,-0.6957392913762512,-0.1486120907406221,-1.453470740516557,-31.751480812692733
38.5,-0.5953235275945944,-0.1670264321264583,-1.3530549767349003,-31.778541912227436
38.52,-0.6584748144048704,-0.1533536323707098,-1.4162062635451762,-31.806866037498345
38.54,-0.5974209782191626,-0.1597073244208462,-1.3551524273594684,-31.833969086045528
38.56,-0.6420174704710471,-0.1667863307608736,-1.3997489196113528,-31.86196406443776
38.58,-0.4679423454437879,-0.1483123013081238,-1.2256737945840936,-31.886477540329437
38.6,-0.683817072066392,-0.1647964478314811,-1.4415485212066979,-31.915308510753576
38.62,-0.6397526353385129,-0.1844843498784762,-1.3974840844788186,-31.943258192443146
38.64,-0.5177113658328757,-0.1543861679821874,-1.2754428149731813,-31.968767048742613
38.66,-0.5917879052997513,-0.1762747775345649,-1.3495193544400572,-31.995757435831408
38.68,-0.6218935007224634,-0.1377757469154127,-1.379624949862769,-32.023349934828666
38.7,-0.4008867935020879,-0.1549919815999713,-1.1586182426423937,-32.04652229968152
38.72,-0.5790198893679906,-0.1597124645073707,-1.3367513385082965,-32.07325732645168
38.74,-0.3714744424492235,-0.1182146579276859,-1.1292058915895293,-32.09584144428347
38.76,-0.6631246095892995,-0.1488345438451582,-1.4208560587296053,-32.12425856545806
38.78,-0.8836452148359577,-0.1476522414188423,-1.6413766639762635,-32.15708609873759
38.8,-0.5273064400204729,-0.115039423913268,-1.2850378891607788,-32.1827868565208
38.82,-0.5181486326641601,-0.1289786969278767,-1.2758800818044658,-32.208304458156896
38.84,-0.3487105315166342,-0.1354463632604259,-1.1064419806569399,-32.23043329777004
38.86,-0.646523422307635,-0.1285388143726087,-1.4042548714479408,-32.258518395199
38.88,-0.5050538455320001,-0.148903221294996,-1.2627852946723057,-32.28377410109245
38.9,-0.6532595993993239,-0.1516059026094587,-1.4109910485396298,-32.31199392206324
38.92,-0.4755406666436168,-0.1811693440458803,-1.2332721157839226,-32.33665936437892
38.94,-0.4021395936443278,-0.1659421860461371,-1.1598710427846335,-32.359856785234605
38.96,-0.4889770347059685,-0.1607292202866179,-1.2467084838462743,-32.38479095491154
38.98,-0.607992476320275,-0.1187479481525042,-1.3657239254605806,-32.41210543342074
39.0,-0.4764093752129834,-0.1638276120128576,-1.2341408243532892,-32.43678824990781
39.02,-0.3358058973738494,-0.1374830862372812,-1.0935373465141551,-32.4586589968381
39.04,-0.4023116415562038,-0.1335591281146767,-1.1600430906965096,-32.48185985865203
39.06,-0.5757528478246435,-0.133458166222003,-1.3334842969649494,-32.50852954459133
39.08,-0.6587336986464464,-0.1166593543691748,-1.4164651477867523,-32.536858847547066
39.1,-0.4974638126943079,-0.1731565523262545,-1.2551952618346136,-32.561962752783764
39.12,-0.3988008902646105,-0.1032609580065176,-1.1565323394049163,-32.58509339957186
39.14,-0.4660746075476812,-0.1671870327147608,-1.223806056687987,-32.60956952070563
39.16,-0.588789541339753,-0.145783187556734,-1.3465209904800588,-32.63649994051522
39.18,-0.5954182643059774,-0.1262804855084989,-1.353149713446283,-32.66356293478415
39.2,-0.4075427671872251,-0.146562463984976,-1.165274216327531,-32.68686841911071
39.22,-0.4997916159845703,-0.1663805405983177,-1.257523065124876,-32.712018880413204
39.24,-0.6318720446238102,-0.1949480568260363,-1.389603493764116,-32.73981095028849
39.26,-0.5771068136087512,-0.1426809369388105,-1.334838262749057,-32.76650771554347
39.28,-0.4182119021366904,-0.1001625364090278,-1.1759433512769961,-32.79002658256901
39.3,-0.4298019588737509,-0.1048320232843474,-1.1875334080140567,-32.81377725072929
39.32,-0.5341536299109225,-0.1902224532247808,-1.2918850790512284,-32.83961495231031
39.34,-0.4150190013166168,-0.1278077215480262,-1.1727504504569226,-32.863069961319454
39.36,-0.5106798092884051,-0.1260583003344628,-1.2684112584287108,-32.888438186488024
39.38,-0.6128348029801708,-0.1629459797057729,-1.3705662521204767,-32.91584951153044
39.4,-0.3587311724730436,-0.1613427642634587,-1.1164626216133493,-32.9381787639627
39.42,-0.498598213749901,-0.1499995239696545,-1.2563296628902068,-32.96330535722051
39.44,-0.5162442004281264,-0.1558253385315426,-1.273975649568432,-32.98878487021187
39.46,-0.2364136292769392,-0.1459035144277421,-0.994145078417245,-33.008667771780225
39.48,-0.3114262187814161,-0.1544960652674445,-1.0691576679217218,-33.03005092513865
39.5,-0.4157517198642461,-0.109784346590528,-1.1734831690045517,-33.05352058851875
39.52,-0.6191211777739859,-0.1487348063342299,-1.3768526269142916,-33.08105764105704
39.54,-0.3504300192185243,-0.1458689495893408,-1.1081614683588301,-33.10322087042422
39.56,-0.4495246508938496,-0.1792448178769481,-1.2072561000341553,-33.127365992424906
39.58,-0.5124952576443331,-0.1336805315948291,-1.270226706784639,-33.152770526560595
39.6,-0.6644189846178097,-0.1465991504505862,-1.4221504337581155,-33.18121353523576
39.62,-0.224765308113772,-0.1687894460255398,-0.9824967572540777,-33.20086347038084
39.64,-0.5979697912606459,-0.1506435989368334,-1.3557012404009516,-33.22797749518886
39.66,-0.2651126846073356,-0.1320296401278893,-1.0228441337476415,-33.24843437786381
39.68,-0.4185085113769864,-0.1170504479846493,-1.1762399605172922,-33.27195917707416
39.7,-0.5575059595604723,-0.087211232701083,-1.315237408700778,-33.29826392524818
39.72,-0.3571135227757191,-0.0593534939208172,-1.114844971916025,-33.320560824686495
39.74,-0.5260876050674489,-0.1310649616685996,-1.2838190542077546,-33.346237205770656
39.76,-0.5285170306108071,-0.1589782756352966,-1.286248479751113,-33.371962175365674
39.78,-0.4394348058804112,-0.123682918560989,-1.197166255020717,-33.39590550046609
39.8,-0.462970071083934,-0.1445353125232183,-1.2207015202242397,-33.42031953087057
39.82,-0.5308791589945712,-0.123487832484685,-1.288610608134877,-33.44609174303327
39.84,-0.4064158407816299,-0.1032372305792807,-1.1641472899219356,-33.469374688831714
39.86,-0.352148919372351,-0.1190148147670987,-1.1098803685126568,-33.491572296201966
39.88,-0.2883424958323822,-0.1158540191109784,-1.046073944972688,-33.512493775101426
39.9,-0.5159800725408507,-0.1232945131629502,-1.2737115216811565,-33.53796800553504
39.92,-0.4377593140822974,-0.1439099684743198,-1.1954907632226033,-33.561877820799495
39.94,-0.5612399900785509,-0.1475133926873819,-1.3189714392188567,-33.58825724958387
39.96,-0.2508759806637513,-0.1504178427647447,-1.008607429804057,-33.60842939817995
39.98,-0.2507071366623908,-0.1033980919991223,-1.0084385858026965,-33.628598169896
40.0,-0.4406185057334025,-0.1276887461320376,-1.1983499548737082,-33.652565168993476
40.02,-0.2113908837061882,-0.1034073434447149,-0.969122332846494,-33.67194761565041
40.04,-0.4599550282588194,-0.130551645106097,-1.2176864773991252,-33.696301345198385
40.06,-0.4700751502900625,-0.1251288735576839,-1.2278065994303682,-33.720857477186996
40.08,-0.4573657725783725,-0.1086601911502003,-1.2150972217186782,-33.745159421621366
40.1,-0.3867868575322665,-0.1177196401320153,-1.1445183066725724,-33.76804978775482
40.12,-0.3469124174586491,-0.1429891261346877,-1.1046438665989549,-33.79014266508679
40.14,-0.4193235215103416,-0.140076373794361,-1.1770549706506475,-33.81368376449981
40.16,-0.3120088093552513,-0.1083955784946729,-1.069740258495557,-33.83507856966971
40.18,-0.3144795791755153,-0.1665004167295594,-1.072211028315821,-33.856522790236035
40.2,-0.1813420255307215,-0.0938575463335739,-0.9390734746710273,-33.87530425972946
40.22,-0.4501912055009435,-0.1054240935908321,-1.2079226546412491,-33.899462712822285
40.24,-0.2546214161206808,-0.1113116955440075,-1.0123528652609866,-33.919709770127504
40.26,-0.3638683165050627,-0.0905229994552018,-1.1215997656453685,-33.942141765440404
40.28,-0.2596404271941852,-0.1149402324936251,-1.017371876334491,-33.9624892029671
40.3,-0.2814451432614276,-0.0854965377591541,-1.0391765924017333,-33.98327273481513
40.32,-0.5935570692287157,-0.093591461673321,-1.3512885183690213,-34.01029850518252
40.34,-0.2927306799862404,-0.1172266339069212,-1.0504621291265461,-34.031307747765055
40.36,-0.5043831963815895,-0.1299482959458831,-1.2621146455218952,-34.05655004067549
40.38,-0.2621415492498882,-0.1038772524339255,-1.019872998390194,-34.0769475006433
40.4,-0.2912247384054925,-0.1134092896230309,-1.0489561875457982,-34.09792662439421
40.42,-0.3517416006259174,-0.1216482288521792,-1.109473049766223,-34.12011608538954
40.44,-0.2462395811972106,-0.1084241436600195,-1.0039710303375164,-34.14019550599629
40.46,-0.2662401341923033,-0.1248673342129388,-1.023971583332609,-34.16067493766295
40.48,-0.1763887210604643,-0.0581074197280922,-0.9341201702007701,-34.17935734106696
40.5,-0.474811434831888,-0.1087231374691892,-1.2325428839721937,-34.20400819874641
40.52,-0.2232336776992416,-0.0708763768976882,-0.9809651268395474,-34.223627501283204
40.54,-0.3920917144245508,-0.0863367298957543,-1.1498231635648566,-34.246623964554495
40.56,-0.3123674101043808,-0.057623442795621,-1.0700988592446865,-34.26802594173939
40.58,-0.3461753413512455,-0.0951914975993128,-1.1039067904915512,-34.290104077549216
40.6,-0.3218700251952482,-0.1311678794681341,-1.079601474335554,-34.31169610703593
40.62,-0.2553939948808907,-0.0919743179330643,-1.0131254440211965,-34.33195861591635
40.64,-0.3274495440787608,-0.0726205025033319,-1.0851809932190666,-34.35366223578073
40.66,-0.4659503825938458,-0.1359751342659379,-1.2236818317341516,-34.37813587241541
40.68,-0.0513885573210063,-0.0904604525910457,-0.8091200064613121,-34.394318272544645
40.7,-0.2810111875136523,-0.0526135589932457,-1.038742636653958,-34.41509312527773
40.72,-0.3217645103412613,-0.0793560523623429,-1.0794959594815672,-34.43668304446736
40.74,-0.1718008120458095,-0.0593628698631557,-0.9295322611861152,-34.45527368969108
40.76,-0.3264729674848175,-0.1018259267990591,-1.0842044166251232,-34.47695777802358
40.78,-0.3528698668611452,-0.1220859517077925,-1.110601316001451,-34.499169804343616
40.8,-0.0721828430355195,-0.0898052392118411,-0.8299142921758252,-34.51576809018713
40.82,-0.3164470506843615,-0.0945632795020055,-1.0741784998246673,-34.53725166018363
40.84,-0.0767722873332551,-0.0721005708871927,-0.8345037364735609,-34.5539417349131
40.86,-0.0072917603140816,-0.092865527006878,-0.7650232094543874,-34.569242199102185
40.88,-0.4258797384008784,-0.1107000599301592,-1.183611187541184,-34.59291442285301
40.9,-0.4563122881185195,-0.0820459174938153,-1.2140437372588253,-34.61719529759819
40.92,-0.2769871329726273,-0.0725350440425884,-1.034718582112933,-34.63788966924045
40.94,-0.133367197392638,-0.1435442174549255,-0.8910986465329438,-34.655711642171106
40.96,-0.3497817720003532,-0.1296435738889556,-1.107513221140659,-34.677861906593925
40.98,-0.3279155047338119,-0.0744534566832044,-1.0856469538741176,-34.69957484567141
41.0,-0.430158263340326,-0.060543648477936,-1.1878897124806318,-34.723332639921026
41.02,-0.1036970130625393,-0.1089328469581703,-0.8614284622028451,-34.74056120916509
41.04,-0.3536649590559624,-0.1417706034136306,-1.1113964081962682,-34.76278913732901
41.06,-0.3676726332673929,-0.1372832085303226,-1.1254040824076987,-34.78529721897716
41.08,-0.1401401197600604,-0.089072735797645,-0.8978715689003662,-34.803254650355164
41.1,-0.1624740031099787,-0.1126692492246951,-0.9202054522502845,-34.82165875940017
41.12,-0.2311860287148966,-0.0598254688461324,-0.9889174778552023,-34.84143710895727
41.14,-0.3688361158927659,-0.0959070584904451,-1.1265675650330715,-34.86396846025794
41.16,-0.2809816704638588,-0.105968358931942,-1.0387131196041646,-34.88474272265002
41.18,-0.3160852678918573,-0.1015276805555781,-1.073816717032163,-34.906219056990665
41.2,-0.2688579192507841,-0.1182324956819129,-1.0265893683910898,-34.92675084435849
41.22,-0.0975134664078222,-0.0913984473082457,-0.855244915548128,-34.94385574266945
41.24,-0.1750378079257746,-0.0782525311654482,-0.9327692570660804,-34.96251112781077
41.26,-0.3805152839196376,-0.1307876597198368,-1.1382467330599435,-34.98527606247197
41.28,-0.4025322983590726,-0.0673728152247343,-1.1602637474993784,-35.00848133742196
41.3,-0.1850172641347701,-0.0715402362168748,-0.9427487132750758,-35.02733631168746
41.32,-0.1567695915609025,-0.0955534365856889,-0.9145010407012083,-35.04562633250149
41.34,-0.3028582987015572,-0.128024514601063,-1.0605897478418629,-35.06683812745833
41.36,-0.3381814585997137,-0.0877644632415593,-1.0959129077400194,-35.08875638561313
41.38,-0.4156351212838987,-0.0897629013897402,-1.1733665704242044,-35.11222371702162
41.4,-0.1215224285532165,-0.0892481948642627,-0.8792538776935223,-35.12980879457549
41.42,-0.1473716856855362,-0.0764381136942641,-0.905103134825842,-35.14791085727201
41.44,-0.1522603123342918,-0.0500073464525504,-0.9099917614745976,-35.1661106925015
41.46,-0.1367439618263384,-0.112756465359126,-0.8944754109666442,-35.18400020072083
41.48,-0.2619773472266395,-0.1115707991045672,-1.0197087963669453,-35.20439437664817
41.5,-0.1890841981995989,-0.0614524770270379,-0.9468156473399046,-35.22333068959497
41.52,-0.2635862964206963,-0.0575479968001265,-1.021317745561002,-35.24375704450619
41.54,-0.2554355236703366,-0.08080371363539,-1.0131669728106423,-35.2640203839624
41.56,-0.4547089835890982,-0.0915819189929818,-1.212440432729404,-35.28826919261699
41.58,-0.2040212349876962,-0.0516896029235463,-0.961752684128002,-35.307504246299544
41.6,-0.13300092991526,-0.071227364675542,-0.8907323790555658,-35.325318893880656
41.62,-0.0953782576724442,-0.088237238088096,-0.85310970681275,-35.34238108801691
41.64,-0.3118560254861343,-0.0923232530592308,-1.06958747462644,-35.36377283750944
41.66,0.0114111543533252,-0.0742101908756154,-0.7463202947869806,-35.37869924340517
41.68,-0.0230846046627946,-0.0558610277913202,-0.7808160538031004,-35.39431556448124
41.7,-0.2701161768822085,-0.0310084187530254,-1.0278476260225142,-35.41487251700169
41.72,-0.2541823896625287,-0.0631703899204331,-1.0119138388028346,-35.435110793777746
41.74,-0.0799670605541542,-0.0733126746891803,-0.83769850969446,-35.451864763971635
41.76,-0.1796650814141585,-0.0881323106649857,-0.9373965305544643,-35.47061269458272
41.78,-0.2263397035525277,-0.0741235926739087,-0.9840711526928334,-35.49029411763658
41.8,-0.2342016348180758,-0.093980335454309,-0.9919330839583815,-35.51013277931575
41.82,-0.1911926155997168,-0.0378948211240175,-0.9489240647400226,-35.52911126061055
41.84,-0.0108776789610219,-0.0893653943843944,-0.7686091281013276,-35.54448344317258
41.86,-0.211500978258845,-0.0687011123573883,-0.9692324273991508,-35.56386809172056
41.88,-0.1690099457046168,-0.0502740523060805,-0.9267413948449226,-35.58240291961746
41.9,-0.033358617578762,-0.0384480103705137,-0.7910900667190678,-35.59822472095183
41.92,0.0222658593735443,-0.0809731936529701,-0.7354655897667615,-35.61293403274717
41.94,-0.1808527386099342,-0.0160845345342983,-0.93858418775024,-35.63170571650217
41.96,-0.2172006195895713,-0.1311258850197869,-0.974932068729877,-35.65120435787677
41.98,-0.104938335018397,-0.0954870537837036,-0.8626697841587028,-35.66845775355994
42.0,-0.0630036007952043,-0.0771389368698367,-0.82073504993551,-35.68487245455866
42.02,-0.2460850880729436,-0.0429547950756743,-1.0038165372132495,-35.704948785302925
42.04,0.1685460179389563,-0.0627889166574667,-0.5891854312013495,-35.71673249392695
42.06,-0.2054308142646083,-0.0388265851045254,-0.9631622634049141,-35.73599573919505
42.08,-0.0207644804242755,-0.0684334099060735,-0.7784959295645812,-35.75156565778634
42.1,-0.2149507596784985,-0.0412406772349435,-0.9726822088188043,-35.77101930196272
42.12,-0.0160764822589392,-0.0388215714490404,-0.773807931399245,-35.7864954605907
42.14,0.1149285120963095,-0.0384020617924239,-0.6428029370439963,-35.79935151933158
42.16,-0.1701587894989029,-0.0360123555884145,-0.9278902386392087,-35.81790932410436
42.18,-0.3246776951600553,-0.0152620706971777,-1.0824091443003612,-35.839557506990374
42.2,-0.0468264696925803,-0.0757639825230541,-0.8045579188328861,-35.855648665367035
42.22,-0.1049646230812899,-0.0478406650440394,-0.8626960722215957,-35.87290258681146
42.24,-0.3068307306505073,-0.1028308226861789,-1.0645621797908131,-35.89419383040728
42.26,0.0978153010315156,-0.0792826427757982,-0.6599161481087902,-35.90739215336946
42.28,-0.1608600464570764,-0.004614209565462,-0.9185914955973822,-35.925763983281406
42.3,-0.2482300701691072,-0.0302026474104557,-1.005961519309413,-35.94588321366759
42.32,0.1181214757581875,-0.0351775464277368,-0.6396099733821182,-35.95867541313524
42.34,-0.0694890254052759,-0.0431610948520606,-0.8272204745455817,-35.97521982262615
42.36,-0.0345677484516133,-0.0553959290803106,-0.792299197591919,-35.991065806577986
42.38,-0.0340679457108344,-0.0681750185622066,-0.7917993948511401,-36.00690179447501
42.4,0.1634573191745256,-0.0380439421181272,-0.5942741299657801,-36.018787277074324
42.42,-0.0668789740643128,-0.0331850165601183,-0.8246104232046185,-36.03527948553842
42.44,-0.2186973401941489,-0.1076694346883816,-0.9764287893344546,-36.054808061325105
42.46,-0.4086933278630629,-0.0783878370935272,-1.1664247770033687,-36.078136556865175
42.48,-0.1463487388214684,-0.0361407670415207,-0.9040801879617741,-36.09621816062441
42.5,0.1106052110314747,-0.0726167714879618,-0.6471262381088311,-36.10916068538659
42.52,-0.1574368265179389,-0.0508088253772687,-0.9151682756582447,-36.12746405089976
42.54,-0.1475083651802786,-0.0014065088499501,-0.9052398143205844,-36.14556884718617
42.56,0.1035556766957882,-0.0100333539271287,-0.6541757724445175,-36.15865236263506
42.58,-0.0037701965426524,-0.0503832795566226,-0.7615016456829582,-36.173882395548716
42.6,-0.1323964458952551,-0.0665037683070799,-0.8901278950355609,-36.19168495344943
42.62,-0.0250801488031545,-0.0163106292356544,-0.7828115979434602,-36.207341185408296
42.64,-0.0589803920287142,0.0021679942200654,-0.81671184116902,-36.22367542223168
42.66,-0.0030682595709494,-0.0599654972207621,-0.7607997087112551,-36.2388914164059
42.68,-0.04754350485163,-0.0207256800027366,-0.8052749539919357,-36.25499691548574
42.7,-0.0248056406827831,-0.0562694719181711,-0.7825370898230889,-36.270647657282204
42.72,-0.1989212572032707,-0.0578128727444833,-0.9566527063435765,-36.28978071140907
42.74,0.0443636049456988,-0.02636507367457,-0.713367844194607,-36.304048068292964
42.76,0.0142209370046768,-0.026456467100016,-0.743510512135629,-36.318918278535676
42.78,0.02685189669958,-0.0377009255774747,-0.7308795524407258,-36.333535869584495
42.8,0.0321026025666321,-0.0558985975228926,-0.7256288465736737,-36.34804844651597
42.82,-0.0465005777872607,-0.088486607174893,-0.8042320269275665,-36.36413308705452
42.84,-0.0757118744922461,0.0375043761237934,-0.8334433236325519,-36.380801953527175
42.86,-0.4178091390740084,-0.0338381677774782,-1.1755405882143142,-36.40431276529146
42.88,-0.0196363597849398,-0.0160368895395715,-0.7773678089252456,-36.419860121469966
42.9,-0.3905900680594546,0.0074167084526831,-1.1483215171997605,-36.44282655181396
42.92,0.0120397107753477,-0.0475512387346008,-0.7456917383649581,-36.45774038658126
42.94,0.0561214015449406,-0.0383569327109626,-0.7016100475953652,-36.47177258753316
42.96,0.0533990963731039,-0.0441395116123021,-0.7043323527672019,-36.4858592345885
42.98,-0.0484696886140078,-0.0828210648335773,-0.8062011377543136,-36.50198325734359
43.0,0.0793866293311415,-0.0580548789326655,-0.6783448198091643,-36.515550153739774
43.02,0.1424418083239583,-0.0204463902200683,-0.6152896408163475,-36.5278559465561
43.04,-0.0487466162650376,-0.0340398056780225,-0.8064780654053434,-36.54398550786421
43.06,-0.029796977157919,-0.0165154995474113,-0.7875284262982247,-36.55973607639017
43.08,0.1384672519317202,-0.0325044174980925,-0.6192641972085856,-36.57212136033434
43.1,0.0114105558491929,-0.0059905247071228,-0.7463208932911128,-36.587047778200166
43.12,0.2749238541036077,-0.0364127393560613,-0.48280759503669807,-36.5967039301009
43.14,-0.0377276381464875,-0.0258314344718712,-0.7954590872867933,-36.61261311184664
43.16,0.0371111590635578,0.008627763798249,-0.720620290076748,-36.62702551764817
43.18,-0.1076985959015786,-0.0266552544285168,-0.8654300450418844,-36.64433411854901
43.2,0.0335964590044891,0.0288108640520723,-0.7241349901358167,-36.65881681835173
43.22,-0.0557073355598754,-0.0604105208266754,-0.8134387847001812,-36.67508559404573
43.24,-0.191761294128089,-0.0449157516598845,-0.9494927432683948,-36.69407544891111
43.26,-0.2253009738351221,-0.0335418301843942,-0.9830324229754279,-36.713736097370614
43.28,0.0526679515577202,-0.0257559137726587,-0.7050634975825856,-36.727837367322266
43.3,-0.0910145311757218,0.0242930199857737,-0.8487459803160275,-36.744812286928585
43.32,-0.0023019987370024,0.0062584186140662,-0.7600334478773082,-36.76001295588613
43.34,0.0046172519808939,-0.0125330575606377,-0.7531141971594119,-36.77507523982932
43.36,-0.0372607830768634,-0.0121764413798807,-0.7949922322171692,-36.79097508447366
43.38,0.220142502306375,-0.0511292489672071,-0.5375889468339308,-36.80172686341034
43.4,-0.008265947629217,-0.0128214387438206,-0.7659973967695227,-36.817046811345726
43.42,-0.0488368047561264,0.0261467347676539,-0.8065682538964322,-36.83317817642366
43.44,-0.0954618677658904,-0.0346623967935492,-0.8531933169061962,-36.85024204276178
43.46,0.1263147592778738,-0.0349679082358499,-0.6314166898624319,-36.86287037655903
43.48,-0.0225587303279805,-0.0122933830833048,-0.7802901794682863,-36.87847618014839
43.5,0.1773638964002726,0.0120035526924204,-0.5803675527400332,-36.89008353120319
43.52,0.0952970271977812,0.02844450361214,-0.6624344219425246,-36.90333221964204
43.54,-0.023741550560986,0.0204800267792806,-0.7814729997012918,-36.91896167963606
43.56,0.0886265189066854,-0.0239105394879272,-0.6691049302336204,-36.932343778240735
43.58,0.1036092130679026,0.0448419361643458,-0.6541222360724032,-36.94542622296218
43.6,-0.0594677724292349,-0.0378673640570581,-0.8171992215695407,-36.96177020739358
43.62,0.0715613529558801,-0.0273716247121162,-0.6861700961844257,-36.97549360931726
43.64,0.0871707937200324,-0.001867576827108,-0.6705606554202733,-36.98890482242567
43.66,0.0567437827023476,-0.0367228754639562,-0.7009876664379582,-37.00292457575442
43.68,0.1225502922739334,0.0066119330772151,-0.6351811568663723,-37.01562819889175
43.7,0.034321543803384,0.0365517656369328,-0.7234099053369217,-37.03009639699849
43.72,0.2433192178486026,-0.0033272796131069,-0.5144122312917032,-37.04038464162432
43.74,0.3610894455563838,-0.0696725290006196,-0.396642003583922,-37.048317481696
43.76,0.0090806994370313,-0.0085188775407732,-0.7486507497032745,-37.063290496690065
43.78,-0.1695997185789227,0.0064180317254587,-0.9273311677192284,-37.081837120044455
43.8,0.1077531414115847,-0.0032647467113746,-0.6499783077287211,-37.094836686199024
43.82,0.1184946857360392,-0.0140929628584511,-0.6392367634042666,-37.10762142146711
43.84,0.0846817740521738,-0.0037159447990937,-0.673049675088132,-37.121082414968875
43.86,-0.0826917124614655,-0.033525026471367,-0.8404231616017712,-37.137890878200906
43.88,0.1146708933188772,-0.000518518233525,-0.6430605558214286,-37.150752089317336
43.9,0.174568436213146,-0.0084466033957725,-0.5831630129271598,-37.16241534957588
43.92,-0.0250082338223845,-0.0169991844270475,-0.7827396829626903,-37.17807014323514
43.94,0.2963327706699725,0.047921323855754,-0.4613986784703333,-37.18729811680454
43.96,-0.021857473877695,-0.0155538657453788,-0.7795889230180008,-37.2028898952649
43.98,0.1739349299930858,0.0246589396486018,-0.58379651914722,-37.214565825647846
44.0,0.0653987471614337,0.0179294184146089,-0.6923327019788721,-37.22841247968743
44.02,-0.0902795516119567,0.0345061456570985,-0.8480110007522624,-37.24537269970248
44.04,0.0865319814032622,-0.0652369926270645,-0.6711994677370435,-37.25879668905722
44.06,0.0745571134516965,-0.002407589095612,-0.6831743356886093,-37.272460175770995
44.08,0.4095958402434512,-0.0288792427013682,-0.3481356088968546,-37.27942288794893
44.1,0.2235127658882684,0.005900872412888,-0.5342186832520374,-37.290107261613976
44.12,0.3242969255496916,0.0081257770966119,-0.4334345235906142,-37.298775952085784
44.14,0.2775726095637971,-0.0100272467004816,-0.4801588395765087,-37.30837912887731
44.16,0.1048067820793194,0.0541777206095692,-0.6529246670609864,-37.32143762221853
44.18,0.0269477078587735,0.0294880688784926,-0.7307837412815322,-37.33605329704417
44.2,0.3202320525713351,-0.0072628576160325,-0.4374993965689707,-37.34480328497555
44.22,-0.0279621909492669,0.0685764510931212,-0.7856936400895727,-37.36051715777734
44.24,0.1115303004039365,-0.0056428108907935,-0.6462011487363692,-37.37344118075207
44.26,0.0374287602362026,-0.001462635448766,-0.7203026889041032,-37.38784723453015
44.28,0.1949388464759684,0.0405800153002151,-0.5627926026643374,-37.39910308658344
44.3,0.3512925976850266,-0.0072559835531823,-0.4064388514552792,-37.407231863612544
44.32,0.0884703919106257,0.0126816155539653,-0.6692610572296801,-37.42061708475714
44.34,-0.0089806689751731,0.016595849507159,-0.7667121181154789,-37.435951327119454
44.36,0.2427581294162987,0.0506001679292547,-0.5149733197240071,-37.44625079351393
44.38,-0.0707334662440747,-0.0220166752743793,-0.8284649153843805,-37.46282009182163
44.4,0.1622093123743537,0.00507769142677,-0.595522136765952,-37.47473053455694
44.42,0.0492862632717778,0.0372901228321551,-0.708445185868528,-37.488899438274316
44.44,0.1857196552599436,0.0071406350914949,-0.5720117938803622,-37.500339674151924
44.46,0.1789328939496676,0.0149921493970261,-0.5787985551906382,-37.51191564525574
44.48,0.0069526757299502,0.0330229666116443,-0.7507787734103556,-37.526931220723945
44.5,0.3547423003337292,0.0091940548674592,-0.40298914880657655,-37.53499100370008
44.52,0.2983566479343761,0.0056277033575055,-0.45937480120592966,-37.5441784997242
44.54,0.0243663082207019,-0.0071865809010026,-0.7333651409196039,-37.558845802542585
44.56,-0.0018908794887363,0.0387049923434047,-0.7596223286290421,-37.57403824911517
44.58,0.0870018551052146,0.0372648701971583,-0.6707295940350911,-37.587452840995866
44.6,-0.0205433913564315,0.0144748032585272,-0.7782748404967372,-37.6030183378058
44.62,0.0101448816462541,0.0213338252462467,-0.7475865674940516,-37.617970069155675
44.64,0.2660239391707274,-0.0082309651433271,-0.49170750996957835,-37.62780421935507
44.66,0.1451876261908297,0.0433475227638512,-0.6125438229494761,-37.640055095814056
44.68,0.2332686014161543,0.0081677456702787,-0.5244628477241515,-37.65054435276854
44.7,0.4024382081588311,0.0279472296081023,-0.3552932409814747,-37.65765021758817
44.72,0.132125774305892,0.0350445739535583,-0.6256056748344138,-37.67016233108485
44.74,0.0827331203892439,0.0384740766736679,-0.6749983287510619,-37.68366229765988
44.76,0.1449061302315326,0.0907914774570509,-0.6128253189087731,-37.69591880403805
44.78,0.2746158228515026,0.0374776546198382,-0.48311562628880317,-37.70558111656383
44.8,0.1800131413529864,-0.0143153726682,-0.5777183077873194,-37.71713548271957
44.82,-0.0692410687406746,0.0337906523356229,-0.8269725178809804,-37.73367493307719
44.84,0.0738267021429744,0.0446942148425471,-0.6839047469973314,-37.74735302801714
44.86,-0.0198295625933632,-0.0105876005398178,-0.777561011733669,-37.76290424825181
44.88,0.0300298637794211,0.0126986219638183,-0.7277015853608847,-37.77745827995903
44.9,-0.0255800409658651,0.0322603102990816,-0.7833114901061708,-37.79312450976115
44.92,0.2214270726751191,0.0437091647526123,-0.5363043764651867,-37.803850597290456
44.94,0.2599990280827406,0.0106917938013842,-0.49773242105756516,-37.813805245711606
44.96,0.1437237793057444,0.0338812276072063,-0.6140076698345613,-37.8260853991083
44.98,0.0367116166887739,0.0377933363414824,-0.7210198324515319,-37.84050579575733
45.0,0.1793240236970247,0.0556092053828816,-0.578407425443281,-37.852073944266195
45.02,0.1683426409083383,0.0667369592534351,-0.5893888082319675,-37.86386172043083
45.04,0.0534222424569677,0.03716808990739,-0.7043092066833381,-37.8779479045645
45.06,0.0678834670105553,0.0678108864143174,-0.6898479821297505,-37.8917448642071
45.08,0.1552782580135476,0.020946180370016,-0.6024531911267581,-37.90379392802963
45.1,0.1385534116260546,0.0229563339083559,-0.6191780375142512,-37.916177488779915
45.12,0.0993619235558755,0.0339249207743029,-0.6583695255844303,-37.9293448792916
45.14,0.1724232286279786,0.0104840342444176,-0.5853082205123272,-37.94105104370185
45.16,0.1846732625086572,0.031813762172356,-0.5730581866316485,-37.95251220743448
45.18,0.2523262203632403,0.0433728522948813,-0.5054052287770654,-37.962620312010024
45.2,0.3152787552588963,0.065734932910947,-0.44245269388140945,-37.97146936588766
45.22,0.1357017662753644,0.0466273296135653,-0.6220296828649414,-37.98390995954495
45.24,0.2302988098854003,0.0540491592307579,-0.5274326392549055,-37.99445861233005
45.26,0.2653481011337696,0.0561729998984468,-0.49238334800653616,-38.00430627929018
45.28,-0.0240172976312346,0.00336116970242,-0.7817487467715404,-38.01994125422561
45.3,0.1837749926548043,0.0389451948773723,-0.5739564564855015,-38.03142038335532
45.32,0.1459887871371274,0.0646493709753817,-0.6117426620031784,-38.043655236595384
45.34,0.2174356481939327,0.0609546986501009,-0.5402958009463731,-38.054461152614316
45.36,0.4272256061378563,0.0644087875554089,-0.33050584300244945,-38.06107126947436
45.38,0.1562401673678435,0.0469622505405447,-0.6014912817724622,-38.07310109510981
45.4,0.2819371330043987,0.0588333575412068,-0.47579431613590706,-38.08261698143253
45.42,0.3092763129821352,0.0384542565359104,-0.44845513615817056,-38.09158608415569
45.44,0.2589013536094812,-0.0133004734824722,-0.4988300955308246,-38.10156268606631
45.46,0.261244700264731,0.0703102414687957,-0.49648674887557476,-38.11149242104382
45.48,0.0581753875126591,0.0688979164693316,-0.6995560616276467,-38.12548354227637
45.5,0.1805122883629791,0.0230491220177853,-0.5772191607773267,-38.13702792549192
45.52,0.2004862114757938,0.0406752261943106,-0.557245237664512,-38.148172830245215
45.54,0.1781417246642617,0.0264693063668491,-0.5795897244760441,-38.159764624734734
45.56,0.1141072296032023,0.0811172554249018,-0.6436242195371035,-38.172637109125475
45.58,0.2780142241010748,0.0246555605555571,-0.479717225039231,-38.18223145362626
45.6,0.1968103537150019,0.0695824180287802,-0.5609210954253039,-38.19344987553477
45.62,0.0391689084080693,0.0312626935126239,-0.7185625407322365,-38.20782112634941
45.64,0.1293211165460573,0.0956841385800621,-0.6284103325942485,-38.22038933300129
45.66,0.0302915983136474,0.071678386315198,-0.7274398508266584,-38.234938130017824
45.68,0.0286971112611917,0.0578928635307127,-0.7290343378791141,-38.24951881677541
45.7,0.2883111464241397,0.02386399738429,-0.4694203027161661,-38.258907222829734
45.72,0.2615131448004533,0.0882410901255358,-0.4962183043398525,-38.26883158891653
45.74,0.4022358421513227,0.055983628103421,-0.3554956069889831,-38.27594150105631
45.76,0.0592110516553489,0.0185660156211754,-0.6985203974849569,-38.28991190900601
45.78,0.2721420680720147,0.0586200369910198,-0.4855893810682911,-38.29962369662738
45.8,0.27039495526519,0.0775466749134273,-0.4873364938751158,-38.30937042650488
45.82,0.2789255528149196,0.0749104461088226,-0.47880589632538617,-38.318946544431384
45.84,0.2947688570622576,0.0732099067377553,-0.4629625920780482,-38.32820579627295
45.86,0.2803191362029537,0.0716968644455737,-0.4774123129373521,-38.33775404253169
45.88,0.2203406658302099,0.0635658191738637,-0.5373907833100959,-38.3485018581979
45.9,0.1240973029010691,0.0832763199940543,-0.6336341462392366,-38.36117454112268
45.92,0.3370155115118544,0.0437652284279488,-0.4207159376284514,-38.36958885987525
45.94,-0.0840555212978148,0.0225092844836936,-0.8417869704381206,-38.38642459928401
45.96,0.0976072725185709,0.0564929094026562,-0.6601241766217348,-38.39962708281645
45.98,0.2295713148331685,0.0611606567637972,-0.5281601343071373,-38.410190285502594
46.0,0.0945279600695324,0.0358450405376921,-0.6632034890707734,-38.423454355284015
46.02,0.250580282732753,0.056852510413979,-0.5071511664075528,-38.43359737861217
46.04,0.1070985588967449,0.0160273292716178,-0.6506328902435609,-38.44661003641704
46.06,0.388750170406825,0.0501121551687916,-0.36898127873348074,-38.45398966199171
46.08,0.155357569607041,0.0847155854219739,-0.6023738795332647,-38.466037139582376
46.1,0.1253305717844104,0.0382374516266168,-0.6324008773558953,-38.4786851571295
46.12,0.1764426735023515,0.0559535680832936,-0.5812887756379543,-38.49031093264225
46.14,0.2697349410159646,0.0848285902633374,-0.48799650812434114,-38.50007086280474
46.16,0.1451989809895556,0.1038238123911893,-0.6125324681507501,-38.51232151216775
46.18,0.0782058089046448,0.0804799697462841,-0.679525640235661,-38.52591202497247
46.2,0.177558453372643,0.0251855970792713,-0.5801729957676628,-38.53751548488783
46.22,0.0870148753920113,0.0650294787439604,-0.6707165737482945,-38.55092981636279
46.24,0.1944632895025851,0.1013741311702192,-0.5632681596377207,-38.562195179555545
46.26,0.198638589259894,0.0565564333779897,-0.5590928598804118,-38.57337703675315
46.28,0.1418552899626059,0.0854313977912694,-0.6158761591776999,-38.585694559936705
46.3,0.3026965235629343,0.0804477028487258,-0.45503492557737146,-38.59479525844825
46.32,0.3503023642937868,0.027641855383729,-0.40742908484651896,-38.60294384014518
46.34,0.0080710436053299,0.0577228726195657,-0.7496604055349758,-38.61793704825588
46.36,0.4489746418611806,0.0492625864430645,-0.3087568072791252,-38.62411218440146
46.38,0.2400207199548196,0.0708624157665427,-0.5177107291854861,-38.634466398985175
46.4,0.2640757335473039,0.0909190679776027,-0.49365571559300186,-38.644339513297034
46.42,0.0670749652328924,0.0744313033549702,-0.6906564839074134,-38.65815264297518
46.44,-0.0170310477080585,0.0993819565654326,-0.7747624968483643,-38.67364789291214
46.46,0.4526713686621547,0.0393879498522026,-0.3050600804781511,-38.67974909452171
46.48,0.26345254351647,0.0538188308827514,-0.49427890562383575,-38.689634672634185
46.5,0.3806809563089842,0.0758672083451466,-0.3770504928313216,-38.697175682490816
46.52,0.3136451167900327,0.1038300938643398,-0.44408633235027306,-38.70605740913782
46.54,0.0989772276239584,0.0622762521581519,-0.6587542215163473,-38.71923249356814
46.56,0.2229504864134154,0.0963598905882236,-0.5347809627268904,-38.729928112822684
46.58,0.2455588652119903,0.0466580652065834,-0.5121725839283154,-38.740171564501246
46.6,0.2385229606613166,0.1055491073928219,-0.5192084884789891,-38.750555734270826
46.62,0.2242098178925564,0.1363214664712372,-0.5335216312477493,-38.76122616689578
46.64,0.3264513974044398,0.0797784399959518,-0.431280051735866,-38.7698517679305
46.66,0.1342272574700866,0.0917112205714666,-0.6235041916702192,-38.782321851763896
46.68,0.1181027111768666,0.1191566315143586,-0.6396287379634391,-38.79511442652317
46.7,0.1824205985011116,0.1173404300536845,-0.5753108506391942,-38.80662064353596
46.72,0.2741859955684115,0.0937574391735916,-0.48354545357189427,-38.816291552607396
46.74,0.163767960859646,0.152602330190281,-0.5939634882806597,-38.82817082237301
46.76,0.2126040052927894,0.1049372972834672,-0.5451274438475164,-38.83907337124996
46.78,0.3473416641520191,0.0926346308250327,-0.41038978498828665,-38.84728116694973
46.8,0.3175335829123551,0.1019151204273032,-0.44019786622795065,-38.85608512427429
46.82,0.1818569843130841,0.0965318282759878,-0.5758744648272216,-38.86760261357083
46.84,-0.0887149837798882,0.0943331722345948,-0.846446432920194,-38.88453154222924
46.86,0.0946026322859585,0.0862622851180252,-0.6631288168543472,-38.897794118566324
46.88,0.2331592377927623,0.1378615329679578,-0.5245722113475435,-38.908285562793274
46.9,0.3051190265481355,0.0925599121608932,-0.45261242259217027,-38.91733781124512
46.92,0.1307847379601754,0.0981385382041498,-0.6269467111801303,-38.929876745468725
46.94,0.3006773745456085,0.0851085475262356,-0.45705407459469727,-38.939017826960615
46.96,0.191708431953434,0.1003991103706204,-0.5660230171868718,-38.950338287304355
46.98,0.2972235646093126,0.0876473561169102,-0.4605078845309932,-38.95954844499497
47.0,0.0909200581354883,0.107283182528889,-0.6668113910048175,-38.97288467281507
47.02,0.2173109819904508,0.089173874252953,-0.5404204671498549,-38.98369308215807
47.04,0.2203760642562331,0.0860594100396493,-0.5373553848840726,-38.99444018985575
47.06,0.2976345253372534,0.0742969661293331,-0.4600969238030524,-39.00364212833181
47.08,0.159528278068222,0.0970788961562145,-0.5982031710720838,-39.01560619175325
47.1,0.2689733213472537,0.0744575489745262,-0.48875812779305206,-39.02538135430911
47.12,0.1037339489438204,0.1159858394709125,-0.6539975001964854,-39.03846130431304
47.14,0.1954894658738868,0.0907233814059542,-0.5622419832664189,-39.04970614397837
47.16,-0.0413911737158488,0.0848065392910747,-0.7991226228561545,-39.065688596435486
47.18,0.165396293703965,0.1093520253246352,-0.5923351554363407,-39.077535299544216
47.2,0.1152203756791084,0.1185275964540019,-0.6425110734611974,-39.090385521013445
47.22,0.3035488515539252,0.1006011600693718,-0.4541825975863806,-39.09946917296517
47.24,0.1603379524818664,0.0489705307934321,-0.5973934966584393,-39.111417042898346
47.26,0.2891611769995388,0.0812600925783048,-0.46857027214076696,-39.12078844834116
47.28,0.2836149608940947,0.0804038836324203,-0.47411648824621105,-39.13027077810609
47.3,0.2055444977138775,0.0898376571598796,-0.5521869514264283,-39.14131451713462
47.32,0.2746405604509918,0.1016526951772286,-0.483090888689314,-39.15097633490841
47.34,0.507291100347286,0.1136580149542569,-0.2504403487930198,-39.155985141884265
47.36,0.1995853356966752,0.1005517020876951,-0.5581461134436305,-39.16714806415314
47.38,0.1038978911674265,0.1152712160569922,-0.6538335579728792,-39.1802247353126
47.4,0.1771327290331799,0.1262837010068865,-0.5805987201071259,-39.19183670971474
47.42,0.2827962577966626,0.1107750097453616,-0.47493519134364315,-39.201335413541614
47.44,0.3083673496379401,0.1391245021716919,-0.44936409950236567,-39.21032269553166
47.46,0.2326201019211019,0.1222311365462296,-0.5251113472192038,-39.22082492247604
47.48,0.2401714361259419,0.075694003494822,-0.5175600130143638,-39.23117612273633
47.5,0.2335170467633486,0.1450028432090271,-0.5242144023769572,-39.24166041078387
47.52,-0.0466610343922576,0.1506921726576562,-0.8043924835325633,-39.25774826045453
47.54,0.3132503424330035,0.1102089862739206,-0.4444811067073023,-39.26663788258867
47.56,0.267580566215659,0.1548110461963717,-0.49015088292464676,-39.27644090024716
47.58,0.3026347726161225,0.0815354898996194,-0.4550966765241833,-39.28554283377764
47.6,0.3664529179730356,0.1276836858275499,-0.3912785311672702,-39.29336840440099
47.62,0.3328127152677823,0.0920871556181272,-0.4249187338725235,-39.30186677907844
47.64,0.380258147609895,0.1115364088877542,-0.37747330153041075,-39.30941624510905
47.66,0.2526314605240183,0.0839735711134523,-0.5050999886162875,-39.31951824488137
47.68,0.1874834324244239,0.1219275898403663,-0.5702480167158819,-39.33092320521569
47.7,0.3201890629739947,0.0932964048157156,-0.4375423861663111,-39.33967405293902
47.72,0.0659036109910679,0.147181754241106,-0.6918278381492379,-39.353510609702
47.74,0.3948864811651816,0.0961533994899057,-0.36284496797512417,-39.3607675090615
47.76,0.2102550741303226,0.1307942203625852,-0.5474763750099831,-39.3717170365617
47.78,0.2966754397861063,0.0916606200319146,-0.4610560093541995,-39.38093815674878
47.8,0.168282789545965,0.0905241267013527,-0.5894486595943408,-39.39272712994067
47.82,0.252704084212107,0.1212013262618475,-0.5050273649281988,-39.40282767723923
47.84,0.3481706200341227,0.1562721845290536,-0.4095608291061831,-39.41101889382136
47.86,0.1296965006210281,0.1272503725918572,-0.6280349485192777,-39.42357959279174
47.88,0.0904756436842096,0.1126179379863953,-0.6672558054560962,-39.43692470890086
47.9,0.227548545935188,0.1050417235777417,-0.5301829032051177,-39.44752836696496
47.92,0.1313302723654228,0.1612072352871052,-0.6264011767748829,-39.46005639050046
47.94,0.41688870502802,0.0905707125829115,-0.34084274411228577,-39.46687324538271
47.96,0.2184943887048384,0.1236346333818216,-0.5392370604354674,-39.47765798659142
47.98,0.2349151972358498,0.1667143702952089,-0.5228162519044559,-39.4881143116295
48.0,0.2401125884055847,0.0934521096954729,-0.5176188607347211,-39.498466688844196
48.02,0.1372403902411902,0.131987689310573,-0.6204910588991156,-39.51087651002218
48.04,0.1338534213823807,0.099939797315241,-0.623878027757925,-39.523354070577334
48.06,0.5000740302304834,0.1364063322872802,-0.2576574189098224,-39.52850721895553
48.08,0.4633616757906941,0.15930608982885,-0.2943697733496117,-39.534394614422524
48.1,0.1923468239900727,0.1894625729571645,-0.565384625150233,-39.54570230692553
48.120000000000005,0.246206880159525,0.1579636370743379,-0.5115245689807808,-39.55593279830514
48.14,0.3184295163243452,0.1351641314053853,-0.4393019328159606,-39.56471883696146
48.16,0.1899073174811084,0.1206272865056133,-0.5678241316591974,-39.57607531959464
48.18,0.1202810214921746,0.1090123305174828,-0.6374504276481312,-39.58882432814761
48.2,0.2481587996185987,0.0880474536501055,-0.509572649521707,-39.59901578113804
48.22,0.2988877893375046,0.158213294170003,-0.4588436598028012,-39.6081926543341
48.24,0.3948332944573369,0.0768244155040715,-0.3628981546829689,-39.615450617427754
48.26,0.4250034953637387,0.1493982596714055,-0.33272795377656705,-39.62210517650328
48.28,0.2766910720010968,0.1353075015888185,-0.48104037713920894,-39.63172598404607
48.3,0.3219118721644144,0.1749123423488896,-0.43581957697589135,-39.640442375585586
48.32,0.2540755634952336,0.1253418327398216,-0.5036558856450721,-39.65051549329849
48.34,0.4229963618820553,0.1538762298837912,-0.33473508725825046,-39.65721019504366
48.36,0.1214759247319959,0.1595509530365537,-0.6362555244083099,-39.66993530553182
48.38,0.3852048984435179,0.1482120928308393,-0.37252655069678786,-39.67738583654576
48.4,0.0947781333996039,0.1282395151663012,-0.6629533157407018,-39.69064490286057
48.42,0.2849147706365137,0.1346372874359191,-0.47281667850379205,-39.70010123643065
48.44,0.3550187547125456,0.0917695368339538,-0.40271269442776014,-39.7081554903192
48.46,0.2389805262344076,0.1487847802331736,-0.5187509229058982,-39.71853050877732
48.48,0.2055943474927236,0.1469976167174614,-0.5521371016475822,-39.72957325081027
48.5,0.3360748136418833,0.1125969038111932,-0.42165663549842247,-39.738006383520236
48.52,0.2371858280683394,0.1434118711362574,-0.5205456210719663,-39.74841729594168
48.54,0.1339598337131081,0.1565065453769853,-0.6237716154271977,-39.76089272825022
48.56,0.1249036702770936,0.1400867574808033,-0.6328277788632122,-39.773549283827485
48.58,0.1496816346721831,0.0928305236844126,-0.6080498144681227,-39.785710280116845
48.6,0.2900279171746759,0.1782705941097403,-0.46770353196562986,-39.79506435075616
48.620000000000005,0.1019125899180366,0.1297987424732216,-0.6558188592222691,-39.8081807279406
48.64,0.3052594441796148,0.146547811387325,-0.45247200496069095,-39.81723016803981
48.66,0.129001692511063,0.1005581234649616,-0.6287297566292428,-39.8298047631724
48.68,0.2659701522910212,0.1019049940557435,-0.49176129684928455,-39.839639989109386
48.7,0.1581922715684909,0.1285137537386555,-0.5995391775718149,-39.851630772660826
48.72,0.1489427989559109,0.1337246680770638,-0.6087886501843949,-39.86380654566451
48.74,0.2368169652885159,0.1357053143338231,-0.5209144838517898,-39.87422483534154
48.76,0.1638769664829653,0.1329857909460291,-0.5938544826573404,-39.88610192499469
48.78,0.2830947521392631,0.1575531067243774,-0.47463669700104266,-39.89559465893471
48.8,0.1540829124710966,0.1534064203711327,-0.6036485366692091,-39.9076676296681
48.82,0.0012199615246145,0.177247894111681,-0.7565114876156913,-39.92279785942041
48.84,-0.0105071337517727,0.1583968766263954,-0.7682385828920785,-39.93816263107826
48.86,0.0526995672044983,0.1330493281993122,-0.7050318819358075,-39.95226326871697
48.88,0.3247764869516805,0.1540176715237287,-0.4329549621886253,-39.96092236796074
48.9,0.2372798492806018,0.1674601234157146,-0.5204515998597039,-39.97133139995793
48.92,0.0947487552912785,0.1986019899225389,-0.6629826938490273,-39.98459105383492
48.94,0.1718053185970626,0.1323977621638447,-0.5859261305432432,-39.99630957644578
48.96,0.3409976790608692,0.1668186105133897,-0.41673377007943657,-40.004644251847374
48.98,0.0682342035946493,0.1336418345425835,-0.6894972455456565,-40.018434196758285
49.0,0.2796681324900314,0.159487944076254,-0.47806331665027435,-40.027995463091294
49.02,0.3111641601377044,0.1225727777692066,-0.44656728900260134,-40.03692680887135
49.04,0.0451200690822692,0.1719412530739447,-0.7126113800580366,-40.051179036472504
49.06,0.1878899368102763,0.1376865614256032,-0.5698415123300294,-40.06257586671911
49.08,0.0215662949937854,0.1425355593134178,-0.7361651541465204,-40.07729916980203
49.1,0.3158283769971566,0.1954076372341313,-0.44190307214314917,-40.0861372312449
49.120000000000005,0.1525012723564629,0.1736752580978031,-0.6052301767838428,-40.09824183478057
49.14,0.0575779724692425,0.1069050374209346,-0.7001534766710633,-40.11224490431399
49.16,0.2226991340946157,0.1333381180436323,-0.53503231504569,-40.1229455506149
49.18,0.1980076143772075,0.1518756340456598,-0.5597238347630983,-40.13414002731017
49.2,0.2523653288791687,0.1511163240065665,-0.505366120261137,-40.14424734971539
49.22,0.0420381906401315,0.1393392052531981,-0.7156932585001743,-40.158561214885395
49.24,0.4346418810001904,0.1501374023157906,-0.32308956814011536,-40.1650230062482
49.26,0.2541772225079945,0.164758666250829,-0.5035542266323112,-40.175094090780846
49.28,0.1030852659640076,0.192747418900833,-0.6546461831762982,-40.188187014444374
49.3,0.3849438322001207,0.1257866152562821,-0.3727876169401851,-40.19564276678317
49.32,0.2201586468486136,0.1457394779701307,-0.5375728022916921,-40.20639422282901
49.34,0.1106566390511174,0.1783204040664338,-0.6470748100891883,-40.219335719030795
49.36,0.1643856398057919,0.1928200245869112,-0.5933458093345139,-40.231202635217485
49.38,0.2599098119751797,0.1760915885938274,-0.49782163716512606,-40.24115906796079
49.4,0.2665536578197434,0.1159848775033023,-0.4911777913205624,-40.250982623787195
49.42,0.2697649236129897,0.1412111814880922,-0.48796652552731606,-40.26074195429774
49.44,0.241539708153277,0.1272070832510705,-0.5161917409870288,-40.27106578911748
49.46,0.2993634304608018,0.1629998471595903,-0.45836801867950394,-40.28023314949107
49.48,0.1903213485880525,0.1855692054228672,-0.5674101005522533,-40.29158135150211
49.5,0.1669480581734657,0.1200881082902445,-0.5907833909668401,-40.30339701932145
49.52,0.1897254679284909,0.1020436129315432,-0.5680059812118149,-40.31475713894569
49.54,0.3330234758192215,0.1183932035001076,-0.4247079733210843,-40.32325129841211
49.56,0.2282547458112819,0.1474484186208123,-0.5294767033290239,-40.33384083247869
49.58,-0.0037333485540859,0.1823827794971319,-0.7614647976943917,-40.34907012843258
49.6,0.0619945805409345,0.1374099808258677,-0.6957368685993712,-40.36298486580457
49.620000000000005,0.0751468804383682,0.1246581006279986,-0.6825845687019376,-40.376636557178614
49.64,0.2040128948709157,0.1558797412392948,-0.5537185542693901,-40.387710928264
49.66,0.3849942005874616,0.1484904032756382,-0.3727372485528442,-40.395165673235056
49.68,0.0011451173247894,0.1709549121590725,-0.7565863318155164,-40.41029739987137
49.7,-0.0092336714061513,0.1930634001327086,-0.766965120546457,-40.4256367022823
49.72,-0.0015592342587779,0.1417039498119638,-0.7592906833990837,-40.44082251595027
49.74,0.1749435199269778,0.1670040648146078,-0.582787929213328,-40.45247827453454
49.76,0.1119283091467304,0.1358272742942141,-0.6458031399935754,-40.46539433733441
49.78,0.2795522774870806,0.1507022717078454,-0.47817917165322515,-40.47495792076747
49.8,-0.0361873030586774,0.1355047114139293,-0.7939187521989832,-40.49083629581145
49.82,0.2262696983408919,0.1530396485288523,-0.5314617507994139,-40.50146553082744
49.84,0.1074514710901926,0.1544571707421617,-0.6502799780501132,-40.51447113038844
49.86,0.3099353562761182,0.1731716692557893,-0.4477960928641876,-40.52342705224572
49.88,0.185860476233386,0.1637258128156139,-0.5718709729069198,-40.53486447170386
49.9,0.0930878927321377,0.1502584153246297,-0.6646435564081681,-40.54815734283202
49.92,0.018138148833349,0.1388310217213132,-0.7395933003069568,-40.56294920883816
49.94,0.316081008192173,0.2203374983943676,-0.44165044094813277,-40.57178221765712
49.96,0.1162432117447742,0.1681819589104935,-0.6414882373955315,-40.584611982405036
49.98,0.0228224940013818,0.138059928392794,-0.734908955138924,-40.59931016150781
50.0,0.0652372347189925,0.1946466943722487,-0.6924942144213133,-40.613160045796235
50.02,0.183508791755338,0.1339175273081281,-0.5742226573849678,-40.62464449894394
50.04,0.1953035468912546,0.1833571220874116,-0.5624279022490511,-40.63589305698891
50.06,0.0942720930892835,0.1922533753050229,-0.6634593560510222,-40.64916224410994
50.08,0.1418835745136874,0.153897859706428,-0.6158478746266184,-40.66147920160247
50.1,0.1155487521315236,0.2078799557125415,-0.6421826970087822,-40.67432285554265
50.120000000000005,0.3019738707604025,0.2592777822115001,-0.45575757837990327,-40.68343800711025
50.14,0.0806134799659954,0.1562331645432007,-0.6771179691743103,-40.69698036649373
50.16,0.0578712012663648,0.1816012061057939,-0.699860247873941,-40.71097757145121
50.18,0.0291447659996262,0.1536565421285397,-0.7285866831406795,-40.72554930511402
50.2,0.1259531717328877,0.1575926252663248,-0.6317782774074181,-40.738184870662174
50.22,0.2550122118593246,0.1728374946871728,-0.5027192372809812,-40.74823925540779
50.24,0.1576718575087284,0.1873768702001232,-0.6000595916315774,-40.76024044724042
50.26,0.1499019387901184,0.1609633111466259,-0.6078295103501874,-40.77239703744742
50.28,0.2812326298292741,0.1655781571626202,-0.47649881931103166,-40.78192701383364
50.3,0.2470502804305893,0.1815560198379902,-0.5106811687097165,-40.79214063720783
50.32,0.1778647364102146,0.2057272700689886,-0.5798667127300912,-40.80373797146243
50.34,0.3856149758798952,0.1846736961298254,-0.3721164732604106,-40.81118030092764
50.36,-0.0309052409885918,0.1477711267529668,-0.7886366901288976,-40.82695303473022
50.38,0.3001445657271493,0.1816937369784477,-0.45758688341315645,-40.83610477239848
50.4,0.2342025954956306,0.1450844180913663,-0.5235288536446752,-40.84657534947137
50.42,-0.0038744338546807,0.1953311574674406,-0.7616058829949864,-40.86180746713127
50.44,0.2901686174225554,0.1742144283500638,-0.46756283171775037,-40.871158723765625
50.46,0.2883684315545612,0.167291639316845,-0.46936301758574456,-40.88054598411734
50.48,0.1255622700465592,0.1623731657947738,-0.6321691790937466,-40.893189367699215
50.5,0.0472332863323173,0.1885916139925506,-0.7104981628079885,-40.90739933095538
50.52,0.0752872743594984,0.182839739723466,-0.6824441747808073,-40.921048214451
50.54,0.3020008813719197,0.1850823881154423,-0.45573056776838605,-40.93016282580636
50.56,0.198650602081172,0.1835381955233175,-0.5590808470591337,-40.94134444274755
50.58,0.0126035456997704,0.1746053241281287,-0.7451279034405354,-40.956247000816354
50.6,0.312892949425737,0.1729225325378171,-0.4448384997145688,-40.96514377081065
50.620000000000005,0.2507991650793577,0.1900100038565279,-0.506932284060948,-40.97528241649187
50.64,-0.0067157877453977,0.1821835048189626,-0.7644472368857035,-40.990571361229584
50.66,0.1685442122188932,0.2086646540639067,-0.5891872369214126,-41.00235510596801
50.68,0.1348285472843764,0.1576818566927569,-0.6229029018559293,-41.014813164005126
50.7,0.1450261422667555,0.1775968222966414,-0.6127053068735503,-41.0270672701426
50.72,0.2133955772032947,0.1829152377207748,-0.544335871937011,-41.03795398758134
50.74,0.1832882124939587,0.1760630745038,-0.574443236646347,-41.049442852314264
50.76,0.2384181232023441,0.1706145016617319,-0.5193133259379616,-41.05982911883302
50.78,0.1085797806737892,0.1821509395142945,-0.6491516684665166,-41.07281215220235
50.8,0.0875328410653788,0.1867245876231923,-0.6701986080749269,-41.08621612436385
50.82,0.110236389559551,0.2007747338148033,-0.6474950595807547,-41.09916602555547
50.84,-0.2178407007140959,0.1755946253998733,-0.9755721498544017,-41.11867746855256
50.86,0.0925807742192197,0.1750034590018225,-0.665150674921086,-41.131980482050984
50.88,0.272316428988073,0.1608662813250016,-0.48541502015223276,-41.14168878245403
50.9,0.0382128401028004,0.2001869757256624,-0.7195186090375054,-41.15607915463478
50.92,-0.0420824440465933,0.2212199362033415,-0.7998138931868991,-41.172075432498524
50.94,0.1731181804849733,0.1949160148480681,-0.5846132686553325,-41.18376769787163
50.96,0.406783059161349,0.1680522057746858,-0.3509483899789568,-41.19078666567121
50.98,0.0583252569204357,0.1654988478692843,-0.6994061922198701,-41.204774789515604
51.0,0.1663194624464733,0.1617290062617408,-0.5914119866938324,-41.216603029249484
51.02,0.0542668171266263,0.1880118491188502,-0.7034646320136795,-41.23067232188976
51.04,-0.041112882799406,0.1470093384053014,-0.7988443319397118,-41.24664920852855
51.06,0.0542296218105797,0.2478080610877567,-0.7035018273297261,-41.26071924507515
51.08,0.0551267347227088,0.1778235573465437,-0.702604714417597,-41.274771339363504
51.1,0.0635144930242528,0.2074315741824849,-0.6942169561160529,-41.288655678485824
51.120000000000005,-0.0343222245225035,0.2169192912296744,-0.7920536736628092,-41.304496751959086
51.14,-0.0564205269347502,0.1667857343920556,-0.814151976075056,-41.32077979148058
51.16,-0.0742746482565588,0.2031564985086747,-0.8320060973968646,-41.33741991342852
51.18,0.0895170360504992,0.1698472388782781,-0.6682144130898066,-41.35078420169032
51.2,0.0973168385441895,0.202157587062677,-0.6604146105961163,-41.36399249390224
51.22,0.2113118774733448,0.1616375616281235,-0.546419571666961,-41.37492088533558
51.24,0.1992558032115895,0.1407110072171135,-0.5584756459287162,-41.386090398254154
51.26,-0.0106670500717441,0.1821800575681286,-0.7683984992120498,-41.401458368238394
51.28,0.0167632518432404,0.1979353686948917,-0.7409681972970654,-41.41627773218434
51.3,0.0023282276256919,0.2036641723592892,-0.7554032215146139,-41.43138579661463
51.32,-0.0751705826341709,0.1954811537122481,-0.8329020317744766,-41.44804383725012
51.34,0.0195962288406311,0.1783621711999076,-0.7381352202996747,-41.462806541656114
51.36,-0.0967148853915658,0.2107880067662212,-0.8544463345318716,-41.47989546834675
51.38,-0.1305839428352638,0.1633114220212187,-0.8883153919755695,-41.49766177618626
51.4,0.1690381775405399,0.1705337151938711,-0.5886932715997659,-41.50943564161825
51.42,0.0725873288898094,0.1809292697824018,-0.6851441202504964,-41.52313852402327
51.44,-0.019809425192624,0.1848628407939821,-0.7775408743329297,-41.53868934150992
51.46,0.1357756057407526,0.1987312267522936,-0.6219558433995531,-41.55112845837792
51.48,0.1429120801907249,0.208370648867476,-0.6148193689495809,-41.563424845756906
51.5,0.2346236638316128,0.194998992747355,-0.523107785308693,-41.573887001463085
51.52,0.0194187693676219,0.2063516312592022,-0.7383126797726839,-41.58865325505854
51.54,0.0860272952510389,0.1751954095531468,-0.6717041538892669,-41.60208733813632
51.56,0.0201210094257483,0.1903949883919314,-0.7376104397145574,-41.61683954693061
51.58,-0.0048146229305496,0.199018592417638,-0.7625460720708553,-41.63209046837203
51.6,0.1794601758790566,0.1822845718077617,-0.5782712732612492,-41.643655893837256
51.620000000000005,0.1136819063805941,0.2243038103556319,-0.6440495427597117,-41.65653688469245
51.64,-0.0614067873137604,0.1940957664327377,-0.8191382364540661,-41.67291964942153
51.66,0.0634345726644022,0.191484709635608,-0.6942968764759035,-41.686805586951046
51.68,0.1305318879072696,0.2384877269301891,-0.6271995612330361,-41.699349578175706
51.7,0.0354920144793882,0.1925177025586592,-0.7222394346609176,-41.713794366868925
51.72,0.0465633923403008,0.1926845880099001,-0.7111680568000049,-41.72801772800492
51.74,0.3270945083063318,0.1488979562878969,-0.43063694083397397,-41.7366304668216
51.76,-0.0474625427404537,0.1900682922927044,-0.8051939918807595,-41.75273434665922
51.78,-0.0223911748121967,0.17453118305937,-0.7801226239525024,-41.76833679913827
51.8,0.2240137183477772,0.1946886584950088,-0.5337177307925286,-41.77901115375412
51.82,0.0636639425350855,0.2124806229769305,-0.6940675066052202,-41.79289250388623
51.84,0.0308611440852966,0.1375566796563162,-0.7268703050550092,-41.807429909987334
51.86,-0.1011866487051084,0.1673090251628186,-0.8589180978454142,-41.82460827194424
51.88,0.0832573914256324,0.2120246919927186,-0.6744740577146734,-41.83809775309854
51.9,0.1078826211273653,0.1831349088078647,-0.6498488280129404,-41.8510947296588
51.92,0.1766633152135705,0.1744740411774482,-0.5810681339267353,-41.86271609233734
51.94,0.1959441419856998,0.2376267342117883,-0.561787307154606,-41.87395183848043
51.96,0.0812728413437111,0.1658160404326419,-0.6764586077965946,-41.887481010636364
51.98,-0.0379777801196496,0.2057509932945634,-0.7957092292599554,-41.90339519522156
52.0,-0.1043538930665639,0.1682533026396747,-0.8620853422068697,-41.9206369020657
52.02,0.2145359211191378,0.197275884800698,-0.543195528021168,-41.931500812626126
52.04,-0.0328728869299626,0.1837279895743399,-0.7906043360702684,-41.94731289934753
52.06,0.1736293168934692,0.2077817336179374,-0.5841021322468366,-41.958994941992465
52.08,0.1199070216610928,0.2166578086057956,-0.637824427479213,-41.97175143054205
52.1,0.0019594578782263,0.1875481176137865,-0.7557719912620795,-41.986866870367294
52.120000000000005,0.197224267863026,0.2393399716646918,-0.5605071812772797,-41.99807701399284
52.14,0.0229287692233856,0.2179618520904497,-0.7348026799169202,-42.012773067591176
52.16,0.179471363798033,0.2206641394963391,-0.5782600853422728,-42.02433826929802
52.18,-0.0014235717574375,0.1929177318021596,-0.7591550208977432,-42.03952136971598
52.2,-0.0114128113419334,0.2213783865660362,-0.7691442604822392,-42.054904254925624
52.22,0.0118542295180338,0.1613336857795449,-0.7458772196222719,-42.06982179931806
52.24,0.2698465551490449,0.1793301234143429,-0.4878848939912609,-42.07957949719789
52.26,0.069439892896929,0.2174256903887206,-0.6882915562433768,-42.093345328322755
52.28,0.0166685678993179,0.2054247815708886,-0.7410628812409878,-42.10816658594758
52.3,-0.1721464202193471,0.1945296953974644,-0.9298778693596529,-42.12676414333477
52.32,-0.0679389240469513,0.2626928480095049,-0.8256703731872571,-42.143277550798516
52.34,-0.1373662603984115,0.1701435049495749,-0.8950977095387173,-42.16117950498929
52.36,-0.2319045759134159,0.2228430622263236,-0.9896360250537217,-42.180972225490365
52.38,-0.0916728999902829,0.2179176340616441,-0.8494043491305887,-42.19796031247298
52.4,0.2401902181928338,0.18580392108021,-0.517541230947472,-42.208311137091926
52.42,0.1435265577120759,0.2108456310778378,-0.6142048914282299,-42.220595234920495
52.44,0.1248671043273434,0.1949347603982469,-0.6328643448129624,-42.23325252181675
52.46,-0.0511900490205733,0.1486587451460399,-0.8089214981608791,-42.24943095177997
52.48,-0.0713720176049104,0.1768778887408807,-0.8291034667452162,-42.26601302111487
52.5,-0.1977400859055006,0.2286781769215827,-0.9554715350458064,-42.285122451815795
52.52,0.1034864564504426,0.2099843238793674,-0.6542449926898631,-42.298207351669596
52.54,-0.0413822384053459,0.2192780729542542,-0.7991136875456517,-42.314189625420504
52.56,-0.030505429142003,0.2050632112052603,-0.7882368782823088,-42.32995436298615
52.58,0.0729413057655262,0.218447782926736,-0.6847901433747796,-42.343650165853646
52.6,-0.1403669694651426,0.1995616411681788,-0.8980984186054484,-42.36161213422576
52.620000000000005,0.1098746564258821,0.182170883226009,-0.6478567927144236,-42.37456927008005
52.64,-0.2042471974131585,0.2279313978483223,-0.9619786465534643,-42.393808843011115
52.66,-0.1989659651072838,0.1831012436920135,-0.9566974142475896,-42.41294279129606
52.68,0.1040083290569251,0.2063613853028337,-0.6537231200833806,-42.42601725369773
52.7,0.0234539286702287,0.1995032250261408,-0.7342775204700771,-42.44070280410713
52.72,0.0060997989533553,0.2569346768093919,-0.7516316501869504,-42.45573543711087
52.74,-0.2522781321082553,0.1927442320391199,-1.010009581248561,-42.47593562873584
52.76,0.0724210476955765,0.2092291904065702,-0.6853104014447293,-42.48964183676473
52.78,0.1399643519924179,0.2278214323441176,-0.6177670971478879,-42.50199717870769
52.8,-0.0675913900317018,0.2178121826983477,-0.8253228391720075,-42.51850363549113
52.82,-0.0799733720686348,0.2380144941067878,-0.8377048212089405,-42.53525773191531
52.84,0.1829707081872615,0.2197021217453647,-0.5747607409530443,-42.54675294673437
52.86,-0.123964174552243,0.2313555155569534,-0.8816956236925487,-42.56438685920822
52.88,-0.2848942618555504,0.2556572203171815,-1.042625710995856,-42.58523937342814
52.9,0.0309770149322425,0.1816000388316036,-0.7267544342080633,-42.59977446211229
52.92,-0.1275689682273194,0.2255175163436024,-0.8853004173676251,-42.61748047045965
52.94,0.0543921331914661,0.2409035013861359,-0.7033393159488397,-42.63154725677862
52.96,-0.1177943916708154,0.1611175571648201,-0.8755258408111212,-42.64905777359484
52.98,-0.0694665853337057,0.2484564447378968,-0.8271980344740115,-42.665601734284316
53.0,-0.0900481915690281,0.2365472460930059,-0.8477796407093339,-42.68255732709851
53.02,-0.126370963603163,0.1682321093910204,-0.8841024127434688,-42.70023937535338
53.04,-0.0349724648934056,0.2384697030860827,-0.7927039140337113,-42.716093453634045
53.06,0.1289377758192031,0.2073324230542987,-0.6287936733211027,-42.72866932710047
53.08,-0.1678343178417958,0.2345458477499676,-0.9255657669821016,-42.74718064244011
53.1,0.0001921863625223,0.2307725772663725,-0.7575392627777835,-42.76233142769566
53.120000000000005,-0.1181710016918548,0.1889340053944048,-0.8759024508321606,-42.77984947671231
53.14,-0.0659047166529991,0.2172452399395734,-0.8236361657933049,-42.79632220002817
53.16,0.0495521029252849,0.2193972629176435,-0.7081793462150209,-42.81048578695247
53.18,-0.0499204801494779,0.1923599674476248,-0.8076519292897837,-42.82663882553827
53.2,0.1382717807805673,0.2373053115559195,-0.6194596683597384,-42.839028018905466
53.22,-0.2356587611354799,0.1862029021404873,-0.9933902102757857,-42.85889582311098
53.24,-0.2704625146324262,0.2418564212105977,-1.028193963772732,-42.879459702386434
53.26,-0.094791350163192,0.2606679576996783,-0.8525227993034977,-42.8965101583725
53.28,-0.0327020629760799,0.2127574194086832,-0.7904335121163857,-42.91231882861483
53.3,0.0610358303447871,0.2119088128831612,-0.6966956187955187,-42.92625274099073
53.32,-0.145860202566811,0.2073698736426905,-0.9035916517071167,-42.944324574024876
53.34,-0.0728365909981657,0.2083315486372526,-0.8305680401384714,-42.960935934827646
53.36,-0.182549099444674,0.193149257405533,-0.9402805485849798,-42.97974154579934
53.38,0.0441237949489394,0.2171312198245458,-0.7136076541913664,-42.99401369888317
53.4,0.0412989416484282,0.1978811737774114,-0.7164325074918776,-43.00834234903301
53.42,-0.0400468372549138,0.2147431033580193,-0.7977782863952195,-43.024297914760915
53.44,-0.0836796048778483,0.1931577716401252,-0.8414110540181541,-43.041126135841274
53.46,-0.0808771376506874,0.2191862018250414,-0.8386085867909931,-43.0578983075771
53.48,-0.1991867583762679,0.2018978873481118,-0.9569182075165736,-43.07703667172743
53.5,-0.2682873443491259,0.1940836801056527,-1.0260187934894316,-43.09755704759722
53.52,0.0197049382027139,0.1939315252492908,-0.7380265109375919,-43.11231757781597
53.54,-0.0271630904765921,0.2292525424167907,-0.7848945396168978,-43.128015468608304
53.56,-0.042407347382137,0.1811032879661724,-0.8001387965224428,-43.144018244538756
53.58,-0.1647945698569647,0.2276257991761235,-0.9225260189972705,-43.1624687649187
53.6,-0.2221687595961235,0.2170403462613795,-0.9799002087364292,-43.18206676909343
53.620000000000005,0.0059658249821652,0.2380527216544313,-0.7517656241581405,-43.197102081576595
53.64,-0.0560512895962251,0.2255339719579246,-0.8137827387365308,-43.213377736351326
53.66,-0.1202667227849407,0.1907746886702478,-0.8779981719252464,-43.23093769978983
53.68,0.0525744490277708,0.2244019583564327,-0.705157000112535,-43.24504083979208
53.7,0.1051430974718951,0.2157684233489331,-0.6525883516684107,-43.25809260682545
53.72,0.0992378359782643,0.2049432960943734,-0.6584936131620415,-43.27126247908869
53.74,-0.1525525370222491,0.1868886033204286,-0.9102839861625549,-43.28946815881194
53.76,-0.0309781151059201,0.2564805792559699,-0.7887095642462258,-43.30524235009686
53.78,0.0115533948933611,0.2412938582748746,-0.7461780542469447,-43.3201659111818
53.8,-0.2693867141394612,0.2030717471011824,-1.027118163279767,-43.340708274447394
53.82,0.2083422640769925,0.2269967701606229,-0.5493891850633132,-43.35169605814866
53.84,-0.170726194391613,0.2236147982543226,-0.9284576435319187,-43.3702652110193
53.86,0.0001600446448314,0.2044470809603279,-0.7575714044954743,-43.38541663910921
53.88,-0.0196045540195308,0.2081633275525338,-0.7773360031598365,-43.40096335917241
53.9,0.0392949499473677,0.2000279504628807,-0.7184364991929381,-43.415332089156266
53.92,-0.1240499035971511,0.198033529600198,-0.8817813527374568,-43.43296771621102
53.94,-0.2180573291464237,0.2031774473410577,-0.9757887782867295,-43.452483491776746
53.96,-0.1044830182283834,0.2362988555247844,-0.8622144673686891,-43.46972778112412
53.98,-0.0851416751947674,0.1874223134516518,-0.8428731243350731,-43.48658524361082
54.0,-0.2443774650938362,0.2436848104141474,-1.002108914234142,-43.5066274218955
54.02,0.0431548407997933,0.2318398001964656,-0.7145766083405125,-43.52091895406232
54.04,-0.3649771872058762,0.2771375349719119,-1.122708636346182,-43.543373126789234
54.06,-0.0429843732427844,0.2334934129528335,-0.8007158223830901,-43.5593874432369
54.08,0.020186622575358,0.2115560035024037,-0.7375448265649478,-43.5741383397682
54.1,-0.1808791865077108,0.2034136217710248,-0.9386106356480166,-43.59291055248116
54.120000000000005,-0.3181093650170292,0.1916405764844388,-1.075840814157335,-43.61442736876431
54.14,-0.136568977482221,0.2077873731726575,-0.8943004266225267,-43.63231337729676
54.16,-0.1412383499252274,0.24259681619703,-0.8989697990655332,-43.65029277327807
54.18,-0.1730873275299395,0.2135888844438949,-0.9308187766702453,-43.66890914881147
54.2,-0.269475715884332,0.2240813583017183,-1.0272071650246377,-43.68945329211197
54.22,0.226178593700892,0.212219815771637,-0.5315528554394138,-43.70008434922076
54.24,-0.1406255664254864,0.1559825445425999,-0.8983570155657922,-43.71805148953208
54.26,-0.19879512356175,0.2806288638934761,-0.9565265727020558,-43.73718202098612
54.28,-0.1952972763628471,0.1922984049397343,-0.9530287255031529,-43.75624259549618
54.3,-0.0646578546195541,0.2500100397007224,-0.8223893037598599,-43.77269038157138
54.32,-0.1202018067717598,0.2346906054963772,-0.8779332559120656,-43.790249046689624
54.34,-0.2971070110996963,0.2110193226531468,-1.054838460240002,-43.81134581589443
54.36,-0.1924191269180212,0.1819917810715034,-0.950150576058327,-43.83034882741559
54.38,-0.0880912280741626,0.1712872899911484,-0.8458226772144684,-43.84726528095988
54.4,-0.1929132777130459,0.2509249128762242,-0.9506447268533517,-43.866278175496944
54.42,-0.0393749365575564,0.2119766721125486,-0.7971063856978622,-43.88222030321091
54.44,-0.0980692377214927,0.1926072711034655,-0.8558006868617984,-43.89933631694814
54.46,-0.0232981429434022,0.1846093005871011,-0.7810295920837079,-43.91495690878981
54.48,-0.046458294147378,0.2177692701154283,-0.8041897432876838,-43.93104070365556
54.5,-0.0863712807049988,0.211348520171586,-0.8441027298453045,-43.94792275825247
54.52,0.0461178003188147,0.1995072690620372,-0.711613648821491,-43.962155031228896
54.54,-0.3120161066040837,0.2556801658317275,-1.0697475557443894,-43.98354998234378
54.56,-0.3328776772650689,0.2414368488075571,-1.0906091264053748,-44.00536216487189
54.58,-0.2473138673121246,0.1990379596282531,-1.0050453164524304,-44.02546307120093
54.6,-0.1918312277726848,0.2388230155069733,-0.9495626769129906,-44.04445432473919
54.620000000000005,-0.1754616429751914,0.2354029841348262,-0.9331930921154972,-44.063118186581505
54.64,-0.3702513379534757,0.2597046453966398,-1.1279827870937815,-44.08567784232338
54.66,0.0089355523018275,0.2302527213104886,-0.7487958968384782,-44.100653760260144
54.68,-0.1536336553339027,0.2444420795575184,-0.9113651044742085,-44.11888106234963
54.7,-0.132659240737705,0.2591512479074419,-0.8903906898780107,-44.13668887614719
54.72,-0.2924729143308361,0.2359129889027324,-1.050204363471142,-44.15769296341661
54.74,-0.1895398092136088,0.2156351216633897,-0.9472712583539146,-44.17663838858369
54.76,-0.2090741907677444,0.1805157298082572,-0.9668056399080501,-44.19597450138185
54.78,-0.1283569657074225,0.2546368436092266,-0.8860884148477283,-44.213696269678806
54.8,-0.0319684935650294,0.1811997707827984,-0.7896999427053352,-44.229490268532906
54.82,-0.1540649877564561,0.239501825947841,-0.9117964368967619,-44.24772619727084
54.84,-0.2585624421568462,0.2330080818926716,-1.016293891297152,-44.26805207509679
54.86,-0.1250734230106102,0.2399525691157964,-0.882804872150916,-44.285708172539806
54.88,-0.1491204887544744,0.2476728901616438,-0.9068519378947801,-44.303845211297705
54.9,-0.2736094131499627,0.1838148319178734,-1.0313408622902684,-44.324472028543504
54.92,-0.1688284799570975,0.2178230309453708,-0.9265599290974033,-44.34300322712546
54.94,-0.3795397744801609,0.2212176791155866,-1.1372712236204667,-44.36574865159786
54.96,-0.1679613668498894,0.2635591641347987,-0.9256928159901952,-44.38426250791767
54.98,-0.5223523763570503,0.1748652966837089,-1.280083825497356,-44.40986418442761
55.0,-0.2251435994162386,0.1939274382807919,-0.9828750485565444,-44.42952168539875
55.02,-0.0794372574863455,0.216643763709143,-0.8371687066266513,-44.446265059531285
55.04,-0.241656246629406,0.2228588436677609,-0.9993876957697118,-44.46625281344667
55.06,-0.1536743142351851,0.2615841363053372,-0.9114057633754908,-44.484480928714184
55.08,-0.1497844958119085,0.1911817910111236,-0.9075159449522143,-44.50263124761322
55.1,-0.2055844058486426,0.1877863220703307,-0.9633158549889483,-44.52189756471301
55.120000000000005,-0.3259983707247449,0.2118786844021895,-1.0837298198650507,-44.54357216111031
55.14,-0.3278111922469676,0.2224782987120289,-1.0855426413872733,-44.56528301393805
55.16,-0.2789969770587243,0.1766860186568214,-1.03672842619903,-44.58601758246203
55.18,-0.1327276078274211,0.2077677218093327,-0.8904590569677269,-44.60382676360138
55.2,-0.0635984821339743,0.2320017612214344,-0.8213299312742801,-44.62025336222687
55.22,-0.3033905352414159,0.2523089458868814,-1.0611219843817217,-44.6414758019145
55.24,-0.2639344836199426,0.1782050438349882,-1.0216659327602484,-44.66190912056971
55.26,-0.2303670594373996,0.2655396125792831,-0.9880985085777054,-44.68167109074126
55.28,-0.0162975001791794,0.2101494889498188,-0.7740289493194852,-44.69715166972765
55.3,-0.2617388169018531,0.2001752131212008,-1.0194702660421588,-44.717541075048494
55.32,-0.0650418693330262,0.2388943897604267,-0.822773318473332,-44.733996541417966
55.34,-0.2351115777790277,0.2580055769920579,-0.9928430269193335,-44.753853401956356
55.36,-0.2284177253109122,0.2005400090449959,-0.986149174451218,-44.773576385445374
55.38,-0.2527980702381667,0.2295091783011326,-1.0105295193784725,-44.793786975832944
55.4,-0.2124987769116002,0.1925058160117023,-0.970230226051906,-44.81319158035398
55.42,-0.3223480444022306,0.1591141916184782,-1.0800794935425364,-44.834793170224835
55.44,-0.2072433197243923,0.2454088120512444,-0.9649747688646981,-44.854092665602124
55.46,-0.3076301323280665,0.2315343685504011,-1.0653615814683723,-44.875399897231496
55.48,-0.2019606895225567,0.2358104133319825,-0.9596921386628625,-44.89459374000475
55.5,-0.4233589418887666,0.2089208590017046,-1.1810903910290724,-44.91821554782533
55.52,-0.2756969686151846,0.2140704198513495,-1.0334284177554904,-44.938884116180446
55.54,-0.233535644433084,0.1773108770692134,-0.9912670935733898,-44.95870945805191
55.56,-0.2564027381851568,0.2435884932509076,-1.0141341873254626,-44.97899214179843
55.58,-0.4228332279982205,0.2313878275387383,-1.1805646771385263,-45.00260343534119
55.6,-0.1807675957385862,0.2113888889065718,-0.9384990448788919,-45.021373416238774
55.620000000000005,-0.3850762370286218,0.2255274066032871,-1.1428076861689276,-45.044229569962155
55.64,0.0435150421601299,0.236612452305209,-0.7142164069801759,-45.05851389810176
55.66,-0.0420594425440718,0.2215647470576901,-0.7997908916843776,-45.07450971593544
55.68,0.0179277977242247,0.2270996488330949,-0.7398036514160811,-45.08930578896376
55.7,-0.204752941362852,0.2101256373941797,-0.9624843905031577,-45.10855547677383
55.72,-0.4363196913116284,0.227449432424185,-1.194051140451934,-45.132436499582866
55.74,0.0145507360634204,0.2927397161665805,-0.7431807130768854,-45.14730011384441
55.76,-0.1788624330637047,0.2055498134130824,-0.9365938822040105,-45.16603199148849
55.78,0.0142469843035138,0.2462761061165832,-0.743484464836792,-45.180901680785226
55.8,-0.0542610772373927,0.2572610308374151,-0.8119925263776985,-45.197141531312774
55.82,-0.1607295321482142,0.1858474272579582,-0.9184609812885199,-45.21551075093855
55.84,-0.3271914380709754,0.2280477315673772,-1.084922887211281,-45.23720920868278
55.86,-0.3119223953344323,0.2065347435188442,-1.069653844474738,-45.258602285572266
55.88,-0.2328798439281461,0.2104958686567239,-0.9906112930684519,-45.27841451143364
55.9,-0.1981802072575018,0.2376406997903589,-0.9559116563978076,-45.29753274456159
55.92,-0.2223568877958787,0.2382054550674794,-0.9800883369361845,-45.31713451130032
55.94,-0.1720089352317411,0.2587481006324773,-0.9297403843720469,-45.33572931898775
55.96,-0.032741271055086,0.2332694238443509,-0.7904727201953917,-45.35153877339166
55.98,0.0138482716720733,0.2317231372755714,-0.7438831774682325,-45.36641643694102
56.0,-0.4056694941808295,0.2246642330892456,-1.1634009433211352,-45.38968445580745
56.02,-0.1501790168177436,0.2028348712120465,-0.9079104659580494,-45.40784266512661
56.04,-0.0902837745885482,0.2005236322436096,-0.848015223728854,-45.42480296960118
56.06,-0.1910582190393075,0.2257782446375611,-0.9487896681796133,-45.443778762964776
56.08,-0.1461643851988568,0.1714366196823206,-0.9038958343391625,-45.461856679651554
56.1,-0.28998018371905,0.22872615890726,-1.0477116328593556,-45.48281091230874
56.120000000000005,-0.1986987434720918,0.2097913097100146,-0.9564301926123976,-45.501939516160995
56.14,-0.2271629799955499,0.2086491642022825,-0.9848944291358557,-45.52163740474371
56.16,-0.2947732261600266,0.209489312019233,-1.0525046753003324,-45.54268749824971
56.18,-0.2707205352108224,0.2352016127611046,-1.0284519843511282,-45.56325653793674
56.2,-0.1599096945181442,0.1526364173779782,-0.91764114365845,-45.58160936080991
56.22,-0.2522709614942395,0.2224822875041426,-1.0100024106345453,-45.60180940902259
56.24,-0.220276848086743,0.2182717475544022,-0.9780082972270487,-45.62136957496714
56.26,-0.238119333710403,0.1758965178669697,-0.9958507828507088,-45.64128659062415
56.28,-0.2685902886445457,0.2115069136851844,-1.0263217377848515,-45.66181302537985
56.3,-0.3466406776996933,0.1943937846938569,-1.104372126839999,-45.683900467916644
56.32,-0.3667392991807591,0.1952184534470107,-1.1244707483210648,-45.706389882883066
56.34,-0.1944791251291028,0.2349495249418993,-0.9522105742694086,-45.72543409436846
56.36,-0.263908993385275,0.1717588166329711,-1.0216404425255807,-45.74586690321897
56.38,-0.3641580525003837,0.1763869453032306,-1.1218895016406893,-45.768304693251785
56.4,-0.2839391655481388,0.2479606188139426,-1.0416706146884445,-45.78913810554555
56.42,-0.1676844605608823,0.1641417630553346,-0.925415909701188,-45.80764642373958
56.44,-0.1553488876930224,0.2008695858219941,-0.9130803368333282,-45.82590803047624
56.46,-0.41537782410199,0.2483548916800001,-1.1731092732422956,-45.84937021594109
56.48,-0.1512118978809941,0.2153114075454358,-0.9089433470212999,-45.86754908288152
56.5,-0.4428248135207723,0.2161655841465494,-1.200556262661078,-45.89156020813474
56.52,-0.2910989409568972,0.2453478431359953,-1.048830390097203,-45.91253681593669
56.54,-0.1146748260086095,0.231696792659007,-0.8724062751489152,-45.92998494143966
56.56,-0.3468549977220559,0.2391381240303344,-1.1045864468623616,-45.95207667037691
56.58,-0.1096103303865669,0.1910346078231284,-0.8673417795268726,-45.96942350596745
56.6,-0.2043062138488408,0.1916706712846046,-0.9620376629891465,-45.988664259227235
56.620000000000005,0.0068293243667426,0.2142023877375855,-0.7509021247735632,-46.00368230172271
56.64,-0.0283275320927731,0.2729753589915332,-0.7860589812330788,-46.01940348134737
56.66,-0.1739448755256826,0.1894075270464022,-0.9316763246659884,-46.038037007840686
56.68,-0.2486879044131087,0.2106798274569314,-1.0064193535534145,-46.058165394911754
56.7,-0.0653638196816226,0.2212866979375047,-0.8230952688219284,-46.07462730028819
56.72,-0.176130667861922,0.2157510903374963,-0.9338621170022278,-46.09330454262823
56.74,-0.1282889374134604,0.1983359221966166,-0.8860203865537661,-46.11102495035931
56.76,-0.1587098169242919,0.2219985652547706,-0.9164412660645976,-46.1293537756806
56.78,-0.1868966044599855,0.1979288315594398,-0.9446280536002912,-46.14824633675261
56.8,-0.3517701812705326,0.2192842193076332,-1.1095016304108385,-46.17043636936082
56.82,-0.1107870133130177,0.1866447959729125,-0.8685184624533234,-46.18780673860989
56.84,-0.2945058811544656,0.2069510303278879,-1.0522373302947714,-46.20885148521579
56.86,-0.0485841655778095,0.213704449754384,-0.8063156147181153,-46.22497779751015
56.88,-0.2854155396991982,0.1709158892797309,-1.043146988839504,-46.24584073728694
56.9,-0.2064884792875349,0.1897812928262611,-0.9642199284278407,-46.26512513585549
56.92,-0.0373560242817792,0.2563560339267035,-0.795087473422085,-46.28102688532394
56.94,-0.1717000601518768,0.2102884431436665,-0.9294315092921825,-46.29961551550978
56.96,-0.3211726123028283,0.2225682650672037,-1.078904061443134,-46.321193596738645
56.98,-0.1041579142711173,0.2402581549110835,-0.8618893634114231,-46.33843138400687
57.0,-0.2296287234959709,0.2262457660912544,-0.9873601726362766,-46.3581785874596
57.02,-0.1341865883154509,0.1946430952284581,-0.8919180374557567,-46.376016948208715
57.04,-0.27336564127002,0.2216357934096249,-1.0310970904103258,-46.396638890016916
57.06,-0.1871021124509361,0.2310511984191182,-0.9448335615912419,-46.415535561248745
57.08,-0.0351300711063261,0.224284196103387,-0.7928615202466318,-46.43139279165368
57.1,-0.2229731759602642,0.1841308653329283,-0.98070462510057,-46.451006884155696
57.120000000000005,0.0483841434409477,0.1947950050244717,-0.7093473056993581,-46.46519383026968
57.14,-0.064464727261693,0.1819864053343372,-0.8221961764019987,-46.48163775379772
57.16,-0.1484523421949684,0.192564000991253,-0.9061837913352742,-46.49976142962442
57.18,-0.209884319753361,0.1704230789566748,-0.9676157688936667,-46.5191137450023
57.2,-0.289074616591183,0.1959597326154117,-1.0468060657314888,-46.540049866316934
57.22,-0.1405688079501099,0.2681260177607565,-0.8983002570904157,-46.55801587145874
57.24,-0.2180293690249712,0.2161671611666429,-0.9757608181652769,-46.57753108782205
57.26,-0.1805044048472878,0.2272146154412203,-0.9382358539875936,-46.5962958049018
57.28,-0.0794171772349562,0.1971701822038323,-0.837148626375262,-46.61303877742931
57.3,-0.273502227448739,0.1781829284685342,-1.0312336765890446,-46.63366345096109
57.32,-0.1525033564020145,0.2080849204363522,-0.9102348055423203,-46.65186814707194
57.34,-0.4643158967941361,0.1488803948912352,-1.2220473459344419,-46.67630909399063
57.36,-0.0681225456066608,0.1961282261352504,-0.8258539947469665,-46.69282617388557
57.38,-0.3741362500336982,0.2148693202218541,-1.131867699174004,-46.715463527869055
57.4,-0.232691842989841,0.2503231804638338,-0.9904232921301468,-46.735271993711656
57.42,-0.1820301113080905,0.1969001424796212,-0.9397615604483962,-46.754067224920625
57.44,-0.1768854517970717,0.2556982658193351,-0.9346169009373775,-46.77275956293937
57.46,-0.1668720710996313,0.187174641510963,-0.9246035202399371,-46.791251633344174
57.48,-0.1571020370670106,0.2368973630530922,-0.9148334862073164,-46.80954830306832
57.5,0.0281391872341537,0.1803591935784559,-0.7295922619061521,-46.82414014830644
57.52,-0.0596970591566078,0.1999213844379566,-0.8174285082969136,-46.84048871847238
57.54,-0.1379357644507076,0.200363647970011,-0.8956672135910133,-46.8584020627442
57.56,-0.4441315816511784,0.201838027684331,-1.2018630307914842,-46.88243932336003
57.58,-0.2835209788741891,0.1815580804021797,-1.0412524280144948,-46.903264371920315
57.6,-0.0236465819846017,0.2080403566591059,-0.7813780311249074,-46.91889193254281
57.620000000000005,-0.472098442871142,0.1769740725489733,-1.2298298920114479,-46.94348853038304
57.64,-0.2808326368653119,0.2033554242150254,-1.0385640860056178,-46.96425981210315
57.66,-0.3018674026074598,0.2093637874499918,-1.0595988517477655,-46.985451789138104
57.68,0.0328537228835653,0.2311773180825262,-0.7248777262567405,-46.99994934366324
57.7,-0.2809485380468638,0.1897846523487218,-1.0386799871871695,-47.02072294340699
57.72,-0.2071382373815366,0.203964608646885,-0.9648696865218424,-47.04002033713742
57.74,-0.2985255149464414,0.1694836092339871,-1.0562569640867472,-47.061145476419156
57.76,-0.4065925135350395,0.2314856915407396,-1.1643239626753452,-47.084431955672656
57.78,-0.2125062025489389,0.2349566129558483,-0.9702376516892447,-47.103836708706446
57.8,-0.3118474690873193,0.189029820806372,-1.069578918227625,-47.125228287070996
57.82,-0.334307530727132,0.2315177553200899,-1.0920389798674377,-47.14706906666835
57.84,-0.237454002677645,0.2169788857436058,-0.9951854518179508,-47.166972775704714
57.86,-0.3060424999260012,0.2103492982007845,-1.063773949066307,-47.18824825468604
57.88,-0.2633657899165529,0.2442133948314652,-1.0210972390568587,-47.20867019946718
57.9,-0.3336127619616064,0.1560777266209333,-1.0913442111019123,-47.230497083689215
57.92,-0.2587321295723337,0.1862421837056182,-1.0164635787126395,-47.25082635526347
57.94,-0.196312706928651,0.209185677753352,-0.9540441560689568,-47.269907238384846
57.96,-0.265078487839708,0.2164384904640778,-1.0228099369800137,-47.29036343712445
57.98,-0.1122604640490496,0.2039080196858136,-0.8699919131893554,-47.30776327538823
58.0,-0.2416341731394598,0.2074775419853453,-0.9993656222797656,-47.32775058783383
58.02,-0.079301923118049,0.2009241666502284,-0.8370333722583547,-47.344491255279
58.04,-0.1879194064133559,0.2323202084078081,-0.9456508555536617,-47.36340427239007
58.06,-0.3105147140120042,0.2079684822450976,-1.06824616315231,-47.38476919565312
58.08,-0.0587914379856118,0.2141559794741928,-0.8165228871259176,-47.40109965339563
58.1,-0.1867657930450544,0.1977431908034354,-0.9444972421853601,-47.41998959823934
58.120000000000005,-0.0347001286358877,0.2048071980390179,-0.7924315777761934,-47.43583822979487
58.14,-0.0243216952444541,0.1833259784499281,-0.7820531443847598,-47.45147929268256
58.16,-0.2720298875037014,0.2151721961387585,-1.029761336644007,-47.472074519415436
58.18,-0.1289032820743068,0.1992408437363358,-0.8866347312146126,-47.48980721403973
58.2,-0.2873784228952137,0.1384709731578819,-1.0451098720355194,-47.51070941148044
58.22,-0.2743230470564359,0.192538073085648,-1.0320544961967417,-47.53135050140437
58.24,-0.3045552678852816,0.2117682686934634,-1.0622867170255874,-47.552596235744886
58.26,0.0141705095025337,0.1975133657138164,-0.743560939637772,-47.56746745453764
58.28,-0.0220203428274639,0.2268985979272958,-0.7797517919677697,-47.583062490377
58.3,-0.024759056645651,0.182267841938379,-0.7824905057859568,-47.59871230049272
58.32,-0.3546668654713141,0.1371435810426544,-1.1123983146116199,-47.620960266784955
58.34,-0.1284430950403757,0.2434724068999356,-0.8861745441806814,-47.63868375766857
58.36,-0.2430815356428168,0.2213930795432017,-1.0008129847831226,-47.65870001736423
58.38,-0.2754208238042597,0.2277856761308729,-1.0331522729445655,-47.67936306282313
58.4,-0.2136662579040565,0.1734557292061705,-0.9713977070443622,-47.69879101696401
58.42,-0.170822750631078,0.2105206092984244,-0.9285541997713838,-47.71736210095944
58.44,-0.1826262240435377,0.204452017087413,-0.9403576731838434,-47.73616925442312
58.46,-0.320784488297908,0.1431152971352233,-1.0785159374382138,-47.75773957317188
58.48,-0.2326374241045169,0.1724067143989305,-0.9903688732448227,-47.777546950636776
58.5,-0.1061467151144534,0.1733345658039034,-0.8638781642547592,-47.794824513921874
58.52,-0.0121641836149064,0.1542968750247573,-0.7698956327552122,-47.81022242657698
58.54,-0.128646806121519,0.2168820314730172,-0.8863782552618248,-47.82794999168221
58.56,-0.2520565185153812,0.2307159379004935,-1.009787967655687,-47.848145751035325
58.58,0.0292740853203874,0.1600191804285871,-0.7284573638199183,-47.86271489831172
58.6,-0.082869316816542,0.2096572789171698,-0.8406007659568477,-47.87952691363086
58.620000000000005,-0.2170801228231413,0.2001725586152134,-0.974811571963447,-47.89902314507013
58.64,-0.3479584385271274,0.1588087193062981,-1.1056898876674333,-47.92113694282347
58.66,-0.4220481330629189,0.1492156653188841,-1.1797795822032247,-47.94473253446753
58.68,0.012420801292681,0.1592114180016878,-0.7453106478476248,-47.959638747424485
58.7,-0.0695531034682758,0.1392471877162043,-0.8272845526085816,-47.97618443847666
58.72,-0.2210104214179828,0.1474261180695122,-0.9787418705582885,-47.99575927588782
58.74,-0.1393220048569449,0.1804018306521467,-0.8970534539972507,-48.013700344967766
58.76,-0.3132424658566596,0.1739825701203735,-1.0709739149969653,-48.0351198232677
58.78,-0.045671475773069,0.1934956142441936,-0.8034029249133747,-48.05118788176597
58.8,-0.2891999487535454,0.2183477662755405,-1.046931397893851,-48.072126509723844
58.82,-0.2968024143143145,0.1685197836454001,-1.0545338634546202,-48.09321718699294
58.84,-0.0270498368537487,0.1634717317244556,-0.7847812859940545,-48.10891281271282
58.86,-0.2765750218719002,0.179471852549845,-1.034306471012206,-48.129598942133065
58.88,-0.1851782729916681,0.2053696298285032,-0.9429097221319739,-48.14845713657571
58.9,-0.0401546309784429,0.1633079479362526,-0.7978860801187486,-48.16441485817808
58.92,-0.150014515857481,0.1819216224934483,-0.9077459649977868,-48.18256977747804
58.94,-0.0308719004018015,0.1466624934532562,-0.7886033495421073,-48.19834184446888
58.96,-0.3021787511205076,0.1538681372758987,-1.0599102002608134,-48.219540048474094
58.98,-0.1816724360424768,0.1853772027022789,-0.9394038851827826,-48.23832812617775
59.0,-0.0734293684291336,0.16763874534393,-0.8311608175694394,-48.25495134252914
59.02,-0.1313874417648348,0.1573888713885239,-0.8891188909051406,-48.27273372034725
59.04,-0.1560419373137184,0.1336229989691298,-0.9137733864540242,-48.29100918807632
59.06,-0.2107823366051301,0.1271601672477593,-0.9685137857454359,-48.310379463791236
59.08,-0.1978876972885908,0.1773832144320953,-0.9556191464288966,-48.32949184671981
59.1,-0.2200349930549376,0.1668539859695517,-0.9777664421952433,-48.34904717556372
59.120000000000005,-0.0860223702757416,0.163959595656926,-0.8437538194160473,-48.36592225195204
59.14,-0.2998279375856937,0.1984635725234152,-1.0575593867259996,-48.38707343968656
59.16,-0.1698667793245769,0.1822204699713469,-0.9275982284648827,-48.40562540425585
59.18,-0.1127581130722216,0.2012413884509149,-0.8704895622125274,-48.423035195500105
59.2,-0.1870398303305181,0.1489567513357977,-0.9447712794708238,-48.441930621089526
59.22,-0.0765438651932495,0.2023455217616407,-0.8342753143335553,-48.458616127376196
59.24,-0.2371230110709639,0.195849746125937,-0.9948544602112697,-48.478513216580424
59.26,-0.0491414173610757,0.1476873936761088,-0.8068728665013815,-48.49465067391045
59.28,0.0069238809447041,0.1844922305102383,-0.7508075681956017,-48.509666825274365
59.3,-0.2286327732477089,0.1956353081404924,-0.9863642223880147,-48.52939410972212
59.32,-0.2306167923692473,0.1549975195109216,-0.988348241509553,-48.549161074552316
59.34,-0.3391332361341999,0.1485948497080407,-1.0968646852745056,-48.57109836825781
59.36,-0.1191919688440669,0.2001810165746337,-0.8769234179843727,-48.58863683661749
59.38,0.1038905018364766,0.1637391431226654,-0.6538409473038291,-48.601713655563564
59.4,-0.1883533633562005,0.1790020306807621,-0.9460848124965062,-48.62063535181349
59.42,-0.154838675828823,0.1654445317447053,-0.9125701249691287,-48.63888675431288
59.44,-0.3637311443771803,0.0964469734119659,-1.121462593517486,-48.66131600618322
59.46,-0.2331573099023298,0.1553225297882733,-0.9908887590426356,-48.681133781364075
59.48,-0.0371971932801429,0.163397271959182,-0.7949286424204487,-48.69703235421248
59.5,-0.0115733285459173,0.1580416642372049,-0.7693047776862231,-48.71241844976621
59.52,-0.0326119796012777,0.1676059519863995,-0.7903434287415835,-48.728225318341046
59.54,0.0080929271486721,0.1449698856441238,-0.7496385219916337,-48.74321808878088
59.56,-0.1679247380090247,0.2150103032546852,-0.9256561871493305,-48.76173121252387
59.58,-0.1903799620929609,0.156032746541377,-0.9481114112332667,-48.78069344074853
59.6,0.0920729131445672,0.1862335637111414,-0.6656585359957385,-48.79400661146845
59.620000000000005,-0.2282759917495522,0.2328554597762766,-0.986007440889858,-48.813726760286244
59.64,-0.1441350456263495,0.2022849278255971,-0.9018664947666553,-48.83176409018157
59.66,-0.1437802125254333,0.1580425250649414,-0.901511661665739,-48.84979432341488
59.68,-0.1777627497457702,0.189466215278498,-0.935494198886076,-48.86850420739261
59.7,-0.1568243481649544,0.1517468943533393,-0.9145557973052602,-48.88679532333872
59.72,-0.1545730122937354,0.2074574848463313,-0.9123044614340412,-48.90504141256739
59.74,-0.0925152256090659,0.1916024952102225,-0.8502466747493717,-48.92204634606238
59.76,-0.1449357283413476,0.1679135546192422,-0.9026671774816534,-48.94009968961201
59.78,0.0063550423747756,0.1752904505472707,-0.7513764067655302,-48.955127217747325
59.8,-0.155636133792628,0.1435805089612086,-0.9133675829329337,-48.97339456940598
59.82,-0.1393299247332887,0.1549385405455522,-0.8970613738735944,-48.991335796883455
59.84,-0.0896308355350864,0.2010666222888298,-0.8473622846753922,-49.00828304257696
59.86,-0.3022422867840466,0.1795331605781497,-1.0599737359243524,-49.02948251729545
59.88,-0.1990037917266165,0.2262680569264225,-0.9567352408669223,-49.04861722211279
59.9,-0.0315090901864017,0.1659020109258679,-0.7892405393267075,-49.06440203289932
59.92,-0.0714398332706457,0.2139067511686956,-0.8291712824109515,-49.08098545854754
59.94,-0.1021102468517716,0.1193656985523264,-0.8598416959920774,-49.09818229246738
59.96,-0.0611405098210832,0.1627887889348341,-0.818871958961389,-49.11455973164661
59.98,-0.2439327622515668,0.1828550787323712,-1.0016642113918726,-49.134593015874444
60.0,-0.0833121221120754,0.2109274343551952,-0.8410435712523812,-49.15141388729949
60.02,-0.1816067650777573,0.1562105468253679,-0.9393382142180631,-49.170200651583855
60.04,-0.0560418137764217,0.1137801968112803,-0.8137732629167275,-49.18647611684219
60.06,0.0943472448465536,0.181266471622337,-0.6633842042937521,-49.19974380092806
60.08,-0.2509906002306912,0.1359591237560137,-1.008722049370997,-49.21991824191548
60.1,0.0893637175198951,0.1154463391805794,-0.6683677316204106,-49.23328559654789
60.120000000000005,-0.1724977109794825,0.2213865459202714,-0.9302291601197883,-49.25189017975028
60.14,-0.0339415425582627,0.1369381043539365,-0.7916729916985684,-49.267723639584254
60.16,-0.2114810737144496,0.2004017295059475,-0.9692125228547553,-49.28710789004135
60.18,-0.1321970803752802,0.1390357760429858,-0.889928529515586,-49.30490646063166
60.2,-0.2290898698517128,0.2042744741110604,-0.9868213189920185,-49.32464288701151
60.22,0.0614899040043485,0.1612730355527829,-0.6962415451359573,-49.33856771791422
60.24,0.1583545663540784,0.1677495798031841,-0.5993768827862274,-49.35055525556995
60.26,-0.1530088797800125,0.1392336942151957,-0.9107403289203183,-49.36877006214836
60.28,-0.1252438389644313,0.1637194313335745,-0.882975288104737,-49.386429567910454
60.3,0.0627487314989798,0.1446489827861525,-0.6949827176413259,-49.40032922226328
60.32,-0.1769318097060571,0.1582518726168782,-0.9346632588463628,-49.41902248744021
60.34,-0.2351098064787226,0.1534903751283214,-0.9928412556190284,-49.438879312552594
60.36,0.0063688012550634,0.1878473502898311,-0.7513626478852423,-49.453906565510295
60.38,-0.0743848302887542,0.1439964425444075,-0.83211627942906,-49.47054889109888
60.4,0.0820267489872859,0.1727717228250406,-0.6757047001530199,-49.484062985101936
60.42,-0.0723958768252086,0.1843284462266436,-0.8301273259655144,-49.50066553162125
60.44,-0.2788853171960136,0.1616028138172824,-1.0366167663363193,-49.52139786694797
60.46,0.1660974202514518,0.1372109943727657,-0.591634028888854,-49.53323054752575
60.48,-0.1108775784305775,0.1386672137752071,-0.8686090275708833,-49.55060272807716
60.5,0.0101800333618076,0.1650789430087361,-0.7475514157784982,-49.56555375639273
60.52,-0.0574903668996269,0.1269482979910409,-0.8152218160399327,-49.58185819271353
60.54,-0.2149125314947297,0.1569202617078828,-0.9726439806350354,-49.60131107232623
60.56,-0.2780004950467896,0.1250780698192789,-1.0357319441870954,-49.62202571120998
60.58,0.0875762457668664,0.1493460170082252,-0.6701552033734394,-49.63542881527744
60.6,0.0134515986625044,0.1682808907919424,-0.7442798504778013,-49.650314412287
60.620000000000005,0.1676430974446863,0.1609626916807441,-0.5900883516956195,-49.66211617932092
60.64,-0.0323884984311389,0.1405799280425942,-0.7901199475714447,-49.67791857827235
60.66,-0.0295692695359143,0.1561176181254784,-0.7873007186762201,-49.69366459264587
60.68,-0.0972346538834416,0.1953806562887491,-0.8549661030237474,-49.71076391470634
60.7,-0.2407246314518433,0.191237551245199,-0.9984560805921491,-49.730733036318185
60.72,0.0413337041873892,0.1899423183261998,-0.7163977449529165,-49.74506099121724
60.74,-0.0704755092450626,0.1539689347750422,-0.8282069583853684,-49.76162513038495
60.76,-0.0389394319287645,0.2089468210077723,-0.7966708810690702,-49.777558548006326
60.78,-0.0229481742348475,0.1115700117180135,-0.7806796233751533,-49.79317214047383
60.8,0.1166945539183153,0.1265066503769884,-0.6410368952219905,-49.80599287837826
60.82,-0.0558132045693241,0.1744808791237337,-0.8135446537096299,-49.822263771452455
60.84,-0.1151130583633424,0.1402284669826798,-0.8728445075036482,-49.839720661602534
60.86,-0.0327728609590622,0.1564208279868489,-0.790504310099368,-49.855530747804515
60.88,0.196563363210405,0.1651144157575434,-0.5611680859299008,-49.866754109523114
60.9,0.0076896977482974,0.1387237794864181,-0.7500417513920083,-49.88175494455095
60.92,-0.0119849574538317,0.1652539713616638,-0.7697164065941374,-49.89714927268283
60.94,-0.0615329896823594,0.1554189953538698,-0.8192644388226652,-49.91353456145928
60.96,-0.0593575541842006,0.1660080061946924,-0.8170890033245064,-49.92987634152577
60.98,-0.1477710936033597,0.1055552418504322,-0.9055025427436655,-49.94798639238064
61.0,-0.0846061687430883,0.1297186277038448,-0.8423376178833941,-49.964833144738314
61.02,0.0015937628820229,0.0943945997709639,-0.7561376862582828,-49.97995589846348
61.04,-0.1623934869894031,0.1389367438691198,-0.9201249361297088,-49.998358397186074
61.06,-0.036636703558167,0.1736524013271055,-0.7943681526984727,-50.014245760240044
61.08,-0.1544597187593107,0.1362592531999006,-0.9121911678996164,-50.032489583598036
61.1,-0.1138785899649246,0.1493162871487659,-0.8716100391052304,-50.049921784380146
61.120000000000005,-0.0610188898542407,0.1261201137520983,-0.8187503389945465,-50.06629679116004
61.14,-0.0060613560339949,0.1443195458918199,-0.7637928051743007,-50.08157264726353
61.16,-0.0166702755062121,0.1391923429197377,-0.7744017246465179,-50.09706068175645
61.18,0.1634770592519599,0.1778928246937243,-0.5942543898883459,-50.108945769554225
61.2,0.1508144623584947,0.1439584083053134,-0.606916986781811,-50.12108410928986
61.22,-0.0232501412843125,0.1583411292328134,-0.7809815904246182,-50.13670374109835
61.24,-0.018203222377585,0.1098952109888145,-0.7759346715178908,-50.15222243452871
61.26,-0.0844254046876774,0.1056675702917746,-0.8421568538279831,-50.169065571605266
61.28,0.2051504343817672,0.1508477780416901,-0.5525810147585386,-50.180117191900436
61.3,0.1520447187097332,0.1449849910344912,-0.6056867304305725,-50.19223092650905
61.32,-0.1053845392692502,0.1515646224865416,-0.863115988409556,-50.20949324627724
61.34,0.0042655996731214,0.138421271512397,-0.7534658494671844,-50.22456256326659
61.36,0.1786447692668823,0.1038455262730702,-0.5790866798734234,-50.236144296864055
61.38,-0.0261257435649616,0.1362793708762673,-0.7838571927052673,-50.25182144071816
61.4,-0.0327610504391497,0.1102329794702685,-0.7904924995794554,-50.267631290709744
61.42,0.1434612289041071,0.1302048416198493,-0.6142702202361987,-50.27991669511447
61.44,-0.0443470797847047,0.0982117219786673,-0.8020785289250105,-50.29595826569297
61.46,0.2900154835954114,0.1251579409814897,-0.46771596554489436,-50.30531258500387
61.48,0.0736085072327042,0.1637215200019172,-0.6841229419076016,-50.318995043842015
61.5,-0.0200616240378444,0.1325227535108017,-0.7777930731781502,-50.33455090530558
61.52,-0.297894020051237,0.1362698883429292,-1.0556254691915428,-50.35566341468942
61.54,0.1349155038274421,0.1209409574001262,-0.6228159453128637,-50.36811973359567
61.56,-0.1226372794889395,0.158522265260558,-0.8803687286292453,-50.385727108168254
61.58,0.0854180160031718,0.1028070716585957,-0.672313433137134,-50.399173376830994
61.6,0.0858284409496377,0.1308877907097455,-0.6719030081906681,-50.41261143699481
61.620000000000005,0.111892266815411,0.1234245240022951,-0.6458391823248948,-50.42552822064131
61.64,-0.1356175314506273,0.1374330126556918,-0.893348980590933,-50.44339520025313
61.66,-0.031369390457981,0.1170419351923184,-0.7891008395982868,-50.45917721704509
61.68,0.1160215611453318,0.1755272610957816,-0.641709887994974,-50.47201141480499
61.7,0.126920471957576,0.1051263804033866,-0.6308109771827297,-50.48462763434865
61.72,0.2379533012623141,0.0676067117312645,-0.5197781478779917,-50.4950231973062
61.74,-0.027041476988156,0.1346499505590658,-0.7847729261284617,-50.510718655828775
61.76,-0.1021431024932027,0.118638837938945,-0.8598745516335085,-50.52791614686144
61.78,-0.1281072285101684,0.1313405669994901,-0.8858386776504742,-50.545632920414455
61.8,0.0799489168843366,0.1113847971485355,-0.6777825322559692,-50.55918857105957
61.82,0.1982714991295054,0.0882769282521699,-0.5594599500108004,-50.57037777005979
61.84,0.0101245138097483,0.1110881941979249,-0.7476069353305574,-50.585329908766404
61.86,0.0009769182410262,0.1253842004891656,-0.7567545308992796,-50.600464999384386
61.88,0.1745483915464175,0.1068238878643421,-0.5831830575938883,-50.612128660536264
61.9,0.0830211368307036,0.1204851937836773,-0.6747103123096022,-50.62562286678245
61.92,0.0478885981623038,0.1225018366133776,-0.7098428509780019,-50.63981972380201
61.940000000000005,0.0220716866225138,0.1322151472150724,-0.735659762517792,-50.65453291905237
61.96,0.0959509711312436,0.1531856182149705,-0.6617804780090621,-50.66776852861255
61.98,0.0500268297721347,0.1291171689354319,-0.7077046193681711,-50.681922620999906
62.0,0.1508502008250531,0.0963961156888113,-0.6068812483152527,-50.69406024596621
62.02,-0.0031792571333505,0.1225962757699861,-0.7609107062736563,-50.70927846009169
62.04,0.1221882340017008,0.1101789466737904,-0.635543215138605,-50.72198932439446
62.06,-0.0002427273245637,0.1434043893233659,-0.7579741764648694,-50.73714880792376
62.08,-0.0546434966726859,0.1470022595024567,-0.8123749458129916,-50.75339630684002
62.1,0.1919962075062268,0.1378261354163574,-0.565735241634079,-50.7647110116727
62.120000000000005,0.0868839854881967,0.1389428271561816,-0.6708474636521091,-50.778127960945746
62.14,0.024399413556188,0.0917445404316692,-0.7333320355841177,-50.79279460165743
62.16,-0.0295841438398304,0.0867018122751984,-0.7873155929801362,-50.80854091351703
62.18,0.0592508228491889,0.0772940553136082,-0.6984806262911168,-50.822510526042855
62.2,0.2542747531990829,0.0974591657113471,-0.5034566959412229,-50.83257965996168
62.22,0.1420917843908406,0.1191040560543205,-0.6156396647494652,-50.84489245325667
62.24,0.2423893830836005,0.133485136053405,-0.5153420660567053,-50.85519929457781
62.26,0.1940002249423658,0.082395139019199,-0.56373122419794,-50.86647391906177
62.28,0.2673206592702516,0.0517827969139197,-0.49041078987005415,-50.87628213485917
62.3,0.1447379515282911,0.1320485445312055,-0.6129934976120146,-50.888542004811406
62.32,0.2222602525175033,0.1386698430378604,-0.5354711966228025,-50.89925142874387
62.34,-0.0765475402214083,0.0678623880426822,-0.8342789893617141,-50.9159370085311
62.36,0.1695764568170442,0.0712770507616014,-0.5881549923232616,-50.927700108377564
62.38,-0.1074247700607227,0.1285262975161684,-0.8651562192010285,-50.945003232761586
62.4,0.2447039150335823,0.0724925416543685,-0.5130275341067234,-50.95526378344372
62.42,0.4609436246141251,0.0683720727345569,-0.2967878245261807,-50.96119953993424
62.440000000000005,0.110230799265388,0.1584145894773538,-0.6475006498749177,-50.97414955293174
62.46,0.3186070502439813,0.0719436901728426,-0.4391243988963245,-50.98293204090967
62.48,0.2506907731430062,0.0915891098429501,-0.5070406759972996,-50.99307285442961
62.5,0.1204348481599261,0.0693853865419834,-0.6372966009803797,-51.005818786449225
62.52,0.0928325988955723,0.0858236700194843,-0.6648988502447335,-51.01911676345412
62.54,0.2172922851911072,0.1078049342460773,-0.5404391639491986,-51.029925546733104
62.56,0.174171260722393,0.0724557548244913,-0.5835601884179128,-51.04159675050146
62.58,0.1766035487656763,0.131427343109784,-0.5811279003746295,-51.05321930850895
62.6,0.1436109515515134,0.0767228103604712,-0.6141204975887924,-51.06550171846073
62.620000000000005,0.1199425887796743,0.1238336487715374,-0.6377888603606314,-51.07825749566795
62.64,0.0550339435652615,0.1051463673131613,-0.7026975055750443,-51.092311445779444
62.66,-0.0180867841788791,0.1031946961352512,-0.7758182333191849,-51.107827810445826
62.68,0.1569683786643979,0.1458776243055901,-0.6007630704759079,-51.11984307185535
62.7,0.2101028740003325,0.0882994317410776,-0.5476285751399732,-51.13079564335815
62.72,0.0029796484173732,0.0788673290890099,-0.7547518007229326,-51.145890679372606
62.74,0.086639056144686,0.1065125402283274,-0.6710923929956197,-51.15931252723252
62.76,-0.013232569840141,0.1023083387665138,-0.7709640189804468,-51.174731807612126
62.78,0.2744318661252424,0.0940546579449128,-0.48329958301506337,-51.18439779927243
62.8,0.3112840091963311,0.1073859516372683,-0.4464474399439747,-51.19332674807131
62.82,0.1206404275653348,0.1020894225267343,-0.637091021574971,-51.20606856850281
62.84,0.1747432206237383,0.1040537518945346,-0.5829882285165675,-51.21772833307314
62.86,0.2290513033155991,0.0993680763742365,-0.5286801458247067,-51.228301935989634
62.88,0.1631320282018221,0.1168159000585693,-0.5945994209384837,-51.24019392440841
62.9,0.2604406036905152,0.1107510873832163,-0.4972908454497906,-51.250139741317405
62.92,0.4129103522713482,0.1065213877731351,-0.34482109686895757,-51.25703616325478
62.940000000000005,0.3209942122960295,0.1080459790185621,-0.4367372368442763,-51.265770907991666
62.96,0.2999587759506831,0.0494741834171032,-0.45777267318962267,-51.27492636145546
62.98,0.4262160343313401,0.0875379323223602,-0.3315154148089657,-51.28155666975164
63.0,0.0556360207667253,0.1124258067019319,-0.7020954283735805,-51.29559857831911
63.02,0.2520628501618571,0.0333228530886512,-0.5056685989784486,-51.30571195029868
63.04,0.0146317035724119,0.0490657976190294,-0.7430997455678938,-51.320573945210036
63.06,0.4245735808156125,0.1136260235448664,-0.3331578683246933,-51.32723710257653
63.08,0.3059851686079856,0.1045467188576649,-0.4517462805323202,-51.336272028187174
63.1,0.2112269844977808,0.1020922670261306,-0.546504464642525,-51.34720211748002
63.120000000000005,0.1681695468802962,0.0915578993293509,-0.5895619022600096,-51.35899335552523
63.14,0.1573240215001761,0.1068939033057095,-0.6004074276401297,-51.37100150407803
63.16,0.1944901943618595,0.0931276137322194,-0.5632412547784462,-51.382266329173596
63.18,0.0410326355803567,0.0742515080278027,-0.716698813559949,-51.3966003054448
63.2,0.1726709361996019,0.1085792049822279,-0.5850605129407038,-51.40830151570361
63.22,0.1725592611851946,0.0709673296797173,-0.5851721879551112,-51.420004959462716
63.24,0.1349669372990471,0.1271978534668779,-0.6227645118412587,-51.432460249699545
63.26,0.1755682995657446,0.1002009645912406,-0.5821631495745612,-51.444103512691036
63.28,0.2109169104822965,0.0972203675242381,-0.5468145386580092,-51.455039803464196
63.3,0.2730566431323881,0.1253523274688885,-0.4846748060079177,-51.46473329958435
63.32,0.3453525742912654,0.1001450308067177,-0.41237887484904034,-51.47298087708133
63.34,0.2025695522099502,0.0882501989526086,-0.5551618969303556,-51.48408411501994
63.36,0.0153329806167713,0.0977033589006777,-0.7423984685235344,-51.498932084390404
63.38,0.2290578121945922,0.083068386347222,-0.5286736369457136,-51.50950555712932
63.4,0.1629422695651184,0.0819560019099525,-0.5947891795751874,-51.52140134072082
63.42,0.2587720841026411,0.0755814594948248,-0.4989593650376647,-51.53138052802158
63.440000000000005,0.0859344519189748,0.0770575332475317,-0.671796997221331,-51.54481646796601
63.46,0.165430975623023,0.1029641662692889,-0.5923004735172828,-51.556662477436355
63.48,0.1637161028004928,0.0383832769378322,-0.594015346339813,-51.568542784363146
63.5,0.3061208633000757,0.0442310868402056,-0.45161058584023006,-51.57757499607995
63.52,0.173964140579028,0.0252643830621938,-0.5837673085612778,-51.589250342251184
63.54,0.174670297087361,0.0956386291233666,-0.5830611520529447,-51.60091156529224
63.56,0.2355870625753112,0.0821971087172184,-0.5221443865649946,-51.611354453023544
63.58,0.3099038365220353,0.1184474739642008,-0.4478276126182705,-51.62031100527591
63.6,0.1864980020756974,0.1096471254396459,-0.5712334470646083,-51.631735674217204
63.620000000000005,0.0967251651417547,0.0848967985336151,-0.6610062839985511,-51.644955799897176
63.64,0.1669257876307367,0.1059558003046265,-0.590805661509569,-51.656771913127365
63.66,0.2805483934465184,0.0680016734066185,-0.4771830556937874,-51.66631557424124
63.68,0.3190821733226772,0.058076332497053,-0.4386492758176286,-51.67508855975759
63.7,0.4621971583088994,0.0747853979514678,-0.29553429083140637,-51.68099924557422
63.72,0.1440166818170364,0.0578553240243034,-0.6137147673232694,-51.693273540920686
63.74,0.1992082109804479,0.0706134135468386,-0.5585232381598579,-51.70444400568388
63.76,0.3965520973418848,0.0700610331318708,-0.361179351798421,-51.71166759271985
63.78,0.2018136403345493,0.0343444875464183,-0.5559178088057565,-51.72278594889597
63.8,0.3439106540677638,0.1180027912998334,-0.413820795072542,-51.73106236479742
63.82,0.3887551282134212,0.059433232833756,-0.3689763209268846,-51.738441891215956
63.84,0.2843871470480765,0.0126250310859233,-0.4733443020922293,-51.747908777257805
63.86,0.389577467345367,0.0669552517200471,-0.36815398179493874,-51.7552718568937
63.88,0.5105460381095895,0.069855875219305,-0.24718541103071623,-51.760215565114315
63.9,0.3997399085116614,0.0547382686879734,-0.35799154062864436,-51.767375395926884
63.92,0.3966478825950317,0.0984949764105783,-0.36108356654527407,-51.77459706725779
63.940000000000005,0.4855367611476739,0.0425086272425968,-0.27219468799263186,-51.78004096101764
63.96,0.4797244930128137,0.0909456515661084,-0.27800695612749204,-51.78560110014019
63.98,0.5108867011190461,0.053890864414467,-0.24684474802125966,-51.790537995100614
64.0,0.2693479078665194,0.0774981339257387,-0.48838354127378636,-51.80030566592609
64.02,0.3032879557838709,0.0657704981020862,-0.45444349335643486,-51.80939453579322
64.04,0.2588662553390429,0.0802267125999205,-0.4988651938012629,-51.819371839669245
64.06,0.2973970555232085,0.0492773235898634,-0.46033439361709727,-51.82857852754159
64.08,0.1847469862338379,0.0748807924273083,-0.5729844629064679,-51.84003821679971
64.1,0.2125634809444932,0.0883399510665854,-0.5451679681958126,-51.85094157616363
64.12,0.3212799096339014,0.045879746104642,-0.43645153950640436,-51.85967060695376
64.14,0.1488313859920516,0.0274139108217307,-0.6089000631482542,-51.87184860821672
64.16,0.271863818214363,0.0458550164605898,-0.48586763092594276,-51.88156596083524
64.18,0.2112931902257023,0.0807474550709359,-0.5464382589146035,-51.89249472601354
64.2,0.4605267373745654,0.0575714258429616,-0.29720471176574037,-51.89843882024885
64.22,0.4849193239598514,-0.0162312670946573,-0.2728121251804544,-51.903895062752454
64.24,0.4160116160350998,0.0616264442817495,-0.341719833105206,-51.910729459414554
64.26,0.4458013995332638,0.0966810207148367,-0.31193004960704196,-51.916968060406695
64.28,0.5297974611893423,0.0337372859646854,-0.22793398795096342,-51.92152674016572
64.3,0.4634607383582918,0.0769305851977206,-0.29427071078201394,-51.92741215438136
64.32000000000001,0.4285891125554034,0.0086998966314341,-0.3291423365849024,-51.93399500111306
64.34,0.1881146621028628,0.101118754267157,-0.569616787037443,-51.945387336853805
64.36,0.1706737587673496,0.0300758116089909,-0.5870576903729562,-51.95712849066126
64.38,0.3750113887379611,-0.0053660973849451,-0.3827200604023447,-51.964782891869305
64.4,0.4965450587172376,0.0486373072345862,-0.2611863904230682,-51.97000661967777
64.42,0.4017234990054152,0.0569816055781397,-0.35600795013489056,-51.977126778680464
64.44,0.4097597172872522,0.0448017791486957,-0.3479717318530536,-51.984086213317525
64.46000000000001,0.2412995176777266,0.0340494578595589,-0.5164319314625792,-51.99441485194678
64.48,0.310728747721964,0.0259880170765605,-0.44700270141834175,-52.003354905975144
64.5,0.5632882321613905,0.0448498667435149,-0.1944432169789153,-52.00724377031472
64.52,0.3527874874184497,0.0454165383279121,-0.4049439617218561,-52.01534264954916
64.54,0.3625382842484548,0.0343754750337595,-0.39519316489185097,-52.023246512847
64.56,0.2940897520172081,0.053958429562033,-0.46364169712309766,-52.032519346789464
64.58,0.5976175623881568,0.0536231410839207,-0.160113886752149,-52.035721624524506
64.6,0.2938659774684073,0.1054891723932349,-0.46386547167189845,-52.04499893395794
64.62,0.4972705298908946,0.0187497747764174,-0.26046091924941117,-52.05020815234293
64.64,0.2365934784558754,0.0631197698765952,-0.5211379706844304,-52.06063091175662
64.66,0.1776026323480496,0.0735446423600626,-0.5801288167922561,-52.07223348809246
64.68,0.432000900185524,0.0522502447269019,-0.32573054895478176,-52.078748099071554
64.7,0.3613572523072537,0.0686360539537714,-0.3963741968330521,-52.086675583008216
64.72,0.550558401359595,0.0800175891990913,-0.20717304778071077,-52.090819043963826
64.74,0.5000749462372831,0.0315562591875636,-0.25765650290302267,-52.09597217402189
64.76,0.5709318516210737,0.0467752236046241,-0.18679959751923203,-52.099708165972274
64.78,0.4172595385621258,0.0667077216809555,-0.34047191057818,-52.106517604183836
64.8,0.4125512679752641,0.0295549708768794,-0.3451801811650417,-52.113421207807136
64.82000000000001,0.4133316915134219,0.0655618739626293,-0.34439975762688385,-52.120309202959675
64.84,0.7045122056998738,0.0276759268060342,-0.05321924344043194,-52.12137358782849
64.86,0.3812327031029195,0.0286395968658133,-0.37649874603738626,-52.12890356274923
64.88,0.5884576755769954,0.0125910275990042,-0.16927377356331041,-52.13228903822049
64.9,0.2285434660063323,0.0771484588463638,-0.5291879831339734,-52.14287279788318
64.92,0.1894068500599288,0.0402694644162336,-0.5683245990803769,-52.15423928986478
64.94,0.440215825221822,0.0351476487499553,-0.31751562391848376,-52.16058960234315
64.96000000000001,0.3412739027143069,0.0303073474417126,-0.41645754642599886,-52.168918753271676
64.98,0.1862410986710158,0.0047456623658787,-0.57149035046929,-52.18034856028106
65.0,0.6784005497589033,0.0440130437644894,-0.07933089938140248,-52.18193517826869
65.02,0.6012765930025665,0.0269942682385723,-0.15645485613773924,-52.18506427539144
65.04,0.5906716119454326,0.0426995362134601,-0.16705983719487316,-52.18840547213534
65.06,0.4844983174793735,0.0274926924912067,-0.27323313166093227,-52.19387013476855
65.08,0.5644495793819833,0.0285642559254826,-0.1932818697583225,-52.19773577216372
65.1,0.3716390420142172,0.0063685788661146,-0.38609240712608855,-52.20545762030624
65.12,0.5045729863371698,0.0644196228912118,-0.2531584628031359,-52.21052078956231
65.14,0.5114487842720316,0.0011372109354719,-0.24628266486827421,-52.21544644285967
65.16,0.6423545840519843,0.0367030857972578,-0.11537686508832146,-52.21775398016144
65.18,0.5588886605090622,0.055905828192316,-0.1988427886312436,-52.22173083593407
65.2,0.3877184021252183,0.0144005297307599,-0.37001304701508747,-52.22913109687437
65.22,0.3824819820617286,0.0927544468667376,-0.37524946707857715,-52.23663608621594
65.24,0.6830160823266195,0.046109796936768,-0.07471536681368629,-52.23813039355221
65.26,0.3851923924792573,0.0044711125307993,-0.3725390566610485,-52.245581174685434
65.28,0.3750545320777783,-0.0267399344740576,-0.3826769170625275,-52.253234713026686
65.3,0.5217894341013642,0.0270432140402477,-0.23594201503894152,-52.25795355332746
65.32000000000001,0.2981240124535458,0.0216033668675081,-0.45960743668675996,-52.2671457020612
65.34,0.3167130575489359,0.0289069491394463,-0.44101839159136985,-52.27596606989302
65.36,0.5840293477238937,0.0206711913218727,-0.17370210141641207,-52.27944011192135
65.38,0.5667532192851843,0.0126682617617671,-0.19097822985512147,-52.283259676518455
65.4,0.5544883650427284,0.044645149781189,-0.2032430840975774,-52.28732453820041
65.42,0.7859532571038979,0.0011071016231174,0.028221807963592083,-52.286760102041136
65.44,0.5994265903728724,0.0365143111565079,-0.1583048587674334,-52.28992619921648
65.46000000000001,0.6439791688427159,0.0526659383122514,-0.11375228029758988,-52.29220124482244
65.48,0.3751419690706549,-0.0019723101627095,-0.3825894800696509,-52.299853034423826
65.5,0.4759155194630912,0.0014451743557256,-0.2818159296772146,-52.30548935301737
65.52,0.3958786063201568,-0.0158055437163285,-0.36185284282014896,-52.312726409873775
65.54,0.5499344109543028,0.0271817187492211,-0.20779703818600292,-52.3168823506375
65.56,0.5701970353114311,-0.0047404336783976,-0.1875344138288747,-52.320633038914075
65.58,0.4668980980023572,0.0164921228267705,-0.29083335113794856,-52.32644970593683
65.6,0.5184656833601332,-0.0150630382112585,-0.23926576578017256,-52.33123502125243
65.62,0.6067451365317035,0.0027461366729801,-0.1509863126086023,-52.33425474750461
65.64,0.567285240186617,-0.0535377808120918,-0.1904462089536888,-52.338063671683685
65.66,0.6094242175871037,-0.0025262844240712,-0.14830723155320202,-52.34102981631475
65.68,0.5176490852502063,0.0136511499330119,-0.24008236389009951,-52.34583146359255
65.7,0.4475629196014342,0.003803047661623,-0.3101685295388716,-52.35203483418333
65.72,0.4146779126673388,0.0247640450103623,-0.343053536472967,-52.358895904912785
65.74,0.4312954709097529,0.0117971002135777,-0.32643597823055287,-52.36542462447739
65.76,0.6119030277582452,-0.0061402631681558,-0.14582842138206054,-52.368341192905035
65.78,0.6003095423883716,-0.032507042128211,-0.15742190675193413,-52.37148963104007
65.8,0.5105545631147469,-5.5449000721635375e-05,-0.24717688602555887,-52.37643316876058
65.82000000000001,0.5596889144458498,0.0202596028860193,-0.19804253469445599,-52.38039401945447
65.84,0.3608139386910963,-0.0116485942750091,-0.3969175104492095,-52.38833236966345
65.86,0.5629531718947556,0.0469705295538408,-0.1947782772455502,-52.39222793520836
65.88,0.589810530942141,-0.0024739623793645,-0.1679209181981648,-52.39558635357233
65.9,0.4365231181160684,-0.0067287749347275,-0.32120833102423735,-52.40201052019282
65.92,0.611285436992041,-0.0428366024212009,-0.1464460121482648,-52.40493944043578
65.94,0.4342606911140664,-0.0075041573166286,-0.32347075802623937,-52.41140885559631
65.96000000000001,0.6291655557074413,-0.0020967275475932,-0.1285658934328645,-52.413980173464964
65.98,0.5722562736631793,0.0084300772492069,-0.18547517547712644,-52.417689676974504
66.0,0.670502712014837,0.0260148814984649,-0.08722873712546875,-52.419434251717014
66.02,0.6690090219718573,-0.0123583835386859,-0.08872242716844847,-52.42120870026038
66.04,0.7467839237599329,-0.0172163151807778,-0.010947525380372913,-52.42142765076799
66.06,0.522287777762668,0.0264029276980241,-0.23544367137763778,-52.42613652419554
66.08,0.6751065287682392,-0.0093968591778991,-0.08262492037206659,-52.42778902260298
66.1,0.539125280547519,0.0023878973402883,-0.2186061685927868,-52.43216114597483
66.12,0.5846099080576196,-0.00675382108326,-0.17312154108268618,-52.43562357679649
66.14,0.5669322057451038,-0.0084345529738699,-0.19079924339520193,-52.43943956166439
66.16,0.4763672375318233,-0.003970304979812,-0.28136421160848246,-52.44506684589656
66.18,0.6067739478490826,0.0273519391457549,-0.1509575012912232,-52.44808599592239
66.2,0.7305371043582842,-0.0100266246952483,-0.02719434478202154,-52.44862988281803
66.22,0.5540483848008123,0.0049957237676298,-0.20368306433949346,-52.45270354410482
66.24,0.7206788225041985,-0.0050019283598908,-0.03705262663610731,-52.453444596637546
66.26,0.2766638996712629,-0.0444567390495696,-0.48106754946904284,-52.46306594762693
66.28,0.7885271023315006,-0.0163995005712771,0.030795653191194816,-52.462450034563105
66.3,0.4560699726566736,0.0135967150724422,-0.3016614764836322,-52.468483264092775
66.32000000000001,0.6518031161980239,-0.0084480415238947,-0.10592833294228188,-52.47060183075162
66.34,0.7710129567604275,-0.0523236269208557,0.013281507620121702,-52.47033620059921
66.36,0.4255841905661051,-0.037088828549719,-0.3321472585742007,-52.4769791457707
66.38,0.6481652203264243,0.0027195754018944,-0.10956622881388145,-52.47917047034698
66.4,0.7674699167688254,-0.0100588614328302,0.009738467628519598,-52.47897570099441
66.42,0.6204139639469347,-0.0005988457376726,-0.13731748519337106,-52.48172205069828
66.44,0.5952865808122169,-0.0563715761811954,-0.1624448683280889,-52.48497094806484
66.46000000000001,0.6138032260068753,-0.0562204084377353,-0.14392822313343046,-52.48784951252751
66.48,0.6427443047193302,-0.0516166064464457,-0.11498714442097557,-52.49014925541593
66.5,0.6811913197217753,0.014953532802555,-0.0765401294185305,-52.4916800580043
66.52,0.6830547520570031,-0.0023955580767481,-0.07467669708330271,-52.49317359194596
66.54,0.542766312916947,-0.0445366059172835,-0.21496513622335878,-52.49747289467043
66.56,0.5688402188020494,-0.0404015300799871,-0.1888912303382564,-52.501250719277195
66.58,0.7311733679784502,-0.0169885336714867,-0.02655808116185554,-52.50178188090043
66.6,0.7981151454983549,-0.0217727063907559,0.04038369635804917,-52.50097420697327
66.62,0.6154029476345355,-0.0552176148847093,-0.14232850150577026,-52.503820777003384
66.64,0.5905925382679355,-0.0396362200490283,-0.16713891087237032,-52.50716355522083
66.66,0.6864077564450997,-0.0310516529595654,-0.07132369269520611,-52.50859002907473
66.68,0.7510689447473425,-0.0393739484860265,-0.006662504392963231,-52.50872327916259
66.7,0.6541504907346869,-0.041634412536179,-0.10358095840561887,-52.5107948983307
66.72,0.65224892390035,-0.0381786884497846,-0.10548252523995572,-52.5129045488355
66.74,0.7477171197135232,-0.0015528661388604,-0.010014329426782598,-52.51310483542404
66.76,0.6987246790885968,-0.0219426055175425,-0.05900677005170896,-52.514284970825074
66.78,0.7706548022517973,-0.0048844953676598,0.012923353111491509,-52.51402650376284
66.8,0.6547852039947366,0.0176370098166748,-0.10294624514556916,-52.516085428665754
66.82000000000001,0.6201493702920484,-0.0325043064965794,-0.13758207884825735,-52.51883707024272
66.84,0.6122672244354681,-0.0652463387049015,-0.14546422470483766,-52.52174635473681
66.86,0.5041517055576168,-0.0548706788917565,-0.253579743582689,-52.526817949608464
66.88,0.7160428831320171,-0.0468205552551687,-0.04168856600828863,-52.52765172092863
66.9,0.5892211321918689,-0.0214178334752627,-0.16851031694843688,-52.5310219272676
66.92,0.8344081695852561,0.0009903017285599,0.07667672044495033,-52.5294883928587
66.94,0.5455080771167974,-0.0523003969476878,-0.21222337202350838,-52.533732860299175
66.96000000000001,0.6549633054972877,-0.0070537828500202,-0.10276814364301812,-52.535788223172034
66.98,0.5592174787818851,-0.0733009215972303,-0.19851397035842067,-52.539758502579204
67.0,0.6525937820314882,0.0039457218432165,-0.10513766710881756,-52.54186125592138
67.02,0.536204323655781,0.0109035281128844,-0.2215271254845248,-52.54629179843107
67.04,0.5359595367335156,-0.0665074404446592,-0.22177191240679017,-52.55072723667921
67.06,0.6468544398249177,-0.0145203057418547,-0.11087700931538802,-52.552944776865516
67.08,0.7342745618780853,-0.0299879943831311,-0.023456887262220505,-52.55341391461076
67.1,0.857207097049612,-0.0440872998951421,0.09947564790930619,-52.551424401652575
67.12,0.8426627166914236,-0.0590881480610973,0.0849312675511178,-52.54972577630155
67.14,0.5192956276505496,-0.0862841119323068,-0.23843582148975617,-52.554494492731344
67.16,0.6311072003032586,-0.0657293392613208,-0.12662424883704715,-52.557026977708084
67.18,0.9135689416352129,-0.0905613066169674,0.15583749249490708,-52.55391022785818
67.2,0.6088922847788469,-0.0268104220040878,-0.14883916436145883,-52.55688701114541
67.22,0.6413355876879864,-0.0429931462057901,-0.1163958614523194,-52.55921492837446
67.24,0.611134556032299,0.0044816666093743,-0.14659689310800672,-52.56214686623662
67.26,0.7433401612585562,-0.0655051931134005,-0.014391287881749593,-52.562434691994255
67.28,0.7953934305366077,-0.0087219582941475,0.03766198139630195,-52.56168145236633
67.3,0.6978912593601339,-0.0456421397497511,-0.059840189780171915,-52.56287825616193
67.32000000000001,0.600319740079763,-0.0182380261102876,-0.1574117090605428,-52.56602649034314
67.34,0.7866533836301235,-0.0576363592750068,0.028921934489817724,-52.56544805165335
67.36,0.7064266924503388,-0.082364752812435,-0.051304756689966924,-52.56647414678715
67.38,0.5287509147008022,-0.0895881971225585,-0.2289805344395036,-52.57105375747594
67.4,0.5786287778489977,-0.0304308578296619,-0.17910267129130808,-52.57463581090177
67.42,0.8402028053756503,-0.050677251670931,0.08247135623534452,-52.572986383777064
67.44,0.8612838937547129,-0.044042320758291,0.10355244461440716,-52.57091533488477
67.46000000000001,0.6895251463947438,-0.0565772057611239,-0.06820630274556194,-52.57227946093968
67.48,0.7887001161236766,-0.0696563113051939,0.030968666983370863,-52.571660087600016
67.5,0.808567348788394,-0.091000665509082,0.05083589964808821,-52.570643369607055
67.52,0.65489055352453,-0.0212564796457031,-0.10284089561577581,-52.57270018751937
67.54,0.663403237088203,-0.0029083219462571,-0.09432821205210273,-52.57458675176041
67.56,0.7546339158331216,-0.0849595181291333,-0.003097533307184208,-52.57464870242655
67.58,0.7868940848355291,-0.0674074390056737,0.02916263569522337,-52.57406544971265
67.6,0.585220994637468,-0.034835639427187,-0.17251045450283775,-52.5775156588027
67.62,0.6700469547437619,-0.0803655205829728,-0.08768449439654391,-52.57926934869064
67.64,0.7920919453591303,-0.0388074466809873,0.03436049621882453,-52.57858213876626
67.66,0.8878146311529751,-0.0113794950073759,0.13008318201266933,-52.575980475126
67.68,0.6753593542867882,-0.0569173298627513,-0.0823720948535176,-52.57762791702307
67.7,0.6191571197229478,-0.0550599515956624,-0.13857432941735792,-52.580399403611416
67.72,0.6471625675345952,-0.0641807738246998,-0.11056888160571055,-52.58261078124353
67.74,0.6587993066957377,-0.0474489381594324,-0.09893214244456805,-52.58458942409242
67.76,0.6959947674859492,-0.064221336042374,-0.06173668165435653,-52.58582415772551
67.78,0.5525260506109461,-0.0508788447392209,-0.2052053985293597,-52.589928265696095
67.8,0.8070047136474088,-0.0514816720667478,0.04927326450710301,-52.58894280040595
67.82000000000001,0.4589330773733574,-0.0861275685560544,-0.29879837176694835,-52.59491876784129
67.84,0.5161642257684613,-0.0687032710080841,-0.24156722337184444,-52.599750112308726
67.86,0.6425153108272161,-0.0195649817804735,-0.11521613831308963,-52.60205443507499
67.88,0.7875565992437067,-0.073568824024905,0.02982515010340092,-52.601457932072925
67.9,0.6243363855440839,-0.0572285063349225,-0.13339506359622189,-52.60412583334485
67.92,0.7623948378329806,-0.0674981617483971,0.004663388692674797,-52.604032565570996
67.94,0.7274674590799842,-0.0296210160357061,-0.030263990060321544,-52.6046378453722
67.96000000000001,0.5163483467116701,-0.0703628757729503,-0.2413831024286357,-52.60946550742078
67.98,0.870409017604984,-0.0944976784102341,0.11267756846467825,-52.607211956051486
68.0,0.7042941580106772,-0.0616645757645916,-0.053437291129628584,-52.60828070187408
68.02,0.7326210954442813,-0.0478866745294731,-0.025110353696024434,-52.608782908948
68.04,0.5546045823604379,-0.0702727676196715,-0.2031268667798679,-52.6128454462836
68.06,0.7124876651718326,-0.0615236617577877,-0.04524378396847317,-52.61375032196297
68.08,0.832751429579159,-0.0404390304249211,0.07501998043885327,-52.61224992235419
68.1,0.6991717408741013,-0.0468990541072998,-0.05855970826620449,-52.61342111651951
68.12,0.6242432621755755,-0.0492148372325545,-0.1334881869647303,-52.61609088025881
68.14,0.7235797211631935,-0.0150033514987539,-0.0341517279771123,-52.61677391481835
68.16,0.7276995544012281,-0.0324089853947946,-0.030031894739077636,-52.61737455271314
68.18,0.839352618643241,-0.081405038700442,0.08162116950293519,-52.61574212932308
68.2,0.8679510860081319,-0.0994698520781231,0.1102196368678261,-52.61353773658573
68.22,0.8754718467947711,-0.021341712322752,0.11774039765446531,-52.61118292863264
68.24,0.7406130401551201,-0.047783135600857,-0.017118408985185685,-52.61152529681234
68.26,0.947972903654408,-0.0557566979384268,0.19024145451410224,-52.607720467722054
68.28,0.4982222383911899,-0.0664200151163157,-0.25950921074911587,-52.612910651937035
68.3,0.8154586025129951,-0.0927278996160006,0.0577271533726893,-52.611756108869585
68.32000000000001,0.6996942963535304,-0.0786496267490916,-0.05803715278677535,-52.61291685192532
68.34,0.5278149024942095,-0.1101665290156591,-0.2299165466460963,-52.61751518285824
68.36,0.6256153364157437,-0.0736540443712434,-0.13211611272456203,-52.62015750511273
68.38,0.7696355203619997,-0.1032523212275201,0.011904071221693902,-52.619919423688295
68.4,0.7727616655231537,-0.067850265486132,0.01503021638284796,-52.61961881936064
68.42,0.6951562649668216,-0.0813304432996819,-0.06257518417348418,-52.62087032304411
68.44,0.7745065676641406,-0.09905868644841,0.016775118523834842,-52.62053482067363
68.46000000000001,0.679106083874426,-0.1052187979835671,-0.07862536526587982,-52.62210732797895
68.48,0.8270986232261002,-0.1421198776897343,0.0693671740857944,-52.620719984497235
68.5,0.7843143911132892,-0.0809394168930995,0.026582941972983387,-52.62018832565778
68.52,0.6152340259815837,-0.1071871017950625,-0.14249742315872205,-52.62303827412095
68.54,0.7697157988781941,-0.0574538273863411,0.011984349737888311,-52.62279858712619
68.56,0.8485130676636902,-0.0944366715059044,0.0907816185233844,-52.620982954755725
68.58,0.664535711577144,-0.0586497818068808,-0.0931957375631618,-52.622846869506986
68.60000000000001,0.5806477400791733,-0.0528961949977591,-0.17708370906113247,-52.62638854368821
68.62,0.6947977071520874,-0.0738635301197635,-0.06293374198821833,-52.62764721852797
68.64,0.8285995539825286,-0.0795013415645571,0.07086810484222283,-52.626229856431124
68.66,0.6978991344904445,-0.0932854009259063,-0.05983231464986127,-52.62742650272412
68.68,0.8344224623269162,-0.1008545880874928,0.07669101318661042,-52.62589268246039
68.7,0.5648078155670844,-0.0709716311700517,-0.1929236335732214,-52.62975115513185
68.72,0.6384976391140292,-0.0667765869325999,-0.11923381002627653,-52.63213583133238
68.74,0.8070652283100614,-0.0354743044797068,0.049333779169755676,-52.63114915574898
68.76,0.7887737812967512,-0.0655679844106852,0.031042332156445474,-52.63052830910585
68.78,0.7235176428982648,-0.0729495883165107,-0.034213806242040956,-52.63121258523069
68.8,0.6785104915104582,-0.1195802335384431,-0.0792209576298476,-52.63279700438329
68.82000000000001,0.8637525758712339,-0.0839713728208802,0.10602112673092812,-52.630676581848675
68.84,0.7275054770214939,-0.0762904833240638,-0.03022597211881184,-52.63128110129105
68.86,0.948063266381658,-0.0865110665562663,0.19033181724135229,-52.627474464946225
68.88,0.7566020557795324,-0.0953685873128243,-0.0011293933607733342,-52.62749705281344
68.9,0.761285782636157,-0.109826185183219,0.003554333495851214,-52.62742596614352
68.92,0.6987685708990796,-0.124452868341692,-0.058962878241226147,-52.62860522370834
68.94,0.8942207642557991,-0.0912742033280058,0.13648931511549334,-52.62587543740603
68.96000000000001,0.598161746141574,-0.1171930823385387,-0.15956970299873174,-52.629066831466005
68.98,0.8531766907337541,-0.0870379880384287,0.09544524159344836,-52.62715792663413
69.0,0.7175540613810963,-0.0879213589731214,-0.040177387759209426,-52.627961474389316
69.02,0.618844526378206,-0.0845751902182817,-0.1388869227620998,-52.63073921284456
69.04,0.7869397462271257,-0.0868094148056875,0.029208297086819934,-52.63015504690282
69.06,0.6572445956580851,-0.0739863889531457,-0.10048685348222064,-52.63216478397246
69.08,0.9223189868435993,-0.0991762479748255,0.16458753770329348,-52.6288730332184
69.10000000000001,0.6943266217016382,-0.0759368898074082,-0.0634048274386676,-52.630141129767175
69.12,0.6287587817168295,-0.0905524521889264,-0.12897266742347624,-52.63272058311564
69.14,0.6147804693869083,-0.0947627664520922,-0.14295097975339743,-52.635579602710706
69.16,0.9518445836031388,-0.1129151441833375,0.19411313446283307,-52.631697340021454
69.18,0.7904741848366487,-0.0765398809348701,0.032742735696342895,-52.631042485307525
69.2,0.7083065093861061,-0.1090715886207125,-0.049424939754199704,-52.632030984102606
69.22,0.8484051390890834,-0.0737170265681436,0.09067368994877767,-52.63021751030363
69.24,0.7586534378816951,-0.0985129947282234,0.000921988741389379,-52.6301990705288
69.26,0.7605644546622368,-0.0817702476300956,0.002833005521930998,-52.630142410418365
69.28,0.884779546573602,-0.0779183164208743,0.12704809743329626,-52.6276014484697
69.3,0.8556655093855542,-0.0641649507342575,0.09793406024524842,-52.62564276726479
69.32000000000001,0.5730636041408192,-0.1137347754677347,-0.18466784499948652,-52.62933612416479
69.34,0.773499277422897,-0.1277844882798613,0.015767828282591267,-52.62902076759914
69.36,0.8729003687220658,-0.0883547643476004,0.11516891958176001,-52.6267173892075
69.38,0.8063809155686695,-0.1157260579549356,0.04864946642836376,-52.62574439987893
69.4,0.7864510048918308,-0.1596898757913683,0.028719555751525072,-52.6251700087639
69.42,0.5167649884070595,-0.0985267248832458,-0.24096646073324623,-52.629989337978564
69.44,0.8981577590330846,-0.1335356047948248,0.14042630989277882,-52.62718081178071
69.46000000000001,0.6854089833664496,-0.0985189133471712,-0.07232246577385615,-52.62862726109619
69.48,0.7707528205796035,-0.0753074293817268,0.013021371439297713,-52.62836683366741
69.5,0.8712171456476802,-0.1116475735206131,0.11348569650737439,-52.62609711973726
69.52,0.8982101310907333,-0.0661997313230437,0.14047868195042756,-52.623287546098254
69.54,0.6753442623159356,-0.1646118662687044,-0.08238718682437018,-52.624935289834745
69.56,0.8214491884857883,-0.0828639546673087,0.06371773934548253,-52.62366093504784
69.58,0.7177279894347558,-0.1040706429215051,-0.04000345970554997,-52.62446100424195
69.60000000000001,0.7603359275351761,-0.1182714210490425,0.0026044783948703243,-52.624408914674056
69.62,0.7799910543239374,-0.1386364649464815,0.02225960518363168,-52.62396372257039
69.64,0.9021229303826452,-0.1049801004036202,0.14439148124233947,-52.62107589294554
69.66,0.7159921282792783,-0.1278374644647213,-0.041739320861027496,-52.62191067936276
69.68,0.9648758444147314,-0.0745159026302219,0.20714439527442563,-52.617767791457275
69.7,0.8135980710061619,-0.124103207558739,0.055866621865856114,-52.61665045901996
69.72,0.4901087001144062,-0.1062180901440951,-0.26762274902589955,-52.622002914000475
69.74,0.7651654393999554,-0.0965374368621943,0.0074339902596496366,-52.62185423419528
69.76,0.5646194528646994,-0.1179092115546886,-0.19311199627560638,-52.6257164741208
69.78,0.8119551447904645,-0.1393440392256552,0.05422369565015872,-52.6246320002078
69.8,0.7711870099350938,-0.1126742461273918,0.013455560794788046,-52.624362888991904
69.82000000000001,0.7724556254720715,-0.1409561593941318,0.014724176331765704,-52.624068405465266
69.84,1.0381669658546544,-0.1356701148025136,0.28043551671434863,-52.61845969513098
69.86,0.7234038032727548,-0.1326912766601133,-0.03432764586755099,-52.61914624804833
69.88,0.8215813926139537,-0.1135221617506202,0.06384994347364792,-52.61786924917886
69.9,1.1472958572613634,-0.1069641724412322,0.38956440812105764,-52.61007796101644
69.92,0.9041993763051962,-0.0745520044041901,0.14646792716489043,-52.60714860247314
69.94,0.8058799844630697,-0.1285411863611657,0.048148535322763975,-52.606185631766685
69.96000000000001,0.831378254497522,-0.1074662926554362,0.07364680535721624,-52.60471269565954
69.98,0.7487342279937571,-0.1434088797377386,-0.008997221146548662,-52.604892640082475
70.0,0.8719695331656855,-0.1711907632816355,0.11423808402537972,-52.60260787840197
70.02,0.6295505316368528,-0.1255098557065771,-0.12818091750345295,-52.605171496752035
70.04,0.7907033642770178,-0.0889487364239196,0.03297191513671205,-52.6045120584493
70.06,0.6841887786428391,-0.1346612662273085,-0.07354267049746666,-52.60598291185925
70.08,0.8274680207581329,-0.1340516618424352,0.06973657161782709,-52.604588180426894
70.10000000000001,0.9301299173237976,-0.118116081493829,0.1723984681834918,-52.601140211063225
70.12,0.6115752738218625,-0.1137601275158335,-0.14615617531844327,-52.604063334569595
70.14,0.7745274009935238,-0.0690493789925158,0.016795951853218027,-52.60372741553253
70.16,0.8226455426177647,-0.146921302139493,0.06491409347745891,-52.60242913366298
70.18,0.6962129938601694,-0.126581125769209,-0.06151845528013633,-52.603659502768586
70.2,0.7914739010723412,-0.105316481611956,0.0337424519320354,-52.60298465372995
70.22,0.8606760855811203,-0.1153360059566581,0.10294463644081453,-52.60092576100113
70.24,0.7989863542262599,-0.1568531816908501,0.041254905085954086,-52.60010066289941
70.26,0.7107539582568273,-0.1597994192684559,-0.04697749088347847,-52.60104021271708
70.28,0.8885000211553395,-0.128233700326519,0.13076857201503378,-52.59842484127678
70.3,0.9617526103053204,-0.1002035872489591,0.20402116116501468,-52.59434441805348
70.32000000000001,0.7885620383343198,-0.1877367827452334,0.030830589194014046,-52.5937278062696
70.34,0.8976393751784016,-0.0913349160564951,0.13990792603809588,-52.59092964774884
70.36,0.806467003814815,-0.1099009150625492,0.048735554674509185,-52.589954936655346
70.38,0.6143970687173583,-0.1432908153401934,-0.14333438042294744,-52.592821624263806
70.4,0.866827386935078,-0.0962021995853818,0.10909593779477222,-52.59063970550791
70.42,0.905080989413843,-0.0806091756109797,0.1473495402735372,-52.58769271470244
70.44,0.9181627642964776,-0.1509788763716347,0.16043131515617182,-52.58448408839932
70.46000000000001,0.7512552483611488,-0.1445579663736737,-0.006476200779157004,-52.584613612414906
70.48,1.088520038750048,-0.1640481773751684,0.3307885896097422,-52.577997840622714
70.5,0.8402108730430571,-0.1090455392911587,0.08247942390275131,-52.57634825214466
70.52,0.7651231721806341,-0.145339613955485,0.007391723040328313,-52.57620041768386
70.54,0.6150883750823676,-0.1512003672180363,-0.1426430740579382,-52.57905327916502
70.56,0.656843965557553,-0.1631453152211365,-0.10088748358275279,-52.58107102883667
70.58,0.6842136603642633,-0.0890601701195199,-0.07351778877604243,-52.58254138461219
70.60000000000001,0.6067349572250398,-0.146469608810678,-0.15099649191526598,-52.5855613144505
70.62,0.9676865744548698,-0.1418053608716702,0.20995512531456406,-52.58136221194421
70.64,0.8502574911911313,-0.1361610711316395,0.09252604205082549,-52.57951169110319
70.66,0.5029521933993419,-0.1255085575531847,-0.25477925574096383,-52.58460727621801
70.68,0.7614413808396201,-0.1039008494680507,0.0037099316993143283,-52.58453307758402
70.7,0.7900167860159153,-0.1190698713868274,0.03228533687560953,-52.583887370846504
70.72,0.759631470237246,-0.1500566179679376,0.0019000210969402076,-52.583849370424566
70.74,1.0852392313322368,-0.1490630812090558,0.327507782191931,-52.57729921478073
70.76,0.67194590235847,-0.1372630274882744,-0.08578554678183581,-52.579014925716365
70.78,0.9532175042741264,-0.1297448793875028,0.19548605513382067,-52.57510520461369
70.8,0.7382632757846153,-0.1136856410148657,-0.01946817335569051,-52.575494568080806
70.82000000000001,1.021723389430964,-0.1650349978101946,0.2639919402906583,-52.57021472927499
70.84,0.3898282932019764,-0.1558219469721714,-0.3679031559383294,-52.57757279239375
70.86,0.775704771434887,-0.1868096990698104,0.017973322294581262,-52.57721332594786
70.88,0.9938154808185228,-0.1451149842776045,0.236084031678217,-52.572491645314294
70.9,0.8192020184243388,-0.1779020649122277,0.06147056928403305,-52.571262233928614
70.92,0.6056143650533672,-0.1297911031510337,-0.15211708408693858,-52.574304575610356
70.94,0.5319047646522872,-0.1849290245871745,-0.22582668448801857,-52.578821109300115
70.96000000000001,0.6483365050206684,-0.1578984348583217,-0.10939494411963735,-52.58100900818251
70.98,0.5970832222358087,-0.1300261117931345,-0.1606482269044971,-52.5842219727206
71.0,0.5774579325390727,-0.1549252981367336,-0.18027351660123303,-52.587827443052625
71.02,0.9466377133418268,-0.1344514240678749,0.188906264201521,-52.584049317768596
71.04,0.7391394336439885,-0.1398793431005764,-0.018592015496317282,-52.58442115807852
71.06,0.6276323923316185,-0.1483524405370852,-0.13009905680868727,-52.58702313921469
71.08,0.6004935286195454,-0.1679897252858636,-0.15723792052076035,-52.59016789762511
71.10000000000001,0.570149573185978,-0.1363567503980114,-0.18758187595432774,-52.593919535144195
71.12,0.8022365608442649,-0.1767023703545341,0.0445051117039591,-52.593029432910114
71.14,0.7688824167127681,-0.1157308131935028,0.011150967572462367,-52.59280641355866
71.16,0.6369059484020219,-0.1743770894757913,-0.12082550073828391,-52.59522292357343
71.18,0.9366200372754032,-0.1547201297700342,0.17888858813509745,-52.591645151810724
71.2,0.6227914244841977,-0.1463841262038213,-0.1349400246561081,-52.594343952303845
71.22,0.6532461867952334,-0.1452498515469012,-0.10448526234507238,-52.59643365755075
71.24,0.7552650564204423,-0.1622057305771123,-0.002466392719863486,-52.596482985405146
71.26,0.5991615923762974,-0.1416269614005523,-0.15856985676400837,-52.59965438254043
71.28,0.7793759567188459,-0.1420189755398988,0.021644507578540084,-52.59922149238886
71.3,0.5551755508927503,-0.1991483817291958,-0.2025558982475555,-52.603272610353805
71.32000000000001,0.6237552352149865,-0.1593371997187042,-0.13397621392531922,-52.60595213463231
71.34,0.9156214049779589,-0.1652371350417392,0.15788995583765308,-52.60279433551556
71.36,0.743255232376942,-0.1213583721645682,-0.014476216763363747,-52.60308385985083
71.38,0.7720155521162257,-0.1205319466424618,0.014284102975919977,-52.60279817779131
71.4,0.6576347262347619,-0.1420051861990055,-0.10009672290554383,-52.60480011224942
71.42,0.8203766686919749,-0.1309842344140402,0.06264521955166913,-52.60354720785839
71.44,0.7043360605737324,-0.1333619586410814,-0.05339538856657333,-52.60461511562972
71.46000000000001,0.593744982467505,-0.118574593634877,-0.1639864666728008,-52.60789484496318
71.48,0.9003592399270504,-0.1332192990052599,0.1426277907867446,-52.60504228914744
71.5,0.7533121244999639,-0.1241074098372359,-0.004419324640341893,-52.60513067564025
71.52,0.8492333534064468,-0.1826068178015647,0.09150190426614102,-52.60330063755492
71.54,0.6870686443049489,-0.133388823169343,-0.07066280483535692,-52.604713893651635
71.56,0.6078401953412542,-0.1811254162905571,-0.14989125379905155,-52.607711718727614
71.58,0.7668746483700094,-0.1313776558663411,0.009143199229703636,-52.60752885474302
71.60000000000001,0.7688285706032943,-0.1507446352736903,0.01109712146298858,-52.60730691231376
71.62,0.7698910587106793,-0.1084011464048532,0.012159609570373542,-52.607063720122355
71.64,0.7905068923423784,-0.1658049733454617,0.032775443202072596,-52.60640821125831
71.66,0.6218134772227639,-0.1344279217854196,-0.13591797191754185,-52.60912657069666
71.68,0.9373678867145978,-0.1317344720434092,0.17963643757429204,-52.605533841945174
71.7,0.7874483625173473,-0.1571909066152362,0.02971691337704152,-52.604939503677635
71.72,0.8088926357352888,-0.1542524291914523,0.05116118659498303,-52.603916279945736
71.74,0.476038051517048,-0.1931688316862983,-0.2816933976232578,-52.6095501478982
71.76,0.5101413964120939,-0.1646805693050368,-0.24759005272821188,-52.614501948952764
71.78,0.5748311174741128,-0.1471819743764283,-0.18290033166619302,-52.61815995558609
71.8,0.4980333515936378,-0.1920130822865283,-0.25969809754666795,-52.62335391753702
71.82000000000001,0.6605330977850773,-0.1951321758385459,-0.09719835135522847,-52.62529788456412
71.84,0.7437873075041612,-0.1329221175373659,-0.013944141636144547,-52.62557676739684
71.86,0.7264788603378746,-0.1248849919678191,-0.0312525888024312,-52.62620181917289
71.88,0.7790356030758269,-0.1468820711662946,0.021304153935521097,-52.625775736094184
71.9,0.9955014039848477,-0.1914785734166542,0.2377699548445419,-52.62102033699729
71.92,0.5416186620900763,-0.2041958392548743,-0.21611278705022952,-52.62534259273829
71.94,0.585306974292411,-0.1549016197640418,-0.1724244748478948,-52.628791082235246
71.96000000000001,0.8171904139045645,-0.1427192705869052,0.059458964764258715,-52.62760190293996
71.98,0.6141090512477922,-0.19712807047649,-0.14362239789251352,-52.630474350897806
72.0,0.5213124916388626,-0.1497898193291431,-0.23641895750144315,-52.63520273004784
72.02,0.5778037108247077,-0.1697849964684195,-0.17992773831559805,-52.63880128481415
72.04,0.7090346648277727,-0.1633426991248176,-0.0486967843125331,-52.639775220500404
72.06,0.6884183500913971,-0.1286805489754332,-0.0693130990489087,-52.64116148248138
72.08,0.6794922572893842,-0.1629279817895202,-0.07823919185092154,-52.6427262663184
72.10000000000001,0.7175097083411379,-0.1766081122867602,-0.04022174079916785,-52.64353070113438
72.12,0.7263196635372502,-0.1646002620551621,-0.031411785603055575,-52.644158936846445
72.14,0.5270572300742159,-0.1180288818489617,-0.23067421906608987,-52.64877242122777
72.16,0.5946256230619983,-0.1484606651159372,-0.16310582607830748,-52.65203453774934
72.18,0.7575331808149592,-0.174180350340112,-0.00019826832534652894,-52.65203850311585
72.2,0.715913101740707,-0.1878163669864413,-0.041818347399598776,-52.65287487006384
72.22,0.5112112771182928,-0.1943454139613013,-0.24652017202201293,-52.65780527350428
72.24,0.6497398221030392,-0.16387227974021,-0.10799162703726661,-52.65996510604503
72.26,0.6887026551371359,-0.1676566308808396,-0.06902879400316986,-52.66134568192509
72.28,0.5049118116877938,-0.1648332661415652,-0.252819637452512,-52.66640207467414
72.3,0.3106352328835193,-0.1697277060566623,-0.44709621625678647,-52.675343998999274
72.32000000000001,0.542600862226477,-0.1733961921462652,-0.2151305869138288,-52.67964661073756
72.34,0.7823194584760123,-0.2124117322535902,0.024588009335706484,-52.679154850550844
72.36,0.490229032098622,-0.1832167163505669,-0.26750241704168376,-52.684504898891674
72.38,0.6792427715411767,-0.1509681017374377,-0.07848867759912903,-52.68607467244366
72.4,0.5041664262877752,-0.1889222235624007,-0.2535650228525306,-52.69114597290071
72.42,0.5891235729853115,-0.1673275857671127,-0.16860787615499429,-52.694518130423816
72.44,0.8992465806009349,-0.184704026500658,0.1415151314606291,-52.6916878277946
72.46000000000001,0.7142132517954168,-0.1418484120558208,-0.04351819734488893,-52.6925581917415
72.48,0.865813854519201,-0.2110542232444244,0.10808240537889524,-52.690396543633916
72.5,0.3358390888066018,-0.1852285073739189,-0.421892360333704,-52.69883439084059
72.52,0.6436731969749346,-0.1506337582377192,-0.11405825216537113,-52.701115555883895
72.54,0.7407044998465571,-0.1442016249870643,-0.017026949293748705,-52.70145609486977
72.56,0.6854450282991996,-0.1741607149867494,-0.07228642084110615,-52.70290182328659
72.58,0.6472684538182292,-0.1578851607977291,-0.1104629953220766,-52.70511108319303
72.60000000000001,0.5312405914195382,-0.1539746210450865,-0.2264908577207676,-52.70964090034745
72.62,0.8019375539504396,-0.160951731200396,0.04420610481013387,-52.70875677825125
72.64,0.5707558453945394,-0.1777974835368065,-0.18697560374576638,-52.712496290326165
72.66,0.8337512987127029,-0.1697237629689325,0.07601984957239716,-52.71097589333472
72.68,0.6426179470736457,-0.1780968890209952,-0.11511350206666005,-52.71327816337605
72.7,0.7727388198144883,-0.1670796986099163,0.015007370674182563,-52.71297801596257
72.72,0.4944630495970106,-0.2007210674768193,-0.2632683995432952,-52.718243383953435
72.74,0.6370704068101959,-0.1944877540890744,-0.12066104233010988,-52.720656604800034
72.76,0.7247655116051026,-0.1610477913697499,-0.03296593753520316,-52.72131592355074
72.78,0.5179205555503738,-0.1983139996741215,-0.23981089358993202,-52.72611214142254
72.8,0.4842069008955357,-0.2333552684213478,-0.27352454824477007,-52.731582632387436
72.82000000000001,0.5458859245522727,-0.1466554321503799,-0.21184552458803307,-52.7358195428792
72.84,0.5493240450705179,-0.1569857038262595,-0.20840740406978786,-52.7399876909606
72.86,0.8301624097010034,-0.181182174266687,0.07243096056069764,-52.738539071749386
72.88,0.3467427451280342,-0.1552960190364256,-0.41098870401227156,-52.74675884582963
72.9,0.5305326629056967,-0.2134559166453692,-0.2271987862346091,-52.751302821554326
72.92,0.7976412197618539,-0.1780494843188373,0.0399097706215481,-52.7505046261419
72.94,0.5846465586023225,-0.1917722771740264,-0.17308489053798326,-52.75396632395265
72.96000000000001,0.7734457894934578,-0.1984550963546193,0.015714340353152,-52.75365203714559
72.98,0.6007725598959556,-0.198466150217772,-0.1569588892443502,-52.75679121493048
73.0,0.5448829874651953,-0.1647711055693411,-0.2128484616751105,-52.76104818416398
73.02,0.8130999078323925,-0.1819604159912376,0.05536845869208673,-52.75994081499014
73.04,0.6718684541255351,-0.2131217133357436,-0.08586299501477068,-52.761658074890434
73.06,0.5857857692669299,-0.1770875479880592,-0.17194567987337583,-52.7650969884879
73.08,0.4480602618379462,-0.1765227551601989,-0.30967118730235954,-52.771290412233945
73.10000000000001,0.5605858719462192,-0.209003148724124,-0.19714557719408654,-52.775233323777826
73.12,0.4989077841543051,-0.1848243017226623,-0.2588236649860007,-52.780409797077546
73.14,0.4576849842832931,-0.2096083397178575,-0.3000464648570127,-52.78641072637468
73.16,0.7136982152249184,-0.184881420700156,-0.04403323391538738,-52.78729139105299
73.18,0.4485887264753389,-0.222871350004668,-0.3091427226649669,-52.79347424550629
73.2,0.4228118610479808,-0.182373534068892,-0.33491958809232497,-52.80017263726813
73.22,0.7171700507810251,-0.2249033579029185,-0.04056139835928063,-52.80098386523532
73.24,0.5692719077503232,-0.1565584441862457,-0.18845954138998255,-52.80475305606311
73.26,0.3345680751215535,-0.2301587351879689,-0.42316337401875226,-52.81321632354349
73.28,0.625373999747718,-0.1989614677491452,-0.13235744939258776,-52.81586347253135
73.3,0.454727538117223,-0.211269818042562,-0.3030039110230828,-52.821923550751805
73.32000000000001,0.5567386892994097,-0.1996014388055197,-0.20099275984089604,-52.82594340594863
73.34,0.624991244422706,-0.183522891121887,-0.13274020471759973,-52.828598210042976
73.36,0.7882927056532677,-0.1656227746153678,0.030561256512961932,-52.82798698491272
73.38,0.6387403446849803,-0.1596287755930638,-0.11899110445532546,-52.83036680700182
73.4,0.4191315690051426,-0.1769010300342945,-0.3385998801351632,-52.83713880460453
73.42,0.7164853993457821,-0.2091523708899648,-0.04124604979452362,-52.83796372560042
73.44,0.4831885339557378,-0.2252307721410114,-0.27454291518456797,-52.843454583904105
73.46000000000001,0.4270419877634448,-0.1627244783298426,-0.33068946137686095,-52.85006837313165
73.48,0.6186631086136155,-0.140697918699117,-0.13906834052669026,-52.85284973994218
73.5,0.596685953713996,-0.2622982375858189,-0.16104549542630975,-52.85607064985071
73.52,0.3788360157211881,-0.2141949344220793,-0.3788954334191177,-52.86364855851909
73.54,0.6407658380351829,-0.1737206262864592,-0.11696561110512282,-52.86598787074119
73.56,0.5254331634856103,-0.2282169903920372,-0.23229828565469546,-52.87063383645429
73.58,0.7640274864007401,-0.1978115169713318,0.006296037260434373,-52.870507915709084
73.60000000000001,0.3654242846180752,-0.2318071822018197,-0.3923071645222306,-52.878354058999534
73.62,0.4639242004317048,-0.17498083255525,-0.293807248708601,-52.88423020397371
73.64,0.6737372605497713,-0.2033691723996969,-0.08399418859053442,-52.885910087745515
73.66,0.551258634815458,-0.1462813343230182,-0.20647281432484776,-52.890039544032014
73.68,0.4952257648319065,-0.1954124261357975,-0.26250568430839927,-52.89528965771819
73.7,0.5832022052709873,-0.1957498968512747,-0.17452924386931845,-52.89878024259557
73.72,0.208400417463328,-0.1848208186148549,-0.5493310316769777,-52.90976686322911
73.74,0.5541840047493605,-0.1856637739998031,-0.2035474443909453,-52.913837812116924
73.76,0.4664908123192303,-0.2293327848143477,-0.2912406368210755,-52.91966262485335
73.78,0.3063589467011322,-0.2248996491991896,-0.4513725024391736,-52.928690074902136
73.8,0.587158783449967,-0.201627596051813,-0.1705726656903388,-52.932101528215945
73.82000000000001,0.4691135607527484,-0.1974847996681556,-0.28861788838755736,-52.9378738859837
73.84,0.660108858086604,-0.2550884437519649,-0.09762259105370175,-52.939826337804774
73.86,0.5693880629220939,-0.1855703477205809,-0.1883433862182119,-52.94359320552914
73.88,0.5139851331097768,-0.1815495341899689,-0.243746316030529,-52.94846813184975
73.9,0.509628353475999,-0.199373925495358,-0.24810309566430677,-52.95343019376304
73.92,0.6280577923551602,-0.1959641989005141,-0.12967365678514553,-52.956023666898744
73.94,0.2936405495077768,-0.2136869912673437,-0.464090899632529,-52.965305484891395
73.96000000000001,0.6821415471263396,-0.2096182651488053,-0.0755899020139662,-52.96681728293168
73.98,0.5780263715995997,-0.2344765150024258,-0.17970507754070608,-52.97041138448249
74.0,0.6991898133694878,-0.2158790036078501,-0.058541635770817946,-52.971582217197906
74.02,0.4508554311533263,-0.2133486618522376,-0.30687601798697944,-52.97771973755764
74.04,0.4428073709716401,-0.1754413485047289,-0.3149240781686657,-52.98401821912102
74.06,0.372477701658676,-0.2120815900333177,-0.38525374748162977,-52.99172329407065
74.08,0.5820442372578176,-0.2096226393133011,-0.17568721188248815,-52.995237038308304
74.10000000000001,0.3886445563087943,-0.173093217111876,-0.36908689283151147,-53.00261877616494
74.12,0.5688135379847885,-0.2186901984947738,-0.18891791115551726,-53.006397134388045
74.14,0.5195170904286371,-0.2202244049456076,-0.23821435871166863,-53.01116142156228
74.16,0.4414800007278784,-0.1959367548469441,-0.31625144841242736,-53.01748645053053
74.18,0.4655830760859334,-0.1772295345163697,-0.29214837305437236,-53.02332941799162
74.2,0.5718863779365496,-0.1798969637965857,-0.18584507120375615,-53.027046319415696
74.22,0.4491275174185432,-0.2141365453649022,-0.3086039317217626,-53.03321839805013
74.24,0.5419988873826626,-0.2237093422775966,-0.21573256175764322,-53.03753304928529
74.26,0.2105377615117694,-0.2270227795771335,-0.5471936876285364,-53.04847692303786
74.28,0.3344084182857935,-0.2081311770402396,-0.4233230308545123,-53.056943383654946
74.3,0.3903153587244956,-0.1969516976396492,-0.3674160904158102,-53.06429170546326
74.32000000000001,0.5771454327997465,-0.1406373118968997,-0.18058601634055926,-53.06790342579008
74.34,0.3870329466706778,-0.206033416952181,-0.370698502469628,-53.07531739583947
74.36,0.5244077156347492,-0.2100718566523591,-0.23332373350555657,-53.07998387050958
74.38,0.3860620221475628,-0.226907990996826,-0.37166942699274297,-53.08741725904943
74.4,0.320377796498849,-0.1805435118172211,-0.43735365264145676,-53.09616433210226
74.42,0.4110370479301224,-0.2274135449847269,-0.34669440121018336,-53.10309822012646
74.44,0.4138060904144848,-0.1843292067860954,-0.343925358725821,-53.109976727300975
74.46000000000001,0.5232737103125978,-0.2309885890307716,-0.23445773882770793,-53.11466588207753
74.48,0.5322492172363007,-0.2185106745494514,-0.22548223190400507,-53.11917552671561
74.5,0.5445349695450944,-0.1847964209687861,-0.21319647959521137,-53.12343945630751
74.52,0.6009648637446229,-0.1991906783080695,-0.1567665853956829,-53.126574788015425
74.54,0.4470919354558613,-0.1971601231126292,-0.3106395136844445,-53.13278757828912
74.56,0.2601011535434575,-0.2394194162585989,-0.4976302955968483,-53.14274018420105
74.58,0.2900415398036302,-0.2137353939430108,-0.4676899093366756,-53.15209398238778
74.60000000000001,0.3858407677887552,-0.1902721725084678,-0.37189068135155057,-53.15953179601482
74.62,0.5722028165483971,-0.2134673305070767,-0.18552863259190866,-53.16324236866666
74.64,0.3052482756901292,-0.2215749811825053,-0.4524831734501766,-53.17229203213566
74.66,0.2792628392576542,-0.1936303804254746,-0.47846860988265155,-53.18186140433331
74.68,0.461568686076203,-0.2126172877878959,-0.2961627630641028,-53.1877846595946
74.7,0.3446679664371538,-0.1726982637407943,-0.41306348270315196,-53.19604592924866
74.72,0.5345552186040597,-0.1913116541819811,-0.22317623053624602,-53.20050945385938
74.74,0.3501759681440932,-0.234480443624702,-0.4075554809962126,-53.208660563479306
74.76,0.3803242575349436,-0.2078447432282008,-0.3774071916053622,-53.21620870731142
74.78,0.3936276040942286,-0.1723805098009581,-0.3641038450460772,-53.22349078421234
74.8,0.3775443558124384,-0.2418688882073692,-0.3801870933278674,-53.23109452607889
74.82000000000001,0.3096928881094922,-0.2222659694826599,-0.4480385610308136,-53.24005529729951
74.84,0.2786922377531087,-0.2085570170341666,-0.4790392113871971,-53.24963608152726
74.86,0.4539015097790921,-0.2311928673177398,-0.30382993936121366,-53.25571268031448
74.88,0.3537993311536224,-0.2346068185949633,-0.4039321179866834,-53.263791322674216
74.9,0.3752771058604849,-0.2247258142021992,-0.38245434327982086,-53.271440409539814
74.92,0.2172469122378619,-0.243646328579644,-0.5404845369024438,-53.282250100277864
74.94,0.3751074889320533,-0.1696747075782154,-0.38262396020825246,-53.289902579482025
74.96000000000001,0.4286649744219596,-0.2199184833056778,-0.32906647471834616,-53.2964839089764
74.98,0.4570516671360111,-0.2279186167445234,-0.3006797820042947,-53.30249750461648
75.0,0.6015620507296937,-0.1878044457086386,-0.15616939841061206,-53.30562089258469
75.02,0.3226656372856907,-0.2006046808684534,-0.43506581185461507,-53.314322208821785
75.04,0.363145426608616,-0.2076658201449069,-0.3945860225316898,-53.32221392927242
75.06,0.2299799611269748,-0.222488130974681,-0.5277514880133309,-53.332768959032684
75.08,0.179514434248327,-0.2555632392300681,-0.5782170148919787,-53.34433329933052
75.10000000000001,0.4690921983009268,-0.2339807977031442,-0.28863925083937897,-53.35010608434731
75.12,0.1923449041915656,-0.1992665323309196,-0.5653865449487402,-53.36141381524628
75.14,0.3860311597749178,-0.2360241472200202,-0.37170028936538796,-53.36884782103358
75.16,0.4470366742016415,-0.2190430144010905,-0.31069477493866426,-53.37506171653236
75.18,0.5631433558209102,-0.2262958577397237,-0.19458809331939553,-53.37895347839875
75.2,0.4537943281561099,-0.240276448536779,-0.30393712098419584,-53.38503222081843
75.22,0.4751916193280622,-0.2270950068787733,-0.28253982981224357,-53.39068301741467
75.24,0.4317880860187494,-0.1953737237784536,-0.32594336312155636,-53.3972018846771
75.26,0.4754528617494117,-0.2246344723563744,-0.28227858739089406,-53.40284745642492
75.28,0.2593062643644833,-0.1891519530248407,-0.4984251847758225,-53.41281596012044
75.3,0.6033011901415225,-0.1758458356317737,-0.15443025899878327,-53.415904565300416
75.32000000000001,0.2669351754805433,-0.2426300190502892,-0.49079627365976247,-53.425720490773614
75.34,0.2587470611002162,-0.217289797309201,-0.49898438804008954,-53.43570017853441
75.36,0.4943244965142762,-0.1969514781371908,-0.2634069526260296,-53.44096831758693
75.38,0.6119478188916849,-0.2273201737191908,-0.14578363024862084,-53.4438839901919
75.4,0.4322048011823716,-0.1989027342110071,-0.3255266479579342,-53.45039452315106
75.42,0.4280667580291733,-0.2117506941997641,-0.32966469111113245,-53.45698781697328
75.44,0.2496305036653197,-0.2411951532327263,-0.5081009454749861,-53.46714983588278
75.46000000000001,0.2851390073517357,-0.2098148256297196,-0.4725924417885701,-53.47660168471855
75.48,0.1962610244441143,-0.1944185312291464,-0.5614704246961915,-53.48783109321248
75.5,0.22077799080199,-0.2242215235962042,-0.5369534583383158,-53.498570162379245
75.52,0.5223556047149045,-0.2501284780118259,-0.23537584442540127,-53.503277679267754
75.54,0.1421518335935692,-0.1983071222437399,-0.6155796155467366,-53.5155892715787
75.56,0.4139738495516829,-0.1925160824957718,-0.34375759958862284,-53.52246442357047
75.58,0.4461837438275666,-0.2301838703390936,-0.3115477053127392,-53.52869537767672
75.60000000000001,0.279317783137151,-0.2276940860271805,-0.47841366600315477,-53.53826365099679
75.62,0.3236670465486565,-0.2031072509068971,-0.43406440259164925,-53.54694493904862
75.64,-0.1357047252498487,-0.2063243186284758,-0.8934361743901544,-53.56481366253642
75.66,0.3158748784642147,-0.1746784210859983,-0.4418565706760911,-53.573650793949945
75.68,0.1802104292645214,-0.2336008279474488,-0.5775210198757843,-53.585201214347464
75.7,0.0155196352431691,-0.2333469339150964,-0.7422118138971366,-53.6000454506254
75.72,0.3380582503695457,-0.2002571024073045,-0.4196731987707601,-53.60843891460082
75.74,0.1744591597909013,-0.1929668631126048,-0.5832722893494044,-53.620104360387806
75.76,0.260442138916148,-0.2122859284238598,-0.4972893102241578,-53.630050146592296
75.78,0.267287900254446,-0.2203300844647545,-0.4904435488858598,-53.63985901757001
75.8,0.3522894457527772,-0.1915969672808357,-0.40544200338752856,-53.64796785763776
75.82000000000001,0.2417548821778243,-0.2064024743692212,-0.5159765669624815,-53.658287388977016
75.84,0.2269488182528361,-0.2037974470947626,-0.5307826308874697,-53.66890304159476
75.86,0.2079729471545872,-0.2302288202225522,-0.5497585019857185,-53.67989821163447
75.88,0.2354548267823002,-0.2126252006538506,-0.5222766223580055,-53.69034374408163
75.9,0.3698831173644335,-0.186830295935868,-0.38784833177587225,-53.69810071071715
75.92,0.3599697950144817,-0.1938854379689719,-0.3977616541258241,-53.70605594379966
75.94,0.196199065944627,-0.231999156960752,-0.5615323831956788,-53.717286591463576
75.96000000000001,0.2460584687158545,-0.2371883324798082,-0.5116729804244513,-53.72752005107207
75.98,0.2197235241628951,-0.2576793640673033,-0.5380079249774107,-53.73828020957161
76.0,0.1072671033821226,-0.2233789890016727,-0.6504643457581831,-53.75128949648678
76.02,0.5004199133209379,-0.1971908777532102,-0.25731153581936783,-53.75643572720316
76.04,0.1505209663284359,-0.2604322065903837,-0.6072104828118698,-53.7685799368594
76.06,0.3122403614752855,-0.2322516927245653,-0.44549108766502027,-53.7774897586127
76.08,0.2458562114909944,-0.2447488210693807,-0.5118752376493114,-53.78772726336569
76.10000000000001,0.3552927925505875,-0.2084617579543087,-0.4024386565897183,-53.795776036497486
76.12,-0.0536130898109654,-0.2469932938407739,-0.8113445389512711,-53.81200292727651
76.14,0.3165557243022125,-0.2210682520694414,-0.44117572483809325,-53.82082644177327
76.16,0.2932530866537658,-0.2422699189697115,-0.46447836248653995,-53.830116009023
76.18,-0.0930771777038313,-0.1849270726935467,-0.850808626844137,-53.84713218155989
76.2,0.2542342908759978,-0.2196648830151823,-0.503497158264308,-53.85720212472518
76.22,0.2953602396472979,-0.2523602398457126,-0.46237120949300786,-53.866449548915035
76.24,0.0719608451670046,-0.2295246371170343,-0.6857706039733011,-53.8801649609945
76.26,0.1507870533398263,-0.2008557756652869,-0.6069443958004794,-53.892303848910515
76.28,0.1831638791247673,-0.1849384363874242,-0.5745675700155385,-53.903795200310824
76.3,0.1104462075834053,-0.1813742160768754,-0.6472852415569005,-53.91674090514196
76.32000000000001,0.1631507750157625,-0.2251035084891323,-0.5945806741245433,-53.928632518624454
76.34,0.4198995150362943,-0.2092664530182267,-0.33783193410401147,-53.93538915730653
76.36,0.2730811490519646,-0.1864937099284889,-0.48465030008834115,-53.9450821633083
76.38,0.2289541378863623,-0.2152471151834802,-0.5287773112539434,-53.95565770953338
76.4,0.3007977468610779,-0.1784422063555152,-0.45693370227922786,-53.964796383578964
76.42,0.0955363126604672,-0.1706394316600893,-0.6621951364798385,-53.978040286308556
76.44,0.015501812031007,-0.2242146830770002,-0.7422296371092988,-53.99288487905074
76.46000000000001,0.143807207842262,-0.2008385517240568,-0.6139242412980438,-54.00516336387671
76.48,0.2077131605825132,-0.2313875047671249,-0.5500182885577926,-54.016163729647864
76.5,0.2140780080019989,-0.1885908032387144,-0.5436534411383069,-54.027036798470625
76.52,0.1245641738431694,-0.1990581098536354,-0.6331672752971363,-54.03970014397657
76.54,-0.0395179098338421,-0.2273055210799885,-0.7972493589741478,-54.055645131156055
76.56,0.2231384338322833,-0.2173925663397694,-0.5345930153080225,-54.066336991462215
76.58,0.0646586979663976,-0.1858359218195218,-0.6930727511739082,-54.08019844648569
76.60000000000001,0.0801772415110456,-0.2333973853748493,-0.6775542076292602,-54.093749530638284
76.62,0.2643177250895258,-0.1704034375964452,-0.49341372405078,-54.1036178051193
76.64,0.1620572897265379,-0.2306830859032116,-0.5956741594137679,-54.11553128830757
76.66,0.3562797536102393,-0.2278952105320905,-0.4014516955300665,-54.123560322218175
76.68,0.1428979618791357,-0.1928366379574251,-0.61483348726117,-54.13585699196341
76.7,0.1460008241879066,-0.2287562034606378,-0.6117306249523992,-54.14809160446245
76.72,0.1223724135727412,-0.2001598037353186,-0.6353590355675646,-54.160798785173796
76.74,0.1554725415358007,-0.1964258734511128,-0.6022589076045051,-54.17284396332588
76.76,0.1088317344501214,-0.2247299708854409,-0.6488997146901844,-54.185821957619694
76.78,0.1369372369934661,-0.211321498558271,-0.6207942121468397,-54.19823784186263
76.8,0.0986770738636162,-0.2302366454004475,-0.6590543752766895,-54.21141892936816
76.82000000000001,0.1967856080956511,-0.1941656837610932,-0.5609458410446546,-54.22263784618906
76.84,0.2334089739576884,-0.2355049766721905,-0.5243224751826174,-54.23312429569271
76.86,0.0848656457479318,-0.2127037350154278,-0.672865803392374,-54.246581611760554
76.88,0.0887063503509377,-0.1861489559935982,-0.6690250987893681,-54.259962113736336
76.9,0.1975494526389166,-0.2121320359687626,-0.5601819965013892,-54.27116575366637
76.92,0.330185894747144,-0.2420025640739909,-0.4275455543931618,-54.279716664754226
76.94,0.0413033235138237,-0.1944238663383408,-0.7164281256264821,-54.29404522726675
76.96000000000001,0.1066304414638358,-0.2532051621272996,-0.65110100767647,-54.307067247420285
76.98,0.1629109654654856,-0.206800248382774,-0.5948204836748201,-54.31896365709378
77.0,0.4232410953797824,-0.2273920856980509,-0.3344903537605234,-54.325653464168994
77.02,0.0060307053839388,-0.2013380153359967,-0.751700743756367,-54.34068747904412
77.04,0.3640853700633789,-0.1946021202077232,-0.3936460790769269,-54.348560400625665
77.06,0.2360679116832567,-0.1784662027378432,-0.5216635374570491,-54.358993671374805
77.08,0.1483177137166903,-0.2102454823359263,-0.6094137354236154,-54.371181946083276
77.10000000000001,-0.1060021727266602,-0.1781979291418075,-0.863733621866966,-54.38845661852062
77.12,0.0147205801870114,-0.2028129040867208,-0.7430108689532944,-54.40331683589969
77.14,0.0773824268874413,-0.1926430341416135,-0.6803490222528644,-54.41692381634474
77.16,0.2199214009790572,-0.2500735951595979,-0.5378100481612486,-54.427680017307964
77.18,0.0630752313803893,-0.2109301177509849,-0.6946562177599165,-54.44157314166317
77.2,0.1714206213352876,-0.1721467336050708,-0.5863108278050182,-54.45329935821927
77.22,0.1198267907006638,-0.2131645657773597,-0.637904658439642,-54.46605745138806
77.24,0.0335921567448709,-0.2339989451822936,-0.7241392923954348,-54.480540237235964
77.26,0.1392385276407983,-0.2132596337465858,-0.6184929214995074,-54.49291009566596
77.28,0.1527689011659612,-0.2174507385350267,-0.6049625479743446,-54.50500934662545
77.3,-0.0156478875686901,-0.2209674303739583,-0.7733793367089958,-54.520476933359625
77.32000000000001,0.0964777292475523,-0.2320914496367099,-0.6612537198927535,-54.53370200775748
77.34,0.314706284019773,-0.2270697795833042,-0.44302516512053275,-54.54256251105989
77.36,0.2002514096112447,-0.2326489376232303,-0.5574800395290611,-54.55371211185047
77.38,0.3056026190956925,-0.2491740386203621,-0.4521288300446133,-54.56275468845136
77.4,0.0841952396878403,-0.2114587242937539,-0.6735362094524655,-54.57622541264042
77.42,0.0093551033463378,-0.1849675778135511,-0.748376345793968,-54.591192939556294
77.44,-0.0328061441199567,-0.2526274884556537,-0.7905375932602625,-54.6070036914215
77.46000000000001,-0.0020367949554294,-0.2467190377685644,-0.7597682440957352,-54.62219905630342
77.48,0.3754924123047783,-0.235919516159596,-0.38223903683552746,-54.629843837040134
77.5,-0.0938493106661799,-0.2281527508356276,-0.8515807598064856,-54.64687545223626
77.52,-0.0979251586038275,-0.2321558744853301,-0.8556566077441332,-54.66398858439114
77.54,-0.1558160242196088,-0.2117202406693584,-0.9135474733599146,-54.68225953385835
77.56,0.0520257398036552,-0.2311197779736428,-0.7057057093366506,-54.69637364804508
77.58,0.0483486275933524,-0.2045243918577294,-0.7093828215469533,-54.710561304476016
77.60000000000001,0.0237489876579828,-0.2307427396674168,-0.7339824614823229,-54.72524095370567
77.62,0.0880102086413273,-0.298754228276632,-0.6697212404989785,-54.738635378515646
77.64,0.048236031628777,-0.1854224874303496,-0.7094954175115288,-54.75282528686587
77.66,-0.1032991063253487,-0.205503615648826,-0.8610305554656544,-54.77004589797518
77.68,0.0114784095904412,-0.3025729651379664,-0.7462530395498645,-54.78497095876619
77.7,0.1985130194508341,-0.2241976785679187,-0.5592184296894717,-54.796155327359976
77.72,-0.0550830488826565,-0.2023475218386737,-0.8128144980229622,-54.812411617320436
77.74,0.126525011039327,-0.2223173916243745,-0.6312064381009788,-54.825035746082456
77.76,-0.0071552023991677,-0.1948650008789038,-0.7648866515394734,-54.840333479113255
77.78,0.1153225915969388,-0.2126511766344952,-0.642408857543367,-54.85318165626412
77.8,0.0431586333808865,-0.2773587185348497,-0.7145728157594192,-54.867473112579304
77.82000000000001,-0.0238101582311077,-0.2795589411944428,-0.7815416073714134,-54.88310394472674
77.84,-0.0179068864088039,-0.1904286788012042,-0.7756383355491097,-54.89861671143772
77.86,0.0470918676365266,-0.1745142345775579,-0.7106395815037791,-54.91282950306779
77.88,0.0564040259674314,-0.2345919563576614,-0.7013274231728743,-54.926856051531246
77.9,0.1439889332119656,-0.2069213429291268,-0.6137425159283402,-54.93913090184982
77.92,-0.1896147359588985,-0.2157641876431138,-0.9473461850992042,-54.958077825551804
77.94,0.0076104895095586,-0.223401166626248,-0.7501209596307472,-54.973080244744416
77.96000000000001,0.0020160807388118,-0.2352209293953187,-0.755715368401494,-54.98819455211245
77.98,0.012667613831595,-0.2122332983128704,-0.7450638353087108,-55.00309582881862
78.0,-0.119813243932659,-0.2365319304511402,-0.8775446930729648,-55.02064672268008
78.02,-0.1195716671338132,-0.2207459666369572,-0.8773031162741189,-55.038192785005556
78.04,0.0548810665473818,-0.2433392400436664,-0.702850382592924,-55.05224979265742
78.06,0.0219362129284829,-0.260971579222231,-0.7357952362118229,-55.066965697381654
78.08,0.1138022657435507,-0.2144168866245051,-0.6439291833967551,-55.07984428104959
78.10000000000001,-0.3044694928953703,-0.2218710692952056,-1.062200942035676,-55.101088299890314
78.12,0.1387629946316595,-0.2039735133212261,-0.6189684545086462,-55.11346766898048
78.14,0.0033513100353344,-0.2106796019184943,-0.7543801391049714,-55.12855527176258
78.16,0.0629633616203281,-0.2125536805208961,-0.6947680875199777,-55.14245063351298
78.18,0.1310061993671013,-0.227372426237746,-0.6267252497732044,-55.15498513850845
78.2,0.0945983371214589,-0.2233535537292195,-0.6631331120188468,-55.16824780074882
78.22,-0.0524228118151721,-0.2027261736389795,-0.8101542609554778,-55.18445088596793
78.24,-0.0606330256001791,-0.2363836716517586,-0.8183644747404849,-55.200818175462736
78.26,0.023613714942651,-0.2007772055497997,-0.7341177341976548,-55.2155005301467
78.28,-0.0001006153584421,-0.2083445873309074,-0.7578320644987478,-55.23065717143667
78.3,0.1050763665787783,-0.2259540878214406,-0.6526550825615275,-55.2437102730879
78.32000000000001,-0.3313010920548752,-0.2280420244785325,-1.089032541195181,-55.26549092391181
78.34,-0.0079665915742627,-0.2158471915658785,-0.7656980407145685,-55.2808048847261
78.36,0.1619043946503572,-0.2291852163197302,-0.5958270544899485,-55.2927214258159
78.38,0.0579936814638335,-0.2005680996168724,-0.6997377676764722,-55.30671618116943
78.4,-0.0100621038928495,-0.1953858179346982,-0.7677935530331552,-55.3220720522301
78.42,0.0849937587843555,-0.2022517966468323,-0.6727376903559503,-55.335526806037215
78.44,-0.180134314130974,-0.2008210409355345,-0.9378657632712798,-55.35428412130264
78.46000000000001,-0.0393313273168244,-0.2522984313012947,-0.7970627764571302,-55.37022537683179
78.48,0.0249776165213095,-0.1763741558329941,-0.7327538326189963,-55.384880453484165
78.5,0.104471132535759,-0.1815305013494428,-0.6532603166045468,-55.39794565981625
78.52,-0.0727758770462347,-0.2079355841654682,-0.8305073261865404,-55.414555806339976
78.54,-0.0939557414240529,-0.221000364150168,-0.8516871905643587,-55.43158955015127
78.56,-0.0997630508203176,-0.2435699155264363,-0.8574944999606233,-55.44873944015048
78.58,-0.0489328458524979,-0.2137202359965875,-0.8066642949928037,-55.46487272605034
78.60000000000001,-0.1774869693537135,-0.2123895641795562,-0.9352184184940193,-55.48357709442023
78.62,-0.0062043839077039,-0.2056463344637319,-0.7639358330480097,-55.498855811081185
78.64,0.025541627987465,-0.2060290884032783,-0.7321898211528408,-55.51349960750424
78.66,0.085954829695952,-0.2451829833766607,-0.6717766194443537,-55.52693513989312
78.68,0.1206713774384073,-0.2006307446100518,-0.6370600717018985,-55.539676341327166
78.7,-0.218399823682822,-0.2294022200287623,-0.9761312728231277,-55.559198966783626
78.72,0.0309522304825985,-0.2110902920401925,-0.7267792186577072,-55.573734551156775
78.74,-0.1863498320985778,-0.2233266552089978,-0.9440812812388836,-55.59261617678155
78.76,-0.17340016409432,-0.2243827016288762,-0.9311316132346258,-55.61123880904625
78.78,0.0011795885371614,-0.2305684682460775,-0.7565518606031444,-55.62636984625831
78.8,-0.1004695259157105,-0.2172106222942828,-0.8582009750560162,-55.64353386575942
78.82000000000001,0.0952452523436497,-0.231555661641818,-0.6624861967966561,-55.656783589695365
78.84,-0.1209628705223789,-0.201915436465571,-0.8786943196626846,-55.674357476088616
78.86,0.0372630635543968,-0.1740465307417632,-0.720468385585909,-55.68876684380033
78.88,-0.0234939333628921,-0.189423350377412,-0.7812253825031978,-55.70439135145039
78.9,0.0847945659087823,-0.1925398571447004,-0.6729368832315235,-55.717850089115025
78.92,-0.061424307196054,-0.2274053453020699,-0.8191557563363597,-55.73423320424175
78.94,-0.0702422558612383,-0.20670236923921,-0.8279737050015441,-55.750792678341774
78.96000000000001,-0.2063205393368007,-0.1868167495556362,-0.9640519884771065,-55.77007371811133
78.98,-0.1513703191277315,-0.203945199943511,-0.9091017682680372,-55.78825575347668
79.0,-0.1290538328005758,-0.2052805610340636,-0.8867852819408816,-55.805991459115496
79.02,-0.2963062250892559,-0.2044546217682445,-1.0540376742295616,-55.827072212600086
79.04,-0.1415431165093943,-0.2092399775987993,-0.8992745656497001,-55.84505770391309
79.06,-0.202903752391353,-0.2308601991296769,-0.9606352015316588,-55.86427040794372
79.08,-0.1107140124342032,-0.2293691375761576,-0.868445461574509,-55.88163931717521
79.10000000000001,-0.1409334392758582,-0.1659139919898185,-0.898664888416164,-55.89961261494354
79.12,0.1458918601679632,-0.2125321444996041,-0.6118395889723426,-55.911849406722986
79.14,-0.2413469421308304,-0.2216319552948736,-0.9990783912711362,-55.931830974548404
79.16,-0.2770299639447276,-0.2426475299599939,-1.0347614130850333,-55.9525262028101
79.18,-0.3014696157159102,-0.1812659047888227,-1.059201064856216,-55.973710224107236
79.2,-0.1396102767636785,-0.1990093745837285,-0.8973417259039842,-55.991657058625314
79.22,-0.033347285603863,-0.2025527910690558,-0.7910787347441688,-56.0074786333202
79.24,-0.0717352801585026,-0.2141477845756179,-0.8294667292988084,-56.02406796790617
79.26,-0.0769249976807894,-0.2234434976639131,-0.8346564468210952,-56.0407610968426
79.28,0.1761573300012232,-0.2017625036806198,-0.5815741191390826,-56.05239257922538
79.3,0.0640175996198915,-0.2585107391784143,-0.6937138495204143,-56.06626685621579
79.32000000000001,0.0741253184171972,-0.2103017474860166,-0.6836061307231086,-56.079938978830256
79.34,-0.098363532447128,-0.200277275027284,-0.8560949815874338,-56.097060878462
79.36,-0.0820491471145929,-0.2227261322848227,-0.8397805962548986,-56.1138564903871
79.38,0.0576758306069155,-0.2240024840749218,-0.7000556185333903,-56.127857602757764
79.4,-0.1882379732803741,-0.2322362713171566,-0.9459694224206798,-56.14677699120619
79.42,-0.079085733296074,-0.2091703221497008,-0.8368171824363798,-56.16351333485491
79.44,-0.3715445090467127,-0.1983776590418518,-1.1292759581870184,-56.186098854018645
79.46000000000001,-0.3275512132128658,-0.1753196347280952,-1.0852826623531715,-56.20780450726572
79.48,-0.1786162816451348,-0.1732798045350174,-0.9363477307854405,-56.22653146188143
79.5,-0.0252754376497043,-0.1829003348898923,-0.7830068867900101,-56.24219159961723
79.52,-0.2958870954978985,-0.2025113416944317,-1.0536185446382043,-56.26326397050999
79.54,-0.059239894340597,-0.2233328254639447,-0.8169713434809027,-56.27960339737962
79.56,-0.084626029541268,-0.1917429542921812,-0.8423574786815737,-56.296450546953245
79.58,-0.2581935585241001,-0.2046650576829278,-1.0159250076644057,-56.31676904710653
79.60000000000001,-0.1544564555480147,-0.1890221226387734,-0.9121879046883205,-56.33501280520031
79.62,0.0014872306124376,-0.1581869541902874,-0.7562442185278682,-56.350137689570865
79.64,0.06757420310899,-0.2000324398449908,-0.6901572460313158,-56.36394083449149
79.66,-0.0844355929995105,-0.2308467231256502,-0.8421670421398163,-56.38078417533428
79.68,-0.0502980325952836,-0.2407110078338385,-0.8080294817355894,-56.396944764969
79.7,-0.3909954481872589,-0.1732009952802229,-1.1487268973275646,-56.419919302915545
79.72,-0.163377423356121,-0.1849503995911221,-0.9211088724964267,-56.43834148036547
79.74,-0.2328819345624073,-0.240828618019929,-0.9906133837027131,-56.45815374803952
79.76,-0.1332618491452724,-0.2028229382335018,-0.8909932982855782,-56.47597361400524
79.78,-0.058970304681964,-0.2399565752791082,-0.8167017538222697,-56.49230764908168
79.8,-0.2957564075890206,-0.2187481884040022,-1.0534878567293264,-56.513377406216264
79.82000000000001,-0.053688631548855,-0.1921252682471296,-0.8114200806891607,-56.52960580783006
79.84,-0.2896104368863297,-0.197030407399528,-1.0473418860266355,-56.55055264555059
79.86,-0.408971005655832,-0.1687004919881793,-1.1667024547961378,-56.573886694646504
79.88,-0.0605009137633077,-0.2372775306110819,-0.8182323629036135,-56.590251341904576
79.9,0.0174521770195305,-0.2585591017424327,-0.7402792721207753,-56.605056927347
79.92,-0.0103789413197644,-0.1592859779233171,-0.7681103904600701,-56.6204191351562
79.94,-0.2402855494640923,-0.1964219981848806,-0.9980169986043981,-56.640379475128285
79.96000000000001,-0.1135679259833709,-0.1939289806310025,-0.8712993751236766,-56.65780546263077
79.98,-0.346381347756569,-0.1946544991190113,-1.1041127968968747,-56.6798877185687
80.0,-0.1614664218595221,-0.2250506508799609,-0.9191978709998279,-56.69827167598869
80.02,-0.0073650422198768,-0.2490785212838412,-0.7650964913601825,-56.713573605815895
80.04,0.0608848782889475,-0.2143074404380854,-0.6968465708513583,-56.72751053723293
80.06,-0.3400952837016623,-0.2291994715741463,-1.097826732841968,-56.74946707188977
80.08,-0.2028228108757704,-0.2416787920886197,-0.9605542600160761,-56.768678157090086
80.10000000000001,-0.1661715872576597,-0.2039967347792706,-0.9239030363979654,-56.78715621781806
80.12,-0.1402603147058464,-0.2219094104408334,-0.8979917638461522,-56.80511605309498
80.14,-0.0804014920401213,-0.1685336990438809,-0.838132941180427,-56.82187871191858
80.16,-0.2854260846605722,-0.1704300343086235,-1.043157533800878,-56.84274186259459
80.18,-0.1545637452493006,-0.1803432298683968,-0.9122951943896064,-56.860987766482396
80.2,-0.3077354378452772,-0.2086045672468516,-1.065466886985583,-56.882297104222104
80.22,0.0613913014407363,-0.1661727850855739,-0.6963401476995694,-56.89622390717609
80.24,-0.4090078299940246,-0.2442160855725807,-1.1667392791343303,-56.91955869275878
80.26,-0.4502986174633263,-0.1567128608124874,-1.208030066603632,-56.94371929409086
80.28,-0.357811003930614,-0.1882938053342908,-1.1155424530709197,-56.966030143152274
80.3,-0.2588910852477906,-0.1987023792322271,-1.0166225343880964,-56.986362593840035
80.32000000000001,-0.181299002601648,-0.1908903787549493,-0.9390304517419538,-57.00514320287488
80.34,-0.1394521354359718,-0.1835983462957456,-0.8971835845762776,-57.0230868745664
80.36,-0.1960380022936921,-0.1819381588958893,-0.9537694514339978,-57.04216226359508
80.38,-0.1530535450790816,-0.1899858630275677,-0.9107849942193873,-57.06037796347947
80.4,-0.1614264542907612,-0.1601319779269802,-0.919157903431067,-57.0787611215481
80.42,-0.4403403687863583,-0.1824761382004595,-1.198071817926664,-57.102722557906624
80.44,-0.3455849607759153,-0.190624286966663,-1.103316409916221,-57.124788886104945
80.46000000000001,-0.1875792390004889,-0.2328296852028946,-0.9453106881407947,-57.14369509986777
80.48,-0.3048953229157542,-0.2281180214568776,-1.06262677205606,-57.164947635308884
80.5,-0.2615448175808488,-0.2018607784466866,-1.0192762667211546,-57.1853331606433
80.52,-0.2154319386407279,-0.1930067298804824,-0.9731633877810337,-57.20479642839892
80.54,-0.1200235026450728,-0.1979529247916421,-0.8777549517853785,-57.22235152743464
80.56,-0.0872625442351367,-0.1980392704877905,-0.8449939933754425,-57.23925140730214
80.58,-0.0978559563187723,-0.1642623925172204,-0.8555874054590781,-57.25636315541132
80.60000000000001,-0.2329759141630547,-0.1584212929857514,-0.9907073633033605,-57.2761773026774
80.62,0.1286590664763047,-0.2110035428436933,-0.629072382664001,-57.28875875033067
80.64,-0.1768227098463248,-0.2390187956285145,-0.9345541589866306,-57.307449833510404
80.66,-0.2252638686968534,-0.1741633240272871,-0.9829953178371591,-57.32710973986714
80.68,-0.2693598796517502,-0.2159194191486985,-1.027091328792056,-57.34765156644299
80.7,-0.1245558433492735,-0.2138714260679346,-0.8822872924895793,-57.36529731229278
80.72,-0.1134417400590893,-0.202534208430492,-0.871173189199395,-57.382720776076766
80.74,-0.2069425537385381,-0.1491019608688398,-0.9646740028788439,-57.402014256134336
80.76,-0.2605598155835593,-0.1533386596431417,-1.018291264723865,-57.42238008142883
80.78,-0.2842818219811031,-0.1790017396617315,-1.0420132711214087,-57.44322034685125
80.8,-0.1105041876630793,-0.1937324328375374,-0.8682356368033851,-57.46058505958731
80.82000000000001,0.0282089573686886,-0.1519665793712834,-0.7295224917716172,-57.47517550942275
80.84,-0.2999793806626613,-0.1669120443385725,-1.057710829802967,-57.4963297260188
80.86,-0.3764955492499028,-0.2148436284452637,-1.1342269983902087,-57.5190142659866
80.88,-0.3282826562447655,-0.1529978283780981,-1.0860141053850714,-57.54073454809429
80.9,-0.1259413458180198,-0.2011699939888031,-0.8836727949583256,-57.55840800399347
80.92,-0.320053761989166,-0.1980866337005427,-1.0777852111294717,-57.579963708216056
80.94,-0.2038580752379164,-0.1900924720435468,-0.9615895243782222,-57.599195498703615
80.96000000000001,-0.0751257234610389,-0.1893713024943136,-0.8328571726013447,-57.61585264215565
80.98,-0.3437917462951657,-0.2136413432872664,-1.1015231954354714,-57.63788310606436
81.0,-0.2438032865443666,-0.1347679901287995,-1.0015347356846724,-57.65791380077805
81.02,-0.2390736341675645,-0.2242232794196938,-0.9968050833078703,-57.6778499024442
81.04,-0.1701689645126824,-0.1862281742931678,-0.9279004136529881,-57.69640791071727
81.06,-0.149289934213481,-0.2190572597330757,-0.9070213833537868,-57.71454833838434
81.08,-0.4393306996309261,-0.1517307457321321,-1.1970621487712318,-57.73848958135976
81.10000000000001,-0.1373275257136825,-0.1937467695329172,-0.8950589748539883,-57.756390760856846
81.12,-0.2994234071978153,-0.1731706507301762,-1.057154856338121,-57.777533857983606
81.14,-0.3953577089347762,-0.198423482548058,-1.153089158075082,-57.8005956411451
81.16,-0.2323587097325765,-0.1970496842814291,-0.9900901588728823,-57.82039744432255
81.18,-0.228953885640332,-0.1949295885147942,-0.9866853347806378,-57.84013115101818
81.2,-0.1186344662809745,-0.1850205703531739,-0.8763659154212803,-57.8576584693266
81.22,-0.332950054699567,-0.1716799892306287,-1.0906815038398727,-57.879472099403394
81.24,-0.098097006187945,-0.179706572369295,-0.8558284553282508,-57.896588668509956
81.26,-0.181738397840419,-0.2071671810031634,-0.9394698469807248,-57.91537806544958
81.28,-0.3024208335475903,-0.1458214807863615,-1.0601522826878962,-57.93658111110334
81.3,-0.2140179297164382,-0.1802125682493479,-0.971749378856744,-57.956016098680465
81.32000000000001,-0.1679495381750152,-0.1887680343235667,-0.925680987315321,-57.97452971842678
81.34,-0.143603409596818,-0.1748251503380778,-0.9013348587371237,-57.99255641560152
81.36,-0.2381800310706291,-0.1763287256561795,-0.9959114802109349,-58.012474645205735
81.38,-0.2313310199093209,-0.1701067273962028,-0.9890624690496267,-58.032255894586726
81.4,-0.110227330044361,-0.1741982123703276,-0.8679587791846668,-58.049615070170425
81.42,-0.1924832335268647,-0.1541807656998208,-0.9502146826671705,-58.068619363823764
81.44,-0.3553005899775195,-0.1902121210175309,-1.1130320391178252,-58.09088000460611
81.46000000000001,-0.3676029998688099,-0.1782900581804627,-1.1253344490091157,-58.11338669358631
81.48,-0.1952645097666528,-0.1718677474503193,-0.9529959589069585,-58.13244661276444
81.5,-0.1982900620459599,-0.1640057156050015,-0.9560215111862657,-58.15156704298816
81.52,-0.2904608056152786,-0.1227795950213148,-1.0481922547555844,-58.17253088808327
81.54,-0.1905829464453028,-0.1724800266920308,-0.9483143955856086,-58.191497175994996
81.56,-0.1799903439029304,-0.1868611508283173,-0.9377217930432362,-58.21025161185586
81.58,-0.3736109774772887,-0.1573549189681884,-1.1313424266175944,-58.23287846038821
81.60000000000001,-0.0358471464859676,-0.1410494378665895,-0.7935785956262734,-58.24875003230074
81.62,-0.3073441286997487,-0.1853212401450563,-1.0650755778400545,-58.27005154385754
81.64,-0.204813446834853,-0.1603290713124377,-0.9625448959751588,-58.28930244177704
81.66,-0.4294795427063874,-0.1775198415909668,-1.187210991846693,-58.31304666161397
81.68,-0.4233927947159604,-0.1299599126531937,-1.1811242438562661,-58.336669146491104
81.7,-0.35861344876049,-0.1572334418644501,-1.1163448979007957,-58.358996044449114
81.72,-0.4334921782036011,-0.1893510471619299,-1.191223627343907,-58.382820516995984
81.74,-0.3591724297269065,-0.1753866484722019,-1.1169038788672123,-58.40515859457332
81.76,-0.254704308249389,-0.1699669378357182,-1.0124357573896947,-58.42540730972112
81.78,-0.3052912089939575,-0.1346666774744148,-1.0630226581342632,-58.446667762883806
81.8,-0.197920420777473,-0.1797593282058664,-0.9556518699177787,-58.465780800282154
81.82000000000001,-0.1890271656016746,-0.1708533571759192,-0.9467586147419804,-58.484715972577
81.84,-0.3079312746129234,-0.1445692911599154,-1.0656627237532292,-58.50602922705206
81.86,-0.3761787965770178,-0.2099602750720395,-1.1339102457173236,-58.5287074319664
81.88,-0.172405634028734,-0.1334744264059728,-0.9301370831690398,-58.54731017362978
81.9,-0.3811492607252685,-0.0852017548365646,-1.1388807098655742,-58.570087787827106
81.92,-0.2320708808062019,-0.1599738779898388,-0.9898023299465076,-58.58988383442603
81.94,-0.2404708780095345,-0.1529734936431726,-0.9982023271498403,-58.60984788096903
81.96000000000001,-0.1658512063147092,-0.1400570509275577,-0.923582655455015,-58.62831953407814
81.98,-0.4294894038127126,-0.1621674129794785,-1.1872208529530184,-58.652063951137194
82.0,-0.1382948857514607,-0.1657834986720363,-0.8960263348917665,-58.66998447783502
82.02,-0.151166173089968,-0.1733029241994583,-0.9088976222302738,-58.688162430279625
82.04,-0.2268920071328076,-0.1412574819125031,-0.9846234562731133,-58.7078548994051
82.06,-0.256471979408347,-0.1880847238441804,-1.0142034285486528,-58.728138967976065
82.08,-0.162335285216178,-0.1621438576810153,-0.9200667343564838,-58.74654030266319
82.10000000000001,-0.5364320029320362,-0.1434463151248428,-1.294163452072342,-58.77242357170465
82.12,-0.1196170282031875,-0.1517717354993329,-0.8773484773434933,-58.78997054125151
82.14,-0.2996082843146024,-0.166831469127344,-1.0573397334549082,-58.811117335920606
82.16,-0.212088125282964,-0.1838543877262708,-0.9698195744232698,-58.83051372740907
82.18,-0.4513492219330315,-0.1554935750102885,-1.2090806710733373,-58.854695340830546
82.2,-0.3167085832729293,-0.1670574771030016,-1.074440032413235,-58.87618414147881
82.22,-0.2299337513906339,-0.1810918762742276,-0.9876652005309396,-58.89593744548942
82.24,-0.4709614196097623,-0.1921751725486987,-1.228692868750068,-58.92051130286442
82.26,-0.1003017866062718,-0.1961953273532062,-0.8580332357465775,-58.93767196757936
82.28,-0.1554924362655622,-0.1760539458384865,-0.913223885405868,-58.95593644528748
82.3,-0.0986085699098807,-0.1844531021559553,-0.8563400190501864,-58.97306324566848
82.32000000000001,-0.1821691146167794,-0.1643462443312316,-0.9399005637570852,-58.99186125694363
82.34,-0.2122501348643575,-0.1766145226908986,-0.9699815840046633,-59.01126088862372
82.36,-0.3068670206062974,-0.1692842288011813,-1.064598469746603,-59.03255285801865
82.38,-0.2350290647714569,-0.1816579639194768,-0.9927605139117627,-59.05240806829688
82.4,-0.2533370309834117,-0.1238852809182417,-1.0110684801237175,-59.07262943789936
82.42,-0.0743783391189465,-0.1829638146042922,-0.8321097882592523,-59.08927163366454
82.44,-0.3825992629066946,-0.1269579857793549,-1.1403307120470003,-59.11207824790547
82.46000000000001,-0.2608571897828062,-0.1513810140438352,-1.018588638923112,-59.13245002068395
82.48,-0.2637124426462987,-0.124228114880697,-1.0214438917866044,-59.152878898519674
82.5,-0.2488788820817125,-0.1931846820965152,-1.0066103312220183,-59.17301110514411
82.52,-0.3387306787149059,-0.1332079525965585,-1.0964621278552116,-59.19494034770121
82.54,-0.1953244812512237,-0.1595871783212588,-0.9530559303915295,-59.21400146630905
82.56,-0.2013681171326072,-0.1723367418124984,-0.9590995662729129,-59.2331834576345
82.58,-0.3898136920887823,-0.1770653729292123,-1.147545141229088,-59.25613436045908
82.60000000000001,-0.4588650512777671,-0.1775651774097692,-1.2165965004180728,-59.28046629046745
82.62,-0.1846846251437048,-0.13683774265238,-0.9424160742840105,-59.29931461195313
82.64,-0.3835641342024625,-0.1426327882470676,-1.1412955833427683,-59.32214052361998
82.66,-0.2228948284605865,-0.1497769954548922,-0.9806262776008923,-59.34175304917199
82.68,-0.2911675840870854,-0.1268721851387966,-1.048899033227391,-59.36273102983655
82.7,-0.2342822988392876,-0.1490853417268272,-0.9920137479795934,-59.382571304796144
82.72,-0.3817131503041756,-0.1625939101321897,-1.1394445994444813,-59.40536019678503
82.74,-0.3647298344532683,-0.151176879412561,-1.122461283593574,-59.4278094224569
82.76,-0.1718856880087584,-0.1940537043073833,-0.9296171371490641,-59.446401765199894
82.78,-0.5508821638603867,-0.1496408198327389,-1.3086136130006925,-59.4725740374599
82.8,-0.1428681015023803,-0.1838989283242051,-0.900599550642686,-59.49058602847275
82.82000000000001,-0.1864658212372127,-0.1424713337156564,-0.9441972703775184,-59.50946997388031
82.84,-0.1644575689163766,-0.1633909368043952,-0.9221890180566824,-59.52791375424144
82.86,-0.3455086792022122,-0.1380999840080015,-1.103240128342518,-59.549978556808284
82.88,-0.3372142775658248,-0.140902334806481,-1.0949457267061304,-59.571877471342404
82.9,-0.3524618763623706,-0.1268453726259171,-1.1101933255026764,-59.59408133785247
82.92,-0.2774827771413824,-0.1592581197113368,-1.0352142262816881,-59.6147856223781
82.94,-0.1183551828459394,-0.1440480529949015,-0.8760866319862451,-59.63230735501782
82.96000000000001,-0.1482057969525208,-0.1342383047612595,-0.9059372460928266,-59.650426099939686
82.98,-0.1658470891368972,-0.1347815666205589,-0.9235785382772029,-59.66889767070523
83.0,-0.3985331443600693,-0.1591542343061357,-1.156264593500375,-59.69202296257523
83.02,-0.0508071353079893,-0.1306375175025307,-0.8085385844482951,-59.70819373426419
83.04,-0.418794467451667,-0.14626873108143,-1.1765259165919728,-59.731724252596045
83.06,-0.1674865286703138,-0.162389843800696,-0.9252179778106195,-59.750228612152256
83.08,-0.2022613732564679,-0.1902588175601167,-0.9599928223967736,-59.76942846860019
83.10000000000001,-0.4029060208713918,-0.1235273863187528,-1.1606374700116975,-59.79264121800043
83.12,-0.3709710594369321,-0.1031113198389032,-1.1287025085772378,-59.815215268171976
83.14,-0.3675677615195745,-0.1624840268365424,-1.1252992106598803,-59.837721252385165
83.16,-0.384185397095273,-0.1634493507110935,-1.1419168462355787,-59.86055958930987
83.18,-0.2232941577064388,-0.1105823666528194,-0.9810256068467446,-59.88018010144682
83.2,-0.1382992686226548,-0.1163155678010943,-0.8960307177629605,-59.89810071580207
83.22,-0.3682849147472108,-0.1152376572805587,-1.1260163638875165,-59.92062104307982
83.24,-0.2181442777004155,-0.1301404583128075,-0.9758757268407212,-59.94013855761663
83.26,-0.3193092688303625,-0.1291421039368963,-1.0770407179706682,-59.961679371976054
83.28,0.0703779451524288,-0.1524360607960614,-0.687353503987877,-59.975426442055806
83.3,-0.0991057077882658,-0.0805697627255234,-0.8568371569285715,-59.99256318519437
83.32000000000001,-0.1486752932953361,-0.1469879840377518,-0.9064067424356419,-60.010691320043094
83.34,-0.1578973047456462,-0.157670208585865,-0.915628753885952,-60.02900389512081
83.36,-0.1514856829954661,-0.1143037489391698,-0.9092171321357718,-60.04718823776352
83.38,-0.3546757195497918,-0.1446290419143107,-1.1124071686900976,-60.069436381137315
83.4,-0.1568623444388863,-0.1472345332092919,-0.9145937935791921,-60.087728257008905
83.42,-0.448983535534234,-0.0980032064236276,-1.2067149846745397,-60.11186255670239
83.44,-0.3959040523619657,-0.1445458404648702,-1.1536355015022715,-60.134935266732434
83.46000000000001,-0.2197979833006334,-0.098545905264592,-0.9775294324409391,-60.15448585538126
83.48,-0.2010516396123906,-0.1227261615614471,-0.9587830887526964,-60.17366151715631
83.5,-0.2699420287170763,-0.1606452437126636,-1.0276734778573822,-60.194214986713455
83.52,-0.1265796708524042,-0.1293995394688162,-0.88431111999271,-60.21190120911331
83.54,-0.3099843473255436,-0.1378858059679424,-1.0677157964658495,-60.23325552504264
83.56,-0.0855469738663874,-0.1368559783222566,-0.8432784230066932,-60.25012109350277
83.58,-0.1947960126167922,-0.1244353423601182,-0.952527461757098,-60.26917164273791
83.60000000000001,-0.1993275038470912,-0.1773356857037678,-0.957058952987397,-60.28831282179767
83.62,-0.328675955280456,-0.1275109335275449,-1.0864074044207617,-60.31004096988608
83.64,-0.38998039711845,-0.1055270924565976,-1.1477118462587557,-60.332995206811255
83.66,-0.1478542589562178,-0.117420598260685,-0.9055857080965235,-60.35110692097318
83.68,-0.2931335365951169,-0.140471996572546,-1.0508649857354226,-60.3721242206879
83.7,-0.4991450493382229,-0.0961500438438107,-1.2568764984785288,-60.397261750657464
83.72,-0.1921037965831921,-0.117511252920055,-0.9498352457234979,-60.41625845557193
83.74,-0.2898982566437665,-0.1107539583130664,-1.0476297057840722,-60.437211049687605
83.76,-0.2424820134324946,-0.1220438815005774,-1.0002134625728003,-60.45721531893907
83.78,-0.2546802275663221,-0.0842058194717315,-1.0124116767066278,-60.477463552473196
83.8,-0.475778455421938,-0.0731117018693046,-1.2335099045622437,-60.50213375056444
83.82000000000001,-0.2307775965244704,-0.1674780661226251,-0.9885090456647762,-60.521903931477745
83.84,-0.1231354739482003,-0.1575194425532932,-0.8808669230885061,-60.53952126993951
83.86,-0.2953586016297113,-0.1283830754095604,-1.0530900507700172,-60.56058307095491
83.88,-0.1097555862131406,-0.1352041500761165,-0.8674870353534464,-60.57793281166198
83.9,-0.2305290935924404,-0.0812616164934127,-0.9882605427327462,-60.597698022516646
83.92,-0.2020290314457997,-0.1236509986686351,-0.9597604805861055,-60.61689323212836
83.94,-0.1845161042169282,-0.1259126411711526,-0.942247553357234,-60.6357381831955
83.96000000000001,-0.2805810004620792,-0.1611567945467313,-1.038312449602385,-60.65650443218756
83.98,0.0380690204355024,-0.1170046822628439,-0.7196624287048033,-60.670897680761655
84.0,-0.1652902387515143,-0.1015101150433861,-0.92302168789182,-60.689358114519486
84.02,-0.2863030040996978,-0.0996468436287224,-1.0440344532400037,-60.71023880358428
84.04,-0.148349001100884,-0.1488185535241331,-0.9060804502411898,-60.72836041258912
84.06,-0.1856553433469487,-0.1127320144213156,-0.9433867924872544,-60.74722814843886
84.08,-0.2136595519337789,-0.0729131785211106,-0.9713910010740847,-60.766655968460334
84.10000000000001,-0.2152779341723673,-0.0781464768388361,-0.9730093833126731,-60.786116156126596
84.12,-0.1441162398637701,-0.0955389396008874,-0.9018476890040759,-60.80415310990667
84.14,-0.3755068503064227,-0.0914178843718425,-1.1332382994467285,-60.8268178758956
84.16,-0.3063850137370106,-0.1427958392437071,-1.0641164628773163,-60.848100205153145
84.18,-0.3717681824416329,-0.1418767950486937,-1.1294996315819388,-60.870690197784796
84.2,-0.3740879000115729,-0.1223897334050205,-1.1318193491518787,-60.89332658476783
84.22,-0.5113572839145006,-0.1372708869846756,-1.2690887330548064,-60.91870835942892
84.24,-0.2478331463731482,-0.1603837953492295,-1.005564595513454,-60.93881965133919
84.26,-0.2714465724152166,-0.1195000253816374,-1.0291780215555224,-60.95940321177031
84.28,-0.3464182201705454,-0.0858313668244015,-1.1041496693108512,-60.98148620515652
84.3,-0.2588777782602629,-0.0999330331708725,-1.0166092274005687,-61.00181838970453
84.32000000000001,-0.0262964193220188,-0.1136481351489917,-0.7840278684623245,-61.01749894707379
84.34,-0.1145891135861714,-0.089880885280777,-0.8723205627264772,-61.034945358328315
84.36,-0.4787182035180798,-0.1101615176424583,-1.2364496526583855,-61.059674351381474
84.38,-0.2451904070273853,-0.130599440356869,-1.0029218561676911,-61.07973278850483
84.4,-0.0719188080473718,-0.0957710715168236,-0.8296502571876776,-61.09632579364859
84.42,-0.2045966333127334,-0.1092115798751094,-0.9623280824530391,-61.115572355297644
84.44,-0.1796588979097682,-0.0976991255069442,-0.937390347050074,-61.134320162238645
84.46000000000001,-0.1835320197629068,-0.1076966624399505,-0.9412634689032126,-61.15314543161672
84.48,-0.3260283738664296,-0.1393197487051218,-1.0837598230067353,-61.17482062807685
84.5,-0.1308585610345281,-0.0902481052224039,-0.8885900101748339,-61.19259242828034
84.52,-0.0858679818541888,-0.1341320172827662,-0.8435994309944945,-61.20946441690023
84.54,-0.2634403147808231,-0.0912424984079276,-1.0211717639211288,-61.22988785217866
84.56,-0.1743760570440542,-0.1033222859621927,-0.93210750618436,-61.248530002302346
84.58,-0.2716731044863861,-0.1161180825407994,-1.0294045536266918,-61.26911809337488
84.60000000000001,-0.1495003863891069,-0.1025524215247797,-0.9072318355294127,-61.28726273008547
84.62,-0.0226498931542347,-0.0970790968995792,-0.7803813422945405,-61.30287035693136
84.64,-0.0565586565355164,-0.1070636132010234,-0.8142901056758222,-61.31915615904487
84.66,-0.3968080875784631,-0.1117735522741697,-1.1545395367187687,-61.342246949779245
84.68,-0.2838347808753297,-0.0866996100897158,-1.0415662300156354,-61.36307827437957
84.7,-0.2559270525544277,-0.1257358986348001,-1.0136585016947335,-61.38335144441346
84.72,-0.1011229163319406,-0.1621836698451616,-0.8588543654722464,-61.4005285317229
84.74,-0.1999630056561109,-0.1158984374089928,-0.9576944547964167,-61.41968242081882
84.76,-0.1887146997221557,-0.0883420507402329,-0.9464461488624615,-61.43861134379608
84.78,-0.3226581355049892,-0.0714836531088978,-1.0803895846452949,-61.460219135488984
84.8,-0.0208758045425489,-0.0814597358333621,-0.7786072536828547,-61.47579128056264
84.82000000000001,-0.1349025809086868,-0.0784281165109767,-0.8926340300489926,-61.49364396116363
84.84,-0.3954684836984887,-0.0687540418770532,-1.1531999328387945,-61.5167079598204
84.86,-0.0318675383662051,-0.1316890942982414,-0.7895989875065109,-61.53249993957053
84.88,-0.3057651921392773,-0.1309457562662258,-1.063496641279583,-61.55376987239612
84.9,-0.1389977781364869,-0.1131422737772024,-0.8967292272767926,-61.57170445694166
84.92,-0.2617435493071806,-0.0764142796302407,-1.0194749984474862,-61.5920939569106
84.94,-0.222914620820139,-0.1102910852171368,-0.9806460699604448,-61.61170687830981
84.96000000000001,0.0061723238767284,-0.0836619996470658,-0.7515591252635774,-61.62673806081509
84.98,-0.197653774688929,-0.1128567681810466,-0.9553852238292347,-61.645845765291675
85.0,-0.1935876054430118,-0.0872409856381377,-0.9513190545833176,-61.66487214638334
85.02,-0.1814579892927968,-0.0890751825939475,-0.9391894384331025,-61.683655935152
85.04,-0.1407221407979324,-0.071050478884381,-0.8984535899382382,-61.70162500695077
85.06,-0.036131601455263,-0.0876046097162032,-0.7938630505955687,-61.71750226796268
85.08,-0.0583965184001148,-0.0766782564799514,-0.8161279675404206,-61.733824827313484
85.10000000000001,-0.1188636589372421,-0.0730396547170613,-0.8765951080775478,-61.75135672947504
85.12,-0.0325127161386545,-0.1292143383082298,-0.7902441652789602,-61.76716161278062
85.14,-0.1518580672930809,-0.0670424863194809,-0.9095895164333867,-61.78535340310928
85.16,-0.0630726166751458,-0.0429011465702127,-0.8208040658154516,-61.80176948442559
85.18,-0.062760377408595,-0.1190721604448419,-0.8204918265489007,-61.81817932095658
85.2,-0.1163542949445547,-0.0993325648782531,-0.8740857440848605,-61.83566103583828
85.22,-0.1305180312918657,-0.0456639012212225,-0.8882494804321714,-61.853426025446915
85.24,-0.0706106269822702,-0.0991644726396486,-0.8283420761225759,-61.86999286696936
85.26,-0.1706140371849805,-0.0764794127038438,-0.9283454863252862,-61.88855977669588
85.28,0.0557438251814012,-0.0946027692566432,-0.7019876239589046,-61.902599529175056
85.3,-0.1139182056792406,-0.0799378469783195,-0.8716496548195464,-61.92003252227144
85.32000000000001,-0.054976985346901,-0.0816953036205136,-0.8127084344872068,-61.9362866909612
85.34,-0.3140516005294202,-0.121272187743165,-1.071783049669726,-61.95772235195459
85.36,-0.0642008009374155,-0.1018193154145639,-0.8219322500777213,-61.97416099695614
85.38,-0.0812031836766358,-0.0699511314979755,-0.8389346328169416,-61.990939689612475
85.4,-0.0848865600656781,-0.1113165632228036,-0.8426180092059838,-62.007792049796606
85.42,0.0775368238773408,-0.0806421510610261,-0.6801946252629649,-62.021395942301865
85.44,-0.0962229442060147,-0.1183064651520193,-0.8539543933463205,-62.03847503016879
85.46000000000001,-0.0742643544490567,-0.0666658488471844,-0.8319958035893624,-62.055114946240586
85.48,-0.0943377385342499,-0.0707648918619437,-0.8520691876745556,-62.07215632999407
85.5,-0.0342502183724792,-0.0871896638598005,-0.791981667512785,-62.087995963344326
85.52,-0.2512914299849905,-0.0690185409026926,-1.0090228791252962,-62.10817642092683
85.54,-0.3139425201880853,0.0026557899047975,-1.071673969328391,-62.12960990031341
85.56,-0.1211594289011698,-0.0931001252695677,-0.8788908780414756,-62.14718771787424
85.58,0.006098768523168,-0.1012643205050513,-0.7516326806171377,-62.162220371486576
85.60000000000001,-0.2738902022356451,-0.1198352658050693,-1.0316216513759509,-62.182852804514106
85.62,-0.089109226569799,-0.0778744301966086,-0.8468406757101048,-62.199789618028305
85.64,-0.1384311432415198,-0.0265134499774306,-0.8961625923818256,-62.21771286987594
85.66,-0.3483125922725503,-0.0939627892573219,-1.106044041412856,-62.23983375070419
85.68,-0.1042955215790389,-0.0727816702080393,-0.8620269707193446,-62.25707429011859
85.7,-0.2154227087522791,-0.0460376190231179,-0.9731541578925849,-62.27653737327643
85.72,-0.3115503551550934,-0.0683648685522928,-1.069281804295399,-62.297923009362336
85.74,0.0968119919386003,-0.0924135947692299,-0.6609194572017054,-62.311141398506365
85.76,-0.15664725946892,-0.094561492931606,-0.9143787086092258,-62.329428972678556
85.78,-0.001424313617432,-0.0776247144352933,-0.7591557627577378,-62.34461208793371
85.8,-0.2025893629919001,-0.0837061484347595,-0.9603208121322059,-62.36381850417635
85.82000000000001,0.0097014702858681,-0.1006761985311818,-0.7480299788544377,-62.378779103753445
85.84,-0.1328278501066422,-0.0714543330320501,-0.890559299246948,-62.39659028973838
85.86,-0.0769031929419938,-0.0646308697604539,-0.8346346420822995,-62.41328298258002
85.88,-0.0364623495507901,-0.0503476763696967,-0.7941937986910959,-62.42916685855384
85.9,-0.1624906723854433,-0.0167561396565598,-0.9202221215257491,-62.447571300984364
85.92,-0.2336953937312353,-0.0811279372070352,-0.991426842871541,-62.46739983784179
85.94,-0.0741470806239557,-0.0303508295733436,-0.8318785297642615,-62.48403740843707
85.96000000000001,-0.1981701701159467,-0.0230192015118966,-0.9559016192562525,-62.503155440822205
85.98,-0.1671332218535438,-0.0570200587388756,-0.9248646709938495,-62.52165273424208
86.0,-0.0429016879057107,-0.0899651591982337,-0.8006331370460165,-62.537665396983
86.02,-0.0957502488314519,-0.0813571170456537,-0.8534816979717577,-62.55473503094243
86.04,-0.1753040736485781,-0.0676701539136153,-0.9330355227888839,-62.57339574139822
86.06,-0.2008202678795835,-0.011168663127428,-0.9585517170198893,-62.59256677573862
86.08,-0.1094770435609994,-0.0451605455054398,-0.8672084927013052,-62.60991094559264
86.10000000000001,0.2350190007280727,-0.0573089480937952,-0.5227124484122331,-62.62036519456089
86.12,-0.2514675233063794,-0.073990440998024,-1.0091989724466852,-62.64054917400982
86.14,-0.1269982162983803,-0.066385373066782,-0.884729665438686,-62.65824376731859
86.16,-0.1436744424416322,-0.0122731692725378,-0.901405891581938,-62.67627188515022
86.18,-0.0787269743284177,-0.0645714667161429,-0.8364584234687235,-62.693001053619604
86.2,-0.0471085195984666,-0.0372555300401789,-0.8048399687387724,-62.709097852994375
86.22,-0.1213947883260538,-0.0830850511890531,-0.8791262374663595,-62.7266803777437
86.24,-0.1322839429063684,-0.0278406969271169,-0.8900153920466742,-62.74448068558463
86.26,0.067794810586181,-0.0326313972803706,-0.6899366385541248,-62.75827941835571
86.28,-0.1140786137568036,-0.0638905927510925,-0.8718100628971094,-62.77571561961365
86.3,-0.0489424822970444,-0.0837135051844231,-0.8066739314373501,-62.791849098242395
86.32000000000001,-0.3320766313279075,-0.0460864221187672,-1.0898080804682133,-62.81364525985177
86.34,-0.249464990255972,-0.0582171893495976,-1.0071964393962778,-62.83378918863969
86.36,-0.0599378677795701,-0.0757269948018189,-0.8176693169198759,-62.850142574978086
86.38,-0.1776117135777213,-0.0525506308041717,-0.9353431627180271,-62.868849438232445
86.4,-0.1041563368080172,0.0083941463300429,-0.8618877859483229,-62.88608719395142
86.42,0.0204865328122541,-0.0495358401945774,-0.7372449163280517,-62.90083209227797
86.44,-0.0022361372125715,-0.0736448338882673,-0.7599675863528773,-62.91603144400503
86.46000000000001,-0.0742455846937713,-0.0267006095902217,-0.8319770338340771,-62.93267098468172
86.48,-0.299017177364579,-0.083554095635013,-1.0567486265048847,-62.95380595721181
86.5,0.0472996466399026,-0.0345262609200156,-0.7104318025004032,-62.96801459326182
86.52,-0.0737766988522741,-0.0279433090469789,-0.8315081479925799,-62.98464475622167
86.54,-0.0751272611020732,-0.0418455818781768,-0.832858710242379,-63.00130193042653
86.56,-0.0328068157186089,-0.0422474717164067,-0.7905382648589147,-63.0171126957237
86.58,-0.0926869273780427,-0.0649650630726173,-0.8504183765183485,-63.03412106325407
86.60000000000001,-0.279424247544834,-0.1043047497239801,-1.0371556966851398,-63.05486417718778
86.62,0.0763742506719372,-0.0175029815146318,-0.6813571984683686,-63.06849132115715
86.64,-0.1700813715424056,-0.0508661542212004,-0.9278128206827114,-63.0870475775708
86.66,-0.2395155543301829,-0.0255964085117282,-0.9972470034704887,-63.10699251764021
86.68,0.0734314541453103,-0.0161031202054193,-0.6842999949949955,-63.120678517540114
86.7,-0.055985367642887,-0.0322292333636278,-0.8137168167831927,-63.136952853875776
86.72,-0.0006479941755064,-0.034213172899491,-0.7583794433158122,-63.15212044274209
86.74,-0.2026301576907348,-0.0699581741139388,-0.9603616068310405,-63.171327674878704
86.76,-0.0021400961913267,-0.0442890047871155,-0.7598715453316325,-63.18652510578534
86.78,0.0274425886246478,-0.048976818049673,-0.730288860515658,-63.201130882995656
86.8,0.204436116687317,-0.0463906391482749,-0.5532953324529888,-63.212196789644715
86.82000000000001,-0.1375882872106121,0.0285147941529722,-0.8953197363509179,-63.23010318437174
86.84,-0.2528181987283815,-0.0709648198517166,-1.0105496478686873,-63.25031417732911
86.86,-0.1875019660736041,-0.0084790463556214,-0.9452334152139099,-63.26921884563338
86.88,-0.1193657877030208,-0.0416985245112274,-0.8770972368433265,-63.286760790370245
86.9,0.2382850797250534,-0.0586243873160511,-0.5194463694152524,-63.29714971775856
86.92,-0.1172489514295989,-0.0426389069508693,-0.8749804005699047,-63.31464932576995
86.94,0.1019471758550169,-0.0584084619688018,-0.6557842732852889,-63.327765011235655
86.96000000000001,0.0249589684418597,-0.0391608648176073,-0.732772480698446,-63.34242046084963
86.98,-0.1553200052727365,-0.0843652000445865,-0.9130514544130423,-63.36068148993789
87.0,0.0249320270836367,-0.0540277495056374,-0.732799422056669,-63.375337478379016
87.02,-0.0736940433436107,-0.021599183508198,-0.8314254924839165,-63.39196598822869
87.04,-0.1463221104125887,-0.0623616348942843,-0.9040535595528945,-63.41004705941976
87.06,0.173282421509067,-0.0440706647897952,-0.5844490276312387,-63.42173603997238
87.08,-0.1459850746351418,-0.0072478015507098,-0.9037165237754475,-63.43981037044789
87.10000000000001,-0.0278510202862861,-0.0034977391236609,-0.7855824694265918,-63.45552201983643
87.12,0.0893187884448972,-0.0288214799557098,-0.6684126606954086,-63.468890273050334
87.14,-0.0773008582278044,-0.0313952822109571,-0.8350323073681102,-63.48559091919769
87.16,0.0687185353479323,-0.0563706364219192,-0.6890129137923735,-63.499371177473535
87.18,-0.0091239430136425,-0.0236674376235807,-0.7668553921539483,-63.51470828531662
87.2,-0.1200992646228093,0.0095568256865893,-0.8778307137631151,-63.53226489959188
87.22,0.2101578276455932,-0.0180365665678688,-0.5475736214947126,-63.543216372021774
87.24,0.0939014424071861,-0.0257514854992,-0.6638300067331196,-63.556492972156434
87.26,0.1773424818173759,-0.0705660879157093,-0.5803889673229299,-63.5681007515029
87.28,0.0973053138018074,-0.036131450530038,-0.6604261353384984,-63.581309274209666
87.3,0.006207852132311,-0.0294271338867286,-0.7515235970079948,-63.59633974614982
87.32000000000001,-0.0360895673485643,-0.0128881494663183,-0.79382101648887,-63.612216166479605
87.34,-0.1911517729854726,-0.0276912234018843,-0.9488832221257784,-63.631193830922115
87.36,-0.0568421744026072,-0.0149782883978428,-0.814573623542913,-63.64748530339297
87.38,0.0696780827540662,-0.0412879149250016,-0.6880533663862396,-63.66124637072069
87.4,-0.0738587424054696,0.0108671172045463,-0.8315901915457754,-63.677878174551616
87.42,-0.0632358689952603,-0.0348755651432604,-0.8209673181355661,-63.694297520914326
87.44,0.0653573045542703,-0.0405444964167621,-0.6923741445860354,-63.708145003806045
87.46000000000001,0.0654026580124853,0.0037154276820762,-0.6923287911278204,-63.72199157962861
87.48,-0.1787892328382954,-0.0145787957323172,-0.9365206819786012,-63.740721993268174
87.5,-0.113525783581823,-0.0079658648885731,-0.8712572327221287,-63.75814713792261
87.52,-0.1159621064286624,0.014929848699068,-0.8736935555689682,-63.77562100903399
87.54,-0.1453853994870529,-0.0043369795233969,-0.9031168486273586,-63.793683346006546
87.56,0.1044484469091242,-0.0541271557699429,-0.6532830022311815,-63.80674900605117
87.58,0.0752190641987063,0.0021149600611675,-0.6825123849415995,-63.82039925375
87.60000000000001,0.1484312142205578,-0.0636372075301714,-0.6093002349197479,-63.8325852584484
87.62,-0.0902514326624603,0.0152855134934666,-0.847982881802766,-63.84954491608445
87.64,-0.0770895632082464,-0.0035839981073374,-0.8348210123485522,-63.86624133633141
87.66,-0.1583644945024507,0.0178717267537836,-0.9160959436427565,-63.88456325520426
87.68,0.2730340735826516,0.0017289018197587,-0.4846973755576542,-63.89425720271542
87.7,0.0100310126406988,-0.0079736239940276,-0.7477004364996069,-63.90921121144541
87.72,-0.1276177643457624,0.0248556542642585,-0.8853492134860682,-63.926918195715125
87.74,-0.1761892958900306,-0.0368513758370784,-0.9339207450303364,-63.94559661061573
87.76,-0.0680661910181217,-0.0273057532804187,-0.8257976401584275,-63.962112563418906
87.78,-0.0611931310604213,-0.0150513557911135,-0.8189245802007271,-63.978491055022914
87.8,0.0653566329299207,0.007941695314894,-0.6923748162103851,-63.99233855134712
87.82000000000001,0.1815772859803522,0.0518941312951022,-0.5761541631599536,-64.00386163461032
87.84,0.0354526047229369,-0.0470337486140528,-0.7222788444173689,-64.01830721149867
87.86,0.0608682268272079,0.0201931385793112,-0.6968632223130978,-64.03224447594492
87.88,-0.0118416054506646,-0.0153899491392481,-0.7695730545909704,-64.04763593703673
87.9,0.1811564707687515,0.0039701405803824,-0.5765749783715542,-64.05916743660417
87.92,0.0593044791606435,-0.0195746894806944,-0.6984269699796622,-64.07313597600375
87.94,-0.0003126707958608,-0.0183466937790808,-0.7580441199361666,-64.08829685840247
87.96000000000001,0.350182252313881,-0.018773948343148,-0.40754919682642476,-64.096447842339
87.98,-0.05770539570411,0.0067914006161517,-0.8154368448444158,-64.11275657923589
88.0,0.1131240994822877,0.0145598100937491,-0.644607349658018,-64.12564872622904
88.02,-0.0566766657116825,-0.0148125802940771,-0.8144081148519883,-64.14193688852608
88.04,0.0400374035107723,-0.0223044569548152,-0.7176940456295334,-64.15629076943867
88.06,-0.0613861328045129,-0.0242968820023755,-0.8191175819448187,-64.17267312107757
88.08,0.1806510334484054,-0.0430831714639993,-0.5770804156919004,-64.1842147293914
88.10000000000001,0.0161927492324167,-0.0068843034697259,-0.7415386999078891,-64.19904550338957
88.12,0.071130510518114,0.0091931689579335,-0.6866009386221917,-64.21277752216201
88.14,0.2015695047929401,0.0162699607743101,-0.5561619443473657,-64.22390076104895
88.16,0.2100780152968612,0.0054011990879852,-0.5476534338434446,-64.23485382972582
88.18,0.103366932432177,0.0273042968520458,-0.6543645167081288,-64.24794112005999
88.2,-0.0667108760216937,0.0104578389662257,-0.8244423251619994,-64.26442996656323
88.22,-0.1703131846104176,0.0393404707907988,-0.9280446337507233,-64.28299085923824
88.24,0.0271308323900071,0.0805364228863086,-0.7306006167502986,-64.29760287157325
88.26,-0.0367679575267661,0.0037042479042916,-0.7944994066670719,-64.3134928597066
88.28,0.1258136973072671,0.0822398863353641,-0.6319177518330387,-64.32613121474326
88.3,-0.1188933514909818,-0.0219049237168763,-0.8766248006312876,-64.34366371075588
88.32000000000001,0.1411663470317271,0.0375071963793956,-0.6165651021085787,-64.35599501279806
88.34,-0.1746568988744777,-0.0131818485702304,-0.9323883480147834,-64.37464277975835
88.36,0.0583178773925266,0.0329106837438815,-0.6994135717477792,-64.3886310511933
88.38,0.2197810774028569,-0.0326268453358563,-0.5379503717374489,-64.39939005862804
88.4,0.0596167322744628,-0.0095335940543716,-0.6981147168658429,-64.41335235296536
88.42,0.0610120468558334,-0.0082191878177804,-0.6967194022844724,-64.42728674101105
88.44,0.2523617196742757,0.0006339127814941,-0.5053697294660301,-64.43739413560036
88.46000000000001,-0.166542545528805,-0.003199741701694,-0.9242739946691108,-64.45587961549374
88.48,0.0832642997259348,0.0050866462596724,-0.674467149414371,-64.46936895848202
88.5,0.2677779030170246,0.0686770459571104,-0.4899535461232812,-64.47916802940449
88.52,-0.0306636811876332,-0.0172267259572766,-0.788395130327939,-64.49493593201105
88.54,0.109982067549146,-0.0039015634817062,-0.6477493815911598,-64.50789091964288
88.56,0.1417538598456866,0.0298815856579801,-0.6159775892946192,-64.52021047142877
88.58,0.1243416418176344,0.0581508563184184,-0.6333898073226714,-64.53287826757521
88.60000000000001,0.1282469149147145,0.0032379747618302,-0.6294845342255913,-64.54546795825974
88.62,0.2691535856734829,0.0108649895762014,-0.48857786346682286,-64.55523951552907
88.64,-0.098650484683577,-0.000510728194678,-0.8563819338238827,-64.57236715420554
88.66,0.18739669147455,-0.0194431435555912,-0.5703347576657558,-64.58377384935885
88.68,0.2544781082992098,0.0750984710170021,-0.503253340841096,-64.59383891617567
88.7,0.2401118337259105,0.0300033161935527,-0.5176196154143953,-64.60419130848396
88.72,0.0812726205662354,0.013594530390194,-0.6764588285740704,-64.61772048505544
88.74,0.0952276279039022,0.014045867276451,-0.6625038212364036,-64.63097056148017
88.76,0.0163575785728482,0.0248086044130823,-0.7413738705674575,-64.64579803889153
88.78,0.1535568097520052,0.0604649259007214,-0.6041746393883005,-64.6578815316793
88.8,0.0961807215304775,0.0106177310659463,-0.6615507276098282,-64.67111254623148
88.82000000000001,0.0564614440497864,0.0678681368021125,-0.7012700050905194,-64.6851379463333
88.84,0.0016690880726396,0.0053406924292731,-0.7560623610676662,-64.70025919355464
88.86,0.0754300919729504,0.0455183465578169,-0.6823013571673554,-64.71390522069798
88.88,0.3689113815025405,-0.009427478473504,-0.3888200676377653,-64.72168162205074
88.9,-0.0024100483810352,-0.0284640108586733,-0.760141497521341,-64.73688445200118
88.92,-0.0615738634864725,0.0438741300921131,-0.8193053126267783,-64.7532705582537
88.94,0.0982385557548639,0.0151499817115048,-0.6594928933854418,-64.7664604161214
88.96000000000001,-0.036035598400085,-0.0059527501007513,-0.7937670475403907,-64.78233575707222
88.98,-0.1701574718488321,0.0236428756337493,-0.9278889209891379,-64.800893535492
89.0,0.0440115721611893,0.0081976585661133,-0.7137198769791164,-64.81516793303157
89.02,-0.0049466093313407,0.0489858205607123,-0.7626780584716465,-64.830421494201
89.04,0.0913774126914487,0.0381748624995245,-0.666354036448857,-64.84374857492999
89.06,0.0838198978373531,0.0122019955549073,-0.6739115513029527,-64.85722680595605
89.08,0.1819759386626586,0.0340321216679645,-0.5757555104776472,-64.86874191616559
89.10000000000001,-0.0622261967824177,0.0425177679429876,-0.8199576459227235,-64.88514106908406
89.12,0.0632212862008766,0.0569978240191115,-0.6945101629394291,-64.89903127234284
89.14,0.0494159432005466,0.0156932079390993,-0.7083155059397592,-64.91319758246163
89.16,0.0602031382318359,0.0255350608893305,-0.6975283109084699,-64.9271481486798
89.18,0.287455502206999,0.0319252632754527,-0.47027594693330677,-64.93655366761848
89.2,0.3022154294424574,0.0274615539627975,-0.4555160196978484,-64.94566398801244
89.22,0.1307341001210773,0.0500358430609749,-0.6269973490192284,-64.95820393499282
89.24,0.1627735799090852,0.0449141818672456,-0.5949578692312205,-64.97010309237744
89.26,0.1951821075172916,0.0821716313918324,-0.5625493416230142,-64.98135407920991
89.28,0.2098013611115352,0.0082320388838068,-0.5479300880287705,-64.99231268097049
89.3,0.2243611472506091,0.0116305009932531,-0.5333703018896967,-65.00298008700828
89.32000000000001,-0.0144195096976087,0.0452888806285019,-0.7721509588379145,-65.01842310618505
89.34,0.1873834807429605,0.0148156890986698,-0.5703479683973453,-65.029830065553
89.36,0.2350577709263321,0.0729470443084469,-0.5226736782139737,-65.04028353911728
89.38,-0.0571108995817437,0.0104652512872744,-0.8148423487220495,-65.05658038609172
89.4,0.1148667045802686,0.0526081878336611,-0.6428647445600372,-65.06943768098293
89.42,-0.0921312639551135,0.0073594627898312,-0.8498627130954193,-65.08643493524484
89.44,-0.1144364931072437,0.0516374018415715,-0.8721679422475495,-65.10387829408978
89.46000000000001,0.0874329144383906,-0.011419392947913,-0.6702985347019151,-65.11728426478383
89.48,0.235291515466871,0.0948002074584666,-0.5224399336734348,-65.1277330634573
89.5,0.2771139820208486,0.0570796941020844,-0.4806174671194572,-65.13734541279969
89.52,0.1544468585617184,0.0530259826191553,-0.6032845905785874,-65.14941110461126
89.54,-0.0047465210503995,0.0914409041939529,-0.7624779701907053,-65.16466066401509
89.56,0.243312772735388,0.0176620959872078,-0.5144186764049178,-65.17494903754319
89.58,0.0638509513039289,0.0212700462379069,-0.6938804978363768,-65.18882664749991
89.60000000000001,0.1318891883694673,0.0899840910689605,-0.6258422607708385,-65.20134349271534
89.62,0.12183878643962,0.0985271426507577,-0.6358926627006858,-65.21406134596936
89.64,0.2880569108104945,0.0267897819355592,-0.46967453832981126,-65.22345483673595
89.66,0.3184210758904771,0.0172167727326753,-0.4393103732498287,-65.23224104420095
89.68,0.2083252859759911,0.07756983688573,-0.5494061631643147,-65.24322916746424
89.7,0.2571193198053744,0.0741625699730328,-0.5006121293349314,-65.25324141005093
89.72,0.1420918875720099,0.01150448062202,-0.6156395615682959,-65.2655542012823
89.74,0.0176696540692226,0.0728580343961232,-0.7400617950710832,-65.28035543718372
89.76,0.134740742192419,0.0470344415713048,-0.6229907069478868,-65.29281525132268
89.78,0.2863662016123287,0.0313685166249343,-0.4713652475279771,-65.30224255627324
89.8,0.130695585211639,0.0801022472056379,-0.6270358639286668,-65.31478327355181
89.82000000000001,0.0940989750835709,0.0632732502642196,-0.6636324740567349,-65.32805592303295
89.84,0.1148266357393316,0.0634530239061153,-0.6429048134009742,-65.34091401930097
89.86,0.0366824714204806,0.0510147767177353,-0.7210489777198251,-65.35533499885535
89.88,0.2553038282748416,0.0499523606387379,-0.5024276208654641,-65.36538355127266
89.9,0.3402250572781212,0.0456383194216552,-0.4175063918621846,-65.3737336791099
89.92,0.0607234033709644,0.1057056798153247,-0.6970080457693414,-65.38767384002529
89.94,0.2250386256610982,0.0689058280069817,-0.5326928234792075,-65.39832769649487
89.96000000000001,-0.0118741035495064,0.0835718028919404,-0.7696055526898121,-65.41371980754867
89.98,0.2755883474636888,0.0804741034643129,-0.48214310167661695,-65.4233626695822
