time_s,accel_mps2_mean_w,steering_deg_mean_w,motor_current_a_mean_w,anomaly_label
0.0,-0.2864546850397816,0.0034216681529601,6.455611916899659,0
0.1,0.42362096497854185,-0.14467178884455262,6.472078294453048,0
0.2,0.6983595020058807,-0.025441003388876116,6.546990118455461,0
0.3,0.590300584193307,0.12478524768414281,6.488984653179552,0
0.4,0.5383865678433502,0.1520199400530413,6.505822536947084,0
0.5,0.33283946436396333,0.2262351880003942,6.545312044678795,0
0.6000000000000001,0.18427965191429405,0.12851230233737207,6.5112001457636834,0
0.7000000000000001,0.19699536977880266,0.1625247068073885,6.479542509903314,0
0.8,0.17169316682540073,0.05275071697574388,6.4475996145629795,0
0.9,0.38378411272996654,0.07226599636442183,6.540704161017217,0
1.0,0.6207850703893708,0.17676225453924932,6.636056720800559,0
1.1,0.4223961845868235,0.22424006765533283,6.655803818531138,0
1.2000000000000002,0.3214400112793756,0.2736825721251524,6.629522417662945,0
1.3,0.40053550670660537,0.1925202587912745,6.6860331983203976,0
1.4,0.3673890324760737,0.2567465913147127,6.629137414529917,0
1.5,0.42579967644559824,0.2432456216871858,6.570293923668785,0
1.6,0.48032693771380297,0.29037312288390343,6.53984696147329,0
1.7000000000000002,0.5798117023373017,0.29891055499720764,6.595445138094246,0
1.8,0.6740249169922472,0.4707431842154023,6.673486295437369,0
1.9,0.31952275056782714,0.4139782603842791,6.6508972686825505,0
2.0,0.2241681562249999,0.37596360407671786,6.568256819319318,0
2.1,0.6103773098349521,0.4234963092080344,6.677456710308411,0
2.2,0.49341857247646576,0.4370280506246302,6.726531670069467,0
2.3000000000000003,0.1930483549150156,0.5501739808341211,6.7857895678183855,0
2.4000000000000004,0.4053838189090982,0.5545813536178307,6.929444481762694,0
2.5,0.6161242750677445,0.5867616152723649,7.0899548418545795,0
2.6,0.6098183274900685,0.7146626491125789,7.138203567668337,0
2.7,0.5152646057815037,0.7165191740465982,7.123361467718908,0
2.8000000000000003,0.4503141910670244,0.6752855169241545,7.096481948994682,0
2.9000000000000004,0.5634864557829891,0.8137942365920118,7.047351734262645,0
3.0,0.350491962393774,0.830674405665462,7.09816721349023,0
3.1,0.2127528372002109,0.9020640630933524,7.033352747157046,0
3.2,0.36546205840607177,1.0016721923708607,7.072144847161409,0
3.3000000000000003,0.6050987917144265,1.0813826119085455,7.001342370296269,0
3.4000000000000004,0.44359490349671676,1.0712347048418842,6.961047617931508,0
3.5,0.23283121863383943,1.1475067043043372,6.846689839664516,0
3.6,0.2831564457983532,1.1389676612421127,6.840254860870995,0
3.7,0.134434753503615,1.1798906844159334,6.914208814783987,0
3.8,0.35160535358367745,1.3291756224721987,7.007655280998208,0
3.9,0.5293316624009445,1.436451176995945,7.107228877868742,0
4.0,0.5578577039917623,1.5756607317521167,7.118698977242633,0
4.1000000000000005,0.3585279228601041,1.4771012563899755,7.12077593972069,0
4.2,0.2420805660795306,1.4704916296271018,7.059046334242249,0
4.3,0.35057093878468104,1.5158891436716049,7.130914461449834,0
4.4,0.38350868202885563,1.6164629987752046,7.148510497234673,0
4.5,0.29691710211045463,1.5861234712649495,7.1909834248056015,0
4.6000000000000005,0.22497122943047104,1.5610946897243638,7.262339410843403,0
4.7,0.3764890777444757,1.5557501054821918,7.21806323403497,0
4.800000000000001,0.11369547264310167,1.468794892692213,7.118794368483653,0
4.9,0.07576178409825707,1.3930498407448968,7.079779256778821,0
5.0,0.30323967231217097,1.3309161425470868,7.136437726401203,0
5.1000000000000005,0.40079987898643427,1.5067347288055213,7.142443473663432,0
5.2,0.3281998347417082,1.4807121982804534,7.2383762556978954,0
5.300000000000001,0.14756701410594758,1.3581058398013945,7.152378407942438,0
5.4,0.029810560337871946,1.5153595089533938,7.1448152132463445,0
5.5,0.014455277080888607,1.5598905083210957,7.187590006671694,0
5.6000000000000005,0.27456232854436247,1.6875379681053424,7.264667229162453,0
5.7,0.2643748289932377,1.7096414027613889,7.251649619060091,0
5.800000000000001,0.36642266554861475,1.7064284693304415,7.309590284702255,0
5.9,0.3506671431659528,1.6839714293375263,7.367601596753737,0
6.0,0.19077130041848187,1.7897984381320722,7.288917279711425,0
6.1000000000000005,0.21960150053139388,1.752255667466359,7.287804216814324,0
6.2,0.3821652913856527,1.7035439271899215,7.26478702079951,0
6.300000000000001,0.3078269919104991,1.7405630383953217,7.345238267192663,0
6.4,0.2836347716437869,1.628075154698541,7.35830935461488,0
6.5,0.3761093576591886,1.7834198929423217,7.351310119448749,0
6.6000000000000005,0.19117558925454095,1.8119907147977856,7.246666754926761,0
6.7,0.24004367840858434,1.9229898738607063,7.2875697937916915,0
6.800000000000001,0.2684224740257261,2.101887578159458,7.332942818958779,0
6.9,0.2641017257657182,2.1564958852346723,7.305595516088422,0
7.0,0.24042276541039084,2.163052884339158,7.34817143210001,0
7.1000000000000005,0.1219251965430439,2.1065657043359045,7.306782703930826,0
7.2,0.05434543237683444,2.1567848333278343,7.2479765505903755,0
7.300000000000001,0.1838609978876533,2.3213281954673834,7.197606655262372,0
7.4,0.18945581691882812,2.3306168892796473,7.193328527954934,0
7.5,0.24663737029176266,2.132065615398276,7.194660228023497,0
7.6,0.32516345499810606,2.0600765214589827,7.260976664174301,0
7.7,0.38439539705034287,2.148828163320933,7.2855763430979055,0
7.800000000000001,0.1942815330676821,2.1645824810082184,7.309086305929651,0
7.9,-0.10299623536213194,2.2224181627249955,7.392132727726209,0
8.0,0.0035186206700861256,2.102291853612205,7.384418160281845,0
8.1,0.07455345898208923,2.248975498106183,7.458023801024898,0
8.200000000000001,0.043774389967625574,2.3991383484600894,7.475058286581041,0
8.3,0.13454850806229,2.4126970638709526,7.5538673490073025,0
8.4,0.15181408281433215,2.453776472856638,7.572160898197771,0
8.5,0.06650583633745172,2.6498600104676626,7.5461432778474915,0
8.6,0.12421587218250493,2.7163251649694304,7.559500633032928,0
8.700000000000001,-0.06459851506446354,2.747039237105061,7.5472419883407,0
8.8,-0.21425308616621566,2.705883196052319,7.562833157899919,0
8.9,0.004713742175571911,2.7898745056060874,7.421736022271141,0
9.0,-0.00866274893759742,2.927621580568388,7.433079237266684,0
9.1,-0.21469920829351796,2.876454171382678,7.454137393983447,0
9.2,-0.06972539274976278,2.8015111211389954,7.521186457663937,0
9.3,-0.02690324582472874,2.7345668261934355,7.53746694571728,0
9.4,0.010987562289958262,2.7326686844697328,7.493586523660755,0
9.5,-0.0757677291954246,2.6946137970853927,7.570606489642292,0
9.6,-0.2484902512575399,2.635869152237464,7.5138793502154,0
9.7,0.013379713888002942,2.541668509497404,7.638832219365321,0
9.8,0.1851965117469919,2.624488927085883,7.541170384274478,0
9.9,0.052891107225529144,2.5672354407694584,7.585380678975104,0
10.0,0.0544097233060795,2.5317099148417403,7.593077814614015,0
10.1,0.11229990353404766,2.5475102439268626,7.570589126046469,0
10.2,-0.040166708108329174,2.6940301569035134,7.561525906086234,0
10.3,-0.13103270467733794,2.806855466967649,7.491716143047453,0
10.4,-0.15867044665276483,2.807448835601236,7.4922928711601156,0
10.5,-0.04263204597457373,2.8866146617250177,7.347822668340994,0
10.6,-0.010036787748564207,2.928933523446759,7.3455280444431565,0
10.7,-0.16892894949788326,2.9499226574728334,7.232995241364743,0
10.8,-0.11435779960366318,2.876616949041149,7.214326992400548,0
10.9,-0.09573719977013243,3.0246599695197296,7.217262326938824,0
11.0,-0.18427880975817776,3.136059686268019,7.157500233156642,0
11.1,0.04057056190957753,3.2230795640273238,7.159276498124072,0
11.2,0.2785837580686801,3.1388831208527495,7.193893961288755,0
11.3,0.09036825897969054,3.0918197147248683,7.24800682273105,0
11.4,0.034424546545747836,3.0228729425635033,7.277641912462814,0
11.5,0.0007455793726791505,2.849124454835794,7.337825306476809,0
11.6,-0.05704741718192459,2.9108123096124014,7.321560946364649,0
11.7,-0.06140114306465403,2.8742556446093865,7.313202341072936,0
11.8,-0.1575530708322402,2.8841651019515,7.366658961679366,0
11.9,-0.20195515171232445,2.725796955892526,7.372794176087001,0
12.0,-0.0714298536091094,2.6898389462669443,7.4360258891126945,0
12.1,-0.09256590687451961,2.74566579505477,7.427125910591887,0
12.2,-0.19787058232293547,2.8504926937455117,7.401465496057574,0
12.3,-0.10061163582212755,2.8183544642076073,7.339132872618437,0
12.4,-0.21472033846010916,2.8864303200031776,7.408790415187747,0
12.5,-0.184853770639516,3.0761183772483287,7.385519039701582,0
12.6,-0.04769055608475074,3.0777327175609606,7.429836748588468,0
12.7,-0.1534884784492808,3.2019392483890003,7.416436977718777,0
12.8,-0.19834116413346295,3.2982765146977675,7.442891234269777,0
12.9,-0.07037755746414984,3.309842606716072,7.370979481366533,0
13.0,-0.20426373347461543,3.2494329411438243,7.293447592614673,0
13.1,-0.30689038764849924,3.2139325374769414,7.231922005885481,0
13.2,-0.24091274558892284,3.1005595097190106,7.196241629835251,0
13.3,-0.2390849027922448,3.161684173128135,7.173731946215895,0
13.4,-0.25503471567570035,3.232046740508249,7.190191206094463,0
13.5,-0.23232946829119835,3.1319291937699356,7.175343194079185,0
13.6,-0.24896334639372508,3.108027051058822,7.173456319094319,0
13.7,-0.09156679721536547,3.1222940988763574,7.191162636157469,0
13.8,0.004305233288626703,3.0511610618847866,7.129463862721257,0
13.9,-0.15596986008396013,3.212497145389505,7.210155738595762,0
14.0,-0.08671497289105055,3.1885322884693443,7.200939281304189,0
14.1,-0.01111542207660855,3.2312562460420424,7.248170767197313,0
14.2,-0.11787252107819537,3.2851707761310633,7.16309537253259,0
14.3,-0.12722881068769737,3.354467820281367,7.191532747234322,0
14.4,-0.11764468343770004,3.278679099567044,7.167999712414944,0
14.5,-0.10555544303203554,3.3687088330270276,7.153392200800441,0
14.6,-0.08798951327089528,3.520788690662364,7.182406284278917,0
14.7,-0.10062891332856712,3.466835668616194,7.186172888025844,0
14.8,-0.12302665249398292,3.4858702215634962,7.183657896898369,0
14.9,-0.02364649750893797,3.404599157975826,7.085844229188136,0
15.0,0.04000336771790743,3.4435922711222595,7.15892692737056,0
15.1,-0.14261028593677788,3.4159613084044587,7.170814002766974,0
15.2,-0.28185846792840297,3.357038385901388,7.262045800075194,0
15.3,-0.08742593459607803,3.2841252542327943,7.313960776096357,0
15.4,0.19838516831544264,3.3918440745847933,7.282757963954735,0
15.5,0.08781239274734862,3.3258378119507777,7.3959561878609446,0
15.6,-0.05261469526776741,3.3565526512042245,7.358896586407108,0
15.7,-0.08318425638113196,3.449982523483862,7.2981267491482855,0
15.8,0.022209999294030502,3.4480613658786616,7.333653276023547,0
15.9,-0.12333691173472316,3.570180766840173,7.4513056216044635,0
16.0,-0.1382515876467028,3.6182843392971753,7.424097786031917,0
16.1,-0.01771927010585612,3.6359593101635204,7.396081461652088,0
16.2,0.09085043144064354,3.6129540107992293,7.354089488434985,0
16.3,-0.0006772220259778416,3.5625147520264258,7.297243413183105,0
16.400000000000002,-0.07894554465926763,3.572467807806517,7.209210745654362,0
16.5,0.20853786120259282,3.6378379213115783,7.21768037176426,0
16.6,0.024849670404426937,3.5216316699463546,7.297924386603308,0
16.7,-0.12634831619792142,3.4975862642917264,7.305856673651623,0
16.8,0.030216389001154864,3.4557242197409246,7.32250041049045,0
16.900000000000002,0.2665437859275269,3.301391917618178,7.234615386539653,0
17.0,-0.03449094546590183,3.3857917815355463,7.271989325278557,0
17.1,-0.08284866270300921,3.3690296884285287,7.267435915560691,0
17.2,-0.04705507729494386,3.440902517316193,7.2561049244741085,0
17.3,-0.1407115940706108,3.5285989663281803,7.215535790600924,0
17.400000000000002,-0.16910001827584337,3.501601994998869,7.242460617416588,0
17.5,-0.3544937328020218,3.4685710497431947,7.111899142230689,0
17.6,0.019795755224477095,3.444692563996017,7.084142351361807,0
17.7,-0.026732407010743066,3.506136948422833,7.125324525501712,0
17.8,-0.3135836525383402,3.5223625719172076,7.077908224079472,0
17.900000000000002,-0.32948114547009383,3.520510218969472,7.03987636429053,0
18.0,-0.106989639817854,3.422054983785446,6.929661105866032,0
18.1,0.07865992102180334,3.3880904614842366,6.96945868184751,0
18.2,0.25543823834129215,3.414196753823736,7.06799560279912,0
18.3,0.17174736391183182,3.3173320926156658,7.156793761166762,0
18.4,-0.03666087563994498,3.220238847798794,7.288211485333545,0
18.5,-0.008607654736243225,3.312703895589433,7.334494569877944,0
18.6,-0.19902806602088102,3.3462643989306775,7.250152784160851,0
18.7,-0.11261685339001075,3.074917795561269,7.2490243233644565,0
18.8,-0.025339562320672488,2.9740394035368083,7.204145944639775,0
18.9,0.2568454388321243,3.050515328209537,7.375661796278324,0
19.0,0.2841174932572478,3.065442122228685,7.451755754551546,0
19.1,-0.021736692915389332,3.1014619812158797,7.461113338857016,0
19.200000000000003,-0.24376029255425996,3.0190446985948287,7.384209897089837,0
19.3,-0.24152186882032006,3.0884997419292497,7.3404883827781635,0
19.4,0.09215371637710704,3.1052640069115482,7.214584464602607,0
19.5,0.14556651059450157,2.9852074883425646,7.224951208799489,0
19.6,0.23773917644619158,2.9071906090260695,7.22483320405396,0
19.700000000000003,0.2561292553868598,2.939988901182398,7.187487347623703,0
19.8,0.09530740210632264,3.0093451485725122,7.300531374933921,0
19.9,-0.23854890201314655,2.955412191485362,7.1509878178786765,0
20.0,-0.34187383015275197,2.9466016274725018,7.126318931111834,0
20.1,-0.1302766436490551,2.913452190737231,7.05577355590396,0
20.200000000000003,0.07853275969462911,2.9315443926681755,7.130292222689974,0
20.3,0.2888952477959007,2.873675738477072,7.178122497905482,0
20.4,0.17251873751697794,3.007113888254756,7.151093149149891,0
20.5,0.04978992007228494,3.059451311808469,7.153636831180141,0
20.6,-0.015998492318113375,3.1570294376963024,7.1235705818945405,0
20.700000000000003,0.004054290206773744,3.2113133829055536,7.122685685767382,0
20.8,0.10996792459376303,3.256811880086442,7.035568325487118,0
20.9,0.015988041249183516,3.1983511883159474,7.119608863419425,0
21.0,0.06955346780269282,3.2018165937901357,7.105551788283944,0
21.1,0.10813101935922573,3.147712526362646,7.158380983357938,0
21.200000000000003,-0.07366973914666851,3.030165650879041,7.066579004759279,0
21.3,-0.002607757217207052,3.025669098237155,7.099837181622573,0
21.4,0.03464727553109935,2.9443194850928447,7.1124337000223345,0
21.5,-0.05948143842798159,2.8259351017825125,7.184034314067375,0
21.6,-0.07695337804143935,2.7245691154346963,7.228731155907198,0
21.700000000000003,0.04524493915476108,2.7853242763247232,7.266498318801237,0
21.8,0.18220148308593476,2.7844299486675492,7.337781669399777,0
21.9,0.3154617014494442,2.776604951048805,7.265677359213188,0
22.0,0.32261237699554035,2.8265705817345674,7.286341294446602,0
22.1,0.28296916687254925,2.893531798615689,7.254781473345275,0
22.200000000000003,0.26158755767629904,3.1121488590879847,7.24514855475559,0
22.3,0.08488509397384626,3.182008763476582,7.122873593859291,0
22.4,0.021885946593076848,3.172027131358926,7.132371043745129,0
22.5,0.1884622372736706,3.1449244014689848,7.029927526289957,0
22.6,0.17939302399819795,3.1680095043074594,7.005511400572253,0
22.700000000000003,0.048723906648450846,3.1741225844408447,6.986154339161063,0
22.8,-0.006375766768644156,3.144720029394599,6.923904366563884,0
22.9,-0.08789669219150076,3.0639068949118484,6.998780265465659,0
23.0,0.09499204018319193,2.9202323411363404,7.077824100410247,0
23.1,0.21526095712102852,2.8710745765096286,7.172296622928926,0
23.200000000000003,0.11731816607603865,2.7223467736720135,7.254405660451473,0
23.3,0.13006032031081974,2.665073548124773,7.279909058018779,0
23.4,0.2936324720983454,2.699779556700049,7.338617400708301,0
23.5,0.3637867452754763,2.725212622202432,7.451285884756587,0
23.6,0.33597424986002433,2.62559034101411,7.5172558408954036,0
23.700000000000003,0.1522052433840821,2.4952407831614534,7.638105464243322,0
23.8,0.1758079972601863,2.469754324414158,7.64237067084138,0
23.9,0.4193827960290021,2.5013971539939397,7.643381932635752,0
24.0,0.26830088838032135,2.4966451446099565,7.591013126187964,0
24.1,0.010904053486768128,2.431219755016625,7.540676811617084,0
24.200000000000003,0.15463329795119649,2.4220544712915393,7.5717700800066225,0
24.3,0.13017116343043195,2.360273862053963,7.58450482119251,0
24.4,0.06946161392640164,2.221858992496731,7.592578722798,0
24.5,-0.0006542945902677066,2.1176305518572374,7.519829065848117,0
24.6,-0.037788923411197536,2.170179629680665,7.5403101322295125,0
24.700000000000003,0.10818005505491839,2.211047348756984,7.469812055746033,0
24.8,0.3545897340514876,2.161203274451986,7.628608380822811,0
24.9,0.3108904845960175,2.1443012670750026,7.653109379499986,0
25.0,0.14356920668399947,1.989668953650306,7.701835976227359,0
25.1,0.1431933040690478,1.9453088548729447,7.716747790333531,0
25.200000000000003,0.23083427377180937,1.8774001863095997,7.687616654737175,0
25.3,0.4011433408778081,1.8173141946312392,7.811116613604511,0
25.4,0.16013867576275312,1.8036224370078444,7.902260987321464,0
25.5,0.17416954940484008,1.8592084973623375,7.930926952502181,0
25.6,0.4156143059248397,1.8350283439856419,7.957421805833539,0
25.700000000000003,0.48976787893745477,1.7065723885508735,7.931759017905483,0
25.8,0.24241151394285473,1.7411752696111145,7.854261618832991,0
25.9,0.14842153743546288,1.8160843265287085,7.822216326856389,0
26.0,0.29276927593288865,1.8719917809085485,7.7937621401178845,0
26.1,0.3844655214064608,1.8160763560643314,7.753139642162736,0
26.200000000000003,0.21779138934196624,1.791671058203498,7.736622019229564,0
26.3,0.21674893008018703,1.7144199927204666,7.676047519818171,0
26.4,0.65804793819722,1.6177262024824668,7.699522141222862,0
26.5,0.5653392673711178,1.6388264257165392,7.739876128929128,0
26.6,0.31627673574116527,1.6512896346147545,7.73521117855293,0
26.700000000000003,0.2359811722904052,1.736264880395834,7.7732737579877496,0
26.8,0.096947700497198,1.575137597755433,7.76245827288952,0
26.9,0.1890971542256321,1.4735607124697596,7.776099640448647,0
27.0,0.45936515829571023,1.582417456891674,7.9245599807150695,0
27.1,0.3537265864373019,1.6279921562479234,7.985962542903695,0
27.200000000000003,0.3567901412540771,1.792699203672695,7.991686215121881,0
27.3,0.3534687188018209,1.8587349847164394,8.080388491841688,0
27.4,0.11964358006759826,1.8073322116082657,7.9540555566193065,0
27.5,0.22014091330925584,1.7297738827598739,7.95800554637516,0
27.6,0.16185322032002736,1.6589820573015346,8.011099891916206,0
27.700000000000003,0.18445947460603987,1.5309262123602054,8.026341955800909,0
27.8,0.43109855579759493,1.572210647931586,8.064076966389209,0
27.9,0.36024668038643637,1.4423506126151642,8.067746288116954,0
28.0,0.10674315762777764,1.3607544152682411,7.914426197962402,0
28.1,0.027896389639674158,1.2882153307469104,8.010422849008183,0
28.200000000000003,0.163332020928582,1.0909324641838052,8.01781306525032,0
28.3,0.09365512278858837,1.0788762321837888,7.983208526902227,0
28.4,0.0818864081532397,1.038540893164125,7.976638673131093,0
28.5,0.04096820496781591,1.0021459228161453,7.990610945645328,0
28.6,0.08569634100627688,0.9186502264672033,7.974684863125107,0
28.700000000000003,0.26022495645745963,0.8959477540425027,8.03435727655957,0
28.8,0.01631467579864552,0.892101477659398,8.020155795989108,0
28.9,-0.01804613591021744,0.9067434418695285,8.022764752828623,0
29.0,0.13129306144879838,0.8731991865312745,8.131358552204636,0
29.1,0.5426979556800843,0.9083880324403484,8.121885376411669,0
29.200000000000003,0.5260200809539138,0.8742753933114434,8.169381346159911,0
29.3,0.22024233665796933,0.6508603715725947,8.228199137590371,0
29.4,0.033204944180734365,0.8443309096955354,8.333076609151789,0
29.5,0.022528505785550542,0.7821495963818401,8.27439738114015,0
29.6,0.2112035681727605,0.7556024130440706,8.218357443157347,0
29.700000000000003,0.21125260769272386,0.7492007995267571,8.196302804687049,0
29.8,0.29599610352020045,0.6881804210640035,8.198587511077495,0
29.9,0.26307418211383005,0.6738460208339185,8.166278511173306,0
30.0,0.2866384799830837,0.659466570831764,8.168364291552525,1
30.1,0.20186286931830383,0.6762443676969646,8.158014354130263,1
30.200000000000003,0.4035726534298112,0.6417226857887133,8.208682679389904,1
30.3,0.8662930829637144,0.7718640034688128,8.20141939660621,1
30.4,1.3238670412409381,0.6332055501665197,8.216882900722233,1
30.5,1.4744042266265567,0.6480077695756187,8.351944254521019,1
30.6,1.689356451688856,0.6496771355785026,8.476578334339171,1
30.700000000000003,1.8136657520566686,0.6810407762060725,8.540966966466756,1
30.8,1.9274263181184157,0.5948413197738601,8.610690549662191,1
30.9,2.121871688479666,0.563687109343824,8.72227428528375,1
31.0,2.0693896904779647,0.5647450631001358,8.738163026710739,1
31.1,2.208191000972978,0.48183712167431114,8.726907559248193,1
31.200000000000003,2.26298519376386,0.43464509038664456,8.764599683550843,1
31.3,2.3208239430796396,0.5272821648487058,8.817547266847688,1
31.4,2.150188131547197,0.48214409830225247,8.899582158722122,1
31.5,2.0959537009474585,0.40783136382985263,8.93975309563259,1
31.6,1.9664342032463715,0.4369321272236931,8.899338498485218,1
31.700000000000003,1.875654612047849,0.25941582846880534,8.835046664483286,1
31.8,1.9190642362776138,0.1753793646587885,8.836298417218007,1
31.9,2.1384466710050654,0.21666386912439575,8.955015993847976,1
32.0,2.226158187856304,0.1038209114159357,8.923967123473862,1
32.1,1.9354868785477144,-0.053307142007322915,9.040573509343476,1
32.2,1.7929783240767834,0.04508358265836572,8.994293676982966,1
32.300000000000004,1.7412613299447628,-0.17924954122323933,8.93507960522754,1
32.4,1.7215275839669737,-0.30425409568217987,8.891082255192325,1
32.5,1.6834761403507517,-0.34210191003569373,8.85134676554741,1
32.6,1.7943415572915402,-0.45670163672717196,8.88577528331787,1
32.7,1.8617144854741177,-0.2809262806916098,8.90897491256065,1
32.800000000000004,2.133976328219581,-0.20719751176774343,8.998058484314505,1
32.9,2.0191627780933077,-0.3093043131682577,8.892870942436952,1
33.0,1.5108179245014035,-0.29860446579823285,8.992613873871035,0
33.1,1.472125584084137,-0.363148944096791,8.787693845967969,0
33.2,1.3452322214993182,-0.5514758368426225,8.72502614810238,0
33.300000000000004,1.1916167041232388,-0.6102942271830402,8.682930240612524,0
33.4,1.1617988673044157,-0.5928555662728404,8.567625486237649,0
33.5,0.9844215139575339,-0.6263243458307658,8.541672168688981,0
33.6,0.5141985876045168,-0.6121816590403615,8.528281912991515,0
33.7,0.29096793151407724,-0.6866555392549865,8.452566258194992,0
33.800000000000004,0.0316575771065841,-0.6951991274951059,8.289298792069795,0
33.9,-0.2340072670534962,-0.7232220497576761,8.185572502833818,0
34.0,-0.03790507235467042,-0.8087896531146163,8.099175392185867,0
34.1,5.1360318013937005e-05,-0.7885793958279258,8.096812241415687,0
34.2,0.00978970535935455,-0.7117369046619755,8.096548013213424,0
34.300000000000004,-0.11873682837737995,-0.5144760056219535,8.038315813798752,0
34.4,-0.28588760243442507,-0.5389184477146249,8.039899343288033,0
34.5,-0.02576017669298558,-0.4709369645069663,8.043983698506727,0
34.6,0.07827609252726539,-0.537689105829064,7.993067279727046,0
34.7,0.0334169905770085,-0.6880124873393622,8.009781347843024,0
34.800000000000004,-0.11639423715793214,-0.7390948435470178,7.999517607751095,0
34.9,-0.4052842042834376,-0.8649900152719681,8.125778559241834,0
35.0,-0.29980862482229104,-0.9373596863121106,8.033897600901092,0
35.1,-0.2813516718785781,-0.9809668629194833,8.033248794174154,0
35.2,-0.44727709576367386,-1.1452905716723518,8.058251663418119,0
35.300000000000004,-0.30981807655683535,-1.3695162841426947,8.060073064161337,0
35.4,-0.18148998851042786,-1.5117254143796077,8.000427956408242,0
35.5,-0.32471398355916664,-1.6273760867530922,7.8898349159505115,0
35.6,-0.3425713127344377,-1.673603494745651,7.886670149756691,0
35.7,-0.35931012663561296,-1.7015777405533115,7.87198661258323,0
35.800000000000004,-0.37893110894844334,-1.8249641184608436,7.809979870887939,0
35.9,-0.09913750489169273,-1.7792729879410534,7.625643325805571,0
36.0,-0.00880585885961147,-1.8074203338448982,7.688013227923366,0
36.1,0.008297040703315814,-1.7922783052416882,7.692370872466617,0
36.2,-0.013183117121443133,-1.8661423664508348,7.693491074814813,0
36.3,-0.2762366188327386,-1.861066985732334,7.769914009462705,0
36.4,-0.3703317066486211,-1.7284703141271742,7.811728093933262,0
36.5,-0.49596359972032555,-1.703814238743624,7.900656362921279,0
36.6,-0.35321294751010723,-1.834598407125225,7.834059692889683,0
36.7,-0.15455733855278664,-1.8980689007122595,7.864092478323459,0
36.8,-0.21504999720399462,-1.8918938886742933,7.933442765704588,0
36.9,-0.24972280770294014,-1.9722589946026374,7.977675882966295,0
37.0,-0.3425002050201694,-1.9216236218710676,7.880888163432441,0
37.1,-0.4797027294061972,-1.9453345727449698,7.920647232958179,0
37.2,-0.49870670631072345,-1.8880904587736826,7.913607195848409,0
37.3,-0.4382454512428028,-1.8683618584013033,7.835841096014072,0
37.4,-0.34350252975517276,-1.8488756312208128,7.805036939313718,0
37.5,-0.34015702453350544,-1.8619375659389372,7.711834928111893,0
37.6,-0.20048121713128958,-1.8413879364560253,7.764060173382805,0
37.7,-0.21516982447950825,-1.8639318028518908,7.767334195378358,0
37.8,-0.20694548219531939,-1.8608020059828174,7.758008011507586,0
37.9,-0.2777802499651366,-1.8231709651544434,7.765684823745779,0
38.0,-0.3977027200547355,-1.921066820153945,7.807002093754329,0
38.1,-0.2753213758031223,-1.9031865092540379,7.714420003998029,0
38.2,-0.07772556483803154,-1.939654241224119,7.667716568589571,0
38.3,-0.06428142894407265,-1.9973377806592143,7.689804396615547,0
38.400000000000006,-0.2580208783836547,-2.1439129258864074,7.735311777524856,0
38.5,-0.18680338288482745,-2.235940913058942,7.7098950049247765,0
38.6,-0.36992253010770715,-2.188671159673649,7.616338539742786,0
38.7,-0.5070815840650119,-2.151510282715336,7.51457039348062,0
38.8,-0.48979168339767504,-2.14155576122566,7.485087454401165,0
38.900000000000006,-0.460026997634906,-2.202271096529581,7.475878051825009,0
39.0,-0.4445011719077498,-2.2215373593564753,7.4327921908520285,0
39.1,-0.4435341429738173,-2.194974055261457,7.420378452629505,0
39.2,-0.520052731373629,-2.1982091991435198,7.363458367985039,0
39.3,-0.48844850039782983,-2.1815487600085803,7.294956603271508,0
39.400000000000006,-0.38171011959412887,-2.103771145758029,7.206835821589183,0
39.5,-0.3868345271585899,-2.2294077746314955,7.207185098454661,0
39.6,-0.40300231584027657,-2.363220138443755,7.201734583633606,0
39.7,-0.5757997270150362,-2.273426578925331,7.278588009347169,0
39.8,-0.5795982399829186,-2.30193188855443,7.231275954588723,0
39.900000000000006,-0.47212981912370894,-2.3457547514560977,7.175386157636508,0
40.0,-0.5126451273951739,-2.322835905416156,7.212156614856456,0
40.1,-0.5453470110983959,-2.3796115536578193,7.207407477957725,0
40.2,-0.43900198774199595,-2.4074109007169326,7.229749452443589,0
40.3,-0.4553579442653396,-2.367796476842804,7.224466196180652,0
40.400000000000006,-0.49582655169776324,-2.4043102480507255,7.254896288519615,0
40.5,-0.4041933799762948,-2.3304758387181472,7.251614437953552,0
40.6,-0.5002148705472355,-2.265295510502581,7.301154840914672,0
40.7,-0.3353366781559336,-2.531426070998225,7.203054594648156,0
40.8,-0.3523432460096545,-2.5988702355724027,7.213999700598739,0
40.900000000000006,-0.41754761174351096,-2.625708086176963,7.195401782216786,0
41.0,-0.17373832834757114,-2.8038018328582064,7.114438366989262,0
41.1,-0.18930068681993234,-2.9080407248830165,7.129636508696839,0
41.2,-0.40566403373540866,-2.849994492418454,7.173509315757303,0
41.3,-0.40222648830734775,-2.953635460795589,7.146703631279459,0
41.400000000000006,-0.23283315322982573,-2.9129702957782966,7.08568759221356,0
41.5,-0.3044732406291681,-2.9877792291663283,7.070706279389401,0
41.6,-0.2815538717128875,-2.9419549512283547,7.028937873366294,0
41.7,-0.2641332420541496,-2.8559205331124717,7.003229501573488,0
41.8,-0.32987715578485466,-2.8564276176054744,7.020439555547158,0
41.900000000000006,-0.5020555580703234,-2.8264163789345584,7.10835815755065,0
42.0,-0.5237717772870906,-2.7051119947984588,7.124495562594689,0
42.1,-0.38969590321131997,-2.5980344643506514,7.12909544626378,0
42.2,-0.36202530619058393,-2.7254648466066036,7.104015093841989,0
42.3,-0.3426082139456337,-2.936648286421672,7.099222468007279,0
42.400000000000006,-0.35672969266893717,-3.137639008573026,7.093138613502504,0
42.5,-0.3070516548219728,-3.1255413790223194,7.045684613540968,0
42.6,-0.2486018835672453,-3.250280860102813,7.00492239611066,0
42.7,-0.4370116386540472,-3.277942565829882,7.083572810002236,0
42.8,-0.3999064279591762,-3.235374900739077,7.022268979815506,0
42.900000000000006,-0.1706060079549854,-3.214587488770186,6.913730579972283,0
43.0,-0.2895009245426563,-3.209075578264131,6.891014691557912,0
43.1,-0.36566999845483866,-3.27043348067267,6.8459749483881,0
43.2,-0.38475675051077873,-3.28936470192061,6.759272674927402,0
43.3,-0.3792719115814322,-3.18128854004401,6.738365625575679,0
43.400000000000006,-0.49814344445360126,-3.1375082083121635,6.734142499049928,0
43.5,-0.46415229015286724,-3.2008884885034887,6.754875768349038,0
43.6,-0.3376866929446126,-3.25856892587325,6.75581553553215,0
43.7,-0.2655673857609374,-3.1855682539599393,6.731676258387121,0
43.8,-0.12137517999717966,-3.148836938422636,6.729813750439236,0
43.900000000000006,-0.14313242498680773,-3.243778626272845,6.737266066053193,0
44.0,-0.2578151375334353,-3.2851287081508227,6.776930799252024,0
44.1,-0.45883196451499686,-3.552014812482766,6.792927606298058,0
44.2,-0.15811625098242468,-3.4150442348273744,6.8743350067869216,0
44.3,-0.115011480873432,-3.3980888044230086,6.855163850407486,0
44.400000000000006,-0.3122165413404002,-3.3497223391630726,6.96241064939929,0
44.5,-0.2895857528772289,-3.365247695733603,6.942722887811132,0
44.6,-0.3886274230793601,-3.2732263823116474,6.901815895323871,0
44.7,-0.3980644636634433,-3.2891978046341785,6.865969752487636,0
44.8,-0.4380539924770129,-3.3750002494793434,6.812353009874231,0
44.900000000000006,-0.31784451332027447,-3.3900022217557293,6.827545951876743,0
45.0,-0.20416245454055795,-3.495701761423569,6.77549627402764,0
45.1,-0.2869847007673847,-3.313816066543441,6.828537066148876,0
45.2,-0.3354342423092508,-3.47192019184386,6.7543596544247935,0
45.3,-0.3206108736256023,-3.541178105745508,6.722384229403954,0
45.400000000000006,-0.2168760336176351,-3.6489769661979827,6.614140582855986,0
45.5,-0.19757432187120422,-3.5520495833288828,6.633420528692058,0
45.6,-0.1827147328515524,-3.607055435053707,6.592894370679791,0
45.7,-0.11298722641319547,-3.5790425149871554,6.543167387803825,0
45.8,-0.2409185618883208,-3.534136867039018,6.616479748971678,0
45.900000000000006,-0.3634423107011896,-3.4376218465701553,6.5597822607166805,0
46.0,-0.30421902192289013,-3.345798368833543,6.510909588099585,0
46.1,-0.061454780477748015,-3.354572875738632,6.357300764111093,0
46.2,-0.2541597002147266,-3.283708305792272,6.304084693025161,0
46.3,-0.24476818778603224,-3.1564355653358307,6.28962081046255,0
46.400000000000006,-0.11328726298044282,-3.201899079968044,6.274323631237638,0
46.5,-0.2742256590225713,-3.3305925078470366,6.285662152497285,0
46.6,-0.20385789057648024,-3.277913983478424,6.3376638374266046,0
46.7,-0.24394839048714995,-3.2990359895909536,6.382826001750503,0
46.8,-0.12353921250016639,-3.345171630297217,6.290302694708304,0
46.900000000000006,-0.05666093901949768,-3.3497656272976912,6.318594006828,0
47.0,-0.2744791852425063,-3.4032625496568842,6.398425332788914,0
47.1,-0.3173725883627373,-3.396456194627541,6.440432755473556,0
47.2,-0.14814380354344667,-3.477695735597874,6.486556230335168,0
47.3,-0.039070589964438594,-3.625140280388082,6.574939122220866,0
47.400000000000006,0.015365482396274697,-3.583093973290248,6.568722852374757,0
47.5,0.025835123368339152,-3.512420032801632,6.523493904844729,0
47.6,-0.1653764624735295,-3.601802396042835,6.55375589034752,0
47.7,-0.14911035753571222,-3.6684646945579105,6.4806959606730405,0
47.8,-0.083038737466732,-3.781369900923674,6.513221935967162,0
47.900000000000006,-0.2429337290601003,-3.835207213172474,6.528016259037271,0
48.0,-0.04322913149588596,-3.898229345561419,6.4348058928660645,0
48.1,0.04840709764365987,-3.9572592822496127,6.427825954374595,0
48.2,-0.09902099189226175,-3.912928302314774,6.400548846812212,0
48.3,-0.20577293297660545,-3.9703341139590322,6.353158423657723,0
48.400000000000006,-0.26460899175915087,-3.9896835353176945,6.317517605285168,0
48.5,-0.1871070725896173,-3.889965054666168,6.294702510463797,0
48.6,-0.05698207873823787,-3.837392069345286,6.242660267595214,0
48.7,-0.050156289952015355,-3.839707320448157,6.2682511986364275,0
48.8,0.07263022817328482,-3.7817339018517955,6.315731517330727,0
48.900000000000006,0.30952485619113784,-3.7220584837975665,6.339924699601169,0
49.0,0.19608267482887123,-3.53238947586377,6.387756312984201,0
49.1,0.21859018034244385,-3.397221772872423,6.392716097160791,0
49.2,0.20298821969332356,-3.4593668543872376,6.392922129571711,0
49.3,0.13123749555848332,-3.3199237887345276,6.35018985681199,0
49.400000000000006,0.32779769648796214,-3.172501005431181,6.433373794772582,0
49.5,0.2660809788294191,-3.3023779819492503,6.449353837651278,0
49.6,-0.03534309347993814,-3.346655484585959,6.569012661622328,0
49.7,0.191722154923509,-3.3623436689922714,6.594471791067067,0
49.8,0.06425790154076452,-3.246645604950229,6.552644100786674,0
49.900000000000006,-0.2145159355834568,-3.305731325555727,6.514967547433658,0
50.0,-0.14525314735080191,-3.443853611231723,6.461147657810561,0
50.1,-0.3527922017760704,-3.516561021849177,6.514947540324909,0
50.2,-0.12820015597921824,-3.4889412545815093,6.537131537730024,0
50.3,0.010679010433726443,-3.457446475388417,6.59744663296776,0
50.400000000000006,-0.35617030081223033,-3.5733039858303206,6.61984270445775,0
50.5,-0.25317502047021845,-3.642397868792469,6.612026913416221,0
50.6,0.16517365450771795,-3.7030303495270003,6.510322943226771,0
50.7,0.055622439666971536,-3.6932720803797006,6.4809694460702,0
50.8,0.07823799970331005,-3.8701676148676105,6.503325930397779,0
50.900000000000006,0.2637979709685363,-3.9096717469356994,6.50134956038052,0
51.0,0.35762000806214383,-3.827938895195735,6.554776559031749,0
51.1,0.49294789398904726,-3.8193624536960593,6.4840405109989785,0
51.2,-0.004039301210570745,-3.7635528632877433,6.649566789489199,0
51.3,-0.2569622921755136,-3.7495185288852846,6.658445303485642,0
51.400000000000006,0.15012235158979897,-3.641636826291151,6.635641293872148,0
51.5,0.17058447529701698,-3.4919229516209946,6.660040332776693,0
51.6,-0.00752430166776874,-3.3142608605206476,6.671375068346156,0
51.7,0.11427926407700609,-3.2931472441465326,6.733173150060108,0
51.8,0.02484720454268822,-3.1149081962222995,6.6933234491596965,0
51.900000000000006,-0.25250337104055587,-2.9594866147574566,6.730149611280035,0
52.0,-0.3349146252942282,-3.009964317508362,6.675555267575298,0
52.1,-0.14775227766333732,-2.9783220540726676,6.753968277478063,0
52.2,0.18659223871846323,-2.9738529176523962,6.524257206634976,0
52.3,0.26826602108418374,-3.077145094651576,6.462184374406375,0
52.400000000000006,0.21343726419606973,-3.0495858284022233,6.465458756325833,0
52.5,0.2446529343379301,-3.034121689568404,6.499791547233306,0
52.6,0.33898135536186874,-2.973239511449952,6.4562998981388215,0
52.7,0.05569212562731414,-3.0250612995487356,6.445484956689502,0
52.8,-0.06933733790864363,-3.1918055574908535,6.494067515146464,0
52.900000000000006,0.16507717886010145,-3.213878464025612,6.426774032240826,0
53.0,0.36348116108043954,-3.2047689752404067,6.559124770032878,0
53.1,0.23245696915584363,-3.24439036836747,6.496706227602736,0
53.2,0.07917947314840235,-3.2286550385864294,6.606917765798578,0
53.3,0.16401770713000127,-3.0697912504659746,6.610287366718606,0
53.400000000000006,0.03670104146010268,-3.0458071125288213,6.53178788163796,0
53.5,-0.06725130043227738,-3.014726429972,6.458882169938052,0
53.6,-0.1771197959116377,-3.18618488486959,6.479308779560919,0
53.7,-0.08173404950714014,-3.098123404544431,6.428604416188871,0
53.8,0.11318334600736887,-2.9263619205687457,6.404834423697119,0
53.900000000000006,0.12680602850429545,-2.916388939285876,6.403384735256512,0
54.0,-0.10287360522816638,-2.863999829771075,6.3347241915398715,0
54.1,0.020123199407208036,-2.850566718348251,6.377469762874627,0
54.2,0.2171261472057652,-2.832649382727454,6.34574205708344,0
54.3,0.18421834018097333,-2.8780383032932413,6.360542842564414,0
54.400000000000006,0.3045115588147724,-2.970521138888439,6.458782092113036,0
54.5,0.10508574878684596,-2.8898191133589486,6.577127672162872,0
54.6,0.012589952446813869,-2.7790803451715655,6.650041316566222,0
54.7,0.10487860489084566,-2.643910639722821,6.682301393293928,0
54.8,0.21630416349726408,-2.5556774211380238,6.773066862221557,0
54.900000000000006,0.1455196925518228,-2.520584011860178,6.79452904584501,0
55.0,0.09406458406494275,-2.53537927049272,6.765373131075459,0
55.1,-0.07037129646533061,-2.387332262245539,6.679030516624827,0
55.2,-0.14361074243875202,-2.3285115894340462,6.6377363078365885,0
55.3,-0.07535752978774586,-2.2652251070371,6.666819425308894,0
55.400000000000006,-0.2529215479561805,-2.137428728003829,6.628043799072023,0
55.5,-0.13416661492542106,-2.2775787752213885,6.5589549168229055,0
55.6,-0.011880536348765808,-2.103871710126062,6.499813786414227,0
55.7,0.04916617120304449,-2.164787358368407,6.512264251601051,0
55.8,-0.043634615798209576,-2.2220853968957863,6.420892333435138,0
55.900000000000006,-0.11204414398612875,-2.197606811465431,6.453861068096264,0
56.0,0.016593792557424696,-2.0373660532419695,6.42050312346465,0
56.1,0.10770771307167559,-2.020287425111118,6.49671427025948,0
56.2,0.050031900603831926,-1.9396426956512909,6.515999831108154,0
56.3,0.0035069329656685785,-1.885398118950441,6.460648700916542,0
56.400000000000006,0.05573631225743929,-1.9641752223897053,6.4066128575230605,0
56.5,0.14227221153253983,-1.8730143114791193,6.360613993138669,0
56.6,0.17773391028391242,-1.9265596035561672,6.340994613294299,0
56.7,0.16816454767807032,-1.8669629891570494,6.36023860709688,0
56.8,0.1115970889755871,-1.9229062942279793,6.362342734526586,0
56.900000000000006,0.1724522083636229,-1.9086064200814223,6.339176867605651,0
57.0,0.09611728480520207,-1.9192048058090934,6.419347970742974,0
57.1,-0.058399308202494324,-1.9287686704584022,6.3573256955440005,0
57.2,0.06081855474931234,-1.9268553237240387,6.3623396167925526,0
57.3,0.007661370567140125,-1.9736134760302053,6.387585331751911,0
57.400000000000006,-0.042901751262338333,-1.864014557595599,6.402020984939402,0
57.5,-0.049198317825064994,-1.686123306473196,6.37541717324546,0
57.6,0.021156956595881887,-1.7389280694816613,6.391980518958357,0
57.7,-0.15218644263069941,-1.7354859288610744,6.371406377633901,0
57.8,-0.3178362675738149,-1.6382543956120634,6.407438167342773,0
57.900000000000006,-0.22946354051463383,-1.6017624501950827,6.3982110554971525,0
58.0,-0.18287881350914498,-1.4600951150547423,6.342969587211772,0
58.1,-0.15000920701839277,-1.3818924265117725,6.349894907587906,0
58.2,-0.1953570011968922,-1.4841204439491953,6.291055094034201,0
58.3,-0.15053799581079147,-1.400671765293044,6.295683700424734,0
58.400000000000006,-0.1499708003771487,-1.3853919794918332,6.267533971724032,0
58.5,-0.27064837464061775,-1.4798005956396671,6.3512286696083615,0
58.6,-0.2968797123389251,-1.3844464257508715,6.288849077405743,0
58.7,-0.11875377326131568,-1.2715402454663898,6.2760819172243085,0
58.8,-0.05134632287122617,-1.3039510259103098,6.25431980773367,0
58.900000000000006,-0.08103398294904803,-1.309922972330338,6.193285328150822,0
59.0,0.023635009884880785,-1.4041299981393178,6.23524857123247,0
59.1,-0.028207808814825975,-1.4077259943448204,6.2934667635443535,0
59.2,-0.26376728526118853,-1.354300109108753,6.446259898382161,0
59.3,-0.3418103408490471,-1.4040379620267989,6.427686763774584,0
59.400000000000006,-0.3311166095435532,-1.337336136496933,6.437041521625569,0
59.5,-0.14483694229165084,-1.2327280598826023,6.395133956639624,0
59.6,0.06605225257067768,-1.2158604269390634,6.549215226410655,0
59.7,-0.07631998083522232,-1.2231890282825557,6.505536438551369,0
59.8,-0.22085384951595305,-1.1553287487398298,6.537206091721868,0
59.900000000000006,-0.24769732862770993,-1.125540044698822,6.569595390845555,0
60.0,-0.226336851811412,-1.1033892791274247,6.6238449052174575,0
60.1,-0.08055943249702394,-0.9818223006939679,6.592622330221417,0
60.2,-0.05215327456846271,-0.8380690185617983,6.521967788066187,0
60.3,0.010647245566004729,-0.802583879255715,6.50029956862947,0
60.400000000000006,-0.030973347766219766,-0.8005454545140667,6.494814989317722,0
60.5,-0.188871182118365,-0.8484802214107262,6.4818960491182835,0
60.6,-0.4250072319450016,-0.7365962975616138,6.336632116832933,0
60.7,-0.37363406867049354,-0.7620544730708173,6.338841626001527,0
60.8,-0.10419532003488197,-0.6702026023555947,6.29867081793837,0
60.900000000000006,-0.3340948878494161,-0.6170967011572002,6.411419226651136,0
61.0,-0.586530303848055,-0.581704602064961,6.327367726122558,0
61.1,-0.6749490548593691,-0.6486504964793134,6.283953012629555,0
61.2,-0.3814163542724985,-0.768532115299654,6.206740930160698,0
61.3,-0.2570280747767029,-0.7212615227810077,6.236932225288969,0
61.400000000000006,-0.2369177479948422,-0.6620729018333076,6.244608455087009,0
61.5,-0.15659507178778398,-0.6034038828985173,6.2145706683390145,0
61.6,-0.1368138854520015,-0.7083032305330781,6.233055046521277,0
61.7,-0.23007269779105446,-0.683717317003233,6.270347739572887,0
61.8,-0.39749343817151966,-0.6705085841145715,6.241517976854467,0
61.900000000000006,-0.1407716178370133,-0.6604125116131406,6.095853644480677,0
62.0,-0.029842283344182118,-0.6710545991445717,6.044153951951463,0
62.1,-0.1289889826788845,-0.5932791141937418,6.109188891641066,0
62.2,-0.39107370451347684,-0.41028964862093603,6.172407852521135,0
62.3,-0.41434785156739534,-0.3045845951028652,6.154563900657571,0
62.400000000000006,-0.34303674848312443,-0.31083098687692334,6.111605071771178,0
62.5,-0.2985830006946825,-0.28260861499340306,6.077450350766091,0
62.6,-0.3821777204401152,-0.21657902299206389,6.075170331521951,0
62.7,-0.531275860892908,-0.16251875234725116,6.083105460774543,0
62.8,-0.3272118151479206,-0.06714115700417864,6.112020165259919,0
62.900000000000006,-0.14599516228456955,-0.02045282535582643,6.212330775128731,0
63.0,-0.30941263484332093,0.06494868895870741,6.281093584701767,0
63.1,-0.19627012498076737,-0.08784722930248764,6.174725539018566,0
63.2,0.016004056475080058,-0.039872249312746154,6.101879641693072,0
63.3,-0.17589086159101855,-0.03878949253690964,6.150249987621839,0
63.400000000000006,-0.14765158741320797,-0.11477183565097779,6.1478295377012575,0
63.5,-0.37836672490545764,0.02458196699994738,6.254912110986753,0
63.6,-0.44319863874067533,0.10733244120053695,6.246435750407867,0
63.7,-0.1618472065829097,0.0710080962822158,6.177615714287549,0
63.8,-0.290696323194858,0.05687340850791347,6.095182061658433,0
63.900000000000006,-0.521368843087889,0.07965927414835826,5.9917024535545576,0
64.0,-0.44227187933577045,0.22515044292110037,5.972997914343016,0
64.10000000000001,-0.40821662713349083,0.48810174718857613,5.981169175053085,0
64.2,-0.49874800615014275,0.4504913610436049,5.963374734679006,0
64.3,-0.5173273065155997,0.4672605435876031,5.9066281242804255,0
64.4,-0.5013766304415089,0.6001491296435623,5.942389896418322,0
64.5,-0.30062734326410695,0.5936927801336855,5.850123552194722,0
64.60000000000001,-0.12042690778633254,0.6719457831378847,5.8468249909317285,0
64.7,-0.18761801743503104,0.7491416327992227,5.786805521117608,0
64.8,-0.3116846459287338,0.7418979842600201,5.839595163634498,0
64.9,-0.3518467136242814,0.8674024717934644,5.855748960951796,0
65.0,-0.4286310425414131,0.7784343418846433,5.8164381014741915,0
65.10000000000001,-0.41997710769905583,0.7641940289446095,5.783622878681108,0
65.2,-0.28459738194455014,0.8865132588215466,5.788989769539475,0
65.3,-0.21640043079158106,0.9950673925050921,5.748231167760151,0
65.4,-0.28177435313970495,1.117977459885997,5.675806012347422,0
65.5,-0.2890072502202439,1.1228518133929737,5.648547831491682,0
65.60000000000001,-0.44230547029437756,1.0771336332948656,5.613305818709549,0
65.7,-0.44782132158531746,1.191912608260481,5.591986170800585,0
65.8,-0.24735468858893955,1.2101395278514508,5.5069190251051845,0
65.9,-0.2563673192553573,1.2810690209436106,5.534005797929421,0
66.0,-0.2553974052803866,1.3013195858342106,5.5110075094469675,0
66.10000000000001,-0.5089132851956802,1.3198258221178176,5.667679963851635,0
66.2,-0.4984520586750675,1.2488408984370132,5.636092322099085,0
66.3,-0.2717227943262094,1.171808518984746,5.725089277390718,0
66.4,-0.338490072478587,1.0829532790941963,5.723983827663299,0
66.5,-0.3869468890176493,1.09532715346418,5.722749396735696,0
66.60000000000001,-0.5354888428781177,1.2551562138739596,5.819813855885085,0
66.7,-0.5946572200731524,1.1730763359954053,5.7968324633819535,0
66.8,-0.6056737348768713,1.325318313941159,5.780833136893354,0
66.9,-0.5928426819328745,1.2788500062846186,5.7040333505683645,0
67.0,-0.39407490277954704,1.3452931151623815,5.665743942060959,0
67.10000000000001,-0.1691606672746858,1.2477416653480908,5.473757498729353,0
67.2,-0.34219702306607036,1.318170056761251,5.477665465777184,0
67.3,-0.6109420391623265,1.3859122735481102,5.360561415688774,0
67.4,-0.6064161376541104,1.430850447282721,5.320230398661981,0
67.5,-0.6381277286097495,1.4089582812786667,5.322860473480724,0
67.60000000000001,-0.3891594496368979,1.3043574468247923,5.152507477220135,0
67.7,-0.41549997278233874,1.295900323239087,5.199622516576858,0
67.8,-0.5176688805477563,1.215734689030681,5.203680905779761,0
67.9,-0.39423803967637083,1.1627163602107093,5.154077077102707,0
68.0,-0.45894537267666824,1.1495037497969443,5.13714726882773,0
68.10000000000001,-0.5208596998241398,1.339155096924398,5.166784229054484,0
68.2,-0.33735679537864416,1.3137291323355966,5.142291137098924,0
68.3,-0.13841383584291006,1.4185721706876901,5.170879402422206,0
68.4,-0.10074989010480344,1.3408349114028768,5.157982242457484,0
68.5,-0.19929042205700384,1.357527914476402,5.182708324701653,0
68.60000000000001,-0.1930812594050968,1.3446252953332105,5.162426470298912,0
68.7,-0.16120663319273887,1.619054406127125,5.157794896194986,0
68.8,-0.20832734341939108,1.6403459259799615,5.155499788414304,0
68.9,-0.14396155198854982,1.742930211717328,5.217590249539302,0
69.0,-0.11912241531970187,1.8164670328709398,5.203113902747191,0
69.10000000000001,-0.16192364907082984,1.822440190960385,5.210833524297387,0
69.2,-0.47764165633472633,2.1064467446208135,5.3303548129607385,0
69.3,-0.6328519164349108,2.024666102495023,5.271081237921216,0
69.4,-0.5257623031321006,2.250144812542427,5.294248837413042,0
69.5,-0.49927681599148477,2.334018683206125,5.291509950342623,0
69.60000000000001,-0.6271355375260441,2.4841469886346887,5.348982316341077,0
69.7,-0.47745323395047723,2.4080472988189086,5.34517295113312,0
69.8,-0.18223188799606146,2.492063364975571,5.36058740007144,0
69.9,-0.33234300261063493,2.5539963952596825,5.298723669910691,0
70.0,-0.5112248616647349,2.5847159507131003,5.332000234383604,0
70.10000000000001,-0.35266647504201265,2.5272602847902688,5.317456922066949,0
70.2,-0.25563122160795987,2.4223439767090427,5.187222890699351,0
70.3,-0.2821890373921261,2.3843580922979264,5.170306632328296,0
70.4,-0.21781298463783133,2.291049962881184,5.18718851636552,0
70.5,-0.13771015969578157,2.2527898589875797,5.1278695709085795,0
70.60000000000001,-0.1856811129986744,2.249665304765447,5.126677945991547,0
70.7,-0.18214354399537375,2.264340366540578,5.06672194046737,0
70.8,-0.38204921664772107,2.3450635851174915,4.979394029882501,0
70.9,-0.31692743475087065,2.3042593157339946,4.979113886200952,0
71.0,0.03248427196673627,2.34848974063338,4.9868880214991735,0
71.10000000000001,-0.17206000784177872,2.3458588192093215,5.0142967575143995,0
71.2,-0.18236190736712882,2.423074553391822,5.0489875533923865,0
71.3,-0.03901496009413933,2.5458828670049654,5.033993605383918,0
71.4,-0.1444605529470232,2.715821270379867,4.97527458198301,0
71.5,-0.05534052536356323,2.7726658482123505,4.920335638682675,0
71.60000000000001,0.07964163679604983,2.8216561412290315,4.869277696428966,0
71.7,-0.10241490767848153,2.772802333015592,4.937492657453024,0
71.8,-0.2500633358589581,2.628858187273278,5.011293636251468,0
71.9,-0.2627132868134895,2.728283035473153,4.95870698018029,0
72.0,-0.23435749005097053,2.6829033002753886,4.965869890578713,0
72.10000000000001,0.014392087206840442,2.7371353003835805,4.936209208472027,0
72.2,0.19740418731938295,2.5188188935900606,4.873436089401048,0
72.3,0.022309762316724102,2.568085754195837,4.967387726230583,0
72.4,-0.22612059197146142,2.5379785539149085,5.064279939171991,0
72.5,-0.40360473652962875,2.6933048001648,5.124634902151667,0
72.60000000000001,-0.32176262593873617,2.518077231463006,5.103564109714812,0
72.7,-0.18597402542257302,2.5267979473062807,5.0630608413450515,0
72.8,-0.061126997228683956,2.5843686196688944,5.018848996219745,0
72.9,0.0693348673040006,2.467165070342217,5.076283469710651,0
73.0,0.09169498184696837,2.4083350808422574,5.082663101190954,0
73.10000000000001,-0.038289604145072056,2.3527325596509305,5.024568158466805,0
73.2,-0.3497413555260064,2.475694281957434,5.123968327313599,0
73.3,-0.20073423291662013,2.3558767361655453,5.018566145870871,0
73.4,0.2022407718089556,2.513140742495472,5.0212133199024445,0
73.5,0.37875493643331504,2.4615254857478943,4.976597113764793,0
73.60000000000001,0.312055517992667,2.530187661719011,4.962926316457594,0
73.7,0.3427493943617211,2.605906466880973,4.955792494913614,0
73.8,0.22024701127602406,2.6184501224571415,5.000158989150377,0
73.9,-0.15245968148465688,2.6718583743118574,5.051232751314112,0
74.0,-0.33107822884305776,2.8140212455391382,4.957755048682606,0
74.10000000000001,-0.08197602302387388,3.005759902982313,5.072878221858801,0
74.2,0.22164054367365837,3.0868144714015693,4.972073437794631,0
74.3,0.12109230833309759,3.1457080358916985,4.999838797247922,0
74.4,-0.18170577311494898,2.94882446287627,4.944179279265089,0
74.5,-0.1724940634643808,2.9287022004726126,4.936930181396397,0
74.60000000000001,-0.06272760077474296,3.1661780013444565,5.024481789805426,0
74.7,-0.06994655230539379,3.2058465526901534,5.033186513575814,0
74.8,0.2126677962042746,3.23896504810212,5.0412422766606895,0
74.9,0.4589298976634403,3.2275886398087947,4.953496131774562,0
75.0,0.08932600554173678,3.1552260597321573,5.025301585522729,1
75.10000000000001,-0.4435903154017032,3.0861296073036586,4.948108721444407,1
75.2,-0.6920885312764538,3.016859372683302,4.942862167349347,1
75.3,-1.00568541377312,3.1483769498570555,5.004719145209347,1
75.4,-1.2578007001692713,3.2145806990047228,5.01241485997719,1
75.5,-1.4022896708569825,3.2001633128773705,5.053902995049434,1
75.60000000000001,-1.8066920277274658,3.133975633211833,4.977438272113094,1
75.7,-2.1401850263518094,3.096817595420292,4.922822816995507,1
75.8,-2.470460259144951,3.192022993296414,4.880643477054937,1
75.9,-2.844368698512977,3.3603092396952485,4.911595999593475,1
76.0,-2.6431773204086153,3.3872741532030837,4.902565861500196,1
76.10000000000001,-2.4787185538764365,3.5020462153328618,4.939833613421007,1
76.2,-2.5665542594946893,3.4621244283761095,4.932849359151939,1
76.3,-2.3862638574268926,3.5359408920433886,4.838479301848226,1
76.4,-2.3137228670504237,3.6239297134259045,4.813414677287076,1
76.5,-2.48816683469196,3.705652228359263,4.788697540919403,1
76.60000000000001,-2.324472177623373,3.6080310714401107,4.864954736963176,1
76.7,-2.1939881137525417,3.6544076565402945,4.952291297601564,1
76.80000000000001,-2.439589819019503,3.6832099037644923,5.026327811753716,1
76.9,-2.460554801127197,3.552957991117706,5.0571901416807234,1
77.0,-2.4848798767366507,3.621053439232481,5.022319580642707,1
77.10000000000001,-2.632171024652857,3.5036990069166216,4.9525818999540725,1
77.2,-2.416036663443032,3.525075608060752,5.064782626595276,1
77.30000000000001,-2.2612394119048522,3.368391873025529,5.19277426483154,1
77.4,-2.4590367126543513,3.3686132436457767,5.326961117836833,1
77.5,-2.510817915482663,3.2661249604854694,5.363182499771865,1
77.60000000000001,-2.4218358204462724,3.220113310060049,5.389364560750508,1
77.7,-2.5251129738352125,3.1248951931064095,5.359710291188685,1
77.80000000000001,-2.5109855648745167,3.036626261410394,5.378605073213645,1
77.9,-2.3067755604617313,3.122404775079222,5.340093226424837,1
78.0,-1.9374201056300353,3.211206185402253,5.453289618559782,0
78.10000000000001,-1.650525257565889,3.3432302109297445,5.441155046727784,0
78.2,-1.5650259490621532,3.4034321991738485,5.337239096846273,0
78.30000000000001,-1.404077547556243,3.402972388355065,5.290160341863694,0
78.4,-0.9706765006569771,3.324004592221928,5.120027187203259,0
78.5,-0.7101725598974528,3.3941931671046603,5.1429144289632855,0
78.60000000000001,-0.5265900469787645,3.5127724575418435,5.147307978212035,0
78.7,-0.10738381690550206,3.649286685688915,5.2246411957760035,0
78.80000000000001,0.3304397198877115,3.7077945457036767,5.111510244588668,0
78.9,0.3973996628370708,3.710862105341056,5.143942078798381,0
79.0,0.17575140455463395,3.618938868031973,5.02400770102983,0
79.10000000000001,0.22792185364502476,3.5053546728442293,5.095502419337146,0
79.2,0.22456560673203704,3.5667932407626273,5.086938527691436,0
79.30000000000001,0.12646776605546495,3.549729467920971,5.03214756804349,0
79.4,0.2562507865102194,3.5664555959033186,5.107315062734664,0
79.5,0.3713352128249029,3.6019283264278448,5.067960317886585,0
79.60000000000001,0.17643642745643776,3.599278757302231,5.013847816791289,0
79.7,0.09482975883784148,3.538289526650967,4.980234806261035,0
79.80000000000001,0.1614255045004582,3.4926340296395315,5.016977837776727,0
79.9,0.18091926211291237,3.4197931068991934,4.99549709197952,0
80.0,0.2690225763899021,3.423432155475312,5.043286925412512,0
80.10000000000001,0.16954657521528277,3.568550152975365,5.080462602296445,0
80.2,0.1614789049601523,3.480740101537907,5.114308722024709,0
80.30000000000001,0.36096692051390356,3.5788089440023247,5.236264011173682,0
80.4,0.21638271485637878,3.6365960257533034,5.215035143157589,0
80.5,0.034442506810908456,3.6210690580839873,5.3061841966675924,0
80.60000000000001,0.16887299725384602,3.573288908855994,5.333205738779144,0
80.7,0.0837135218622995,3.6191270026901963,5.2927150744998555,0
80.80000000000001,0.04137951374031993,3.6145968417810934,5.249938950325979,0
80.9,0.286251819052126,3.7256218839849184,5.306591713559321,0
81.0,0.2864835788058275,3.67850539290271,5.306482475182978,0
81.10000000000001,0.33618644886027516,3.6230185679598548,5.215954192136211,0
81.2,0.28224774433535016,3.645388371067309,5.237408404558966,0
81.30000000000001,0.1887793130235179,3.5159010851769006,5.189816669876456,0
81.4,0.394430831459115,3.4046629692304626,5.315390000302543,0
81.5,0.5781246466734413,3.3878099086990217,5.244269854623934,0
81.60000000000001,0.38830179438875784,3.2666104167458796,5.263629217471086,0
81.7,0.29562711342834735,3.27002937880781,5.292084348009487,0
81.80000000000001,0.3992066500519854,3.2013290655976605,5.389000858268712,0
81.9,0.2785923060902156,3.0898229426651804,5.372187799490312,0
82.0,0.10583342115569802,3.0744989438381682,5.399634538138577,0
82.10000000000001,0.006217443762874364,3.0089327916044777,5.529947736478316,0
82.2,0.22777059618577664,3.0781946650323704,5.585762872201844,0
82.30000000000001,0.14876639974479383,3.071763652100664,5.5348523382404125,0
82.4,-0.15912573176691847,3.078848659458978,5.476785028029786,0
82.5,-0.13042634065391706,3.0908099153339017,5.478690818412496,0
82.60000000000001,0.12196628866683065,3.122048249235859,5.516145180180599,0
82.7,0.23928877279693345,3.0775072720054815,5.524100959941398,0
82.80000000000001,-0.02569482281800506,3.1491002776340395,5.554562846953749,0
82.9,-0.059559513979362176,3.1426454101907373,5.493147695637989,0
83.0,0.2660373509686701,3.153624584972056,5.5695160394701135,0
83.10000000000001,0.36860229888910967,3.2091383862679983,5.489557244569791,0
83.2,0.11945225030386986,3.131986990222122,5.464913480351465,0
83.30000000000001,0.09365477225692173,3.3166983892602433,5.474968331075215,0
83.4,0.3944065538387064,3.247871573251575,5.508115863073918,0
83.5,0.348871823224345,3.126692415406978,5.5077467467018115,0
83.60000000000001,0.29028664941506305,3.114177283495627,5.459591424959549,0
83.7,0.36220079343548106,3.037709913664832,5.491227611887735,0
83.80000000000001,0.628519222069224,3.0443488574183797,5.511917113261983,0
83.9,0.6199779451439155,2.989919917021561,5.581774502217348,0
84.0,0.17515322905561354,3.0146784491830356,5.580260427885961,0
84.10000000000001,0.06859224475108891,2.9320926993620615,5.659285672914026,0
84.2,0.24223737527261,2.962019344639197,5.687631874441323,0
84.30000000000001,0.2467354376424587,2.8999529083768616,5.701514016240913,0
84.4,0.17191250698981933,2.9262834409844696,5.646956854418633,0
84.5,0.28948644362794385,2.960376303532448,5.735832205044305,0
84.60000000000001,0.25761202156600843,3.0321742986551286,5.760403282491018,0
84.7,-0.014973772038861789,3.0137827391830583,5.844830019323217,0
84.80000000000001,-0.14024223390894316,2.943348416539301,5.704798807511001,0
84.9,0.11502582328333429,3.0023479410232405,5.808266257772694,0
85.0,0.2833114524075794,3.0035263558339653,5.699455420623307,0
85.10000000000001,0.3487678199989287,3.0314105532628024,5.655317390152701,0
85.2,0.2389779349360511,2.928170196098161,5.595559304300709,0
85.30000000000001,0.02231920980737636,2.83959538119568,5.718553853577928,0
85.4,0.07755846973773499,2.752477359990672,5.747108411985127,0
85.5,0.1389388478965576,2.728332548819542,5.748310143957359,0
85.60000000000001,-0.017188466669194637,2.6743436104042697,5.782176153758979,0
85.7,0.2208782747401128,2.694876681354851,5.701049472922089,0
85.80000000000001,0.22274476841066226,2.7190770099225365,5.7659071371403545,0
85.9,0.0604070121819722,2.6607701097678955,5.683118098053079,0
86.0,0.2024720531008369,2.614335280651644,5.767549897319211,0
86.10000000000001,0.018146979143723384,2.5176565440178136,5.888078091060283,0
86.2,-0.15194819503438156,2.524124695211861,5.9382683058486485,0
86.30000000000001,0.009552100024922839,2.543988459022075,5.841722367582607,0
86.4,0.038726749190370356,2.6537507831752363,5.862182769109886,0
86.5,-0.03875243880533159,2.626894667929806,5.889963022044207,0
86.60000000000001,-0.17586037594343257,2.5625304064174883,5.949009746324396,0
86.7,-0.4590997774865172,2.5354866189039655,5.982455754631834,0
86.80000000000001,-0.19561688234577462,2.460751748622104,6.099858925554338,0
86.9,-0.0511006552382177,2.395179544310295,6.203908460971957,0
87.0,-0.2441583477309846,2.2806768254330274,6.160556269107581,0
87.10000000000001,-0.14141177621439527,2.3278022085740675,6.076276566221152,0
87.2,0.06623153610442488,2.2120201157136288,6.0282481296924155,0
87.30000000000001,0.08570850851806092,2.130995419315552,6.012678404881614,0
87.4,0.023579430758788256,2.1468360388529693,6.015723872596206,0
87.5,0.014407880163772901,2.24728276091849,5.983362272988927,0
87.60000000000001,0.25673940575196846,2.3689180790851236,5.858245474543326,0
87.7,0.4519811501872992,2.217930311559731,5.776240801698605,0
87.80000000000001,0.13912916461623343,2.219653286207992,5.711383482535556,0
87.9,-0.1965436135098364,2.330086296888427,5.602428647526543,0
88.0,0.04325226710576182,2.4538743284249893,5.622017214359978,0
88.10000000000001,0.405979074033444,2.3097878284763236,5.687619092681506,0
88.2,0.31838600962658814,2.5457956246722158,5.759641498306599,0
88.30000000000001,0.13547302652064,2.4642215501040923,5.892869985272948,0
88.4,0.0011524334701660088,2.3140064812142245,5.823917731517118,0
88.5,-0.04729686524191614,2.132285179423723,5.762427038562281,0
88.60000000000001,0.05619914703901563,1.9804033735986475,5.79923089738779,0
88.7,0.06113349993408682,2.0896243347724544,5.809041863878653,0
88.80000000000001,-0.10961444464338062,1.9169806156921432,5.886129952574995,0
88.9,0.004914502029613234,1.8129922142380264,5.824789530288233,0
89.0,-0.002751915027939722,1.701249693622802,5.854831297069621,0
89.10000000000001,-0.3804885957861745,1.6357099896552274,5.793242798056144,0
89.2,-0.3853275683513789,1.4000409343518765,5.723757495562834,0
89.30000000000001,-0.12993265616162203,1.3289264045987528,5.60619833653822,0
89.4,-0.13014628876946258,1.338906723779648,5.629229054417662,0
89.5,-0.2610793708736753,1.394492451881598,5.6598879561143844,0
89.60000000000001,-0.35983724555050306,1.4271853272641706,5.621827200379856,0
89.7,-0.264248699198563,1.4048022435376395,5.673461273453062,0
89.80000000000001,-0.07023768394633974,1.5153279859443447,5.49579537282091,0
89.9,-0.1314099103316612,1.4610782655127064,5.548181592176492,0
90.0,-0.15760764079913253,1.3794995683882543,5.508212291123375,0
90.1,-0.1500891055707606,1.354744609661071,5.513319130055557,0
90.2,-0.12977102179117986,1.4580449344257076,5.54683940607016,0
90.3,-0.17613828051704533,1.4096295212753958,5.489246112963606,0
90.4,-0.14984727495619574,1.3841647544143152,5.432390489217281,0
90.5,0.011235973265164855,1.3979475554718999,5.402884998086362,0
90.6,0.08857013953825998,1.3933850468771503,5.448202728081189,0
90.7,-0.14377098098606442,1.459472957899732,5.431886525525293,0
90.8,-0.23392230328036784,1.4182840031169328,5.541584556033049,0
90.9,-0.03301345885805549,1.361991392594383,5.5873674268869,0
91.0,-0.023468641769207578,1.3643926296351896,5.600046915514408,0
91.1,0.06097297417828953,1.3425591827152858,5.549502931837674,0
91.2,0.03979433422737624,1.3260299251579577,5.539047970385841,0
91.3,0.19000024796742293,1.434226879819908,5.633120957806373,0
91.4,0.20476069084240528,1.4170766067850111,5.661322046826072,0
91.5,-0.016105695067077597,1.3073192051115474,5.699635933246159,0
91.6,-0.16567971883266788,1.2075692870205699,5.663992875532245,0
91.7,-0.07597934008774028,1.0052173874613455,5.60118050320826,0
91.8,0.004615635621869579,1.063400471153078,5.574388951453402,0
91.9,-0.04703251613120181,0.9169082985193817,5.522706641036743,0
92.0,-0.16727763689181213,0.9849819035486114,5.457343361398538,0
92.1,-0.1015955901661113,1.0129854592141936,5.440872814883842,0
92.2,-0.125108739862529,0.8260658399601942,5.4237717114824715,0
92.3,-0.2874452914336632,0.7149110978770994,5.357849039982706,0
92.4,-0.2481203440452439,0.7472718004234009,5.371298049229954,0
92.5,-0.14853876502535082,0.7083500384239562,5.33541368382758,0
92.6,-0.006004114435869323,0.7694436512445012,5.311733351697544,0
92.7,-0.01094522690527861,0.7065471644668437,5.314432017235861,0
92.8,-0.03714133005939478,0.6112397106701646,5.266999023206759,0
92.9,-0.1713421646961241,0.7767846454347496,5.229805411581426,0
93.0,-0.17439600569219518,0.7450845643940216,5.223602349823227,0
93.1,-0.09509866947460204,0.7448079350685832,5.273212083941795,0
93.2,0.0002805975382460288,0.8116333858726617,5.203448179746095,0
93.3,-0.15968664661934828,0.7452562978896384,5.282716008935415,0
93.4,-0.16316819491644047,0.5814841036479045,5.24747137704312,0
93.5,-0.20986700844834907,0.5690472203875739,5.220446520742255,0
93.6,-0.4057502251998807,0.5492576162181999,5.237305184816168,0
93.7,-0.16982177203991644,0.6212406006539403,5.32504898067415,0
93.8,0.005530628214638167,0.5418159403268922,5.388462704725773,0
93.9,0.01577836760437349,0.45029247028611585,5.4361026320647365,0
94.0,-0.09664463994819177,0.3483661922165039,5.498497608578533,0
94.1,-0.26319170209591647,0.2994905417165789,5.444495589870229,0
94.2,-0.16048193147738626,0.19676684065548922,5.537258430117927,0
94.3,-0.014975886417636277,0.3021590133463161,5.444048573923036,0
94.4,-0.03587916491374262,0.2596778079065482,5.423570460061528,0
94.5,0.1554611339327981,0.1528752204957952,5.504006049774069,0
94.6,0.03886064701182348,0.03624377657667418,5.604976527810321,0
94.7,-0.21676906837309273,-0.13672888378385592,5.523207885126448,0
94.8,-0.06712244608517523,-0.19037658887872183,5.597698720254857,0
94.9,-0.07179816828579604,-0.2909334748822591,5.55879644336543,0
95.0,-0.16126047547670044,-0.34638465627116777,5.605099151890539,0
95.1,-0.10939521168685054,-0.40490649789626837,5.582001246166949,0
95.2,-0.27494499788145416,-0.46818656597186326,5.569993835907716,0
95.3,-0.39635696900489314,-0.5044661223167328,5.646685349769573,0
95.4,-0.17157941848912506,-0.5306730104043624,5.798451688543831,0
95.5,-0.04250645263858046,-0.5255676845514146,5.844467154673575,0
95.6,0.09824921773150977,-0.6422933075572572,5.762056448144508,0
95.7,0.02161279263603133,-0.5599634814014375,5.837672465879066,0
95.8,-0.24543319729426544,-0.6251888503814644,5.686351168125897,0
95.9,-0.14500823690562786,-0.6784653648300155,5.729468631543846,0
96.0,-0.0333389139382547,-0.7424088393602387,5.628699396362349,0
96.1,0.053033336580779356,-0.7726270860883544,5.645685184540082,0
96.2,0.14592465509322947,-0.8724588019577592,5.632311984032105,0
96.3,0.2350546337684341,-0.8428772694412968,5.539268716747969,0
96.4,-0.09403457899340724,-0.8486076082420381,5.440443985198909,0
96.5,-0.38848642462014626,-0.7976163998835437,5.314968493418333,0
96.6,-0.1582327657393432,-0.8052324207266512,5.287094205886937,0
96.7,0.03697594671260131,-0.8286044345093007,5.193009022375846,0
96.8,0.1670330571720286,-0.8626456111308819,5.242848362500263,0
96.9,0.09406751173948348,-0.816035380068173,5.213566879552741,0
97.0,-0.004198974025865776,-0.8556712520236406,5.27556083683462,0
97.1,0.030021306117287337,-0.9641544073331569,5.306180014371,0
97.2,-0.01733955800809427,-0.8944908439942724,5.287741869301038,0
97.3,-0.11150460440150826,-0.8813346786576636,5.413274057302149,0
97.4,0.12245835247234702,-0.8616334946124612,5.421689441681033,0
97.5,0.3100114829391364,-0.991843460070589,5.456049542286143,0
97.6,0.10845179952852069,-0.9831842668050577,5.4789459786923995,0
97.7,-0.10137214765251587,-1.0297980099238928,5.5636563860928625,0
97.8,-0.15011912346132822,-0.9539721235124388,5.509672377613141,0
97.9,0.05821382608788317,-1.003867930261499,5.6227247788306345,0
98.0,0.2711236030342025,-1.0160785866160655,5.582108232177932,0
98.1,0.08200614492188031,-1.1098757542656361,5.565439897868183,0
98.2,0.022628089298201304,-1.1472670536418108,5.603742658357374,0
98.3,0.24897434912216868,-1.252918781631976,5.499673021267941,0
98.4,0.049651410996640846,-1.4038433215183743,5.463062258859166,0
98.5,-0.14951233815863418,-1.579580326644255,5.424292000835123,0
98.6,-0.09097758649036128,-1.672298087731327,5.378459768572304,0
98.7,0.03610107416146997,-1.6675833701748843,5.305947320064731,0
98.8,0.08726379093270029,-1.7122623925797469,5.365149271642626,0
98.9,-0.07917955959399021,-1.7284619802852466,5.248536883380859,0
99.0,0.06490898257827898,-1.796287053287081,5.282751673842634,0
99.1,0.18628734170180122,-1.702181432706973,5.2893981151132845,0
99.2,0.28736672870532315,-1.6836643331764936,5.253270317617854,0
99.3,0.3214404459377707,-1.7212107884607435,5.31346691651188,0
99.4,0.41022233592741725,-1.6786514229774454,5.3157700529987775,0
99.5,0.4688301912131183,-1.5322347184719423,5.304568107444348,0
99.6,0.3701510912460389,-1.5614058379692648,5.355461470851788,0
99.7,0.3049586505201014,-1.6314832510531745,5.403753994270515,0
99.8,0.20337962470967336,-1.652905485149466,5.3553413839329735,0
99.9,0.1289142559701489,-1.663649032874368,5.379528112806644,0
100.0,-0.07425528881841519,-1.6952204763017622,5.319504069447495,0
100.1,0.08952981392387574,-1.7442145874253285,5.360328045463861,0
100.2,0.23879537841551407,-1.9497993793237254,5.440107869770259,0
100.3,0.14722827183619797,-2.1044293560731395,5.390023658960895,0
100.4,-0.03039044529667212,-2.151618579673212,5.442036461968622,0
100.5,-0.17648515143180005,-2.210145414697919,5.495221455863103,0
100.6,0.02027255705821266,-2.1759164781358455,5.481153801209166,0
100.7,0.47033420963281314,-2.2268368835654764,5.6083323179601425,0
100.8,0.7534852897265687,-2.2347829610039005,5.77812504390293,0
100.9,0.6706387883168767,-2.264668057193796,5.853207282585729,0
101.0,0.5769369991218825,-2.1699740730660815,5.945344235681561,0
101.1,0.4300870729728864,-2.1439698618996608,5.921575675705502,0
101.2,0.1970251027552004,-2.113095507558662,5.871419737110399,0
101.3,0.22500604884740283,-2.20289556806574,5.904168540374914,0
101.4,0.4759162151238523,-2.223346573803015,5.906357417605999,0
101.5,0.6150898491005166,-2.1820776416589878,5.891003228305323,0
101.6,0.5643256199099336,-2.168663919186958,5.871083162195165,0
101.7,0.24438472446912995,-2.2550140296477332,5.742067668548023,0
101.8,-0.09606658157654888,-2.5340191912998278,5.56970234160605,0
101.9,0.024590737766749464,-2.6524546037103836,5.47649373769281,0
102.0,0.1652348759429289,-2.8266306505552574,5.407519306819758,0
102.1,0.16479401228399224,-2.854129026252276,5.427237738735652,0
102.2,0.3721893027081121,-2.763270832590221,5.469911410064292,0
102.3,0.37639071692276094,-2.5531868080199622,5.463556620947914,0
102.4,0.28990615600506703,-2.563191687662422,5.477166028877656,0
102.5,0.23201119856442434,-2.5881038100934033,5.460729232973001,0
102.6,0.3200391091698227,-2.609600980425759,5.547253553977901,0
102.7,0.5250560328165881,-2.6334223094868667,5.6362213848273,0
102.8,0.46223885177540486,-2.4626743575102146,5.7200849187301435,0
102.9,0.37522243879713385,-2.468862794243014,5.783187010603295,0
103.0,0.5181595990766512,-2.4615330935647863,5.859933110316417,0
103.1,0.48834670049184165,-2.4775994201558116,5.85875042019539,0
103.2,0.26074993479708114,-2.713930624305564,5.8752867812671665,0
103.3,0.14189268668133967,-2.7367375558626112,5.885391882675394,0
103.4,0.3283818404693343,-2.866045974078543,5.946174643059751,0
103.5,0.6162864686214495,-2.889941269467892,6.040321189356542,0
103.6,0.49257284692619246,-2.9272955689712594,5.968686056198289,0
103.7,0.3148247380342958,-2.9060311367564102,5.916508063267438,0
103.8,0.5577260651780243,-2.814856588148518,5.9476187033738,0
103.9,0.6523592452331217,-2.8224825257117008,5.911099838803365,0
104.0,0.4131151740865261,-2.777396590771669,5.926260862013942,0
104.1,0.48703783066269574,-2.887696321453352,5.957515709348582,0
104.2,0.5483319886377573,-2.8040383152694566,5.925900324272439,0
104.3,0.5885462689584302,-2.842490807061347,5.960400776198561,0
104.4,0.5262477474599564,-2.7416870588967237,5.979688495043903,0
104.5,0.349247414462245,-2.700174130305125,5.914043886200302,0
104.6,0.25330810190146985,-2.6459157307879204,6.008534488207071,0
104.7,0.2463236425042747,-2.6039380083109926,6.013872116681032,0
104.8,0.2855145905800193,-2.7223520132551107,6.050747117696238,0
104.9,0.23797560051142108,-2.6984738579695247,6.113489524761691,0
105.0,0.33696512922786126,-2.659345547200151,6.078893520772114,0
105.1,0.5386447840574465,-2.684234454359555,6.212909031943737,0
105.2,0.5658178125941322,-2.707190880631366,6.227082423229022,0
105.3,0.5406124750440879,-2.9119709340933353,6.217115095948493,0
105.4,0.4982515541643032,-2.9328221993001526,6.224316645955378,0
105.5,0.43917825128809707,-3.0298622620383653,6.299868504016466,0
105.6,0.4945062908082075,-3.1003871636541307,6.312907737983951,0
105.7,0.41034310080110165,-3.1450070011754403,6.32517065524545,0
105.8,0.3150345792793378,-3.2676437337284354,6.309445815830985,0
105.9,0.36226945393970994,-3.249020860440512,6.278857902703776,0
106.0,0.5434195834349052,-3.439076515445996,6.381596122451402,0
106.1,0.42989609091195824,-3.3748650193109975,6.346072911120054,0
106.2,0.3181240860576365,-3.234223477653553,6.380707591570557,0
106.3,0.3185754137285949,-3.1436113211151375,6.430301136579516,0
106.4,0.28005954991895665,-3.273519956126541,6.400613179356638,0
106.5,0.3112623202048281,-3.2769074480312086,6.425413076474828,0
106.6,0.3835979503902288,-3.3875537450824402,6.430022975784205,0
106.7,0.5362246363562916,-3.290212055214547,6.514318549005276,0
106.8,0.4963055893835346,-3.267449680649855,6.485227569251981,0
106.9,0.5064813340218552,-3.3157743017725707,6.5057101047200945,0
107.0,0.4300349359448443,-3.332146108060673,6.4847092831849595,0
107.1,0.40192114337204676,-3.3572415945303113,6.483910830849472,0
107.2,0.5512305772389169,-3.4702209006134623,6.505056923679719,0
107.3,0.5967591787152466,-3.3832842940637513,6.524754778257415,0
107.4,0.4997557320142973,-3.393400988191015,6.5339537079107135,0
107.5,0.5740068292540512,-3.5060926453814276,6.5614240928932075,0
107.6,0.617383745351473,-3.4637005140247927,6.590220570264137,0
107.7,0.5628413906580477,-3.710456694221917,6.528927422632499,0
107.8,0.6999872886992647,-3.6514791381962177,6.623132055337483,0
107.9,0.5952342036405942,-3.5121809118209812,6.694050074231884,0
108.0,0.47724151242631613,-3.4324226967455855,6.623568143837302,0
108.1,0.38875708893499067,-3.399152025281701,6.607892376566173,0
108.2,0.4162158951389153,-3.4211117298685125,6.6439418689184535,0
108.3,0.4420623022775171,-3.547250954680486,6.685889962852391,0
108.4,0.30068135338090113,-3.4850564956271604,6.774906059566746,0
108.5,0.25849606727910324,-3.424334542781365,6.770597372091285,0
108.6,0.39260882139039355,-3.539441588164678,6.872525350726313,0
108.7,0.5233261611077045,-3.292061500227342,7.020451301087346,0
108.8,0.34883240582832015,-3.307100216639308,6.961544025255276,0
108.9,0.3928453207703348,-3.2986217140919565,6.957894276304453,0
109.0,0.3785372675024162,-3.3090050908136917,7.014327762775733,0
109.1,0.36148050320561564,-3.3758961810281987,7.013583488089132,0
109.2,0.2766634837426612,-3.335437267841656,7.005669517158182,0
109.3,0.3322428072336533,-3.3677503351657085,7.016912179618055,0
109.4,0.4488437257807355,-3.35695732596664,6.970686558440765,0
109.5,0.5443096884030834,-3.238135481824508,7.033727406433165,0
109.6,0.3801485798216987,-3.1161032708913097,6.968852151283964,0
109.7,0.11815788596515457,-3.2152861923492253,6.84307693547848,0
109.8,0.40808169885520085,-3.2433919210821123,6.9985301345516975,0
109.9,0.3791417447545388,-3.409721115353907,7.016742953616051,0
110.0,0.3164808455743512,-3.3530702921901265,7.05231612464164,0
110.1,0.295209040231041,-3.333745410768055,7.05269443049982,0
110.2,0.3747495435470908,-3.3894293585918875,7.1015837407739415,0
110.3,0.3260296282780073,-3.422226291644175,7.07621924305875,0
110.4,0.3241724819563084,-3.451504767203982,7.069097377034045,0
110.5,0.11618399134805397,-3.6199233133156623,7.041108972975087,0
110.6,0.19072439945830158,-3.5657390908266584,7.053375024260042,0
110.7,0.2762808051029157,-3.5916633953512567,7.073562661095705,0
110.8,0.060175458334179935,-3.5459877064354566,6.935937977813507,0
110.9,0.3564649646465007,-3.6421169685516075,7.046969722304811,0
111.0,0.2642847816020318,-3.7127298698191873,7.094314280664693,0
111.1,0.10549641708564102,-3.636971153678567,7.151663104760992,0
111.2,0.3157524495876146,-3.6937131147069318,7.26326841442653,0
111.3,0.43817955403060954,-3.6972393066122202,7.368867894120486,0
111.4,0.4761540341423401,-3.721586111266933,7.368621543203275,0
111.5,0.47604312516145136,-3.5781326398086435,7.375463815212106,0
111.6,0.20264432734347837,-3.6314029970885526,7.447360801010019,0
111.7,0.23342949983569078,-3.62966863933298,7.469927328388984,0
111.8,0.15235160871741554,-3.541737795803101,7.482129039187859,0
111.9,-0.005730411999145757,-3.3506163193966394,7.394086179076448,0
112.0,0.31627515954084806,-3.2712006674240444,7.416021970649252,0
112.1,0.43603586909074304,-3.3198290769934475,7.36421205816212,0
112.2,0.010758366868652659,-3.2326367321384204,7.30715239561342,0
112.3,-0.22424898024669532,-3.091267483222457,7.256235400192897,0
112.4,-0.14350470126956155,-2.983284320618262,7.313766045959693,0
112.5,0.05565014612605081,-2.957159755315568,7.355707093081318,0
112.6,0.33388155132116076,-2.9855531579890404,7.329694851668006,0
112.7,0.33051211084156235,-2.9239370027017637,7.318009011270758,0
112.8,0.35157556337080403,-2.973899358147057,7.317247959582872,0
112.9,0.2881049957713919,-3.0570460969168627,7.303263833573484,0
113.0,0.14282701668944087,-3.1422053812181447,7.234875079769225,0
113.1,0.1473440767326851,-3.177001139590753,7.243924903260148,0
113.2,0.5591342585502077,-3.1740612284920084,7.307871377037854,0
113.3,0.4871728157200531,-3.1005416392982488,7.348369328412086,0
113.4,0.1918031420944426,-3.1604117718116433,7.445232339806734,0
113.5,0.0812656039554596,-3.172207834191984,7.398585864921097,0
113.6,0.005403858140936496,-3.097780546502948,7.2722089356169475,0
113.7,0.08698997485379642,-3.197416139980862,7.328226820729052,0
113.8,-0.10584929147019499,-3.2733805082805887,7.408458292992627,0
113.9,-0.08987866013033276,-3.2906564098365605,7.3734376605059335,0
114.0,-0.06736107199679872,-3.1920685038574477,7.358992506289113,0
114.1,0.07890006708016097,-3.178468633105928,7.4466333426532,0
114.2,-0.06088449875175632,-3.128557038281991,7.392214077456742,0
114.3,-0.14080099134127624,-3.2392929874438865,7.417353282212725,0
114.4,0.021481305836659515,-3.204896972237246,7.304289513063585,0
114.5,0.061196756545560504,-3.3323816015195016,7.3257405573155125,0
114.6,0.06652335241683124,-3.3698934994733682,7.356851546547647,0
114.7,-0.05218148590146887,-3.2849272338027427,7.323056994139757,0
114.8,0.18093424724300788,-3.303406285427262,7.298115340653719,0
114.9,0.1671873825772728,-3.265555787677959,7.293650800923089,0
115.0,0.09266163258933272,-3.262477299289606,7.302757331322788,0
115.1,-0.08205728772895668,-3.182682671116182,7.261131544442655,0
115.2,-0.2040990874659724,-3.2486650515618494,7.152230739309337,0
115.3,0.12225881569739872,-3.202288244293925,7.08974997192268,0
115.4,0.1579110899831959,-3.2531042549202582,7.069967261282416,0
115.5,0.1435264868106889,-3.1340018891443693,7.043125577901388,0
115.6,0.1403939547252239,-3.0703371669331325,7.101735507982835,0
115.7,0.06271704757018738,-3.07415576682195,7.1469714826965385,0
115.8,-0.050120242356779476,-2.8987897933420417,7.139496421235466,0
115.9,-0.20370559907297162,-2.8970169818044282,7.240750718072277,0
116.0,-0.1669663799654065,-2.893050275184838,7.256524584236803,0
116.1,-0.0003528252456232783,-2.915538093449571,7.253552288690342,0
116.2,0.07905252888471319,-2.827449959018002,7.300148826081371,0
116.3,-0.05700695030752177,-2.8694477287100684,7.30918737157084,0
116.4,-0.09513523114593066,-2.7832613246791738,7.316925717349973,0
116.5,0.037004471254797465,-2.8405679089364213,7.395665793388841,0
116.6,0.07232485556823494,-2.831663956114519,7.397188941738634,0
116.7,-0.03217585866695556,-2.814202598855752,7.41846816002113,0
116.8,0.04337015409465838,-2.9961764392998584,7.36953381465125,0
116.9,0.07523795897124827,-2.8637337667038243,7.364900909293229,0
117.0,0.03287055100396513,-2.933466464831757,7.3728452339563635,0
117.1,-0.03698068774410014,-2.8724196413048686,7.366171554284742,0
117.2,-0.14220200907853658,-2.849342897305918,7.338950756856461,0
117.3,-0.08112345607426366,-2.760773793006415,7.270454960010885,0
117.4,-0.10148480906455817,-2.7819591528258316,7.285452529953631,0
117.5,-0.10066313251779872,-2.7314163734588583,7.294339108285962,0
117.6,-0.25236964618924257,-2.603602478493003,7.262326002785218,0
117.7,-0.17876795438115156,-2.581965944464696,7.21915091843686,0
117.8,-0.06740586607079795,-2.4320739922241885,7.272842498313347,0
117.9,0.08116535809791262,-2.503124232431379,7.211229777059218,0
118.0,0.1253965134914031,-2.3977154789076347,7.21349803068733,0
118.1,-0.05716688890579695,-2.3413978473127948,7.255919572460138,0
118.2,-0.09699399954627823,-2.2289097773217312,7.275745389038815,0
118.3,-0.13981828033812999,-2.226349277348703,7.292666482073699,0
118.4,-0.02100714367938743,-2.1349732320335026,7.258284775324546,0
118.5,-0.13940782307984761,-2.0336377389107243,7.173564982460938,0
118.6,-0.2543646526758563,-2.2347054030879905,7.259793464926783,0
118.7,-0.22428050302629146,-2.0885788200971804,7.226161857257891,0
118.8,-0.09374648759818141,-2.0998555932474696,7.294189611975116,0
118.9,-0.06269940103640802,-2.0598677253497675,7.347014860866968,0
119.0,-0.1913103006968326,-2.0320808911299926,7.38682678671056,0
119.1,0.0067346561823887095,-2.0951012003672695,7.29880812687411,0
119.2,-0.0765159912471069,-2.1174085303147563,7.35591696566653,0
119.3,-0.2063820118655407,-2.1826754433088142,7.4234332780088135,0
119.4,-0.08402876836248967,-2.254468801514862,7.507382451771304,0
119.5,-0.1441413363198467,-2.3664894738906836,7.466353228016534,0
119.6,0.06765628239055195,-2.2754470954598287,7.383190043518239,0
119.7,0.1655967256489887,-2.4254302759423445,7.391251003607437,0
119.8,-0.09351228416808237,-2.4217604025027466,7.255065268615674,0
119.9,-0.19875948711191885,-2.3595664428620493,7.22807108610245,0
120.0,-0.22825949465456735,-0.6263215931686684,7.245678726263034,1
120.1,-0.35347662000960656,1.2161822992656879,7.244808774317924,1
120.2,0.014593159783849341,2.947127776952493,7.25087387476672,1
120.3,0.11598965503558187,4.743129584392491,7.20847819734536,1
120.4,-0.1511104906481376,6.488425572191294,7.187593048916232,1
120.5,-0.09803591005518322,8.362719287558733,7.23375695900606,1
120.6,-0.24706396266815484,10.10957382356863,7.256487545056504,1
120.7,-0.19638707469183436,11.978481138416745,7.277186481599662,1
120.8,-0.0444623264163869,13.8124529399937,7.353637816074008,1
120.9,-0.22890797298355353,15.499635604711258,7.421542306258215,1
121.0,-0.16020175706953205,15.551194740549803,7.342859955464424,1
121.1,-0.06661415285638485,15.543708362590582,7.328951074917725,1
121.2,-0.29577689870473345,15.53144769171995,7.237563902756382,1
121.3,-0.12564717434827186,15.529043362755928,7.272245166485123,1
121.4,-0.12412885204552027,15.678098185528384,7.270191601018967,1
121.5,-0.18716305456284094,15.6670869526756,7.242713745602143,1
121.6,-0.021078533547560074,15.6377171937268,7.2162474688575795,1
121.7,-0.1134140921521836,15.622020924993768,7.163847259560858,1
121.8,-0.3814678507234851,15.58902145620464,7.1895766803853505,1
121.9,-0.21345204179655006,15.65643309975288,7.104302969711147,1
122.0,-0.05783269982448179,15.677101773478796,7.086581923187403,1
122.1,-0.040514826495827404,15.643454606718596,7.1329219541363305,1
122.2,0.07793129158344278,15.572112310834859,7.204767604571254,1
122.3,-0.19992524747194024,15.71309214063933,7.206615303194906,1
122.4,-0.08420615365741786,15.587438360740384,7.120453979589959,1
122.5,-0.06384137518776291,15.546640562652092,7.109037256014522,1
122.6,-0.19670490971448207,15.638409190168636,7.119661178391979,1
122.7,-0.2372628299485895,15.682596308992391,7.126585629408874,1
122.8,-0.16462471752512098,15.77892629657676,7.023367110752797,1
122.9,0.05700894977613413,15.802061272282563,7.050796085593684,1
123.0,0.17093670334445404,15.906646847325288,7.125043998712154,1
123.1,0.11940287630550954,15.930226397553497,7.078098324642477,1
123.2,-0.23813590364017073,16.02557969231158,7.096377064548522,1
123.3,-0.07558452171204538,15.967305603561183,6.986516522552802,1
123.4,0.016528725459498315,16.07079269825965,7.025749515338428,1
123.5,-0.032501602218940016,16.165728310944502,7.02985404431527,1
123.6,0.08571426649624955,16.12527636108282,6.984000967520332,1
123.7,0.1522232428917014,16.119518190944355,6.956608340007284,1
123.8,0.27618950922672514,16.18938742504477,6.97628490007286,1
123.9,0.22086441744867802,16.186470462106865,6.960404715449224,1
124.0,-0.018399748356098956,14.445510870554756,6.915907875261857,0
124.1,-0.22971846289269776,12.79118079344506,7.037002353833965,0
124.2,0.00799794649058406,11.168808086039293,6.922320972654019,0
124.3,0.004703426837958409,9.588060564162518,6.969223547857618,0
124.4,0.05103484330823764,7.9137686642445875,6.983251224760731,0
124.5,0.14181232078368775,6.206685086651499,7.028575661306668,0
124.6,0.062295118922156334,4.590846872346097,7.053856412235541,0
124.7,0.11452397398402389,3.0036296930480235,7.095344409468329,0
124.8,0.040553114625555955,1.3732009099450728,7.0493111904612125,0
124.9,-0.04668895296058018,-0.23145675423924522,7.03064954258088,0
125.0,-0.07615176037656878,-0.26860006890197935,7.026154631171553,0
125.1,0.13326573755224885,-0.23733041635482874,6.902156162734596,0
125.2,0.228139198565193,-0.19615217351102154,6.947008553029669,0
125.3,0.11465212507228421,-0.26039744926158664,6.99180478896986,0
125.4,0.054952357181885444,-0.16864226286907316,6.988500504460584,0
125.5,0.1561565236140639,-0.12636196859378432,7.037987766377761,0
125.6,0.2815094635586432,0.0625198247211628,7.0475856925713485,0
125.7,0.1428729655935922,0.02170007840492851,7.045725877519594,0
125.8,0.09352223803504993,-0.10327576127909474,7.07362246655542,0
125.9,0.10342459711541283,-0.09257998958250128,7.050646237810449,0
126.0,0.17418181864098806,-0.02789139661841681,7.06375464205086,0
126.1,0.19376930517440377,-0.02471213821636145,7.071669887555572,0
126.2,0.1402222838780224,-0.03126544054119963,7.039565094486498,0
126.3,0.38863253384340013,0.06403434197950512,7.054417095292481,0
126.4,0.3817357200078549,0.11953716528747718,7.041923706129422,0
126.5,0.17700915541687554,0.17801255364614293,6.98488798640207,0
126.6,0.1031237880986692,0.122867503058917,6.959339717995998,0
126.7,0.22761940197444774,0.13831541736398636,6.96907065680971,0
126.8,0.28028432409473825,0.2928797982960703,6.973664276931456,0
126.9,0.1558689825939998,0.2820800641302056,7.046259007370692,0
127.0,0.251339628300137,0.3137402936930074,7.051914933316195,0
127.1,0.22935407071425976,0.36912554431854355,7.049282153300588,0
127.2,0.12739663605798562,0.44295320942224636,7.091851130560291,0
127.3,0.15832494076529027,0.5275853291360182,7.0959014954221,0
127.4,0.16172674490706476,0.5083099401376445,7.134512310773194,0
127.5,0.05265258721063988,0.46216667685289625,7.192933630653796,0
127.6,0.015374094383101555,0.5219871947140586,7.210993217218004,0
127.7,0.22405900151632915,0.6051783325837409,7.322044963632562,0
127.8,0.11661306612392264,0.5835210096243838,7.353155629585761,0
127.9,0.1577726000473206,0.633199410079207,7.295859856276566,0
128.0,0.28374110527732677,0.7554293886079364,7.374625847734402,0
128.1,0.11920827032891293,0.7680034191052163,7.495186536604604,0
128.20000000000002,0.10348166572768283,0.7179428290785054,7.540423706835853,0
128.3,0.05500789595743274,0.7882631358838765,7.517689623600883,0
128.4,-0.02853691419860539,0.7770356294509437,7.452171041749151,0
128.5,0.20087408922458386,0.763887869894851,7.376638067727124,0
128.6,0.29580612636601034,0.8648416722600911,7.4031405896318105,0
128.70000000000002,0.0056749810864790366,0.7357190652241676,7.273435669638826,0
128.8,0.10748647777872036,0.7559730233470885,7.248065134247883,0
128.9,0.22381809415477708,0.8968144976676562,7.3027509381111,0
129.0,0.13528070099618567,0.8827114667224775,7.283704846954038,0
129.1,0.24074937609659272,1.0177315888279241,7.20871971136288,0
129.20000000000002,0.2548198121584409,1.0693216344500882,7.1745810100818685,0
129.3,0.14180385582807892,0.9749161828828303,7.137839024913932,0
129.4,0.16286579403498638,1.0171493934783917,7.156419469505787,0
129.5,0.34449993701021026,1.1068722413286358,7.289676005653651,0
129.6,0.37716594038701556,1.0981140109439924,7.308637360350879,0
129.70000000000002,0.4391120249932957,1.3189071506853371,7.341787740284427,0
129.8,0.37101911774585883,1.3169172606448403,7.396241362116635,0
129.9,0.3076225150454677,1.3066124530414924,7.346199819863388,0
130.0,0.2822610052372597,1.2876238243774194,7.2828853933576925,0
130.1,0.3881054177455637,1.255671470333072,7.286993301889377,0
130.20000000000002,0.5056254479210551,1.3541257127566748,7.299800855823456,0
130.3,0.42967437725839536,1.486287765719092,7.367460337010753,0
130.4,0.35954430613582333,1.5553183523979102,7.405008228590553,0
130.5,0.24495335593726403,1.6195128984231633,7.351443179877544,0
130.6,0.3163680385595109,1.5409189710576148,7.40238695855264,0
130.70000000000002,0.34913893791899003,1.465384712899327,7.443314052316107,0
130.8,0.39733128475640545,1.5063117716392505,7.437685517666303,0
130.9,0.26899389960200226,1.5314821165553947,7.51502360169408,0
131.0,0.19318200846775993,1.609890531523544,7.478594960509196,0
131.1,0.27772683192710257,1.7019423130946696,7.556926411945488,0
131.20000000000002,0.2438540865281463,1.6589023570756687,7.544100072217395,0
131.3,0.27729906537199955,1.6352170575059453,7.479603951255453,0
131.4,0.43656873190120454,1.673460707396525,7.494298005828679,0
131.5,0.2998556847358363,1.6059207807128746,7.454903389950839,0
131.6,0.09001365163112683,1.6433757464793022,7.432879053555965,0
131.70000000000002,0.14259479286790505,1.7117484727066354,7.443129745199009,0
131.8,0.1890653887092541,1.7939424034429543,7.444042190804457,0
131.9,0.38887849601300395,1.7882104265199037,7.4328606628789,0
132.0,0.4207799139294373,1.8002390977313187,7.480687095794638,0
132.1,0.3288437146867763,1.7325727663897577,7.402508060629344,0
132.20000000000002,0.49030093578526673,1.9471457274988624,7.511467614257211,0
132.3,0.5750368256068124,1.9563179882188177,7.571048906484954,0
132.4,0.49180649648084807,2.0657085582577084,7.619396245489495,0
132.5,0.19998335742070586,2.161078844292501,7.779309161978453,0
132.6,0.0951901957822328,2.3047232163287665,7.780512838245301,0
132.70000000000002,0.19015893462336061,2.3417710642831002,7.834378488911365,0
132.8,0.26944130861223414,2.3993541085930175,7.9117481787656345,0
132.9,0.3399809097741322,2.4240721915005325,7.941500871117758,0
133.0,0.4867084517249446,2.4062742023822477,8.080056578809018,0
133.1,0.3367583612256104,2.4839877661695473,8.135440812486129,0
133.20000000000002,-0.12366266644065602,2.5274629015111496,8.20724315690817,0
133.3,-0.289577879288574,2.4831801260019133,8.19628890475362,0
133.4,0.05509352336448674,2.465503716783519,8.29019450136425,0
133.5,0.6042445655660653,2.489429870644213,8.271678588736751,0
133.6,0.5544413047187927,2.474180921768364,8.365270898699244,0
133.70000000000002,0.32966451668382535,2.573767742941876,8.29707449173635,0
133.8,0.2750587515598787,2.5991563565130567,8.275037829193977,0
133.9,0.1782329545583801,2.591592860015239,8.240622997143607,0
134.0,-0.1372428096582465,2.7266527931667612,8.171256028175614,0
134.1,-0.016215798204481706,2.6802003329710944,8.168199246018386,0
134.20000000000002,0.540632337659237,2.6678198724087188,8.162913424999076,0
134.3,0.5925680850986276,2.8517580126508486,8.173435120305113,0
134.4,0.13924220129460893,2.7876075764589294,8.072092731588345,0
134.5,-0.03089193287670914,2.9266921147082057,7.99055721646877,0
134.6,0.30371297819839405,3.0000850413038953,7.924971490654262,0
134.70000000000002,0.15291509269095352,3.0853299486702204,8.019939703159277,0
134.8,-0.022372191628524895,2.966202484193506,8.055515720083466,0
134.9,0.15599233988738015,3.044533428284596,8.138104142432173,0
135.0,0.35278611821706285,3.0924699267166655,8.126750899922918,0
135.1,0.36703641671897247,3.066208568593643,8.122618716736262,0
135.20000000000002,0.12219201473277015,3.0284092939326213,8.009035191379056,0
135.3,0.12302429517994758,2.959885521590396,8.05440483069342,0
135.4,0.35144500009516133,3.0299906072935094,8.104381070615576,0
135.5,0.3623922476569751,2.9330867022503715,8.140964423538056,0
135.6,0.17299207292438337,2.86935311023482,8.185272853312927,0
135.70000000000002,0.21800691237162173,2.776310205843518,8.171803198945742,0
135.8,0.4561608399419693,2.8894384346503785,8.158290595518569,0
135.9,0.2712854459702242,2.8312870673220742,8.099428386883764,0
136.0,0.22321976081267775,2.778048754784275,8.062401963083891,0
136.1,0.38310498327617115,2.9316133214973066,8.158033661026,0
136.20000000000002,0.12227491482264363,2.9253249329645064,8.278922120652226,0
136.3,0.05420994267687076,2.8863717893273373,8.316240795304356,0
136.4,0.010816853183235876,2.8626165670120503,8.301728725867159,0
136.5,-0.019864430204251615,2.9390265713521035,8.262026693624668,0
136.6,0.2005175408631375,2.908662478703834,8.27344172079811,0
136.70000000000002,0.5041154761559647,2.986548160717814,8.324302251514649,0
136.8,0.3066857780859161,2.9688859398660945,8.326628826021317,0
136.9,-0.00547122649814451,2.9964824705897706,8.474115461551802,0
137.0,-0.014878172011746144,2.9725250900707194,8.475976773174724,0
137.1,0.0031424776615705417,2.8008443896985837,8.49311566123461,0
137.20000000000002,0.2230373023443255,2.7049468507674446,8.36003290679561,0
137.3,0.11949274006090511,2.7380852869573555,8.446567752064375,0
137.4,-0.13703837657572743,2.877916357796267,8.483415457302803,0
137.5,-0.16827951502046093,2.8992524122882934,8.458239975802178,0
137.6,-0.25196298898651326,2.978171011191167,8.388469076358636,0
137.70000000000002,-0.3149819983748004,2.906588051337035,8.314842252505592,0
137.8,-0.21704439760448616,2.8597886358222597,8.295694571185104,0
137.9,0.012419258776290788,2.964919150169752,8.14562332431276,0
138.0,0.07422934633500898,3.0620956377587665,8.18840186358538,0
138.1,-0.1203388808166885,3.321177780520221,8.08463124418156,0
138.20000000000002,-0.1921152711435882,3.3571404056086074,8.136583851094375,0
138.3,0.09826382286740609,3.36651959150779,8.062062751292,0
138.4,0.3532760536180261,3.3513100550398187,8.035489069153037,0
138.5,0.3180448640221575,3.2542415334269714,8.072208257778389,0
138.6,0.21245043742277633,3.3063145859030336,8.076596407620446,0
138.70000000000002,-0.08325520412118877,3.3992072843999637,8.115077230361724,0
138.8,-0.14568872880125522,3.541306993326456,8.087636681955079,0
138.9,0.08316379318640155,3.644638077388252,8.178357134469818,0
139.0,0.1256336382707987,3.636827904419456,8.202392490533828,0
139.1,0.07902392648805731,3.558562339435814,8.205707702542236,0
139.20000000000002,0.12795860104325285,3.572303418549803,8.186711274003374,0
139.3,-0.14463332177087462,3.62665404407331,8.222947576187305,0
139.4,-0.30986958600048864,3.552428214927711,8.183727038158818,0
139.5,-0.18893820612343631,3.6368048444161873,8.186256286711606,0
139.6,-0.25759719084122923,3.6048097946998814,8.203831317787213,0
139.70000000000002,-0.0683165973991054,3.55691489135119,8.105241029630504,0
139.8,-0.009442531390858582,3.5518936239887076,8.143761693622292,0
139.9,-0.3618277753463316,3.4513068886590026,8.130509144914942,0
140.0,-0.37117694479620783,3.461113584037539,8.12434341788759,0
140.1,-0.24396190878194024,3.368670595229683,8.17594040718502,0
140.20000000000002,-0.307310119613072,3.4591683424110853,8.161608501605368,0
140.3,-0.15924697730428342,3.5342142030094905,8.049463140778347,0
140.4,-0.002782036462336479,3.539073724828527,8.03984268535589,0
140.5,-0.027261370344747883,3.533466438772497,8.060669877452623,0
140.6,0.028419181970967905,3.593313235998439,8.086888870862735,0
140.70000000000002,-0.07831003428652863,3.688500682918877,8.152993178997155,0
140.8,-0.18281432323497834,3.7047164753392012,8.142429647482494,0
140.9,0.03739918134611958,3.6911086784010445,8.103907700063914,0
141.0,0.06709009655926858,3.6226607775481794,8.113244881562503,0
141.1,-0.19725820147979262,3.6477374607695277,8.121257969596721,0
141.20000000000002,-0.28062488937884644,3.6680275368115227,8.190819859637765,0
141.3,-0.11023606580796597,3.4919474743747694,8.216137144745693,0
141.4,-0.0518998200017744,3.459355599442978,8.233718788530565,0
141.5,-0.15266921192849695,3.497133492042425,8.171551897270806,0
141.6,-0.3204745478213119,3.482080579054672,8.20955959208845,0
141.70000000000002,-0.22275930854990816,3.312295104077932,8.130104311329653,0
141.8,-0.026285763469996736,3.3155083926901816,8.134422809322974,0
141.9,-0.13039456666577653,3.4040860263168553,8.073766269621215,0
142.0,-0.332013489111184,3.3422760091074877,8.042496940765954,0
142.1,-0.23680336311505618,3.4826655453395574,7.982768443457874,0
142.20000000000002,-0.17250120637954605,3.515239257516266,7.911828028345401,0
142.3,-0.3759897363897168,3.7515864790346285,7.910173985666579,0
142.4,-0.44634647842211433,3.7672711785588904,7.869861981148384,0
142.5,-0.46742631616655705,3.756851890114535,7.858953580390988,0
142.6,-0.34414884170617144,3.7054610908790684,7.773369190885411,0
142.70000000000002,-0.2618128445049632,3.825776222680419,7.8100613461524615,0
142.8,-0.3580470888488207,3.789694492582059,7.774733538370839,0
142.9,-0.17423559254753007,3.652494414434144,7.817022090184548,0
143.0,-0.2909749866431987,3.7937477495553624,7.861880772504614,0
143.1,-0.3902419020622977,3.7597419303412076,7.883465949993339,0
143.20000000000002,-0.15875987242715,3.6932917209446323,7.873828554390175,0
143.3,-0.12526056254170412,3.6061373689902445,7.863304804406743,0
143.4,-0.17903940747575833,3.657145918776828,7.840832266376945,0
143.5,-0.3410754469798847,3.7024489662011932,7.9244593095069735,0
143.6,-0.2992619563965573,3.694001695169156,7.885558192986387,0
143.70000000000002,-0.36074299077152105,3.6032366086640204,7.868898526158169,0
143.8,-0.3897862514827395,3.533505375524797,7.8194644887827165,0
143.9,-0.4614226323525476,3.5919508794312156,7.7827460688978345,0
144.0,-0.2523753499359961,3.5078009285328333,7.657364837201277,0
144.1,-0.17879511271204007,3.5614384858548953,7.634755736217104,0
144.20000000000002,-0.603496843334862,3.519458565220249,7.734229877737269,0
144.3,-0.5466334461832802,3.37842110618366,7.623432133891153,0
144.4,-0.4849435302343628,3.3043891946572566,7.60055724819879,0
144.5,-0.3404151300596801,3.26520666619795,7.498036160845774,0
144.6,-0.2974357603016308,3.289299623878164,7.467148172508574,0
144.70000000000002,-0.4060599152021104,3.342459551745324,7.4545193939846515,0
144.8,-0.4260870529060295,3.4088923436382776,7.482549179391761,0
144.9,-0.3929430568179767,3.232454392448323,7.474512469145933,0
145.0,-0.5516497100451525,3.2082809334656504,7.557749053408645,0
145.1,-0.5457186729581951,3.1137081976214347,7.512598328089217,0
145.20000000000002,-0.2615212960765575,3.11908995323486,7.333795585270357,0
145.3,-0.2841328040403313,3.1093559794955032,7.381918384651584,0
145.4,-0.38125050977347613,3.121524371439151,7.392983412986202,0
145.5,-0.544401474018607,3.03942415729204,7.452489032387154,0
145.6,-0.6378362781535099,3.035172451634703,7.4809679029648946,0
145.70000000000002,-0.4070341367461247,2.9800597914266183,7.4860964653508635,0
145.8,-0.30504558309844076,2.905612849479751,7.504194975261747,0
145.9,-0.5074016766310991,2.9673396947368103,7.51908573992794,0
146.0,-0.35978352898926313,2.888784851398695,7.4156220528502885,0
146.1,-0.357001039154185,2.918665952890456,7.428539829561063,0
146.20000000000002,-0.5722420524160503,2.899494727820844,7.535954208086918,0
146.3,-0.5112543710834153,3.0026930751865555,7.489135467820617,0
146.4,-0.5395661830197306,3.118094609510311,7.405654067792864,0
146.5,-0.4167070496946709,3.227206771278253,7.310355051548987,0
146.6,-0.2478375018582332,3.115240729723489,7.269543278612619,0
146.70000000000002,-0.3358270020241709,3.1253250851726992,7.251656885481964,0
146.8,-0.5501921044450028,3.201232837299756,7.256138827501933,0
146.9,-0.4580451865156661,3.2413559702609325,7.1431126724051115,0
147.0,-0.3213667612625739,3.321922600730683,7.200451357397131,0
147.1,-0.39786289691151105,3.216636159324031,7.190575160565191,0
147.20000000000002,-0.38057987579402935,3.36005299363942,7.161959260799357,0
147.3,-0.355584650789311,3.3355780516049953,7.187916432617614,0
147.4,-0.2557742964915215,3.246269033005329,7.253545676681261,0
147.5,-0.10502687154430208,2.9969015701347845,7.245634962619114,0
147.6,-0.12621887875117205,3.014070685837468,7.254643011313794,0
147.70000000000002,-0.3426110544711317,2.9553102953533377,7.229647711425649,0
147.8,-0.18423683417161082,2.9007785346693007,7.148849926340317,0
147.9,-0.22273228495712774,2.912779539162655,7.187424287014808,0
148.0,-0.5434981146314433,2.900270188831782,7.17098937191564,0
148.1,-0.43463331261802274,2.9890350197014257,7.1338650960476,0
148.20000000000002,-0.333644817361359,2.850478102330174,7.040722526229596,0
148.3,-0.40911150677367525,2.80850678538689,6.965434241075167,0
148.4,-0.49658845998903695,2.8216515701449323,6.903029525872244,0
148.5,-0.5607197384777218,2.992025314929988,6.8442456006504715,0
148.6,-0.4825035262115551,3.0197428746583106,6.850800615469396,0
148.70000000000002,-0.3435499328613524,3.0743438961786813,6.821290763524982,0
148.8,-0.3189964662012101,3.0055369971868213,6.8321979107239885,0
148.9,-0.35030761786432296,2.944653311874427,6.834395884519203,0
149.0,-0.3038615328401163,2.987254853049751,6.8288471542076605,0
149.1,-0.2728056123139339,2.755387960447019,6.796538408552391,0
149.20000000000002,-0.11082302378848781,2.6759032316759623,6.784560164391843,0
149.3,-0.11532393538662027,2.5960679655797643,6.812904303350367,0
149.4,-0.18803466583918785,2.5760800142662115,6.852016118053825,0
149.5,-0.2825926249745127,2.4732590588497243,6.895788510329095,0
149.6,-0.42305026624847797,2.2928184656187804,6.814375079392794,0
149.70000000000002,-0.392848522371269,2.2048909930618787,6.747532067884711,0
149.8,-0.5283881799381887,2.1997247941157316,6.741004246523792,0
149.9,-0.4028458319036214,2.2695357598086536,6.706957875508783,0
150.0,-0.2714747048799137,2.2102161726875633,6.642677286878504,0
150.1,-0.2569606900748218,2.261749943522239,6.619003830044951,0
150.20000000000002,-0.32012731120383636,2.357574771719719,6.585016930909826,0
150.3,-0.21542544723241824,2.4030815515270225,6.611863918268834,0
150.4,-0.2556176821883866,2.359922810842074,6.6335432445777,0
150.5,-0.33835439462745603,2.352632369849613,6.661920294047453,0
150.6,-0.33494271620654137,2.4005707529312796,6.674057020436097,0
150.70000000000002,-0.35450844149015204,2.329524629721221,6.695995485549221,0
150.8,-0.18125966378021857,2.323192888464376,6.684770911031042,0
150.9,-0.2628138950788254,2.111611343622263,6.655810610260349,0
151.0,-0.3491318864453557,1.995858405923507,6.620200395518546,0
151.1,-0.3129971007611371,1.9724784748397461,6.587915132015041,0
151.20000000000002,-0.3354945116468383,1.8772295628720344,6.568813466771236,0
151.3,-0.5170437550891462,1.8427570472025934,6.5618265777901374,0
151.4,-0.3543512366046089,1.7549673197757805,6.454234251238174,0
151.5,-0.028774345793546895,1.7054403586449802,6.444618925358489,0
151.6,-0.024981058143738074,1.816103855612474,6.458083321355382,0
151.70000000000002,-0.13111757430852788,1.8883836890971295,6.438234927255417,0
151.8,-0.0869683666099845,1.8492181495537143,6.445483666686785,0
151.9,0.0067304986109380125,1.9274080855690077,6.478281717522291,0
152.0,-0.02239830209104341,1.9270624409936097,6.520803406206954,0
152.1,-0.013565415430523059,1.913171545965581,6.57777927345619,0
152.20000000000002,0.033767672394453656,1.7947925243549487,6.553500287127394,0
152.3,-0.027150255747227337,1.8279926600968015,6.60102178074375,0
152.4,0.018464076216447772,1.8290613124966963,6.628493090571952,0
152.5,-0.13485314795393827,1.9083096236234174,6.553194585234948,0
152.6,-0.1937102985533719,1.800668642305276,6.533996155596459,0
152.70000000000002,-0.049224046554222176,1.6596817919825035,6.522971115568607,0
152.8,-0.24752914059124595,1.7472348310258385,6.468013998119467,0
152.9,-0.28775089215908445,1.6417832640127341,6.419639964499689,0
153.0,-0.13745444633194404,1.6451897763833316,6.38978221990051,0
153.1,-0.020842523314173154,1.6552221927422022,6.404616800105758,0
153.20000000000002,-0.030328937955625836,1.5660603371522919,6.4106780739610745,0
153.3,0.10045199152997122,1.414548213690455,6.309608818921697,0
153.4,0.0885049344153201,1.4903406205901235,6.351322237000178,0
153.5,-0.15862488951678483,1.321716669802013,6.46831523743253,0
153.60000000000002,-0.20141412062420846,1.2714859525495943,6.473994164791783,0
153.70000000000002,-0.09948781687658008,1.3019718433710596,6.524992667999969,0
153.8,0.06845757222323043,1.1407820423201513,6.581901281393836,0
153.9,-0.03519795127251781,1.2484309715352337,6.639712345282784,0
154.0,0.01677265475571623,1.223897070847873,6.634708774756255,0
154.10000000000002,-0.25509078202075025,1.2670312856437393,6.641414236238191,0
154.20000000000002,-0.36736140932172134,1.2766880420600677,6.6869486392342,0
154.3,0.015406817360314573,1.2561087416802206,6.874470389071623,0
154.4,0.04104406965450276,1.0975453226755794,6.8526447535993835,0
154.5,-0.031807222424101236,1.2454212214678153,6.925554514420838,0
154.60000000000002,-0.0527302185841483,1.1915391366288168,6.941086972755436,0
154.70000000000002,0.08044051733102894,1.080508148933221,7.045082937085274,0
154.8,0.11115463711909565,0.9302012376726136,7.034165191916694,0
154.9,0.11647737537700206,0.9316034549129227,7.0161905208766795,0
155.0,-0.030397411698914256,0.8962938605409617,7.01003460022274,0
155.10000000000002,0.1175238134564702,0.7826448933435077,6.919814233246148,0
155.20000000000002,0.2180865281207401,0.8736685249061409,6.873764790589708,0
155.3,-0.16336758513059763,0.975003208741532,6.697272768126304,0
155.4,-0.1104610990403215,0.9611402923191207,6.72390458516541,0
155.5,0.3995535730067424,0.906029737456237,6.614567770274823,0
155.60000000000002,0.41913751537869776,0.8482683829193529,6.59286427795854,0
155.70000000000002,-0.10224923999810462,0.9220791790412173,6.599968141092357,0
155.8,-0.07716804649299443,0.956575948894319,6.581659504943798,0
155.9,0.0455672698338075,0.7772251515513117,6.57747652182744,0
156.0,-0.03883638489185792,0.864125786835895,6.643930090028948,0
156.10000000000002,-0.0687653466309882,0.7484850793230289,6.657023101022206,0
156.20000000000002,-0.0794817340828724,0.658541661239954,6.6715109093614045,0
156.3,0.05808441474192129,0.5278960684440892,6.662606574192877,0
156.4,0.08304053280171865,0.46485399939824135,6.701867623704587,0
156.5,-0.17566990322506446,0.28194735971021173,6.674829997571594,0
156.60000000000002,-0.1754199978218194,0.3019408380798106,6.6911765891352655,0
156.70000000000002,0.07508973317467725,0.10198958202589951,6.543183868181503,0
156.8,-0.05020443661089593,0.19886702190562738,6.508782890269773,0
156.9,0.08415684654510196,0.1218017847331299,6.5573746137374425,0
157.0,0.21306889217978844,0.014191306286175164,6.493950523873539,0
157.10000000000002,0.020717980329318198,0.06301413600256474,6.610451551654103,0
157.20000000000002,0.05640210383200582,0.030945691518742435,6.600428536195916,0
157.3,0.002477584494477775,-0.002334165800014147,6.609122404629195,0
157.4,-0.13632470844071984,-0.053401021984264815,6.50590997665135,0
157.5,-0.0015623790003403636,-0.2278244844343706,6.450176665193728,0
157.60000000000002,0.18521613028329076,-0.28212716977797225,6.453396255465644,0
157.70000000000002,0.20294618619577037,-0.10084743530251508,6.445190043805563,0
157.8,0.08279690945659088,-0.26148920005540827,6.4788208117692125,0
157.9,-0.03281216891189407,-0.147008811964451,6.420688462513404,0
158.0,0.030732134730467625,-0.29262712640784205,6.4502259447066335,0
158.10000000000002,0.2506083873923258,-0.28271872701197687,6.337131848987448,0
158.20000000000002,0.19013799095973333,-0.3010821641158513,6.371651047856839,0
158.3,0.04081039316923256,-0.30885828051304903,6.408227592264884,0
158.4,-0.026222974377757325,-0.21100899814451451,6.4119459125544065,0
158.5,0.006079655457625321,-0.12823986687015748,6.489577863952718,0
158.60000000000002,0.11396159397338383,-0.17511214056980404,6.5574591816429875,0
158.70000000000002,0.10705317437198911,-0.3025642566995456,6.59741337807678,0
158.8,0.20011490294047957,-0.3183540087198659,6.529864393234128,0
158.9,0.12290973759927362,-0.3521839414193853,6.499210264961022,0
159.0,0.2313451625927152,-0.3582970847481891,6.579705843404561,0
159.10000000000002,0.04703496240099252,-0.3927648698101472,6.698282159854642,0
159.20000000000002,-0.1305939356819909,-0.46451160879927994,6.774791777749435,0
159.3,0.21863334630900724,-0.6147171516456618,6.8262682323873864,0
159.4,0.3130005244243148,-0.8381114076713538,6.863698019778046,0
159.5,0.19753958627461524,-0.767252295786178,6.8001247119115105,0
159.60000000000002,0.06534270835190044,-0.9310719646483129,6.717219751117893,0
159.70000000000002,-0.03023709824107553,-0.870313493516998,6.727653013722287,0
159.8,0.02327196276774266,-0.8040432066024348,6.7553662337643825,0
159.9,0.15215717581457613,-0.8851816300365899,6.829918938183892,0
160.0,-0.060301851457574066,-0.9559968381485431,6.755043708832905,0
160.10000000000002,0.1521059810823036,-1.0280303761617744,6.680388606077424,0
160.20000000000002,0.22848122253933947,-1.0302880615583145,6.702124565306136,0
160.3,0.026314182801031455,-0.9518203378095424,6.583757384956269,0
160.4,0.07604062496796635,-0.9340387684126801,6.611410937753935,0
160.5,-0.02818986760729758,-1.0519968008636353,6.655453289530432,0
160.60000000000002,-0.034023573467232594,-0.8948261186412431,6.669137311927561,0
160.70000000000002,0.17926963010180966,-1.0956868100978596,6.6958832803341775,0
160.8,-0.023855459180038042,-1.2461871830485318,6.80079648636652,0
160.9,-0.2627688071352394,-1.3174684546218174,6.782639372671021,0
161.0,0.0005269576272924237,-1.314896599017251,6.820042038080364,0
161.10000000000002,-0.007108240171292979,-1.2589550178805988,6.799130777112046,0
161.20000000000002,0.08263339618931771,-1.3785763916142597,6.728683821593677,0
161.3,0.0754846123735089,-1.428780957187282,6.751190051714524,0
161.4,-0.018463624957674597,-1.502869924129835,6.694110429586564,0
161.5,-0.01550133184203233,-1.6012664938276533,6.73205803324398,0
161.60000000000002,-0.07231102352318206,-1.6427586836502297,6.681122841879858,0
161.70000000000002,-0.192256618336006,-1.6055623016720955,6.599747984183563,0
161.8,0.044785765167691116,-1.655002050216496,6.5259807484449395,0
161.9,0.14490730859009932,-1.6883331701425586,6.480565033807984,0
162.0,-0.2315152032154944,-1.6217923663339995,6.483140385596381,0
162.10000000000002,-0.31234639773936845,-1.7747862816228355,6.489615018030801,0
162.20000000000002,-0.19578436115459688,-1.6855418188363682,6.4381824077968135,0
162.3,-0.11503381046545003,-1.8358149097139083,6.5095162020954955,0
162.4,-0.0911778568796187,-1.8692197728935593,6.509043925026712,0
162.5,-0.056250551201280974,-1.7634569456174334,6.445410823040066,0
162.60000000000002,0.00031759025554838337,-1.8712318132756909,6.461419091217661,0
162.70000000000002,0.11804483011498197,-1.9435940182123344,6.546679155288113,0
162.8,-0.10653330380796736,-1.8358736353681422,6.593699519375195,0
162.9,-0.23787020297802358,-1.8378946806815786,6.6846532869009225,0
163.0,-0.06164251229865585,-1.9312045201113464,6.616018490159516,0
163.10000000000002,-0.05087941693763909,-1.9882715486999785,6.6001379977947465,0
163.20000000000002,-0.11078802075665953,-2.066567483099052,6.612819029637718,0
163.3,-0.21086381674245858,-2.022542015809013,6.537390186452687,0
163.4,-0.21329786209071275,-1.9935832494307424,6.548833514340058,0
163.5,-0.1346024701716705,-2.079412575428882,6.505935549785465,0
163.60000000000002,-0.20638442214300992,-2.0941572586947976,6.5340497990935,0
163.70000000000002,-0.4394209796471212,-2.072374700480852,6.531331491859317,0
163.8,-0.22062582736048272,-2.2602745703723994,6.499278418429947,0
163.9,-0.04404655754821205,-2.3768756715710926,6.417208941291491,0
164.0,-0.03745902592666343,-2.478010072370923,6.378504204211027,0
164.10000000000002,0.15549545450423477,-2.524295483626352,6.479339650429284,0
164.20000000000002,0.04541722523613343,-2.598927863521336,6.541368186239612,0
164.3,-0.11129133904878911,-2.6144551600832333,6.551935840565139,0
164.4,-0.013912242096277505,-2.6643960728323215,6.62590559763572,0
164.5,0.02559791678520692,-2.6379981570363666,6.674998823267248,0
164.60000000000002,-0.009189924989604692,-2.7610878480437635,6.653360952394929,0
164.70000000000002,0.18638467524881547,-2.7552225063752562,6.624042993933142,0
164.8,-0.058833648203514735,-2.6948719618378196,6.66672652497144,0
164.9,-0.18400810770931114,-2.746882113851966,6.7264773572690375,0
165.0,-0.26060481003252967,-2.819359349807364,6.747635267793749,0
165.10000000000002,-0.43280387385329233,-2.812172262635944,6.601535469214696,0
165.20000000000002,-0.17565352611932633,-2.8229729916297632,6.585533435428883,0
165.3,-0.021673276282387792,-2.8492860764327377,6.5827381388258885,0
165.4,-0.22948887430957451,-2.9220116212827145,6.53583342607965,0
165.5,-0.3268273775219757,-2.8924028261047012,6.510021599578975,0
165.60000000000002,-0.2818218281645905,-2.7653874732768924,6.474934117505013,0
165.70000000000002,-0.48271162979108995,-2.804341502039774,6.480003720870222,0
165.8,-0.39960347565400445,-2.7986297767916484,6.409521961821634,0
165.9,-0.20667715597837874,-2.6550409364908854,6.364813571907152,0
166.0,0.06160626281859507,-2.5613619458334194,6.4656026418734545,0
166.10000000000002,-0.012877976438020943,-2.5672892367001463,6.535120498178658,0
166.20000000000002,-0.466479748145213,-2.457484914606474,6.626951298960188,0
166.3,-0.5150250005964951,-2.4000596411614175,6.577162470194291,0
166.4,-0.2315399995676576,-2.3633520737028544,6.596627901780226,0
166.5,-0.05875029941839982,-2.4268846166889033,6.628537136833574,0
166.60000000000002,-0.19637558450174658,-2.5288466658156237,6.69607707395774,0
166.70000000000002,-0.20661438295040693,-2.5315711811593067,6.692007240425892,0
166.8,-0.22569564795524794,-2.652935143278591,6.685091397982762,0
166.9,-0.2676556978965766,-2.6177310160443925,6.636331579020291,0
167.0,-0.3809352508703569,-2.607947069361895,6.511899637971171,0
167.10000000000002,-0.3949462862500616,-2.685700269188338,6.493181973531525,0
167.20000000000002,-0.10594367087416581,-2.850243745402387,6.348095323417841,0
167.3,-0.008204135011257174,-3.1351000486857727,6.394641982461596,0
167.4,-0.3432283937654875,-3.202759589053546,6.385067890261438,0
167.5,-0.4455961320300214,-3.1808486879774307,6.292136454106794,0
167.60000000000002,-0.09625573370291458,-3.152835817365963,6.307909355466134,0
167.70000000000002,-0.20620958394810285,-3.1705189802313796,6.3564340998975775,0
167.8,-0.13720614003163678,-3.1499572167222145,6.323080636101265,0
167.9,-0.20024290478621182,-3.304066638538489,6.311639882749809,0
168.0,-0.4028260973772505,-3.4336150197821818,6.311865959562505,0
168.10000000000002,-0.25824266824114234,-3.298570967988673,6.280080974194979,0
168.20000000000002,-0.37679350574915016,-3.297930022651258,6.280628262835125,0
168.3,-0.36906586636931604,-3.047161822578064,6.267556335081909,0
168.4,-0.1503245892974457,-3.148391320705371,6.215666659157134,0
168.5,-0.26893481406946773,-3.3740035335768015,6.266251804315887,0
168.60000000000002,-0.6268583695533667,-3.3965773482479578,6.262505932043809,0
168.70000000000002,-0.32496891415482565,-3.4442603779396634,6.145348050774457,0
168.8,-0.18977745344073943,-3.317758232371858,6.175492231013633,0
168.9,-0.3416514238606891,-3.334402456949275,6.260156661989898,0
169.0,-0.38538667240085955,-3.2200854655729403,6.273539067751735,0
169.10000000000002,-0.38861074833532727,-3.398448460065757,6.256322286611679,0
169.20000000000002,-0.3642153576405236,-3.4711315716700497,6.236958402330499,0
169.3,-0.5255788629551535,-3.5495226021198065,6.198495251239734,0
169.4,-0.4279286358225183,-3.4571865061211673,6.230483396142494,0
169.5,-0.2823247857375165,-3.2695840968382273,6.211162387863369,0
169.60000000000002,-0.30200783829566824,-3.255635965895826,6.19054054206201,0
169.70000000000002,-0.43879326052432377,-3.206829545593346,6.144026726714789,0
169.8,-0.3755698152041967,-3.32387778430259,6.157701448392553,0
169.9,-0.24769762436852058,-3.4365572285404253,6.076417348954999,0
170.0,-0.21755629387473302,-3.535798380122146,6.050224249597175,1
170.10000000000002,-0.21302194527262142,-3.3539250193587726,6.028727985921268,1
170.20000000000002,-0.10361252329338551,-3.2654492440187446,5.966219932047975,1
170.3,-0.20253188974151395,-3.2789524365086207,6.020260153160999,1
170.4,-0.421315290183363,-3.258721129117009,5.950672003857069,1
170.5,-0.460893080161596,-3.3056279766312366,5.861002699451056,1
170.60000000000002,-0.3014539903800929,-3.3681773611169703,5.74449507385535,1
170.70000000000002,-0.30305671417148666,-3.3988649152172075,5.745279556297211,1
170.8,-0.5133301719003259,-3.4024028306338585,5.6484277412406545,1
170.9,-0.49208609976583517,-3.330667759667326,5.616939699119329,1
171.0,-0.4184253722115101,-3.175214320075025,5.605470663437264,1
171.10000000000002,-0.474878947728112,-3.350556909693019,5.578037520437413,1
171.20000000000002,-0.3168000702499258,-3.4230714864250693,5.641665441844397,1
171.3,-0.1824953930043342,-3.475718350066097,5.6085682975693825,1
171.4,-0.5802356711137793,-3.5219257642373423,5.786796914387361,1
171.5,-0.7069607439606649,-3.5194579574023117,5.85333985360335,1
171.60000000000002,-0.4873686349695273,-3.4826954382636233,5.935241166444138,1
171.70000000000002,-0.18901553161228737,-3.5335137598200816,6.010301265109684,1
171.8,-0.26543486190905696,-3.4844628017917243,6.091752374739402,1
171.9,-0.440777044388507,-3.4800470108793746,6.147964948262787,1
172.0,-0.34281763092464057,-3.6504047271492674,6.132256114838224,1
172.10000000000002,-0.43681552962125514,-3.5700436371752815,6.155939896479746,1
172.20000000000002,-0.6085009627346014,-3.5008380332217257,6.073002725019621,1
172.3,-0.5348145782509112,-3.4469994383476505,5.997446960931358,1
172.4,-0.31293784611069664,-3.578195095118242,5.8556667785095815,1
172.5,-0.21588988317478486,-3.6732846352465054,5.809239459548693,1
172.60000000000002,-0.4214071961634466,-3.6716433977676624,5.6861939708310665,1
172.70000000000002,-0.6118794327312995,-3.704442174046293,5.575063251626944,1
172.8,-0.4376383812294186,-3.780682914721319,5.473906329778427,1
172.9,-0.29934985859274826,-3.793444388476543,5.371080470336314,1
173.0,-0.44215598682608376,-3.8100537990252112,5.345536078337318,1
173.10000000000002,-0.5045900927266975,-3.8763741693788574,5.356751145168138,1
173.20000000000002,-0.5059116196144096,-3.8448455148301806,5.341769353116383,1
173.3,-0.5215456096434805,-3.851312604771858,5.314439050887534,1
173.4,-0.3495245194100682,-3.6595409530820016,5.2273839755867915,1
173.5,-0.2712132251176187,-3.590472467329831,5.166962335951408,1
173.60000000000002,-0.3290635739234224,-3.517249563344646,5.210434820935721,1
173.70000000000002,-0.40345333060773675,-3.4446979980923715,5.1988265808467125,1
173.8,-0.5736027805756789,-3.444165626413971,5.242133267475248,1
173.9,-0.5570676237411301,-3.3848737206613593,5.241069136227695,1
174.0,-0.3308659694446006,-3.283830645555411,5.246642220027688,0
174.10000000000002,-0.1293028825339749,-3.242939783232449,5.167745983965716,0
174.20000000000002,-0.18640379774393406,-3.2730644839332568,5.20382557063242,0
174.3,-0.43967583306710534,-3.295578005554912,5.326027937964313,0
174.4,-0.5101254432689882,-3.3944438598437,5.351411131414755,0
174.5,-0.4674586420743041,-3.3352611255227567,5.40740349525493,0
174.60000000000002,-0.4110015747318217,-3.4400152451659514,5.353950108804765,0
174.70000000000002,-0.24626758731534465,-3.458092928374841,5.396013108402879,0
174.8,-0.217202264197602,-3.5542563374474034,5.3935230176589215,0
174.9,-0.3157835445682562,-3.5395987053918283,5.408185561196676,0
175.0,-0.20867979275250464,-3.6288245983376597,5.472624799866967,0
175.10000000000002,-0.22915048170285032,-3.6269722299505913,5.484540759930288,0
175.20000000000002,-0.3981980727201576,-3.7272559205391174,5.571486134123935,0
175.3,-0.33430467971279365,-3.718488686024127,5.49945793569665,0
175.4,-0.22866461573269942,-3.5594411897132803,5.408092939166394,0
175.5,-0.23582532945618112,-3.592537137904393,5.388495353207212,0
175.60000000000002,-0.1204744576660333,-3.620690090021411,5.424754376865761,0
175.70000000000002,-0.40279341992589723,-3.7376042689818134,5.42654738140599,0
175.8,-0.27349493886693926,-3.7152598986911642,5.341791668793094,0
175.9,-0.03995112403347412,-3.7936381674333917,5.305919295306865,0
176.0,-0.462744670090464,-3.811539390246451,5.263871683451438,0
176.10000000000002,-0.5552460835484513,-3.789061604373889,5.270765603759407,0
176.20000000000002,-0.37743052018808676,-3.7040432693488783,5.1227002880318375,0
176.3,-0.10861031445920588,-3.679731777831818,5.097478670614031,0
176.4,-0.06279641889510199,-3.700255546816031,5.079515091352101,0
176.5,-0.23974980723304146,-3.6002832994567333,5.056522762947914,0
176.60000000000002,-0.3467109562830595,-3.4465205733009805,4.988979226026447,0
176.70000000000002,-0.1037323326346963,-3.3722499259673624,4.9511414835647996,0
176.8,-0.10828228911991064,-3.347192689680365,4.963631676302112,0
176.9,-0.3247449837595712,-3.3054973737461473,4.990344521967346,0
177.0,-0.1646793894002423,-3.1934906511930206,4.883274548887029,0
177.10000000000002,-0.059976631887068456,-3.2303260267112917,4.83673085624538,0
177.20000000000002,0.014118453533021772,-3.2299159250454808,4.815741525424338,0
177.3,-0.20521967445360434,-3.2239119172945494,4.80935926299928,0
177.4,-0.34417099387919003,-3.28767018649772,4.892182333070608,0
177.5,-0.14892931434154386,-3.2981846211611385,4.9041387941206,0
177.60000000000002,-0.15553344530960356,-3.4342313362827412,4.906448264659965,0
177.70000000000002,-0.2560988549144432,-3.352805048673921,4.842865730089913,0
177.8,-0.21439924179453218,-3.2705790862034725,4.809702358170538,0
177.9,-0.11877514166145284,-3.1415852220783655,4.775539776298616,0
178.0,-0.12246557826523174,-3.212523823504521,4.782843841749241,0
178.10000000000002,-0.06571989402863718,-3.1779493698543173,4.794849915101499,0
178.20000000000002,-0.1805206805311512,-3.173786905000194,4.818158866297363,0
178.3,-0.13691714406686878,-3.1871966937566425,4.7965689481372085,0
178.4,0.027484848085621027,-3.0963260696499204,4.734329126494961,0
178.5,-0.1408914413593779,-3.146153588243256,4.731796402996736,0
178.60000000000002,-0.17612317495339735,-3.074661814678271,4.741233992012953,0
178.70000000000002,-0.1501928664761388,-3.0991475589472977,4.71885949401261,0
178.8,-0.08716578148946201,-3.0529359896873856,4.783459140379761,0
178.9,-0.15814144832349436,-3.06469737022847,4.803007286180237,0
179.0,-0.1956665240756271,-2.995955264364752,4.80851262048291,0
179.10000000000002,-0.15994126855512728,-2.966436527365967,4.8304161513519,0
179.20000000000002,0.011668481994041968,-2.852876739746476,4.8180116085072715,0
179.3,-0.007080526120735797,-2.823313989476451,4.820919820495527,0
179.4,-0.24710919486385294,-2.7905093583830647,4.869436216293231,0
179.5,-0.053964064794106315,-2.783759622392774,4.873750832445178,0
179.60000000000002,-0.13773905934502578,-2.736864875765447,4.919385633764912,0
179.70000000000002,-0.13859345503255177,-2.709434161648535,4.9345646099388905,0
179.8,-0.1336377257749758,-2.644175851666831,4.943665140512719,0
179.9,-0.1519779691203687,-2.640184040041674,4.909565163358761,0
180.0,-0.16473755672871765,-2.5737964426702673,4.948466430828625,0
180.10000000000002,-0.0889704792374697,-2.5919125119933883,4.980544517556198,0
180.2,-0.13173581198257328,-2.56982294405617,4.937823377533791,0
180.3,-0.1370671088186651,-2.4471727414434676,4.930886060971753,0
180.4,0.2027808110996908,-2.32584249081631,4.935972336505921,0
180.5,0.17660756648242573,-2.384522141596977,4.945086791171203,0
180.6,0.1884039125828414,-2.3829503768535205,4.958397388793583,0
180.7,0.14139401254322823,-2.36747263222112,4.94382599063924,0
180.8,0.04297143951647268,-2.3465793296899404,4.9026423383367295,0
180.9,0.2276970764809958,-2.386622741623226,4.917633650655562,0
181.0,0.40132875091361553,-2.343414461006037,4.934391723505836,0
181.1,0.08315274505313322,-2.1513046713362547,4.919756727515523,0
181.2,0.16909205707749658,-2.2849165884833584,4.965434036608437,0
181.3,0.44089466498135454,-2.353091412569146,5.025345450620509,0
181.4,0.18687474909703133,-2.433765472875519,5.016579380411511,0
181.5,-0.017628286061330066,-2.2818882011499597,5.031494210804674,0
181.6,0.08181965836115294,-2.248824617233602,4.971041841265439,0
181.7,0.15008910463071756,-2.2319531523415783,4.990030082822897,0
181.8,0.20821701324319938,-2.293884416572567,5.016551053677867,0
181.9,0.2150080981737638,-2.2550213271612947,5.035651508503063,0
182.0,-0.0841449443328155,-2.320088648244846,5.067507074564947,0
182.1,0.10167697277135694,-2.3610419366250377,5.012041996463576,0
182.2,0.17022469076250943,-2.2322664532671723,5.064547872664271,0
182.3,-0.11016890670433536,-2.0917877694208316,5.026272514467817,0
182.4,0.05117150507265287,-2.2080788488415672,5.0104440613680845,0
182.5,0.23520235273558815,-2.2567321643284757,4.986990847215283,0
182.6,0.2504209993615226,-2.23979465777901,4.976756136370194,0
182.7,0.24315433472093542,-2.038046660415216,4.984828513026094,0
182.8,0.022394998144225364,-2.108936966303959,4.9775262687978366,0
182.9,-0.1684114068730069,-1.987954279349723,4.965314095210535,0
183.0,0.048643366917344846,-2.052243357217756,4.878233948401166,0
183.1,0.10034260637686884,-2.0737567962874617,4.934941056652672,0
183.2,0.033059595376606146,-2.0847754592964387,4.916164934979152,0
183.3,0.18719738958508633,-1.9733223312443484,4.884428025445541,0
183.4,0.2077240202045369,-1.7773432989753606,4.9071890482819756,0
183.5,0.1874651612895703,-1.696624681193502,4.893746527813111,0
183.6,0.1504113826981762,-1.6005584077874708,4.919856588617141,0
183.7,0.1254329616781497,-1.7805994796750597,4.930299132779105,0
183.8,0.13126682550204136,-1.5337082582086572,4.952058948048054,0
183.9,0.41031359772455983,-1.5730908677991333,4.984713804305906,0
184.0,0.4864311208743605,-1.3474336138465772,5.061901158896569,0
184.1,0.28457822991075254,-1.3691795249905616,5.065532674159416,0
184.2,0.20954114089068793,-1.356374374088875,5.036414109814013,0
184.3,0.2162316858735185,-1.4202095267688548,5.040855223013392,0
184.4,0.2922890206907011,-1.3994400921185937,5.091373556069159,0
184.5,0.18855104336288178,-1.5144659997780678,5.112324268025163,0
184.6,0.23671974569544543,-1.5256148794426572,5.124025841136004,0
184.7,0.33474401782349616,-1.4385690162459652,5.189839414767856,0
184.8,0.37072657629489764,-1.4723865115107824,5.184949779796552,0
184.9,0.2994400152064802,-1.4089155117347492,5.188510524619977,0
185.0,0.3752739632698071,-1.4660615887535584,5.211243663814301,0
185.1,0.3748324794443121,-1.4192606435884758,5.236435270148484,0
185.2,0.3523745878088407,-1.3585192402788884,5.208039872916642,0
185.3,0.246455690414107,-1.3771455202042246,5.222323040867364,0
185.4,0.04486706698598903,-1.452856311045514,5.159911811844759,0
185.5,0.3209769633059428,-1.3623491109161905,5.258265094012253,0
185.6,0.32625061026992347,-1.4035939012120713,5.274509930244856,0
185.7,-0.038223250121318705,-1.2579526310341231,5.343145240791573,0
185.8,0.05311168925055779,-1.346974177586422,5.302380289857281,0
185.9,0.10290839811517312,-1.3152110302834021,5.333411785030114,0
186.0,-0.04057935500850861,-1.2912593469910587,5.284394873732095,0
186.1,0.13984834513475125,-1.2171436615755282,5.241268688459352,0
186.2,0.010510138381410395,-1.25142341892979,5.350403933884278,0
186.3,0.0570888203188612,-1.2352876665077546,5.343776701061673,0
186.4,0.21963192783801153,-1.1113196305169821,5.399277474889577,0
186.5,0.12392225525791963,-1.010721038147912,5.3321531855979565,0
186.6,0.06107940156166751,-0.9065582931025673,5.312129585490397,0
186.7,0.403640549886399,-1.0059029771106278,5.256461949339172,0
186.8,0.5794278695721434,-0.9111222161637615,5.386400940267132,0
186.9,0.3422751616841811,-0.9193010011586523,5.400813116490083,0
187.0,0.25334115363561766,-0.7937550277205628,5.435640177673549,0
187.1,0.11773583920617256,-0.8151326327749171,5.437286282363889,0
187.2,0.3453184276760205,-0.6668820186231564,5.405649179827098,0
187.3,0.39638675971463566,-0.5963453107773162,5.414664171817382,0
187.4,0.19561675498678738,-0.5555800932225954,5.372947575836245,0
187.5,0.11185748228030401,-0.5570685583695179,5.312161896839461,0
187.6,0.2285458352243634,-0.4161645963699573,5.352736769788856,0
187.7,0.11109477487511754,-0.32432893147847996,5.357736133639004,0
187.8,0.004122746007366307,-0.2798610699639333,5.296007470623851,0
187.9,0.19724380898451904,-0.28023045885949244,5.271654997361194,0
188.0,0.14202578999171095,-0.4542911753509412,5.279139799747509,0
188.1,0.15674332230094123,-0.3575447345265258,5.2977848022884535,0
188.2,0.07988815360435071,-0.41416829290679624,5.254504718737149,0
188.3,0.17758057946788833,-0.3884852227748622,5.354615570987034,0
188.4,0.2799337450232862,-0.38383793408172623,5.359421679955747,0
188.5,0.1493466993444999,-0.3986917295038034,5.41042857983745,0
188.6,0.08858950622113042,-0.5122704824843536,5.403337731936643,0
188.7,0.2610011934430583,-0.5616238632507082,5.431415316679214,0
188.8,0.13254461517477484,-0.6032365937555613,5.406084295325229,0
188.9,-0.02238625738451765,-0.5453360536246044,5.411802790414834,0
189.0,0.22971395677541256,-0.3105019556007861,5.41666954432012,0
189.1,0.3412875505150715,-0.16071925666366854,5.439105373011361,0
189.2,0.25879847106631015,-0.050108627676239345,5.5036947952066715,0
189.3,0.11068823962267807,0.006995499744384614,5.447566794846214,0
189.4,0.17215715283371713,0.005671286450897667,5.490009021376844,0
189.5,0.18930764090831548,0.1064495561583515,5.515331905969281,0
189.6,0.24097109916701437,0.06207545205010453,5.557437904327935,0
189.7,0.2561592379263985,0.2260933523404658,5.585786578016729,0
189.8,0.292513990152501,0.370464981234824,5.5959962879608165,0
189.9,0.30129247525319813,0.453846342610555,5.561800303813595,0
190.0,0.1268766947443982,0.4489575116520671,5.546892031450514,0
190.1,0.11092833682317549,0.32974501774115905,5.54478492427363,0
190.2,0.2499815723725635,0.4330995911848827,5.5497258399221,0
190.3,0.22450203512100614,0.436268452561269,5.559292394545784,0
190.4,0.028644719630950544,0.4698012454523125,5.601690602804427,0
190.5,0.1660137925740132,0.593231564190782,5.585190376693328,0
190.6,0.1659520036367963,0.7706213948688478,5.6106194882390295,0
190.7,0.03785933030845642,0.7300405941192311,5.54193573042093,0
190.8,0.0009662747229614577,0.7257483514075529,5.565076428852173,0
190.9,-0.00021374197143464446,0.7405190967787257,5.589099449373935,0
191.0,0.10688136813883939,0.8072499821897278,5.570458844913728,0
191.1,0.03669563145675915,0.8525324688194461,5.532877218604499,0
191.2,-0.00682898428991407,0.7692980877735615,5.528385403459044,0
191.3,0.1377757376261529,0.6891229590230303,5.530637376201545,0
191.4,0.213091489714407,0.784953928547991,5.484302563793248,0
191.5,0.022229258638598703,0.8003073076297275,5.5729548374078615,0
191.6,-0.07865295178072203,0.9227110506862342,5.521740987333587,0
191.7,0.0016445215364670807,0.9356488483507748,5.571174894181708,0
191.8,0.018528398012483682,0.9618989615796073,5.535708004636077,0
191.9,0.08965512340201408,1.0874987137678152,5.537857252986152,0
192.0,0.28829879306011497,1.0653460635810945,5.66682978832103,0
192.1,0.32285105228530686,1.221484686482772,5.713507926297342,0
192.2,0.07305208880751488,1.2685075659042238,5.801428672285559,0
192.3,-0.12087356343178765,1.3961423618255635,5.803220586413056,0
192.4,-0.05478968531996682,1.3006601565120686,5.797314035235511,0
192.5,0.1428407689715415,1.2788416960880435,5.757893844860834,0
192.6,0.19015186802971112,1.1837238384795445,5.7522313319625855,0
192.7,0.020114876746547473,1.330223413550317,5.71403591292652,0
192.8,0.06484366604380236,1.5077317725275052,5.703414294523786,0
192.9,0.13019607029265487,1.4039535111917543,5.718513670864968,0
193.0,-0.3300676184961389,1.3778972169193469,5.704688337913801,0
193.1,-0.45898479119521196,1.3035799396629415,5.706266785445151,0
193.2,-0.11748215284892509,1.4678064644848976,5.613592270831714,0
193.3,-0.13286405753718808,1.5497384700158319,5.642359103254521,0
193.4,-0.2002745540648705,1.6961273018107117,5.591912162578986,0
193.5,-0.10383628352840002,1.7186106281514621,5.599070863132331,0
193.6,0.03458158808197389,1.8428016470882276,5.684193693161914,0
193.7,0.19596293556049899,1.8178604975632109,5.717463871308238,0
193.8,-0.07300796653571513,1.8310861876630296,5.8353104213471365,0
193.9,-0.3476636517841194,1.8329305636633433,5.906530125328516,0
194.0,-0.059258696706321855,1.965132184308418,5.80652220843566,0
194.1,-0.0203978584687479,1.9462438082770508,5.775157765084238,0
194.2,-0.15266133098886114,1.8325376962181363,5.716414311019063,0
194.3,0.002972538904016375,1.9354751871860922,5.641409690468276,0
194.4,0.05196670459099748,1.9762706646498462,5.653379941816177,0
194.5,-0.036338884610792446,2.1784159230555256,5.6330238688748455,0
194.6,-0.33531127846472064,2.107224350273149,5.632866200908241,0
194.7,-0.573685490039888,2.1069164870974633,5.649297891290858,0
194.8,-0.06697293666625459,2.127129814590732,5.689255396894934,0
194.9,0.19473973039441153,2.2184419103820328,5.591264450771428,0
195.0,-0.12829276808493542,2.1566013086809614,5.6826837619921955,0
195.1,-0.21245586560611213,2.198959437631147,5.769414076225303,0
195.2,-0.07771396507912902,2.345210907289972,5.861587018198476,0
195.3,-0.11269378177736104,2.1187042497481277,5.886476062511358,0
195.4,-0.15190025073763627,2.210805432198927,5.926928251883563,0
195.5,-0.21542981351762505,2.022451838811061,5.894576854243605,0
195.6,-0.28082141652734893,2.0252771496364326,5.91614943706097,0
195.7,-0.15863122608936436,2.112181058177245,5.838753510337671,0
195.8,-0.3997633473426648,1.9116883631573873,5.70391384004297,0
195.9,-0.5195643437866074,1.9762922589291112,5.715891510222586,0
196.0,-0.18444995011489296,2.0658504922402985,5.640315476917743,0
196.1,0.024620436750881936,2.171199292005183,5.6073676635317735,0
196.2,-0.22253295234801812,2.148230734421145,5.5770215193070785,0
196.3,-0.22676507201683024,2.367917054301685,5.55909967951545,0
196.4,-0.15074664126938597,2.365020937727741,5.509316270985124,0
196.5,-0.18649430937343806,2.4269713324355666,5.499385827487465,0
196.6,0.07259865239778186,2.5128450331154744,5.422789612132652,0
196.7,-0.09085314379483447,2.4420700940614823,5.510165630867355,0
196.8,-0.1334714858126867,2.5909785804104297,5.496915186948809,0
196.9,0.11972552768511216,2.583725214272861,5.536073421167892,0
197.0,0.16625450894789884,2.7387525471494163,5.615259109348072,0
197.1,-0.02117838844168197,2.8488696771884157,5.60903730004158,0
197.2,-0.14959507386183518,2.865775537138555,5.732108870029095,0
197.3,0.16594184179853338,2.747835905910241,5.858136229584424,0
197.4,0.3071640155633334,2.9254449238828264,5.971579776874149,0
197.5,-0.012207738971724957,2.9428592870525163,6.119582729554249,0
197.6,-0.19662018035704087,2.9293853140026616,6.142675340829297,0
197.7,0.040918586741854675,3.039006016525467,6.086166525867585,0
197.8,0.07747460983823198,3.0330794680002917,6.0846753475639614,0
197.9,-0.12603400941908055,3.142403896064118,5.950695160436322,0
198.0,-0.32224635833233006,3.054373172917269,5.80902340581947,0
198.1,-0.21956987495396016,3.0555792229621304,5.755907614080385,0
198.2,0.11860408451346727,3.089780548384989,5.638519495895659,0
198.3,-0.17860072665754867,3.1929907181357358,5.517361387121055,0
198.4,-0.32867126192686624,2.9440499326444765,5.415556786715428,0
198.5,-0.026417095278229007,2.929033804885624,5.245855297105831,0
198.6,-0.053728309713505465,2.9506986546459624,5.221373164303257,0
198.7,-0.13598598635905582,2.897116759192271,5.156998536615921,0
198.8,-0.18427490822995796,2.992773294371693,5.153259006862277,0
198.9,-0.1558885294184522,2.9452006108571025,5.212428527656339,0
199.0,-0.07908863542458636,2.8559711197399134,5.242432178134069,0
199.1,-0.025586541553136683,2.7017379781772304,5.234854289743305,0
199.2,-0.2394677026210311,2.6711848219898604,5.227041685362909,0
199.3,-0.292626688848714,2.681194732768072,5.220581959717823,0
199.4,-0.2381313727306873,2.797781631564016,5.272943828691267,0
199.5,-0.29339314082554097,2.995490701116701,5.297748168849052,0
199.6,-0.16492374379941602,3.0547154308092717,5.227359267182063,0
199.7,-0.19468577035101453,3.0937736665891142,5.271074840709755,0
199.8,-0.10017753148457867,3.005761209846281,5.253676895537681,0
199.9,-0.06863845976790679,2.8826140881367746,5.225607980439117,0
200.0,-0.1652741494097841,2.973440455577909,5.2082979579579085,0
200.1,-0.34627042316752277,3.02748733792019,5.25524405581141,0
200.2,-0.3764762657705722,3.01238407596835,5.2539438648460814,0
200.3,-0.2887854880690571,2.9928081589519206,5.262725664695657,0
200.4,-0.15923313064486613,2.9836818784823347,5.294630996128607,0
200.5,-0.07995484172100747,2.8072333208816387,5.2486381180927815,0
200.6,-0.26062173741496963,2.719333449878439,5.362751875440998,0
200.7,-0.13982859568471157,2.801350895260759,5.353421577137662,0
200.8,-0.19788129268050306,2.910294623616335,5.397820524920821,0
200.9,-0.3042677491004439,3.0822044972578633,5.418481506290685,0
201.0,-0.05170320537906179,3.071234952596602,5.487716226764675,0
201.1,0.07854696531231228,3.1967492327812055,5.437373663408037,0
201.2,0.19062388837370614,3.217605723969548,5.382088787356986,0
201.3,0.10722986018692113,3.1977774104062258,5.368869502803836,0
201.4,-0.12635171207680548,3.1841117393662137,5.24083243328476,0
201.5,0.013411348156329096,3.3024869566195862,5.287074825795397,0
201.6,0.14842289901271993,3.4434802910027584,5.232988153548485,0
201.7,-0.04680335856868343,3.5035017540510416,5.27685360179173,0
201.8,0.06050774124055436,3.4056940203018313,5.2788323375867385,0
201.9,0.1000743725649716,3.306577400923961,5.270458618094529,0
202.0,-0.2056547949745106,3.3860501310926736,5.219245703933343,0
202.1,-0.10522613279944604,3.337953130635694,5.223822820165572,0
202.2,-0.01761720190965942,3.2950179744149866,5.2301103751335,0
202.3,-0.044983136992020493,3.3731797442940725,5.2600674900061914,0
202.4,-0.039438728628731254,3.329112328217584,5.23989620823015,0
202.5,-0.1512618190275375,3.2861469593015924,5.204984741191852,0
202.6,0.012618949187378724,3.2950190586243755,5.188174891537351,0
202.7,0.14688174311360305,3.173312423160637,5.1145270668412,0
202.8,0.04649806936657615,3.3178638153449382,5.035136425764599,0
202.9,0.1541927264885285,3.426818969726549,5.059565854752321,0
203.0,0.12597274904367126,3.345216019353603,5.087954501806783,0
203.1,-0.06553378458215524,3.2893387414514734,5.113520499276598,0
203.2,0.04576782603976546,3.3337041750533016,5.195434544656431,0
203.3,0.21623823727148714,3.3405949143047855,5.229274782439306,0
203.4,0.16709800398177238,3.517980999742048,5.303267754478944,0
203.5,0.014859548407404865,3.539191187168128,5.3439356971419345,0
203.6,0.07610178970015616,3.5111687018211404,5.357734165625087,0
203.7,0.25285258944622246,3.635714970211253,5.469500151805271,0
203.8,0.18867806394512154,3.591322527827528,5.514468703438601,0
203.9,0.010722340218864502,3.646343577943695,5.5196374622398325,0
204.0,0.1531697082975218,3.7202826841616314,5.443276324338253,0
204.1,0.2562043752055047,3.8441372750341403,5.4241261191903,0
204.2,0.22337238761735878,3.802821813852759,5.390397350029483,0
204.3,0.1626289210977679,3.883526796569856,5.333919896481591,0
204.4,0.011862469052398694,3.800557277580559,5.405437135468123,0
204.5,0.14621106864449768,3.753964915717959,5.361812726013822,0
204.6,0.21735205865058144,3.703654742823217,5.427258284901173,0
204.7,0.030752912490506712,3.5560875830037637,5.362506804873666,0
204.8,-0.006469417595902782,3.40358545633188,5.383608497192212,0
204.9,0.1762577063207103,3.3149708030514313,5.401279824982751,0
205.0,0.2686108624417797,3.4242110765939637,5.4468342047511396,0
205.1,0.08452037024104668,3.3515669740650322,5.529696884154306,0
205.2,-0.0021857903485647976,3.3324527115508453,5.4867899018442206,0
205.3,0.07346523698757411,3.203223297301849,5.544778367814464,0
205.4,0.15317536635246487,3.146326605769461,5.5048031627837215,0
205.5,0.31634002902528663,3.2515452803897795,5.584035259816697,0
205.6,0.017972026377006532,3.2179300114727836,5.541709449137902,0
205.7,0.08684220757050885,3.263656455222454,5.529268259003648,0
205.8,0.5826767948012075,3.3572201685228498,5.705872447836154,0
205.9,0.27297042195426324,3.346871209021967,5.799674758647944,0
206.0,0.026616802811591223,3.346429651590964,5.839360536711971,0
206.1,0.19547018518810363,3.4095971336688264,5.743814478125325,0
206.2,0.11958831688084634,3.3993105984749796,5.752064993560674,0
206.3,0.00656454173800719,3.3752415795228616,5.706541812808107,0
206.4,0.19384094957399245,3.399391525670475,5.686240429189778,0
206.5,0.30780022906264215,3.3152427502075112,5.778835777259521,0
206.6,0.2606934876456647,3.414291845678265,5.76352930667756,0
206.7,0.24902653038371764,3.4302225769994066,5.773101310549338,0
206.8,0.0008226797661914809,3.4500529083704743,5.674251649400891,0
206.9,0.16694759035681833,3.475280318124291,5.56377130925672,0
207.0,0.2693803219118548,3.403076937066763,5.534578039370343,0
207.1,0.34915613738156825,3.4008726361720116,5.570167171889789,0
207.2,0.5067724725786731,3.5005028935888136,5.602162864923145,0
207.3,0.38120154977616433,3.4651472275722384,5.661216152628359,0
207.4,0.5003930277419851,3.568394197847713,5.750717233310651,0
207.5,0.3994127187394734,3.525395541677183,5.715771174399814,0
207.6,0.6050693689367683,3.372087070332048,5.752469610624291,0
207.7,0.5509146894294371,3.340225745686954,5.79579070272429,0
207.8,0.2636348445104449,3.3478651604402834,5.780964875117539,0
207.9,0.23014986760395106,3.3493479955579324,5.868223200510352,0
208.0,0.3110400673296859,3.2560516008916904,5.866485925090467,0
208.1,0.5889916044560259,3.1812695717205814,6.004752071195584,0
208.2,0.5749238934664673,3.228597248606789,6.076501910620644,0
208.3,0.44013921978613785,3.1200523103632523,6.176635077916137,0
208.4,0.11895138977850046,3.0298233491503126,6.150624404452278,0
208.5,0.12212938627876724,3.0644217911269545,6.16462693166284,0
208.6,0.295580527151026,3.0962110955437665,6.26369577873456,0
208.7,0.2800335928838257,3.083788873948014,6.249871006504056,0
208.8,0.21175202248231972,3.055860516424245,6.313277990292115,0
208.9,0.2938307931036333,2.895068845447365,6.238398027230386,0
209.0,0.43429791163153536,2.8962872289617527,6.3524027072677365,0
209.1,0.021980794084132182,2.880878988889056,6.2599819780241175,0
209.2,-0.10192451932412923,2.8704246199244685,6.21759197763568,0
209.3,0.3872752070768345,3.0661733583984403,6.192979510654057,0
209.4,0.48160429435336916,3.021716949851358,6.177163867252874,0
209.5,0.2396413940542761,3.0259509543062952,6.10682754527392,0
209.6,0.16373624712704488,3.0944009017844563,6.055883227764272,0
209.7,0.19695447748205364,3.0310757447910524,6.085081723981633,0
209.8,0.42776508896132104,3.009476396525122,5.989559144317149,0
209.9,0.574983023564763,3.1390420814306847,6.0913321075922156,0
210.0,0.3481774263255024,3.0614658123226173,6.058566311190111,0
210.1,0.2859109132035591,2.894257809588116,6.104416336578625,0
210.2,0.5111239222377748,2.8043809615129915,6.237406894419492,0
210.3,0.4971647544108465,2.7502170733797002,6.258735717981854,0
210.4,0.5732200399394346,2.718475476783019,6.258210976802469,0
210.5,0.5438660795566542,2.631029593008417,6.321457870514662,0
210.6,0.39162381513181144,2.601101689951518,6.246797341438862,0
210.7,0.42827516289509127,2.58041978577847,6.264329604172855,0
210.8,0.4295892588965839,2.671306062536526,6.276280651690474,0
210.9,0.4362390901248128,2.5405140413858476,6.298637225304357,0
211.0,0.6625765448693003,2.6010110064036,6.354987472805398,0
211.1,0.8350501518810283,2.730435363021417,6.3225916266405955,0
211.2,0.5310193471489939,2.7541709447389406,6.234355947450736,0
211.3,0.36494697795079817,2.7598275646917587,6.150214635319506,0
211.4,0.47424047761305665,2.855957879169658,6.231464515584432,0
211.5,0.45636432884563166,2.9272981927010524,6.209622948222076,0
211.6,0.4916054428264367,2.9282009946969483,6.275902505525303,0
211.7,0.3703397423720484,3.0015346971305847,6.309286622216328,0
211.8,0.22916203326886406,2.918970632974534,6.386449134856759,0
211.9,0.27893965871815435,2.985963077105283,6.431573020995526,0
212.0,0.25111675907724224,2.9044400839911555,6.430294187896331,0
212.1,0.34750000478014326,2.8468141143213246,6.530052829066908,0
212.2,0.3839847297833303,2.8436889678132067,6.518358133162882,0
212.3,0.4594281677335538,2.8976232469976395,6.575874906021978,0
212.4,0.5962524072494085,2.689005715345048,6.661894324852147,0
212.5,0.6419876640251119,2.5660276424892845,6.687098449817415,0
212.6,0.4461029644352904,2.454998619778678,6.685597138181121,0
212.7,0.40783740711427485,2.3503103149967464,6.726529265410444,0
212.8,0.5578347148269751,2.3105289964633537,6.715535199363363,0
212.9,0.4354750828533329,2.272357650255952,6.679814973069652,0
213.0,0.49368782162581926,2.3389320778192633,6.7165372819073195,0
213.1,0.40064727330440186,2.2616635155916867,6.68406259060436,0
213.2,0.4214981850098286,2.2313693894366966,6.690731651667633,0
213.3,0.2748833381622467,2.0727873295631314,6.636858693101667,0
213.4,-0.10491771543399302,2.1328415726905847,6.569729584422123,0
213.5,0.2434561926936268,2.1907857846270207,6.683289120453243,0
213.6,0.6320507436366609,2.2333026732754537,6.82055623179905,0
213.7,0.6265247136594121,2.324155099256708,6.828658007647521,0
213.8,0.5408594289052486,2.2800421336199648,6.841980206694636,0
213.9,0.4702415548677932,2.2306381803965585,6.833444775384232,0
214.0,0.20369472036501782,2.066462950771642,6.78261788826749,0
214.1,0.2832532914086764,2.145611210306729,6.829245513055189,0
214.2,0.36496023862930954,2.113648263692838,6.882003952601653,0
214.3,0.33636238143089914,2.1697035572439605,6.9198606099031945,0
214.4,0.585330731008747,2.2063845067999655,6.938123023478009,0
214.5,0.3516216437936032,2.124469405204559,6.870670097729177,0
214.6,0.09439859306851528,2.1158914280278323,6.7574924270148475,0
214.7,0.12906946389899457,1.9911765886347887,6.76499696624374,0
214.8,0.25443236814053866,1.9457464093407644,6.791127238474715,0
214.9,0.4319600530036759,1.991484224315379,6.90142305543843,0
215.0,0.4931524592684034,1.9640931716038605,6.87761439318852,0
215.1,0.43182477582148754,1.8659004056250272,6.877046696170059,0
215.2,0.5341896561853869,1.713954923531804,6.919651100668647,0
215.3,0.5700328782442516,1.661781910929746,6.989081576073066,0
215.4,0.36259842485547955,1.6838945234200846,6.9755562331470005,0
215.5,0.30643518107383827,1.5707099846497616,6.95516671385394,0
215.6,0.36021565194478733,1.5187396705629013,6.994604937310077,0
215.7,0.46324794156364674,1.508981384854403,6.964853067651147,0
215.8,0.49974586359420553,1.4122773659102206,6.9914045112646805,0
215.9,0.32025714803439864,1.3598792326027227,6.885935348254343,0
216.0,0.26469674504455976,1.3881449111527409,6.938923172803991,0
216.1,0.28294619731045795,1.4344383671353693,6.910857188005322,0
216.2,0.1698609162679225,1.4867646671521075,6.857242200326162,0
216.3,0.15483634514207492,1.4613999048899236,6.805412114746053,0
216.4,0.17235357834810844,1.2549121961211356,6.79720501695712,0
216.5,0.13168101548679362,1.3468010603348426,6.814695299544428,0
216.6,0.19151119720069731,1.3150269488728672,6.812513265010757,0
216.7,0.37261822113151677,1.2681943949156984,6.935088465735333,0
216.8,0.29234638871546015,1.303265326707304,6.903709678277323,0
216.9,0.17954109598594814,1.2156641865932398,6.944658772119901,0
217.0,0.29353786196285475,1.2045700858402428,6.9424743779672635,0
217.1,0.36192083654552853,1.1533975080580452,7.007534099340819,0
217.2,0.2236359773398661,1.2883868538799896,7.086459787863184,0
217.3,0.10742135903483456,1.3148502423656057,7.147570417433107,0
217.4,0.27628825849361593,1.1425022895529693,7.184377905565668,0
217.5,0.4207528085290987,1.0645379705565592,7.247663639278093,0
217.6,0.2438292358729984,1.014956786592992,7.264313325365985,0
217.7,0.08353504889724087,0.9063355559943116,7.148308625501476,0
217.8,0.0804738778378811,0.7442670494264101,7.1676459318094246,0
217.9,0.12034888260986151,0.7029816741111408,7.150763938353236,0
218.0,0.1349879333006499,0.6198031873075854,7.156948194086455,0
218.1,-0.07247295554502613,0.6334751821063445,7.091939846258482,0
218.2,0.048315581153555706,0.5183264983726075,7.013822911433442,0
218.3,0.3398876818453663,0.34371178837272875,7.059668654271846,0
218.4,0.2657639911177233,0.5640470171245835,7.068478498362117,0
218.5,0.22326681944781104,0.6146147667944202,7.045293233459477,0
218.6,0.34609749067745554,0.5448521944561252,7.0681793511944,0
218.7,0.2978517981011961,0.502869420683044,7.084360196852382,0
218.8,0.40338440400918,0.5868863711360264,7.113077739664064,0
218.9,0.5395733057430404,0.5491299121507041,7.172818230877612,0
219.0,0.26923759714892104,0.5212238937979238,7.2661518618625704,0
219.1,0.29081252482785824,0.4642496451433029,7.30090327957158,0
219.2,0.290869894511834,0.3574513396485187,7.309123028081112,0
219.3,0.057905835320918544,0.5017875555923386,7.286356425751751,0
219.4,0.06134387875713483,0.4703627991124558,7.285517699781447,0
219.5,0.01987381833555909,0.31329273156020127,7.244827261459477,0
219.6,0.00955630897078671,0.2616389685577403,7.226382166725865,0
219.7,0.1969294480852179,0.23946194195576695,7.323364515682494,0
219.8,0.15686811164450024,0.2120312569638453,7.332564594973872,0
219.9,-0.08981002369132039,0.18410572852462462,7.381690425167344,0
220.0,0.054522055437371285,0.14528545801672396,7.319184438410356,0
220.1,0.21965241069513536,0.03913018413268219,7.358140967819175,0
220.2,0.1937455315280095,-0.02612455863361653,7.400811772291471,0
220.3,0.41090484394580873,-0.18831820312994224,7.423058028077257,0
220.4,0.5146245379247556,-0.17593806018042937,7.505794980381441,0
220.5,0.2871154467488179,-0.04956857994238243,7.6290428585800525,0
220.6,0.03468302159596339,0.0008837577866359303,7.688003450277984,0
220.7,-0.121103857241367,-0.04704863580435985,7.607821679183968,0
220.8,-0.05624090694382644,-0.14341353048701128,7.635884170728536,0
220.9,0.05332641938971712,-0.06806791957039524,7.5508443444059425,0
221.0,0.06190499290819993,0.04351561631430251,7.549059963615365,0
221.1,-0.004663347918249061,0.13916601221845165,7.483031489638731,0
221.2,0.16314802058562242,0.19457850846036603,7.5472756884398935,0
221.3,0.038996314066070445,0.15774780057477186,7.503924350098137,0
221.4,-0.19321599655652916,-0.047798564330717094,7.436493119754592,0
221.5,0.08949665021088818,-0.07896206852270063,7.346451596217747,0
221.6,0.24137013092989612,-0.08262525242425492,7.305895682512189,0
221.7,0.0870750515718937,-0.06978680509350887,7.354666768967886,0
221.8,-0.02754889712873766,0.046785769163470374,7.2580065835360745,0
221.9,0.1577052743422783,-0.03191068349503333,7.2850808081417044,0
222.0,0.1104197568490517,-0.08143356699837437,7.305815957097188,0
222.1,0.07181313587577158,-0.276719794194557,7.322388626143651,0
222.2,0.04077416356839736,-0.4488560676063683,7.320366188004644,0
222.3,-0.018863259118120628,-0.3608882857378174,7.3105654297914855,0
222.4,-0.023075747898914045,-0.4181883010311863,7.313642051043526,0
222.5,-0.24778660141746575,-0.6009449134170766,7.337232284731245,0
222.6,-0.24631700896921221,-0.622268492009207,7.321054611811656,0
222.7,-0.05750951200917694,-0.5627891543921342,7.2811646320249155,0
222.8,-0.18806392093303298,-0.6637665562269006,7.362125924989094,0
222.9,-0.2873494230009572,-0.7620189929827081,7.300830293539232,0
223.0,-0.0738149819151688,-0.8453754693626759,7.310945652098856,0
223.1,0.016771427944722493,-0.8181542528054807,7.336008056329153,0
223.2,-0.27661566989743314,-0.7298144539655108,7.356737703899152,0
223.3,-0.3999884146291176,-0.8302882591419621,7.384481112812956,0
223.4,-0.21185243010443994,-0.8109081502895531,7.402752546473738,0
223.5,-0.08797824993108813,-0.7387717910968462,7.3632948710920685,0
223.6,-0.06578721543827219,-0.8379936882180589,7.343943943160452,0
223.7,-0.161031998843488,-0.9635665105100081,7.32970920685179,0
223.8,0.07253692700105949,-1.027072145667904,7.335311410878864,0
223.9,0.015639355824646282,-1.188531149412086,7.370889546595619,0
224.0,-0.07661234434254335,-1.2845915532101277,7.314287555788647,0
224.1,-0.20346440888960818,-1.3215256065189926,7.248774294273484,0
224.2,-0.2358257435684381,-1.3660198961140255,7.218959287235241,0
224.3,-0.059671511540462255,-1.340767271370345,7.152970175387057,0
224.4,-0.06650401961221268,-1.3146016636331646,7.112958387908397,0
224.5,-0.09210850495755743,-1.4369965140078986,7.120569551376052,0
224.6,-0.2400466069593464,-1.474902371701028,7.213057452079139,0
224.7,-0.14608185047602165,-1.4041900882532699,7.184011589462051,0
224.8,-0.15761705264999007,-1.3954836481898782,7.175703894002514,0
224.9,-0.1875264287499326,-1.304728686827231,7.170773165019179,0
225.0,-0.2413940818996418,-1.3213797643791625,7.497398609559108,1
225.1,-0.3396415426931609,-1.321085684457595,7.886279196758946,1
225.2,-0.1728055173268168,-1.46015468921285,8.163768800092173,1
225.3,0.05486533241575162,-1.6352619749838535,8.624581944607286,1
225.4,-0.06893793516902044,-1.6986230293178746,8.951857169760226,1
225.5,0.042598069647163526,-1.6181509345606024,9.268134699416413,1
225.6,0.3056523174697122,-1.5871632832242202,9.565383799130853,1
225.7,0.0755738016766877,-1.7030799658702176,9.999460343909702,1
225.8,-0.09024202365323353,-1.670437112429325,10.271550235440118,1
225.9,-0.10952155134614469,-1.6570831534522248,10.632385498420055,1
226.0,-0.11755808252102018,-1.721811383322406,10.639295760332669,1
226.1,-0.006616269873768661,-1.764006054653919,10.593529605359151,1
226.2,-0.044455739633963584,-1.7643477726469814,10.60161504474178,1
226.3,-0.18084518468222632,-1.7857320870570543,10.507673589615816,1
226.4,-0.12221181382656492,-1.8993475854700805,10.50106587750069,1
226.5,-0.44856709293404357,-2.060456865946456,10.651996475514476,1
226.6,-0.5467117912201686,-2.2301007658179417,10.587290656699631,1
226.7,-0.35260752719780475,-2.24881644849469,10.502127102632063,1
226.8,-0.31636332724550964,-2.2462277979254863,10.510498560179805,1
226.9,-0.21830235016531851,-2.264981721521267,10.46761692473741,1
227.0,-0.21212673322281242,-2.2669651205753354,10.48705221626611,1
227.1,-0.12791442476016524,-2.2902152678069374,10.537687772286223,1
227.2,0.07788066017024682,-2.21635290222969,10.606597356801451,1
227.3,-0.07900068793689607,-2.1339765016243053,10.625810977405926,1
227.4,-0.11289351405265684,-2.063414264939667,10.607340984629097,1
227.5,0.29827843291934375,-2.086858495306315,10.53241529960776,1
227.6,0.2298828037912095,-2.1067473915560457,10.588227829809815,1
227.7,0.09580447067525022,-2.117816428928214,10.658753433602454,1
227.8,0.06855513512834707,-2.161243197605841,10.643230149732002,1
227.9,0.19488895814531348,-2.169331197795448,10.682649945982792,1
228.0,0.1332743658221624,-2.1525555390013325,10.67960456408799,1
228.1,-0.011999808168503235,-2.223574438288928,10.65537539419496,1
228.2,-0.03836045517949105,-2.2176188742459404,10.63420039529136,1
228.3,-0.14882808683974363,-2.4136267469412016,10.64353269406094,1
228.4,-0.10094425147739916,-2.3346884730160062,10.680603740106285,1
228.5,0.007381875704372165,-2.3315013019539146,10.749630414312119,1
228.6,0.14624185244143562,-2.25745427678594,10.732230056830568,1
228.7,-0.015511068770922388,-2.207738577872296,10.810195302015602,1
228.8,-0.0937193210463656,-2.209001266978521,10.84696883975691,1
228.9,-0.17240502505484523,-2.293065045272015,10.8092659212174,1
229.0,-0.07341846264828053,-2.3430174931527445,10.435719115946377,0
229.1,-0.06245409341488831,-2.3406100973904285,10.098030082834478,0
229.2,-0.13958187190375754,-2.615106149829708,9.664089999882226,0
229.3,0.059576456420459944,-2.538999103587977,9.266134475753066,0
229.4,-0.039985518559489126,-2.6824440791889113,8.857707690463132,0
229.5,-0.2954153008468179,-2.6367931641529534,8.347733399383646,0
229.6,-0.2522915583760196,-2.7362296477512325,7.972417809431103,0
229.7,0.009789198516345798,-2.7571657249976402,7.508079852019442,0
229.8,0.14137730948610733,-2.8689504811845934,7.1617170488301936,0
229.9,0.18151207066867764,-2.827657265762854,6.843760540310122,0
230.0,0.18978882531864535,-2.833370298146831,6.820862518410406,0
230.1,0.35324366682025854,-2.834997630634586,6.8582572390271865,0
230.2,0.2471707175027819,-2.686648585451839,6.891115956516733,0
230.3,0.12516651218633607,-2.648081227812802,6.946356313704568,0
230.4,0.07704801639870543,-2.6202385181049537,6.996223259493315,0
230.5,0.11162895945546356,-2.713808918798508,7.003827307996017,0
230.6,0.041801471612285604,-2.684603021579845,6.958192102238206,0
230.7,0.057281337308739265,-2.811626971434478,6.877283637375044,0
230.8,0.13029707791330664,-2.890371847756357,6.896873400461184,0
230.9,0.055274898423755346,-3.041098770673703,6.877942891785577,0
231.0,0.1520747508634242,-3.035444290952344,6.976128441059347,0
231.1,0.12953753011125366,-3.1275008021296395,6.946950706577377,0
231.2,0.14888265679436252,-3.29073391706061,6.963699238817375,0
231.3,0.09671008595215662,-3.416921431773372,6.959454635331598,0
231.4,0.006998588362965674,-3.471160998337859,7.012396148870645,0
231.5,-0.012227659991677155,-3.5769484315979057,6.995033152080666,0
231.6,0.2071093138419502,-3.660317412302704,7.153334928706999,0
231.7,0.23056899929455182,-3.6754685661583566,7.22091876245298,0
231.8,0.12289672474489137,-3.711523873407399,7.163752622492242,0
231.9,0.10166872575986649,-3.766317280980526,7.170644579323849,0
232.0,0.10515599553416825,-3.7823816149796405,7.14530071180432,0
232.1,0.07815846231241398,-3.8407081747285057,7.132748734732337,0
232.2,0.09369783323420491,-3.7806066067822734,7.126190978452965,0
232.3,0.11574550060856784,-3.830289694512338,7.125416989808639,0
232.4,0.3392268106671576,-3.784538662429894,7.109808598149206,0
232.5,0.39173217586761255,-3.737206360309378,7.164450507159235,0
232.6,0.06429194260167784,-3.6493556883365685,7.093110117988333,0
232.7,0.17629589326693118,-3.6777391301389004,7.145513186223575,0
232.8,0.2836452439774832,-3.607620690990938,7.218197827896381,0
232.9,0.2914639882335657,-3.4999228254557337,7.210740898221653,0
233.0,0.24034736501544068,-3.515437915333849,7.217376497869492,0
233.1,0.12250855490218937,-3.4952946139238597,7.195416822739865,0
233.2,0.02050951823783227,-3.388257025578743,7.273874632489367,0
233.3,-0.03224400315087354,-3.328815085382091,7.3378923696430345,0
233.4,0.031211155897333576,-3.474002061322608,7.312647555204903,0
233.5,0.2304684911165921,-3.446414842006731,7.436298738849165,0
233.6,0.33963125515212156,-3.4528884154555923,7.445158692272133,0
233.7,0.32051704291048777,-3.4598006257690925,7.4403676101886465,0
233.8,0.20654563419124558,-3.4448425698901346,7.388669952345687,0
233.9,0.03016937271670559,-3.3780279677960023,7.461634298601849,0
234.0,-0.036380489526376056,-3.5171973843314235,7.41459648972017,0
234.1,0.03548158639718772,-3.396218931307471,7.459213400743636,0
234.2,0.243858691363772,-3.3755356465446993,7.413405125833951,0
234.3,0.31868787608192295,-3.458170833067519,7.341041779684088,0
234.4,0.22518145147768692,-3.3903702522063752,7.316019606897806,0
234.5,0.11859305680553078,-3.391010154450501,7.260526594889823,0
234.6,0.28828302529912,-3.4338002662167115,7.297597394553307,0
234.7,0.24119149809465767,-3.415049216612971,7.301564292859174,0
234.8,0.2758467435571509,-3.465124731753196,7.322322919856292,0
234.9,0.49078366214306157,-3.5549296707726024,7.291741104162833,0
235.0,0.44848454298338086,-3.4593363469794434,7.356412553246884,0
235.1,0.25268107624134106,-3.515759248081981,7.428625935151459,0
235.2,0.171804526151374,-3.5727768362692216,7.361521252966904,0
235.3,0.44447696093196987,-3.5357557563221307,7.442288277585796,0
235.4,0.3476986319334463,-3.549238186982037,7.516786768070199,0
235.5,0.11979001988077202,-3.584912599980477,7.46044961458027,0
235.6,0.10821746083303099,-3.5655768512784354,7.46335596178149,0
235.7,0.16116628176705117,-3.644726145210987,7.4986814572545955,0
235.8,0.20930033546803833,-3.6794974213822735,7.529037897803907,0
235.9,0.068966752205109,-3.586397798050316,7.581149331952309,0
236.0,0.06521469675510533,-3.4738347821418025,7.5736838472866355,0
236.1,0.27956798294229895,-3.4653059207394605,7.4980344535899786,0
236.2,0.31453208211699335,-3.5348646247919797,7.561457169035377,0
236.3,0.21804545532796205,-3.3405619712270735,7.485789349918837,0
236.4,0.4461811583876857,-3.258182810782531,7.472666217346065,0
236.5,0.5339961134728017,-3.2687323115763247,7.500952708409332,0
236.6,0.22373077820488038,-3.2880396501797393,7.524426361999008,0
236.7,0.216207911258451,-3.169792872869531,7.523360851276148,0
236.8,0.30006070328101453,-3.1429664901557017,7.609144850248407,0
236.9,0.41132862637596457,-3.260584017814376,7.523102291265905,0
237.0,0.36707357437485194,-3.347435485705129,7.594253334900801,0
237.1,0.2856736017971584,-3.359436684825725,7.5851751573943655,0
237.2,0.4642797915011836,-3.2987723181660997,7.69716316998947,0
237.3,0.46925500764503025,-3.4664949001328944,7.754717801872381,0
237.4,0.17308522963548983,-3.5346398878579057,7.780303315084048,0
237.5,0.18829889816806183,-3.4499220558826096,7.8004590803276965,0
237.6,0.4381853564303154,-3.467614104681381,7.789003515307906,0
237.7,0.25844454853866505,-3.407968750154221,7.780097790479081,0
237.8,0.18785920825871397,-3.2817872926449296,7.732589872086777,0
237.9,0.1544678214040837,-3.2635183575631714,7.8014790015651245,0
238.0,0.3721206600326634,-3.2258994803763357,7.777853040480769,0
238.1,0.5534824415000993,-3.167003887956419,7.89637265360106,0
238.2,0.20169762124148094,-3.0638429108555796,7.861983904446585,0
238.3,0.08255404449109106,-3.009901891500199,7.818849257541825,0
238.4,0.41565253660297846,-3.0427623983407783,7.869993060823861,0
238.5,0.5667185081566044,-2.9181290770357458,7.952408404088219,0
238.6,0.4128644890993816,-2.824131888426206,7.929987030943972,0
238.7,0.3340004994104532,-3.0411825762085902,8.004462521991421,0
238.8,0.3382039019964201,-3.185763179253312,8.035608118154139,0
238.9,0.45893827408861937,-3.179816413520117,8.061257367685789,0
239.0,0.3807116889664458,-3.137566258537219,8.030341148462739,0
239.1,0.23322224119910592,-3.162682954607226,7.966927117449463,0
239.2,0.34648610203175195,-3.236005707650663,7.934676665327382,0
239.3,0.3368773136654658,-3.2986430045110566,7.968012042401701,0
239.4,0.19740595910737002,-3.1451143053001216,7.8576836593111095,0
239.5,0.14352578639411198,-3.216587528728996,7.838701910600261,0
239.6,0.05873394527935383,-3.192569009106571,7.92305423875238,0
239.7,0.23234925978148113,-3.006876995579735,7.836330959761854,0
239.8,0.1906727697466674,-2.8837109403100394,7.7998242453194395,0
239.9,-0.061382984009062704,-2.7630820400320495,7.826755848124667,0
240.0,-0.037836466414946736,-2.8750209149296437,7.821668310197798,0
240.1,0.2149257553369476,-3.0210728853373885,7.943778677030944,0
240.2,0.2902770708246189,-3.0624559153350015,7.928238667325526,0
240.3,0.3843362652108157,-3.018802750791309,7.959453822877398,0
240.4,0.2616710751817692,-3.1323404031132975,8.052096427621013,0
240.5,0.025944344702173903,-3.1025553577734355,8.040462750066968,0
240.6,0.26676065198617965,-3.2170545743120913,8.012855117206744,0
240.7,0.340492037131651,-3.1957855182864727,8.070641445433756,0
240.8,0.3618652661597363,-3.227239017223341,8.146271977345203,0
240.9,0.46633499456916744,-3.2584827646383685,8.046924583274507,0
241.0,0.3152800281272157,-3.0418728250215947,8.098632372441113,0
241.1,0.11973485184680617,-2.8532157035449295,7.990331890698601,0
241.2,0.1664475280003513,-2.8411718216536967,8.047986375216116,0
241.3,0.1874447628914881,-2.7422571672927485,8.036024296063776,0
241.4,0.3549814225104148,-2.6119936145114115,8.037316114944105,0
241.5,0.21459437752831337,-2.698771457879526,8.109920502176745,0
241.6,0.13651011267296767,-2.679347398165915,8.083078058584693,0
241.7,0.23400725424980048,-2.626435614243401,8.1518446572702,0
241.8,0.1898714355288602,-2.80022103258839,8.104007455020515,0
241.9,0.28119443895840834,-2.9677951157025584,8.181664861149024,0
242.0,0.2554191037335809,-3.1256025783760224,8.199452526746677,0
242.1,0.0962116611446533,-3.0987050460545698,8.240204790855476,0
242.2,0.002249233258273256,-3.2152526738290197,8.205110528001672,0
242.3,-0.0904825702736701,-3.2149283841096485,8.19274737352548,0
242.4,-0.1359057497740308,-3.278572305668091,8.158919949691608,0
242.5,0.28114159464200944,-3.192163642113214,8.153739793025423,0
242.6,0.2990646046385456,-3.091581254293685,8.160432966427532,0
242.7,0.018684108541797993,-3.1210224795291346,8.101242415754234,0
242.8,-0.06878944448300729,-3.0175152030618206,8.100513181419679,0
242.9,-0.16056848925077122,-2.903244080092845,8.070080964287104,0
243.0,0.06150322666314682,-2.851552990366532,8.080748382163677,0
243.1,0.2716005183064727,-2.9067961562951914,8.116737913213964,0
243.2,0.28375270824944276,-2.782292845825398,8.111547730664388,0
243.3,0.2159719134968281,-2.7945781669692504,8.168358550565552,0
243.4,0.18282069296216982,-2.80595179082125,8.210346260340486,0
243.5,0.08879212942079724,-2.797517258130994,8.134882142459883,0
243.6,0.006418740578563706,-2.7597715666851856,8.10935354206855,0
243.7,0.1194055609221836,-2.8851759369001138,8.075021880797474,0
243.8,0.12080225944767373,-2.879867303699901,8.082377194814683,0
243.9,0.10750181217751098,-2.7891336425291593,8.097247052651436,0
244.0,0.052233613178806884,-2.762359147539663,8.083827685376953,0
244.1,0.030652181905736865,-2.645698474711204,8.052645120507453,0
244.2,-0.15230998929862946,-2.4834226573637572,8.141377756560335,0
244.3,-0.2043885020535888,-2.4296937234815728,8.160542539635994,0
244.4,-0.007395168517933937,-2.2433520990150915,8.163603564961372,0
244.5,-0.058498654775240855,-2.2428401034604475,8.142995969764016,0
244.6,-0.20178449963170048,-2.2713058682647027,8.254940594912563,0
244.7,-0.17624011056919198,-2.0295664239013065,8.24258949291384,0
244.8,0.0580957125514729,-1.932885635547939,8.2992497770372,0
244.9,0.08068679050415158,-1.9221510452922181,8.309630561102882,0
245.0,-0.006153477910032568,-1.8766625731361404,8.266962632939189,0
245.1,-0.1674300074903565,-1.848520980909166,8.277512910751835,0
245.2,0.005159365581703171,-1.9729097440011938,8.187529710878696,0
245.3,0.2855627357615528,-2.0703941193433173,8.141785270052338,0
245.4,-0.005073993724045734,-2.1448101676428424,8.11915883510618,0
245.5,-0.05152728516586134,-2.1830171933864584,8.102339575686983,0
245.6,0.04213157447335777,-2.2056752574547613,8.035394184409908,0
245.7,-0.04674451904042756,-2.3129695026836075,8.015363860208236,0
245.8,-0.18242015733030795,-2.1996190243428897,7.9567981299657,0
245.9,-0.15110944603408388,-2.1516297419518535,7.938726818532816,0
246.0,-0.17873222980882053,-2.141593094611273,7.971807246879689,0
246.1,-0.26421992756412427,-2.1288811450072425,8.002962719149949,0
246.2,-0.22908750343425605,-2.048782219312293,8.029810311340162,0
246.3,-0.28679009867692484,-1.8302559519917274,8.029274849946457,0
246.4,-0.2075274650695364,-1.7684114520237053,7.992159068776749,0
246.5,-0.28478706332827886,-1.7332707880836071,7.99931870218573,0
246.6,-0.24724204506954311,-1.5912386544143127,7.955313395184589,0
246.7,-0.1235873946254961,-1.4851501903231603,7.9900109778198924,0
246.8,-0.07393120047762965,-1.424038867889971,7.986762986721028,0
246.9,-0.26765525206706353,-1.4539892687459726,8.077796499229153,0
247.0,-0.45441008671233013,-1.4095213477344772,8.167116415715972,0
247.1,-0.29213840009385084,-1.3638362175250347,8.04703030562909,0
247.2,-0.24845593185605358,-1.3853047044525701,8.0365187496844,0
247.3,-0.34880191141575356,-1.3890498987300832,7.9725341302713755,0
247.4,-0.4324765591927016,-1.4802982858872231,8.04243741450583,0
247.5,-0.28565442183149675,-1.4518038365122754,8.02601078666073,0
247.6,-0.09689639299078152,-1.375714937487683,8.112138535141113,0
247.7,-0.0900634996800942,-1.3186847561428057,8.149975023857388,0
247.8,-0.5220448123823734,-1.3620931994332395,8.283166017463364,0
247.9,-0.4341358998903392,-1.325485888933216,8.17555038495355,0
248.0,0.03740710090988357,-1.3016548553032579,8.177764607408648,0
248.1,-0.18367854788769114,-1.2868663949365045,8.304255847215273,0
248.2,-0.36133820565690133,-1.1784492560601847,8.300712189170579,0
248.3,-0.22155395803352002,-1.2343048924697324,8.368663758511527,0
248.4,-0.15949945482722946,-1.1530079593511122,8.269067314238992,0
248.5,-0.27928041086833405,-1.045393427186306,8.247456312449897,0
248.6,-0.37228863970892556,-1.1139664735301642,8.174974587504114,0
248.7,-0.4359429008691428,-1.1955062851931206,8.085986315647355,0
248.8,-0.1787789206073805,-1.1279755724927205,7.913217744945733,0
248.9,-0.16412589850683398,-1.0364613229937916,7.896749827789892,0
249.0,-0.436431614433606,-0.9649236790810631,7.774603299137468,0
249.1,-0.0881172701360502,-0.9305026820152481,7.669482988462427,0
249.2,-0.1238187035721741,-0.8411063356441983,7.71698104886908,0
249.3,-0.41713948708853604,-0.8269790275694986,7.701415259656028,0
249.4,-0.26795782953028346,-0.7120728307937754,7.74219277804773,0
249.5,-0.2752942652427344,-0.639396373085662,7.753811790353635,0
249.6,-0.4935412973453051,-0.6137492142059344,7.782798467911762,0
249.7,-0.4402224319748023,-0.5397402957373479,7.810496924388836,0
249.8,-0.3027902241487403,-0.5838860897351609,7.822765260196587,0
249.9,-0.17535895704895027,-0.49070719546901886,7.823016053727509,0
250.0,-0.28267767391122894,-0.5213731102917334,7.854203705764395,0
250.1,-0.4784428352539961,-0.5561685052776827,7.858347248333693,0
250.2,-0.2075546336079757,-0.5442256752254439,7.793549607920513,0
250.3,-0.14001845732215665,-0.47491041397355105,7.780236372807721,0
250.4,-0.2587743969003845,-0.6071268028909681,7.732815492600397,0
250.5,-0.13919393368392574,-0.5307319898480347,7.72635002992593,0
250.6,-0.01839656570143533,-0.5613357023579579,7.654332355657256,0
250.7,-0.12066006469727023,-0.4452423345192883,7.646496289074937,0
250.8,-0.21327422381258182,-0.2528093956389703,7.578960058934852,0
250.9,-0.40755630294123435,-0.29377088677082125,7.6377815356446535,0
251.0,-0.3761804457033811,-0.12000796770559519,7.564739912846905,0
251.1,-0.3026858991616459,-0.09402694859117464,7.489686599836647,0
251.2,-0.4224189966587669,-0.07468136515182106,7.452804252279829,0
251.3,-0.4130476480138642,0.03019303755707734,7.382984614741952,0
251.4,-0.4708016564433056,0.1990578782431665,7.3830558689659345,0
251.5,-0.36564888101854,0.19118511991135462,7.375884443144919,0
251.6,-0.404977697946033,0.3555011800483494,7.349304963164004,0
251.7,-0.4740467835129508,0.279944600470248,7.3311022840458,0
251.8,-0.41024564980772443,0.20072617051280148,7.298203566681858,0
251.9,-0.34722938805575887,0.26721419950034847,7.221444416502567,0
252.0,-0.3531274500397369,0.21005429547243892,7.252660365827611,0
252.1,-0.302237707066889,0.22068776292206965,7.294294012961092,0
252.2,-0.2843731362036426,0.1426933148967296,7.27076838227684,0
252.3,-0.2652478412900601,0.10551057198317597,7.27305518432064,0
252.4,-0.07077784896715303,0.12592441161112727,7.307732190593596,0
252.5,-0.34506004051370726,0.12489961493681893,7.313391351353968,0
252.6,-0.4245412203104135,0.19469552908282853,7.359062956075308,0
252.7,-0.3311817641792281,0.23683727088965237,7.2919699759462535,0
252.8,-0.49116366690510677,0.19502966775244873,7.362384457012277,0
252.9,-0.4072256657046901,0.14665590002935774,7.3061878056735905,0
253.0,-0.24964174991051133,0.16610017162965438,7.254307090980825,0
253.1,-0.37337884244662745,0.3180619206613639,7.231731325161374,0
253.2,-0.5486200108660871,0.41411313583675513,7.261965462964897,0
253.3,-0.5958180030746005,0.4795316230254179,7.2968007923,0
253.4,-0.5909091315180467,0.5452319856173241,7.254752448097956,0
253.5,-0.3563739376700501,0.6332289914881272,7.260682244235705,0
253.6,-0.4233303770427462,0.5626281363638694,7.289155719142331,0
253.7,-0.5063339339525138,0.5185356360358121,7.3070348587739575,0
253.8,-0.2680680807879919,0.6119889966392169,7.294051504423356,0
253.9,-0.4036942478240662,0.6891656913458564,7.376734486098935,0
254.0,-0.467648514913462,0.6887196642050865,7.35299663652076,0
254.1,-0.33298633494339674,0.6801175123241612,7.339016098088213,0
254.2,-0.21982824143325672,0.7028246880761341,7.274046430053083,0
254.3,-0.20276605782751905,0.7753885509783803,7.268433495077285,0
254.4,-0.16940231260689265,0.7918070129525723,7.271967771629088,0
254.5,-0.1743605363606083,0.7672013960047521,7.245817225649067,0
254.6,-0.32298585707193517,0.8166987199938633,7.310862412708867,0
254.7,-0.29559967446632196,1.0173355080449196,7.266978877604281,0
254.8,-0.295077247604493,1.0442420181935876,7.25180413492866,0
254.9,-0.14090844801487512,1.1937295849775922,7.152132112281168,0
255.0,-0.13723228761041092,1.3730589841121674,7.132863404384594,0
255.1,-0.28775562441626373,1.3107661432387228,7.106590424596796,0
255.2,-0.23286192783441745,1.3258462432159828,7.0516989598299755,0
255.3,-0.1787774762052433,1.3660076037878757,6.972588347004982,0
255.4,-0.4945805464581701,1.4329161771717653,6.969408424452965,0
255.5,-0.6344047019804717,1.5014049915668246,6.889391100482987,0
255.6,-0.11214404387035748,1.6055846568402568,6.777284217479471,0
255.7,-0.21110323007244966,1.5087834716471848,6.821659996047676,0
255.8,-0.49130048270028615,1.5914866559029364,6.848208964009588,0
255.9,-0.3976040682293552,1.471183194712753,6.85872215691761,0
256.0,-0.3267324213815895,1.2180033453801202,6.835846909865801,0
256.1,-0.3153219635235064,1.3573189907638414,6.862917429623119,0
256.2,-0.33073304453538077,1.5478559721627245,6.885127504261284,0
256.3,-0.3254811921181619,1.4699851790163507,6.89964552241713,0
256.40000000000003,-0.1871213276676267,1.41236404675869,6.801797467282133,0
256.5,-0.06485947396926081,1.3416685490463582,6.860002049974652,0
256.6,-0.2869698689296687,1.2987591483980347,6.795602861658064,0
256.7,-0.20868607652659038,1.3511086794515192,6.758761021087366,0
256.8,-0.061034830653589146,1.3712452675724405,6.668799059332097,0
256.90000000000003,-0.1739651893645827,1.386360344507032,6.641115646764507,0
257.0,-0.15491423879712518,1.6055829464204954,6.638930524756541,0
257.1,0.017365117256818753,1.653645265348019,6.619041049876756,0
257.2,0.06721423842385135,1.5991319358515104,6.628396589469061,0
257.3,0.08506007111881633,1.7904370400209337,6.578324272285215,0
257.40000000000003,-0.05908618974810318,1.8510521655568808,6.630773063404655,0
257.5,-0.25394963246918933,2.02813276150043,6.609289933750418,0
257.6,-0.1252255471799028,2.141211973670698,6.582327670702545,0
257.7,-0.013429182651386807,2.237804849391213,6.579478747042178,0
257.8,-0.0841464233758449,2.260637888563557,6.6179425468212845,0
257.90000000000003,-0.12825777341105415,2.2876587374907746,6.589129186009904,0
258.0,-0.13207312045002292,2.2711783038122495,6.604152031987728,0
258.1,-0.19042945326724914,2.232940304397176,6.5677799790509654,0
258.2,-0.18877286160785695,2.1933322237404873,6.611721128672002,0
258.3,-0.19500601285524344,2.1489275856529066,6.625537527550746,0
258.40000000000003,-0.1756728621766817,2.158879895984618,6.633695532270439,0
258.5,-0.1264501519857674,2.0487126632376707,6.597569419473251,0
258.6,-0.12446568364649198,2.0883277997406173,6.626602680202673,0
258.7,-0.11801030251018914,2.11402901467729,6.6032640330142085,0
258.8,0.06988971676937558,2.1901707221337823,6.600738402250663,0
258.90000000000003,0.18686971904711558,2.3812371710648184,6.643096250041478,0
259.0,-0.11916563997604221,2.3179915175369024,6.745912668418292,0
259.1,-0.3902376709453484,2.3344753439354435,6.826357739967359,0
259.2,-0.2726183181952894,2.513984338209306,6.845693971341751,0
259.3,-0.21795878540521052,2.3811068193796316,6.822454386543522,0
259.40000000000003,-0.0359043917054638,2.5065594772265825,6.757167789512549,0
259.5,0.03064029058496422,2.687039403381205,6.707975314633535,0
259.6,-0.22647392401022337,2.6565820658235832,6.760035683664782,0
259.7,-0.2646264928899822,2.6750643029847674,6.741712708168262,0
259.8,-0.14377947988672385,2.580331358825646,6.7688137774951445,0
259.90000000000003,-0.19635862321644024,2.449227794279019,6.786382939819498,0
260.0,-0.16714294244000832,2.535264042390708,6.739648142729452,0
260.1,0.06288842622888345,2.568063564463471,6.626700316770015,0
260.2,0.1261039847265218,2.445427392011805,6.644630739138853,0
260.3,0.1847274978322117,2.545646050945704,6.673913442819841,0
260.40000000000003,-0.07889235568078293,2.5204690721608034,6.79918419229765,0
260.5,-0.09287850381972454,2.5190666541105884,6.7952479114935525,0
260.6,0.23253282602118702,2.420794368641835,6.762776702576541,0
260.7,0.1660388980178303,2.4765173633439437,6.81844433084615,0
260.8,-0.10508447377555843,2.6390880770166754,6.754350969305442,0
260.90000000000003,-0.02949471494497923,2.756761028718624,6.740693237143338,0
261.0,0.23089536201374433,2.8150987976591937,6.662845405581784,0
261.1,0.0819396921844674,2.83025014875625,6.73873104021325,0
261.2,-0.23618116544194417,2.890119138250635,6.664001173220738,0
261.3,-0.2997224202207337,2.977274378973904,6.618569465581277,0
261.40000000000003,-0.0007900079410059213,2.7963164880206497,6.501693523050191,0
261.5,0.0661277386572744,2.7866919522457763,6.562212136734322,0
261.6,-0.17634466666396736,2.933295375312168,6.548674022884546,0
261.7,-0.05718706004859166,2.859573776573725,6.551109877158424,0
261.8,0.007707320862968636,2.815342562284721,6.517519256175257,0
261.90000000000003,-0.1499061141613514,2.8158424197209646,6.483723031314669,0
262.0,-0.0661131615667609,2.9405333156772278,6.522501800132884,0
262.1,0.10133431083568097,2.987842993892902,6.454380944989552,0
262.2,0.17824473161342533,2.977624010266589,6.389434145064238,0
262.3,0.25060731653141194,2.955993052148666,6.449573196573513,0
262.40000000000003,0.1504485072183815,3.1913745839171233,6.439046566739123,0
262.5,-0.09353790707855379,3.094244197877131,6.494138179502938,0
262.6,0.10589240910959155,3.1556863015840957,6.478853070184721,0
262.7,0.11415104868095587,3.2983105176803114,6.481365969626597,0
262.8,-0.03190595461935055,3.452082902084272,6.565398173976389,0
262.90000000000003,0.14902698822988997,3.3895970034501,6.614978692940511,0
263.0,0.05106592178900735,3.335392550301355,6.616092628441427,0
263.1,0.0512805068239088,3.246979393426688,6.609015158297781,0
263.2,0.05815357643712863,3.3626634320155255,6.642167202043831,0
263.3,-0.07873583131412643,3.421393094822098,6.6029386239448185,0
263.40000000000003,0.0069223931678359715,3.40949855883279,6.616942715025313,0
263.5,0.1654629717461514,3.558704239397346,6.5444238670477,0
263.6,0.194649599760956,3.470621154955058,6.571302621547868,0
263.7,0.24027620993710216,3.43724354830156,6.619228108019984,0
263.8,0.25341925075060173,3.431637171560226,6.618121290508978,0
263.90000000000003,0.12319577393775985,3.61253089060083,6.588014287140652,0
264.0,0.15145928499538847,3.625448234891387,6.532365916930166,0
264.1,-0.015036498391946007,3.677892820701117,6.64822713780394,0
264.2,-0.0948615670416938,3.593842600692232,6.641939119353696,0
264.3,0.053556910973661484,3.6438689010839425,6.670260861261371,0
264.40000000000003,0.026634705314352514,3.7072576234428283,6.703293427660391,0
264.5,0.22857076985774705,3.6803797565468743,6.828683172701295,0
264.6,0.19365593744342974,3.6824955693670836,6.784584187314339,0
264.7,-0.06666742916613902,3.705502013732061,6.772373922688205,0
264.8,-0.019140630588164086,3.5536336025656894,6.725477282926664,0
264.90000000000003,-0.0038897290830425964,3.473098713497106,6.691891295676205,0
265.0,-0.009606621869863191,3.4429983115186884,6.700810569127588,0
265.1,0.22401416565051555,3.434560780358216,6.635614702046927,0
265.2,0.3190833057288279,3.4279497074263494,6.625296227242631,0
265.3,0.1211038176214343,3.4157963251982957,6.670112920202834,0
265.40000000000003,0.15002524864851796,3.436972164416042,6.645957920681096,0
265.5,0.13610736195313416,3.4754110782606817,6.617149222096943,0
265.6,0.053657883079942036,3.4701979174536106,6.597166137360337,0
265.7,0.09660760736303094,3.4342305894545184,6.574520119214299,0
265.8,0.141712121382228,3.4646230562797,6.58908485974644,0
265.90000000000003,0.19778987160534203,3.3702591449225863,6.63599244880038,0
266.0,0.08308993727369754,3.34930649377207,6.661462458703032,0
266.1,0.026646140150377286,3.4127865803313036,6.6421286520969485,0
266.2,0.01961631536677538,3.436306219645226,6.6473856570664935,0
266.3,0.11343840075893545,3.331792296350103,6.609948428530662,0
266.40000000000003,-0.04112748684982154,3.2423274596087657,6.668753263045316,0
266.5,-0.1700924696456648,3.2153580622574,6.574605790998751,0
266.6,-0.06561964036217394,3.3222269643845292,6.614489305321568,0
266.7,-0.07813599689412894,3.3135690275754945,6.567899824138638,0
266.8,-0.20424169073205856,3.26075023232994,6.615193439070924,0
266.90000000000003,-0.2693751287902196,3.3719570850091025,6.532879598038335,0
267.0,-0.14390724803087296,3.479299757312776,6.516305579510875,0
267.1,-0.13137852334391456,3.4479388071648174,6.468140532876217,0
267.2,0.0015715487180272935,3.529930222199077,6.564339078088868,0
267.3,0.15546210036161404,3.525193368662456,6.636702887485707,0
267.40000000000003,0.15174093864732974,3.4609722618886662,6.618910576796313,0
267.5,0.18959170437621203,3.377589312827657,6.636176806504688,0
267.6,0.24206099885637133,3.305406203466146,6.671052202414849,0
267.7,0.07972763735002641,3.3215538907375035,6.8311633025734775,0
267.8,0.07357021609376621,3.3742251698392955,6.845425581814001,0
267.90000000000003,0.09027653866081536,3.4044708949939064,6.887472426712418,0
268.0,0.12657245459791117,3.3767282639239276,6.916920719087161,0
268.1,0.19360639293785176,3.4398922902923124,7.023162082130696,0
268.2,-0.07482565071874159,3.2511189756131373,7.036158596781961,0
268.3,-0.19901126866285704,3.3276991152452133,6.936829564040146,0
268.40000000000003,0.027111504195992488,3.3949959491867348,6.960595428685631,0
268.5,-0.15614824526306242,3.417526642984181,6.990592749168445,0
268.6,-0.3349321976347654,3.375303769158689,6.904696470593554,0
268.7,0.08672668442185358,3.340975023962624,6.834292570840252,0
268.8,0.19878532436744104,3.320501203006084,6.79665328309993,0
268.90000000000003,0.132580099003435,3.2601786113581426,6.845896250722656,0
269.0,-0.046815941325759544,3.2734753599834265,6.8482617925945934,0
269.1,-0.2867943881676986,3.305877556728806,6.841717177231918,0
269.2,-0.1498417100011662,3.351387018624203,6.755777852791778,0
269.3,-0.09441940873086299,3.304738900515075,6.789211155254445,0
269.40000000000003,-0.13539736708514494,3.280242836012402,6.753547044476602,0
269.5,-0.020439824524521318,3.272536978597627,6.7174686561919525,0
269.6,-0.06098150952626482,3.1850606755244977,6.762611543362863,0
269.7,-0.21311113655635494,3.215666392574196,6.6505333866280925,0
269.8,-0.1627371018764643,3.2608845983203785,6.577834049880847,0
269.90000000000003,-0.20014299677468178,3.2806307546564093,6.617684603974162,0
270.0,-0.21608102818324587,4.700740647667575,6.76095592499658,1
270.1,-0.2126786907206169,6.145380162735199,6.877517940332969,1
270.2,-0.46974723275229885,7.666785733358712,7.046613132780385,1
270.3,-0.9203709533516726,8.986389988500864,7.231727261988835,1
270.40000000000003,-1.267655597146648,10.458321343224647,7.329285551583261,1
270.5,-1.3141676676736682,11.82791031175616,7.533920072883461,1
270.6,-1.5131872669666575,13.366782741877852,7.677001872153417,1
270.7,-1.8645525600240247,14.756822707709574,7.906543393526329,1
270.8,-2.2481217278688255,16.275797578499912,8.139229000459306,1
270.90000000000003,-2.2990862356136637,17.646928929846087,8.21388105697837,1
271.0,-2.3193183272173767,17.60109458169736,8.204687449102419,1
271.1,-2.27140678697123,17.519839580770387,8.207087963647561,1
271.2,-2.177770088493408,17.449155653977325,8.187439548032362,1
271.3,-2.184296484944502,17.54375331990789,8.191448203320434,1
271.40000000000003,-2.156966503982586,17.460210376405463,8.20015249868612,1
271.5,-2.386399019000746,17.424183247281075,8.15931651166647,1
271.6,-2.3925580229306953,17.3085212595904,8.132760024615854,1
271.7,-2.2107569028527863,17.468801233358725,8.106976930307676,1
271.8,-2.1169105549899574,17.311665885802206,8.077011917767827,1
271.90000000000003,-2.271108014659746,17.260608767295086,8.108198345369605,1
272.0,-2.321728567642281,17.28723696427559,8.043806568445369,1
272.1,-2.4259126717692157,17.366551230566333,7.989828781585594,1
272.2,-2.473270377907328,17.37131376984042,7.9463136846235995,1
272.3,-2.3323361620481013,17.322031225269022,7.8528656640862,1
272.40000000000003,-2.317764990007492,17.212096122271923,7.826097011717707,1
272.5,-2.240854560599818,17.331939664654943,7.761982267045605,1
272.6,-2.1768475137524215,17.345628727146515,7.717187163820649,1
272.7,-2.084111488687754,16.966363280675356,7.708152924781084,1
272.8,-2.274737132843076,16.93619609631302,7.803194064970155,1
272.90000000000003,-2.3863587686671965,17.008597938224604,7.8661488702111555,1
273.0,-2.023845236409501,15.402221896996348,7.840193977627976,0
273.1,-1.8759862317588745,13.842884523474641,7.70631684453947,0
273.2,-1.6957862141227686,12.364935018841548,7.571759193380254,0
273.3,-1.4880313969994985,11.079754438821755,7.433494209408667,0
273.40000000000003,-1.382174070065655,9.683921993505752,7.361784156031897,0
273.5,-1.096433445971123,8.248233634008681,7.247729209301568,0
273.6,-0.9098656222382688,6.844604710674221,7.090145165390316,0
273.7,-0.731285804940714,5.687239627446686,6.935034702036139,0
273.8,-0.1381416253400137,4.28553487366135,6.646736575738866,0
273.90000000000003,0.10945799319189006,2.868152273795902,6.469807265464752,0
274.0,-0.158410330710868,2.986147000623869,6.348736810859796,0
274.1,0.012010586388828326,2.95258643093017,6.362183822116671,0
274.2,-0.181295047496074,3.0451176610140287,6.4340268662312425,0
274.3,-0.28338251646649104,2.8298186552717497,6.452993250748913,0
274.40000000000003,-0.21212528459365312,2.80215416267247,6.349563282672603,0
274.5,-0.40434628977612663,2.7234501933609687,6.29093259048726,0
274.6,-0.4879966858396886,2.783032248213816,6.31456999916646,0
274.7,-0.5138054687879797,2.6714438124496005,6.2534818398884955,0
274.8,-0.4223183081505125,2.5360164095228237,6.298501044310675,0
274.90000000000003,-0.43371830790597254,2.5083665122346543,6.276147579615851,0
275.0,-0.4863591118578845,2.3801668993134135,6.297259767434369,0
275.1,-0.5720445674324789,2.3831990996360495,6.224890642668724,0
275.2,-0.3230034392366101,2.332041282666709,6.138455073390359,0
275.3,-0.3065911231491939,2.3003494910668985,6.10969772609044,0
275.40000000000003,-0.41557179537874883,2.292334810043807,6.166951369039194,0
275.5,-0.5234703974506496,2.262121533891316,6.266777155222175,0
275.6,-0.5121648356079774,2.103666839215021,6.270133452764706,0
275.7,-0.5528472332036707,1.9187955556513459,6.2420042979642325,0
275.8,-0.785698806442294,2.0779516883975173,6.141231069834347,0
275.90000000000003,-0.6502381264753289,1.920106930473363,6.040099401748586,0
276.0,-0.5768657645883019,1.98894078742429,5.987161206879878,0
276.1,-0.6419476242777126,1.9543366272266063,5.961515454209541,0
276.2,-0.6209766437712245,1.835064348404406,5.908176074132627,0
276.3,-0.36508454124143785,1.8152830127681852,5.933403460750211,0
276.40000000000003,-0.34582480013525474,1.9411043298614619,5.896048299461439,0
276.5,-0.2592117939210704,1.9522464528430814,5.814776165336186,0
276.6,-0.2185964649119288,2.0416553932589414,5.776199719045364,0
276.7,-0.43427702780952904,2.1885541117636227,5.822960481658329,0
276.8,-0.33479916080744593,2.083144497564386,5.790855191534562,0
276.90000000000003,-0.20414226176263434,2.048326380033573,5.814944271324204,0
277.0,-0.24001839488322158,1.9980440362694263,5.833002738451166,0
277.1,-0.26109019148112983,1.9190621284735603,5.849408613172779,0
277.2,-0.41579380449182135,1.964323214833231,5.87595065429985,0
277.3,-0.6155679177119674,2.083245947478909,5.7767235135306,0
277.40000000000003,-0.41818218536941476,1.9391019374691427,5.728531630799168,0
277.5,-0.3590611883143171,1.9538932064979466,5.694171483203788,0
277.6,-0.34816200508384315,1.9580658396847177,5.662520254174628,0
277.7,-0.304616348316946,1.834702635774327,5.648512727060112,0
277.8,-0.5056286545847508,1.7013054589278596,5.694145555147381,0
277.90000000000003,-0.6963140488858185,1.733234674719932,5.666319186938231,0
278.0,-0.37951468236558605,1.6795032357318935,5.703524961334253,0
278.1,-0.1717676900017771,1.6449194181901567,5.752590099872935,0
278.2,-0.33188844016718927,1.5168265215623984,5.826669494012498,0
278.3,-0.3186940439956502,1.370877302904708,5.821853962360099,0
278.40000000000003,-0.4531935479841934,1.4823293415530276,5.810185346692565,0
278.5,-0.4799359732600684,1.4094716209650437,5.802903252815749,0
278.6,-0.42576096711762235,1.3168505095077585,5.7669101676764605,0
278.7,-0.4145865352649885,1.4648247106694565,5.712565256807897,0
278.8,-0.21012954629321676,1.6364060368140834,5.652488589506957,0
278.90000000000003,-0.005971556408651946,1.518275248695295,5.652602182633986,0
279.0,-0.35655906310858676,1.5631037649604032,5.582897527883601,0
279.1,-0.7757280439843484,1.5547705801935379,5.636522195646222,0
279.2,-0.48746488486885375,1.7214917501612554,5.464863923622654,0
279.3,-0.34772503819455436,1.8459518161258803,5.473850639465984,0
279.40000000000003,-0.2870130066862612,1.7852231458041274,5.439417669711757,0
279.5,-0.26031571012869864,1.8174621008458451,5.424731304304472,0
279.6,-0.2787084808757764,1.8492254290480967,5.419790423484199,0
279.7,-0.19058636456819286,1.5829344827058798,5.423200410830406,0
279.8,-0.49639605789395524,1.3028142805258218,5.515452219786786,0
279.90000000000003,-0.587776777565408,1.3691850244920893,5.411506886541994,0
280.0,-0.3627885874596887,1.3092191995983455,5.396059841129648,0
280.1,-0.180155296785023,1.3052850057910703,5.255800208534226,0
280.2,-0.36930662311251056,1.0801970935521874,5.366629897164611,0
280.3,-0.4574435495106802,0.8732342755709693,5.289720275343782,0
280.40000000000003,-0.2851477570717619,0.7417023013062752,5.369002865734537,0
280.5,-0.33328912658877413,0.6729594677036205,5.397680284576941,0
280.6,-0.36962165532260005,0.5302390947345572,5.3963106846931606,0
280.7,-0.40222079192461013,0.6878407765733165,5.407699678622405,0
280.8,-0.2941378520177011,0.9177348035308052,5.329836166869668,0
280.90000000000003,-0.316472109769882,0.9670027287400618,5.3403842861563815,0
281.0,-0.48883697522243025,0.8613922306762418,5.320871109582455,0
281.1,-0.3815071003721317,0.8057268654379859,5.290487810450896,0
281.2,-0.283772177646369,0.7911256403661167,5.188862283841196,0
281.3,-0.26590132691318796,0.8723652972466919,5.20674639406816,0
281.40000000000003,-0.3106365051848007,0.8482594836962726,5.18368647317237,0
281.5,-0.15959212551560073,0.7645064107373454,5.076618595994231,0
281.6,-0.41196353256478846,0.7313969310011068,5.16381021363602,0
281.7,-0.4242734523715625,0.6575032896098113,5.053339291145288,0
281.8,-0.2307343339997535,0.48428710483903253,5.00807910544148,0
281.90000000000003,-0.48286490990265885,0.36758989587313123,5.1222569808880785,0
282.0,-0.35440153903588334,0.40328169206110476,5.076648139926837,0
282.1,-0.2943695873731524,0.3801451650639114,5.077968720651823,0
282.2,-0.3188288964082882,0.457366757353292,5.1053667703703685,0
282.3,-0.3128966985922915,0.4456084008777963,5.099058749746856,0
282.40000000000003,-0.4148254338448871,0.40241189831371127,5.036348419425721,0
282.5,-0.43506985805196335,0.3378770595831034,5.016246687827497,0
282.6,-0.10010465817069467,0.3454268438821312,4.921582903182872,0
282.7,-0.10189972940221663,0.3238095232303287,4.976021834357276,0
282.8,-0.13000178655670908,0.25042127086484717,4.928043330119274,0
282.90000000000003,0.2481092451811601,0.17663735931768387,4.861239923450709,0
283.0,0.18151902074879553,-0.05058239246939966,4.878512353266906,0
283.1,-0.06915099630985458,-0.030023357160623154,4.920588718418058,0
283.2,-0.06741695257167518,-0.1306032479813089,4.927268322086553,0
283.3,-0.17941677593232422,-0.23914875580492825,4.9355609012167605,0
283.40000000000003,-0.09065978230982803,-0.3571004585216486,4.9598827946356865,0
283.5,-0.11177877952915491,-0.4028935318639918,4.976833607445081,0
283.6,-0.32854036783465285,-0.3623499961652351,5.0358373227845235,0
283.7,-0.13677912412896062,-0.381094842994155,4.997135188833843,0
283.8,-0.1653831526178654,-0.33647718690032336,5.026093605698797,0
283.90000000000003,-0.352561571305276,-0.33531532690915966,5.00125214821051,0
284.0,-0.4773327102847621,-0.2621555294832808,5.0407422984633685,0
284.1,-0.24494329004094206,-0.3221159381965134,5.013317242556168,0
284.2,0.11947561990116747,-0.41968018632223847,5.096019027616264,0
284.3,0.09181213230662681,-0.4184237866159128,5.130630703366996,0
284.40000000000003,-0.10140524600206469,-0.44530040255194236,5.081003606853824,0
284.5,-0.02033819300961396,-0.40981378856447465,5.138096662818932,0
284.6,0.1158134084949374,-0.511783359264045,5.016768881958924,0
284.7,-0.03579004604095551,-0.5839794746691099,5.023241347084325,0
284.8,-0.06507862337560624,-0.6670815468664573,5.002344242700312,0
284.90000000000003,0.02793353016393957,-0.6916436820279313,4.952878698635269,0
285.0,0.23733348881179078,-0.6641700682409637,4.880274640893365,0
285.1,0.2823528856205139,-0.7400591068353777,4.8842735755685185,0
285.2,0.08360271377575271,-0.7592182843010704,4.763783195292382,0
285.3,0.04455691754531066,-0.7687531030424994,4.763540719741961,0
285.40000000000003,-0.0053584547662055785,-0.7845624141395546,4.820220588095632,0
285.5,-0.12665214404590358,-0.8715840100126885,4.762994750018669,0
285.6,0.03358648883807465,-0.9535680074751415,4.8426993868164585,0
285.7,0.11122653530575669,-0.99585562075724,4.843234153136788,0
285.8,-0.14426778678395924,-1.0511188636898203,4.991217520388675,0
285.90000000000003,-0.06929071126200358,-1.094846926383844,5.045523578113517,0
286.0,0.038484345850821854,-1.1306908413274377,5.160920326897626,0
286.1,-0.08359727927810634,-1.1835608259892456,5.093450726323068,0
286.2,-0.14323812006750264,-1.1626184709698137,5.087108032906783,0
286.3,0.07624019064752849,-1.38556442316024,5.076174873331711,0
286.40000000000003,0.12137192059352005,-1.3595289568689866,5.0845483809943355,0
286.5,0.18920999713836711,-1.3978123695544533,5.079565573172521,0
286.6,0.22457239788593714,-1.4790090353471783,5.11032821613257,0
286.7,0.06023676843836947,-1.5257790614491111,5.164021388825354,0
286.8,0.24300501301667357,-1.5659414840106987,5.07100116232885,0
286.90000000000003,0.11387997382981196,-1.621493365004182,5.009154996348997,0
287.0,-0.10169736136367247,-1.8009831240883578,4.9170050004073875,0
287.1,-0.013188082093457976,-1.6726885226591848,4.960500561987605,0
287.2,0.1479830218223133,-1.697419157967137,5.030853872468784,0
287.3,0.022975091400171753,-1.640784675152899,5.023858124099812,0
287.40000000000003,-0.015378813742392517,-1.5216145308642282,5.008126316967732,0
287.5,0.10075481082699778,-1.4826207273982006,5.043879118438023,0
287.6,-0.0076257287909976545,-1.4808860485501314,5.012137791846184,0
287.7,0.055902094230140434,-1.367498944100093,4.997428261249132,0
287.8,0.1868416696678085,-1.3205507019601481,4.993426462756181,0
287.90000000000003,0.16213023356859346,-1.3245117219231015,5.0543237479516225,0
288.0,0.15125703582552,-1.2096888995364168,5.046972935205874,0
288.1,0.0267374956268161,-1.3875685553722137,5.013514284603842,0
288.2,0.026980289886779363,-1.4247659199029672,5.033448167087345,0
288.3,0.1567861941282159,-1.461493218553763,5.021077244820312,0
288.40000000000003,0.1805456432573592,-1.6039579352472884,5.004368292681966,0
288.5,0.17249107473284075,-1.8306056016271939,5.05494097724455,0
288.6,0.2199848849971174,-1.8531932364050168,5.070121952833816,0
288.7,0.3196967818639324,-2.043821545545829,5.032494454744971,0
288.8,0.4028520667709595,-2.052469175474295,5.075362181050652,0
288.90000000000003,0.41176483951413945,-2.0376250603163224,5.067958879535979,0
289.0,0.2579095072451295,-2.0892607240557015,5.1819457491692535,0
289.1,0.39623866695737947,-2.055763721242409,5.24962210575098,0
289.2,0.41566826205001267,-2.0881071095285018,5.27349863055369,0
289.3,0.28432935657019576,-2.053391839273274,5.266990922683519,0
289.40000000000003,0.29114924500552736,-2.110012741545509,5.281352401523321,0
289.5,0.02217839359520841,-1.9443628798066137,5.295660222808336,0
289.6,-0.08850174401355626,-1.8504858172023115,5.267361707125287,0
289.7,0.03690546999949915,-1.9204874487751682,5.348588689951545,0
289.8,-0.07731426431628818,-2.1121375273636938,5.253178369153277,0
289.90000000000003,0.12943620070715994,-2.1367623856755316,5.320511112612261,0
290.0,0.4115556111217288,-2.2041658927530547,5.267697468190017,0
290.1,0.2725975771609928,-2.2410354634201872,5.241495401652197,0
290.2,0.06751744091912028,-2.328117666695554,5.115346079459491,0
290.3,-0.021121244928167783,-2.2725035982145654,5.190008729982883,0
290.40000000000003,0.16985444903849048,-2.2966400670481524,5.176505605832796,0
290.5,0.40210350115221394,-2.3365820128534267,5.1475197155549,0
290.6,0.26004243654705084,-2.543401596036088,5.199323993736107,0
290.7,0.05785501953410249,-2.5077482522921044,5.144544647306285,0
290.8,0.14689752602779627,-2.3044407683214105,5.235832903292932,0
290.90000000000003,0.0960727700490416,-2.33568223388859,5.192365477254913,0
291.0,0.10880713295261346,-2.2362853879308666,5.210331421407519,0
291.1,0.2729399102706374,-2.1915365774756386,5.275425811966677,0
291.2,0.2095975166894346,-2.1739264801796634,5.330260375369003,0
291.3,0.38507451320463587,-2.2348570830250454,5.24591906455681,0
291.40000000000003,0.3576000048745379,-2.1962206713307326,5.255345142540387,0
291.5,0.12354591346543209,-2.3074888308016854,5.32292374298699,0
291.6,0.2646383419986119,-2.166457319223081,5.26221931580012,0
291.7,0.3130385939363737,-2.1101143349355924,5.236431669156428,0
291.8,0.29655768567541674,-2.21030717113376,5.199999216273123,0
291.90000000000003,0.3117604659515742,-2.2366176082421694,5.252494697354397,0
292.0,0.28954790787547713,-2.3528904158861472,5.236409434522746,0
292.1,0.14512463858495267,-2.5085039413277754,5.185943327727768,0
292.2,0.21319977208639881,-2.4710149248728026,5.154913488216858,0
292.3,0.3943469022301644,-2.54223348002258,5.28331591887505,0
292.40000000000003,0.2154841409354682,-2.6108812262150267,5.359081384337579,0
292.5,0.3490362964878174,-2.600400308470438,5.267228333757972,0
292.6,0.5776253355115266,-2.771729157582565,5.426254328119052,0
292.7,0.34767614249379536,-2.9080633571647487,5.5811863965681185,0
292.8,0.26770743394290747,-3.057248198540308,5.557580367497491,0
292.90000000000003,0.2845099395162331,-3.197757614608379,5.548770738360785,0
293.0,0.3014938714369762,-3.303939978589516,5.56694378560408,0
293.1,0.416714671631762,-3.319563245292712,5.6010150636787035,0
293.2,0.4564275627716984,-3.3917310604889876,5.659499722374252,0
293.3,0.10305403672212868,-3.466334888412901,5.660969770776046,0
293.40000000000003,-0.05483730418105313,-3.499083275645406,5.686333270473307,0
293.5,0.07728724278852794,-3.42413257427634,5.763998830215281,0
293.6,-0.023399087364710924,-3.2602139001864456,5.681029080030273,0
293.7,0.11212750258329343,-3.2851772853345396,5.596944648570549,0
293.8,0.10452213655829838,-3.3578125856350054,5.644446363669656,0
293.90000000000003,0.008809485715109543,-3.285603950191441,5.597424359446302,0
294.0,-0.08400547541150341,-3.2938525175255435,5.52796623123968,0
294.1,-0.20152574797936013,-3.274387958569501,5.494700940315372,0
294.2,-0.0934005028611262,-3.3346459018759935,5.535107440488067,0
294.3,0.1230109431410787,-3.2855516612082893,5.492674168259006,0
294.40000000000003,0.33766297868750933,-3.4393127904926453,5.394432803055244,0
294.5,0.3354558174780035,-3.4894481518241136,5.419907493257857,0
294.6,0.24445851729677667,-3.604773286303763,5.37006526677858,0
294.7,0.27613607251943584,-3.516563090385076,5.356559229069898,0
294.8,0.2319228078464403,-3.4632947525622897,5.372348408532237,0
294.90000000000003,0.2981251486369448,-3.46504878293892,5.391891648297898,0
295.0,0.4715218277095385,-3.3515710877264886,5.53966654158706,0
295.1,0.4206926713256346,-3.2617861039727316,5.590142937642735,0
295.2,0.2079259065318464,-3.2380730132646334,5.533129782584525,0
295.3,0.1067707148590659,-3.2251002059810987,5.516371606037445,0
295.40000000000003,0.13286603767470317,-3.191311273232725,5.5348924529227705,0
295.5,0.052456738404975,-3.2216629214641315,5.460563659386244,0
295.6,-0.012459316121421371,-3.1382062357062424,5.4630410557788105,0
295.7,0.13000942401153912,-3.274224217843698,5.481825832552645,0
295.8,0.1858268844646876,-3.3323586413526556,5.408097125820467,0
295.90000000000003,0.03503199681704399,-3.464047786098699,5.394607749264496,0
296.0,-0.10994375112952079,-3.499294661641256,5.278536693617813,0
296.1,-0.0011093972411331144,-3.5627738731018326,5.242300394675604,0
296.2,0.051090276865698524,-3.5191715523545364,5.266083439034153,0
296.3,0.192993660304148,-3.5415527973571725,5.275716394691357,0
296.40000000000003,0.3688807114995101,-3.486415490498138,5.346742535717418,0
296.5,0.18078240899275166,-3.4546285892453525,5.44958536123287,0
296.6,0.14909033778804048,-3.534011345687307,5.535440861196691,0
296.7,0.055333625606678136,-3.480906380370665,5.487549951496698,0
296.8,-0.04412828392690873,-3.3276170255409943,5.5849960233438924,0
296.90000000000003,0.00285638369275278,-3.279009797168817,5.582623672344978,0
297.0,0.07222122969168392,-3.3171107059348786,5.626322089123352,0
297.1,0.12711831668391244,-3.419054924842419,5.644463716961886,0
297.2,0.06960995513772948,-3.3326517775598488,5.663668601999767,0
297.3,-0.09110465748638541,-3.458720441535833,5.60831408010196,0
297.40000000000003,-0.28393378284407406,-3.3427771251904246,5.493707832430263,0
297.5,-0.3363502318465893,-3.3949636400298617,5.490492857348718,0
297.6,-0.19594987243753284,-3.4756180870208184,5.44108401882698,0
297.7,0.03651719240508067,-3.4776261397974864,5.56260676640955,0
297.8,0.2545445945592381,-3.408356931564845,5.582973957793387,0
297.90000000000003,0.23744088532114627,-3.3827923450942863,5.594932142608395,0
298.0,0.0823057011082537,-3.319218758779536,5.591384585695389,0
298.1,-0.034204154649219755,-3.2750198974648854,5.621176715625794,0
298.2,-0.036461551539180494,-3.404370224481936,5.585870632277912,0
298.3,0.01909985680115362,-3.357325560250607,5.619081994877596,0
298.40000000000003,0.09157021722056673,-3.446735192891885,5.671757084249012,0
298.5,0.2737999664782128,-3.399966048217867,5.554649010606047,0
298.6,0.2333247494069272,-3.4366827068618804,5.524030480365612,0
298.7,-0.028642374039978498,-3.4978444513073357,5.467392011622478,0
298.8,-0.2591815294859273,-3.7573681841887754,5.437692240825955,0
298.90000000000003,-0.21114835842311086,-3.8708806602736217,5.425170410557888,0
299.0,-0.15429814907779546,-3.934780911615018,5.384606047549727,0
299.1,-0.12979937407918396,-3.9134932169034884,5.306640498861691,0
299.2,-0.20209031725528445,-3.846410241445169,5.3874251108694935,0
299.3,-0.24759428439825357,-3.798997328003705,5.401665994707791,0
299.40000000000003,-0.20919307412635807,-3.8634864950735817,5.413103142123765,0
299.5,-0.21684762061358082,-3.889320072460393,5.409186305923355,0
299.6,-0.09757205929586935,-3.8108115127913904,5.4695416860200385,0
299.7,-0.10098443086344577,-3.772272245646797,5.488207388240579,0
299.8,-0.16130765412122886,-3.6585848019778227,5.534374613099486,0
299.90000000000003,-0.28243504313606715,-3.5062360841139317,5.543754657202145,0
