time_s,speed_mps,accel_mps2,jerk_mps3,steering_deg,steering_rate_dps,yaw_rate_rps,front_distance_m,ttc_s,motor_current_a,battery_voltage_v,anomaly_label,event_type
0.0,10.985878375193785,-0.28645468503978166,14.201513000366468,0.0034216681529601685,-2.9618691399502555,0.008436401210697275,26.792856084435513,2.43884514004215,6.455611916899659,12.353467881232875,0,NORMAL
0.1,10.944618290864936,1.1336966149968652,7.6714563055017,-0.29276524584206537,1.0479944968475836,0.02353231173652817,26.558969042465478,2.4266692849976557,6.488544672006438,12.374749191250432,0,NORMAL
0.2,11.204899492520488,1.2478365760605585,-4.337863921206397,0.2130205675224769,4.341146233726325,0.011934067132208268,28.404582932971056,2.53501452216789,6.696813766460284,12.360646486674572,0,NORMAL
0.30000000000000004,11.216276987430014,0.2661238307555858,-4.585530368085179,0.5754640009031996,0.2396907100307924,0.012924538609883589,26.928848872802586,2.4008723128879144,6.314968257351826,12.417780582142923,0,NORMAL
0.4,11.260627794340632,0.33073050244352276,-4.805099418942782,0.26095870952863537,0.10923713416979397,-0.002213599717654274,27.21467610494659,2.416799187574972,6.573174072017219,12.355188929507882,0,NORMAL
0.5,11.320208800525453,-0.6948960530329706,-5.189048626136221,0.5973114277371584,-3.5939186058469796,-0.01903094813450719,26.964690241442245,2.3819958374081067,6.742759583337343,12.384406286120587,0,NORMAL
0.6000000000000001,11.12817161695644,-0.7070792227837215,4.9045072393166675,-0.4578250116407605,-0.9834994481982734,-0.03344772735045878,28.04406281460137,2.520096182904792,6.30652875227302,12.431968308788866,0,NORMAL
0.7000000000000001,11.184466832784462,0.28600539483036286,3.3817738299095343,0.4006115380975037,-1.838080950183264,-0.04002252096925396,27.887304680479797,2.493395983681149,6.257939058880718,12.415740614886795,0,NORMAL
0.8,11.209066004693335,-0.0307244568018146,10.03298615520348,-0.8254412016774133,-0.7635401361749012,-0.014509959419564969,28.758938104283697,2.565685498884749,6.192056451840312,12.348732321175653,0,NORMAL
0.9,11.180606393742226,2.292602625871059,10.571396741780378,0.24790351086252346,9.369127257893242,0.010640750463915216,28.16785986975742,2.5193499241260247,7.378645079105346,12.368359285193966,0,NORMAL
1.0,11.666734429287905,2.083554891554261,-15.71397434449833,1.048384249901235,-0.3294531277187662,0.05817079440434344,26.930116146731905,2.3082822626978765,7.409137514733083,12.354772507750008,0,NORMAL
1.1,11.60342830365825,-0.8501922430286073,-9.226400242840912,0.18201288531877022,-1.7046931884028127,-0.000262832184986698,27.202590602346643,2.3443580544010767,6.686015649312229,12.36347217243034,0,NORMAL
1.2000000000000002,11.478486171743148,0.2382748429860786,9.536355140282454,0.7074456122206725,-2.0908600887717492,-0.009234935675855965,26.640214289000866,2.320882204360858,6.433999757778341,12.349016971203177,0,NORMAL
1.3,11.633679748352616,1.0570787850278835,-1.1950454142393627,-0.23615913243557968,0.9788821127117253,-0.006273337771508113,27.810148242781363,2.3904859721378706,6.880076063926367,12.323722081377563,0,NORMAL
1.4000000000000001,11.69248043591079,-0.0007342398617939672,-5.839341991828044,0.9032220347630175,3.4923043194873435,-0.029502895209808915,26.984727465331133,2.307870225932018,6.00421623411241,12.366337595750288,0,NORMAL
1.5,11.617365989437868,-0.11078961333772522,-0.8053618511994044,0.462301731461889,-4.448860172183007,-0.005803679580316639,27.72414643809942,2.3864399609434113,6.15432467472602,12.344012902246075,0,NORMAL
1.6,11.639752578549162,-0.16180661010167485,6.958213272015376,0.013450000326416078,0.11842063884328402,0.02380672105238014,28.178896805284523,2.4209188825212027,6.002059130318071,12.413336983410268,0,NORMAL
1.7000000000000002,11.609108378970245,1.28085304106535,5.366071499246578,0.4859858592305458,4.397175450890585,0.02409438369214138,27.49481951260538,2.3683833947499275,6.813920825090288,12.350488738200308,0,NORMAL
1.8,11.91194939021597,0.9114076897476409,-12.666360397192452,0.8928850905045331,-4.0286579333962695,0.04999292300693508,26.632638071518084,2.2357917414754245,6.972468025271537,12.379709649537238,0,NORMAL
1.9000000000000001,11.791501765121165,-1.2524190383731408,1.093006291891736,-0.3197457274487082,-1.123237018394555,0.0018120430562397916,27.392170046532584,2.3230433741321765,7.152754811557157,12.313450690884752,0,NORMAL
2.0,11.638259194678618,1.130008948125988,21.321591657220278,0.6682376868256221,4.88542832040322,0.06856011499002043,27.48988535203535,2.3620272492818,6.5827330211007515,12.376142499027946,0,NORMAL
2.1,12.039859498853405,3.0118992930709143,-10.306607393623862,0.6573399366319357,0.8726266978050401,0.022774644332572966,27.141241963988513,2.2542822834912037,7.778014559203172,12.354362775700608,0,NORMAL
2.2,12.206992858145096,-0.9313125305987845,-24.79261341828766,0.8427630263866301,1.1898011651369689,0.062227271845408993,28.652956257387984,2.347257558872851,6.924749355388885,12.333214785519074,0,NORMAL
2.3000000000000003,11.89343329310416,-1.946623390586618,15.26966465338908,0.8953001696593295,0.5226636810674218,-0.006237016223337579,27.51723339022047,2.3136492812529603,7.472655041415552,12.345504211795173,0,NORMAL
2.4000000000000004,11.83224253715479,2.1226204000790316,19.71619169417678,0.9472957626001145,-0.5559791082604976,0.06463127661702325,26.29754628979116,2.2225327284505387,7.44076537355551,12.341639523664053,0,NORMAL
2.5,12.322988920970795,1.996614948248738,-11.737432429787333,0.78410434800723,1.725822880642211,0.050989450640741854,26.99459221410842,2.1905880454189197,7.759428275644867,12.341305849226574,0,NORMAL
2.6,12.237974648212887,-0.22486608587843496,-8.306495621345181,1.2924603387285567,-1.3977661971824533,0.04749565585748129,27.34514622628142,2.2344503083502167,6.484546388455649,12.369272279781834,0,NORMAL
2.7,12.27943049279719,0.33531582397970183,2.4338481424064184,0.5045511085707393,-4.059559097242306,0.025609070122618528,27.28200937490277,2.221765039584346,6.665499825595993,12.398917826577566,0,NORMAL
2.8000000000000003,12.282659895171484,0.26190354260284876,-2.2800610759659854,0.48054851928009545,2.803951803295628,-0.014163292331005982,26.77072909545157,2.179554699383607,6.703672838029278,12.351490693603967,0,NORMAL
2.9000000000000004,12.313556810145863,-0.1206963912134953,-6.309197641845055,1.0653414692298648,1.7824542914001467,0.034624954613284145,26.697053387209685,2.1681025067600626,6.6614526642367915,12.413939281428929,0,NORMAL
3.0,12.241025577768557,-0.9999359857661623,8.77602216174389,0.8370393775601248,1.5294752084048735,0.07444909999588316,27.270902725703472,2.2278282609940225,7.0908878133765985,12.318092710056264,0,NORMAL
3.1,12.102800986862988,1.634508041135283,7.978578336129931,1.3712365109108395,5.009024708007936,0.016965181399071428,27.198367203456755,2.2472787277076836,7.12986989587134,12.329238877784189,0,NORMAL
3.2,12.577520916799442,0.5957796814598239,-5.9238204931917675,1.838844319161712,1.6058392706266922,0.06957716254849872,27.199094981311955,2.1625163783256274,7.31267035543252,12.372911914410546,0,NORMAL
3.3000000000000003,12.230982482077996,0.4497439424969294,-0.4409908177894417,1.692404365036178,-4.965138136141058,0.022565698036680164,26.917988862205465,2.2008034842375315,6.764630272764144,12.322501092643536,0,NORMAL
3.4000000000000004,12.639699080679732,0.5075815179019355,-2.803829214384822,0.8458166919335004,-0.727900112022084,0.01815491514588271,27.137157622348077,2.1469781399960914,7.037817849907901,12.35600125739247,0,NORMAL
3.5,12.328226845552875,-0.11102190038003504,-1.145976660676163,1.5468243426317612,1.806266080864054,0.06748726471684993,27.441157007398623,2.22588027874401,6.615850492974952,12.337041322023397,0,NORMAL
3.6,12.631676707521104,0.2783861857667029,-5.2043959929382275,1.2070699081063112,-3.1652150116140696,0.035402579391651263,27.374344215641024,2.1671188116571964,6.420196600520434,12.39189400417072,0,NORMAL
3.7,12.407118128530923,-1.1519010989676806,10.776116788183849,0.9137813403089472,3.831639958682178,0.006135865629693794,28.691800119413625,2.3125273590677824,7.405039364725903,12.359885544163307,0,NORMAL
3.8000000000000003,12.38715848496131,2.4336095434034726,14.04233897963428,1.9733978998427468,6.121578370791908,0.06514495322232375,27.838662966052073,2.247380866229308,7.638137500171486,12.360378978617579,0,NORMAL
3.9000000000000004,12.922003138860417,1.6565666969591755,-15.741425566307292,2.138097014467329,1.2786851263954735,0.052460204601722946,27.205059632259623,2.1053283565955563,7.657188632942137,12.304688611600653,0,NORMAL
4.0,12.730163781540714,-0.714675569857986,-10.076782335702367,2.2291349251218415,-8.762276285889502,0.03487993981899122,27.070778408554645,2.126506687039521,7.205588807115517,12.384808371609656,0,NORMAL
4.1000000000000005,12.774728987527862,-0.35878977018129804,0.7299084175603748,0.3856417572894282,-2.2819343679443316,0.03177156459765436,27.7207771378484,2.169969880763229,7.150639520651906,12.345760357968823,0,NORMAL
4.2,12.66408413595044,-0.568693886345911,9.467187198648656,1.7727480515329752,8.803688740958899,0.04576939468302132,27.147068784935744,2.143626692108861,6.6953743006481155,12.366671308314737,0,NORMAL
4.3,12.67476455331502,1.5346476695484332,7.028264183447965,2.146379505481208,0.39403595718261686,0.048735406471560765,28.11338845374237,2.2180600148812593,7.483311544839982,12.28635212324349,0,NORMAL
4.4,12.98007148222343,0.836958950343682,-12.55792684556239,1.8515552429694986,-4.514752189759994,0.06878665561170709,25.65833251849461,1.9767481676533456,7.2137782077563,12.346247185213542,0,NORMAL
4.5,12.849787980037574,-0.976937699564045,-6.390157456884076,1.2434290675292092,-4.473865751345212,0.02234252386448373,27.25233363520697,2.120839166960892,7.040579768684239,12.356310735191574,0,NORMAL
4.6000000000000005,12.790151626489708,-0.4410725410331331,6.701075418682057,0.9567820927004561,-1.9154678482099208,0.0010404811566999683,27.897044249589513,2.1811347561988157,7.133756460898439,12.351385380816433,0,NORMAL
4.7,12.77639950774395,0.3632773841723666,1.2337301671143266,0.8603354978872251,0.7353183962125193,0.002086970678965523,26.27308611860078,2.0563763760421163,6.962277596641576,12.31526674502377,0,NORMAL
4.800000000000001,12.868115488605543,-0.19432650761026776,4.569762136691815,1.10384577194296,2.601554985534696,0.01751922329884205,29.031708994022242,2.256096397310798,6.6454488446583095,12.382770407795322,0,NORMAL
4.9,12.740647998073651,1.2772298115107297,8.772149099457105,1.3806464949941644,2.5197608560039164,0.06260792344993782,26.93496155140517,2.114096673534789,7.267037515893819,12.349329321821983,0,NORMAL
5.0,13.126633071981804,1.5601033122811532,-3.3020875747469747,1.6077979431437432,3.815905624398046,0.044087008383173844,26.476668681862307,2.0170190281600497,7.772173503339347,12.317917582712662,0,NORMAL
5.1000000000000005,13.053736156564508,0.6168122965613347,-14.27398820537162,2.1438276198737736,-0.47637598430724015,0.0576312148151353,27.232073716267955,2.0861516878884823,7.210696993274196,12.347194914658639,0,NORMAL
5.2,13.276004803625469,-1.294694328793171,-4.442464166852542,1.5125227462822952,-6.11755849591576,0.022379849374608032,27.24638681430759,2.0523031753398455,7.654702120992751,12.35163761643595,0,NORMAL
5.300000000000001,12.781022244467774,-0.2716805368091737,4.770443707280482,0.9203159206906214,9.557845941035964,0.03673320405251614,29.592810578310896,2.3153711817628713,6.623333067285393,12.372090253096877,0,NORMAL
5.4,13.20106243281058,-0.34060558733707436,-4.294049976623524,3.4240919344894882,3.8421157025780475,0.09165648907653612,28.681978880078642,2.172702312867714,7.138146260795378,12.344117463027375,0,NORMAL
5.5,12.715872473083307,-1.1304905321338785,12.503017804693396,1.688739061206231,-5.954176219732831,0.06747972663244745,27.469485283142497,2.1602517122823723,7.46832770293773,12.367027897411669,0,NORMAL
5.6000000000000005,12.945999768257682,2.1599979736016053,6.95946460397499,2.233256690542922,-3.036846083792709,0.0662401870750388,28.764071082654,2.2218501156767108,7.904528685806025,12.294904368450048,0,NORMAL
5.7,13.168611827716207,0.2614023886611194,-6.669230578290513,1.0813698444476891,-5.807701264547169,0.040396129973217065,27.01404669623385,2.0513966885542874,6.832101495617954,12.384868110293493,0,NORMAL
5.800000000000001,13.017813936139065,0.8261518579435025,4.291360995114952,1.071716437633488,0.3735312530866097,0.03666146955821234,27.896228144544555,2.1429272442665024,7.224855501079959,12.332241146292176,0,NORMAL
5.9,13.368136743531867,1.1196745876841099,-4.325034865685293,1.156076095065011,7.9717579672785694,0.05441521184362993,27.89921742235232,2.0869937192893597,7.847150636408633,12.356795191206116,0,NORMAL
6.0,13.236688696293015,-0.03885511519355611,-1.0728014499682759,2.666068031089202,3.061619090758153,0.04207921061409393,28.636894163167554,2.163448489287765,6.985330332916242,12.392492592217819,0,NORMAL
6.1000000000000005,13.39182611012019,0.9051142976904547,1.8489934747148664,1.7683999132166417,-8.203313437856407,0.023121237674106492,27.946955927181456,2.086866697444792,7.199566364303183,12.328197042792592,0,NORMAL
6.2,13.414908588098958,0.3309435797494172,-9.600889146255819,1.0254053435179205,-2.3894644023601006,0.07269664428342905,27.746164940546368,2.068308163140328,7.424530160844612,12.310776517409852,0,NORMAL
6.300000000000001,13.431335813070808,-1.0150635315607093,-4.567356848768066,1.2905070327446215,6.36903877001882,0.03940541171006274,27.040225393543047,2.013219367743649,7.42784553121691,12.332896805986513,0,NORMAL
6.4,13.25153631019489,-0.5825277900041961,4.046594297904237,2.2992130975216845,9.758397054497074,0.02402177254073161,27.313878992153576,2.06118583934604,7.26885713501756,12.403327725614698,0,NORMAL
6.5,13.280318873156082,-0.2057446719798618,4.465940397796622,3.2421864436440364,1.0987590578793927,0.07565228424756942,27.78181939535595,2.091954241513899,7.3983353512764065,12.386567966402016,0,NORMAL
6.6000000000000005,13.226745622848787,0.3106602895551285,4.779139760907074,2.518964909097563,-5.254125042835711,0.07687581213223661,28.461162731767285,2.1517887727878824,6.858095040586155,12.324131318858768,0,NORMAL
6.7,13.363506242155417,0.750083280201553,3.9963976227989595,2.191361435076894,1.7086428576172152,0.06037552270438666,27.527530557336984,2.0599032962248263,7.241131884267247,12.338363769222584,0,NORMAL
6.800000000000001,13.35524558218971,1.1099398141149204,1.6319191244123914,2.860693480621006,-2.4460113462987065,0.0617256847526883,28.0898715609555,2.1032837912329816,7.678585752750841,12.358016772076423,0,NORMAL
6.9,13.584394676412565,1.0764671050840313,-6.927922664308748,1.7021591658171529,-0.6452772924347383,0.0579895567425062,27.5975990622224,2.031566346503598,7.573677607705073,12.37437505310054,0,NORMAL
7.0,13.561880096371898,-0.27564471874682944,-6.78164248033523,2.7316380221340584,-2.4931552631652196,0.07339454615255674,28.852071852188477,2.127438942621757,7.4110894930321045,12.350793613831465,0,NORMAL
7.1000000000000005,13.531918028328612,-0.2798613909830149,-0.3460467158292399,1.203528113184109,-6.020206943484203,0.01952335378797703,27.8565416813084,2.0585804335343796,6.785679082611347,12.367789487862321,0,NORMAL
7.2,13.484779479738375,-0.3448540619126774,2.799767572652472,1.5275966334372177,8.662062704780018,0.03483587684036867,27.55800521478656,2.0436378107772533,6.8364686274401105,12.37114168469077,0,NORMAL
7.300000000000001,13.451477604335437,0.2800921235474795,-0.908627688898852,2.9359406541401127,4.322517011035503,0.08895387123563261,27.442384941983907,2.040101894318225,6.924146577936877,12.360536002932102,0,NORMAL
7.4,13.511728387165672,-0.5265795996924478,0.42989369101002234,2.3921000356443183,-8.396334746548902,0.05033042491349575,28.26369133312275,2.0917894826815395,7.226075861943178,12.34504484904907,0,NORMAL
7.5,13.36118270541344,0.36607086174948394,8.112503681555049,1.2566737048303322,-2.9651303296984555,0.06863758920031479,26.932552837772413,2.0157311992193905,7.411652351962038,12.341896998145623,0,NORMAL
7.6000000000000005,13.574391086995703,1.095921136618562,4.881659194872188,1.7990739697046272,9.111020744330334,0.05184782726881972,28.279961618999106,2.083331873802529,7.521259402094193,12.342133179917342,0,NORMAL
7.7,13.589740626806826,1.3424027007239214,-9.435599811651247,3.078877853696399,6.0958134389461405,0.07513453770252816,28.220112197321303,2.0765747465153916,7.487128673503286,12.368756013907388,0,NORMAL
7.800000000000001,13.863102771732956,-0.7911988257116878,-16.193566399690148,3.0182366574938553,-3.9918093535573718,0.08412362985293523,27.512738495316135,1.9846017841990582,7.913685381068296,12.270286021854862,0,NORMAL
7.9,13.461103171551935,-1.8963105792141086,7.903513336435195,2.280515982984925,-7.4393086324385,0.06367867096588341,27.514760577024855,2.0440197379345,8.404141825670667,12.304562160759456,0,NORMAL
8.0,13.492379223182612,0.7895038415753513,11.633987856755622,1.5303749310061552,1.9492428756948166,0.045335219560329786,26.725343837126125,1.9807732494804644,7.3339438185884624,12.34996441516839,0,NORMAL
8.1,13.581731483487356,0.4304869921370162,-7.210742968163326,2.670364558123888,7.494251029850616,0.07155624689606271,28.940778587317325,2.130860753837128,7.521735490041857,12.340236911005139,0,NORMAL
8.200000000000001,13.572378867135553,-0.6526447520573141,3.786731561785537,3.0292251369762786,2.0058162506242994,0.06773445728449351,27.954702788397444,2.059675983263889,7.006813483001561,12.317516544139508,0,NORMAL
8.3,13.453177885437466,1.1878333044941236,1.4936044994264392,3.071527808248748,-1.1316550573755424,0.08406835838968967,28.562110142022625,2.1230753347088336,7.712237202199484,12.327421152618117,0,NORMAL
8.4,13.824817531038837,-0.3539238521720262,-8.37422453756722,2.80289412550117,0.7299063634591407,0.04459599810205263,27.64121245956751,1.9993907621210005,7.409011353847853,12.353353464270628,0,NORMAL
8.5,13.419651935101541,-0.4870116030193205,10.1347267362056,3.217509080940576,-1.6958430538943214,0.06430868190051546,27.378556877958214,2.040183829682245,7.151476148459251,12.354259557945433,0,NORMAL
8.6,13.741687464934934,1.673021495069094,-0.2936478436322146,2.463725514722306,0.8425474705606284,0.04815539452722698,28.512863250581805,2.0749171688949346,7.6548329539485565,12.310998782004758,0,NORMAL
8.700000000000001,13.758855430924013,-0.5457411717457634,-19.803830158991516,3.386018575052702,0.714753661220684,0.08376271959931984,28.02753516352057,2.037054266921555,7.364542226581012,12.33701445919534,0,NORMAL
8.8,13.654204655713022,-2.2877445367292095,4.195494379747654,2.6066762469664426,-1.3279474826504756,0.07187365914614186,27.24609829480128,1.995436496068726,8.069597076660486,12.305106811284825,0,NORMAL
8.9,13.283718849245828,0.29335770420376733,14.717417335864337,3.1204290785226068,1.5058471683135877,0.0929305516089871,28.664353929946795,2.1578561135817917,6.993170469382876,12.374018104432668,0,NORMAL
9.0,13.705377537866376,0.6557389304436579,-9.616176528129781,2.90784568062916,-4.808693061279081,0.07299497838451993,28.47331490681851,2.077528680122093,7.447375968543893,12.374704183402608,0,NORMAL
9.1,13.41748164341527,-1.629877601422189,0.7067723646828972,2.1586904662667905,-3.1402552304485387,0.0755722472941317,27.773011200971606,2.069912367989072,7.732317057209499,12.335956883205565,0,NORMAL
9.200000000000001,13.365864767140641,0.7970934033802374,16.229661875833266,2.2797946345394524,1.216971962631801,0.0534199425376692,28.015110182080118,2.0960192752326785,7.677304119806453,12.313351347270107,0,NORMAL
9.3,13.606015532524776,1.6160547737444642,-3.860545872026967,2.4020848587931507,2.5205903686234543,0.03859040572772314,28.403323901809397,2.0875563337343026,7.875042082732915,12.302625929079456,0,NORMAL
9.4,13.671715983809955,0.02498422897484389,-14.853096458088066,2.7839127082641433,2.1743767415201076,0.12108011671409569,28.08599245123003,2.0543136270889084,6.970207133282621,12.3377691131755,0,NORMAL
9.5,13.60425761602308,-1.3545645178731491,-0.3959397726345122,2.8369602070971722,-4.538168210105604,0.07890747403172083,27.496180609189988,2.0211452462356356,7.921675808274603,12.323213881027035,0,NORMAL
9.600000000000001,13.420888397356386,-0.054203725552058546,17.13761498791407,1.8762790662430224,-1.964740297225358,0.029759009177212744,30.41724038948755,2.2664103514547564,7.0875615596796475,12.374943590867584,0,NORMAL
9.700000000000001,13.586886620410368,2.0729584797096647,-2.576864162936303,2.4440121476521006,7.793006783041043,0.05895884434586587,28.84628110102762,2.123097211814105,8.614070918080227,12.308555035698605,0,NORMAL
9.8,13.825754136644555,-0.5695765581393192,-15.513274103602628,3.434880422851231,0.5194103385313098,0.07900001004952578,29.187857336713073,2.1111222612697804,7.092978725752053,12.349399871448687,0,NORMAL
9.9,13.44949080420203,-1.029696341010861,6.202508246942404,2.5478942153583626,-4.411450007496263,0.07363531974804698,29.081735652115167,2.162292690146243,7.4352734163891405,12.335747174388402,0,NORMAL
10.0,13.609136145668058,0.6709250912491617,-0.10639729065823111,2.5525904213519786,-1.1560022912017542,0.06332234582870534,28.311296818732895,2.080315496567701,7.524347324932999,12.33275136052367,0,NORMAL
10.100000000000001,13.594015490555844,-1.0509757991425073,-6.992489021463464,2.3166937571180117,5.962016714769911,0.05952674788532558,28.224390328872886,2.076236440107133,7.507430171534038,12.330827500721465,0,NORMAL
10.200000000000001,13.410926784176125,-0.727572713043531,8.79185303598442,3.7449937643059608,6.06822101158247,0.11975254710402698,27.774637436558837,2.07104534112667,7.586671920204109,12.34249302725573,0,NORMAL
10.3,13.431357654129624,0.7073948080543767,2.380897611320528,3.530337959434506,-4.775736848529726,0.09998549257849029,29.35522103833371,2.1855736251136246,7.176944452345099,12.36422168956924,0,NORMAL
10.4,13.542076609648875,-0.25139319077942535,-4.5078765957280735,2.7898463946000156,0.49140254450241505,0.05449266229156077,28.37202563082191,2.0951015452538893,6.9759744144092455,12.377189779925574,0,NORMAL
10.5,13.385032541340665,-0.19418051109123807,2.6157102374373102,3.628618468334989,-2.4518935556979082,0.0795454090812616,29.117829432755265,2.175402214587278,6.476973780083378,12.401657675082602,0,NORMAL
10.600000000000001,13.501577337916194,0.2717488567080367,3.391086866538562,2.299467683460434,-4.873574902110717,0.05619060229566642,28.58829264337486,2.1174039097706725,7.064615320701279,12.359681410499837,0,NORMAL
10.700000000000001,13.414795604161037,0.4840368622164743,-1.4780695795257763,2.6539034879128454,2.0117782753697733,0.06927949901692915,28.796209800286423,2.146600712377186,7.488742887296085,12.32275148261955,0,NORMAL
10.8,13.58195408962263,-0.023865059197118572,-6.637636024460137,2.7018233385343886,6.872104661156617,0.0880826213461827,28.108751714659586,2.069566096982778,6.906296236110113,12.36003136977433,0,NORMAL
10.9,13.399318149924039,-0.8434903426755532,-0.9531297471708661,4.028324420144169,4.823821251502387,0.10137057229021465,27.948310808607722,2.085800971056588,7.464626761771896,12.358603970431975,0,NORMAL
11.0,13.396487408012034,-0.21449100863129178,10.205041301052994,3.666587588834866,-4.2071594271655295,0.09425532029173944,29.228552669362568,2.181807199093238,6.926726387111178,12.386352866765932,0,NORMAL
11.100000000000001,13.326830162394861,1.1975179175350457,9.335251285893932,3.186892534711063,-3.8177912813732306,0.06812166150975459,30.068870444501606,2.2562657494764804,7.525192821208336,12.363502474630094,0,NORMAL
11.200000000000001,13.641102687994588,1.6525592485474947,-11.861390501852824,2.90302933256022,-0.6359431827768391,0.09022358456860045,28.598083423122723,2.096464199209617,7.932846551850951,12.337772468475718,0,NORMAL
11.3,13.63124669914513,-1.174760182835519,-12.316947818331734,3.059703898155695,-4.013253297869272,0.07363237238150618,29.212734926852324,2.143071398501237,7.718073066768041,12.319870263404857,0,NORMAL
11.4,13.428403372745624,-0.8108303151188522,3.2189500000679705,2.1003786729863654,-5.842851535489011,0.044655749218188975,28.47732901208935,2.1206787003350764,7.272325311726869,12.340971320529466,0,NORMAL
11.5,13.447943701248976,-0.5309701828219249,2.523246031404258,1.8911335910578928,4.079837791200715,0.04618469645531994,28.910250303319685,2.1497896589673147,7.07880772022334,12.336655151839071,0,NORMAL
11.600000000000001,13.311854731700011,-0.3061811088380006,4.857348931055523,2.9163462312265085,1.9860162341240262,0.07780458008385371,30.603483696399522,2.2989646682007665,6.9019717195796835,12.362979473477985,0,NORMAL
11.700000000000001,13.408125114472133,0.44049960338917993,-3.3960161401748987,2.288336837882698,-0.5771415963549109,0.0582509211106522,29.47766321705258,2.198492553238163,7.40515683437895,12.351009697341382,0,NORMAL
11.8,13.392934912997026,-0.9853843368729803,-8.640053774327878,2.8009179119555263,0.7815306083586315,0.08051653281136303,28.87303606393106,2.1558408408235854,7.44086244217441,12.341846702336005,0,NORMAL
11.9,13.2129466872076,-1.2875111514763957,10.380731546369194,2.4446429595544243,2.530447903117623,0.08591915952164107,28.995288493790866,2.1944604167564896,7.525978905848251,12.381309418377047,0,NORMAL
12.0,13.159306281855873,1.0907619724008586,11.368342681786698,3.307007492579051,6.502590315174461,0.04956797984050413,29.382253117309283,2.2328117066339357,7.559043517368123,12.339006445351497,0,NORMAL
12.100000000000001,13.451524549048322,0.9861573848809437,-2.4562473916876124,3.7451610225893166,3.2214541344429493,0.06576581458275613,29.592532634841426,2.1999389382919468,7.436193036000262,12.32055421945618,0,NORMAL
12.200000000000001,13.364111083709124,0.5995124940633361,-5.941640513541917,3.9512983194676408,-5.034197099063353,0.0826521341827334,29.585695452406355,2.2138169360528117,7.676242406507805,12.322934559066068,0,NORMAL
12.3,13.591574399925547,-0.20217071782743973,-12.757149177810021,2.738321602776646,-5.8508054426278555,0.08372437878131697,28.531910415070108,2.099235127258429,7.094746832376669,12.39548663225001,0,NORMAL
12.4,13.339342953171972,-1.9519173414986684,-0.15066893394276762,2.7811372309420697,5.248462803663802,0.0624435621500716,30.933588528443813,2.3189739282539468,7.968900737419977,12.356403895634076,0,NORMAL
12.5,13.212632623355631,-0.23230450461599325,15.0868418910416,3.7880141635094065,0.7567620170537825,0.10387935008809236,30.42999154816652,2.3030982859824776,6.8460939653616855,12.333651531843596,0,NORMAL
12.600000000000001,13.294605817807764,1.065451036709652,-1.9258755782006365,2.932489634352826,-1.2880600867315573,0.07565162124357823,29.723929759637237,2.23578872265794,7.34514880844855,12.34274241146522,0,NORMAL
12.700000000000001,13.438237106577143,-0.6174796202561206,-12.496811152122268,3.530402146163095,4.159004703451856,0.09787588585054358,28.240288507110556,2.101487589714336,7.271159125682035,12.313236489000026,0,NORMAL
12.8,13.178564713606269,-1.433911193714802,3.0480226773642802,3.7642905750431974,-4.850491332128108,0.11545104086373797,30.325417816944952,2.3011168876103283,7.705405007684418,12.349142418488617,0,NORMAL
12.9,13.146057123178917,-0.007875084783264437,5.929057030055021,2.5603038797374733,-5.306898690933113,0.060445790166135174,29.853560201193883,2.270913622348146,6.806861376815797,12.425147247309223,0,NORMAL
13.0,13.170151492989012,-0.24809978770379765,-0.1611703603731498,2.702910836856575,4.149265530915041,0.08084008078228799,30.29893145829774,2.3005757735153654,6.783724629849527,12.3693900294818,0,NORMAL
13.100000000000001,13.10335172675753,-0.0401091568578944,7.536943511814488,3.3901569859204814,0.5732860251587968,0.08652557244041709,29.443783854153487,2.247042166625825,6.820937168708344,12.317725082425534,0,NORMAL
13.200000000000001,13.165048784410569,1.2592889146591,-0.7189156650138254,2.817568041888334,-0.20294374526293346,0.09763654039060496,29.54562087769484,2.2442469725354437,7.319438646005501,12.354209651049588,0,NORMAL
13.3,13.385487242269962,-0.1838922898606595,-16.853521924961615,3.3495682368678947,3.3359743142743703,0.071381903981482,31.157861548478827,2.327734581830206,6.869649996183119,12.290868791625382,0,NORMAL
13.4,13.100605942312166,-2.1114154703332235,0.893201295448431,3.4847629047432083,-2.813647703708122,0.13642146557490673,29.225588183329826,2.2308577413917474,8.133493336205651,12.317672311920502,0,NORMAL
13.5,12.993616229594224,-0.005252030770973304,15.052638630088037,2.7868386961262703,-3.9564734875075613,0.06559717173094405,30.31263746955627,2.332886929545933,6.697613845208923,12.387466063418604,0,NORMAL
13.600000000000001,13.079559462299368,0.8991122556843841,4.808689511492245,2.693468207241696,4.431169641060892,0.08999163243501307,30.010007389501816,2.294420349248223,7.326280058599872,12.32647608039253,0,NORMAL
13.700000000000001,13.188105950730083,0.9564858715274758,-6.871515721796322,3.673072624338449,1.7974599894289334,0.09831356504626629,29.52115871452146,2.238468421834842,7.448222296313526,12.310299484505073,0,NORMAL
13.8,13.244654382741878,-0.47519088867488024,-12.835559450183043,3.0529602051274827,2.5029604522310622,0.080218641140635,29.090201302769536,2.1963730016749103,7.08841727332231,12.34788574859628,0,NORMAL
13.9,13.069421847471158,-1.6106260185091328,4.598199864500892,4.173664714784661,-2.948489687362581,0.10648096589361127,29.88546198923085,2.28667054579874,7.6137801355608445,12.357932868155471,0,NORMAL
14.0,12.885339745803098,0.4444490842252983,11.632561848978291,2.4632622676549665,-1.781340765686008,0.05405911531609117,29.441206937530083,2.2848607423889944,6.691560056933796,12.401919712409438,0,NORMAL
14.100000000000001,13.183575550821788,0.7158863512865257,-1.2636557979103313,3.8173965616474597,4.467255375617922,0.10043221029983304,30.86561741236111,2.3412174711918063,7.293252027639586,12.342075351718282,0,NORMAL
14.200000000000001,13.035950215198715,0.19171792464323203,-4.966707686211028,3.356713342778551,1.1257105836173409,0.09688482292558193,30.88866451399424,2.369498502531937,6.468684699358281,12.376173178885418,0,NORMAL
14.3,13.20099125142982,-0.27745518595568,-11.036460612382411,4.042538678370928,-3.149188225892905,0.13024902632161167,30.48579574270668,2.309356559826878,7.154023743200434,12.360201915093914,0,NORMAL
14.4,12.970024595641982,-2.0155741978332506,1.9654777962067584,2.72687569759997,-1.77701323822407,0.03774556367231859,30.18534593329607,2.3273160132200945,7.898162988011865,12.3216746908457,0,NORMAL
14.5,12.80532284469738,0.11564037328567174,15.451728755645187,3.687136030726114,7.436955429975424,0.09528803644874802,29.56165817110803,2.308544542736723,6.551538729063884,12.385605426301291,0,NORMAL
14.600000000000001,12.995455525784873,1.0747715532957869,3.572257488325428,4.214266783595055,-2.767968134246803,0.10401084282687778,29.4944115356244,2.2695942806393514,7.61642089338464,12.3921784189409,0,NORMAL
14.700000000000001,13.00991311347404,0.8300918709507574,-8.869699168124125,3.133542403876753,-4.854805244972746,0.09507034578345702,29.853848170346566,2.294700042187652,7.485888333782809,12.316946986642291,0,NORMAL
14.8,13.13068903007517,-0.6991682803290382,-7.234581698047203,3.2433057346005056,1.1370583751560348,0.05427540188396131,29.650596964838048,2.25811432263188,7.063267362047549,12.35298446500125,0,NORMAL
14.9,12.842247941454678,-0.6168244686586832,8.900580084113953,3.36095407890796,-1.9505616774060264,0.0847510036293995,30.74184940199658,2.3938059397500124,6.63564345845852,12.371765143505261,0,NORMAL
15.0,13.007316735846587,1.0809477364937523,-2.4671285830082224,2.8531933991193004,0.9006642778074547,0.07089540896406817,30.351462143923296,2.3334145512331803,7.422387038758023,12.301732218052948,0,NORMAL
15.100000000000001,13.062428101030754,-1.1102501852603277,-11.408558158833854,3.541086934469451,-0.4285464068572864,0.0800070706839559,30.44978373367013,2.3310967530812547,7.412122781603727,12.325501285621069,0,NORMAL
15.200000000000001,12.795356073580672,-1.2007638952730186,13.885601663139484,2.767484117747843,-1.1383978639222891,0.08554477882397761,30.46418359341689,2.3808781419000984,7.38100267244048,12.381985035979918,0,NORMAL
15.3,12.817806910322968,1.6668701473675693,10.216503632774875,3.3134073616849933,5.182898916860568,0.050066673175940345,31.085653918623766,2.425192869272245,7.673173503412077,12.319136049217404,0,NORMAL
15.4,13.111315840391153,0.8425368312819564,-13.284787648814186,3.8040639011199566,-1.4316697864951933,0.09367930706520958,30.122239038080174,2.2974230355495373,7.58613486659564,12.328292581309011,0,NORMAL
15.5,12.985319336517238,-0.9900873823952683,-5.860180790686649,3.0270734043859546,3.586756375047875,0.09652252823629023,30.57407867497264,2.354511112329167,7.683520968125986,12.327467429329614,0,NORMAL
15.600000000000001,12.946647803108792,-0.3294993268553735,7.572418211061902,4.521415176129532,5.203838611435829,0.11423777820209077,30.401407230584926,2.3482068635005917,7.245824878846288,12.304535225254863,0,NORMAL
15.700000000000001,12.919672634561575,0.524396259817112,3.4213680163897995,4.0678411266731205,-6.486605087905121,0.11990748935522595,31.756114590841065,2.4579658857523907,6.878189961194557,12.372861764178204,0,NORMAL
15.8,13.050742094197657,0.3547742764225864,-12.98344919381666,3.2240941585485072,2.571534809249747,0.07712357199064084,30.78054806546371,2.3585285682067614,7.418532630800169,12.321546268744765,0,NORMAL
15.9,12.96660808558199,-2.07229357894622,2.8851335047568476,4.58214808852307,0.5506748257041005,0.1359476320621817,31.64895244178959,2.440804274556669,7.812166914267683,12.336849227711252,0,NORMAL
16.0,12.623127567795901,0.931800977373956,10.836832845471795,3.3342291236893273,-4.32155722695082,0.06956637046427748,30.843065661367145,2.443377482776449,7.150308683032561,12.306061943027233,0,NORMAL
16.1,13.16538900424228,0.0950729901481391,-5.23433928590989,3.7178366431329057,-3.9839899979220283,0.10015082913927044,31.49203188221418,2.392032006959043,7.13195953780544,12.344900044593027,0,NORMAL
16.2,12.62889093717657,-0.115066879808022,3.282603112766081,2.5374311241049217,-4.544109345879712,0.07521023448797559,30.643980353190198,2.4264981387226428,6.9610829402694465,12.330394999536376,0,NORMAL
16.3,13.115588927352169,0.7515936127013553,0.8746024237854033,2.8090147739569633,6.8308166740797,0.08769999092878815,29.650083470424946,2.260674959748897,7.104712750893277,12.377280804654097,0,NORMAL
16.400000000000002,12.779972926420122,0.05985360494905868,5.665765317609905,3.9035944589208618,4.358798827398067,0.1277257591228059,30.851790112861398,2.4140731980019527,6.705808191308203,12.35775552685088,0,NORMAL
16.5,13.117671514800017,1.8847466762233362,-11.131174198930456,3.6807745394365767,-2.7212089822178465,0.06954731281155711,29.477969211537694,2.2471952570453655,7.76821722922497,12.32796817551657,0,NORMAL
16.6,13.13616600236541,-2.1663812348370324,-14.36165141214854,3.3593526624772925,0.7330626534512907,0.09256658908425651,30.31695968261354,2.307900164869598,8.048265027236758,12.301295298443321,0,NORMAL
16.7,12.69192246945894,-0.9875836062063714,20.434012816251908,3.827387070126835,-2.769394747184004,0.12213645783452719,32.38595354107143,2.551698028332823,6.957512831677723,12.333036505778828,0,NORMAL
16.8,12.928776210898622,1.9204213284133493,6.3928199826193595,2.8054737130404916,-3.9428100141561617,0.07780957106734074,31.121357687450036,2.4071387097887533,7.584969999188442,12.322199093037712,0,NORMAL
16.900000000000002,13.07457566653197,0.2909803903175005,-19.994838324868404,3.0388250672956025,6.863770249112591,0.07068910558600147,29.16273105514123,2.2304915890915975,6.9333166747597055,12.342474672073976,0,NORMAL
17.0,12.979403719124434,-2.0785463365603314,-3.397422862702176,4.17822776286301,2.5569532238356607,0.10692288055803359,31.061077375271786,2.3931051107921855,7.524048070421602,12.348311990002944,0,NORMAL
17.1,12.657579629442413,-0.3885041822229347,11.607076554164815,3.5502157120627347,-4.610341749407261,0.08088600646655882,30.41173399393593,2.4026500234844357,7.0864254406267895,12.371489961071113,0,NORMAL
17.2,12.933543023330563,0.24286897427263154,1.0176631358381039,3.2561594129815576,0.6788177600705403,0.08279348774595412,31.307799624468917,2.4206669099096354,6.847773029403622,12.342170358386204,0,NORMAL
17.3,12.69913735784587,-0.18497155505531393,-2.3344980568794926,3.6859792640768427,1.887326663230957,0.0994932168982691,30.14193329695333,2.373541796390668,6.699021412161422,12.35763736800398,0,NORMAL
17.400000000000002,12.863158345136549,-0.22403063710326698,1.0789054300843284,3.633624745627749,-1.677570885985058,0.08955981887164936,29.478710581698007,2.291716372506886,6.975056459464859,12.351792023033452,0,NORMAL
17.5,12.639050036611561,0.030809530961551743,9.002721412656115,3.350465086879831,-2.5652847031111747,0.13926359389003462,29.238260527892702,2.3133273816622433,6.462602477365972,12.354138162318044,0,NORMAL
17.6,12.863167368646055,1.5765136454279562,-7.418373797600624,3.120567805005514,5.456829137575805,0.07713520076279065,30.365584927291295,2.360661574015382,7.770697118547931,12.337319229328493,0,NORMAL
17.7,12.967181661255125,-1.452865228558573,-12.623023861452893,4.441830914394992,-0.7641892851063803,0.11841863474630428,30.84857290410734,2.3789728338795735,7.3693345730767765,12.326809682985674,0,NORMAL
17.8,12.514665773909174,-0.9480911268626225,7.9243534477926865,2.967729947984238,-7.107646882883705,0.08398034717487471,30.53531992695237,2.439962878642194,7.110806984966045,12.357823016153082,0,NORMAL
17.900000000000002,12.788305946769476,0.13200546099996435,5.472299234123447,3.020301537818251,1.1297273151925613,0.10134815608227166,31.640337495719983,2.4741617558589004,6.5529980768702725,12.35887250535906,0,NORMAL
18.0,12.548302575816303,0.14636871996206707,6.679929825868372,3.1936754110227503,0.9513447561619359,0.05386864514686614,30.465063771509666,2.427823491459587,6.421895486176625,12.371877247945712,0,NORMAL
18.1,12.818072491156869,1.4679914261736389,9.321417137527261,3.2105704890506384,1.617734626769034,0.1047918903738414,32.62296417033868,2.5450756494664173,7.4844012004415825,12.339349682157897,0,NORMAL
18.2,12.846726791432804,2.0106521474675194,-12.449358627617778,3.517222336376557,-2.466189185272507,0.07562756212899188,31.397255263348217,2.443988711917369,7.833142238919714,12.29025098934587,0,NORMAL
18.3,13.236743910627364,-1.0218802993499172,-21.593825900442774,2.717332651996137,-4.27265019458763,0.0856691919549222,30.518890651932182,2.305619180819048,7.587002995837845,12.33723308111902,0,NORMAL
18.400000000000002,12.649744233129802,-2.308113032621035,6.666110196742432,2.662692297459031,7.788914563950411,0.0699533423513106,29.848257268208027,2.3595937370840394,8.289233701132696,12.287789186472185,0,NORMAL
18.5,12.746839330908097,0.3113417399985693,9.902112826013067,4.275115564786219,3.967402704794647,0.07890368850595218,31.391776373970547,2.4627106029220003,6.925433322809951,12.33365192871457,0,NORMAL
18.6,12.713255030984975,-0.32769046741842156,-4.5004742112421985,3.4561728384179604,-12.73375342042657,0.07667722656051697,31.544781076464467,2.4812513396123146,6.9272792613769925,12.34429644663405,0,NORMAL
18.7,12.665646326322362,-0.5887531022498705,1.2618612562459086,1.7283648807009049,-7.486134053391629,0.035121732140954605,29.59164714883051,2.3363708717597547,7.358049965112843,12.314021078610542,0,NORMAL
18.8,12.596432833931805,-0.07531821616923985,17.713042873889012,1.9589460277396347,10.283479519223171,0.010284060995152354,31.307328505803998,2.4854122527029614,6.662023197719237,12.359374925343959,0,NORMAL
18.900000000000002,12.63030533739935,2.9538554725279322,2.472037401912708,3.7850607845455393,6.91998661737296,0.08475934459620453,30.223332728954126,2.3929217799240696,8.268156593255755,12.294036333431661,0,NORMAL
19.0,13.173920044397219,0.4190892642133018,-22.72202954040332,3.3429433512142266,-1.0714585281147637,0.08978241010173649,30.743184522036387,2.3336398291798695,7.182835068908838,12.384008373726727,0,NORMAL
19.1,12.705843712323182,-1.590550435552732,-3.1433655656724424,3.5707690789225865,-3.2494692052408825,0.1079357286711331,30.53465105892665,2.4031974381450647,7.577977043496292,12.323297735474517,0,NORMAL
19.200000000000003,12.882787652407188,-0.2095838489211867,2.9552718677110694,2.69304951016605,-0.794429967911221,0.06120621232380246,31.08993136356365,2.413292231650997,7.0641078212479265,12.334966125212013,0,NORMAL
19.3,12.687487369952244,-0.9994960620105181,6.1911333413721135,3.4118830853403423,0.6864271855798432,0.09808013235925113,30.92096868609723,2.437123110705695,7.149787852721109,12.359438213395658,0,NORMAL
19.400000000000002,12.715557971338272,1.028642819353236,9.224828720915163,2.8303349472820187,-1.6866635312198275,0.06173852002600077,31.20113192129275,2.453776074288066,7.030194519377136,12.42165727393103,0,NORMAL
19.5,12.903843217443846,0.8454696821725147,-2.173033141273788,3.074550379096377,-0.7716545101450123,0.09562847887362305,30.181734907653425,2.3389725370231367,7.029100764778758,12.363710598979864,0,NORMAL
19.6,12.884058309506496,0.5940361910984784,-6.251609975078513,2.6760040452530163,-5.091012884160939,0.08557058387224045,29.23245154212232,2.2688853806686957,6.926099213921705,12.384278371610478,0,NORMAL
19.700000000000003,13.035589147455942,-0.4048523128431879,-11.387864700365448,2.056347802264189,-0.11747771806119411,0.04403696160741831,30.325601179861007,2.3263698200997247,6.9845914008102765,12.369192966263792,0,NORMAL
19.8,12.813530746544334,-1.6835367489746114,0.10072372088213877,2.6525085016407774,5.946917057049248,0.11995315211598095,31.633333202113803,2.468744472373078,7.7924634708214064,12.348459311707346,0,NORMAL
19.900000000000002,12.73423063984226,-0.38470756866676015,5.346883658959294,3.2457312136740386,3.0116460472242212,0.11182167341754415,30.921401170885787,2.4282111770569292,6.772721022703313,12.394466901066457,0,NORMAL
20.0,12.74537120035923,-0.6141600171827524,4.550644990754981,3.2548377110856217,-0.032282510520813545,0.1071789776265526,31.156528740222246,2.4445367851933644,6.936146201240414,12.368105691706962,0,NORMAL
20.1,12.650819964982352,0.5254214294842361,12.463351008492038,3.239274711569876,-1.9043309080506243,0.08554350181736027,30.453944510418708,2.407270405769401,6.872523291417563,12.31842693377625,0,NORMAL
20.200000000000003,12.819058158017148,1.8785101845156555,2.8935369475898076,2.873971529475497,-2.030390840702845,0.02402338569338982,30.17177722990111,2.3536656794892084,7.809294489108059,12.31882252630394,0,NORMAL
20.3,13.047625500229799,1.1041288190021976,-10.068162339758235,2.833196543429307,6.453724577916808,0.07417112358211209,30.356023238161104,2.3265553749704466,7.628090604876195,12.329115142325623,0,NORMAL
20.400000000000002,13.013153840190412,-0.13512228343599153,-7.429736556383064,4.1647164450588585,3.8236403560210075,0.13379203386680008,30.169276517988944,2.318367775290014,6.759901031821213,12.38888589551888,0,NORMAL
20.5,13.036345988025694,-0.38181849227441517,0.35637175315243325,3.5979246146335084,-2.5646557046375373,0.09414753326573683,29.696636816900718,2.277987776956675,7.054537585081265,12.343778283768449,0,NORMAL
20.6,12.946431873746771,-0.06384793280550488,0.8874700234004921,3.651785304131351,-4.993686801384056,0.12386339804057006,31.621251745813197,2.4424684773521173,6.625436721065697,12.36317766367784,0,NORMAL
20.700000000000003,13.057817841093195,-0.20432448759431673,-2.802762361496068,2.599187254356697,-2.721459153408423,0.07991593142014775,31.575411928324318,2.41812317437573,6.975742439538688,12.373092489258909,0,NORMAL
20.8,12.877535714957022,-0.6244004051047186,-5.600909572591191,3.1074934734496664,0.30968520806197164,0.07326421803787975,30.86972895750208,2.3971767301446856,6.921289868018774,12.41088608924911,0,NORMAL
20.900000000000002,12.966066351867795,-1.324506402112555,2.729473267285296,2.6611242959690915,0.9099914618891791,0.07667412761281318,30.730471734014163,2.3700689862340063,7.613126402026391,12.302298748576183,0,NORMAL
21.0,12.630749184494647,-0.07850575164765938,11.178516735810602,3.2894917658275022,0.185548706629457,0.0656035748379932,31.158597841211797,2.4668843776473457,6.795575449885593,12.356543759524039,0,NORMAL
21.1,12.939514984669723,0.9111969450495652,0.6950417555218626,2.698234037294983,-7.954944955940265,0.08597127690355034,30.832381204625825,2.3828081068846036,7.400815242157512,12.360535205112358,0,NORMAL
21.200000000000003,12.838060550600296,0.06050259945671316,4.5177584662362325,1.6985027746394492,0.44998489857728696,0.032211078458593605,31.112334846813866,2.423445093142132,6.891274703121462,12.367204032548745,0,NORMAL
21.3,12.969883710666982,1.8147486382968117,0.8846272229517977,2.7882310170104403,8.263587694881538,0.05253975086096939,31.4279493572259,2.423148122089809,7.9606723735091265,12.317766616916511,0,NORMAL
21.400000000000002,13.204636917948068,0.2374280440470727,-15.68927135081018,3.351220313615757,-1.8707511774012575,0.08303282482646059,30.607156189520737,2.317909714572972,6.8858662158188455,12.370082258041538,0,NORMAL
21.5,13.052879192643214,-1.3231056318652246,-2.379976864935776,2.414080781530189,-3.5654743648128395,0.06575396432705681,30.9097343098718,2.3680395607501645,7.770543725531657,12.331473698391644,0,NORMAL
21.6,12.94837043545768,-0.23856732894008248,11.70382158116456,2.638125440653189,3.9632904086338905,0.05698356766503025,32.40467905630483,2.502606734787893,7.072405139463936,12.373572067707457,0,NORMAL
21.700000000000003,13.03504544130582,1.0176586843676876,4.918661815735503,3.206738863256967,2.302123781123684,0.08279154095093516,31.551192086946422,2.42048961233124,7.353414068479085,12.320014650174576,0,NORMAL
21.8,13.16731058061344,0.7451650342070182,-5.047814514225739,3.098550196877926,-3.119322717376616,0.11743098932837479,31.108612202915495,2.362563866968968,7.634123374004168,12.319033019531005,0,NORMAL
21.900000000000002,13.22067760210184,0.008095781522539758,-3.760820151968583,2.5828743197816437,3.4529893790360333,0.07989142611164732,30.716838202267603,2.3233936358439147,6.892083300160493,12.414955597261084,0,NORMAL
22.0,13.179233204250377,-0.006998996186698428,2.5333453114855757,3.7891480726851325,3.9248594316227603,0.09051722324393939,30.587869298095725,2.320914185525677,7.002214802219746,12.334035767997015,0,NORMAL
22.1,13.218826360880774,0.5147648438196549,-0.7315724815954561,3.367846206106196,0.47762653338636163,0.12932880553526138,30.145595816815042,2.2805047130376583,7.085217031144238,12.378804650168682,0,NORMAL
22.200000000000003,13.247779916982186,-0.15331349250578963,-2.335204212736852,3.884673379362405,0.5949192739511155,0.12330898206878566,28.971230986863336,2.186874417329762,6.794945517224612,12.362557296504812,0,NORMAL
22.3,13.213443658295283,0.047724001272284475,-1.196249686274159,3.486830060896419,-3.166346934616082,0.11659623137681945,29.86315252770529,2.26005826338522,6.737922764546127,12.354908853671466,0,NORMAL
22.400000000000002,13.270488743881945,-0.3925634297606214,1.4746663683421417,3.2514039924391884,-6.718882891328208,0.08083179622499048,30.058849865042518,2.2650898881852006,6.980840714677227,12.338766825205465,0,NORMAL
22.5,13.14078336781849,0.34265727494071285,0.31651984032906366,2.143053482630777,-1.9121376170062487,0.06279598495000374,30.02618979936042,2.2849619355946427,6.746108550979936,12.367145257419416,0,NORMAL
22.6,13.336775712165197,-0.3292594616948087,-3.1584488203524828,2.8689764690379387,5.624080909800219,0.09346512458466406,30.35907954776991,2.2763432633929463,6.828243882286902,12.415405022949246,0,NORMAL
22.700000000000003,13.045634959313896,-0.28903248912978374,2.6171388086543845,3.267869664590821,-0.3222591131123398,0.07374175649892306,30.603600132440565,2.3458881248697834,7.15984345436718,12.338913661844158,0,NORMAL
22.8,13.311528495716981,0.1941683000360682,-2.5904049178812127,2.8045246464154707,-7.465633448183424,0.10143117816791505,29.664704027437647,2.228497203531686,7.011623648032389,12.365890802613487,0,NORMAL
22.900000000000002,13.118821928682555,-0.8071134727060263,8.1386001376208,1.7747429749541364,-2.2606105574270763,0.045391295108288016,30.091219797280953,2.293744054219572,7.640842289178239,12.345769427767022,0,NORMAL
23.0,13.146302404196199,1.8218883275602284,12.622837429520235,2.3524025349300555,5.507627924424685,0.04793406565761915,30.12827639424422,2.291768093256968,7.792653151665618,12.302756164271742,0,NORMAL
23.1,13.498085102827957,1.717454013198021,-14.773148652579584,2.8762685598390734,0.22496408028099157,0.03257485590944304,30.60834699901783,2.2676066098149827,8.029942256331035,12.311755051420176,0,NORMAL
23.200000000000003,13.502992203888656,-1.1327414029556886,-7.711542347889627,2.397395350986254,0.18914622792471691,0.05830324939890829,31.716282466968355,2.3488336502064002,7.616035892450078,12.306148196208124,0,NORMAL
23.3,13.258953445352132,0.17514554362009557,11.879497455351618,2.9140978054240168,6.005343636028475,0.054680203984212465,30.777365123164497,2.32125146603885,6.99295674021918,12.376925933253212,0,NORMAL
23.400000000000002,13.582203242705889,1.2431580881146354,4.345272315459629,3.598464078191949,-2.5835683388470465,0.08752289579979611,29.321636107281435,2.158827664652137,7.567924141572449,12.362024279569152,0,NORMAL
23.5,13.48369055509779,1.0442000067120214,-9.252712519819815,2.3973841376546074,-8.628552105186156,0.07355849454144149,30.593754067610494,2.268945133574271,7.872793391462802,12.301380089024827,0,NORMAL
23.6,13.797531973976009,-0.6073844158493278,-15.854612803006138,1.8727536571547176,-2.1650502579517816,0.017544620649252825,30.54723754323784,2.213963888676179,7.487943443675058,12.312479889139508,0,NORMAL
23.700000000000003,13.38768467236372,-2.1267225538892065,5.187901273232192,1.9643740860642511,3.384532008939025,0.042437360519504655,29.734572611362843,2.2210392117125455,8.368339687846367,12.252199852811746,0,NORMAL
23.8,13.396540278498042,0.43019583879711054,18.776785344356686,2.5496600589425227,0.6339859234385026,0.05958499061563455,31.839817007205394,2.37671938763992,7.054275714012979,12.369889712469583,0,NORMAL
23.900000000000002,13.48534022241447,1.628634514982131,-0.5956329386184486,2.0911712707519516,-1.2238880892615023,0.053004819856118775,30.242747085977435,2.242638790507478,7.6509549071219585,12.341556759425073,0,NORMAL
24.0,13.720011073263139,0.3110692510734208,-12.425744253598209,2.3048824410902222,0.6542169657690122,0.0333620289478995,29.153572213813128,2.124894218972325,7.26896508718773,12.36769998765631,0,NORMAL
24.1,13.520932787914429,-0.8565143357375108,-0.03259104692412834,2.222014663905754,0.004300363225899773,0.06134545983970208,28.983712235034925,2.1436178028295334,7.526579110622249,12.344897942595885,0,NORMAL
24.200000000000003,13.551711015495645,0.30455104168859515,3.935192670749803,2.305742513735402,0.3713852457124944,0.08996525599179574,30.825762167080114,2.274676764567406,7.926968576345452,12.28532327477894,0,NORMAL
24.3,13.608229415252756,-0.06947580158755023,1.657557756928687,2.296291713048253,-0.4571356555788708,0.026616760965545404,30.54828987534985,2.244839423496922,7.12030415207807,12.381876460728467,0,NORMAL
24.400000000000002,13.553328702722984,0.6360625930743325,2.0625836156643906,2.214315382619628,-4.705959908942898,0.04131894068552722,30.35556594910598,2.2397129601827834,7.648663157627331,12.335272932432265,0,NORMAL
24.5,13.73646035668847,0.3430409215453279,-8.073966485664792,1.3550997312596733,0.9196452638468311,0.05947172069744924,29.86341413899922,2.174025430391048,7.145296821963973,12.309215705503522,0,NORMAL
24.6,13.62865552163556,-0.978730704058626,-5.050368453866875,2.3982444353889942,5.089757727838813,0.07669883818179421,29.45258427551737,2.16107775479109,7.692754107489013,12.345731518440582,0,NORMAL
24.700000000000003,13.549674240529166,-0.6670327692280473,19.36511666410714,2.373051276827436,-1.7351255974822388,0.04132249038849138,29.975903589817896,2.2122969938388146,7.6633589230115815,12.350373078081288,0,NORMAL
24.8,13.556455719615942,2.8942926287628024,9.293373948277388,2.0512193158925465,-2.254500399226589,0.06741474857169019,30.68105335817612,2.26320610583939,8.642238964780761,12.289515598895187,0,NORMAL
24.900000000000002,14.121661463765228,1.1916420204274305,-21.282180784047807,1.9221511969821181,-6.46330004524645,0.050603128340762284,29.50540204442099,2.0893718575628584,7.895964893893708,12.32485579364578,0,NORMAL
25.0,13.804073227911372,-1.3621435280467593,-10.259576911572292,0.7585593068432563,-0.7186876042499002,0.016741863191531117,31.0615080605351,2.2501697540788017,7.756231054461455,12.349791925992568,0,NORMAL
25.1,13.861805924674638,-0.8602733618870277,12.715521333814852,1.778413676132138,4.340482606293484,0.07627410168941567,29.559850977892967,2.1324675254091607,7.675697251683955,12.342784266300878,0,NORMAL
25.200000000000003,13.628337357997918,1.1809607387162113,12.469441156797322,1.6266558281019532,-0.4149093993374464,0.04297290191609559,29.921473257681185,2.195533649607044,7.635657220381905,12.385990393194021,0,NORMAL
25.3,14.099755017417626,1.6336148694724368,-14.774723983962144,1.6954317962646488,2.2537098914186426,0.06316649292757473,30.07817788785176,2.1332411698427216,8.355303740751431,12.26014710302459,0,NORMAL
25.400000000000002,13.967485929381654,-1.7739840580762172,-5.751326057531196,2.0773978063856817,1.0776426926997673,0.09222981540161279,29.38225539840553,2.103618041711984,8.560106894796853,12.301641285602635,0,NORMAL
25.5,13.788168122241304,0.48334965796619767,16.048504596087938,1.9109603348046023,0.3952254761817864,0.07829743650269005,29.23383176695029,2.1202114383704114,7.4319564737711366,12.342905264010987,0,NORMAL
25.6,14.118246204350653,1.435716861141371,-2.044233485340471,2.156442901622039,-4.112343061624253,0.03632159120393297,28.724140319525503,2.0345402611461703,7.9577026408026095,12.318381340734,0,NORMAL
25.700000000000003,14.07136209845079,0.07450296089810335,-5.074939411622849,1.0884917224797515,1.2040261243645634,0.010820660116326673,29.044098330106166,2.0640573476041686,7.406731043731011,12.360020502944808,0,NORMAL
25.8,14.139459217138434,0.42072897881680127,0.8861964722770411,2.3972481264949517,7.913750218391559,0.07356155178149285,29.011547965367747,2.0518145368814995,7.867264974055852,12.360669159651998,0,NORMAL
25.900000000000002,14.130579487996657,0.2517422553535116,-1.6969756094465127,2.6712417661580634,-5.398071379266495,0.028075076006605575,29.142311280646616,2.0623578322036833,7.575511974127681,12.354698677258122,0,NORMAL
26.0,14.180003675123583,0.0813338569274987,-0.9752658125240913,1.3176338506416525,-7.259911692340464,0.016942270108644446,28.944689514013834,2.041232864050127,7.471689187076418,12.35687435780064,0,NORMAL
26.1,14.134353775427558,0.05668909284869331,-2.8355721942811667,1.2192594276899706,0.32484499425982527,0.047089929270453815,27.883006680912555,1.972711814344629,7.269472272132478,12.357045560392443,0,NORMAL
26.200000000000003,14.172050367875451,-0.48578058192873463,7.832505920029759,1.3826028494936176,-1.4816914312781748,0.026930245901134832,27.855245838852642,1.9655057042411892,7.470480991050178,12.327814772403547,0,NORMAL
26.3,14.076098013771903,1.6231902768546453,15.62393302511424,0.9229211414343357,-1.3607147274396802,-0.00080320017733395,29.487733140594337,2.0948797821487073,7.74955874663749,12.319002136658856,0,NORMAL
26.400000000000002,14.46478095517674,2.6390060230941135,-10.334636635747346,1.1104599040056815,5.995207128554972,0.043225406068888944,28.750062460322546,1.9875905863637227,8.794853108843764,12.290579608114552,0,NORMAL
26.5,14.580895146822554,-0.4437370502948242,-18.46957239126134,2.12196256714533,5.853075432992547,0.02605498689854393,28.976254581662463,1.987275423757294,7.8354963508338,12.33001953223865,0,NORMAL
26.6,14.362385010782306,-1.0549084551581547,-1.423578116573367,2.281074990604191,-0.9185919342739202,0.020151296230718062,28.577883908619,1.9897728606470764,7.911053137040636,12.357210627884418,0,NORMAL
26.700000000000003,14.359211581087129,-0.7284526736094976,0.42651358021442043,1.9382441802905461,-7.475498452566242,0.0893944055766646,28.797977527550543,2.005540301772631,7.7873568380792015,12.358268250475128,0,NORMAL
26.8,14.237596063721941,-0.9696057391152706,9.50844733123675,0.7859753000909423,-1.413856334946082,0.024283142242144683,28.25206263808313,1.9843281486311235,7.759110123073552,12.347967687426303,0,NORMAL
26.900000000000002,14.152516885019288,1.1732367926378526,18.768098183717754,1.6554729133013297,8.101129973849265,0.01912134513544421,28.429842453066954,2.008818833006339,7.711925649718961,12.284565510883287,0,NORMAL
27.0,14.459238966792087,2.7840138976282804,-10.864667091866211,2.4062012948607956,0.0976675397556881,0.04677079534477608,28.395996786383712,1.9638652387998827,8.956292589740631,12.221083074649323,0,NORMAL
27.1,14.71887858742505,-0.9996966257353898,-16.19579465694632,1.6750064212524673,3.1173601444026744,0.041811822606554964,28.095637429180826,1.9088164402133256,7.883497894018739,12.297113425409881,0,NORMAL
27.200000000000003,14.23115569288986,-0.45514503376098375,12.948363390337365,3.0296733237413305,-0.4586373469034355,0.10456049326381608,28.365687027194188,1.993210364592258,7.527717713232037,12.358321672824552,0,NORMAL
27.3,14.637480208245053,1.5899760523320834,3.7794983475643504,1.5832789518717802,-12.16620575408694,0.04018256358399852,30.408691585199072,2.077453984741879,8.636581513835567,12.304732288408786,0,NORMAL
27.400000000000002,14.537772585388057,0.30075463575188643,-5.143698851051659,0.5964321729239422,-1.1844983660518305,0.02561599265663306,27.63702642011776,1.9010495767347322,7.531523756619945,12.340161501267207,0,NORMAL
27.5,14.70186529417078,0.5612362821217517,-9.69270010401163,1.3463792786614142,4.883622815484275,0.06095559281852704,29.15245339702319,1.98290848227143,7.8749962483923275,12.341312008003667,0,NORMAL
27.6,14.635665104600054,-1.6377853850504396,-5.3181320643556225,1.5731567360207972,-3.4434677389208046,0.049345425459518526,28.672455937906022,1.9590811714388123,8.441996592451096,12.286028002809827,0,NORMAL
27.700000000000003,14.3920283669793,-0.5023901307493728,15.6728522892536,0.6576857308772532,-1.8716854010802408,0.03312089800549115,28.217567228533195,1.9606386611406947,7.939777476926245,12.31900055151833,0,NORMAL
27.8,14.552455300839547,1.4967850728002803,4.835540846378197,1.198819655804749,-1.50406585370071,0.05585234409793458,27.624234419872163,1.898252483776981,8.13646022895655,12.310380393816944,0,NORMAL
27.900000000000002,14.706288399745254,0.46471803852626664,-6.239032013792933,0.3568725601371112,1.9570983279340837,0.027216016316350643,29.553831821430464,2.009605076284401,7.748618866996403,12.335894663560046,0,NORMAL
28.0,14.671660228799768,0.24897867004169372,-11.264411720713456,1.5902393213915658,2.9637150795102394,0.03039877116639575,28.129239719237347,1.9172499417633047,7.4230916881951226,12.348821215937747,0,NORMAL
28.1,14.774249154331013,-1.7881643056164245,3.2511630454320053,0.9496155760391591,-2.6669733164064278,0.010035750829739606,27.62525651416907,1.8698247352943032,8.843464404476522,12.296189411355114,0,NORMAL
28.200000000000003,14.320064094506295,0.8992112791280948,13.406856882742856,1.0568446581102802,2.5655052791622843,0.016630532811752693,28.066003368749996,1.9599076640667517,7.601619875653427,12.322704261599734,0,NORMAL
28.3,14.941521463230817,0.8932070709321468,-3.5807189486484745,1.462716631871616,-4.31882937691488,0.006014139485801956,27.681108584964267,1.8526298444963556,8.290536130354631,12.281406692845119,0,NORMAL
28.400000000000002,14.486671781322965,0.18306748939839992,-3.705764103323166,0.19307878272730417,-2.4014352834499944,0.010058734489252147,28.82033545949975,1.9894380085739605,7.465825218908612,12.368596452049715,0,NORMAL
28.5,14.990574438692219,0.15205425026751362,-6.867857570321148,0.9824295751816171,2.7256049490203624,0.015584702371305105,27.905482223233296,1.8615352158357832,8.014718973534679,12.322334464498118,0,NORMAL
28.6,14.531913030551554,-1.1905040246658298,5.454208867474706,0.7381997725313767,-2.758842842756844,-0.0132198828632249,29.72396419507165,2.0454267881028936,8.282735767248877,12.352600295727656,0,NORMAL
28.700000000000003,14.772734134717462,1.242896023762455,1.2409314543898453,0.4306610066302483,2.1107855972116205,-0.00932020117219876,26.937106214859007,1.8234340352442955,8.536501611270873,12.291586394322458,0,NORMAL
28.8,14.767550284173874,-0.9423177337878608,-5.608930511624089,1.1603568919737008,0.36315597804084665,0.0161482496750529,30.225170848190196,2.046728825469583,7.994445423251943,12.347005329316058,0,NORMAL
28.900000000000002,14.579516169871225,0.12110992143763706,13.423441887098564,0.5032922022384176,0.4721993801766189,0.03560752186458729,28.746191570398143,1.971683506878133,7.774708435391537,12.313570189546475,0,NORMAL
29.0,14.771885883721026,1.742370643631852,11.023873576293987,1.2547967680090246,3.9910591644574067,0.04656682536528902,28.806982593846502,1.9501221997383889,8.509029681955262,12.24897233749288,0,NORMAL
29.1,14.921505275806732,2.3258846366964345,-5.049690558827311,1.301504035129899,-2.695392505938974,0.04259695141000328,28.274426940618746,1.8948776559736253,8.748732646546848,12.26662776282411,0,NORMAL
29.200000000000003,15.232985624195583,0.7324325318663899,-22.45227504361866,0.7157182668212299,-10.36468810323385,-0.0026227969144084345,26.047263561681664,1.709925040584889,8.07657957313584,12.317531692856111,0,NORMAL
29.3,15.08100227054479,-2.1645703720272977,-12.098694836201696,-0.7714335855168708,7.060329485677396,-0.021260974948129664,27.598647265436203,1.8300273927642092,8.878714044659239,12.309222811156374,0,NORMAL
29.400000000000002,14.786683113236188,-1.6873064353739498,11.049301191714866,2.127784163956709,5.66025013780768,0.0401063553076665,28.468684115162343,1.9252920954043313,8.51459993452278,12.311520110394902,0,NORMAL
29.5,14.738451554280235,0.04528986631567551,11.917765172901097,0.3606164420446653,-8.27528112401514,0.011335895327568665,27.896052739964773,1.892739724877231,7.427926693418294,12.315840429604583,0,NORMAL
29.6,14.793035185794219,0.6962465992062699,5.990482763232064,0.4727279391536813,0.03014214706224594,0.014701554470929652,27.554923863355647,1.8626957562986597,7.722336387420854,12.324306547610282,0,NORMAL
29.700000000000003,14.895215506485389,1.2433864189620885,-3.955646873596823,0.3666448714571145,0.387125840962414,0.06075683057062385,26.927088893181978,1.8077676607940247,8.315955226567892,12.258317372072616,0,NORMAL
29.8,15.035722277320772,-0.09488277551309474,-7.257478557940778,0.5501531073461641,-0.033483357597727526,0.01025118449815978,26.487918144589763,1.7616658286208826,8.017292487156391,12.299337104715539,0,NORMAL
29.900000000000002,14.85146955911727,-0.20810929262606728,10.364481989187416,0.359948199937569,2.804245803206571,0.012644401489518195,28.245284668678213,1.9018511640377382,7.451618436349662,12.329611562340103,0,NORMAL
30.0,15.014624312393629,1.9780136223243887,8.431189113373513,1.1110022679874783,5.546669019221679,0.04569900960710313,28.31655029986311,1.8859313234024495,8.529887485747437,12.35908862374972,1,HARD_ACCEL
30.1,14.826297233711388,1.4781285300486355,3.8575837532853763,1.4692820037819048,-3.7025041012438087,0.014873570775520567,28.49620708745721,1.9220043034523668,8.64523327232424,12.307265419521267,1,HARD_ACCEL
30.200000000000003,14.908095878615507,2.749530372981464,4.92252696631549,0.3705014477387165,-4.696512062488903,0.004022257978837373,27.072232248808536,1.815941651384301,8.583262825732241,12.30735603975591,1,HARD_ACCEL
30.3,14.998307544905463,2.4626339233117336,0.694513872084126,0.5299795912841241,1.8534909159753143,0.028719956820085372,28.111444450297647,1.874307775469398,8.806081216822308,12.318735217852387,1,HARD_ACCEL
30.400000000000002,15.013302508325097,2.888433147398289,-4.559861015699373,0.7411996309337794,-0.10670477574234727,0.017678761412295577,27.74327268557333,1.8479127207481019,8.669234975683008,12.329795787244203,1,HARD_ACCEL
30.5,15.179728102033389,1.5506617201718589,-0.21332148784512395,0.5086386361356546,-1.258890158756291,0.019452287144665553,25.300292910851894,1.666715816040395,8.778540231406142,12.288995583495845,1,HARD_ACCEL
30.6,14.935563639634864,2.8457688498292644,4.679088512341778,0.48942159918252115,0.8582132079857935,0.009897750992091024,27.559214528184935,1.8452075323793193,8.968677185602397,12.288196027241588,1,HARD_ACCEL
30.700000000000003,15.379076517737083,2.4864794226402145,-9.01522982362445,0.6802812777328133,-4.006315280792408,0.018052276291497027,26.46315079381116,1.7207243076845693,8.95984154784373,12.338042285683299,1,HARD_ACCEL
30.8,15.038710382096866,1.0427228851043742,-3.7506750582688873,-0.3118414569759606,-3.1593759104780244,-0.01654918071080718,26.87198037447423,1.7868540381271334,8.71452831911075,12.344265081410102,1,HARD_ACCEL
30.900000000000002,15.194507549052517,1.736344410986437,2.052353786015,0.048406095637208435,7.167116312632787,0.0017781418620012967,26.880917345756778,1.7691206680425118,8.567455792565234,12.334853914249326,1,HARD_ACCEL
31.0,14.97504731808985,1.4531936423073741,5.64898612006165,1.1215818055505968,2.9589824694322444,0.0384566970917948,26.90957309258957,1.7969608055984452,8.688774900017334,12.320135036583867,1,HARD_ACCEL
31.1,15.116152210382895,2.866141634998767,9.221393292914577,0.6402025895236574,-6.115003353442728,-0.0071310042267409765,27.104255967407294,1.793065827214288,8.532678597698792,12.298769089398887,1,HARD_ACCEL
31.200000000000003,15.134241475188347,3.2974723008902895,0.874398907353815,-0.10141886513794879,4.080738731905394,-0.01307814461295724,26.80045762028752,1.770849081813926,8.960184068758734,12.30060404322258,1,HARD_ACCEL
31.3,15.360885125825103,3.04102141646953,-10.576986344082144,1.4563503359047363,1.9561891530359745,0.022461545067231227,26.84205740956181,1.7474290830047465,9.335557049790767,12.284434271255636,1,HARD_ACCEL
31.400000000000002,15.33970445835454,1.1820750320738607,-10.163520011475288,0.2898189654692461,-8.454195222465401,-0.003383489261983743,27.23685031178022,1.7755785573134741,9.489583894427351,12.289158067442012,1,HARD_ACCEL
31.5,15.19086602483455,1.0083174141744724,1.8424942037226633,-0.23448870858834409,2.4530513382583967,-0.012839750254970136,27.384460942753726,1.8026925455062712,9.180249600510813,12.298508083325174,1,HARD_ACCEL
31.6,15.135749511769824,1.5505738728183933,2.8518304824025953,0.7804292331209255,-4.301965006138599,0.019443028690831345,27.825100553030637,1.8383695192229068,8.564531214128666,12.327865394396126,1,HARD_ACCEL
31.700000000000003,15.121034521322777,1.5786835106549915,-0.3687737270818392,-1.094881709816064,-9.663176640985272,-0.015704834195182496,27.437027828682087,1.814494093641016,8.316923207824427,12.356098957470541,1,HARD_ACCEL
31.8,15.04452777615447,1.4768191274020255,11.757426238029788,-1.152206095076129,7.780664250546723,-0.004251129924628602,26.07872818541911,1.7334361419275528,8.727045846457948,12.316477450258882,1,HARD_ACCEL
31.900000000000002,15.028267154055186,3.9301687582609492,4.2674484170886915,0.46125114029328074,5.726791617710627,0.006013373076908172,26.513255191529744,1.764225703452143,9.754631558864935,12.286852770569105,1,HARD_ACCEL
32.0,15.444581845431086,2.330308810819764,-19.85370108174039,-0.006847771534003594,-6.961645425011047,-0.029411868565455326,27.637945255557245,1.7894913266125931,8.378286196276191,12.33016126590098,1,HARD_ACCEL
32.1,15.084867176175953,-0.04057145808712903,-2.2896102731939414,-0.9310779447089288,4.446680765264706,-0.02832639006733564,27.443739674489066,1.8192894477607269,9.69874245639492,12.262003503995096,1,HARD_ACCEL
32.2,15.071158367525836,1.8723867561809755,12.822114666182266,0.8824883815189376,0.7204852089880748,0.034073820941292396,27.118377354306865,1.799355875175424,8.497385745153657,12.292210500174676,1,HARD_ACCEL
32.300000000000004,15.087458328614012,2.5238514751493244,-4.438245919425011,-0.7869809029113138,-9.213574803195485,-0.014939313983596818,26.935517688185193,1.7852919359585457,8.743416332236489,12.322081178213642,1,HARD_ACCEL
32.4,15.195853361747918,0.9847375722959733,-9.480242485685368,-0.9602265791201596,0.8700702539391564,-0.008760072788569419,26.32704112348057,1.7325148181380103,9.04961039407521,12.290935448573803,1,HARD_ACCEL
32.5,14.878665322343544,0.6278029780122507,8.372452349651516,-0.6129668521234826,2.973292726631518,-0.011612455495615116,25.727166344696684,1.729131329142928,8.782894704061647,12.352382403819355,1,HARD_ACCEL
32.6,14.927723238648444,2.6592280422262764,8.123049072342585,-0.36556803379385605,6.379193513315198,-0.01738069857899944,27.539725731434594,1.844871136151104,8.908816391833263,12.35161673172737,1,HARD_ACCEL
32.7,15.024738179613712,2.2524127924807678,7.701047563151917,0.6628718505395572,-0.24675186021804574,0.026721170992677498,26.516298923129387,1.7648426618913053,8.548919500252245,12.3137451361365,1,HARD_ACCEL
32.800000000000004,14.976077812936797,4.19943755485666,2.648102322587209,-0.4149184058374652,-6.113443621257094,0.012926463036505955,25.687160564534558,1.71521281375456,9.617881563996505,12.286076441948993,1,HARD_ACCEL
32.9,15.481405681968473,2.7820332569982096,-34.76288639977966,-0.5598168737118616,2.575345540018546,0.011544661856654573,26.88150545073541,1.7363736861469161,8.702756140089388,12.366297442423106,1,HARD_ACCEL
33.0,15.106645630467932,-2.7531397250992717,-16.047640596290023,0.100150702166244,-5.0835292699132415,-0.009349651549611877,27.693379638369176,1.8331918491895787,9.375715510617027,12.30927882049027,0,NORMAL
33.1,14.932486603132133,-0.42749486225979544,16.7829642771603,-1.57652272769451,-5.504656240528112,-0.061405045641367416,26.449706602417614,1.7712861431176312,7.649542177364255,12.335037043733669,0,NORMAL
33.2,15.024874387328557,0.6034531303327886,7.075955818241635,-1.0007805459393784,1.0067896068951043,-0.0496372883301152,26.158123861284945,1.740987856999708,7.870708766497773,12.301539606401688,0,NORMAL
33.300000000000004,15.079870946256692,0.9876963013885315,0.41553036887477246,-1.375164806315489,1.0747028796060814,-0.03845796662243352,26.29332851547344,1.7436043457653256,8.32245725733792,12.328223378541464,0,NORMAL
33.4,15.241424332657846,0.6865592041077431,-10.668334284225503,-0.7858399700181621,2.1375507930637605,-0.008363615986913433,26.61746945493885,1.7463898959827209,7.896562850326485,12.328792906750685,0,NORMAL
33.5,15.193999956181763,-1.1459705554565696,-13.647802127058185,-0.947654647702737,2.8084940206417497,-0.042335888462684615,26.35370545778454,1.7344810802807977,8.523361528574942,12.300748297088296,0,NORMAL
33.6,14.993158644444085,-2.043001221303894,5.830383935164711,-0.22414116588981214,4.328938480480221,-0.01319262089169471,26.449685495340923,1.7641169631151876,8.774913834858616,12.322920821160958,0,NORMAL
33.7,14.79032792857522,0.020106231576372632,18.246676160428112,-0.08186695160669277,-1.3810656117442415,-0.015038372649244642,26.960979445558195,1.8228790852885028,7.7917629522870016,12.337237841549694,0,NORMAL
33.800000000000004,14.992477729136445,1.6063340107817283,0.526392919105171,-0.5003542882386605,-3.7908957236543506,-0.004498749871985902,26.129705543616172,1.74285438442477,7.985206902744538,12.329142375441608,0,NORMAL
33.9,15.123663330991983,0.12538481539740684,-11.992258944463714,-0.8400460963375629,-1.2758552158224878,0.022310362230892087,26.44991919033457,1.7489095473404512,7.665493247729614,12.289663850893325,0,NORMAL
34.0,15.036375589677967,-0.7921177781110145,-0.8665767546517935,-0.755525331403158,-2.6718702924502145,-0.009003590881565115,25.281323102913273,1.6813442143775768,8.511744404137515,12.317854007432805,0,NORMAL
34.1,14.979921548116032,-0.04793053553295187,7.464771794286046,-1.3744201548276058,2.615848485616422,-0.01694149431392518,26.23346543895379,1.7512418442707447,7.625910669662465,12.360729251831156,0,NORMAL
34.2,15.029550176051737,0.7008365807461947,-1.2481925022293079,-0.2323556342798736,9.859321694561677,0.0033310849504373527,27.22834798347223,1.8116542188240736,7.868066484475134,12.289426591140742,0,NORMAL
34.300000000000004,15.11981754961776,-0.29756903597881346,-8.428925586044512,0.5974441840847295,-3.989543783325016,-0.006463788212931471,25.584387163679523,1.692109516515053,7.740135263191204,12.332314252182947,0,NORMAL
34.4,14.943694833730842,-0.9849485364627079,8.764363689683194,-1.0302643909448768,-4.326419998554396,-0.03280017025701685,26.30146012393557,1.7600372877374364,7.9123981452193,12.356460428785178,0,NORMAL
34.5,14.904479344797268,1.4553037019578252,-0.08844996319338272,-0.2678398156261498,0.6930090591704319,-0.012738902056888254,25.968000890342612,1.7422950704686846,8.564205080761896,12.340372845794937,0,NORMAL
34.6,15.241079547577996,-1.0026385291013844,-9.418942449420108,-0.8916625791107904,-6.5863047554176175,-0.002242674398269414,26.066921070114653,1.7103067396729794,8.2657496470618,12.263988094988742,0,NORMAL
34.7,14.71787976129716,-0.42848478792619643,5.5543013126685326,-1.5851007667096735,-0.5975763560221292,-0.06893658882786563,26.597978139075646,1.8071881663973748,7.958903633446771,12.385563800028208,0,NORMAL
34.800000000000004,15.173231631911479,0.10822173343232216,-11.675150339657256,-1.0111778503152162,-2.5694852343869576,0.004061324742072801,25.370597875360943,1.6720629125573316,7.882569501825249,12.30573892398214,0,NORMAL
34.9,14.796994221499611,-2.7635148558576477,0.7720814153406474,-2.098997813587065,-2.3402209574468347,-0.04654343048404275,26.548208486066347,1.7941622527291763,8.928102762637007,12.27568206226844,0,NORMAL
35.0,14.603109840301542,0.26263801650045165,14.500769248809124,-1.4792220418045832,1.4425294634286567,-0.02750700543337995,26.359283208921624,1.8050458770210365,7.592934820730097,12.333987762918285,0,NORMAL
35.1,14.835819772640706,0.13663899390417722,-6.105278373026069,-1.8104919209013337,-1.9818534000198895,-0.04460922220019594,25.510940589502614,1.7195504515731783,7.619422602393085,12.321258084710973,0,NORMAL
35.2,14.651311429585249,-0.9584176581047622,4.7019108109269725,-1.875592721808561,0.8283949014131875,-0.07161307749046503,26.4375013041671,1.8044460682735959,8.118095176914778,12.299345369794336,0,NORMAL
35.300000000000004,14.600791425230616,1.0770211560895717,6.283750010530646,-1.6448129406186962,-2.8838148575272315,-0.04048206171087478,26.234765577570176,1.7968043521418775,7.758349270623389,12.314688493104034,0,NORMAL
35.4,14.876137794281949,0.298332344001367,-5.269787023095669,-2.4523556933140074,1.10233200628851,-0.049591957137844235,26.528344694965728,1.7832817268715153,7.315947067688332,12.317954618219963,0,NORMAL
35.5,14.669629367964358,0.02306375147043768,-7.397720824277312,-1.4243465393609942,5.49209517138814,-0.04082899145541226,26.762340840939554,1.8243365370486693,7.458274676184601,12.381572058456394,0,NORMAL
35.6,14.883888275846283,-1.1812118208540954,-3.0946833920419334,-1.3539366590363793,-2.202483427126419,-0.05481908537633596,25.64618344795001,1.7230835768613555,8.234101985123605,12.26065694323756,0,NORMAL
35.7,14.463708486316268,-0.595872926937949,5.466118655790569,-1.864843224786278,-4.455524851770793,-0.03763116487047941,26.040929000549696,1.8004323735635526,7.812068261712153,12.347370523083649,0,NORMAL
35.800000000000004,14.76657078688982,-0.08798808969598142,3.151470558239034,-2.245041629390538,1.1137835819855746,-0.058909540610076985,25.25024366771063,1.709959883856617,7.262502084872341,12.3497889468495,0,NORMAL
35.9,14.460413454120513,0.03442118470985778,6.2697128325862295,-1.6420865083891631,2.4217306427375274,-0.04713452160921607,26.392445152270632,1.8251514893407195,7.084737311813323,12.359569166318414,0,NORMAL
36.0,14.753145282988617,1.1659544768212644,1.3662340241179607,-1.7606955008430325,-0.08492563240034445,-0.03479075268764996,25.238980274842195,1.7107525067176326,8.216633841908052,12.299844604924782,0,NORMAL
36.1,14.708126899503227,0.3076679895334499,-11.695868565868079,-1.659071634869232,-4.267689165284976,-0.06143875089902241,26.236795278183166,1.7838298144591969,7.662999047825589,12.339327896441578,0,NORMAL
36.2,14.796718964763093,-1.1732192363523515,-9.305909252784163,-2.6142333339000277,0.32506250717772023,-0.05331768388162887,24.68890885546869,1.6685394183847688,8.129297200396744,12.352533051054188,0,NORMAL
36.300000000000004,14.503257190886993,-1.5535138610233827,2.6530035109744667,-1.594059133433688,7.439221783188099,-0.03070275005436662,25.423364950408455,1.7529417437610515,8.52257861710231,12.303692566753227,0,NORMAL
36.4,14.474229548676332,-0.6426185341574581,1.601293408883876,-1.1263889772624078,2.0813667395409907,-0.01228802761666814,25.572622285821467,1.766769153399262,7.734087912393907,12.326235079737554,0,NORMAL
36.5,14.365161121593616,-1.2332551792466075,4.444566177027729,-1.1777857855254898,-7.676946827949926,-0.03238431350877067,25.744758182072037,1.7921663366081348,8.347557366064779,12.32189363557134,0,NORMAL
36.6,14.210359535862393,0.24629470124808794,13.119691709409324,-2.661778342852393,-6.608811875655658,-0.1252560618779102,26.716480488259926,1.8800706921479426,7.568135284807629,12.290801234582863,0,NORMAL
36.7,14.395115521604172,1.3906831626352572,-4.696046887280745,-2.4995481606566217,2.392434169207589,-0.057396413168366925,26.188014476629327,1.8192291987741527,8.112396116049927,12.327654935877167,0,NORMAL
36.800000000000004,14.530350687223978,-0.6929146762080611,-8.514950414574272,-2.1832915090108753,0.26905296492008013,-0.05961752749828445,26.07267800785203,1.7943598588282395,7.956004958683624,12.288655601443049,0,NORMAL
36.9,14.236914479593857,-0.31230692027959744,4.65547589928516,-2.4457375676726056,4.644748677417694,-0.032601059016023996,26.876887751352246,1.8878309474904549,7.5270684844304,12.314180445472152,0,NORMAL
37.0,14.47717695322541,0.23818050364897106,-3.760251670236151,-1.2543417735273363,2.7477821203217645,-0.002791741038545025,25.648494687280085,1.7716502858359955,7.248756646569499,12.397691950642528,0,NORMAL
37.1,14.280305541290305,-1.0643572543268276,-8.007197545232927,-1.8961811436082527,-3.937252103299099,-0.047136405291562,25.39069362464525,1.7780217342850397,8.060589743082971,12.374450645373651,0,NORMAL
37.2,14.283156719813977,-1.3632590053976144,0.5772797199132568,-2.041792194187156,2.497040069491794,-0.05016193399660767,26.06388999652894,1.8247989928145516,8.058896829299048,12.325577887862512,0,NORMAL
37.300000000000004,13.99872793613419,-0.9489013103441762,8.340348430582285,-1.396773129709894,5.55132744364828,-0.016133562328086878,26.70645528689335,1.9077772929608383,7.744917618758931,12.353135298332592,0,NORMAL
37.4,14.095688067830242,0.30481068071884293,-1.2544940834287903,-0.9315267054575003,0.4418399850157928,-0.042684206085864485,25.850297445922944,1.833915259867275,7.4260463453903585,12.356385864274811,0,NORMAL
37.5,14.063547601594152,-1.1998001270299343,6.691210472757019,-1.3084051327067354,-7.6237767128288665,-0.01575462078187135,25.269546568106616,1.7968116782455534,7.415537254046545,12.274582617881391,0,NORMAL
37.6,13.82244525984604,1.6430527752702468,12.217986080915022,-2.4562820480232737,-7.082908459542716,-0.05885582950810907,25.670869397616592,1.8571872715018098,8.090387737516739,12.335526945424549,0,NORMAL
37.7,14.377393740952463,1.2437970891530703,-11.268620143182098,-2.7249868246152786,1.5214425385156716,-0.07919219230729158,27.007284197876402,1.8784547939971241,8.145136336005462,12.32208992071085,0,NORMAL
37.800000000000004,14.096437967309928,-0.6106712533661725,-11.322258435654202,-2.1519935403201393,3.2777983261320687,-0.03824519156138521,25.524062031482206,1.8106745896142904,7.862743119975895,12.35271148874118,0,NORMAL
37.9,14.232259162838128,-1.02065459797777,-1.7518647194042274,-2.069427159388865,-0.4065339160110648,-0.05843006796658636,24.75761377797549,1.7395420849713115,7.603836606812338,12.36098094309528,0,NORMAL
38.0,13.89548486364942,-0.961044197247018,5.90055393083537,-2.2333003235223523,1.7602456238984132,-0.05951339239808832,25.522285598645308,1.8367322802395756,7.661929346654998,12.305300771358583,0,NORMAL
38.1,14.02507040671726,0.15945618818930418,7.868716507501558,-1.7173780346091823,-0.8658459518280792,-0.01705542042050164,26.288031166365624,1.8743600141768315,7.134768845519971,12.35209166618191,0,NORMAL
38.2,13.939123457799882,0.6126991042532937,-4.869580697969457,-2.406469513887968,-1.2811524472583247,-0.05017512858740332,25.552378752500047,1.8331410027222166,7.5918624752144765,12.339678351304837,0,NORMAL
38.300000000000004,14.11603793587487,-0.8144599514045873,-11.226414589651354,-1.9736085240608472,0.04595678079267529,-0.02124031165064876,25.182101543370067,1.783935524809806,7.965795899018688,12.359076952082415,0,NORMAL
38.400000000000006,13.773468898073217,-1.6325838136769772,1.6341738968146249,-2.397278157729433,-1.2753824018561688,-0.08789187825195807,27.293194463945248,1.9815773837310744,7.881120154483456,12.28634337572796,0,NORMAL
38.5,13.800955146781146,-0.4876251720416623,7.222225583592133,-2.228685004432081,2.0684682177954348,-0.07858696760062858,27.211462507161276,1.9717086402898656,7.161369528045738,12.336934391559733,0,NORMAL
38.6,13.69331997994699,-0.18813869695855048,1.799158608108429,-1.983584514170346,-0.6234652530003171,-0.04134027442525194,26.50677579724831,1.9357450082277945,7.154823085696835,12.308631811290157,0,NORMAL
38.7,13.784741771590163,-0.12779345041997647,-1.2481677486712701,-2.3533780550321444,-0.344319056265191,-0.039714388453544074,25.699343749191605,1.864332620445382,7.127454873383784,12.375106217837688,0,NORMAL
38.800000000000004,13.654519880418515,-0.4377722466928045,-2.976071449650516,-2.0524483254233843,-1.6160122869796378,-0.02112858758646948,25.28084107613186,1.8514632002833185,7.567913729181361,12.378272051785194,0,NORMAL
38.900000000000006,13.700292611369445,-0.7230077403500798,-1.8400684664132552,-2.676580512428072,-1.8675731318395439,-0.07597867062344697,26.935100410959514,1.9660237321213794,7.511742581050786,12.361430921673822,0,NORMAL
39.0,13.501476085227837,-0.8057859399754556,4.460671089393546,-2.425962951791293,6.124177593845365,-0.08563142055447424,26.219584786678094,1.9419791303682215,7.2310707369251865,12.365654045275184,0,NORMAL
39.1,13.540327025923814,0.16912647752862953,3.2664958011531606,-1.4517449936589988,-0.06429000458651135,-0.053695663819392336,26.032610234523577,1.9225983378896607,7.01063146329474,12.364002127553363,0,NORMAL
39.2,13.537513110314691,-0.15248677974482344,-3.337720595876126,-2.4388209527085953,-1.7762956952622744,-0.06402294680794483,26.334186851342647,1.9452750765040985,7.022661628769813,12.38726283044834,0,NORMAL
39.300000000000004,13.506795518814483,-0.4984176416465957,-2.0635661294757224,-1.8070041327114537,4.096594687423374,-0.038304504937339307,26.346004141998257,1.9505739984957362,7.2807782518833815,12.35359644857208,0,NORMAL
39.400000000000006,13.427747362515793,-0.565200005639968,-0.2022580301983848,-1.6195020152239206,-8.390235802276456,-0.012126648038560187,25.8914205281113,1.928202834705429,6.999912337660203,12.38084599680531,0,NORMAL
39.5,13.429635292363875,-0.5388692476862726,1.076917109322758,-3.485051293166745,-8.511030685345085,-0.07108416984836273,26.039458821741746,1.9389550240837776,7.164862296700522,12.366163302227273,0,NORMAL
39.6,13.321411508721923,-0.34981658377541636,-6.584491572406506,-3.321708152292938,10.148044166594188,-0.06803053462827105,26.814396229012395,2.0128795069093255,7.1003179374862775,12.364068492008144,0,NORMAL
39.7,13.36259907363415,-1.855767562167574,-0.6297039629810586,-1.4554424598479074,4.9210336528928185,-0.04287034536925304,25.578697271833757,1.9142007577181064,7.895989130519409,12.314651833604906,0,NORMAL
39.800000000000004,12.956836098722365,-0.47575737637162807,11.037220152047954,-2.337501421714374,-8.296833407984208,-0.06984151612952046,25.57959019768509,1.9742157732633059,7.094793181596914,12.350866802115315,0,NORMAL
39.900000000000006,13.26672980160988,0.35167646824201726,-3.6759082315923894,-3.114809141444749,0.7036346516124903,-0.07503683701246078,24.935517698657943,1.8795526909451408,6.952844611528629,12.319436579687283,0,NORMAL
40.0,13.015315269643091,-1.210939022690106,-2.54784413872804,-2.196774491391876,5.476538326845588,-0.066984560921419,24.762114847071754,1.9025366911262525,7.598775309124668,12.333192187069956,0,NORMAL
40.1,13.020365573630267,-0.15789235950359087,10.609512382546413,-2.0195014760756314,-2.600199659539264,-0.025169115783582413,26.94731901928722,2.069628449900268,6.963140094307428,12.369849769291326,0,NORMAL
40.2,12.969626404689174,0.9109634538191766,-2.5204242368822047,-2.716814423299729,3.043207910527309,-0.0710507763525983,25.386220326134747,1.957359412986356,7.246081373628469,12.411205775032684,0,NORMAL
40.300000000000004,13.168889852132537,-0.6619772068800319,-9.404247668916902,-1.4108598939701695,3.6608734799829756,-0.03532800812440603,24.72894271637778,1.877830477287593,7.22794568925399,12.326561589522575,0,NORMAL
40.400000000000006,12.83422280918242,-0.9698860799642041,5.19719838204222,-1.9846397273031338,-6.679236529353963,-0.01563606203074199,26.379742683589846,2.055421904060766,7.304213261049842,12.293239922575063,0,NORMAL
40.5,12.969856706168464,0.3774624695284122,-1.700727047603096,-2.7467071998409622,-3.4263257141707104,-0.058157946713619346,25.616774568626088,1.9751008163754615,7.132043791039892,12.31213389597833,0,NORMAL
40.6,12.946082542993487,-1.3100314894848233,-2.92224053891484,-2.669904870137276,-6.850204324816924,-0.08388293225156929,25.544413121368866,1.9731384406469497,7.595721967097481,12.347781316890245,0,NORMAL
40.7,12.701765245703365,-0.20698563825455576,3.321042172879932,-4.116748064804347,-1.7101909865943932,-0.09673227890382964,26.085282361435624,2.053673789181351,6.914986667854253,12.3616702503587,0,NORMAL
40.800000000000004,12.898324205534367,-0.6458230549088368,-0.46690775420995767,-3.0119430674561545,3.667802086569969,-0.07508201353798105,25.376120521943488,1.9673967034458006,7.204244241102751,12.357364515580679,0,NORMAL
40.900000000000006,12.549529171504409,-0.3003671890965473,9.364884330890641,-3.3831876474903533,-4.828844453740763,-0.12154880307569146,25.99570971745398,2.071449005153209,6.766865427709092,12.345686909009698,0,NORMAL
41.0,12.844777488474811,1.2271538112692915,-0.06574377565327666,-3.9777119582043072,1.606486255833095,-0.11144500425668896,25.026422257260478,1.948373358722317,6.7891411568494195,12.393137765635881,0,NORMAL
41.1,12.82797118515269,-0.31351594422720264,-12.399119133024392,-3.0618903963237343,9.206799297751031,-0.03822832102866109,26.329202224618808,2.0524837360948136,7.11512151138321,12.38181596954957,0,NORMAL
41.2,12.750247502573364,-1.2526700153355868,-1.5704290418610982,-2.136352098654101,3.0731040929110565,-0.052701399629838414,26.703483591984455,2.0943502145032817,7.684809444233094,12.318576523571636,0,NORMAL
41.300000000000004,12.556000499569171,-0.6276017525994223,9.883586430733011,-2.447269577741523,2.791820107619467,-0.0649732603737081,26.43641135368535,2.105480272527263,6.959888844475557,12.325671898246057,0,NORMAL
41.400000000000006,12.609097919386882,0.7240472708110155,1.4433167406720542,-1.5779880771302075,-5.237634779898787,0.008196877600563417,25.802954261660073,2.0463759125850887,6.6940528703908475,12.338719800547713,0,NORMAL
41.5,12.723572554732842,-0.33893840446501144,-9.024425355665162,-3.4947965337212805,-3.168370068136661,-0.10021657149240357,25.345323892130995,1.991997434926654,6.982230662798307,12.340276452776294,0,NORMAL
41.6,12.52946106518801,-1.0808378003220172,1.5307953139891732,-2.2116620907575397,1.1919632503788202,-0.07196320019816554,25.557766150155896,2.0398136852961595,7.178037906866411,12.387674992571672,0,NORMAL
41.7,12.507077087248918,-0.032779341667176776,-1.112121959469352,-3.2564038836455165,-4.026759108143203,-0.08758066246611763,25.04415461655618,2.0023986773127778,6.657902949926187,12.4071721587862,0,NORMAL
41.800000000000004,12.49224164432226,-1.3032621922158876,-9.946859351420287,-3.0170139123861803,0.8666431143216213,-0.0747490219299757,27.48390453643677,2.2000778818530335,7.376344780839459,12.319673256987013,0,NORMAL
41.900000000000006,12.22474495490108,-2.0221512119512344,11.566269056587538,-3.083075260781192,1.2617289777143381,-0.08716747242433016,26.43635955444035,2.162528515070707,7.6460514477440125,12.337540879517483,0,NORMAL
42.0,12.063790506065233,1.00999161910162,15.24697004240869,-2.7646681168433127,5.459800844677676,-0.08199889337302743,25.640280727355588,2.125391742708446,6.9505152072898,12.385902347454769,0,NORMAL
42.1,12.417824911130625,1.0272427965305035,-9.929778321149232,-1.991115091845657,-3.2299390218515778,-0.07919431898149953,26.546283480638937,2.137756303589397,7.161120348074131,12.32176998983815,0,NORMAL
42.2,12.292418854611128,-0.9759640451282265,-7.303368133402119,-3.4106559212136283,-12.839944420232738,-0.09340772254598315,24.91815586624915,2.0271157500382326,7.434005920015178,12.317912746940365,0,NORMAL
42.300000000000004,12.227808853882,-0.43343083014992023,7.793982643531035,-4.559103975892205,-0.8861968871505788,-0.10833144489282263,26.338591528491502,2.1539911069291624,6.911962586128467,12.34981709423537,0,NORMAL
42.400000000000006,12.204363327729657,0.5828324835779806,2.956364020772764,-3.587895298643744,5.926418688389941,-0.08697267890784036,24.924488716232922,2.0422604643047406,6.633214325343091,12.414916014161532,0,NORMAL
42.5,12.34089970631587,0.1578419740046326,-5.395862856763614,-3.3738202382142166,0.6441919854063616,-0.07341249329673741,25.192257092903837,2.0413630847361035,6.507690663182945,12.3809473940101,0,NORMAL
42.6,12.228367206664537,-0.4963400877747424,-10.373594332699142,-3.4590569015624717,-0.7960035135099597,-0.09234642018063262,24.991969690809583,2.0437699709564496,6.770415732563336,12.395456948627208,0,NORMAL
42.7,12.262530906167536,-1.9168768925351962,-2.1793499874621722,-3.5330209409162086,4.338598200421699,-0.12377725917094966,26.400178519515556,2.1529143307795766,7.444407088841951,12.32023305030508,0,NORMAL
42.800000000000004,11.86139719783398,-0.9322100852671769,10.938649403129347,-2.591337261478132,3.2890989991196284,-0.04095103515523239,26.01836641031675,2.193533019454739,6.763306478972156,12.400864120678724,0,NORMAL
42.900000000000006,12.08481537525188,0.2708529880906735,3.766262692460438,-2.875201141092283,-0.5910587515231436,-0.08730529545943526,26.906500846738982,2.226471817007645,6.560667449311776,12.356386795251066,0,NORMAL
43.0,11.92492986382165,-0.1789575467750893,-0.02650465340996694,-2.7095490117827605,1.352535125806169,-0.08668071792389377,25.15488908125516,2.1094370674305694,6.723356323146088,12.36324467636082,0,NORMAL
43.1,12.026450119591386,0.2655520574086801,-4.9393700945626895,-2.604694115931049,-4.4520956095513515,-0.09873879539024631,25.27758595113496,2.1018326854370053,6.710722916376002,12.346373455982713,0,NORMAL
43.2,12.005938045255178,-1.1668315656876271,-3.2206724913256726,-3.599968133693031,-4.368241205975753,-0.1106341263080742,24.74184479482875,2.0608006389477316,6.5669831854082075,12.31375545051942,0,NORMAL
43.300000000000004,11.789529161244072,-0.3785824408564545,2.804743602719585,-3.4783423571261998,2.249380761838735,-0.11985362520471327,25.97944992832232,2.2036036870518143,6.70289209261124,12.390617637655307,0,NORMAL
43.400000000000006,11.926029684903886,-0.60588284514371,4.381679789342133,-3.150091981325284,-2.6464034150063376,-0.06963802929975552,24.954859975555184,2.092470053729897,6.59098306008558,12.396597678136779,0,NORMAL
43.5,11.645500061594417,0.49775351701197224,6.870993647257571,-4.007623040127467,-4.4288464696739815,-0.07339842549451243,26.98076549054113,2.31684044032774,6.715023356174038,12.3548508018458,0,NORMAL
43.6,12.02245282160398,0.7683158843078041,-8.467186688552081,-4.03586127526008,6.023044091721816,-0.08836510093877864,24.987130293193054,2.078372081302074,6.7798134043944644,12.329977366031532,0,NORMAL
43.7,11.810591958202808,-1.1956838206984441,-1.2930195596870153,-2.803014221783104,9.059185845774916,-0.0794356169071062,25.875056319060935,2.1908348379684677,7.203014317391661,12.375691413939473,0,NORMAL
43.800000000000004,11.787835334573028,0.509711972370401,6.244821794464186,-2.2240241061050967,-5.108018989056378,-0.07451211872025584,24.97695709576518,2.118875636352777,6.744681399493298,12.3711793455939,0,NORMAL
43.900000000000006,11.887151106340742,0.053280538194393046,-9.177483223058832,-3.8246180195943795,-4.495128622287187,-0.09421911492975493,24.618536631726965,2.0710207527012217,6.63519060545135,12.377462560895376,0,NORMAL
44.0,11.783365705532345,-1.3257846722413655,-8.989483753006638,-3.1230498305625343,-7.244685698280531,-0.08343316604689674,25.963909644506963,2.2034374807120503,7.120003655134395,12.341911245395718,0,NORMAL
44.1,11.608729966242436,-1.7446162124069347,15.830551209397298,-5.273555159250486,4.463937367117139,-0.12653708071657846,26.29505379466746,2.2651102981232287,6.870690986836337,12.353568950365919,0,NORMAL
44.2,11.454084674628003,1.8403255696380942,8.985407363202034,-2.2302623571391065,9.82383553083968,-0.08077026626783775,27.0161820005055,2.3586504524756284,7.381057190296849,12.31183062197211,0,NORMAL
44.300000000000004,11.99652326526326,0.052465260233472394,-22.091295097257433,-3.3087880530825493,-2.180824857934074,-0.09007357269128206,24.54475776926911,2.045989260933633,6.5111805288168805,12.424612976006685,0,NORMAL
44.400000000000006,11.469456303608904,-2.577933449813392,3.3579807070510648,-2.6664273287259213,-4.270442763751105,-0.0426957852510382,25.46758031957931,2.220469710631867,7.663451050003622,12.374192543738577,0,NORMAL
44.5,11.448320390071592,0.7240614016436854,11.779163160499419,-4.16287660583277,-2.2461040615730465,-0.08982000020330384,26.276190767660736,2.295200507355509,6.518145740292467,12.363708031510024,0,NORMAL
44.6,11.62820347599204,-0.2221008177135082,-10.070578140914805,-3.1156481410405306,6.000740804121809,-0.0686783866479924,26.13464650268996,2.247522289805849,6.37074347952185,12.362590224017568,0,NORMAL
44.7,11.404425314133503,-1.2900542265392758,1.659587509741069,-2.9627284450084086,0.16799793241891514,-0.09269185004470418,25.372646963081994,2.2248071484704868,6.844552889029312,12.34548285049371,0,NORMAL
44.800000000000004,11.394190185505181,0.10981668423470564,12.727147781505263,-3.0820485545567475,-5.059546486749149,-0.06448702356740223,25.948323522149824,2.2773293318518855,6.208513973359241,12.327505480814557,0,NORMAL
44.900000000000006,11.43686273232968,1.255375329761777,-1.4939038433945322,-3.9746377423582384,-5.489983363420907,-0.12070787205545448,27.496168565112242,2.4041705499696326,6.787120025476486,12.401238344988743,0,NORMAL
45.0,11.657215991923847,-0.18896408444420085,-19.141070022184895,-4.180045227240929,2.5996976595451438,-0.09831944218841218,25.573958302377456,2.193830698521428,6.599506876643349,12.358866886889757,0,NORMAL
45.1,11.361386860962302,-2.5728386746752023,7.723971193318174,-3.4546982104492097,1.8437080854881849,-0.10011274010630276,25.389897832725925,2.234753392648353,7.401098908048696,12.366890452396659,0,NORMAL
45.2,11.13072997254412,1.355830154219434,13.867688108725792,-3.811303610143292,-2.733344908249129,-0.09099243436154915,25.308729773012338,2.2737708879328418,6.639283073056037,12.417240227594341,0,NORMAL
45.300000000000004,11.671764393039066,0.20069894706995633,-14.482076019765765,-4.0013671920990355,0.3344383844631138,-0.09532457483343192,24.445587566497515,2.094420924147222,6.19142627860848,12.39079037853778,0,NORMAL
45.400000000000006,11.19555396715703,-1.5405850497337195,3.5818978601901885,-3.7444159332506692,4.03882207478635,-0.08766820799364047,24.13282406531146,2.155572125873079,6.581014584523942,12.38826398021934,0,NORMAL
45.5,11.378966094274249,0.917078519107994,7.335400611083648,-3.1936027771417654,0.3935463748094703,-0.10710538445538396,24.252601440880053,2.1313536959288113,6.710945198653191,12.346519534963868,0,NORMAL
45.6,11.371088741148734,-0.0735049275169898,-7.549288406318502,-3.665706658288775,2.5550176639944056,-0.1349009429319397,23.905588373406786,2.102313060569061,5.965481899399174,12.426143523472376,0,NORMAL
45.7,11.365850064702114,-0.5927791621557066,-5.479958714997788,-2.6825992443428843,5.163572916066963,-0.06491793432420173,25.105477637836035,2.208851735234818,6.34728306026966,12.39930796513697,0,NORMAL
45.800000000000004,11.253876181247481,-1.1694966705165475,3.1145850189439783,-2.6329920750753826,-1.6344414666336582,-0.04821804880305654,25.003511602889414,2.2217688554769404,6.941637585037762,12.351492253901874,0,NORMAL
45.900000000000006,11.130014441009694,0.030137841633089045,7.863827369276706,-3.009487537669616,-3.1440918739970924,-0.06301909235159106,26.10710959351185,2.345649211138262,6.2201451429265076,12.406324537420701,0,NORMAL
46.0,11.269881649144821,0.40326880333879367,-0.87667050928435,-3.261810449874801,-2.6647787091524178,-0.061261558819901335,27.00868348254691,2.3965365674089734,6.110780150472397,12.419418853658431,0,NORMAL
46.1,11.18275983037064,-0.14519626022378096,-4.872439232445729,-3.5424432795000995,0.795762695975557,-0.057005084733308495,26.12741157643579,2.3364010291518373,5.865010668163783,12.358732567116926,0,NORMAL
46.2,11.251417673383736,-0.5712190431503522,2.199051657903406,-3.1026579106796897,4.069017459827355,-0.12214110681996915,25.871373087803335,2.299387849497797,6.107122362196714,12.390326379051862,0,NORMAL
46.300000000000004,11.067910985706407,0.29461407135690026,1.7272162073626323,-2.7286397875346284,-5.481965844465546,-0.08771160041538471,25.418658871509678,2.2966085383534858,6.046787452982362,12.42046039727522,0,NORMAL
46.400000000000006,11.310613210013903,-0.2257758016778257,-4.934597563350955,-4.199051079572799,-8.759486341985305,-0.12469949760985506,24.503289853808973,2.166398001490748,6.42804279227483,12.389494177348595,0,NORMAL
46.5,11.038474949969276,-0.6923054413132909,4.279742793108732,-4.4805370559316895,5.300648324850747,-0.11021189990839023,25.000772169174024,2.26487556319939,6.824330411249661,12.37236485958877,0,NORMAL
46.6,11.169057049124655,0.6301727569439207,-1.5068935997455617,-3.1389214146026494,7.933588752317551,-0.09155063161982181,25.65926266723027,2.297352637234604,6.48549874869237,12.379495410097707,0,NORMAL
46.7,11.167924236468771,-0.9936841612624032,-2.977888237953165,-2.8938193054681793,0.2228646623231434,-0.04546132730754204,25.275960668273648,2.2632639811197137,6.798904703508642,12.35597503550907,0,NORMAL
46.800000000000004,10.970474730181872,0.03459510935328772,8.463023688510898,-3.0943484821380207,-0.8080410110308667,-0.09259197325639118,25.96095140625688,2.3664382850118,6.016404514615774,12.422152362237924,0,NORMAL
46.900000000000006,11.173104151719173,0.6989205764397763,-9.0475438412229,-3.0554275076743527,-3.512155956643561,-0.05374787479211733,25.38781773529066,2.2722259983036417,6.5030582641234655,12.37332157573793,0,NORMAL
47.0,11.071305631131352,-1.7749136588912926,-6.365254339329338,-3.796779673466733,-2.094761107661569,-0.08998932678120417,26.53731325348595,2.3969452328066714,6.90909341008154,12.369749395119587,0,NORMAL
47.1,10.826448755556369,-0.5741302914260914,14.479912319669234,-3.4743797292066665,-0.5913682345814264,-0.09394383771388239,25.88039278891266,2.3904784822105474,6.285084895010206,12.370421987522878,0,NORMAL
47.2,10.97994448832455,1.1210688050425546,9.79738249286536,-3.9150533203830182,-3.6435275311502657,-0.11734390684574368,25.440870510857657,2.317030886441187,6.568357110812831,12.38261468391785,0,NORMAL
47.300000000000004,11.05770700445454,1.3853462071469809,-4.012419415566237,-4.20308523543672,0.6823265589428518,-0.10421190595035469,25.184336473414966,2.2775369670465664,6.930616371839337,12.300043303220379,0,NORMAL
47.400000000000006,11.290586700661587,0.31858492192930715,-9.864776193698136,-3.778588008594448,2.1464379219559238,-0.054077908488146316,25.16593185311537,2.228930393107095,6.365880093813743,12.36080863366473,0,NORMAL
47.5,11.075721994680285,-0.5876090315926463,-8.002640117020364,-3.773797651045535,-1.2707851921011404,-0.08285030203838538,25.85727740446269,2.334590685544658,6.37204093594938,12.33578016219097,0,NORMAL
47.6,11.161686051689655,-1.2819431014747658,-1.2170704014579203,-4.032745047014676,1.0667768021330004,-0.08866176763860548,24.75306549849665,2.217681574617442,6.788118603720283,12.352880499300857,0,NORMAL
47.7,10.816483215224443,-0.8310231118842304,9.886272057589277,-3.560442290618935,-0.9532774939049204,-0.0750788450220187,25.853959921392107,2.3902371414954984,6.0683054067638444,12.405535502241497,0,NORMAL
47.800000000000004,10.993214456568715,0.6953113100430899,-0.3450311380483817,-4.22340054579566,-0.16679169771704805,-0.09127810293695537,25.299426523655153,2.3013675048009388,6.341664267556995,12.367779479575281,0,NORMAL
47.900000000000006,10.964073434994809,-0.9000293394939067,-2.3658949664611946,-3.5938006301623444,-1.0180022578026326,-0.12074138815117909,25.284123390928972,2.3060884753131847,6.651001494824559,12.373419532918316,0,NORMAL
48.0,10.787041859908395,0.22213231675085093,6.211306697316368,-4.427000997356187,-2.354392329631292,-0.1129352885096872,26.14217272000466,2.4234793059592947,5.976989748369473,12.394352934536183,0,NORMAL
48.1,11.014502046675583,0.3422319999693669,-2.876722035337563,-4.064679096088603,4.776287381607746,-0.126149455395015,24.81754200864552,2.2531696760759146,6.215285510095492,12.351452520428776,0,NORMAL
48.2,10.867927675290883,-0.35321209031666173,-0.12202601832911691,-3.4717435210346372,-3.562321278953471,-0.09214372256542401,25.517790780503788,2.347990485667342,6.295586035189021,12.373245643485092,0,NORMAL
48.300000000000004,10.95906530775307,0.3178267963035435,0.41718212210257705,-4.777143351879297,-2.501693505732163,-0.09822760739184659,24.33252295389384,2.220310060263955,6.456712140294429,12.387719947567454,0,NORMAL
48.400000000000006,10.932935430084559,-0.2697756658961463,-0.6520831810042715,-3.97208222218107,10.002652536745122,-0.11272598318234686,25.37234492811674,2.320725763942475,6.009471910088201,12.369528734165813,0,NORMAL
48.5,10.907026814013802,0.18741016010268918,1.445412514675875,-2.7766128445302725,2.325335141876055,-0.055172362791089405,26.520711311945146,2.431525269367655,6.143889987735672,12.366496855588448,0,NORMAL
48.6,10.993993580187771,0.019306837039028676,-4.7508769206234716,-3.507015193805859,-4.034909785586862,-0.053225840097007,25.600214289713982,2.328563692801133,6.267696175034451,12.377951038672606,0,NORMAL
48.7,10.91135375521841,-0.7627652240220052,9.519348271285313,-3.583594801647645,-0.6832558301309111,-0.07421333148455045,24.11959440192214,2.2105043006590104,6.324214717175985,12.384463476182852,0,NORMAL
48.800000000000004,10.830255495933354,1.9231764912960914,11.158410823533142,-3.643666359832041,2.9327417601379224,-0.06406757316116937,24.773086720961967,2.2873963343029162,6.816467454499983,12.40365526111186,0,NORMAL
48.900000000000006,11.29890201752634,1.4689169406846234,-14.177329940839531,-2.9970464496200604,5.5667772090691425,-0.08638022945722311,24.40629607026445,2.1600590953356815,6.8929333175289855,12.345214344775531,0,NORMAL
49.0,11.095655674871663,-0.9122894968718148,-4.508049427897651,-2.5303109180182126,1.4202219172246222,-0.0799385104850211,25.208744680492327,2.2719472755073484,6.455305882199792,12.351879386838785,0,NORMAL
49.1,11.111676886768612,0.567307055105093,2.0152890003197497,-2.713002066175136,-7.814417090822854,-0.07422947997803812,23.685366983912363,2.1315744891858808,6.2648833518613865,12.393608930962305,0,NORMAL
49.2,11.214408938107072,-0.5092316968078648,-4.834937500749759,-4.093194336182783,-3.3485531458853046,-0.10302620484333223,25.570015445819983,2.280103711835575,6.297646359298233,12.379674890710554,0,NORMAL
49.300000000000004,11.020907589256447,-0.39968044504485895,11.025290201032531,-3.382712695352197,7.976699735175911,-0.1003347753633716,24.020411966438704,2.1795312021175652,6.0293894126972125,12.377309059567715,0,NORMAL
49.400000000000006,11.129890483773567,1.6958263433986416,-0.15038285718940864,-2.497854389147601,-3.4633495717938656,-0.050478990600698236,24.65015072601397,2.2147702856512193,6.84131128969412,12.368476334443775,0,NORMAL
49.5,11.333301497449346,-0.4297570164827407,-23.453801147265924,-4.07538260971097,-7.259679155126726,-0.09384369443755199,22.961140621277554,2.025988687095737,6.303690416522621,12.373421364153678,0,NORMAL
49.6,11.042320985240242,-2.9949338860545436,9.688221382476033,-3.9497902201729462,1.6745298200010095,-0.08821623739502342,24.18680253043206,2.1903730712738234,7.464284414744959,12.340506719987577,0,NORMAL
49.7,10.728101406311403,1.507887260012466,18.21733921761595,-3.740476645710768,7.31552250380665,-0.07754996562452086,23.84475315070283,2.2226442729815012,6.57880601162338,12.369217708927968,0,NORMAL
49.800000000000004,11.344594407128938,0.6485339574686468,-14.133543452850278,-2.486685719411616,0.76286495017863,-0.07487620902705261,23.20598919348908,2.045554769142425,6.398190551696042,12.408822012476458,0,NORMAL
49.900000000000006,10.831123020759172,-1.3188214305575898,-4.340977860069564,-3.587903655675042,-7.124240276832761,-0.11511226543977471,24.498749301506013,2.2618845021472995,6.516167783998828,12.418715722382146,0,NORMAL
50.0,11.060040596806962,-0.21966161454526595,-0.9463102929500078,-3.911533774778168,0.7391374166268205,-0.11312090654700284,24.07714998689607,2.1769495126308263,5.917106985968828,12.324474877817718,0,NORMAL
50.1,10.80498739939271,-1.5080834891475914,9.78175187852961,-3.440076172349678,0.47268555636032605,-0.07273698230872547,23.4567967698809,2.170923102714519,6.802882177004853,12.379471153439763,0,NORMAL
50.2,10.769068307126174,1.7366887611606563,12.485973541160897,-3.816996663506103,1.8615563446419725,-0.09346089273624131,24.157816934399037,2.2432596994870186,6.519486333349391,12.381941028289365,0,NORMAL
50.300000000000004,11.166156800528002,0.9891112190845881,-18.546777651107913,-3.0677649034212835,0.8028358496973653,-0.10864401917596678,22.29361995261694,1.9965347389320884,6.632540365074574,12.34345359620404,0,NORMAL
50.400000000000006,10.960365293943102,-1.972666769060926,-1.94457716073605,-3.65642949356663,-8.492782679555823,-0.09932403958552516,24.655985696783183,2.2495587542514235,7.065272004594022,12.349012898189494,0,NORMAL
50.5,10.796570267210377,0.6001957869373781,15.806098163928732,-4.766321439332448,-4.498427669758184,-0.11864545954334697,24.376123480549534,2.257765464147518,6.225532506107338,12.40920048573598,0,NORMAL
50.6,11.036144915834297,1.1885528637248202,-0.9391033766618812,-4.556115027518267,5.617137425473411,-0.1187323690332079,24.865028498088634,2.2530538233883743,6.447244712850445,12.394033749860144,0,NORMAL
50.7,11.047042995783773,0.41237511160500184,-1.569316529463941,-3.642893954237766,1.5023698161377252,-0.10141940152639609,23.954960255892765,2.1684499883847144,6.285271040057689,12.356043548759898,0,NORMAL
50.800000000000004,11.142553278449222,0.874689557832032,0.6220158524483532,-4.255641064290722,-1.7002551105908337,-0.12879743908564784,23.596023623622486,2.1176496117150707,6.62175539497182,12.348239130612557,0,NORMAL
50.900000000000006,11.204383883210676,0.5367782820946725,-0.7806540072061108,-3.982944976355933,5.807179034560989,-0.10419065346015671,24.79470336514768,2.212946613004001,6.496404083826233,12.385671215031318,0,NORMAL
51.0,11.24237771835001,0.7185587563908098,-3.4579145598661465,-3.094205257378524,3.1431660950150686,-0.0654396868597983,23.194021850454682,2.063088648284516,6.451376972481138,12.374088482340566,0,NORMAL
51.1,11.351472521580785,-0.15480462987855687,-19.758709736131667,-3.354311757352919,-0.823477510222077,-0.1011321185080935,24.076693827941558,2.121019434453838,6.09552169667714,12.446251233763178,0,NORMAL
51.2,11.189585425587213,-3.233183190835524,-6.926570303431416,-3.2589007594229393,2.1344509897810826,-0.07889688109406294,23.62607589016137,2.111434426885526,8.174749118251592,12.362514667991343,0,NORMAL
51.300000000000004,10.69457176914823,-1.54011869056484,26.656814297138613,-2.9274215593967026,3.406441458988243,-0.08853504993911121,24.350743251767774,2.2769255073882393,6.721325505039002,12.35561650809288,0,NORMAL
51.400000000000006,10.857404917728882,2.098179668592199,11.72467857287199,-2.5776124676252907,-1.7088056661708828,-0.06026359389876981,23.92258391936518,2.203342704876225,6.837231908459081,12.39565497791552,0,NORMAL
51.5,11.105391279822191,0.8048170240095583,-13.45357287257618,-3.269182692630879,-1.0094082444475472,-0.10483690665551526,24.359022134466418,2.1934411422968276,6.469522895152788,12.370861777653143,0,NORMAL
51.6,11.015557377937153,-0.5925349059230371,4.1279687252159585,-2.7794941165148,-0.8128754893286882,-0.09149167569822614,24.337048679598215,2.2093342937273803,6.560592068545067,12.351195649717441,0,NORMAL
51.7,11.016154684336762,1.63041076905275,2.8645193420594515,-3.4317577904966168,1.5312176573320335,-0.0646567446488232,23.461410215302752,2.129727739631433,6.903251857197224,12.385178344882062,0,NORMAL
51.800000000000004,11.350004349895546,-0.019631037511146754,-19.33569121395259,-2.4732505850483935,5.015143143945564,-0.05387181722510445,23.322194695179157,2.054818128364311,6.223258385967696,12.377547986806883,0,NORMAL
51.900000000000006,10.981471046739067,-2.2367274737377683,-0.4296137431738344,-2.428729161707504,-5.628658499195898,-0.03828953190377954,24.063253519564103,2.1912595696101804,6.8646657050296245,12.349168429073497,0,NORMAL
52.0,10.868446175880889,-0.10555378614591364,19.767731600840598,-3.598982284887573,-3.045799806442351,-0.07285971062945369,23.9063777224017,2.1996132046413788,5.905433535433774,12.35537957576546,0,NORMAL
52.1,10.957214104379753,1.7168188464303518,1.0790787956419745,-3.037889122995974,1.9238644483367118,-0.10822665856015232,24.453679306230427,2.2317424003292903,6.879651795704784,12.363801346667017,0,NORMAL
52.2,11.221701537366545,0.11026197298248125,-12.200998566689933,-3.2142093952202306,-4.6122710319626465,-0.12133743359138022,24.626712022701575,2.194561309681816,5.877638409820718,12.42869391069981,0,NORMAL
52.300000000000004,10.994444128821106,-0.723380866907635,7.19815063364289,-3.9603433293885035,4.560947950442357,-0.11526423923899061,23.56138812008098,2.1430267727966874,6.1005971827529955,12.39469028026407,0,NORMAL
52.400000000000006,11.075182266091865,1.5498920997110592,9.201772961678982,-2.302019805131759,4.229010125479095,-0.0230788662670356,23.503798626939542,2.122204227636012,6.869975727653667,12.341492421023782,0,NORMAL
52.5,11.305850483898512,1.1169737254281615,-5.995713976973547,-3.1145413042926844,0.6567373490073747,-0.10127834429160419,23.617489927952303,2.088961813318485,6.812850804227511,12.397089704669776,0,NORMAL
52.6,11.278272822671964,0.3507493043163498,-11.597276268604787,-2.170672335330284,-4.177171835958819,-0.06623627237488308,22.658341965969417,2.0090258785388535,6.125675577600232,12.36055764031496,0,NORMAL
52.7,11.359096989147712,-1.2024815282927959,-8.103374885935372,-3.9499756714844483,-9.850104145696443,-0.10826792849326478,23.603160037889882,2.07790813481388,6.79510244270402,12.32839321241995,0,NORMAL
52.800000000000004,11.06221776406676,-1.2699256728707244,6.549496111212392,-4.140693164469573,6.502587222146785,-0.09097894349058265,23.28793036670225,2.105177358047325,6.709083970537317,12.365556400332254,0,NORMAL
52.900000000000006,11.067072454709857,0.10741769394968241,15.742058544640956,-2.6494582270550913,3.1640288371702807,-0.11382043330396277,22.775963033401133,2.0579934871311227,6.191730875973238,12.397923504764508,0,NORMAL
53.0,11.06950670114015,1.8784860360574671,1.4957961661735524,-3.5078873970355167,-3.9232241360575726,-0.11331204850468281,23.731509108086033,2.1438632947972027,7.228940913354298,12.320429716543806,0,NORMAL
53.1,11.439169817921723,0.4065769271843929,-16.504995115746993,-3.434103054266606,2.2551564981284544,-0.09123992456222488,23.28843902639006,2.0358504504325228,6.255466371403364,12.354795723200922,0,NORMAL
53.2,11.127704589834877,-1.4225129870919315,-1.407877271380194,-3.056856097409826,5.311988030413246,-0.0860893055917973,23.42033807398053,2.104687259165285,6.979753791779133,12.311215482252573,0,NORMAL
53.300000000000004,11.144786531212063,0.12500147290835412,8.496192150520024,-2.3717054481839566,4.973388358247983,-0.07196190200394291,23.56634045391064,2.114561852567638,6.134293191953282,12.382679427303918,0,NORMAL
53.400000000000006,11.134687621903257,0.2767254430120733,-0.2377558320199658,-2.062178425760229,-2.1601451527025395,-0.054539207739152995,24.52761847208161,2.2028115475671597,6.0849808768472124,12.378145632755842,0,NORMAL
53.5,11.167232826006028,0.07745030650436095,-5.123305467446634,-2.8037344787244645,-9.115392292729787,-0.08968642013873021,24.00823922230515,2.1498825713022875,6.0837936872284155,12.379538693489685,0,NORMAL
53.6,11.164221823347688,-0.7479356504772534,-1.630371853760907,-3.8852568843061865,-1.3281319475419706,-0.10786123858432263,23.176770277491087,2.075986185532574,6.329941673828923,12.380202409596853,0,NORMAL
53.7,11.00263807323801,-0.24862406424782046,7.135919663758097,-3.0693608682328586,7.310892797967319,-0.08157899868576243,23.446795970983757,2.1310158359215667,6.288058808983526,12.355804603073654,0,NORMAL
53.800000000000004,11.10463168127325,0.6792482822743658,2.461342915833844,-2.4230783247127228,2.5981622700323137,-0.029245755694434716,23.304010068357606,2.098584693057157,6.4713840456198,12.415839477488342,0,NORMAL
53.900000000000006,11.132085666913849,0.24364451891894837,-5.487792917707585,-2.549728414226396,-2.804589885873914,-0.0894436896695977,22.896236070791723,2.0567786447100933,6.1772339915671575,12.353270673522031,0,NORMAL
54.0,11.157140449460304,-0.4183103012671514,6.964502273095943,-2.9839963018875055,-3.7502176290598355,-0.04858518660244214,22.403519203047278,2.007998313235448,6.5423354761878985,12.391643454797032,0,NORMAL
54.1,11.018614023681668,1.636544973538137,4.829133960803957,-3.299771940038363,0.5315678034282345,-0.07785492327758564,22.92042447243399,2.080154947180512,6.682922084750915,12.361897410844026,0,NORMAL
54.2,11.486895001745093,0.5475164908936401,-9.20310785438851,-2.8776827412018586,2.370886430982684,-0.08583169558516682,22.710362769327382,1.9770671505117106,6.662476733867265,12.38511046881182,0,NORMAL
54.300000000000004,11.139648602227492,-0.20407659733956496,4.66070569228212,-2.825594653841826,-0.5466202025517597,-0.10386626817731229,23.149370788882162,2.0781060171191754,6.282301046763028,12.41613560039908,0,NORMAL
54.400000000000006,11.461109528234706,1.479657629350064,-8.56365598217669,-2.9870067817122106,4.144402152061343,-0.05193715715556514,24.425137460350783,2.131132016510173,7.067373372333431,12.37943165791615,0,NORMAL
54.5,11.455822242564304,-1.9168077937749033,-15.76275621613819,-1.9967142234295574,1.0456878963992766,-0.022380854494007257,22.0948311524043,1.9286988471513267,7.267249487726775,12.38234447160786,0,NORMAL
54.6,11.075040085308876,-1.672893613877574,12.955351269837005,-2.7778692024323552,1.3952520484207243,-0.03137356610629703,22.981271356375547,2.0750508512253942,7.059078117862436,12.362888597677026,0,NORMAL
54.7,11.090382717042619,0.6742624601924976,17.331987411080622,-1.7176638137454125,6.185615317837994,-0.046011140333320114,24.218984536298777,2.1837825757880656,6.6106595762605656,12.405384186716613,0,NORMAL
54.800000000000004,11.177506451890729,1.7935038683385502,-5.692313253639811,-1.5407461388647565,-2.4056525385126224,-0.014372416730052497,23.57554240489027,2.1091951506681847,7.379038734896104,12.379035375950217,0,NORMAL
54.900000000000006,11.407570181213645,-0.4642001905354648,-13.631826272372509,-2.198794321447937,-7.956013746740835,-0.06803492851058371,23.161634835613278,2.030374082094766,6.391855827801688,12.326674848401954,0,NORMAL
55.0,11.064120877675773,-0.9328613861359516,2.2819317938543406,-3.1319488882129236,1.897462319406935,-0.07954146459741757,24.066346626911226,2.175170254644472,6.250776328492388,12.390275349482772,0,NORMAL
55.1,11.215252684491688,-0.007813831764596602,3.739917086476888,-1.81930185756655,4.212364375629971,-0.043953820397706116,22.851040282308567,2.03749669536262,5.81949594024459,12.377501471807081,0,NORMAL
55.2,11.075627196912366,-0.18487796884057395,2.4313468046754663,-2.2894760130869294,-1.8671398615291035,-0.08634189954948318,23.42019829704924,2.1145708392548874,6.249534645984879,12.389241703619167,0,NORMAL
55.300000000000004,11.214152366675293,0.47845552917049666,-0.5555229174685419,-2.1927298298723708,2.902165108537136,-0.04068868186444233,22.509708075585706,2.0072589830754417,6.57313222148609,12.43145062497292,0,NORMAL
55.400000000000006,11.239447602831921,-0.29598255233428233,-6.038569963189029,-1.7090429913795022,-6.027424328663879,-0.03826189607219948,21.068574663623355,1.874520475393725,6.679617109964716,12.342764605340031,0,NORMAL
55.5,11.131738109583578,-0.7292584634673092,-0.7702513788836964,-3.3982146956051467,3.341222199502075,-0.08777175032561171,23.70486884805242,2.1294849568590135,6.576360665235599,12.382556370970251,0,NORMAL
55.6,11.08693537248529,-0.45003282811102163,10.069939995889547,-1.0407985514790872,5.356971997181397,-0.05598026576993564,22.89437890787749,2.0649871347401385,6.467666813775651,12.370595150886315,0,NORMAL
55.7,11.063191359046995,1.2847295357106006,6.577644132185156,-2.3268202961688673,-5.36463986329729,-0.03847632998854497,23.346143060389917,2.1102539315021844,6.735164228128815,12.352075462752694,0,NORMAL
55.800000000000004,11.34500409607348,0.8654959983260095,-12.165125040626283,-2.1137265241385452,1.8640591451224164,-0.06867760178612226,23.025748455085974,2.0295936660838416,6.465319553236965,12.368141298973505,0,NORMAL
55.900000000000006,11.254479363217325,-1.1482954724146563,-2.5598900951321335,-1.954008467144384,2.920926090801166,-0.05986397253132639,22.821078322785592,2.0277329218240903,6.721543174412936,12.385586161133835,0,NORMAL
56.0,11.079259169417933,0.35351797929958284,10.258104228962845,-1.529541305978312,1.5274644544317506,-0.04254182017170864,23.374645483695247,2.109766106764273,5.917196882176255,12.383469786264133,0,NORMAL
56.1,11.352010818359396,0.9033253733779125,-5.575770364092968,-1.648515576258034,0.23256293744826628,-0.04573646392965159,22.787494180289624,2.00735310641493,6.581607408192899,12.348138284856548,0,NORMAL
56.2,11.244827654215365,-0.7616360935190107,-4.450597602945246,-1.4830287184886588,-0.00884243302919252,-0.015424674443265712,22.991616799213393,2.0446393227373734,6.442390254471616,12.351005109118114,0,NORMAL
56.300000000000004,11.193912286117765,0.013205852788863298,4.939736670512178,-1.6502840628638724,-5.0689265364174325,-0.059835388941889917,22.659132423355732,2.0242370892486505,6.019620919569977,12.431640355883559,0,NORMAL
56.400000000000006,11.268070669774293,0.22631124058342483,0.6144733824741647,-2.4968140257721454,-4.1816076181770745,-0.0966923269623802,21.792520423715594,1.9340063674052297,6.139258676029895,12.37191313964715,0,NORMAL
56.5,11.276646237395164,0.13610052928369626,-1.6086354059036028,-2.4866055864992873,4.602812767612893,-0.06529542028937953,23.215246538708115,2.058701323955933,6.116372021391678,12.398164618626096,0,NORMAL
56.6,11.279267188782677,-0.09541584059729573,5.264676901842416,-1.5762514722495666,3.778757171607998,-0.05923241906045336,21.923350450060216,1.943685709641063,6.2714730153319564,12.3741314605033,0,NORMAL
56.7,11.242631829286289,1.1890359096521796,1.9761862594923647,-1.7308541521776877,-5.48454051299138,-0.08463027289821524,21.529525125997775,1.9149897864586147,6.927604166154628,12.353990390553276,0,NORMAL
56.800000000000004,11.500264517398113,0.29982141130117723,-8.643900940932388,-2.6731595748478427,-0.4007778675056506,-0.10330051061227091,23.321380049300416,2.027899446488278,6.486360827534017,12.408335222158152,0,NORMAL
56.900000000000006,11.291696180713364,-0.5397442785342983,-3.5482633379290127,-1.8110097256788178,5.188172057964122,-0.09047835937971915,22.192179352181586,1.965353919997126,6.489884505203582,12.364067870594676,0,NORMAL
57.0,11.39391409856982,-0.40983125628462536,-0.5104813908237676,-1.6355251632550183,0.3342775146384602,-0.06290348475370357,23.194824858372034,2.0357205309528776,6.718907913549497,12.357140211826456,0,NORMAL
57.1,11.22327845429374,-0.6418405566990518,4.201868961418406,-1.7441542227511257,0.8581495605499778,-0.009487306120564275,22.99547102001657,2.0489085353860297,5.961384656203156,12.430922250024349,0,NORMAL
57.2,11.272950945095383,0.43054253599905595,0.6173728383309646,-1.4638952511450227,-1.8685568158720633,-0.024031147469324193,22.46952602748164,1.993224856288197,6.492529466957136,12.355855625372735,0,NORMAL
57.300000000000004,11.325669803994549,-0.5183659890328589,-3.5493125685520788,-2.1178655859255384,0.31535204859470367,-0.0360717319890629,23.01677987370079,2.032266547765926,6.272078069163566,12.386738747824717,0,NORMAL
57.400000000000006,11.16985945040876,-0.27931997771135986,2.957504263446443,-1.400824841426082,7.050862553251412,-0.0323104592425615,22.20588574746053,1.9880183672900118,6.283615207904797,12.372588629024872,0,NORMAL
57.5,11.27085663756892,0.07313486365642968,4.437284406617665,-0.7076930752752559,-3.517371304540696,0.010824577092751773,22.499941679987785,1.9962938402560442,5.850333904452265,12.3943848577254,0,NORMAL
57.6,11.193872462034347,0.6081369036121731,-3.0876647313503147,-2.1042991023342212,-4.943698353482812,-0.06506247920143395,21.79931251810325,1.9474326326335056,6.437106472460935,12.365994031135203,0,NORMAL
57.7,11.369925148645693,-0.5443980826136332,-9.824068708710753,-1.6964327459718185,2.017274299882431,-0.05084666400880866,22.91726541956353,2.0156038953601447,6.721862752910073,12.376387503536307,0,NORMAL
57.800000000000004,11.116283893676828,-1.3566768381299774,4.441905373355724,-1.700844242357735,1.2517123723140389,-0.03371342750563157,23.49465997195106,2.1135354401406845,6.846678724622725,12.37217437503148,0,NORMAL
57.900000000000006,11.14124968103798,0.34398299205751176,7.063464259501204,-1.4460902715090107,7.409962152530603,-0.03947161743309087,23.233832390459266,2.0853883590816964,6.397613386747377,12.363528217194483,0,NORMAL
58.0,11.179509994012989,0.05601601377026343,-3.2856374192452065,-0.2188518118516143,2.419814670937924,-0.027754074003655194,22.639807498007713,2.0251162627102715,6.166493230695687,12.39925444634225,0,NORMAL
58.1,11.153623966500176,-0.3131444917915296,-0.3947570977810075,-0.9621273373214259,-11.336618068338188,-0.038560227183074586,22.100266679118583,1.9814426903306555,6.0306378599645,12.372910265081392,0,NORMAL
58.2,11.132472528994919,-0.022935405785938057,1.2148427830983888,-2.486175425519252,-1.6062573102129962,-0.09312849065268772,22.067986137824114,1.982307711098973,5.904131331420093,12.37183252179814,0,NORMAL
58.300000000000004,11.15453304300782,-0.07017593517185182,-1.2535630879449706,-1.283378799364025,6.190742210526398,-0.01865116588243932,23.312943580080432,2.089997267496022,6.318364133068881,12.40229203004788,0,NORMAL
58.400000000000006,11.114711188109428,-0.2736480233749322,-5.317324719032046,-1.2480269834139723,-1.842002186947863,-0.02350341823116548,23.185593813961674,2.086027555872593,6.0021179208977795,12.375352448002507,0,NORMAL
58.5,11.097056177145433,-1.133640878978261,3.0973577500201612,-1.6517792367535977,0.48634789983854176,-0.005875116727062146,22.08818965989667,1.9904548834660905,6.687280883295566,12.341366332081494,0,NORMAL
58.6,10.910987956545032,0.3458235266291001,11.852510935703608,-1.150757403446264,5.4220414681329965,-0.05066132273932616,23.093655376095658,2.1165503498006126,5.813310550434752,12.419611414620535,0,NORMAL
58.7,11.17831635901945,1.2368613081624604,-5.1421293042909095,-0.5673709431269983,-4.370973216753367,-0.048758244845521326,23.30170071752772,2.084544753354227,6.5941911510957185,12.415970678184424,0,NORMAL
58.800000000000004,11.119876990345274,-0.682602334229082,-5.948774584415835,-2.0249520467969373,-4.692193962911477,-0.0468178266552519,21.98442436283037,1.9770384494287243,6.62905762971634,12.366606578797,0,NORMAL
58.900000000000006,11.028502655844594,0.04710639127929325,8.926541381693166,-1.5058097357092939,4.320149884277626,-0.03233717681019997,22.79769227593876,2.0671611539085086,5.787268590918899,12.407864951139679,0,NORMAL
59.0,11.12372728556236,1.1027059421095515,-4.3933953503394525,-1.160922069941412,2.538612181664208,-0.01431569915664577,22.922160459384045,2.0606546592647086,6.586125661512162,12.361039298932855,0,NORMAL
59.1,11.234354102668044,-0.8315726787885972,-17.406180561795576,-0.9980872993764522,-3.9549725160858173,0.01511651165046771,22.283885181837217,1.9835484068056055,6.61281978308335,12.354295487903197,0,NORMAL
59.2,10.940190156105883,-2.378530170249564,-0.09516906130920211,-1.9519165731585755,-3.9133501458401607,-0.024874914463106034,23.15694032878493,2.116685359062127,7.432062679798158,12.333639100624646,0,NORMAL
59.300000000000004,10.726166993050017,-0.8506064910504376,11.059097299647853,-1.7807573285444844,6.854539225216311,-0.059600166183187704,23.23210610590966,2.165928063674827,6.132632786993107,12.355738569593308,0,NORMAL
59.400000000000006,10.765452675082608,-0.16671071031999304,7.898811422956,-0.5810087281153131,5.875294289670965,0.0013481175659012593,22.692064446203776,2.1078597557468384,6.095665499407645,12.416721770354638,0,NORMAL
59.5,10.73103254268294,0.7291557935407624,13.107130927861892,-0.6056984706102915,-2.005361729477818,-0.03155330244403461,21.818802160299292,2.0332434994968547,6.2682052334361105,12.402929048785076,0,NORMAL
59.6,10.88348054795902,2.454715475252385,-4.58008409718651,-0.9820810740108767,-0.17479242975814713,-0.026406860310832055,23.248852027683228,2.136159652717263,7.354123248145059,12.332369371374215,0,NORMAL
59.7,11.22715333684845,-0.18686102589653952,-22.913282481443872,-0.6406569565619209,-1.8213408867940106,-0.013620667184202798,23.22591640187913,2.06872710339225,6.1574032725028465,12.39687078117796,0,NORMAL
59.800000000000004,10.834412969376224,-2.1279410210363894,-0.17233686970867967,-1.3463492513696789,-2.836328693686474,-0.008358286045550077,23.44439094471483,2.1638819759760928,6.945754161421343,12.36645020286247,0,NORMAL
59.900000000000006,10.82731815333102,-0.22132839983827546,17.221258656544602,-1.2079226952992157,2.0346741857112107,-0.05631202367130522,21.408480623926085,1.9772653136030527,6.111161582155773,12.392749843966904,0,NORMAL
60.0,10.81340743239738,1.3163107102725309,4.237649570967792,-0.9394144142274367,7.127525901286656,-0.03581362560171299,23.5606651815129,2.178838199596942,7.1286208052311855,12.345253664886144,0,NORMAL
60.1,11.050667576799155,0.6262015143552832,-17.05389650618241,0.2175824849581156,2.1251533119527823,0.0010997717980284006,22.96110498085691,2.077802523809845,6.300594033122935,12.399902733043273,0,NORMAL
60.2,10.932816743939517,-2.0944685909639515,-4.244014020305232,-0.5143837518368801,-8.217442102208832,0.00873703868967662,22.95439586303071,2.099586629928213,6.725517258245863,12.347170043172722,0,NORMAL
60.300000000000004,10.630796431514984,-0.22260128970576337,7.557759736608568,-1.4259059354836507,-0.23120364430975648,-0.0649178540113252,22.58936723908333,2.1248988619627007,5.915950592625932,12.406433091309117,0,NORMAL
60.400000000000006,10.89210325385925,-0.5829166436422379,-3.136106301374635,-0.5606244806988314,1.7042989795338181,-0.018409771361984947,22.48500936067123,2.064340452584713,6.040819706290163,12.392128745000505,0,NORMAL
60.5,10.523073837091394,-0.8498225499806903,3.381358103141283,-1.0850461395768871,3.4869132258953983,-0.07765658055819609,22.224012359015433,2.1119316183719006,6.139015831441733,12.356956274937835,0,NORMAL
60.6,10.766644291878373,0.0933549769860187,5.883465784146164,0.13675816448024825,0.9490371396146535,0.023089308444889704,23.00683318820049,2.13686201238721,5.901483925291564,12.381087830187147,0,NORMAL
60.7,10.531210133801013,0.3268706068485425,2.3654574416685357,-0.8952387116539564,-2.8229435434885017,-0.032849264366447,22.811233323007713,2.1660600285424643,6.1794983641887695,12.403876016355943,0,NORMAL
60.800000000000004,10.825818781089145,0.5664464653197259,-14.235973424160795,-0.4278305442174522,1.091875141693428,-0.015567136079434,22.739410242511305,2.100479483568778,6.544046080789778,12.385804231859291,0,NORMAL
60.900000000000006,10.680521163163009,-2.5203240779836165,-8.87244957516792,-0.6768636833152708,-0.7883143954379664,-0.017067085736687273,23.71270642083388,2.220182522798487,7.238645669283431,12.322078099036215,0,NORMAL
61.0,10.341018246826094,-1.2080434497138584,11.311690411128792,-0.5854934233050455,1.1249361206493116,-0.02353179606584715,24.556343571321527,2.3746543120991452,6.2881057999454155,12.415702030374469,0,NORMAL
61.1,10.461784980499816,-0.2579859957578579,10.244509323093066,-0.4518764591854085,-5.638532583676206,-0.02611594576241723,22.96226781017553,2.1948709377009674,5.866446898192897,12.395158624786891,0,NORMAL
61.2,10.287515748014386,0.840858414904755,6.396337505050251,-1.7131999400402866,-2.506617755558896,-0.013894844791441843,22.08376261622408,2.146656506502701,5.953396433557293,12.399850620815684,0,NORMAL
61.300000000000004,10.620762478673523,1.0212815052521924,-6.113358953641927,-0.9532000102971878,8.72230834409229,-0.04079868615303214,23.43040366334045,2.2060943091787117,6.217863543908644,12.342438026504508,0,NORMAL
61.400000000000006,10.46771540759471,-0.3818133758236306,-5.339386465811504,0.03126172877817157,2.2742203003410117,0.0027982499385159603,24.58571657497818,2.348718475584495,6.11758200427056,12.438844719277887,0,NORMAL
61.5,10.53972157244385,-0.04659578791010845,3.3649010808373707,-0.49835595022898543,-4.717485203217651,-0.025923501028536078,22.477611109168006,2.1326570113517818,5.8386379639617925,12.417101975377156,0,NORMAL
61.6,10.444418303167922,0.29116684034384355,-2.795608643159393,-0.9122353118653586,-0.7551181306326068,-0.033960582036002024,24.064009722737246,2.3040066975714995,6.086327707114185,12.325281796005974,0,NORMAL
61.7,10.628295859589107,-0.605717516541987,-6.994638894143847,-0.6493795763555068,3.0824604826726087,-0.012063352562743507,22.754207061491588,2.140908322660419,6.552425294704878,12.375553124042446,0,NORMAL
61.800000000000004,10.286389652646402,-1.1077609384849259,3.2630582095171703,-0.2957432153308368,0.367383090272726,0.030861479855829585,23.24877685356753,2.2601493467230522,6.255748453605573,12.419165950121286,0,NORMAL
61.900000000000006,10.400294753624143,0.04689412536144709,5.045054168496896,-0.5759029583009616,-1.980855416442595,-0.03249692996806095,22.785267789318212,2.190829041780603,5.782002345545532,12.375268333933182,0,NORMAL
62.0,10.314738018758481,-0.09875010478554652,-6.481735572331644,-0.6919142986193558,4.508906743119258,-0.007685333065661467,23.107523496141447,2.2402433735222247,5.771108874653285,12.383869487872852,0,NORMAL
62.1,10.384183667746035,-1.2494529891048818,-8.40619349327811,0.32587839032289007,4.0430450715356345,0.02843463933152989,22.935552818239366,2.2087006116310057,6.5167962950889216,12.409181771665489,0,NORMAL
62.2,10.04406490006134,-1.7799888034411686,10.18996511908945,0.11669471568777118,-1.110139327196847,0.014718117640425165,24.620981146181276,2.4512965010840295,6.58558604235798,12.428376687562553,0,NORMAL
62.300000000000004,10.031507328042206,0.7885400347130082,10.556432292301233,0.10385052488352067,-0.7394845232509062,-0.002776165767879165,24.102519162622457,2.402681708186163,6.039424025273006,12.431455508162392,0,NORMAL
62.400000000000006,10.20391398992685,0.33129765501907815,-1.9529917236934875,-0.03120218896241006,-1.5999137813865179,-0.037070186822889165,22.943012333050188,2.2484521484304145,5.687993715406626,12.427489776704874,0,NORMAL
62.5,10.068504029678316,0.3979416899743106,-4.380390060647806,-0.21613223139378293,-1.1036860144477822,-0.0031091742810078803,23.064720328688207,2.290779271746998,5.497090753910912,12.435951361356965,0,NORMAL
62.6,10.279576800099878,-0.5447803571104831,-12.47320305522113,-0.2519393918519665,0.5367768074320153,-0.026422079300721168,23.012979156738147,2.2387088110976077,6.063527514672802,12.341870777045422,0,NORMAL
62.7,9.962252191840749,-2.096698921069916,7.388299380377159,-0.10877686990737986,4.549860649759275,0.019869238628624032,22.779729464401658,2.2866043767752275,6.631776587230788,12.360684038171279,0,NORMAL
62.800000000000004,9.835747935560734,0.9328795189649488,19.778797875324365,0.6580327380998886,-0.001213859550298832,0.012288922787736876,23.076898887443516,2.3462271541150375,6.544895498459338,12.405681719919917,0,NORMAL
62.900000000000006,10.129485542387155,1.8590606539949575,-13.329021746690044,-0.10901964181743963,-2.4796594678695296,0.05521693716869681,23.98019661896831,2.367365698743773,6.785108444233652,12.341910134992379,0,NORMAL
63.0,10.172904966010988,-1.7329248303730602,-9.885442722371518,0.1621008445259826,-5.465305752358105,0.02293197194492193,24.331176225011305,2.3917628549863545,6.458736970383646,12.354892777436573,0,NORMAL
63.1,9.800627873192248,-0.11802789047934638,10.37838920745183,-1.2020807922890606,2.1717183552960173,-0.03424288426347613,24.42484826796601,2.4921717857256405,5.453115838256914,12.412806585548728,0,NORMAL
63.2,10.143502846982434,0.34275301111730566,-5.061906277343159,0.5964445155851861,6.583794424654732,0.03443820372789634,24.474582529663685,2.412833406651487,5.857127069103045,12.40825183355868,0,NORMAL
63.300000000000004,9.847319923050327,-1.1304091459479781,1.3546869283993925,0.11467809264188572,-6.937350678441387,0.011788060791514853,23.586637418318656,2.3952341959671406,6.523127484560666,12.356090273231763,0,NORMAL
63.400000000000006,9.915471045120533,0.6136903967971842,-3.8940026950010407,-0.7910256201030914,5.313638512367915,-0.016713229721147055,23.048553029454283,2.3245040931057557,5.66378921620081,12.375830906723303,0,NORMAL
63.5,9.976731946249092,-1.9092096849481863,-9.033949461299217,1.1774057951154688,6.832954851285103,-0.018788688244697902,23.267297268028386,2.332156200385447,6.567916486765874,12.348018981124756,0,NORMAL
63.6,9.505303757766864,-1.1930994954626593,13.13012542727963,0.5755653501539293,-8.2471305710303,0.008044041968099403,24.860791081457684,2.615465188173889,5.978763908883942,12.360407334096113,0,NORMAL
63.7,9.720928282263472,0.7168154005077397,4.1874392415406225,-0.4720203190905915,-0.29439744898531905,0.021761326212395998,24.547015942603363,2.5251720031091214,5.9435762260275995,12.383675634643128,0,NORMAL
63.800000000000004,9.643727948983292,-0.3556116471545348,-5.82239972721546,0.5166858603568655,2.954296668387999,0.02203337024194537,23.183364639854318,2.4039836837473696,5.720558972168186,12.333873892822918,0,NORMAL
63.900000000000006,9.640697217219994,-0.4476645449353524,-2.9317177284867,0.1188390145870083,5.501633359482689,0.019958229530725752,23.821251252427047,2.4709054454980777,5.750312363194896,12.391113690704179,0,NORMAL
64.0,9.576454712830657,-0.9419551928518748,3.350945882394013,1.6170125322534035,6.542966178993446,0.061592024866610036,23.8077791553951,2.4860744262171606,6.271691578268221,12.328332071416812,0,NORMAL
64.10000000000001,9.442226249043628,0.2225246315434502,1.8969720690133045,1.4274322503856975,-6.983359390589652,0.020259101569059818,24.444297642773343,2.5888277825633783,5.534828445357615,12.41528536297123,0,NORMAL
64.2,9.6326899597708,-0.5625607790492139,-7.693633905729986,0.22034065413547294,-5.725311661519147,0.02554185969805642,24.20915238862869,2.513228650536233,5.679182665362248,12.425651633730409,0,NORMAL
64.3,9.323978365324104,-1.3162021496025471,6.67878968293653,0.2823699180818682,1.587597931605135,0.006001922910927215,24.67800860042171,2.6467252103672054,5.955661380574862,12.359689792998283,0,NORMAL
64.4,9.362065106470578,0.773197157538092,7.072426682141901,0.5378602404564999,4.152361909674165,0.018644344145041916,24.057967573534192,2.5697287190308646,6.021406937579781,12.429116489952063,0,NORMAL
64.5,9.489573936044412,0.09828318682583322,-0.8214614911150364,1.1128423000167014,4.101175698697105,0.027085814777711624,23.672382861966646,2.4945675139377363,5.645253044529873,12.432453178777342,0,NORMAL
64.60000000000001,9.362195108859883,0.6089048593150848,-0.26689441402539293,1.358095380195921,-4.064520612469562,0.057906919954618795,24.778003024259355,2.646601863788416,5.945778296254004,12.398454510849254,0,NORMAL
64.7,9.633260406965496,0.044904304020754626,-11.025913957033238,0.29993817752278895,-4.5692300261554095,-0.020847304121628024,22.53955849897315,2.339764269496497,5.343381527886392,12.417417112734329,0,NORMAL
64.8,9.353850777391962,-1.5962779320915625,-4.470947629557913,0.4442493749648391,5.369728561993312,0.010216262677976762,25.268894509236763,2.701442979004015,6.248455397337089,12.399463311297207,0,NORMAL
64.9,9.332874004886511,-0.8492852218908281,-0.5676027496581482,1.3738838899214514,1.4154092910017637,0.029551409224600773,24.96897348587704,2.675378824658275,5.911850336367866,12.412049472596983,0,NORMAL
65.0,9.196355542068273,-1.7097984820231922,5.79174600928926,0.7273312331651919,-0.44427384468045283,0.040566410525550003,24.597052549104923,2.6746521963604954,5.878582983492183,12.353552204077337,0,NORMAL
65.10000000000001,8.973264081992854,0.30906397996702395,12.505174802595171,1.2850291209853608,3.58100859869826,0.05519894089042216,24.387247063087674,2.717767675201593,5.206676217426778,12.401846587605917,0,NORMAL
65.2,9.244675402889127,0.791236478495842,-4.716483090199401,1.443532952904844,0.4144106696598182,0.0009408981706734362,24.746061584902787,2.676790747803779,5.732851573945922,12.443773437365117,0,NORMAL
65.3,9.107173743017512,-0.6342326380728562,-3.3588927221949443,1.3679112549173245,1.6171398068035259,0.04491241787809282,25.026668451891876,2.7480170202177017,5.548075362781626,12.433092838595108,0,NORMAL
65.4,9.115660378811715,0.11945793405685312,3.3009342704664992,1.7669609142655491,-1.0316270991542809,0.01915412157177974,26.005103196690563,2.8527942152316665,5.297155383452489,12.423535404949346,0,NORMAL
65.5,9.115881362105041,0.025954216020443677,-5.217676377415523,1.1615858350864683,-4.330236675253559,0.07938556045064413,24.006421156011438,2.6334723108405913,5.372671235972472,12.399835609233206,0,NORMAL
65.60000000000001,9.08857414956454,-0.9240773414262515,-0.18104212454544022,0.9009135792148373,1.43071046046236,0.027986032682401928,25.467492995214265,2.8021439420653773,5.593358168432664,12.432653928648797,0,NORMAL
65.7,8.934280946390722,-0.010254208888644367,6.662328696492339,1.4477279271789403,-1.371975041701472,0.019582736958403898,23.293778971553436,2.607236006045196,5.130185048796758,12.413832411552931,0,NORMAL
65.8,9.06663646919913,0.40838839787221637,-4.645786598331803,0.6265185708745429,3.177254468320534,0.0029822801362446357,25.19150464368701,2.778484030904596,5.397783940383083,12.4171292286817,0,NORMAL
65.9,9.010609463108722,-0.939411528555005,-10.54243870072851,2.083178820843047,1.5165915559832426,0.05857824733897978,24.47081739776727,2.7157782720420633,6.18271806461024,12.342523410578517,0,NORMAL
66.0,8.889494345287622,-1.700099342273486,-6.433416453154535,0.9298368820711914,-3.0654366851080894,0.020498435631126043,24.725781712367837,2.7814609866392606,5.648600098667643,12.361073067401758,0,NORMAL
66.10000000000001,8.700576981457344,-2.226094819185912,12.979740429877275,1.4700914838214292,-0.9807658298719507,0.057478571717506165,25.187779125502157,2.894955033348054,6.773400761473451,12.335268066220692,0,NORMAL
66.2,8.49477895987145,0.895848743701969,19.295774123008183,0.7336837160968013,-4.362520117133882,0.005043346708633744,24.581582800982044,2.8937283615151337,5.4169751564204205,12.399902409048018,0,NORMAL
66.3,8.86317681985239,1.6330600054157252,-7.2203179558444575,0.5975874603946527,0.7236239963162516,0.022041666373030067,24.919947149840656,2.8116269884205787,6.4380449156979624,12.38094954586267,0,NORMAL
66.4,8.812535049326623,-0.5482148474669226,-10.458369773929522,0.8784085153600516,3.4386855919582624,0.02047302152393544,25.879268542301336,2.936642906660417,5.286100886178301,12.469069870964628,0,NORMAL
66.5,8.783371534585326,-0.4586139493701794,-9.306410162820068,1.2853245787863052,8.10397833976291,0.04714730801734329,24.704767114196294,2.8126747248387503,5.360326926696445,12.382379855931196,0,NORMAL
66.60000000000001,8.714171238372998,-2.4094968800309364,-0.7166201573440573,2.4992041833126337,-3.291977151964543,0.030164153124649283,25.617295789178765,2.9397282987018407,6.56400275992655,12.374506892520353,0,NORMAL
66.7,8.31796341690164,-0.6019379808389909,13.53860064932982,0.6269291483933966,-1.7513291649027596,0.004688379001443477,25.32120417901629,3.0441591180318266,4.900371123765438,12.445530248162624,0,NORMAL
66.8,8.620759684805563,0.2982232498350278,-1.0458150913802322,2.148938350332082,4.9578329794212195,0.037309328152042055,25.81161919190323,2.9941235036857887,5.237790675497088,12.418104270234393,0,NORMAL
66.9,8.347508352869077,-0.8111009991150373,-0.053224002876195164,1.6184957442776406,-2.773351897416295,0.015813791652952335,25.017679411227526,2.9970235852029825,5.414720201360346,12.397535919805758,0,NORMAL
67.0,8.464820930875364,0.28757844925978876,4.170742674888689,1.5942679708488228,-5.619593792995589,0.0326922595212037,26.332013427944972,3.1107584723853012,5.265706013593592,12.44512075006751,0,NORMAL
67.10000000000001,8.417236136721368,0.02304753586270044,-5.610466317358328,0.4945769856785226,-0.7815017031020977,-0.002953235138695786,26.14182898055435,3.105749744444851,4.85353632815739,12.446787160164398,0,NORMAL
67.2,8.47999778511154,-0.8345148142118769,-5.38718845704768,1.4379676302284032,3.902163212923601,0.024255825560207035,25.78424722918343,3.0405959862929706,5.456054826898728,12.420454296034944,0,NORMAL
67.3,8.23458880704962,-1.0543901555468356,1.6577949091355764,1.2750096282632428,-0.550886887611205,0.03951771106816512,25.751680853013667,3.1272576514042436,5.267004414813866,12.411064513155333,0,NORMAL
67.4,8.248853305573826,-0.5029558323847616,1.3933014831013195,1.3277902527061622,-1.043033547587412,0.04294465442456712,25.107633507396002,3.0437725799330853,4.882790715910366,12.447344939490327,0,NORMAL
67.5,8.156983905270176,-0.7757298589265716,2.915708710411709,1.0664029187457604,0.6270279303386295,0.008291194558008284,26.281294597100565,3.2219377777759726,5.386627674883875,12.413364053793028,0,NORMAL
67.60000000000001,8.10816201003359,0.08018590969758017,-0.44806676683413926,1.4531958387738881,-2.620225031047081,0.0509926217001086,26.315320822226518,3.245534658737967,4.860472797320664,12.430650310344003,0,NORMAL
67.7,8.152264508924587,-0.8653432122933995,-4.018258687583637,0.5423579125363442,-0.5295691526293245,0.019070219183175155,24.449153179286572,2.9990627944568256,5.371521517332671,12.372104154717933,0,NORMAL
67.8,7.951417341005695,-0.7234658278191471,6.4427531094610835,1.3472820082480232,2.7297727177078945,0.056383211375526474,26.150100952153828,3.288734552681191,5.27837456752611,12.405180115236856,0,NORMAL
67.9,8.03011511225141,0.4232074095988172,1.8198547353798067,1.0883124560779232,0.5742992923157486,0.014299800302972702,26.296650367005554,3.2747538484081256,4.91868191458981,12.464520360257216,0,NORMAL
68.0,8.022206102803713,-0.3594948807431858,-5.09651572605416,1.462141866711173,6.513890004375684,0.018830834129924253,25.8085549944808,3.217139358394303,5.0964079308438235,12.387950226276333,0,NORMAL
68.10000000000001,7.965875522837712,-0.5960957356120149,6.800045554931327,2.39109045695306,-1.3921694118539119,0.05910632460963054,27.189152702384813,3.4132033100988157,5.149905930424916,12.409312706886938,0,NORMAL
68.2,7.90989139771832,1.0005142302430796,7.6556758771126,1.1837079843403906,-0.33825222584441983,0.04144776053632952,26.704234840099723,3.376055813838709,5.211123907343144,12.46935545536513,0,NORMAL
68.3,8.167018387380091,0.935039439810505,-5.634153026233874,2.323440011784176,-3.1664516224118078,0.09717686413788877,24.934448576775,3.053066295932971,5.552887068046676,12.40394958915407,0,NORMAL
68.4,8.12604464754939,-0.12631637500369533,-13.480873091295402,0.550417659858029,-5.450535311515805,0.009136220122976577,26.17025243491259,3.220540074537355,4.753819116263149,12.438895598995359,0,NORMAL
68.5,8.124757949859882,-1.7611351784485756,1.3429695561017292,1.233332949481015,3.868759937419708,0.0010592109681339355,27.007243691555935,3.324067480929902,5.63388849732557,12.412943502538717,0,NORMAL
68.60000000000001,7.7908803826390365,0.14227753621665054,6.0726911413937765,1.3241696473419706,10.266580354972376,0.034197690129697166,25.959512099059136,3.3320383350906697,4.657654253293241,12.41879031454061,0,NORMAL
68.7,8.123215733725928,-0.5465969501698202,-6.684752331511597,3.2866490204754903,1.180137797172075,0.08368339031961887,26.091596261767393,3.211978743029122,5.32520577629342,12.379201106444714,0,NORMAL
68.8,7.68611461879571,-1.1946729300856689,8.06731137038525,1.5601972067763856,-5.862468535119507,0.043692313479118616,26.097977531515653,3.3954707711091596,5.255423489719292,12.400108998497023,0,NORMAL
68.9,7.915750621058235,1.0668653239072297,5.417847080154813,2.114155313451589,3.186564357354541,0.02765182653593888,25.968064277204768,3.2805561367891056,5.539586525839782,12.389149861085972,0,NORMAL
69.0,7.878601617578901,-0.11110351405470623,-10.454866985152622,2.197510078247294,1.6833336219795947,0.05775213924529087,26.2099636437273,3.3267278783644905,4.951644462922718,12.452338541820724,0,NORMAL
69.10000000000001,7.868403332598049,-1.0241080731232948,-10.227811641705895,2.450822037847508,9.131317213486923,0.07950720255464376,25.451760511788766,3.234679189149409,5.22710214592687,12.449805262798012,0,NORMAL
69.2,7.6645299787681385,-2.1566658423958853,2.0352245596597784,4.023773520944679,-4.725942236606208,0.11387408498800732,28.051304655958255,3.6598858290938185,6.406336793976663,12.359516158101185,0,NORMAL
69.3,7.446452655391911,-0.6170631611913391,15.506228002101453,1.505633590526266,-6.092843803063039,0.03473579163442762,27.535811330880954,3.6978427991404086,4.960151317651451,12.397499673612522,0,NORMAL
69.4,7.5494623534163185,0.9445797580244054,-4.396085729255386,2.805204760332071,2.832190327958648,0.10518387586523174,27.78995342660383,3.6810506663468807,4.985495111181401,12.420653710675358,0,NORMAL
69.5,7.644213154369382,-1.4962803070424164,-10.404447185766742,2.0720716561179957,0.10123970647769154,0.04832100742112118,27.089417435869468,3.5437810130118277,5.606499626621386,12.39526153920175,0,NORMAL
69.60000000000001,7.251860088350935,-1.1363096791289433,12.232531963141327,2.825452701627609,2.267902330998479,0.0627089849591178,26.602541560544555,3.668374904705855,5.23237791327779,12.43306160339768,0,NORMAL
69.7,7.386239745034131,0.9502260855858489,14.469251042937156,2.5256521223176915,-2.1254741664229937,0.05194515479812048,27.936683596986622,3.7822606036811672,5.2871121242138415,12.399815528714877,0,NORMAL
69.8,7.45070469253897,1.7575405294584883,-6.922359539121766,2.4003578683430105,1.0391674698750397,0.06009607015812981,27.057746645027915,3.631568792697308,5.409567979102485,12.405579046823101,0,NORMAL
69.9,7.726206220784833,-0.4342458222385044,-18.287313170270973,2.7334856162926995,0.5217388221923103,0.08563713828803475,26.09105219666256,3.3769551900482684,4.9209492242323085,12.413292067787545,0,NORMAL
70.0,7.331944660549824,-1.8999221045957067,4.978608076712161,2.5047056327814725,-4.2861011883675335,0.06235949541115334,28.004148175341598,3.8194707505118517,5.284410107651843,12.384856940138041,0,NORMAL
70.10000000000001,7.358604267855296,0.561475793103928,3.568043982701745,1.8762653786191927,2.34952403675472,0.029749723330779496,26.97168093279519,3.665325644785112,5.081669022760323,12.453524611446294,0,NORMAL
70.2,7.421927323035013,-1.1863133080553576,-7.220585560684647,2.9746104401324165,-3.7524531610204335,0.07752797915965097,27.570813984065254,3.7147782218905983,5.103996480300677,12.4400355691745,0,NORMAL
70.3,7.117778863498921,-0.8826413190330012,13.873267968113554,1.125774746415106,-5.512434869838862,0.021198595818398197,26.877637958112118,3.776127142126434,4.790988733940897,12.43972632529075,0,NORMAL
70.4,7.249820707786452,1.5883402855673532,0.9369463070554129,1.872123466164644,2.8184793538342423,0.035348648327807645,27.949550118830985,3.855205700302714,5.154313951553649,12.375554529311948,0,NORMAL
70.5,7.458282876574801,-0.6952520576219187,-16.021797488626124,1.6894706171819545,4.6104184662081815,0.04331561387109228,27.50092389922125,3.6872996578873374,5.013310172051978,12.410440206558564,0,NORMAL
70.60000000000001,7.133548949783043,-1.6160192121578714,8.40426916620387,2.7942071594062803,4.914660614435255,0.07765064054465234,27.68527587763049,3.8809961314518633,5.220461664107462,12.380263240502474,0,NORMAL
70.7,7.14023877545564,0.9856017756188553,6.872515075464431,2.6724027400690056,2.0669144735293044,0.0503156533000208,27.746224916279882,3.885895946737343,4.687552068972074,12.417362164787637,0,NORMAL
70.8,7.313169795270318,-0.24151619706498495,-3.8431488944442753,3.207590054112141,-1.7347990880563646,0.08313536683805982,27.244975471041855,3.725467373759342,4.536288873253801,12.460358665397628,0,NORMAL
70.9,7.113414356343434,0.2169719967300002,9.178555798226734,2.3254429224577327,-1.3029008616840843,0.07289933486308559,28.020945126854166,3.9391695356346426,4.918147787416811,12.403611876735571,0,NORMAL
71.0,7.353224047551192,1.594194962580362,-8.50469500855611,2.9470098817753243,-2.3774337903956164,0.06716647777797675,26.448165681145127,3.5968121615923057,5.362151460634059,12.434700398130268,0,NORMAL
71.10000000000001,7.413139516553397,-1.4839670049812221,-14.4176363294461,1.8499561643786093,3.998789500910489,0.029979119435451285,27.30412371068013,3.683206507810969,5.35575638291258,12.41983081790749,0,NORMAL
71.2,7.067905223644461,-1.2893323033088584,10.173975793390579,3.746767781957422,2.5195085908396506,0.09209808122657978,28.0992223939019,3.9756082608324723,5.450904439080558,12.431607551200713,0,NORMAL
71.3,7.135961438940985,0.5508281536968935,9.116083301736865,2.3538578825465395,-0.8763014102187916,0.06368656981875746,26.686650086735412,3.739741353016035,4.641049253856206,12.426859351840967,0,NORMAL
71.4,7.1719597294423725,0.5338843570385146,-1.7743996774210635,3.571507499913664,-0.4797074351987751,0.11967503455480807,26.460337696121275,3.6894152636546655,4.567123717544568,12.443330957496393,0,NORMAL
71.5,7.259872648660923,0.1959482182126808,-4.000409738001277,2.2579163955067845,-1.436987051702865,0.06297124392464931,27.64762407583925,3.808279485582826,4.4639207390486275,12.438422738250013,0,NORMAL
71.60000000000001,7.176578986687682,-0.26619759056174097,-5.1545594366956955,3.284110089573091,-0.37025868786084937,0.07270978598976058,27.940931011365564,3.893349611729359,4.709882241570378,12.436042331230556,0,NORMAL
71.7,7.183343985119784,-0.8349636691264584,-7.259014441540048,2.1838646579346146,-7.5798074644204645,0.056772397238012764,27.69975222181182,3.8561082803763185,5.369701679212656,12.391438966222081,0,NORMAL
71.8,6.980807585152344,-1.7180004788697507,4.627180781555727,1.7681485966889978,5.679133732609345,0.03325179334929228,27.419472590587244,3.927836751854673,5.274298661238222,12.478117148161738,0,NORMAL
71.9,6.835028056009418,0.0904724871846871,17.978767045376504,3.3196914044564836,3.6253196655433984,0.09866423463608966,28.078696155784876,4.108058653994527,4.39228122670504,12.457713683287006,0,NORMAL
72.0,7.0001260473731675,1.8777529302055502,4.5652814020610055,2.4932125297976775,-4.637076194979756,0.05562204820578047,27.32355947520402,3.903295353582572,5.433780564618291,12.394277194345946,0,NORMAL
72.10000000000001,7.198509707488285,1.0035287675968882,-6.684821161944918,2.3922761654605322,-4.648044078877285,0.051605737925026346,27.394607206407894,3.8055942576434285,5.059149561845727,12.389155585077008,0,NORMAL
72.2,7.186611253357215,0.5407886978165665,-11.018224319632914,1.5636037140222205,2.2712516157188656,0.013839070646473686,27.268173220757923,3.79430196784606,4.823173248370762,12.462635326997518,0,NORMAL
72.3,7.2777797601658945,-1.2001160963296946,-12.456039418299532,2.8465264886043053,8.53415891541077,0.06665303920731487,28.933837675873132,3.975640735137277,5.580565622151555,12.39666749659696,0,NORMAL
72.4,6.95570751616512,-1.9504191858433404,-1.8938856551964889,3.270435497104375,4.823261847007005,0.07983216622399551,27.00126441996834,3.8818861139887186,5.536045846958641,12.364606344868523,0,NORMAL
72.5,6.867198091355653,-1.5788932273689924,12.513213505952622,3.8111788580057064,-8.693005472746117,0.13343001957158776,28.69776340058463,4.178962514086936,5.067470368845393,12.413452728745677,0,NORMAL
72.60000000000001,6.640214690567359,0.5522235153471843,10.509077817020827,1.5318344025551516,-7.70053520819173,0.062120020718234484,28.37553579264194,4.273285897359661,4.499174317201836,12.484689726000152,0,NORMAL
72.7,6.983638967893733,0.5229223360351734,-5.108768561390222,2.2710718163673604,4.060104588799921,0.06604553526427397,29.501240163591405,4.2243363809640035,4.964668995515051,12.447448402724202,0,NORMAL
72.8,6.737517623442978,-0.4695301969308602,4.360843982381796,2.3438553203151358,-0.6170795258882578,0.05610831755130326,29.432367145482267,4.368428966044301,4.83218020998515,12.448717580013556,0,NORMAL
72.9,6.869323688629222,1.3950911325115327,12.854421362830438,2.147655911189709,-2.1947134275852798,0.06769099264207158,28.30752891404122,4.1208611207095425,4.966625961614101,12.433339884193591,0,NORMAL
73.0,7.017559869741656,2.1013540756352276,-8.457041124175243,1.9049126347980798,-1.5570247882122445,0.05774630995733458,27.431955062507242,3.9090446781634824,5.497576879421332,12.410712088849337,0,NORMAL
73.10000000000001,7.290589901448312,-0.2963170923235159,-23.375414458140018,1.83625095354726,4.44154151144589,0.06440747643748135,26.604294188926197,3.649127786441687,4.478200134604237,12.450343962128755,0,NORMAL
73.2,6.9437866411526095,-2.5737288159927765,2.931361110438416,2.793220937087258,-0.9394996143092149,0.0753433165994051,28.84427318862251,4.153968818349898,5.817174936838694,12.407145140132526,0,NORMAL
73.3,6.772704546947459,0.28995512976416743,23.265298387025968,1.648351030685417,10.249273116581948,0.020298662003410933,28.89479664762563,4.266360129447676,4.5265438077242734,12.42016340320093,0,NORMAL
73.4,7.004510734384517,2.079330861412417,-0.5185335544478249,4.843075560403648,8.233376299222547,0.10501248326443834,28.429837223625146,4.058789871513168,5.562517587274376,12.388256025971005,0,NORMAL
73.5,7.170920107354383,0.18624841887460244,-10.970507652358565,3.2950262905299263,-13.123096990686674,0.0766768051779627,28.32157793384919,3.949504039907379,4.621308307468881,12.398326404395632,0,NORMAL
73.60000000000001,7.016646800460133,-0.1147706690592962,3.2180634042555583,2.2184561622663126,-1.3338321127147057,0.05408136072803444,29.47865358716286,4.201245185268514,4.3624663441298415,12.466586609302244,0,NORMAL
73.7,7.163559055311727,0.8298610997257141,-7.8989167936426705,3.028259867986985,1.254178569052533,0.07260948611880479,29.527423998854285,4.121893010285148,4.89333078007525,12.436522207478598,0,NORMAL
73.8,7.1798273747394825,-1.6945540277878304,-15.809184474104953,2.469291876076819,-1.7326071912506058,0.061809564862750604,28.362281177820034,3.95027341153159,5.275845152352783,12.426737968470562,0,NORMAL
73.9,6.864287359726735,-2.3319757950952766,10.048613149195248,2.681738429736864,4.286247354970365,0.05901346950196559,28.555629816456662,4.160028320491736,5.477363583251452,12.437748951677293,0,NORMAL
74.0,6.6955790115628275,0.31516860205121955,22.633403804817995,3.326541347070892,5.359495491210726,0.06251229738959418,29.068861233513474,4.341500740012694,4.562799853106273,12.46434876321881,0,NORMAL
74.10000000000001,6.931332292534349,2.194704965868323,0.7363412446566322,3.7536375279790093,1.386126371044647,0.09954767200873331,29.592082540051695,4.2693210036871205,5.629431866366177,12.372736954543182,0,NORMAL
74.2,7.1370162051146675,0.462436850982546,-14.551160947548816,3.6037666212798216,-7.581754261961522,0.0684243767670421,28.871008334329584,4.045249093541287,4.809127096196996,12.440053273899267,0,NORMAL
74.3,7.016920184191345,-0.7155272236414405,-7.055434020252973,2.237286675586705,-3.647633955152303,0.07396527172795314,28.860752732505585,4.113022804153729,4.804197402257191,12.425300106207663,0,NORMAL
74.4,7.00577303822642,-0.9486499530680486,4.969463695108623,2.874239830249361,4.282584954533268,0.05828222802678311,28.509267569286816,4.069396398331542,5.005922407446052,12.403918790784747,0,NORMAL
74.5,6.818975621550253,0.27836551538028415,9.657719554525654,3.0938036664933586,8.594871703676924,0.06930352597561,28.729337970050228,4.213145722248349,4.548817328781954,12.434041338935078,0,NORMAL
74.60000000000001,7.067268560701723,0.9828939578370824,2.3965303451946074,4.593214170984746,1.6557085747530076,0.09443762833351046,28.104489937935412,3.976711751724469,5.237982428220135,12.44055076913959,0,NORMAL
74.7,7.03441467537938,0.7576715844192057,0.7434774973588548,3.42494538144396,-8.963686703941315,0.10170477216227257,28.966981474323234,4.117895064632508,4.980378017779117,12.389875689750122,0,NORMAL
74.8,7.219399831160275,1.1315894573088534,-3.1351318246141244,2.800476830196483,-4.284855173201749,0.08952287113124707,29.52965663747479,4.0903201551490875,5.356402783201544,12.464896516762195,0,NORMAL
74.9,7.247904683416662,0.1306452194963808,-22.562298882373344,2.5679743468036103,-0.9878064194598224,0.1087245705161328,26.98173245325345,3.7226941622160328,4.5999021343901845,12.454299008663922,0,NORMAL
75.0,7.266587812193379,-3.3808703191658163,-16.325517315312286,2.6029155463045184,2.4734932844520485,0.06655051059338997,27.2232088799897,3.7463538023044305,5.280854390587936,12.420417858850572,1,HARD_BRAKE
75.10000000000001,7.09429480287802,-3.1344582435660766,6.7916250570042775,3.06267300369402,1.540743643858733,0.0728458750599133,28.716768674121532,4.047867966026967,4.857503225582953,12.466319882452797,1,HARD_BRAKE
75.2,7.172049204769145,-2.0225453077649607,-3.585189025210116,2.911064275076265,2.4489472181510585,0.08283050760198594,28.40521443229944,3.9605437192777533,4.756661555246405,12.43560832405276,1,HARD_BRAKE
75.3,7.2049382363110945,-3.8514960486081,-7.236287546323019,3.5524624473242317,3.126065233248849,0.10062743494824072,28.961490867839768,4.019672329997372,5.42276718085719,12.4087965864577,1,HARD_BRAKE
75.4,6.89429096692411,-3.4698028170295645,13.424859285556368,3.536277321726035,-3.014163210521972,0.08250731751186116,28.291159396126538,4.103563300686836,5.082879555124475,12.438018937877043,1,HARD_BRAKE
75.5,7.021233854513842,-1.166524191496826,2.0433660308090618,2.9496298052198373,1.9753002630166794,0.10561153815892611,27.92731275084221,3.9775505743749258,4.963698679504405,12.43146417586945,1,HARD_BRAKE
75.60000000000001,7.189522532899269,-3.061129610867752,-7.053671051637005,3.9313373743293707,0.5186759915435513,0.10459903301983381,29.253274472949546,4.068875831334627,4.473335198856737,12.41701020620172,1,HARD_BRAKE
75.7,6.954355493181925,-2.5772584018242273,4.449833701225933,3.0533650035285476,-0.8940328268583242,0.12367510260854286,28.674843438575582,4.123292728806932,4.434223466603242,12.445914548390807,1,HARD_BRAKE
75.8,7.18168895026221,-2.1711628706225654,-5.155903861798252,3.752530808957706,5.987359036317019,0.07232544894401141,28.43472582844533,3.959336867048127,4.93460938379584,12.42698616337389,1,HARD_BRAKE
75.9,7.048141238979688,-3.6084391741838777,4.011031662501822,4.250836810791951,-4.399830637874174,0.09510848283447301,30.14561505930256,4.277101442374974,4.909427359775563,12.45133885894899,1,HARD_BRAKE
76.0,6.963348678564931,-1.3689565381222009,10.59284297969794,2.872564681382871,-0.20221592900076857,0.07650242802937704,27.926719275201553,4.010530071712126,5.190553009655149,12.417303969202537,1,HARD_BRAKE
76.10000000000001,7.301314058256354,-1.4898705782442896,-7.6597291291264265,4.210393624991798,-1.8035913793706237,0.15927409788460412,28.746129533469123,3.937117250964282,5.230180744791064,12.460350211636515,1,HARD_BRAKE
76.2,7.158939906019784,-2.9009023639474862,-2.7936072484292174,2.5118464055087464,0.40116729502614135,0.06735973909506458,29.504793215351622,4.1213913795451385,4.68681901255573,12.4235026135196,1,HARD_BRAKE
76.3,7.251464065847548,-2.048592027930133,0.7825472534130262,4.290627083997026,9.521595650212246,0.10239824454328295,29.879011205807554,4.120410848690499,4.4790666078200605,12.444992678113413,1,HARD_BRAKE
76.4,7.2692041356731885,-2.744392913264881,-4.311859199910246,4.416165535551196,-2.618860647218084,0.11683193726997947,30.360133043742866,4.176541541150607,4.832233309512971,12.406379223587704,1,HARD_BRAKE
76.5,7.228992081726786,-2.9109638679121823,6.601049365414966,3.766854954553409,-7.305198652066675,0.09006460388704053,29.2326989714725,4.043813942660966,4.716527315827666,12.419758341255918,1,HARD_BRAKE
76.60000000000001,7.211002942296329,-1.4241830401818878,8.192730523981362,2.9551258051378606,-1.2486205001151185,0.0647202291368928,28.869117539204744,4.003481591981078,5.235907159294468,12.391969732599609,1,HARD_BRAKE
76.7,7.454053709048109,-1.2724177631159097,-16.014984415551453,3.5171308545303854,5.42713738030913,0.07635902056230041,29.580933653887065,3.9684358080194975,5.30758907298712,12.429865110991033,1,HARD_BRAKE
76.80000000000001,7.4860722305084,-4.627179923292179,-12.728356160724559,4.040553281199687,-2.8440658510315164,0.07289927921932123,28.76485286541095,3.842449281772085,5.6749745253173725,12.391812112734115,1,HARD_BRAKE
76.9,7.04648889005221,-3.8180889952608217,15.074863145377222,2.948317684324082,-2.435170593345335,0.09513779241071249,29.426674730555177,4.1760762260049695,5.218050659045632,12.428941750002284,1,HARD_BRAKE
77.0,7.19879634835036,-1.6122072942167343,4.276534689272326,3.5535191625306197,0.44265808754558655,0.10730925848032152,29.580472919758034,4.109085948310866,4.84184739927498,12.447379830458013,1,HARD_BRAKE
77.10000000000001,7.268087228471068,-2.9627820574063564,4.363242711837499,3.0368493018331995,-4.139533727902802,0.06186838948237534,30.44273753814859,4.188548731074131,4.5328039379047285,12.444408907062616,1,HARD_BRAKE
77.2,7.149602780202175,-0.7395587518492344,12.310812724290114,2.7256124169500593,-1.5652978409420215,0.06549204905129231,29.489059655495065,4.124573149315742,5.808826278967763,12.428147701629715,1,HARD_BRAKE
77.30000000000001,7.641067383922553,-0.5006195125483335,-19.914035844553187,2.723789733644795,8.46383412401804,0.08866577944383333,28.59835254709053,3.7427169674309986,5.758982990182697,12.40126915171757,1,HARD_BRAKE
77.4,7.551771241463143,-4.722365920759872,-14.640781918234817,4.418379241753668,0.09091194652773416,0.10786088330374662,30.22311779651599,4.002123055658173,6.174101839565894,12.418316585411956,1,HARD_BRAKE
77.5,7.212264579196542,-3.428775896195297,20.940019154709443,2.741972122950342,-9.616849704350052,0.08389129748200203,28.964235115673915,4.0159695748295166,5.078741135177991,12.404301758642035,1,HARD_BRAKE
77.60000000000001,7.360038736127486,-0.534362089817983,5.617932995949939,2.495009300883657,-0.8851121897817738,0.045349411077315493,28.883545358374775,3.9243740955597155,5.497727769080898,12.41618969628827,1,HARD_BRAKE
77.7,7.622874261015487,-2.305189297005309,-19.757718719336207,2.5649496849939872,3.3142733167793548,0.004523436040982973,29.19426561980238,3.8298238459876215,5.011046377368893,12.436163584799285,1,HARD_BRAKE
77.80000000000001,7.415798938072341,-4.485905833685225,2.6460017293617155,3.157863964239528,6.205765680091877,0.04287324180679652,29.342300290244616,3.9567281334453006,5.863922345566977,12.400360177902861,1,HARD_BRAKE
77.9,7.289429263512884,-1.775988951132966,32.83626543892724,3.8061028210123626,6.41834650760702,0.0891626941962494,30.30806280206743,4.157810125653311,4.832932191157543,12.403447192805913,1,HARD_BRAKE
78.0,7.589868899142561,2.0813472541002236,8.410776871840367,4.441533265760932,2.7549336804787683,0.10399748483242537,29.008723966169487,3.822032284305549,5.973811320624438,12.385580547397035,0,NORMAL
78.10000000000001,7.710201604482724,-0.09383357676489223,-9.8295646045605,4.357089557108116,-5.569504831849163,0.07796972495325831,28.041550618963228,3.6369412964065457,4.411458219584735,12.41283303244105,0,NORMAL
78.2,7.582891564300082,0.11543433318812334,6.013490396378298,3.3276322993910994,-8.189489658255757,0.07944006112459809,29.062086112189117,3.8325862721039203,4.769666780152653,12.442911404212882,0,NORMAL
78.30000000000001,7.729560360891747,1.1088645025107675,-2.518948924776681,2.719191625456965,1.5053449051559475,0.0888927355112683,29.2386685479886,3.7827078362598336,5.288195440356916,12.412731132178049,0,NORMAL
78.4,7.785947909324058,-0.3883554517672129,-9.663004955554102,3.628701280422289,3.623331231603517,0.08616677828841952,29.938353989104947,3.8451777918077625,4.472770292961548,12.454575241641422,0,NORMAL
78.5,7.644911945987549,-0.8237364886000531,8.449092455680562,3.4438578717776682,0.26050462416599585,0.10111162563327587,29.668279661676983,3.880787623361503,5.307613552778258,12.414935990767137,0,NORMAL
78.60000000000001,7.638671628914463,1.3014630393688995,13.553047461636844,3.680802205255488,2.4311704734351602,0.09091196070172422,28.889186278505772,3.7819646768362567,5.541663261568384,12.449209360845375,0,NORMAL
78.7,7.90591417977098,1.8868730037273156,-7.045667525609943,3.9300919664647003,0.3107017956583191,0.0893260202799186,29.31172269050367,3.7075690456524506,5.784378553008584,12.400720440056533,0,NORMAL
78.80000000000001,8.009975358990129,-0.1076704657530892,-14.966312626833446,3.742942564387152,-0.46656774539275636,0.06855816990930118,30.59285203727178,3.819344088610133,4.732612833693623,12.458853645009754,0,NORMAL
78.9,7.900372868158449,-1.1063895216393735,-0.1373243148552744,3.836778417386149,-1.1032083585852193,0.1069745923746943,30.342392592143582,3.8406279169980864,5.157250533254676,12.43603225918081,0,NORMAL
79.0,7.7876710432229395,-0.13513532872414408,7.671302178891947,3.522300892670108,-3.077654060777384,0.09291260154266227,30.1777796602756,3.8750711853111968,4.7744675429389245,12.458915235555846,0,NORMAL
79.10000000000001,7.850315365091624,0.427870914139016,1.0850359639119522,3.221247605230672,2.098585429524884,0.06752186411080555,29.809997820462147,3.7972993993361976,5.126405402657895,12.433388295848918,0,NORMAL
79.2,7.861173842410093,0.08187186405824635,-1.4999240919698482,3.942017978575085,-3.36346854095136,0.09674180150273512,30.195840057014244,3.8411362809598866,4.684027863695552,12.40837618156209,0,NORMAL
79.30000000000001,7.853965617744313,0.12788609574504634,4.138014443610422,2.5485538970404003,-0.7302770916466095,0.07326282126750419,29.548698829366284,3.762264856699586,4.740285843877459,12.421424698092558,0,NORMAL
79.4,7.886823908205319,0.9094747527803307,0.9961083940086823,3.795962560245763,6.250156399912665,0.1147680280620708,30.005791988762056,3.804546968209159,5.224445239873285,12.412375877568847,0,NORMAL
79.5,8.0542600788685,0.3271077745467828,-7.7849978354804135,3.7985851770229333,-0.7082802312320657,0.12131771250127779,30.40479090011057,3.7749949222377204,4.914066104297471,12.442170979584777,0,NORMAL
79.60000000000001,7.949135880890587,-0.6475248143157522,3.718492714972852,3.65430651399935,-2.391927585354383,0.08780421304311356,29.385854649355643,3.6967357319929697,5.000538250615424,12.427334910410833,0,NORMAL
79.7,7.915776115241128,1.0708063175413531,6.029059025944151,3.3201996599520567,-1.8395945986327344,0.057097177713877414,28.51486658216279,3.602283107434018,5.448248447706041,12.366962044546602,0,NORMAL
79.80000000000001,8.138075776863367,0.5582869908730781,-9.911291315280925,3.286387594272803,-1.0591523498464706,0.10953353015758002,30.9755338928601,3.8062479070204605,5.100043148850546,12.435235623899885,0,NORMAL
79.9,7.997817129604994,-0.9114519455148319,0.9380541158633771,3.1083691899827626,1.3615189207924705,0.11283655270283932,29.093296727793685,3.637654657056479,4.942443075282603,12.39635328264511,0,NORMAL
80.0,7.9521818672998315,0.7458978140457535,1.7228142395382733,3.558691378431297,7.820291951242182,0.10768780552591475,30.556523983836847,3.8425333441490235,5.252365877268846,12.429154186267736,0,NORMAL
80.10000000000001,8.130455830127023,-0.5668890976071772,-3.723513262694061,4.672427580231199,-2.473869571153968,0.1307678859134427,28.569504299770657,3.513887154261105,5.49816217149723,12.431693149443669,0,NORMAL
80.2,7.846045800792117,0.0011951615069413501,13.44827674444868,3.0639174642005034,-5.7159262927331,0.06885608413661073,30.073280502777735,3.832921864889141,5.022489060978187,12.456416235648966,0,NORMAL
80.30000000000001,8.162455762668753,2.122766251282559,-2.6878123265092917,3.529242321684579,6.549579567775218,0.11660578247492459,30.58589153553667,3.747143313832365,5.959838735367181,12.388216443100198,0,NORMAL
80.4,8.25688736284226,-0.536367303794917,-18.075302785952395,4.373833377755547,0.5703658932259725,0.12699704470237125,28.801836107970484,3.488219572618229,5.012156559712361,12.440752865335943,0,NORMAL
80.5,8.060241052749245,-1.4922943059079203,6.165736969542702,3.6433155003297735,-5.986641780180674,0.10946746327007484,30.360155193594935,3.766655983972027,5.825556639397502,12.403043064724496,0,NORMAL
80.60000000000001,7.935242451003731,0.6967800901136234,8.55752934766904,3.176505021719412,0.6763254898215587,0.059875859582541435,31.618154875093733,3.984522851106376,5.270753671730945,12.379291207084998,0,NORMAL
80.7,8.211951322070885,0.21921156362588806,-2.809165902301705,3.778580598294085,0.3229048173118354,0.1174615265291292,29.57312364003271,3.6012297784267644,5.043341804913158,12.41363073666393,0,NORMAL
80.80000000000001,8.005798540136379,0.1349469096532824,6.590297719886703,3.2410859851817793,2.200195068634585,0.061074441378431515,28.954685491354905,3.616714228592325,4.672281907111783,12.426208028182483,0,NORMAL
80.9,8.250431234167197,1.5372711076032286,3.0663425096474297,4.218619612021002,-0.7677975878628174,0.11766713554071018,30.466532621951167,3.692720023625102,5.508970707616016,12.422030012917807,0,NORMAL
81.0,8.309100037375266,0.7482154115827684,-8.035657523329643,3.087526467609216,-0.5053014060917471,0.09380397570918753,30.165057053998286,3.6303639285015787,5.251273493505418,12.422598612270177,0,NORMAL
81.10000000000001,8.381330981495157,-0.06986039706270031,-6.432036476625386,4.117559330802653,1.0004451383291335,0.12165813279025939,29.467695055762817,3.5158729706324086,4.592879341029565,12.383854468198324,0,NORMAL
81.2,8.295771813980553,-0.5381918837423091,6.289711676134684,3.2876154952750425,-9.415949340110808,0.06432208600122379,29.519318756213515,3.558357126755309,5.237031185205727,12.47384089217573,0,NORMAL
81.30000000000001,8.286227503583756,1.1880819381642365,10.291698821516814,2.234369462780491,-0.13081638491936332,0.052661099901767275,31.06174305431919,3.7485988697371786,5.483921388542091,12.441612896110218,0,NORMAL
81.4,8.518834461096116,1.5201478805610538,-4.217190459644469,3.26145221829117,6.202077161174377,0.08554730039074827,30.72737626161171,3.606992999093684,6.267889863973221,12.38665082002041,0,NORMAL
81.5,8.583425793131527,0.3446438462353428,-13.607981566471322,3.4747848950153664,-6.484710580515905,0.08143260384260177,29.051369661520546,3.3845891327874593,5.114355182611419,12.471176153087939,0,NORMAL
81.60000000000001,8.602418265776079,-1.201448432733211,-5.2608954610678005,1.9645101021879887,1.6899266194901252,0.02442946098470038,30.0862642605895,3.4974193687238975,5.464347300202468,12.435673699734494,0,NORMAL
81.7,8.341753460561707,-0.7075352459782174,11.860953543114372,3.8127702189133914,2.9478637544614847,0.08739686194063002,29.86869327434558,3.580625274477282,5.327893110297163,12.414742655449661,0,NORMAL
81.80000000000001,8.441845754702504,1.1707422758896635,5.193314569818741,2.5540828530802857,-3.5460591810859765,0.07208471002802293,29.92479697420487,3.544816837897726,5.641447009704027,12.350779752836909,0,NORMAL
81.9,8.539827764237955,0.3311276679855308,-10.750578568260355,3.103558382696196,1.901018131294061,0.08430854211037371,30.815060262333013,3.6083936483328793,5.34084011983203,12.409445718259192,0,NORMAL
82.0,8.552171419930186,-0.9793734377624077,-6.985739194882338,2.934286479339098,1.791697128847758,0.05324437145311775,31.141996430437562,3.6414139639277465,5.525740879988061,12.384120491019255,0,NORMAL
82.10000000000001,8.368972018202578,-1.066020170990937,13.283565391245606,3.4618978084657477,5.229738751074337,0.09294242631853342,30.56906912981102,3.652667145179009,5.8960113244269525,12.395016416152423,0,NORMAL
82.2,8.34701591637923,1.6773396404867136,7.320300723726727,3.9802342295539654,-6.4591923750115905,0.09083185642212337,30.140752461524773,3.6109614218393915,5.795182542441008,12.397879723185374,0,NORMAL
82.30000000000001,8.712759539367422,0.3980399737544084,-16.180565375213913,2.1700593334634295,-3.239659688398291,0.06415884416840202,29.77364440741228,3.417246197703966,4.974816048927772,12.402840822143023,0,NORMAL
82.4,8.470617112222673,-1.5587734345560693,1.1679889180547427,3.3323022918743073,7.121690601505888,0.11265687817503435,30.08010031954671,3.551110848363414,5.6872167618669565,12.386101629905827,0,NORMAL
82.5,8.406286598756521,0.631637757365357,14.406256475151675,3.594397453764607,-5.2770442533337425,0.1219807109466467,28.96553335904118,3.445699003805775,5.1334130864385195,12.427568027257998,0,NORMAL
82.60000000000001,8.591167281580637,1.322477860474266,-0.8297408102127324,2.2768934412075588,-1.135185035774946,0.027400590379021678,30.84162658130774,3.5899227160239136,5.83889091788351,12.33790508136364,0,NORMAL
82.7,8.66415852361145,0.4656895953228105,-14.007857703669936,3.367360446609618,4.9655973407915495,0.10969960769383619,29.930026756138194,3.4544643515666618,5.407450907905144,12.396714875334922,0,NORMAL
82.80000000000001,8.689040027376361,-1.4790936802597214,-2.3660441947542545,3.2700129093658687,-1.6417536917322328,0.06454581173757774,31.058682590030514,3.574466510934997,5.9460658798275325,12.368665687752676,0,NORMAL
82.9,8.349351438249954,-0.007519243628040406,18.778444459888178,3.0390097082631713,-1.1296734110679263,0.07390571750902622,29.097583693273446,3.485011250092064,4.726688606674446,12.429330599388916,0,NORMAL
83.0,8.738479903491926,2.2765952117179147,-0.1642572407925035,3.0440782271522835,4.890130565810004,0.09605872678640898,30.15171274392867,3.4504528335505973,6.289424318309291,12.406634365452966,0,NORMAL
83.10000000000001,8.793398656040731,-0.04037069178654111,-15.453780285417997,4.017035821425172,0.8232102097145955,0.09488247870135937,30.496818245443336,3.468149169433275,5.096423375423723,12.389205533240954,0,NORMAL
83.2,8.708795680390416,-0.8141608453656847,0.9021794253573429,3.2087202690952026,0.0006875120973459659,0.07460845722186801,30.73544647053614,3.5292418835526367,5.548744900257764,12.405127480715855,0,NORMAL
83.30000000000001,8.626217236646474,0.14006519328492748,11.314526133137312,4.017173323844641,-2.8234306865378933,0.10342787854751631,31.216730135910243,3.6188203101694727,5.075364556165261,12.453286662769763,0,NORMAL
83.4,8.737553257820483,1.448744381261778,0.18112628968407637,2.644034131787624,-8.17283724263001,0.11029663849576235,30.376014593899672,3.4764897789563505,6.018692081853993,12.400777961074827,0,NORMAL
83.5,8.900499717183363,0.17629045122174275,-3.560591294401657,2.382605875318639,-2.4614600484678784,0.08063065877240358,29.978025794426788,3.3681283913251536,5.129721922717456,12.437064722270312,0,NORMAL
83.60000000000001,8.759521168222408,0.7366261223814465,5.042702921526236,2.1517421220940482,1.1004043649151551,0.08466436062033497,28.843773903465355,3.2928482447310183,5.35733770046088,12.406438503381839,0,NORMAL
83.7,9.022923695756445,1.18483103552699,2.2373224184813076,2.6026867483016702,5.92330112403647,0.06285150781467537,30.281062629761806,3.3560144860809626,5.723812777186998,12.427372788533882,0,NORMAL
83.80000000000001,9.000088246804431,1.184090606077708,-6.388815242040578,3.3364023469013424,-0.5398322200334094,0.11130381922435467,29.388943843964977,3.265406186922646,6.152960893570024,12.387103403274137,0,NORMAL
83.9,9.23389762534187,-0.09293201288112574,-16.778712776214057,2.4947203042949884,-0.22369399067156737,0.07411418874149872,28.71742285963977,3.1100001348105213,5.425262496228082,12.439409374032627,0,NORMAL
84.0,8.990759275661807,-2.1716519491651036,-5.065242609753307,3.291663548767029,3.482290094602194,0.09527884891403424,30.315798986435155,3.371884182073557,6.274283574995431,12.41577664602221,0,NORMAL
84.10000000000001,8.794633742452048,-1.1059805348317873,15.469712045073152,3.191178323215427,1.0816158654976582,0.08164634967378064,29.9329157678033,3.4035431883099263,5.8866758257043825,12.399563178218223,0,NORMAL
84.2,8.751770248699145,0.9222904598495265,6.455131759076007,3.5079867218665606,1.0266531900292852,0.12717426557209752,30.238898370773914,3.4551750687546434,5.832206915530715,12.356516384394284,0,NORMAL
84.30000000000001,8.971586153316242,0.18504581698341419,-1.108876925570711,3.396508961221284,-3.003236320014264,0.06965540930210268,30.009277224340078,3.3449243769729056,5.214185974161167,12.419140577613197,0,NORMAL
84.4,8.767925299039977,0.7005150747353843,5.834920003097866,2.9073394578637077,-3.3648723021142923,0.03159161183167484,30.836245876859138,3.516937567914211,5.4731204636311945,12.433582604445746,0,NORMAL
84.5,9.081220100183753,1.3520298176029875,-1.4131658648664582,2.7235345007984257,-0.18808692271427896,0.08137545104030133,30.608264959314134,3.3705013887610535,6.018475428974178,12.367558278050865,0,NORMAL
84.60000000000001,9.049124263023383,0.41788190176209267,-14.465283590623498,2.869722073320852,-1.5238167360872978,0.08139700986703957,30.145795488696177,3.331349488908911,5.603048474928015,12.373527701044361,0,NORMAL
84.7,9.16714114679104,-1.5410269005217125,-2.432379571925992,2.418771153580966,-1.1883147642854053,0.034875158262526976,30.423916416656194,3.318800913991173,6.568080145508987,12.358921739201383,0,NORMAL
84.80000000000001,8.731543264412458,-0.06859401262310574,20.003877297816807,2.632059120463771,3.329721977767066,0.024757814274331047,30.252155742910357,3.4646974568871944,4.752648775447856,12.438957829430619,0,NORMAL
84.9,9.18402715281968,2.459748559041649,-2.1010082264977386,3.0847155491343794,3.356942882052545,0.08601273385124625,29.825601553546594,3.2475515432671096,6.459936998845011,12.374644238054325,0,NORMAL
85.0,9.20112465101674,-0.48879565792265345,-14.555827089799713,3.30344769687428,1.9265237418470793,0.07887736960255809,30.47220881003263,3.3117917608762535,5.186175203501572,12.430414766706608,0,NORMAL
85.10000000000001,9.092071766510452,-0.45141685891829386,1.565936335717019,3.4700202975037953,-4.139322733270663,0.09496926697482952,30.08285743601307,3.308691155168797,5.445295520998321,12.35957341997434,0,NORMAL
85.2,9.122445499275837,-0.17560839077924964,-7.650622876925197,2.4755831502201473,-4.796297426536588,0.05484780235280806,30.522464141749474,3.345864236094633,5.234626057010788,12.454702558918955,0,NORMAL
85.30000000000001,9.091016166672295,-1.9815414343033333,7.142580324091101,2.5107608121964775,-2.19711952203264,0.06753984255059897,30.240821005682612,3.326451130572795,6.444131466933362,12.35180328035258,0,NORMAL
85.4,8.732720941086024,1.2529076740389706,19.736875167472736,2.0361592458136193,-0.14337211554674267,0.03947554884778619,31.50272270937238,3.607434947469491,5.758666047703176,12.373053185505805,0,NORMAL
85.5,9.339261573686573,1.9658335991912141,-11.981494589672003,2.482086389087129,1.468367216772577,0.05506269931916079,31.07997176684848,3.327883208070378,6.030492748696503,12.389147827989472,0,NORMAL
85.60000000000001,9.11511206139993,-1.1433912438954301,-5.630965428099259,2.3298326891681347,0.7100773699982499,0.07269856072180259,30.414900144410737,3.3367554824926104,5.941708572944206,12.378656676608845,0,NORMAL
85.7,9.105235857160771,0.8396405135713623,5.467310839889095,2.624101863086779,2.7211485848624406,0.08492715871936804,30.216630047111636,3.3185993774502727,5.756813337140102,12.420765441535272,0,NORMAL
85.80000000000001,9.297115460179258,-0.04992907591761114,-0.016347584083071243,2.874062406140623,-0.612276577494042,0.09174718662831584,31.38323905650723,3.3755888254723394,5.401225417630509,12.426839604882367,0,NORMAL
85.9,9.09987891850683,0.836370996754748,4.908919135918024,2.5016465475879706,-0.1748150021442929,0.07350815623097733,29.75186030083348,3.269478700461145,5.632046607972246,12.365207288114226,0,NORMAL
86.0,9.470849715185446,0.9318547512659938,-15.655192976220885,2.8390994057117642,0.007931917887620266,0.07380898668972644,31.59272497932475,3.3357856928792096,6.0304931961629,12.412758377790173,0,NORMAL
86.10000000000001,9.305411640272593,-2.294667598489429,-14.042074419131465,2.5032329311654946,-1.4941737177557268,0.05365684891360409,29.55708357124431,3.176332731302842,6.650577458409034,12.352467883582628,0,NORMAL
86.2,9.033965492426598,-1.8765601325602992,9.6406455738957,2.540264662160619,1.0308275956656,0.043264886441241796,30.610293021802406,3.388356203869031,5.73652820489445,12.383313456154333,0,NORMAL
86.30000000000001,8.951975769148275,-0.36653848371028924,17.106071491268725,2.7093984502986146,2.967589125923087,0.046417351252700356,31.196767661167296,3.4849030499705513,5.478672084272936,12.360618829731001,0,NORMAL
86.4,8.983792206977254,1.5446541656934458,7.787901014722418,3.1337824873452362,-2.4793660683289342,0.08859455366482893,32.83080439957412,3.6544483268520063,5.963270062975971,12.437152263745359,0,NORMAL
86.5,9.236350499163006,1.1910417192341944,-20.295623904849425,2.2135252366328277,-7.237962066501413,0.08619478667242678,31.90185948302168,3.4539463921288625,6.308295278039717,12.381723191224754,0,NORMAL
86.60000000000001,9.234099435621676,-2.5144706152764393,-15.918976105468392,1.6861900740449536,0.7006937565936133,0.03898864737417333,31.21672595351966,3.3805923545827645,6.5321758157461005,12.370697560628225,0,NORMAL
86.7,8.720240027425223,-1.9927535018594842,25.496852453831263,2.3536639879515504,2.202618146385269,0.048601937960509635,32.12684265418662,3.6841695358324364,6.091273420214483,12.393378729680098,0,NORMAL
86.80000000000001,8.84209955114799,2.584899875489814,21.37143384844901,2.1267137033220074,-2.538697417408351,0.05709950655464871,31.429856449827795,3.5545693947482397,6.575257126855546,12.344778914506989,0,NORMAL
86.9,9.19725727148537,2.281533267830318,-17.918110245757443,1.8459245044698802,-2.1632074319145853,0.03458786273954403,30.77626929010735,3.346244253221476,6.672541962148429,12.373441540835216,0,NORMAL
87.0,9.27956185593938,-0.9987221736616754,-17.743675755769267,1.6940722169390903,5.6428112905300765,0.07564458060617987,31.140493712636783,3.3558150908499327,5.59697127751914,12.39121171580898,0,NORMAL
87.10000000000001,9.00660404343079,-1.267201883323536,5.992975821447889,2.9744867625758955,-1.558142416914302,0.08038008754976192,31.54889501109734,3.50286243949054,5.807780429544754,12.422147731717239,0,NORMAL
87.2,9.00323549913216,0.19987299062790234,5.477165618748034,1.3824437335562298,-5.37667638129023,0.04424682017066155,31.375290489937314,3.4848905699469532,5.256243839607078,12.443305940664123,0,NORMAL
87.30000000000001,9.000631781580333,-0.1717687595739289,3.617451987364085,1.8991514863178494,9.548724745815896,0.06345874682140344,31.96036591689893,3.5509025024560352,5.3229748361649225,12.399878068567414,0,NORMAL
87.4,8.957346988072922,0.9233633881007194,6.355474864289847,3.2921886827194093,6.594204854850918,0.05507224442632125,32.151416981720935,3.5893905890362263,5.9937247401219,12.419953591636354,0,NORMAL
87.5,9.19220023220956,1.0993262132840407,-5.0725937374760175,3.217992457288033,-1.9482271350405855,0.07131082336879269,31.178636390028974,3.3918578362532537,5.984679281966923,12.401841300773926,0,NORMAL
87.60000000000001,9.186125345700114,-0.09115535939448413,-5.698311353951085,2.9025432557112922,-11.871030722952044,0.08706385610638405,31.81400355817288,3.463266868339058,5.28100783129009,12.35949404774422,0,NORMAL
87.7,9.14709981441386,-0.04033605750617631,-2.2623231041317995,0.8437863126976237,-3.7929990295333726,0.0019037539046601777,32.26344610679605,3.527177658644963,5.271226691767271,12.420049954334367,0,NORMAL
87.80000000000001,9.178813860991161,-0.5436199802208441,-5.174292279621018,2.1439434498046177,10.53234149288301,0.024185366778335188,30.50824992136701,3.3237682323010547,5.926683935225049,12.445298932064768,0,NORMAL
87.9,9.005895397931274,-1.0751945134303802,9.714283063575754,2.950254611274226,3.9400454125004902,0.07077796019465209,31.018222043366944,3.4442130041275045,5.582993612058305,12.389203416783092,0,NORMAL
88.0,8.914044629659777,1.3992366324943069,17.17630349691833,2.9319525323047158,-7.083164240924927,0.07936481691053332,31.275709078093673,3.508587894436801,5.792856945853497,12.430287278701488,0,NORMAL
88.10000000000001,9.283305018574993,2.360066185953286,-10.376471429674815,1.5336217630892406,4.052845816052182,0.04678628241015109,32.94783807339262,3.549149576305765,6.463799212760016,12.342393363663113,0,NORMAL
88.2,9.337937105548534,-0.6760576534406565,-21.80482388293348,3.742521695515152,-2.2510551122631437,0.09800209126072013,31.28009783831161,3.3497867339163387,5.976467895858016,12.402773270177615,0,NORMAL
88.30000000000001,9.127098135366127,-2.00089859063341,1.2810755551831787,1.0834107406366118,-9.762418508472093,0.03845429412240178,32.061972674507956,3.51283312603736,6.655259705828416,12.36319922027812,0,NORMAL
88.4,8.967272427802664,-0.41984254240402075,13.078659083983148,1.7900379938207334,1.5868434937320264,0.06469845780098306,31.077156943331893,3.4656198073093476,5.304202202563594,12.433199872926467,0,NORMAL
88.5,9.051246143996583,0.6148332261632194,6.818236529094271,1.400779439383017,-2.0315639818009856,0.01690403125707722,33.20710901317444,3.668788638037394,5.369772352418549,12.423259411637556,0,NORMAL
88.60000000000001,9.109736542667546,0.9438047634148335,-3.0291287735934183,1.3837251974605362,2.676082425263371,0.032205593322242876,32.46779405157221,3.5640760739349413,5.649046419545191,12.404172100186623,0,NORMAL
88.7,9.210419032025712,0.009007471444535743,-15.97452094705176,1.9359959244356912,-4.831094692295161,0.05283650822670748,31.87404515186179,3.4606509259819753,5.369336356675889,12.435564633926095,0,NORMAL
88.80000000000001,9.108569758237621,-2.2510994259955184,0.30543740927511287,0.41750625900150395,-0.1281266385131552,0.05195126825016206,31.183154054784733,3.423496210981232,6.697564822188476,12.34270201669968,0,NORMAL
88.9,8.822067390969483,0.07009495329955832,17.868359439571478,1.9103705967330602,6.985105335754851,0.08706652187403914,31.935943994206426,3.620006805535963,4.969589389190682,12.44857841276734,0,NORMAL
89.0,9.12599716495787,1.3225724619187773,-7.4369778746431,1.8145273261524744,-5.160729366597826,0.0368738063506887,30.813485495584374,3.376451355245038,6.093274613667384,12.376897454434923,0,NORMAL
89.10000000000001,9.101171081349687,-1.4173006216290618,-10.235099205057386,0.878224723413495,-2.1434809183541614,0.041169279755522634,33.11992202616208,3.63908355640431,5.847914222625246,12.395475311417645,0,NORMAL
89.2,8.822353631253408,-0.7244473790927002,9.8517557644661,1.385831142481642,-2.5297964015405983,0.01677196290174066,32.51739272188296,3.6857956596399952,5.281614870924918,12.418098337333863,0,NORMAL
89.30000000000001,8.975627855375366,0.5530505312641583,1.5123425530513706,0.37226544310537535,2.5200502157402003,0.000563157589272072,33.666218268709834,3.75084827615125,5.4796681155822755,12.387819444331218,0,NORMAL
89.4,8.920791024210176,-0.42197886848242605,-6.237740630715329,1.8898411856296822,7.921856386485722,0.06795321782245169,32.783671755693994,3.6749736280921987,5.534509381358008,12.388003988089736,0,NORMAL
89.5,8.863371863222977,-0.6944975948789077,1.891024425644911,1.9566367204025197,-0.8959361717171022,0.03807036444048292,32.23880846890458,3.637307445338486,5.6763613693857735,12.372853030839472,0,NORMAL
89.60000000000001,8.82323363569534,-0.04377398335344383,8.296952649214218,1.7106539512862617,-1.2223581661606897,0.07454404622596336,33.247687785887095,3.7681975972369135,5.268438862199906,12.412342743498881,0,NORMAL
89.7,8.87893066570716,0.9648929349639359,-1.3360764505992102,1.7121650871703817,-0.9394513410885341,0.036599691550184534,31.78836581602614,3.5802020550516787,5.885677087407943,12.417114335896397,0,NORMAL
89.80000000000001,9.046597843238473,-0.3109892734732859,-7.532601227587961,1.522763683068555,-1.7214584737685235,0.048736101661386894,31.35817777590881,3.4662951000243987,4.920905815866966,12.425748659897268,0,NORMAL
89.9,8.797513899996773,-0.5416273105536561,6.857922153586748,1.367873392416677,-2.6201166408029963,0.0402963570129869,32.13959922349611,3.653259271748113,5.493451582746501,12.412156486454704,0,NORMAL
90.0,8.891012355719512,1.0605951572440637,-4.00243979395843,0.9987403549079557,-3.685991281375094,0.04319619810528123,32.48997834426734,3.6542495999757345,5.693581603136207,12.404741662739827,0,NORMAL
90.10000000000001,8.965539417445003,-1.3421152693453422,-7.909308492704781,0.6306751361416583,7.100470176100264,0.0029667909217626354,32.607353594764156,3.6369650588248255,5.898982611947072,12.398024445324461,0,NORMAL
90.2,8.616684260187196,-0.5212665412968926,7.157466066754228,2.4188343901280085,-3.712819122697005,0.052740570201920606,32.114932146531736,3.7270638190744205,5.6168176310709415,12.431727565202724,0,NORMAL
90.30000000000001,8.857753138688665,0.08937794400550353,1.810988642114813,-0.1118886883977428,-3.918204365545653,0.00047829993849445637,33.16375330673447,3.7440367537319017,4.903735184516744,12.400400168471373,0,NORMAL
90.4,8.624938180034608,-0.15906881287393004,4.134784716645972,1.6351935170188778,11.031767096880545,0.048878744399760796,32.85602322455565,3.8094213011998437,4.965953143894749,12.432010250454875,0,NORMAL
90.5,8.833339968058441,0.9163348873346979,4.443182461257187,2.094464730978366,0.14917674159943384,0.06408756178388691,32.500892757238695,3.679343586317595,5.381306458076595,12.337120581887437,0,NORMAL
90.60000000000001,8.809511157307726,0.7295676793775074,-11.374265788070028,1.6650288653387646,1.392897332089169,0.06980306849714948,31.719528913926602,3.600600345186509,5.721616162148169,12.427020591929661,0,NORMAL
90.7,8.966927354222804,-1.358518270279308,-9.710350878969138,2.3730441973962,-2.7707736504910128,0.09494591120484719,31.504273690012887,3.51338562759478,5.722515061848982,12.426626654829914,0,NORMAL
90.80000000000001,8.52568835158079,-1.21250249641632,14.129897019743876,1.110874135240562,-7.840484551025111,0.0189557874276172,32.919588945477955,3.861223585468518,6.01788612094454,12.392829939622533,0,NORMAL
90.9,8.709890022200659,1.4674611336694674,11.842729122744313,0.8049472871911777,-0.44060704962268216,-0.04391720963534128,33.03742674379386,3.793093444301212,5.951280291284998,12.389536265981521,0,NORMAL
91.0,8.782967442685882,1.1560433281325426,-9.825801217699192,1.0227527253160256,-1.9630331012427853,0.04309916145596232,33.19279068614496,3.7792227857780163,5.820376489411291,12.391183460504422,0,NORMAL
91.10000000000001,8.957595299766242,-0.49769910987037125,-9.44548134469284,0.4123406669426206,6.153945446193498,0.018680852757277787,33.08028248320835,3.6929869430550872,5.3935427751797285,12.381818820144083,0,NORMAL
91.2,8.70336312209155,-0.7330529408060256,10.445680956381707,2.2535418145547252,2.788700956395702,0.055948900028949235,32.31341074189505,3.7127499207604755,5.512268016552613,12.421345394327755,0,NORMAL
91.30000000000001,8.84892960538483,1.5914370814059704,3.6079427834095954,0.970080858221761,-3.949255139424077,0.006207536976883012,33.86165756678131,3.826638822640821,5.844465058722058,12.433184386142594,0,NORMAL
91.4,8.966487075826135,-0.011464384124106441,-14.418830265830506,1.4636907866699098,0.1340492801098353,0.030738531599644382,33.3898207227576,3.723846411687511,5.247964034091749,12.434542823635637,0,NORMAL
91.5,8.859035094196567,-1.2923289717601307,-3.7735408707714444,0.9968907142437281,-3.980805511204597,0.00911167446165273,33.072810792779606,3.733229459091448,5.764445322277464,12.409238211171596,0,NORMAL
91.60000000000001,8.677367310758525,-0.7661725582783954,4.154072444650493,0.6675296844289904,-3.2368275621988674,0.038562500087269226,32.087928504794974,3.697887545340066,5.365185585009032,12.397045083006297,0,NORMAL
91.7,8.723207874100252,-0.4615144828300321,1.7980990947908695,0.34952520180395463,5.1258764386444895,0.05008313104527029,33.78107361416873,3.8725517151169635,5.094391338609125,12.440704393394451,0,NORMAL
91.80000000000001,8.575069608037698,-0.40655273932022146,7.062470494843929,1.6927049721578884,-5.047498204748699,0.051598085100699194,33.3688946673134,3.8913846992023977,5.749970603395969,12.43053354241036,0,NORMAL
91.9,8.632818160759431,0.9509796161387537,1.800724299233305,-0.6599744391457851,0.05391901725216419,-0.021054340604627297,34.33013023958251,3.9767002617558296,5.434457187118395,12.390651852538312,0,NORMAL
92.0,8.73061212666453,-0.04640787947356044,-3.959291293760583,1.7034887756083212,6.76175331372114,0.049921515196969024,32.45087354837462,3.716907025254854,5.16674369302924,12.410727307215424,0,NORMAL
92.10000000000001,8.627228389258729,0.15912135738663707,-4.608882791483211,0.692376223598443,-6.595715767967951,0.006488969134602399,33.115067332669895,3.8384363828711874,5.228837310032777,12.418683395189795,0,NORMAL
92.2,8.745056869947788,-0.9681844377702026,-0.9552489584600451,0.38434562201473105,-4.16921393103815,0.01813624390209015,33.13781816557848,3.789319916198135,5.341256982538917,12.421377209299195,0,NORMAL
92.30000000000001,8.453737944977208,-0.03192843430537194,6.749847637651445,-0.1414665626091871,7.014760950590972,0.00626420699932554,34.657019494382304,4.099608920924003,5.185238343724399,12.383817124645418,0,NORMAL
92.4,8.739883816238542,0.3817850897600867,-1.3229237362791386,1.7872978121329255,3.7456982842923345,0.06353556274851221,33.58337714923652,3.8425427448862908,5.382454126564217,12.419733582885996,0,NORMAL
92.5,8.518885024586343,-0.2965131815611997,1.3869442892816637,0.6076730942492798,-2.544159997492421,0.054188061298381676,33.67603622326662,3.953103736706653,5.405601668253738,12.381505882767152,0,NORMAL
92.60000000000001,8.659285360700938,0.6591739476164195,-1.0720621298146262,1.2784658126344413,-4.435563801109501,0.03017821745917633,34.17858942758436,3.9470450509345185,5.128382263708663,12.437141368360278,0,NORMAL
92.7,8.682353012695527,-0.510925607524125,-6.638438592389013,-0.27943966597262027,-2.694176892216721,-0.023213665557636043,32.11046714116101,3.698360006119122,5.121377993992298,12.451881257703722,0,NORMAL
92.80000000000001,8.532246344206815,-0.6685137708613831,0.599484386477927,0.739630434191097,6.374572872363422,0.03732138253989213,33.743679756006166,3.9548412451683714,5.2756406631049435,12.417278710176204,0,NORMAL
92.9,8.529006577111717,-0.39102873022853957,2.9578374071355578,0.995474908500064,3.234287655049725,-0.0033448221070158032,33.53243258181596,3.9315754160400074,5.062521070865059,12.435848821385678,0,NORMAL
93.0,8.418751717140195,-0.07694628943427154,6.715617248955541,1.386487965201042,-1.5293248907800243,0.04029559007814293,34.8416819456981,4.1385805302657905,5.104713075447264,12.409418604603907,0,NORMAL
93.10000000000001,8.5390832825484,0.9520947195625685,0.3127726089627486,0.6896099303440592,-1.6694391757276372,-0.004649327185883685,32.398997600800676,3.7942009146362996,5.724934651218442,12.38816359262067,0,NORMAL
93.2,8.61772642812028,-0.014391767641721814,-12.918477977219418,1.0526001300555146,-7.474236863917385,0.011873896388758076,34.60676709415911,4.015765339363137,4.643617940581937,12.451904465691124,0,NORMAL
93.30000000000001,8.499170027367457,-1.631600875881315,1.8068068721544333,-0.8052374424394177,-4.515121301699649,-0.022764142639415726,35.09185354885482,4.12885651609022,5.977916635617588,12.410386298144553,0,NORMAL
93.4,8.304030658045551,0.3469696067891649,4.340497795005145,0.14957586971558473,6.442708520426965,0.034307592899800975,34.883944162067245,4.200844818445983,5.030007807641268,12.429139856535755,0,NORMAL
93.5,8.592025848420308,-0.7635013168802858,-8.233139133440313,0.4833042616459754,4.654969506125576,0.02921685628360663,34.149051605228586,3.9745052223634874,5.13535310524508,12.427978972159572,0,NORMAL
93.60000000000001,8.175242437183961,-1.2996582198988977,13.059301204779018,1.0805697709406998,-0.2145704163059614,0.034879963039995396,34.75244749996281,4.250937848876029,5.2969689044478026,12.471217767316519,0,NORMAL
93.7,8.344192880801458,1.848358924075518,11.923342257915303,0.4403901783847831,-5.675929700100417,-0.024695937890153237,35.23842265143272,4.22310739394702,5.998815952572116,12.39294542125851,0,NORMAL
93.80000000000001,8.526786404948924,1.085010231684163,-10.684551302033523,-0.054616169079383575,-1.8007498514624092,-0.030183053044293293,33.61933231538461,3.9427904862108476,5.909777903621186,12.417433413859936,0,NORMAL
93.9,8.551983418821045,-0.28855133633118624,-11.430932983220433,0.08024020809230123,2.1092067679215276,0.03991310962987908,32.44591862220697,3.793964164009088,5.538920344254679,12.403018777748592,0,NORMAL
94.0,8.474530889651176,-1.201176364959924,-2.1241228279174607,0.3672251845049219,0.6030660862625428,0.0009536900084833062,35.55647874193922,4.195686959541283,5.7286628405852245,12.394226722219504,0,NORMAL
94.10000000000001,8.346249443733228,-0.7133759019146784,11.06941151751752,0.2008534253448098,-1.709310325301522,-0.01670976446061632,33.20229449280746,3.978109534904611,5.184914464135414,12.459956354365934,0,NORMAL
94.2,8.321859847108893,1.01270593854358,2.6841773831543168,0.025363119444617492,0.23915429562020724,0.007260773967721753,34.605746628640006,4.158414977471944,5.571246343058909,12.409866453224337,0,NORMAL
94.30000000000001,8.559132783159445,-0.17654042528381503,-4.373845583577392,0.24868428446885124,-1.5029965206335587,-0.0009228691001732844,33.427166872589595,3.9054385204023645,5.045818073668677,12.402122354536143,0,NORMAL
94.4,8.303659315638104,0.1379368218281014,6.6322104843446805,-0.27523618468209426,-4.16702948465203,-0.04786258427903264,35.140326327772335,4.231908486610633,4.825226669026197,12.45715562701492,0,NORMAL
94.5,8.603563821358959,1.1499016715851211,-13.017999554683723,-0.5847216124615549,0.9474575821579196,-0.032745193778884275,33.45195675941144,3.888151172466993,5.939709002370486,12.406628776839566,0,NORMAL
94.60000000000001,8.521818394889316,-2.4656630891086433,-9.289199506793825,-0.08574466825051033,-3.5230740637948155,-0.021927520571557786,34.50638294917413,4.04918074408488,6.306673684810326,12.34182994585595,0,NORMAL
94.7,8.108706555255763,-0.7079382297736438,25.23569771835991,-1.289336425220518,-2.526742758887662,-0.06467175289092084,33.86993815907642,4.176984076100667,5.181129525733376,12.402628330425792,0,NORMAL
94.80000000000001,8.381408158648638,2.581476454563338,1.863148357181248,-0.5910932200280428,1.8200388663872324,-0.019960840342665518,34.84367206729189,4.157257516606834,6.654686254905277,12.372973600882348,0,NORMAL
94.9,8.617092405916988,-0.33530855833739426,-23.386379457161528,-0.9253286519430715,2.0190329532193916,-0.03875197070507734,34.44803533030982,3.9976402372865154,5.149897575360417,12.379784903125936,0,NORMAL
95.0,8.349263951137813,-2.0957994368689676,0.7029264716060746,-0.1872866293841644,2.7048183051843755,-0.013880604345706128,34.38392739979846,4.118198634157771,6.191689925836311,12.378669650408858,0,NORMAL
95.10000000000001,8.220634301979699,-0.19472326401617934,7.265037567332554,-0.3843649909061963,-2.100754659635835,0.0004591163300048315,34.90182126035699,4.245636039539177,4.953935406899511,12.423374711901655,0,NORMAL
95.2,8.298102074048085,-0.6427919234024568,-5.979684362510126,-0.6074375613113314,1.3512685596317622,-0.01600794777170816,33.85831997896063,4.080248673350368,5.451172240466579,12.37862108385237,0,NORMAL
95.30000000000001,8.086767071123605,-1.3906601365182045,15.142521251941194,-0.11411127897984386,0.3506624787647006,-0.02582217140034188,35.28866237522799,4.363754027395877,5.812733212287251,12.4124635852396,0,NORMAL
95.4,8.005582031119296,2.3857123269857823,19.15645733304386,-0.5373050655583913,-2.097785374761159,-0.049926347002594476,37.05918396777071,4.629167976009022,6.3428900567687805,12.379631890895459,0,NORMAL
95.5,8.594090117443779,2.4406313300905675,-17.219093561967618,-0.5336683539320757,-3.5784791637527333,-0.055280823730430494,36.43106738585456,4.239083706128345,6.399863663667925,12.34763505265214,0,NORMAL
95.60000000000001,8.49515531530184,-1.058106385407742,-19.574669054094976,-1.253000898308938,0.3381509513487771,-0.024093518896390685,33.631274390260515,3.958876929499148,5.482566619519656,12.398591934285935,0,NORMAL
95.7,8.386354308298989,-1.4743024807284282,4.845614703340559,-0.46603816366232026,0.04826994240313076,-0.0023855185947030105,33.939117783418844,4.046945375278658,5.937289703078962,12.39694755714977,0,NORMAL
95.80000000000001,8.216639467574808,-0.08898344473963009,10.716217631387051,-1.2433469098283119,-4.960278163831312,-0.047966948409104274,34.40109570444303,4.186759786674287,5.141473277373578,12.444173965820085,0,NORMAL
95.9,8.369955086972684,0.6689410455489823,-4.450613812278031,-1.4580937964285827,2.083127675709576,-0.03015425679694754,35.041323683936696,4.186560539431848,5.581072209539907,12.40261361495045,0,NORMAL
96.0,8.329243145382044,-0.9791062071952363,0.00029097812589473637,-0.8267213746863966,3.857731691206152,-0.007760286541891724,35.566819704367866,4.270114232898467,5.183997574021347,12.43743532145712,0,NORMAL
96.10000000000001,8.16372162378856,0.6689992411741612,6.326137344586403,-0.6865474581873523,-3.8951667265949097,-0.016944792116552445,35.161511096722926,4.3070443502464055,5.123793288676841,12.433503650437645,0,NORMAL
96.2,8.442872149677154,0.28612126172204433,-5.8417979547015975,-1.6057547200053786,4.341257521860657,-0.03009032300888485,34.77891336401203,4.119322518148274,5.317440235386799,12.373427984221436,0,NORMAL
96.30000000000001,8.203826364343785,-0.49936034976615823,-5.956505311773375,0.1817040461847791,5.0557313321978725,0.003563966683131068,35.83754128028306,4.368393440900144,4.882300539445892,12.47121823418981,0,NORMAL
96.4,8.324358924232753,-0.9051798006326308,-0.022633882053323118,-0.5946084535658039,-1.0273015826595566,-0.04238502498940669,34.275161966165925,4.117453641551746,5.354642741278186,12.39853593170535,0,NORMAL
96.5,8.020569442718115,-0.5038871261768229,10.7480500201646,-0.023756270347132236,-3.67276326587104,0.042263546635205505,35.432178471609404,4.417663698900871,5.145108745862172,12.462203472453762,0,NORMAL
96.60000000000001,8.221870412509894,1.2444302034002894,4.908358849839197,-1.329161106740012,-3.380010155708415,-0.02125481104044373,34.43423376698896,4.188126550206379,5.20382374420568,12.385136328604926,0,NORMAL
96.7,8.306349059653241,0.47778464379101665,-0.16421271772823043,-0.6997583014888152,-1.2729878465205602,-0.02258634532252689,34.321594009079966,4.131971069671464,4.996437867968066,12.383556501393043,0,NORMAL
96.80000000000001,8.315305015224851,1.2115876598546433,-2.6924952628374292,-1.583758676044124,-1.4611659215633903,-0.030031704498729956,33.88751895335952,4.0753188116747845,5.639866678617739,12.407589756917769,0,NORMAL
96.9,8.548160512286618,-0.06071440877646926,-15.86679362351686,-0.9919914858014933,1.8033929090152534,-0.044816158775934575,34.067795703817204,3.9853949460647327,5.288257380064691,12.410875564203852,0,NORMAL
97.0,8.293313769577352,-1.961771064848729,5.359582256910809,-1.2230800942410733,-3.8969376274051126,0.027246691048241366,34.5124539623766,4.161479346046187,5.8039371468401315,12.413867825097244,0,NORMAL
97.10000000000001,8.138138129086324,1.0112020426056925,8.871418426584786,-1.7713790112825158,1.5698050381227013,-0.06347531344954535,35.22790265162816,4.328742286361663,5.4299850640406415,12.41691524791032,0,NORMAL
97.2,8.499170559033292,-0.1874873795317718,-12.261064281529954,-0.9091190866165331,10.423223554166906,-0.013383918531452318,34.729125081414864,4.086178155879367,5.1330587846871785,12.41918126409627,0,NORMAL
97.30000000000001,8.091328946476498,-1.4410108137002982,8.10968573818847,0.3132656995508658,2.557612367513773,-0.02565895059154793,35.191864534008786,4.349330594121212,6.137622419457006,12.402008261376286,0,NORMAL
97.4,8.199937719865172,1.434449768105922,14.063274960956846,-0.3975966131137785,-8.195608122396383,0.001545007658070972,35.46819947866073,4.325423032511022,5.43879658506702,12.38462752125364,0,NORMAL
97.5,8.403217411414534,1.3716441784910713,-11.02808199405895,-1.325855924928411,-4.2248628048546,0.0012977256810735166,34.49254819470371,4.1046835403604645,5.488709751913271,12.384930170590405,0,NORMAL
97.60000000000001,8.439860461109413,-0.7711666307058678,-14.960495032552101,-1.2425691740846985,0.7998009612562207,-0.03259199063133569,35.27701121731974,4.179809770537676,5.432788108268251,12.425992367251673,0,NORMAL
97.7,8.252751264430978,-1.620454828019349,7.476422662361936,-1.1658957326771668,2.0853468107755777,-0.009219550995038097,35.30859592780938,4.278403019364947,5.843541941972691,12.39074002012751,0,NORMAL
97.80000000000001,8.115730273067445,0.7241179017665195,18.215349573674963,-0.8254998119295829,-1.6252691030746524,-0.04078906126824304,34.95073884831353,4.3065426859120395,5.100026593820528,12.397796268011845,0,NORMAL
97.9,8.39242870183582,2.0226150867156445,-2.7839559857602745,-1.4909495532920973,-2.598434229285773,-0.04030880104318747,34.37909471979436,4.096441678709052,6.418781392239618,12.377381463364127,0,NORMAL
98.0,8.503623801862194,0.16732670461446458,-14.51293812616587,-1.3451866577867375,-6.092005672430621,-0.07989284313909549,34.99278492233545,4.115043861026924,5.397771680313109,12.421278137122963,0,NORMAL
98.10000000000001,8.440956033595773,-0.8799725385175297,-4.742973201915133,-2.7093506877782216,0.31077288704228767,-0.09342459027597239,34.22588662718681,4.054740540166856,5.263301720943165,12.420653531425904,0,NORMAL
98.2,8.354946342426029,-0.7812679357685619,8.512121615284526,-1.28303208037828,9.830495537137178,-0.051037686689513244,33.768526294386156,4.041740654025646,5.51608638957909,12.436630069022552,0,NORMAL
98.30000000000001,8.297555134199593,0.8224517845393755,1.1124416130960284,-0.7432515803507858,-3.119049657997417,-0.008013349689521105,34.84660479537988,4.199623169932849,5.096926048562663,12.407071903029134,0,NORMAL
98.4,8.474482642636923,-0.5587796131493562,-7.212225488005273,-1.9068420119777634,-11.699871979182154,-0.06679271293073921,34.50293192699609,4.071390948800167,5.072688960979281,12.463955589449997,0,NORMAL
98.5,8.160490578611554,-0.6199933130616792,1.8648024956310876,-3.0832259761872165,-1.314523864888264,-0.09798721435042448,35.09618347484666,4.300744316381285,5.101007171672838,12.39658848361656,0,NORMAL
98.60000000000001,8.325729570626754,-0.18581911402313867,1.3516254578032132,-2.169746784955416,9.822387095372383,-0.04360120071331565,35.3383520651788,4.244475125621761,4.974465785640052,12.453922819071517,0,NORMAL
98.7,8.100061667675151,-0.3496682215010365,7.107820917509806,-1.1187485571127398,4.487283744886013,-0.047171771502978854,34.93377849804092,4.312779325798329,5.118417456896967,12.394036757285605,0,NORMAL
98.80000000000001,8.247198108558605,1.2357450694788226,3.5392490147488798,-1.2722900359782134,-2.6709843661717514,-0.003637664662386443,35.13972273291163,4.260807400327278,5.692046109599478,12.402312620800545,0,NORMAL
98.9,8.346701418648745,0.35818158144873946,1.8623352842916685,-1.65294543034709,-3.7557367591343436,0.00046798521773654816,34.84718188820484,4.1749644728331825,5.252657509621947,12.40564308895615,0,NORMAL
99.0,8.324101174317418,1.6082121263371563,-0.12185264365523418,-2.023437387805082,-0.5767452581502608,-0.020110863554756976,35.18091874848101,4.226392497129382,5.739919584930859,12.434003328312926,0,NORMAL
99.10000000000001,8.693670922098486,0.3338110527176926,-6.893430960352493,-1.7682944819771422,4.6278815136579805,-0.07201438472036156,34.97432082237739,4.022963502503412,5.329766133649662,12.431047962667233,0,NORMAL
99.2,8.385062794762185,0.22952593426665768,4.14688952073079,-1.097861085073486,3.24789174391928,-0.004635411858696967,34.98690393172878,4.172527360627963,5.1548084146247986,12.40854955812049,0,NORMAL
99.30000000000001,8.757312486649672,1.1631889568638507,0.49756676240226005,-1.1187161331932862,-1.9169363603564682,-0.030395814365245737,34.47634873016044,3.9368640530663788,5.698892037502916,12.419965065551459,0,NORMAL
99.4,8.640130368984341,0.3290392867471097,-5.985518585342597,-1.4812483571447796,-2.5017139896944984,-0.043451968694047306,35.30224101273889,4.085845873282664,5.09572032584825,12.41862831290933,0,NORMAL
99.5,8.811716222583899,-0.03391476020466877,-7.508247002205214,-1.619058931132186,-4.901048113919309,-0.05491720104609459,34.73025097008649,3.9413719294630645,4.9889877161285545,12.427391823310451,0,NORMAL
99.60000000000001,8.652160803011105,-1.172610113693933,-4.8383893427787115,-2.4614579799286416,-1.0023187840982561,-0.0714162464855322,35.358456413094416,4.086661958569823,5.48339941971444,12.427431145283956,0,NORMAL
99.7,8.571357418569521,-1.001592628760411,6.962824625342375,-1.8195226879518371,4.874728014937559,-0.061432473481485964,35.85974220017623,4.183671319374391,5.601342691084243,12.429986136430577,0,NORMAL
99.80000000000001,8.451360207534835,0.21995481137454204,3.0756026140695307,-1.4865123769411297,0.29570890177862963,-0.019919762066549992,34.56519664862372,4.089897460270007,5.207920006224066,12.402103969095013,0,NORMAL
99.9,8.596218234652671,-0.38647210594650494,-3.2171906646151336,-1.7603809075961112,-4.26319722568947,-0.06460915709305473,34.51529740294344,4.015172307260301,5.4945247983586425,12.389452116745574,0,NORMAL
100.0,8.394996392351137,-0.42348332154848467,11.790670930435533,-2.3391518220790237,-2.4892734280834627,-0.04392251878748718,34.33769307899315,4.090257038142263,5.139679151339374,12.410155830841422,0,NORMAL
100.10000000000001,8.515587654940951,1.971662080140602,10.728324503657628,-2.2582355932128038,-4.072785909892144,-0.050775371325783476,34.84196920281822,4.091551941527143,5.738005893813325,12.402147996016657,0,NORMAL
100.2,8.794456076183977,1.722181579183041,-8.62072094534956,-3.1537090040574527,-2.0339015373731084,-0.073958682681596,34.69350873836668,3.94492944621319,5.9526066576887695,12.38860203338144,0,NORMAL
100.30000000000001,8.828532600178312,0.24751789107068972,-15.84664731882316,-2.6650159006874254,6.002842054559714,-0.1169685276168929,33.791129567330835,3.8274910562881477,5.19804992940929,12.426863500216461,0,NORMAL
100.4,8.8566864011599,-1.4471478845815913,-8.711898563133188,-1.9531405931455097,2.303443096540856,-0.017210224756943227,35.44932548993897,4.002549473276644,5.615848355925521,12.37360814365199,0,NORMAL
100.5,8.535288584774397,-1.4948618215559482,11.210574278938926,-2.2043272813792543,-0.8301401058119906,-0.061910158669997196,35.25855392520032,4.130915267246616,5.5208376550733576,12.377229807927165,0,NORMAL
100.60000000000001,8.57661837207517,0.7949669712061941,24.969428592707708,-2.119168614307908,-0.6219973043444527,-0.09467826418254335,35.051682637650465,4.086888458483372,5.342722873175064,12.41942834444549,0,NORMAL
100.7,8.678808061534157,3.4990238969855936,11.28249320552952,-2.328726742248145,2.7659773149126865,-0.07896408262264322,34.578452079472775,3.98423975208415,6.873127858594018,12.36677014290487,0,NORMAL
100.80000000000001,9.278646370671689,3.0514656123120982,-23.56980508514509,-1.5659731513253705,1.3474743637653974,-0.02086806382620501,36.246378629161015,3.9064295783197425,6.905847265651938,12.41228634236556,0,NORMAL
100.9,9.275582781903053,-1.2149371200434251,-22.059834129052625,-2.0592318694950653,0.8688058526174547,-0.08068879754449303,34.71304174123758,3.742410860583746,6.245347185186635,12.38960163077569,0,NORMAL
101.0,9.028159021797553,-1.360501213498427,8.590499693470331,-1.3922119808018796,0.3051919397323366,-0.002029667646763253,34.710978950585826,3.844746073566025,6.061048682297686,12.411162367320403,0,NORMAL
101.10000000000001,9.010213142906725,0.5031628186506412,3.760315452523042,-1.998193481548598,-7.263767399227939,-0.07874681521331056,34.03001682054141,3.776827060670755,5.500320294052736,12.39735218337018,0,NORMAL
101.2,9.123819925693386,-0.6084381229938185,0.12082266671036235,-2.8449654606474675,-7.824115121048032,-0.09059220221608788,34.017884567981575,3.7284695275697595,5.451047271737746,12.444064482485,0,NORMAL
101.30000000000001,8.911988547759481,0.5273273519927136,8.35195950588361,-3.5630165057582044,3.436574050646044,-0.11889884757408285,35.79361135775401,4.016343958021883,5.525537962054441,12.390945615209946,0,NORMAL
101.4,9.243594751851372,1.0619537781829034,-3.1522641689100936,-2.1576506505182587,8.85689272909613,-0.06446052865500573,34.91488581821232,3.7771978062127096,5.637737128236371,12.409752452324447,0,NORMAL
101.5,9.108780091346617,-0.10312548178930511,-3.8731454944126997,-1.7916379599389782,0.8630963046532125,-0.056055969736172814,33.62491406874008,3.691483791631319,5.367295762066594,12.403701276912816,0,NORMAL
101.60000000000001,9.230722995435361,0.2873246793003634,2.0137021218343136,-1.9850313895876162,-7.002949434584562,-0.045933956740844537,33.63348455598911,3.643645743959713,5.143522212073487,12.40664285149558,0,NORMAL
101.7,9.152687186843057,0.2996149425775576,-3.201860637225267,-3.1922278468558907,-11.854966891293511,-0.11596681534267037,34.15032082845964,3.7311797214648132,5.582972922122595,12.417731187163392,0,NORMAL
101.80000000000001,9.291922086077552,-0.3530474481446901,-1.539894345939996,-4.356024767846319,-0.25679073372365524,-0.102676055303582,34.84210776161784,3.7497201804805407,5.1821939962322086,12.45408915694599,0,NORMAL
101.9,9.069356469034508,-0.008363926610441628,1.9949380820402884,-3.2435859936006217,6.110261592978485,-0.06923507605432597,34.42391609326742,3.795629404445724,5.313261146054231,12.432803356048424,0,NORMAL
102.0,9.299136967850584,0.045940168263367616,2.5355905433585804,-3.1339724492506216,4.852043775409212,-0.07980691146855334,34.72801157782404,3.734541355599704,5.371304373567172,12.413430446579838,0,NORMAL
102.10000000000001,9.077150152413465,0.49875418206127453,7.097873064920062,-2.2731772385187794,5.987944626118493,-0.06941712554270449,35.328043405500146,3.8919752138403267,5.6975046132116764,12.381325566945337,0,NORMAL
102.2,9.40332117147796,1.46551478124738,0.3529365603896356,-1.936383524026923,4.055004892315834,-0.09255800768412697,33.5741144486077,3.5704528045308392,5.87778398502414,12.380294334325436,0,NORMAL
102.30000000000001,9.358100237191433,0.5693414941392017,-6.342033061207077,-1.4621762600556125,-1.6065796145796685,-0.0617487829766767,33.1821892273088,3.545825369067374,5.461990070890666,12.419029787021296,0,NORMAL
102.4,9.504268192836326,0.19710816900596456,-6.2570827516746705,-2.2576994469428566,-2.892914620965905,-0.07286900165602932,34.54782462298661,3.6349799818387303,5.7738312075337985,12.424882415301447,0,NORMAL
102.5,9.389854078468716,-0.6820750561957325,4.852478081741913,-2.0407591842487935,0.2884817701584219,-0.04933089910768674,33.83059276729035,3.6028880198325077,5.202927803020038,12.407699090342447,0,NORMAL
102.60000000000001,9.367232321773791,1.1676037853543473,15.15929617620472,-2.2000030929111722,-6.948409766090868,-0.032095444111636645,33.41648509156252,3.567380838189218,6.008765422122495,12.384528782625724,0,NORMAL
102.7,9.626929121157305,2.3497841790452116,-10.74411521955435,-3.430441137466967,-2.242710775843131,-0.07605717083591203,33.53207910925123,3.4831542527468153,6.472651230616566,12.389326860290202,0,NORMAL
102.80000000000001,9.803581735021304,-0.9812192585565228,-16.141561177191818,-2.6485452480797984,0.6248538826917471,-0.08222461193785285,34.17984214334915,3.4864647500462618,6.02082933526065,12.404337869570659,0,NORMAL
102.9,9.41423108880009,-0.878528056393152,12.282655148075321,-3.305470360928618,-2.060650971942708,-0.09470622303101817,33.188773271558354,3.5253833221751196,5.94428206478575,12.421701664945841,0,NORMAL
103.0,9.645807653358107,1.4753117710585413,5.395766263031654,-3.06067544246834,4.358149282497901,-0.12486937909048407,34.11517117366734,3.5367874209880634,6.138765370698392,12.39219997249745,0,NORMAL
103.10000000000001,9.714860024685759,0.2006251962131789,-11.42882323379383,-2.4338405044290377,-6.195100615280542,-0.11125725296005864,33.82531884430006,3.4818122709281325,5.685677712001408,12.364287113636514,0,NORMAL
103.2,9.683992282257236,-0.8104528757002245,-4.099280916156959,-4.299695565524448,3.717974644014781,-0.14499954509923063,33.910836394307466,3.5017413692530543,6.043147595741899,12.398799128225674,0,NORMAL
103.30000000000001,9.577758060575105,-0.6192309870182131,14.362262912930671,-1.6902455756260815,3.7445596821114036,-0.04474383194476647,33.59112515943483,3.507201262235457,5.563041084972941,12.4268185417568,0,NORMAL
103.4,9.54522045080793,2.06199970688591,14.081011061718174,-3.5507836291021677,-2.947332812581036,-0.08669299420522505,34.12569942426883,3.575160950984673,6.3816588113773784,12.36820553184917,0,NORMAL
103.5,10.035098740059404,2.1969712253254214,-10.657660692420672,-2.2797121381422887,4.886187705786589,-0.03665681087667421,33.237958846017385,3.3121705831686348,6.144393265987938,12.376882611364879,0,NORMAL
103.60000000000001,9.950565821247666,-0.06953243159822423,-8.123340675995879,-2.57354608794485,-4.6904233858809325,-0.003236468349516297,34.479564366671845,3.465085803768752,5.292414090539955,12.41236093907176,0,NORMAL
103.7,10.014907544300476,0.5723030901262456,7.586632222394933,-3.2177968153184753,4.183731629719893,-0.09023686825551099,32.58130557105147,3.253280714467866,5.950871301308071,12.382716404141139,0,NORMAL
103.80000000000001,10.048630196189018,1.4477940128807625,-2.522496729842123,-1.7367997620008713,-0.8196646062098467,-0.05968779185108673,33.88732290669503,3.372332571214227,6.33193573632427,12.352050502910384,0,NORMAL
103.9,10.304826603301153,0.06780374415782098,-11.824614766440883,-3.3817297365604446,-4.365081655335758,-0.06427620980311716,32.58721615028511,3.162325520338769,5.579093419081389,12.40407418837531,0,NORMAL
104.0,10.047490055743358,-0.9171289404074142,4.360240089085272,-2.609816093068023,-0.7755403734270971,-0.03704700115116295,33.203090383546204,3.304615401392372,6.290375602804167,12.365783426187694,0,NORMAL
104.10000000000001,10.123752449753972,0.9398517619748753,3.5980882222890296,-3.536837811245864,-4.266497053087385,-0.10105173808026166,32.11520222493781,3.172262694522748,5.998226185347823,12.375236223960929,0,NORMAL
104.2,10.235153839378468,-0.19751129594960826,-5.7846997289318,-3.4631155036855,7.310336588504411,-0.09429599932821171,31.88480045750346,3.1152243491280704,5.7269937449804535,12.383406102881699,0,NORMAL
104.30000000000001,10.064172185015893,-0.21708818381148481,8.182628939253899,-2.0747704935449818,4.601846781147822,-0.03328549520748865,33.35205296038143,3.313939025212411,5.908045604234171,12.389038650982368,0,NORMAL
104.4,10.197764158057293,1.4390144919011718,3.2202803957989614,-2.5427461474559356,1.0509382065933848,-0.030104603552153435,32.73815474161905,3.2103267181122743,6.574535999830799,12.349124064663014,0,NORMAL
104.5,10.334131690210425,0.42696789534830754,-12.33970024553574,-1.8645828522263048,2.5589202734156546,-0.013647239864494592,31.3718387311572,3.035749850263269,5.487947177551931,12.41788865392909,0,NORMAL
104.60000000000001,10.251866950170925,-1.0289255572059761,0.37745300402993315,-2.0309620927728047,-4.667183691614441,-0.043612046874742356,32.55493302461697,3.1755126342206577,6.237320110607635,12.368032960060486,0,NORMAL
104.7,10.137712175120626,0.5024584961542942,14.343145254220923,-2.798019590549193,-4.449888593346243,-0.04081055434363616,32.68199033887464,3.2238033369186443,6.004247586047688,12.41410803038816,0,NORMAL
104.80000000000001,10.39461859527575,1.8397034936382086,-4.550223263412281,-2.9209398114420533,-1.7246429657769657,-0.06048811807123573,32.54733806043669,3.1311719388366135,6.70068574647633,12.297995165720007,0,NORMAL
104.9,10.514647359768144,-0.40758615652816216,-8.834685734406102,-3.1429481837045863,3.512034130338826,-0.0813201615251631,32.76639424212089,3.116261831803688,6.206517489735925,12.360176124187978,0,NORMAL
105.0,10.298375629931114,0.072766346756988,16.82117233399445,-2.218532985374288,-3.213893495676574,-0.03633914000749971,32.62182471084899,3.1676670072158943,5.9444155629083895,12.350440215665476,0,NORMAL
105.10000000000001,10.542090042292482,2.956648310270728,0.00726321330130085,-3.785726882839901,-7.370733905146609,-0.09452942551897965,31.12208189805401,2.9521737884232873,7.338381297064049,12.362607842617276,0,NORMAL
105.2,10.882221016038622,0.07421898941724817,-17.128949347913274,-3.69267976640361,-1.6842207266238995,-0.07758277235799317,33.43526098825338,3.0724666351634697,5.868727657833296,12.38820423189678,0,NORMAL
105.30000000000001,10.549742644532259,-0.469141559311927,4.705931468430378,-4.122571028164681,4.707104834397509,-0.11826722796592297,33.638330046834746,3.188545084013863,5.808372331428898,12.38095252794582,0,NORMAL
105.4,10.792086283747686,1.0154052831033238,1.5268821294908697,-2.7512587995241082,6.437937742781257,-0.07520442081695708,32.05682349611044,2.9704009635640447,6.6465514998996325,12.375039961667158,0,NORMAL
105.5,10.750376601688652,-0.1637651334137531,-7.455252225540978,-2.8349834796084297,0.07523845296828036,-0.11413237692295558,32.01995003469858,2.978495658437579,6.243465758162813,12.409245776036423,0,NORMAL
105.60000000000001,10.768405081205048,-0.4756451620048718,-0.8770413525150572,-2.736211108930452,-2.0461724307693197,-0.06659573059906759,34.33118357442479,3.1881400556100674,6.367712450282496,12.345800159370791,0,NORMAL
105.7,10.673849565125709,-0.33917340391676454,6.811317202127212,-3.2442179657622936,-7.055480140207773,-0.11027360381922974,32.962926269702436,3.0881947575316255,6.126876758662669,12.394810147973491,0,NORMAL
105.80000000000001,10.731914015024344,0.8866182784205706,2.0196799699616177,-4.147307136972007,1.437492574684729,-0.11237294413216269,32.97490246444991,3.072602186179099,6.543437352331685,12.385446974440608,0,NORMAL
105.9,10.862235051139578,0.0647625900755591,4.988246816441843,-2.956719450825348,0.14108800771435615,-0.08550990550794055,32.889444890167624,3.0278708511943986,5.900638358463833,12.406520788035554,0,NORMAL
106.0,10.775115877619866,1.8842676417089392,8.7832539748285,-4.1190895354291355,-0.9344623533228091,-0.1313967201527934,32.289861927679674,2.996706698509514,6.971797760384648,12.388374676886254,0,NORMAL
106.10000000000001,11.213716898189134,1.8214133850412593,-14.638843504174543,-3.1436119214899096,9.164125927999862,-0.049741283713101825,30.810008992698315,2.747528698327824,6.983149183750569,12.352765124959024,0,NORMAL
106.2,11.131440029120178,-1.0435010591259697,-11.430208338218009,-2.286264349829163,-0.36418770645309406,-0.08438066608538605,32.52857200442463,2.9222249699346103,6.215074462338331,12.373714916399113,0,NORMAL
106.30000000000001,10.977123020132074,-0.4646282826023425,8.368738520664555,-3.2164494627805285,-8.820403999044899,-0.0962102260934638,32.489706481524586,2.959765179085483,6.304307781518488,12.385055046022146,0,NORMAL
106.4,11.08125255564301,0.6302466450069414,3.0644542602365186,-4.050345149638143,1.7379553206271225,-0.09563912966058899,32.279489181397054,2.912981995429665,6.349671927670854,12.390879304242501,0,NORMAL
106.5,11.106312871441233,0.14826256944496125,-1.9126775257890298,-2.868858398655104,1.0383553509768606,-0.06511138574064781,32.63697337938345,2.938596612320021,6.491464729344709,12.382364215771004,0,NORMAL
106.60000000000001,11.07500265234617,0.24771113984913537,5.19415443149451,-3.8426740794427707,2.9902866578587117,-0.1137452360133786,32.14955500815514,2.9028936621829575,6.413811443376259,12.345530834393909,0,NORMAL
106.7,11.15744978877181,1.1870934557438633,1.198583344219326,-2.2708010670833616,-0.3850465594115837,-0.044469542527715955,32.193220016580355,2.8853564771564275,6.969832490873379,12.38958246515311,0,NORMAL
106.80000000000001,11.311663800259565,0.4874278086930006,-5.102867096425486,-3.9196833913250875,-5.845822974845705,-0.11616056481135177,32.73134755711818,2.8935926787681847,6.252527554798741,12.382584507877848,0,NORMAL
106.9,11.284659396581375,0.16652003645876595,3.161879261229149,-3.4399656620525025,-1.8156210349253654,-0.06900732918066002,31.62013769590388,2.80204626339746,6.105463713144969,12.40678972622873,0,NORMAL
107.0,11.33975524876665,1.1198036609388304,6.868777114272588,-4.282807598310161,0.2269943793310647,-0.10214052680698589,31.781498142132236,2.8026617369531763,6.7617895450332925,12.359045222663324,0,NORMAL
107.10000000000001,11.495729828342526,1.5402754593132837,-3.351051906980491,-3.3945667861862896,4.333750938247444,-0.10295967015986646,32.22740685697653,2.8034241703837197,6.975164660395698,12.333268201927355,0,NORMAL
107.2,11.607221624093983,0.4495932795427322,-7.748088635761646,-3.4160574106606716,5.237416944514357,-0.1035429760443145,32.894337597017675,2.8339544692363265,6.426535390640798,12.386161513887231,0,NORMAL
107.30000000000001,11.610184303436707,-0.009342267839045487,-3.9469055077264215,-2.347083397283418,-3.6772734012505626,-0.06996382475310647,32.22614408818558,2.775678942378751,6.501286327295441,12.364206617607412,0,NORMAL
107.4,11.631573759330017,-0.3397878220025521,4.500579048407729,-4.151512090910784,-8.243457866379043,-0.1161463664471829,32.63602275385636,2.805813162443137,6.441661224203841,12.38480944125388,0,NORMAL
107.5,11.53617156766166,0.8907735418425002,5.10634061412953,-3.9957749705592267,3.6637966251717713,-0.14786051640517897,30.85307692141159,2.6744641183994973,6.766168579169658,12.37488100283548,0,NORMAL
107.60000000000001,11.787423323975284,0.6814803008233539,-1.245518165164452,-3.41875276587643,-3.7129394924768944,-0.07196781786948894,31.83740225270331,2.7009636777824833,6.701776217085548,12.380703898508393,0,NORMAL
107.7,11.687509169328113,0.6416699088096098,5.887032441409083,-4.738362869054606,0.44422467404169996,-0.1384854938239358,31.639798528872205,2.7071464133611545,6.3569010145570015,12.363810336300558,0,NORMAL
107.80000000000001,11.90861547388362,1.8588867891051706,-7.613403614687743,-3.32990783106809,13.456897353772357,-0.13406930267449635,32.46300392884107,2.726009921139412,7.194573881848584,12.350242778315419,0,NORMAL
107.9,12.041681477152496,-0.8810108141279388,-9.595050201545607,-2.046983398300134,-0.7765880824405769,-0.04996520270994044,30.959154919650206,2.5709993225108243,6.81464390208897,12.356989263884078,0,NORMAL
108.0,11.740074343754342,-0.060123251203950845,7.68221019263984,-3.4852254475562052,-5.074383366236552,-0.12360240744171536,31.55702170397402,2.6879746056090514,6.05697024108748,12.39181701826426,0,NORMAL
108.10000000000001,12.050371397179234,0.6554312244000293,3.9215229639296467,-3.0618600715474447,-0.7521450448629174,-0.10918986147313459,31.638848555733105,2.6255496625721566,6.8184069876844084,12.391248354071653,0,NORMAL
108.2,11.874531807724795,0.7241813415819784,-2.0315471042652846,-3.6356544565287887,-2.733077869278535,-0.11378377667081299,31.470631428424497,2.650262927246678,6.787030314163607,12.38394026549453,0,NORMAL
108.30000000000001,12.197760646669323,0.24912180354697236,-12.388893262753452,-3.6084756454031517,0.5304347807563059,-0.08700288448094497,31.161043626898003,2.5546528194424543,6.920767266634816,12.38051775869156,0,NORMAL
108.4,11.878346335626095,-1.7535973109687122,1.0989943863877487,-3.5295675003775275,1.0996010165093906,-0.06918072008878245,29.78237197702748,2.50728267517363,7.331822191347396,12.350592616648115,0,NORMAL
108.5,11.847500058648935,0.4689206808245221,18.881025764524846,-3.3885554421012736,-5.201278596660123,-0.11928496763636301,30.797943657132148,2.5995309984952457,6.723081704415048,12.394778740471127,0,NORMAL
108.60000000000001,12.015327397615115,2.0226078419362574,7.399613125790984,-4.569823219709552,5.619967262100098,-0.11440780507035693,31.284457963081902,2.6037124855450426,7.721056003435821,12.286610056452943,0,NORMAL
108.7,12.270347616863177,1.948843305982719,-9.543293028124653,-2.264561989681254,5.447641122609039,-0.06560808152751296,29.560628627706375,2.4091109356250926,7.836160518167328,12.330406392248198,0,NORMAL
108.80000000000001,12.374451414906854,0.11394923631132682,-11.948624853452555,-3.4802949951877444,1.511818084273172,-0.09057062235531381,32.34558687463359,2.6139006724507037,6.605501123527888,12.3666998146113,0,NORMAL
108.9,12.288981309775581,-0.4408816647077921,-1.5857651009723217,-1.9621983728266195,-0.5438210979290559,-0.05580956223800365,31.39323283820606,2.5545838216251107,6.778146412580734,12.417275590912247,0,NORMAL
109.0,12.319644286875542,-0.20320378388313753,4.6287262306990815,-3.5890592147735556,-8.842863004329507,-0.11972518745971222,30.31996650202133,2.4611073011517086,6.621305105800282,12.360751717482014,0,NORMAL
109.10000000000001,12.27080623227238,0.48486358143202424,0.39607465417785637,-3.730770973692521,1.7899694505509722,-0.04979605239170517,30.530655876875116,2.4880725275067173,6.810964240818409,12.313889553429991,0,NORMAL
109.2,12.398390257432622,-0.12398885304756625,1.6002572851243473,-3.231065324663361,-1.0041767247557742,-0.07240856697742659,30.553522387699157,2.4643136530875727,6.707890604854101,12.358116552932103,0,NORMAL
109.30000000000001,12.231288477254461,0.8049150384568937,-2.3179963622516175,-3.931606318643676,-0.9528604186173983,-0.13048027872132045,29.198936152054312,2.3872330545022478,7.0331938912335366,12.332370171778653,0,NORMAL
109.4,12.558747713293373,-0.5875881254978897,3.0933263429555344,-3.421637408386841,8.656346589818614,-0.1002139279314875,31.853567693389756,2.5363649641335586,6.869565979574504,12.355654496261478,0,NORMAL
109.5,12.133248784276057,1.4235803070480006,4.842924408101497,-2.2003370006799527,0.3606814900463351,-0.039373145588382584,30.656465960120276,2.526649416424162,7.35349018433905,12.351945874634408,0,NORMAL
109.60000000000001,12.820889297178981,0.38099675612240963,-10.473219698153615,-3.349501110377574,-5.280271017902287,-0.08948800438615936,29.320050800418446,2.2868968072963414,7.072303451943812,12.383325955952655,0,NORMAL
109.7,12.18934852916776,-0.6710636325827223,13.1609530454469,-3.25639120426041,-2.059255860695204,-0.11304417363086008,31.1319589946495,2.554029767887445,6.578408360112482,12.361070793290764,0,NORMAL
109.80000000000001,12.623762834867678,3.01318736521179,-0.29608786565844925,-3.7613522825166146,-1.845495556420782,-0.055276630668467656,30.110693056433444,2.3852391280090983,8.16003311426006,12.330570572782701,0,NORMAL
109.9,12.771993780094613,-0.7302812057144121,-19.21500070448402,-3.6254903155445666,3.6940064969043407,-0.10204873382543916,29.872885498759857,2.3389367402697374,6.960274603224283,12.346725067924766,0,NORMAL
110.0,12.472550403957928,-0.8298127756850147,5.012133668566676,-3.0225509831357464,0.43984078036380714,-0.08920310716158722,30.82794194295244,2.4716630476129224,6.97703681605617,12.35283066744318,0,NORMAL
110.10000000000001,12.606609085703736,0.272145527998923,7.506144778989727,-3.537522159471805,-3.8267690988296965,-0.058458919342259,30.434389990404462,2.4141614754214875,6.814747299400203,12.377377430765982,0,NORMAL
110.2,12.561165891932488,0.6714161801129308,0.22785178883568263,-3.7879048029016857,-3.610267448473754,-0.11642169201995689,29.192564025233985,2.3240329979228402,7.196783707595312,12.31303641356449,0,NORMAL
110.30000000000001,12.737830669337571,0.3177158857660595,-6.38787884413905,-4.259575649166556,0.3674131945838921,-0.09903615589015026,29.927733660891434,2.349515740771566,6.77954891408163,12.344138241951871,0,NORMAL
110.4,12.61000975394522,-0.6061595887148793,-4.870102424003013,-3.7144221639849073,1.8752659368489821,-0.08254255226023761,28.88248735513769,2.290441317549449,6.798347319327449,12.339461104736246,0,NORMAL
110.5,12.632419980274735,-0.6563045990345432,8.662802129698825,-3.8845224617967595,4.533816392486871,-0.08844417153994713,28.85257308803284,2.284009962705922,7.073606143749474,12.362315201308775,0,NORMAL
110.60000000000001,12.48680309781796,1.1264008372248857,4.20402511448981,-2.807658885487533,1.844441061451858,-0.06400608580170646,30.51108129116512,2.4434661980452677,7.1949639647933585,12.310075055578125,0,NORMAL
110.7,12.88007982629775,0.18450042386341892,-1.3713346985022672,-3.515634249506388,-2.484682539355434,-0.09169912803219207,30.09964548580917,2.336914513864547,6.780284728469119,12.336231611159727,0,NORMAL
110.80000000000001,12.520116325960013,0.8521338975244322,10.240567167726882,-3.30459539335862,-5.355743435998443,-0.10119521347933846,30.060851532647398,2.401004172007356,6.783786281438074,12.361553863072583,0,NORMAL
110.9,13.059127752925313,2.2326138574087953,-13.01874251827068,-4.586782936706077,-2.1204230122645895,-0.13390972623861175,29.38681731893551,2.2502894431331915,8.070592048137318,12.364232689981895,0,NORMAL
111.0,12.933650866381884,-1.751614606129704,-17.741759872868897,-3.7286799958115378,9.034239693202352,-0.08068653244094705,29.39023502818008,2.2723850621770985,7.45048239965499,12.348078820076717,0,NORMAL
111.10000000000001,12.697284103093214,-1.3157381171649845,22.62795555631185,-2.779934998065606,-3.1332220868689475,-0.10395824743062901,30.8365455505155,2.4285938079469562,7.388235540363202,12.330695802804016,0,NORMAL
111.2,12.680730437899506,2.773976505132666,14.288625236804968,-4.355324413185327,-7.574512850769186,-0.10166037115688871,29.588796510601384,2.333366887302322,8.312836804250683,12.334478319060818,0,NORMAL
111.30000000000001,13.23174998673073,1.5419869301960092,-15.001956463651203,-4.294837568219443,1.9871710132664533,-0.10476351149303093,28.90408704027994,2.1844493033246537,7.835543711021183,12.292146292307102,0,NORMAL
111.4,13.007377977241847,-0.22641478759757436,-10.997003095197195,-3.9578902105320366,9.224249105027887,-0.10945620303024664,29.850260775657357,2.2948714820069345,6.795883810155346,12.358507360349577,0,NORMAL
111.5,13.191153443551746,-0.6574136888434298,-6.90586176678635,-2.4499877472138656,3.0876387612270206,-0.06494621477016752,29.39737843721143,2.2285676959949092,7.1420288638378,12.315006177981646,0,NORMAL
111.60000000000001,12.835289454985118,-1.6075871409548443,5.748829188144865,-3.3403624582866325,-5.241514623683923,-0.0636985312464015,30.547755394787956,2.3799818073384755,7.913933822772486,12.36168360589679,0,NORMAL
111.7,12.897280874033056,0.49235214878554323,8.24471063648262,-3.49829067195065,4.57537750113397,-0.09152078999565219,29.68140050142853,2.3013688537393993,7.005950002258752,12.337618902324984,0,NORMAL
111.80000000000001,12.941973780589674,0.04135498634167997,0.7972075072881979,-2.4252869580598384,4.113612496545993,-0.05899235936537718,29.14248705105208,2.2517807210179854,6.90580338942682,12.360402617386379,0,NORMAL
111.9,12.926327725958249,0.6517936502431828,7.1354306146427735,-2.6755681726414515,-2.5461825901287627,-0.08761806298885332,28.282754983385306,2.1879961256582376,7.1901634470232185,12.352045084825383,0,NORMAL
112.0,13.095394099943821,1.4684411092702347,-3.8496233595460896,-2.934523476085591,-2.953254605590938,-0.03176297944527501,27.88799912900743,2.129603654244134,7.6698403153830395,12.349971769316513,0,NORMAL
112.10000000000001,13.209121398341603,-0.11813102166603517,-14.736198131792362,-3.266219093759639,-2.744387442747327,-0.05429740350025134,29.404169828697288,2.2260503891189134,6.870136415491873,12.376084187879355,0,NORMAL
112.2,13.109944163624688,-1.4787985170882376,-3.449777596457178,-3.4834009646350563,1.925370073499162,-0.10619691458187033,28.801075420785512,2.196887725936926,7.742240178763676,12.361142687832023,0,NORMAL
112.30000000000001,12.898807899890102,-0.8080865409574708,10.299132596310004,-2.8811450790598068,3.0267119007248344,-0.0915998788149869,29.222684277737653,2.2655337225377727,7.326373756815958,12.336956283273029,0,NORMAL
112.4,12.99324943261611,0.5810280021737636,10.711106630350823,-2.8780585844900894,3.4620149243643983,-0.09653860770416009,28.613430627890743,2.2021766592169243,7.371190267823301,12.287792060983293,0,NORMAL
112.5,12.991533631390373,1.334134785112694,2.9684945441124557,-2.188742094186927,-3.7311895026563224,-0.06472119418546768,29.19246722850252,2.247037806065264,7.561439335054058,12.339494716330059,0,NORMAL
112.60000000000001,13.252382909745307,1.1747269109962548,-4.377385205615673,-3.624296485021354,-3.4669351244547686,-0.040779245691358525,28.243164038874568,2.1311762745781815,7.653811408639366,12.387278153102205,0,NORMAL
112.7,13.193720064784927,0.45865774398955916,-4.613686996810789,-2.882129119077881,3.4969298625428813,-0.09517566662087876,29.036961404996624,2.2008168478955796,6.889091598286269,12.388418354375316,0,NORMAL
112.80000000000001,13.3256315591512,0.251989511634097,-2.207848848702487,-2.9249105125127777,-3.124532206308104,-0.06927731429609808,27.995106678149615,2.100846519272428,6.898192872547966,12.329201534500497,0,NORMAL
112.9,13.233710382893845,0.01708797424906175,-1.1816409659168639,-3.5070355603395016,-4.306029032928191,-0.10641090677152343,28.971664252325755,2.189232151383266,7.050322186929338,12.316067906908806,0,NORMAL
113.0,13.333242497142164,0.01566131845072423,-0.4502419774132735,-3.786116319098416,-0.5357055857310944,-0.11102803952359518,28.890397511751182,2.1667945751338076,6.985952777340443,12.395583548142149,0,NORMAL
113.10000000000001,13.251226344540326,-0.07296042123359295,13.117209913181322,-3.6141766774857205,1.6605723272540063,-0.09657206617576373,30.507518393958538,2.302241136083833,6.9606346504011025,12.316397985368122,0,NORMAL
113.2,13.301326780629797,2.6391033010869887,-7.2737027401271215,-3.4540018536476147,7.341137451817561,-0.08724061695675824,29.619452532398395,2.2268043647745013,8.381704916540743,12.294194219364224,0,NORMAL
113.30000000000001,13.743744775297598,-1.5277009692590173,-25.05886017584665,-2.1459491871222083,-0.1137902798820889,-0.07608481419351396,26.83612656381263,1.9526065859464083,7.731353270558265,12.38601772304426,0,NORMAL
113.4,13.007214991871283,-2.3726687340823416,8.782301864909408,-3.4767599096240325,-0.8037676543406413,-0.08665374869487419,28.463214043527543,2.1882635184638155,8.339820381769796,12.30666967632005,0,NORMAL
113.5,13.255898173360967,0.2287594037228644,13.943890934666827,-2.3067027179903365,2.9836815074652034,-0.06049596683908227,29.12922405885573,2.1974538185118058,7.094974586197673,12.347269026037916,0,NORMAL
113.60000000000001,13.055424140363213,0.4161094528510237,5.2287975369764705,-2.880023608130992,-7.858911679333424,-0.08412959076207674,27.996502511187444,2.1444345438484205,6.390042115597874,12.368261913886583,0,NORMAL
113.7,13.333199455170938,1.2745189111181585,-10.462563022284206,-3.8784850538570215,-4.022652936895241,-0.09607373763704558,27.560820785421676,2.0670823141952566,7.449270449407313,12.343413682601579,0,NORMAL
113.80000000000001,13.29991937136359,-1.6764031516058173,-5.488623117352371,-3.68455419551004,0.993452389788978,-0.10499992113842056,28.51093944448295,2.143692653195373,7.700507595183725,12.308666152120928,0,NORMAL
113.9,13.015760440767316,0.17679428764768412,9.586201756959408,-3.679794575899226,4.421584681013777,-0.09411474342359835,28.226659603010248,2.1686523604567975,6.700115862062394,12.311461468007527,0,NORMAL
114.0,13.289182707357726,0.24083719978606444,6.064283409441599,-2.8002372593072846,1.008083029643514,-0.07192086086356139,27.47882754244109,2.06775902984817,6.8415012351722355,12.329162114888861,0,NORMAL
114.10000000000001,13.072326405519718,1.389650969536004,5.002102214908756,-3.478177969970523,-0.7732432305048165,-0.10152479600706091,28.529805155210266,2.182458138680175,7.837043014041976,12.318224830143802,0,NORMAL
114.2,13.559037153318053,1.241257642767816,-18.5825843234511,-2.954885905408248,1.1243464561468164,-0.07714649082241157,27.007110896042807,1.9918162765291823,7.837512264576172,12.371484366801864,0,NORMAL
114.30000000000001,13.329714244444045,-2.3268658951542163,-9.955517025353998,-3.25330867874116,-0.8895692607468986,-0.06665245444099382,27.953083782409198,2.0970504895902264,7.982745318118085,12.321991008100577,0,NORMAL
114.4,13.072048311471237,-0.749845762302984,14.763899029830453,-3.1327997575576276,-1.6412016603586554,-0.030694036068301234,28.625491164902513,2.189824462305767,7.209182690278395,12.346832625614509,0,NORMAL
114.5,13.204195793411682,0.6259139108118743,6.0961058693335755,-3.581549010812891,-0.6117141505601542,-0.06587175459083185,28.542240980952364,2.1616038892117686,7.309485028716956,12.344641419965813,0,NORMAL
114.60000000000001,13.222290560769714,0.4693754115637311,-2.692216914383585,-3.2551425876696585,2.7636330683106225,-0.09436481247354994,28.64686560471531,2.1665584698093094,6.7011520079192115,12.379881007673253,0,NORMAL
114.7,13.285027020321268,0.08747052793515725,0.9268938413760969,-3.0288223971507664,-3.071010620427872,-0.1011142272458915,28.02843808106402,2.1097765204534915,7.111324925328428,12.31359726626623,0,NORMAL
114.80000000000001,13.241595547144735,0.6547541798389505,-0.24072443472411942,-3.869344711755233,-1.3623360062771406,-0.05997674715615545,27.433005776902604,2.071729624970908,7.451091060323335,12.332798564233517,0,NORMAL
114.9,13.447857593832442,0.039325640990333366,-5.795872399661435,-3.3012895984061945,5.499461681657354,-0.09834151150089063,28.12037130720835,2.091067005357428,6.655470464756106,12.352496382242062,0,NORMAL
115.0,13.209635551216477,-0.5044203000933364,-1.9843193731861175,-2.769452375423762,3.1052895508495815,-0.06793237555013976,27.58140233222254,2.0879760251737274,6.932566539169208,12.356283475000117,0,NORMAL
115.10000000000001,13.34092964429252,-0.35753823364689014,2.6262997274549735,-2.680231688236278,-4.226286672205779,-0.06885016090624886,28.107773278420606,2.1068826556960065,7.42078514524066,12.381118854732723,0,NORMAL
115.2,13.148515359214782,0.020839645397658327,6.471256850631925,-3.614709709864918,-0.5465445891282106,-0.06387039629013677,27.60769654422879,2.0996816591069107,6.748504213242987,12.357257095642384,0,NORMAL
115.30000000000001,13.353473106320767,0.9367131364794951,-2.070813324213353,-2.7895406060619203,-0.131250769780189,-0.06542141267124234,28.107834721243286,2.1049081761312456,7.357937644251522,12.332182168005854,0,NORMAL
115.4,13.32957615867154,-0.39332301944501225,-2.2732262869634527,-3.6409598638209557,1.995076265039577,-0.0723346385935793,28.316279439823855,2.1243195659602976,7.011355583875743,12.32420430551937,0,NORMAL
115.5,13.272686268847984,0.4820678790868045,4.156865550770464,-2.390525353054005,5.112322491318331,-0.05197062454424485,26.354649816254582,1.9856304354990273,7.041068194906671,12.362252799636975,0,NORMAL
115.60000000000001,13.431354048991508,0.4380500907090807,-5.856832113510062,-2.6184953655572896,-3.382415214924719,-0.07023514506871938,28.81166890070871,2.145105310724203,7.287251308733683,12.348582627672442,0,NORMAL
115.7,13.356410000634755,-0.6892985436152079,-4.558344050698993,-3.0670083960389487,2.514051943005715,-0.06867923284346392,28.448230280430355,2.129930893037753,7.5636846724654685,12.297545820263553,0,NORMAL
115.80000000000001,13.31335002859023,-0.473618719430718,-4.0361469127819,-2.1156849769561465,-1.082765434955546,-0.03567821107256193,26.598721321438653,1.997898445118492,7.376340445712611,12.364524110281987,0,NORMAL
115.9,13.267551796641577,-1.496527926171588,1.6829530520651625,-3.283561483030058,-3.0705016613585667,-0.08667275652582535,27.989384520868022,2.1096118522750364,7.66801343312422,12.317868305025929,0,NORMAL
116.0,13.014686452352896,-0.13702810901768547,14.02562619861265,-2.72978530922786,1.892258060732257,-0.073889488061627,28.300032708276202,2.1744690363370145,7.090305200814452,12.327861102099348,0,NORMAL
116.10000000000001,13.179658465391885,1.3085973135509423,4.7596064785935415,-2.9051098708836065,-0.020215281606843494,-0.10485539801756888,28.229312607162665,2.14188498748198,7.391062189776051,12.335122516571724,0,NORMAL
116.2,13.271842086135049,0.814893186701023,-8.662394844968984,-2.7338283655492286,-1.522042160494883,-0.05353389788504925,28.89602575962342,2.177243036202999,7.214469587153294,12.319009098607843,0,NORMAL
116.30000000000001,13.339908461850214,-0.42388165544285455,-7.947495072650619,-3.209518302982583,-0.22633728981392043,-0.09728332689080715,27.888521015426413,2.0906081248745196,7.448323099146207,12.35991967373682,0,NORMAL
116.4,13.203096307493478,-0.7746058278291009,11.1367327926847,-2.7790958235120127,1.2296355367805134,-0.07246734893485508,27.240150717631412,2.063163827879612,7.088739041667074,12.35826867484319,0,NORMAL
116.5,13.222123114827932,1.8034649030940857,7.829298808362781,-2.9635911956264804,1.2481999308687253,-0.082714875098444,27.45937815066544,2.076775258571837,7.82846895529534,12.312590023595915,0,NORMAL
116.60000000000001,13.555992050425314,0.7912539338434554,-17.68885294530599,-2.5294558373382676,0.3559818608760268,-0.046733477427776456,27.945102636191393,2.061457585121159,7.3024827922316256,12.364966033843558,0,NORMAL
116.7,13.341151400843001,-1.7343056859671127,-2.5470626282901696,-2.892394823451275,-7.02983772029472,-0.09848183111987002,26.999796904582833,2.023798103578734,7.77647685529044,12.360340185156193,0,NORMAL
116.80000000000001,13.232485434502014,0.28184140818542147,2.7822790428071174,-3.9354233813972117,4.666300331907795,-0.08592613157623413,28.22444422259403,2.132966203688568,6.886996992013801,12.34641817211266,0,NORMAL
116.9,13.415945365777182,-1.1778498774056891,-4.212717984379691,-1.959134757069716,2.5415554544500907,-0.04422871903746692,27.444359491168054,2.045652299775761,7.621684379544014,12.313345636390878,0,NORMAL
117.0,12.998566494449568,-0.5607021886905168,8.939674017379893,-3.4271122905071936,-1.677534392724993,-0.10295699442365738,26.90617047991982,2.069933672409865,7.169748447445788,12.341361001265536,0,NORMAL
117.10000000000001,13.319319408186995,0.6100849260702896,1.616910810235878,-2.2946416356147146,4.6202568247373295,-0.02925721344014595,27.289335047855396,2.0488535646259405,7.324325393059847,12.332544337413053,0,NORMAL
117.2,13.087525611843052,-0.2373200266433412,-2.1159052573520754,-2.5030609255597276,-0.14592812186416948,-0.05088480136298951,26.58974547685823,2.031686222856127,6.942261612870478,12.361416632591803,0,NORMAL
117.30000000000001,13.26370976135639,0.18690387459987454,-3.704496655443524,-2.3238272599875485,-2.4394424807322412,-0.03211292639322928,26.599963980124205,2.005469394212981,6.763365130690447,12.382261442628232,0,NORMAL
117.4,13.11779324149661,-0.978219357732046,8.123888969809025,-2.990949421706176,-0.6716807098459987,-0.09188105226338526,26.64777333481086,2.0314219658923833,7.238714741094521,12.341340198694581,0,NORMAL
117.5,13.059778452565933,1.8116816685616797,1.2620407743053146,-2.458163401956748,8.698162670132284,-0.060103404698963914,26.470785465795664,2.026893914160909,7.917334738618661,12.278557057315842,0,NORMAL
117.60000000000001,13.455585910557373,-0.7258112028709831,-14.04985218223941,-1.251316887679719,-1.0893304060572762,-0.051623952494785824,26.22705403783446,1.949157339722864,6.98235173722418,12.356124416945132,0,NORMAL
117.7,12.924021360846679,-0.9982887678862024,10.606367470799702,-2.6760294831682034,-5.92593485656209,-0.05738835898638672,27.02483074719102,2.091054323777485,7.344726011806859,12.368737062419253,0,NORMAL
117.80000000000001,13.219617086735724,1.3954622912889574,6.530755660838093,-2.436503858992137,0.03196162013290316,-0.08964679583504763,27.631255704506906,2.0901706549603096,7.42391279077867,12.327534024227385,0,NORMAL
117.9,13.19117929121917,0.3078623642814164,-7.569264630222846,-2.669637159141623,0.3173955186119315,-0.08700009074322951,27.210504607317844,2.0627802872356353,7.005557167002727,12.353256837235561,0,NORMAL
118.0,13.286481940887343,-0.11839063475561194,-7.617057310915636,-2.3730247552697508,4.690859197376531,-0.07699193591661443,27.044748450973504,2.0355086147934287,7.192430983726918,12.357806532777012,0,NORMAL
118.10000000000001,13.188248985231626,-1.215549097901711,-2.5860024914627098,-1.7314653196663166,4.974222648103296,-0.03324807812766266,28.610790660201836,2.1694154161208643,7.748540810787913,12.338637046512826,0,NORMAL
118.2,13.059162514434693,-0.635591133048154,4.871050822915339,-1.3781802256490916,-2.833784702954736,-0.057080343909412815,29.104554620729232,2.2286693031470493,7.1405197786572465,12.332075962942806,0,NORMAL
118.30000000000001,13.087861430505374,-0.24133893331864317,4.227415709517667,-2.2982222602572637,-3.495043714525402,-0.09673622236629295,26.50485235211904,2.025147690694612,6.9325760610392875,12.355989353836208,0,NORMAL
118.4,13.001076561692189,0.20989200885537956,4.345069039378605,-2.077188968554172,4.267068947641499,-0.04440669341746056,27.47107133556028,2.1129843521192764,6.8948976736029985,12.357623767178662,0,NORMAL
118.5,13.098995200446717,0.6276748745570778,-10.426357538432246,-1.444808470728964,-5.924022804491053,-0.04153128635154142,27.796716078210764,2.122049489510677,7.070136809982585,12.3490859856919,0,NORMAL
118.60000000000001,13.130165819069994,-1.8753794988310697,-6.625610729738158,-3.2619935294523827,1.1502240873442937,-0.08320323286510309,26.13467697977931,1.9904300783331936,7.844636561882621,12.314545548044975,0,NORMAL
118.7,12.750346909331011,-0.697447271390554,22.880909722005633,-1.2147636532601052,3.5636096947867757,-0.02796446933969229,27.410561128009387,2.149789438901437,7.008409935117942,12.29080689503641,0,NORMAL
118.80000000000001,13.002332787020753,2.7008024455700577,6.578902506448521,-2.5492715904950276,-5.274974134522458,-0.021784593597986512,27.637869569924625,2.1256085367629893,8.104190337950929,12.31577782788461,0,NORMAL
118.9,13.272552309361567,0.6183332298991503,-20.526510384649576,-2.269758480164597,2.270575887115125,-0.08755687173284721,27.372403571184602,2.0623315646590408,7.5338096559212255,12.328913727531582,0,NORMAL
119.0,13.109526239265396,-1.4044996313598581,0.7328362049567599,-2.0951564130720026,-0.45954965937243575,-0.08488201750073247,25.791664754096605,1.9673986903390845,7.590550242162847,12.349845187004933,0,NORMAL
119.10000000000001,13.001397449705653,0.7649004708905023,-0.3179898799162595,-2.361668412039084,2.4695144397401947,-0.05520889868118106,26.842762889837296,2.0646059774478323,6.868354212423414,12.358818733938316,0,NORMAL
119.2,13.269434292848459,-1.46809760734311,-11.524498051967417,-1.6012535251239637,-2.9461148907938095,-0.02272214926391619,25.864678017603676,1.949192214738454,7.7116081665814615,12.322877746979902,0,NORMAL
119.30000000000001,12.723817247371231,-1.5399991395029813,14.507610256145,-2.950891390197846,-5.96934512745342,-0.08234725597071556,27.635991715825256,2.171989048454379,7.607739184462122,12.296908437755565,0,NORMAL
119.4,12.96170196069332,1.43342444388589,7.832741672432443,-2.7951225506146478,1.929380978553319,-0.06421863183561928,27.35819719189404,2.1106948203915232,7.734389411227892,12.349635946561461,0,NORMAL
119.5,13.017390943619866,0.02654919498350726,-5.954138778064864,-2.565015194487182,2.2177640273540833,-0.0760163760312203,27.072545509648474,2.0797213225678974,6.659844572434889,12.357054890463322,0,NORMAL
119.60000000000001,12.980362941989084,0.24259668827291728,1.2770398310515312,-2.351569745143831,-0.7479013179904026,-0.053148419444517904,27.247042116028716,2.0990970928778543,7.013004716899678,12.363574010484077,0,NORMAL
119.7,13.066625360578838,0.28195716119381353,-0.6644217043678504,-2.7145954580852627,-0.8050155547760895,-0.053730571198615185,26.544783922391574,2.031494987410863,7.089019536009915,12.356765996933236,0,NORMAL
119.80000000000001,13.062983411863764,0.10971234739934717,-3.5804798036651397,-2.512572856099049,5.333882871638185,-0.0980757601844626,27.280607074230492,2.0883902408889474,6.742332988033298,12.3815307685216,0,NORMAL
119.9,13.095303141966362,-0.4341387995392144,-9.04606027092845,-1.6478188837576258,88.74932469980429,-0.030164160819177915,26.85371818917853,2.0506373848743324,7.263867830788995,12.322454028467206,0,NORMAL
120.0,12.936290116120741,-1.699499706786343,-0.26565991560337565,15.23729208386181,88.55594698031051,0.39257563165417403,27.827611033643056,2.15112762498773,7.766626643768683,12.328001440514143,1,SHARP_TURN
120.10000000000001,12.772291663474908,-0.48727078265988955,19.560499486888958,16.063370512304477,2.354545839411397,0.39652846631539396,27.348425753633585,2.1412309140921235,6.859654692972312,12.38194454060597,1,SHARP_TURN
120.2,12.880876840423467,2.2126001905914485,-0.19381702162883208,15.70820125174409,-5.2712191405116915,0.3817551311463456,26.128073614716737,2.0284390525899756,7.772259171069409,12.28818523905664,1,SHARP_TURN
120.30000000000001,13.222820696007009,-0.526034186985656,-17.250886017713764,15.009126684202139,-5.251819621853624,0.3992310777991431,24.86510795044217,1.880469267646567,7.1837824102485275,12.288030337446154,1,SHARP_TURN
120.4,12.760289673027222,-1.2375770129513048,5.416645939493536,14.657837327373365,5.843976374925424,0.37637802671532994,25.877227717090047,2.0279498647894716,7.5255379269366,12.326605062406566,1,SHARP_TURN
120.5,12.977304344772177,0.5572950009130513,-0.050534124527470414,16.177921959187223,2.2956914379088467,0.41496252483211854,25.889737772375046,1.9950012024496102,7.121483673333174,12.353468929698757,1,SHARP_TURN
120.60000000000001,12.895344275635201,-1.247683837856799,1.1571552002198353,15.116975614955134,-1.017221343956658,0.40190276004139824,26.929174245632648,2.0882865683945586,7.240310577404122,12.353700533372603,1,SHARP_TURN
120.7,12.72146436000047,0.7887260409570184,14.383218340053103,15.974477690395892,3.5508477235767533,0.45307826344720054,25.98531077945474,2.042635190737883,7.2960089014414935,12.335524654084773,1,SHARP_TURN
120.80000000000001,13.051498793107072,1.6289598301538215,-15.336606530839495,15.827145159670485,-3.7523496348895957,0.4391868585544751,25.643048804162454,1.9647589300399273,7.506846332776767,12.332934654701141,1,SHARP_TURN
120.9,13.038163109812459,-2.278595265210881,-13.206986888999749,15.224007763417973,-0.3713085871161059,0.42016655015692594,27.097638731538797,2.078332546027534,7.942912732631052,12.289692566892127,1,SHARP_TURN
121.0,12.582745243674244,-1.0124375476461283,13.636002623412317,15.752883442247263,3.822494846471427,0.3986859302613627,27.503165492770776,2.1857841798551485,6.979803135830784,12.333397799191927,1,SHARP_TURN
121.10000000000001,12.856662639712226,0.4486052594715827,4.667051398770454,15.988506732712258,-0.8364444960475215,0.4044273816721258,26.259721482733806,2.04249906983027,6.720565887505318,12.308514346490172,1,SHARP_TURN
121.2,12.64258866394307,-0.07902726789203748,3.633288985536885,15.58559454303776,-5.017116690751644,0.3893950700631057,26.023840936038553,2.058426610861674,6.858387449455979,12.340502986058837,1,SHARP_TURN
121.30000000000001,12.833886040677163,1.1752630565789597,-5.716832610158757,14.98508339456193,2.813955060300861,0.4119093838895837,25.95576903451445,2.0224403545619243,7.530595047535944,12.368918386326591,1,SHARP_TURN
121.4,12.87141247904374,-1.2223937899237889,-6.241550404195575,16.14838555509793,5.413631180487286,0.41939594459818347,27.067027258929933,2.102879330687166,7.505002272275035,12.345436176619105,1,SHARP_TURN
121.5,12.559360042296786,-0.07304702426015536,8.177775811098993,16.067809630659386,-6.625537648153932,0.4061411463088705,26.65877256462575,2.1226218911509553,6.8467051191649375,12.349323910950924,1,SHARP_TURN
121.60000000000001,12.820343486905731,0.41316137229600963,-0.30791260414530675,14.823278025467145,-1.2514731379692634,0.35489881127177714,25.421472793076905,1.9829010680596464,6.975647809958494,12.321145783532863,1,SHARP_TURN
121.7,12.651802385024348,-0.1346295450892167,-7.323695639276015,15.817515003065534,3.3693622315603378,0.36925210622567906,25.83740385614541,2.0421915447184475,6.772006808474268,12.37825783029799,1,SHARP_TURN
121.80000000000001,12.781310454080252,-1.0515777555591934,-2.31903815426157,15.497150471779213,0.40304597917418583,0.4129447198656161,25.731698049652902,2.0132284668383456,7.764140541021682,12.324095375826722,1,SHARP_TURN
121.9,12.450263192726627,-0.5984371759415308,7.976668138168739,15.898124198900371,2.312098538636098,0.40045055542354724,26.334168631588042,2.1151495533823184,7.090175625889017,12.401959500417524,1,SHARP_TURN
122.0,12.685338332730177,0.5437558720745542,6.101105843498287,15.959570179506432,-1.230445668950555,0.4046650014307145,26.276433420513563,2.0714018602654223,6.802592670593347,12.343591892276484,1,SHARP_TURN
122.10000000000001,12.569615351042025,0.6217839927581266,2.8083902041305513,15.65203506511026,-5.436992976530188,0.426301631764416,26.011178805511246,2.0693695136307344,7.1839661969945965,12.35627718201945,1,SHARP_TURN
122.2,12.83332018659172,1.1054339129006645,-11.125431633664986,14.872171584200395,3.714233137481875,0.37658450822102113,25.455447181593716,1.9835433708098096,7.576843953805217,12.353071939390707,1,SHARP_TURN
122.30000000000001,12.80751373534214,-1.6033023339748704,-5.853183823396148,16.394881692606635,0.0983808595404323,0.37118690975567853,24.92028294097765,1.945754926048645,7.549072033772465,12.283616493999789,1,SHARP_TURN
122.4,12.489065338414136,-0.06520285177856525,8.669515472056323,14.891847756108481,-3.67525021415096,0.38625358280934274,25.851944306669584,2.0699662950079714,6.643389036225574,12.388685237116347,1,SHARP_TURN
122.5,12.813737020344266,0.13060076043639424,-4.2513556059630835,15.659831649776443,4.245582722620576,0.41969869899147405,26.30240614704109,2.0526725423879837,6.732537883410567,12.37698789930992,1,SHARP_TURN
122.60000000000001,12.517474807756757,-0.9154739729711819,-3.354047539333426,15.740964300632596,2.997772707633022,0.418413684636192,25.52341901852807,2.0390229986891497,7.081887033733046,12.389588785639564,1,SHARP_TURN
122.7,12.629295304250727,-0.540208747430291,2.951386708233368,16.259386191303047,3.5974302349516574,0.39874342948813724,25.977220564172345,2.056901825348008,6.84125131864323,12.318581001145748,1,SHARP_TURN
122.80000000000001,12.355658724584169,-0.3251966313245083,10.790541222506555,16.460450347622928,-0.6495611767231324,0.4153732012958569,26.46236214433675,2.141720059949887,6.731955354460907,12.376424604247765,1,SHARP_TURN
122.9,12.584253020229566,1.6178994970710203,10.041150195411307,16.12947395595842,2.7248779115536514,0.4228154674324442,26.65861894545883,2.118410914227829,7.364465374297896,12.357571308491746,1,SHARP_TURN
123.0,12.689245737464782,1.6830334077577531,-7.557268873511691,17.005425929933658,-1.2082169428303224,0.4193179404937895,25.561137401076188,2.0143937575113204,7.545071801778041,12.295265085964516,1,SHARP_TURN
123.10000000000001,12.889761013696374,0.10644572236868206,-20.764936471569452,15.887830567392356,-5.898606990762119,0.40452025787810275,25.70824451738509,1.9944702225330695,6.71450945629782,12.34556616627783,1,SHARP_TURN
123.2,12.709812291031476,-2.469953886556138,-0.4211711853114953,15.825704531781234,-0.378448811448413,0.4194135817421357,24.82652358878021,1.9533351886163373,7.759631352865665,12.306466496122988,1,SHARP_TURN
123.30000000000001,12.417397396558558,0.022211485306383005,16.629417532465048,15.812140805102674,0.5050708565593975,0.41350477994164214,25.786289794669987,2.0766259604300474,6.45046661381527,12.437563051083773,1,SHARP_TURN
123.4,12.675170995472913,0.8559296199368718,-1.9095700082718605,15.926718703093114,3.9852348576115926,0.38560490207298354,25.754335893011973,2.0318728561697856,7.035718964081847,12.33301371639353,1,SHARP_TURN
123.5,12.57230444581879,-0.3597025163479891,-2.9462245287807898,16.609187776624992,-2.9513695053867472,0.4353343957193791,25.741646786428916,2.047488342122505,6.7735831731789835,12.314224947168057,1,SHARP_TURN
123.60000000000001,12.602161623369406,0.26668471418071377,2.422917664361082,15.336444802015764,-2.036916433532898,0.38013682689127126,27.039266878740086,2.1456054672873393,6.623356265783656,12.362452253305637,1,SHARP_TURN
123.7,12.61843156139847,0.12488101652422733,3.238906589225079,16.201804489918413,9.113489433056605,0.42751625226068246,25.119351153567898,1.9906872760962997,6.567325043512762,12.39451995718175,1,SHARP_TURN
123.80000000000001,12.632704565438639,0.9144660320257295,4.698837813831607,17.159142688627085,-0.5075008166951456,0.4420266198850124,27.06490183330053,2.1424471452729468,6.928720955116669,12.329618861906614,1,SHARP_TURN
123.9,12.804001070501155,1.0646485792905487,-8.12037141157873,16.100304326579383,-87.81656337107259,0.4665799152666394,26.073835458529484,2.036381855559228,7.205663528061522,12.338754746490219,1,SHARP_TURN
124.0,12.857764752835283,-0.7096082502900168,-15.356950011439276,-0.4041699855874334,-83.7788726514201,-0.01003282598667632,24.7145070341789,1.922146462411289,7.100103399904369,12.291122182906491,0,NORMAL
124.10000000000001,12.651964397008449,-2.0067414229973064,3.0840922878334847,-0.6554702037046382,0.030737216555058733,0.02681007482980158,25.173264837289164,1.989672437209938,7.925454242018909,12.328732716798815,0,NORMAL
124.2,12.450213210119754,-0.09278979272331989,9.980038558887165,-0.39802254227642164,3.300678950197824,-0.0004477708609126798,25.2418677488606,2.0274245366612327,6.612817541066207,12.390440361832644,0,NORMAL
124.30000000000001,12.610357803182549,-0.010733711219873557,7.060167886814919,0.004665586334926697,-2.090888769048863,-0.005233890015096492,26.194616488105165,2.077230233823681,6.919492365851246,12.339980944974782,0,NORMAL
124.4,12.435161120152033,1.319243784639664,2.794029848131927,-0.8162002960861943,-2.331567928204116,-0.009640817922657963,24.692048823786905,1.9856637630349432,7.175995733112994,12.324855517809992,0,NORMAL
124.5,12.862364181066784,0.5480722584065119,-9.238655445371322,-0.46164799930589656,-0.028685224760338635,0.01553363069041971,23.969896199955354,1.8635684593069366,7.226827538638345,12.312028090836193,0,NORMAL
124.60000000000001,12.546472749036733,-0.5284873044346002,0.495486543681955,-0.821937341038262,3.9564034812179036,-0.015758451029540092,26.240929849513712,2.0914985728979794,6.87616377507239,12.345292763763709,0,NORMAL
124.7,12.75326599953681,0.6471695671429029,3.5162237143782513,0.32963269693768416,8.383960993179205,0.003450356851400581,24.986619844577866,1.9592330188584919,6.982205015840636,12.346437324660913,0,NORMAL
124.80000000000001,12.667145528633087,0.1747574384410501,-2.274708318568576,0.8548548575975792,-1.3795250610074021,0.04910283290108931,24.911008784609468,1.966584241753605,6.4683887650455025,12.375407179411177,0,NORMAL
124.9,12.766188985095733,0.1922279034291876,-5.8949688144547645,0.05372768473620371,-8.15228994906177,-0.027378082531204963,24.42655263675982,1.9133785866147937,7.019047049258209,12.388454615943003,0,NORMAL
125.0,12.725925981956488,-1.0042363244499029,-0.5239717356915881,-0.7756031322147747,-1.982506814846677,-0.031098213240426886,26.31017439832914,2.0674467567729953,7.055154285811095,12.329295490429377,0,NORMAL
125.10000000000001,12.554959694267806,0.08743355629086999,9.300905709280121,-0.3427736782331317,3.946815091882124,-0.021222213506545302,25.47963252233639,2.029447576320741,6.685469557649328,12.31773804412828,0,NORMAL
125.2,12.74671355257639,0.8559448174061215,-6.165190012199155,0.013759886161650164,-1.4750674646879631,0.018415734818147955,24.942026801497143,1.9567417670930414,7.061341444016938,12.358223752742173,0,NORMAL
125.30000000000001,12.700260141863104,-1.1456044461489612,-0.6684935583522256,-0.6377871711707244,0.4379584083864517,-0.050623285569899396,26.267952784373197,2.068300372666204,7.367454725253161,12.372128601492513,0,NORMAL
125.4,12.524802482949429,0.7222461057356764,13.528591844386288,0.10135156783894052,2.9947105730885806,-0.011538214478256332,24.617961399999988,1.9655368963713011,7.14295288802022,12.3431422135036,0,NORMAL
125.5,12.790678198944887,1.5601139227282965,0.013979946377581931,-0.03884505655300814,4.827645121361344,0.026943946544224783,24.234800283743947,1.8947236344154992,7.721700157810128,12.348800406910257,0,NORMAL
125.60000000000001,12.792819944736504,0.7250420950111928,-11.49654667617952,1.0668805921112092,-0.1985985483582537,0.02486949184229308,25.561011117709914,1.9980747972792952,6.972143037008275,12.365822236177006,0,NORMAL
125.7,12.931637062570788,-0.7391954125076073,-5.218959660777825,-0.07856476622465888,-7.308920656769313,0.009512300765760361,25.683809485446115,1.9861220479025892,6.9636068653230785,12.328278467214583,0,NORMAL
125.80000000000001,12.643407679367455,-0.31874983714437227,5.152234533702119,-0.3949035392426534,1.1962508396339853,-0.027181009210224864,24.725003819297598,1.955564864023635,6.747354655403769,12.381926443008993,0,NORMAL
125.9,12.847018828465727,0.29125149423281654,0.11042863975110839,0.1606854017021382,1.330931683343618,0.03225271911024675,24.03390971431076,1.8707771845914734,6.789284761808495,12.367766847265663,0,NORMAL
126.0,12.708737137943672,-0.2966641091941506,-0.03971536303894768,-0.12871720257392985,-2.3583324795735816,0.017187426480925843,26.206249519554795,2.062065588036474,7.186238328215209,12.343273871315889,0,NORMAL
126.10000000000001,12.783485404506067,0.283308421625027,3.0856935681822915,-0.3109810942125782,0.38472032743599044,0.01974970277122458,23.73915435225313,1.8570173627205995,6.764622012696439,12.33584113358662,0,NORMAL
126.2,12.782947509789489,0.3204746044423078,5.275948159398947,-0.05177313708673176,3.1309587412445072,-0.0036676649485399586,24.653315154672555,1.9286095899081532,6.740293513326205,12.321105384367725,0,NORMAL
126.30000000000001,12.84648350657466,1.3384980535048165,1.6640168146895788,0.3152106540363232,3.540764690026964,-0.006035673710831578,24.32741783129164,1.8937024921132066,7.515974733313,12.369316062573288,0,NORMAL
126.4,13.05999041260758,0.6532779673802236,-9.128248883431569,0.656379800918661,1.153490864986632,0.07188145875845879,24.456305713037573,1.8726128381708809,7.018018996389621,12.33931975968136,0,NORMAL
126.5,12.954456542271856,-0.48715172318149735,-3.3354477277554695,0.5459088270336496,-0.7047485733985559,0.03473225516648483,24.15747803101946,1.8648005767120277,7.151342960536615,12.335514133726464,0,NORMAL
126.60000000000001,12.97704039155147,-0.013811578170870276,4.964562247158377,0.5154300862389498,-2.3499722510380736,-0.0043938681257893845,23.86843083098818,1.8392815396126383,6.716660352947545,12.361717304744039,0,NORMAL
126.7,12.954784991407871,0.5057607262501782,1.108554811147015,0.07591437682603491,3.1765509191961816,-0.027325931844846742,24.04241791116522,1.8558716279051415,7.060916253460198,12.307907290928807,0,NORMAL
126.80000000000001,13.053749611482694,0.2078993840585327,-7.293313235123731,1.1507402700781861,-0.11613158391271944,0.04239129742451518,24.983168852355572,1.9138691637212957,6.793290856621228,12.370220542734707,0,NORMAL
126.9,13.025855733644972,-0.9529019207745678,2.250714819043443,0.052688060043491025,-4.814275885120491,0.01921521891929443,23.522303361461674,1.8058163580535467,7.515232066200865,12.323279635248085,0,NORMAL
127.0,12.848218546328436,0.6580423478672214,5.081773832704109,0.18788509305408796,0.950916759996463,0.040601116368827454,24.35789703504736,1.8958190154702792,7.242797587670234,12.342143544750414,0,NORMAL
127.10000000000001,13.159525526764975,0.06345284576625404,-6.785710449938271,0.24287141204278362,2.4930921044810415,0.028882931220337825,23.840695988625757,1.8116683568975567,6.738294212540375,12.361852574117558,0,NORMAL
127.2,12.869849947882813,-0.699099742120433,7.921641274058042,0.6865035139502963,4.593302195656292,-0.021835749875060123,24.593125106095627,1.9109100110480606,7.165983285923228,12.335300991866214,0,NORMAL
127.30000000000001,13.019955339585138,1.6477811005778624,6.9319787545920075,1.161531851174042,-1.1143880150768626,0.03417136275483376,24.355095884493537,1.870597498168498,7.556478381931095,12.324946881974027,0,NORMAL
127.4,13.18812823776288,0.6872960087979685,-16.128372003618043,0.4636259109349238,-5.385278284939369,0.00613534948680091,23.812470935414417,1.8055989831240644,7.404127149900551,12.399400957333466,0,NORMAL
127.5,13.174173576900152,-1.5778933001457462,-5.369462576221109,0.08447619418616792,3.2500467695782422,-0.013253223678752205,23.582803673664642,1.7900784087903003,7.735556159342646,12.342510251595527,0,NORMAL
127.60000000000001,12.854359965522578,-0.3865965064462533,20.852515488641004,1.1136352648505723,4.11674780668345,0.03208891747513128,23.95984023662678,1.8639465753947182,6.897256218589616,12.395805570417265,0,NORMAL
127.7,13.104362552183838,2.5926097975824542,-2.3998173170963946,0.9078257555228579,-0.897341121829785,0.020614126607745416,22.81006369326125,1.7406465673112774,8.171433717605787,12.317241400372406,0,NORMAL
127.80000000000001,13.37540452585121,-0.8665599698655323,-15.669581895615211,0.9341670404846153,-1.7917684546556767,0.034354946713428695,23.30532390208032,1.7424014247223056,7.104397516153215,12.32939486708383,0,NORMAL
127.9,12.913685125898704,-0.5413065815405882,13.921436850164074,0.5494720645917226,2.3800891892838365,-0.0099232047485288,24.064482001565334,1.8634868178180557,6.942274333108906,12.375502623754288,0,NORMAL
128.0,13.272320343723628,1.9177274001672828,-5.202844610886481,1.4101848783413826,-0.9043017378807017,0.0372392367102158,22.435068821721423,1.6903652293421914,8.03045750224859,12.310400345396667,0,NORMAL
128.1,13.314720333671566,-1.5818755037178844,-13.870465941500084,0.36861171701558226,-6.121436323290974,-0.0029869773519094443,23.78688000564492,1.7865099235686035,7.943901101242394,12.310427834306735,0,NORMAL
128.20000000000002,12.932746765580688,-0.8563657881327343,13.724594532966229,0.1858976136831878,7.480616011060846,-0.014548993329018007,22.651835627350216,1.7515100262873766,7.618354988235724,12.36248929231884,0,NORMAL
128.3,13.138973363493507,1.1630434028753618,3.5410684768516076,1.8647349192277516,0.8272661646120422,0.06198602718202831,23.639392169922008,1.7991810711485114,7.329137549581409,12.341329165927187,0,NORMAL
128.4,13.146115343307455,-0.1481520927624128,-2.2341333439460773,0.35135084660559623,-9.558681603012548,0.0386429078388611,23.669498288028265,1.8004937329321509,6.748941331383223,12.380439122381215,0,NORMAL
128.5,13.077834706190426,0.7162167340861463,3.5543797886521182,-0.04700140137475828,8.859112209486883,-0.027571726248954247,22.25619075608765,1.7018253599391822,6.980226419122382,12.397718168891435,0,NORMAL
128.6,13.283052491545053,0.5627238649680109,-5.124591946495022,2.123173288502973,-1.6819945673080987,0.04238597162002478,22.27238240876799,1.6767518176221043,7.162281437636481,12.339059891487523,0,NORMAL
128.70000000000002,13.192525763791954,-0.3087016552128581,-2.0558443395556494,-0.38340031483637804,-4.932333333945742,-0.003412445300557551,23.15511142549168,1.7551689373268398,6.874384517675931,12.361173759431994,0,NORMAL
128.8,13.198633578060091,0.15155499705688097,4.6535561871641855,1.1367066217138246,11.706435613168885,0.0039151601150817054,23.632751542786114,1.7905453169084498,6.850692162243773,12.380858544465303,0,NORMAL
128.9,13.252627843446705,0.622009582219979,4.403992357622438,1.9578868077973992,0.6622397358788579,0.05686466417808336,22.4719331625206,1.695658659398087,7.489132371741104,12.323665994729716,0,NORMAL
129.0,13.326352681372763,1.0323534685813687,-5.745991674668964,1.2691545688895962,-1.1953693486367534,0.013980455654916995,21.705234650016806,1.62874532657055,7.839996590677956,12.325215704506967,0,NORMAL
129.1,13.471715828104996,-0.5271887527138138,-8.740074480478105,1.7188129380700485,-2.8367824949238383,0.04812248304039852,22.706438879782485,1.6854897452937512,7.194049745330818,12.373898809369456,0,NORMAL
129.20000000000002,13.242013998077033,-0.7156614275142525,2.800362961427777,0.7017980699048285,-3.9906626725743766,0.017993176306565283,22.027255627153075,1.6634369689045647,7.276967975425616,12.352247432347609,0,NORMAL
129.3,13.331406363786353,0.032883839571741666,3.890643584104572,0.9206804035551732,0.3594244132819058,-0.007376860824528455,22.141000818648173,1.6608150869057854,6.961717697902029,12.34274637836367,0,NORMAL
129.4,13.229635380615223,0.0624672893066619,12.498371621333217,0.7736829525612097,-0.3522666321374457,0.0014051460524799261,22.97597583641227,1.736705145334384,6.934745777301767,12.3628085953989,0,NORMAL
129.5,13.371258987506964,2.532558163838385,4.134583047147008,0.8502270771276841,6.3095401604766375,0.04226574305746869,22.79260112959422,1.7045964894472394,8.31279178060103,12.28549246634247,0,NORMAL
129.6,13.688851032317702,0.8893838987360636,-11.108994864942208,2.035590984656537,4.871520027246935,0.08446657164415874,22.808386613439207,1.6662016819082477,7.35189498460876,12.326495779454289,0,NORMAL
129.70000000000002,13.562318544247514,0.31075919084994363,-7.093789870767757,1.824531082577071,-4.593916316738418,0.03549037609229319,22.526753896660573,1.6609810352976366,7.205888317011415,12.332762512278622,0,NORMAL
129.8,13.707691610747261,-0.5293740754174877,-1.6135781781693765,1.1168077213088536,0.15153824593425846,0.018533304190859357,21.35822606463141,1.5581198257980862,7.395228380565865,12.313265362076075,0,NORMAL
129.9,13.473164291464906,-0.011956444783931708,6.540562229583881,1.8548387317639228,-0.1876971952999429,0.0845482438764463,22.25829581234694,1.6520466410735684,6.988716949208635,12.337550064638496,0,NORMAL
130.0,13.690169604991352,0.7787383704992887,2.716059085765785,1.079268282248865,-2.2777466706867364,0.013917481092530872,22.05427392770067,1.61095695408038,7.206852325620997,12.312898153349545,0,NORMAL
130.1,13.622332336378145,0.5312553723692253,-1.5959974812931323,1.3992893976265754,3.0353610594599556,0.040174056073086384,22.644017188706552,1.6622716748905173,7.235128830647672,12.37087123617453,0,NORMAL
130.20000000000002,13.798757495073282,0.45953887424066225,-6.289411197120402,1.6863404941408562,4.21505767776385,0.042305440583567354,22.426910184677933,1.6252847542748143,7.405043514766389,12.346587774711175,0,NORMAL
130.3,13.71889237528627,-0.7266268670548552,-5.491861480798607,2.2423009331793455,-1.1117583739573267,0.06079934534962884,21.5261550663586,1.5690884130803904,7.638312509774999,12.319301391221314,0,NORMAL
130.4,13.667000096565411,-0.6388334219190593,10.566377644538235,1.4639888193493908,-3.7506419789956444,0.047490659622314205,21.630166238453622,1.5826564780583703,7.310224693099771,12.34297758324259,0,NORMAL
130.5,13.583597318170469,1.3866486618527922,11.211820734387958,1.4921725373802166,-1.0716855417416993,0.0457064314814727,21.41406600212786,1.5764650188417137,7.777141293470937,12.3011256489972,0,NORMAL
130.6,13.960181259440795,1.6035307249585324,-3.7409023870402884,1.249651711001051,-2.1149201819301275,0.02797434908799284,21.83595798760225,1.5641600622366802,7.861332771359725,12.331962346599873,0,NORMAL
130.70000000000002,13.877853701710213,0.6384681844447345,-8.25490666000933,1.069188500994191,1.382132988535203,0.0228727478590732,21.768481596274764,1.5685769618390026,7.615159254646087,12.348939060881056,0,NORMAL
130.8,14.058426209142693,-0.04745060704333374,-9.668992403863488,1.5260783087080916,5.186768399655872,0.045288366657290406,21.220511984950942,1.50945146129874,7.338943034067805,12.29432587792499,0,NORMAL
130.9,13.873898379777781,-1.295330296327963,0.3403503310009943,2.1065421809253655,1.6863706161113323,0.04981968219738345,22.87139548099098,1.6485197494546815,7.762097789486402,12.373619501687148,0,NORMAL
131.0,13.803338631005424,0.02061945915686513,13.360169516453073,1.863352431930358,1.066325162062327,0.02241881594260848,19.956723615814116,1.4457896128829872,6.842565913772162,12.36374028385648,0,NORMAL
131.1,13.866815777547327,1.376703606962652,0.50095980547117,2.319807213337831,-3.037057489897562,0.016469183792929963,20.99428034711445,1.5139943216890261,8.018443345010596,12.319280465148763,0,NORMAL
131.20000000000002,14.083775836467478,0.12081142025109914,-8.844403427894871,1.2559409339508456,-1.5717963792785872,0.029323778302926942,21.44376155316772,1.5225861162631436,7.276780117485461,12.347500632317502,0,NORMAL
131.3,13.919427208024127,-0.3921770786163225,4.165259115609457,2.0054479374821135,2.9524219215217085,0.027083207005009033,20.560370393889144,1.4770988839279762,6.993351300155589,12.396274703608546,0,NORMAL
131.4,13.98498464788892,0.9538632433729907,2.0584763440771585,1.8464253182551873,-5.943373334692008,0.007099126985168305,21.732655780028406,1.5539992590059097,7.457165238832031,12.328548271805694,0,NORMAL
131.5,14.101925568997084,0.019518190199109206,-7.243764247307763,0.8167732705437118,-1.1111197479492974,0.06768748082458233,21.107257578438933,1.4967642167139918,7.3831951346925315,12.338281331550263,0,NORMAL
131.6,13.97630957905948,-0.4948896060885621,5.723807033067036,1.6242013686653278,4.680712463619061,0.0529227651996898,21.126203654840744,1.5115723886435555,7.641089407410975,12.35088605095231,0,NORMAL
131.70000000000002,13.993663459896535,1.1642795968125166,4.560724787293595,1.752915763267524,3.619081237029762,0.01538670057573785,21.521191947955476,1.537924076109988,7.717666171076536,12.295486632169508,0,NORMAL
131.8,14.18652761740312,0.417255351370157,-2.3073941005149026,2.3480176160712802,1.4815332421366656,0.09354619470384207,19.844836925347945,1.3988508999907472,7.348067490122294,12.370969367710096,0,NORMAL
131.9,14.063366177298406,0.702800776709536,-0.3881085652447941,2.049222411694857,-1.8218923601338521,0.03900843804678924,22.244016293244815,1.5816992896872664,7.650282510230839,12.318296024839594,0,NORMAL
132.0,14.329806820981611,0.3396336383211982,-1.227295810867468,1.9836391440445098,-2.030392558863179,0.0213675359205173,22.102585574687247,1.5424203445872544,7.320830242929531,12.347552830673887,0,NORMAL
132.1,14.139904847299503,0.4573416145360424,6.978749964574021,1.6431438999222214,7.090157004986906,0.0462306771718872,21.774146432723928,1.5399075642918802,7.236652993357655,12.341254779528697,0,NORMAL
132.20000000000002,14.414428561553565,1.7353836312360025,-0.010798974684546048,3.401670545041891,2.2701332237972105,0.08346883051583104,20.151835560870836,1.3980322199258173,8.36637565376413,12.308867627118083,0,NORMAL
132.3,14.501675245577514,0.4551818195991332,-8.069118395613266,2.0971705446816635,-2.306697631988983,0.028315886006115763,20.82760582487961,1.4362206760374994,7.5891642224330065,12.314289595486875,0,NORMAL
132.4,14.54017775495237,0.12155995211334893,-16.76947510000723,2.9403310186440943,-1.6334720689501103,0.07650220069335735,21.325809005760135,1.4666814508850543,7.940638628877438,12.29378633645955,0,NORMAL
132.5,14.529528497013121,-2.8987132004023133,-8.321905872933206,1.7704761308916415,0.6015703519194315,0.03057252595353702,20.367359391355027,1.4017908010946127,8.982324299582126,12.274496965441463,0,NORMAL
132.6,14.009372958916996,-1.5428212224732922,25.063400928130537,3.0606450890279806,1.7645905595961353,0.10972606680076329,19.085734278796885,1.362354641764946,7.653126170079443,12.35074635139897,0,NORMAL
132.70000000000002,14.191879485639767,2.1139669852237946,13.76450156866092,2.1233942428108685,-0.6839851492876736,0.0748197401300629,21.351199009291904,1.5044659187598362,8.256322677737183,12.326212747163739,0,NORMAL
132.8,14.444579655957531,1.210079091258892,-3.5288509844763882,2.923848059170446,0.8650449897957091,0.061478490130711896,20.369789427733146,1.4102029905267488,8.121764388664984,12.34461288267822,0,NORMAL
132.9,14.405827270710267,1.408196788328517,2.984149832852152,2.2964032407700103,-5.590944031543939,0.06661496186696521,20.28318457370675,1.4079847128908902,7.947809433752075,12.306364860759816,0,NORMAL
133.0,14.736999858079058,1.8069090578293223,-12.251780393929085,1.805659252861658,0.6193814851260626,0.04411647982710839,19.74730956508156,1.3399816621600749,8.706387319842136,12.294832270059297,0,NORMAL
133.1,14.759705017469292,-1.0421592904573,-23.378678516279916,2.420279537795223,10.153813227981269,0.03794726229548209,20.203278750364202,1.3688131792913207,7.790495330128775,12.297425748252722,0,NORMAL
133.20000000000002,14.526542780998497,-2.8688266454266613,-0.8090550921137318,3.836421898457912,-3.829683741029617,0.136785286050378,20.890530155139192,1.4380937343512412,9.084399097984534,12.29684873011297,0,NORMAL
133.3,14.186014561489142,-1.2039703088800464,32.18550312035308,1.6543427895892995,-5.364274859988784,0.031541303509820845,20.907669363911957,1.473822635193829,7.479621700887522,12.34463095115061,0,NORMAL
133.4,14.270059299178188,3.5682739786439557,18.983837652467592,2.7635669264601552,1.7769743995463916,0.05713075754771468,21.34784857417844,1.4959887780850258,8.879694594983718,12.243884295867057,0,NORMAL
133.5,14.914225978529531,2.592797221613472,-28.045639047949866,2.009737669498578,0.7229433690466491,0.055178697220420826,20.428363042069503,1.3697233146043317,8.797165173307148,12.295970754034137,0,NORMAL
133.6,14.781970131766325,-2.040853830946018,-13.632990583696754,2.908155600269485,5.547623925237059,0.08962544188958317,20.54619735142784,1.3899498624526536,8.589049269704367,12.300127760878151,0,NORMAL
133.70000000000002,14.505333491884665,-0.13380089512587892,13.524376354827217,3.1192624545459897,1.3478929730638312,0.0985028507807419,19.93834664404639,1.3745527915784457,7.574358608108256,12.329133667148653,0,NORMAL
133.8,14.706086744526381,0.6640214400194254,2.8686985671970486,3.1777341948822513,-4.492470893770785,0.07179788121813677,21.157960785615103,1.4387213371694625,7.901397763241237,12.339412335930104,0,NORMAL
133.9,14.623079969791311,0.4399388183135308,-10.059350121781844,2.2207682757918326,-0.10737805252683863,0.06243682135325834,20.84453597786755,1.4254545568326689,7.6036611132483705,12.339865736715389,0,NORMAL
134.0,14.788706975305416,-1.3478485843369437,-1.359139971165914,3.1562585843768836,-1.3250666997663618,0.08336896145224898,20.524026749973117,1.3878175275394051,8.012717630162218,12.297335136987249,0,NORMAL
134.1,14.359848864350578,0.168110824080348,20.23751648773735,1.9557549358385602,2.781793542286335,0.05838130275518828,19.70292868479086,1.3720846835446079,7.759927508556504,12.336068774827591,0,NORMAL
134.20000000000002,14.814377238143479,2.6996547132105264,-4.263618292832447,3.7126172928341505,7.6898462808601815,0.09870899848258854,20.047164276525052,1.3532235580519982,9.031540887791422,12.292062517839152,0,NORMAL
134.3,14.877755913600671,-0.6846128344861414,-18.323197863033784,3.4937241920105966,-7.952773641465917,0.06092029567053056,18.471970851044265,1.2415831364835002,7.584838653947896,12.31068021785721,0,NORMAL
134.4,14.695921640537662,-0.9649848593962302,7.880343571932165,2.122062564540967,-0.4657057000963061,0.03164791322176231,19.97331557632905,1.3591060203556113,7.866270707816017,12.315980558899685,0,NORMAL
134.5,14.690944983865144,0.8914558799002914,11.35090069600622,3.4005830519913354,7.600111508427087,0.06336459233929784,18.74038350594244,1.2756418002058232,7.981810022111417,12.285285650139492,0,NORMAL
134.6,14.910603564722592,1.3051952798050137,-12.666178150502878,3.6420848662263845,2.8556423810895315,0.11129696473197406,20.81944295968616,1.3962843871017705,7.933192011559275,12.298018407537828,0,NORMAL
134.70000000000002,14.949658997216131,-1.641779750200284,-11.97023341490186,3.9717115282092417,-8.278126580556375,0.0863858430639556,21.56575275799687,1.4425581721972898,8.524040733158424,12.294021883116871,0,NORMAL
134.8,14.561228308892979,-1.0888514031753587,19.326819418364323,1.9864595501151094,-4.8381690575325305,0.06426662365336996,20.888246613505455,1.4345113042934967,8.257157932483114,12.316846465865014,0,NORMAL
134.9,14.69076896007649,2.223584133472581,8.544703010676209,3.0040777167027355,8.245820092912318,0.06915859652776013,20.29105765825214,1.3812114065230314,8.429545336735437,12.315845634462557,0,NORMAL
135.0,15.00184840994972,0.6200891989598831,-9.564851621865683,3.6356235686975733,-6.55468181047201,0.0856519469111442,19.212959182784765,1.280706127522399,7.899185205069672,12.334787306111041,0,NORMAL
135.1,14.831327207502127,0.3106138090994445,-1.8443925280569007,1.6931413546083334,-1.5049951123681682,0.02426168664042047,19.890598477003806,1.3411206022710191,7.718605676689944,12.358950775960814,0,NORMAL
135.20000000000002,15.062796188001732,0.251210693348503,-4.934519195569059,3.3346245462239397,5.57672556990003,0.09759910863181814,19.456255541966907,1.2916762133092383,7.895705634219358,12.290913753460943,0,NORMAL
135.3,14.861558113637551,-0.6762900300143673,5.3400574820370235,2.8084864685883395,-2.5575556232591867,0.09967381349900807,20.49741530559564,1.379223843749358,8.038535047091528,12.312115076885068,0,NORMAL
135.4,14.939230308514329,1.3192221897559078,8.386091927663982,2.8231134215721023,-1.8847123351419248,0.08151907497498405,19.48006923375423,1.3039540077678524,8.366033107037582,12.294581618339958,0,NORMAL
135.5,15.107275021211922,1.0009283555184292,-9.540143286384057,2.4315440015599545,0.9081776224938687,0.053282152413622566,20.835650914643445,1.3791799570331769,8.347643551336246,12.348728928441771,0,NORMAL
135.6,15.134341886993997,-0.5888064675209038,-10.962798556231649,3.004748946070876,3.0486924136812887,0.08505948424146713,19.752170492837816,1.3051225246743132,8.376276309307972,12.327155859799863,0,NORMAL
135.70000000000002,14.992288147691447,-1.1916313557279008,9.407471700245106,3.0412824842962123,0.5649644605642035,0.07864373594743544,19.367385133445598,1.2918231655271275,8.389344189486561,12.310534778815768,0,NORMAL
135.8,14.889796351196903,1.2926878725281175,7.83230774741515,3.1177418381837168,-3.093592204382578,0.048086076146841975,20.364301357516126,1.3676682257564363,8.122031898211395,12.32034977734457,0,NORMAL
135.9,15.2126073848839,0.37483019375512916,-5.766277625718492,2.4225640434196967,-0.07250697432069853,0.05799180537635382,19.470657100478025,1.2799026891225211,7.840923250387384,12.355415023357798,0,NORMAL
136.0,14.939566308600812,0.139432347384419,7.673179199896247,3.103240443319577,4.0311148915947665,0.0760280684499923,20.392355721878456,1.3649898063063877,7.528920967070939,12.34598178097591,0,NORMAL
136.1,15.248556575262933,1.9094660337343787,-12.482611692855956,3.22878702173865,0.842501087881824,0.04910847317248025,19.051251742703773,1.249380664240036,8.674922656111027,12.280882963746016,0,NORMAL
136.20000000000002,15.28944769574762,-2.3570899911867724,-16.332028926032372,3.271740660895942,-4.04915994761003,0.08314071022170313,18.86256500676723,1.2336982592257655,9.104590230481616,12.266925490396266,0,NORMAL
136.3,14.792685495587968,-1.356939751472096,16.211906430031657,2.418955032216644,-3.4308973123835385,0.056468500151154025,19.965186334329033,1.349666113045113,8.411721793612836,12.331486448951113,0,NORMAL
136.4,14.977962007701471,0.8852912948195589,10.25527636557825,2.585561198419234,3.8834450637192086,0.05705490100887865,20.66118364410858,1.379438913884604,8.220912412665617,12.29696359678129,0,NORMAL
136.5,14.968777370615694,0.6941155216435543,3.648609741667142,3.1956440449604857,0.5777341058447361,0.04898570104399668,19.461500985132076,1.3001396509066785,7.9506232289113195,12.341569268338343,0,NORMAL
136.6,15.116057362924762,1.6150132431529873,5.751162377784089,2.7011080195881814,3.122476297377663,0.05858571736604777,18.6313738161893,1.232555114661484,8.490426581042401,12.36945053746963,0,NORMAL
136.70000000000002,15.324736024018023,1.8443479972003722,-11.483111756626778,3.8201393044360183,1.2000580503916836,0.09893637676586753,19.45659809313634,1.2696204399633746,8.897949496651965,12.31939006817181,0,NORMAL
136.8,15.462113469869273,-0.6816091081723685,-22.955439246429247,2.941119629666518,-5.608049768897813,0.09668375847459634,19.398035549354006,1.2545526578339106,8.145297643278056,12.342152383678163,0,NORMAL
136.9,15.230960978252774,-2.746739852085477,3.634860002103855,2.6985293506564556,-0.38726495768725444,0.061178556936387685,21.059201928701306,1.3826574671664034,9.31578960569225,12.299883274997255,0,NORMAL
137.0,14.936404160835362,0.04536289224840251,24.182061912765114,2.863666638129067,-5.932746663195821,0.06360982623789328,18.585721900156575,1.2443237140629912,7.5475340833001505,12.327130408799542,0,NORMAL
137.1,15.26470357501776,2.0896725304675456,-1.017523183038127,1.5119800180172913,-2.754506832722592,0.023903392635546188,17.9531315206012,1.1761205471414018,8.84631153670989,12.29973133299272,0,NORMAL
137.20000000000002,15.363454627168853,-0.15814174435922293,-22.410289523869224,2.312765271584549,6.191796880492316,0.052224756111976106,19.72900658363932,1.2841517134271605,7.773762686091618,12.324928769966535,0,NORMAL
137.3,15.241870693390753,-2.3923853743062997,-7.609390635937716,2.7503393941157546,8.355533176119025,0.08257909105634305,18.445973620469765,1.2102171702892341,9.277070246300486,12.268017009019879,0,NORMAL
137.4,14.889804823141391,-1.6800198715467662,13.870447557512593,3.983871906808354,3.2933259788249503,0.10319037763402229,20.61609461787682,1.3845778949255103,8.589389465049901,12.308804832176557,0,NORMAL
137.5,14.90164807800034,0.381704137196219,12.29099187519615,3.4090045898807446,-2.467889490957187,0.12906002710502848,19.019079188941294,1.2763070963284668,7.698868413905075,12.331619811273912,0,NORMAL
137.6,14.989172306746818,0.7781785034924641,4.162268830606409,3.4902940086169165,-1.5234744199302397,0.05695415585650205,18.40209122322041,1.2276922865805868,7.792717586606976,12.3276366711175,0,NORMAL
137.70000000000002,15.044314554869134,1.2141579033175007,-2.402058019808453,3.1043097058946967,-5.085842670490743,0.05604765715384795,18.968592807267182,1.2608479261773973,8.161681258121513,12.354086274690298,0,NORMAL
137.8,15.232651065671375,0.2977668995307735,-8.331305957976038,2.473125474518768,3.2276239411833973,0.08420938514676748,18.170752021239675,1.1928817868210522,7.9538208300731785,12.33246552141361,0,NORMAL
137.9,15.115004768483665,-0.4521032882777072,1.8284843415240548,3.749834494131376,6.811530197502226,0.11094162545497273,19.35250629924841,1.2803506578840367,7.815077136968802,12.324890453854243,0,NORMAL
138.0,15.167653506026335,0.6634637678355845,2.9804677361413887,3.8354315140192132,1.764834757502316,0.14770362211596444,20.03339038513011,1.320796943124429,7.975319476026354,12.306176663567747,0,NORMAL
138.1,15.273114335576953,0.14399025895057066,-7.6968470773190205,4.102801445631839,-5.815199957754011,0.11389395194450296,19.307047330318177,1.264119871436086,7.808605342671693,12.324447181370335,0,NORMAL
138.20000000000002,15.172704294731657,-0.8759056476282198,1.8370765342653597,2.672391522468411,-6.293350962621284,0.10727316841208948,18.502214758608062,1.2194408062795037,8.293288755219777,12.356909209960829,0,NORMAL
138.3,15.088856524105829,0.5114055658036426,8.73004041793827,2.8441312531075824,5.796925098301138,0.048520442635698435,20.208628320647122,1.3393081369924877,8.531859248276726,12.291853484609534,0,NORMAL
138.4,15.261700512463722,0.8701024359594342,-2.410066622830548,3.8317765421286385,-2.0290593967765758,0.09983764385104049,20.03607323395793,1.3128336005280103,8.323652643660289,12.322277886885951,0,NORMAL
138.5,15.255577658893293,0.029392241237532896,-5.73934099230391,2.4383193737522673,0.8962399562445222,0.05330323711954073,19.96363432670923,1.3086121530816868,8.066060300158572,12.326569392668844,0,NORMAL
138.6,15.26378773399223,-0.27776576250134766,-8.861453766798416,4.011024533377543,7.974586585558634,0.09367667165710539,18.25941151577437,1.1962569077864553,7.836599085027561,12.311740836516222,0,NORMAL
138.70000000000002,15.17469634297593,-1.7428985121221503,-0.24401292384271855,4.033236690863994,-0.5845098479692457,0.11105395997209393,19.627409418031583,1.2934301269966912,8.546489485534297,12.303005586769553,0,NORMAL
138.8,14.901954858104066,-0.32656834726989137,17.896602218605054,3.894122563783694,3.749543219426692,0.09087665385944253,19.11647876569978,1.2828168483750138,7.679415346006706,12.347373146036801,0,NORMAL
138.9,15.10988758681205,1.8364219315988606,7.073652829747236,4.7831453347493325,-0.6839638972621787,0.12231107865468642,18.390574290017483,1.2171218471584675,8.722281662116217,12.296232531670993,0,NORMAL
139.0,15.285683937726446,1.0881622186795559,-10.79264395237852,3.757329784331258,-7.3149976947695805,0.10717575427482877,18.28046276422192,1.195920499121671,8.215673036666448,12.300793429391108,0,NORMAL
139.1,15.309248299388152,-0.3221068588768435,-7.373605603779102,3.3201457957954164,-4.737637353614774,0.10024062546696713,18.865538605388213,1.23229685981004,7.841757462755769,12.356422679020183,0,NORMAL
139.20000000000002,15.235180455102693,-0.3865589020762645,-9.462034017303942,2.8098023136083032,0.33745856273619257,0.07257088236465667,20.059885128320218,1.3166818199125168,8.103324469831144,12.33048481846592,0,NORMAL
139.3,15.229775343162705,-2.214513662337632,-1.9785065213022093,3.387637508342655,1.3985796853217192,0.09181619178475149,18.886074892561773,1.240075737626723,8.894222270116062,12.259461162617416,0,NORMAL
139.4,14.802677650864386,-0.7822602063367063,17.26609851172844,3.089518250672647,-0.5277591985281149,0.07172811449489033,19.92969854617121,1.3463576669189603,7.931447263375406,12.342292536927342,0,NORMAL
139.5,15.062352640590033,1.238706040008056,-0.9104770167128506,3.282085668637032,3.007778927709155,0.11122801625793902,18.571408797750134,1.2329686630562542,8.091352785686432,12.333394984746914,0,NORMAL
139.6,15.04520283426175,-0.9643556096792765,-5.443993088544841,3.691074036214478,1.361009943700271,0.08994631509182437,19.334282071080324,1.2850795222947244,8.01234939578365,12.322977090088974,0,NORMAL
139.70000000000002,14.861474019316029,0.14990742229908793,6.132639612459266,3.554287657377086,0.7641792697219474,0.08804744106590215,17.892881116226043,1.2039775524937821,7.560586603967211,12.336331122799752,0,NORMAL
139.8,15.099263066688549,0.2621723128125768,-9.186689651274786,3.8439098901588675,1.114951620375979,0.041357444430318684,17.904898826919506,1.1858127610492892,8.064621985924573,12.337464638450516,0,NORMAL
139.9,14.905410223424402,-1.6874305079558696,3.6624910568410853,3.777277981452282,0.05743423978876727,0.08032450592657783,17.566071006964307,1.178503022973402,8.589756175042721,12.309071415736009,0,NORMAL
140.0,14.740529419059428,0.9946705241807939,13.187370046108509,3.855396738116621,-6.907810368677096,0.10135086267839805,19.44716672289873,1.3192990678987175,8.15401576639293,12.301856446010905,0,NORMAL
140.1,15.095797366028277,0.9500435012658324,-10.07355767284188,2.3957159077168626,-0.7030847634714799,0.05479416059724367,18.115473931328943,1.2000342540431932,8.357727355730061,12.31665648003154,0,NORMAL
140.20000000000002,14.947160837674755,-1.0200410103875819,-8.419628702577892,3.714779785422325,8.711901033049223,0.09647136641516202,18.790109310626935,1.2571022359822286,7.960005414034634,12.378168262683058,0,NORMAL
140.3,14.870128840388166,-0.7338822392497463,9.012151062351723,4.138096114326707,-2.883331582796582,0.12144624916612548,18.21924128151618,1.2252241710261194,7.772768661845854,12.349303315662729,0,NORMAL
140.4,14.773371279964985,0.7823892020827629,8.63897470216844,3.1381134688630086,-4.560416531249878,0.09422847213407495,18.86166137953327,1.2767337273322745,7.83524270915084,12.320440016575622,0,NORMAL
140.5,15.039125976414335,0.9939127011839419,-5.949696443024407,3.2260128080767316,5.757142698054452,0.10155711918182865,19.362108377953916,1.2874490451319618,8.299624706653768,12.28603007771078,0,NORMAL
140.6,14.990469076457213,-0.40755008652211855,-9.556487207299098,4.289542008473899,6.400746592523641,0.15553228526766374,18.0914709363759,1.2068648982298267,8.274539329884755,12.294866367885472,0,NORMAL
140.70000000000002,14.9130680035052,-0.9173847402758776,-1.876602450749008,4.50616212658146,-1.4173709705589177,0.08184164159728993,17.800930608851733,1.1936464451625757,8.221629685311415,12.307410886823137,0,NORMAL
140.8,14.807426682463857,-0.7828705766719202,7.160446390654935,4.006067814362115,-4.324810572553732,0.11157880760222794,18.3184625200633,1.2371131671215696,7.9589866707779615,12.31152513811606,0,NORMAL
140.9,14.754952940653808,0.5147045378551095,10.372251264921019,3.6412000120707133,-4.175750423870688,0.08494056580717572,18.122985908358483,1.2282645685995277,8.204536700856924,12.304667909906653,0,NORMAL
141.0,14.926883532204036,1.291579676312284,-11.040720084899444,3.170917729587978,-4.973586360701858,0.07123149204300426,19.482867727678123,1.3052200538474605,8.247387581378817,12.281465650485067,0,NORMAL
141.1,15.027867957173337,-1.6934394791247795,-15.726437828452022,2.6464827399303417,3.7338140812714604,0.074495517483852,17.961255220180895,1.1951965023493136,8.437858236072252,12.312023480263834,0,NORMAL
141.20000000000002,14.626803556393307,-1.8537078893781205,13.317227377919192,3.91768054584227,-1.3459362498558236,0.09102420146049976,18.73530368986521,1.2808884468593342,8.655624314445053,12.370325251844012,0,NORMAL
141.3,14.620568637725073,0.9700059964590586,16.097297747613993,2.377295489959177,-5.527429131485904,0.0781522993144122,18.717160341165023,1.2801937328805133,8.025941512925153,12.293507474338305,0,NORMAL
141.4,14.828072570017012,1.3657516601446784,-4.91893607271171,2.812194719545089,6.132481220560126,0.051301406047330536,18.401738760581885,1.2410067912528953,8.01105914699955,12.295667408422005,0,NORMAL
141.5,14.90246036238365,-0.013781218083283434,-17.25677552797473,3.6037917340712022,6.634090795256435,0.12136095105377678,18.33247551481835,1.2301643533367579,7.677955794056172,12.358989308740608,0,NORMAL
141.6,14.824731208013022,-2.085603445450268,0.3677443526072186,4.139012878596376,-3.9774217862857197,0.14432059472718944,19.482718101420836,1.3142038009357022,8.654616278061225,12.314059346496169,0,NORMAL
141.70000000000002,14.467104631721904,0.05976765243816029,16.33734159788731,2.8083073768140583,-0.5040608905588284,0.08835078063369846,18.877491155423957,1.3048561986640668,7.427076877723423,12.366090648204112,0,NORMAL
141.8,14.817192349222912,1.181864874127194,-2.9307557327042435,4.0382007004846106,8.593344857616945,0.0995655083115034,18.028181276218216,1.2167069746626933,8.002171650711174,12.331852981851336,0,NORMAL
141.9,14.716213826681273,-0.5263834941026885,-9.532372111344923,4.526976348337447,-7.42691571495155,0.14212559809537087,19.663910576078052,1.3362071798947597,7.5979713038393335,12.33542141506508,0,NORMAL
142.0,14.712317566575488,-0.7246095481417908,-1.0747736253040618,2.5528175574943006,-2.3829912304320278,0.07637086132069715,19.0274569024348,1.2933011278700752,7.934694292826206,12.2574508707067,0,NORMAL
142.1,14.574982116202793,-0.7413382191635008,-2.4303838694061435,4.050378102251042,8.453000550575277,0.09990720900198281,18.546285872488514,1.2724740054309145,7.840573262991466,12.296602030678676,0,NORMAL
142.20000000000002,14.590488579147697,-1.2106863220230195,-1.6177054223957392,4.243417667609356,3.4519480144588144,0.1632163563216101,18.533009408284475,1.270211707287946,7.946220163320321,12.304063222041236,0,NORMAL
142.3,14.35166389398294,-1.0648793036426487,9.364352809218609,4.7407677051428045,-6.371879764108255,0.13201156628627347,19.554612085395227,1.3625327508954324,8.009401086136911,12.313463672000104,0,NORMAL
142.4,14.363590763289787,0.6621842398207024,4.201498540574695,2.9690417147877053,-6.2058442775757605,0.04772777030631406,19.727910303193163,1.3734664700705208,7.607939101817608,12.360971384815313,0,NORMAL
142.5,14.480456175131335,-0.22457959552770973,-7.575064703335573,3.4995988496276524,3.280315857269993,0.09931678810581755,18.83910320940545,1.3010020528054658,7.56887178648222,12.32524949002204,0,NORMAL
142.6,14.291148034314302,-0.8528287008464123,5.53853609988976,3.625104886241704,2.559299225999605,0.09164195662544355,18.809548486766488,1.3161677733379509,7.798772383005439,12.318944643637835,0,NORMAL
142.70000000000002,14.285119181939564,0.8831276244502424,5.361755657675154,4.0114586948275734,0.26139256629651886,0.14513493004500228,18.595920512721413,1.3017686640117028,7.793998430393944,12.318564159549506,0,NORMAL
142.8,14.437691265447997,0.2195224306886187,2.1430192222998787,3.6773833995010077,-4.282415639846408,0.12837455488239816,19.91216897660224,1.3791795800659385,7.648893572894931,12.3542691444793,0,NORMAL
142.9,14.355700071176349,1.3117314689102182,-10.557629598935483,3.1549755668582917,1.4398375460273782,0.07634945937999987,19.617297917717227,1.3665162841556724,8.020856821976436,12.343840132345353,0,NORMAL
143.0,14.692721948632972,-1.8920034890984778,-15.228694211323543,3.9653509087064833,2.7767217162560254,0.09588155978471746,17.911744368590327,1.219089589472348,8.383281116026865,12.314474925784259,0,NORMAL
143.1,13.98039874607262,-1.7340073733544903,14.980687317134677,3.710319910109497,-1.9321766753143743,0.07821891126754928,20.937364438067682,1.4976228373993565,8.056425037878709,12.347708523315417,0,NORMAL
143.20000000000002,14.354557762622033,1.1041339743284577,5.020605842831502,3.5789155736436085,0.7945213774471349,0.09599354975461245,19.44149636339258,1.3543779393898483,7.84984620728869,12.3699653138651,0,NORMAL
143.3,14.20703723272846,-0.7298862047881897,-4.898690919241488,3.869224185598924,-0.49894180495038354,0.09565922183147474,19.802748013361313,1.3938689459996718,7.904163586302593,12.29485990790812,0,NORMAL
143.4,14.188503271372955,0.12439579048016017,-5.575268928903916,3.4791272126535318,0.41702569136191414,0.11772059719162668,18.70785532910679,1.318522114087409,7.383213721519622,12.353390757053708,0,NORMAL
143.5,14.19937724554541,-1.844939990568973,-2.7954479274664927,3.9526293238713066,0.3075248163390376,0.09570321855314874,19.1595496518624,1.34932323583931,8.405142217782505,12.314313305867143,0,NORMAL
143.6,13.811646367945473,-0.43469379501313843,10.566286356347886,3.5406321759213393,-4.244107470475488,0.087514207087287,21.077914655138635,1.5260971859268682,7.409761217799576,12.369768115923865,0,NORMAL
143.70000000000002,14.126593610714895,0.2683172807006044,1.8189180929478659,3.103807829776209,-2.802805539062798,0.09408175276564966,19.26215052775215,1.3635382356537802,7.627401762111761,12.355407305060284,0,NORMAL
143.8,13.875785798645992,-0.07091017642356523,1.6352518975576638,2.9800710681087796,3.178113880731348,0.054974591391655336,20.81186866912785,1.499869554858557,7.154553199140412,12.326948850920097,0,NORMAL
143.9,14.108703094594224,0.5953676602121372,1.346897557453015,3.7394306059224784,0.7189016580694085,0.13167562680669098,19.17143543928443,1.358837542384034,7.653672623127614,12.361339863212677,0,NORMAL
144.0,13.977699282265524,0.1984693350670378,-7.96786330663534,3.1238513997226613,2.5363243870381758,0.0829376526157877,19.47856274825097,1.3935457012560553,7.129468799061287,12.369489964099495,0,NORMAL
144.1,14.144506519359448,-0.9982050011149308,-16.706763334833997,4.246695483330114,0.17632483787241027,0.1115918572414147,20.58545500575352,1.455367493915635,7.830334028036985,12.291471759733113,0,NORMAL
144.20000000000002,13.793719099203594,-3.1428833318997618,4.184763839212797,3.1591163672971434,-8.939229440485374,0.10256333983085447,19.460643416507782,1.4108336755698743,8.844587622490323,12.262898901396781,0,NORMAL
144.3,13.57573457721698,-0.1612522332723714,19.420891409345476,2.4588495952330387,-2.1015413495382473,0.09072257462479422,21.389901332864753,1.5755980798830316,6.796186147841448,12.302653359904347,0,NORMAL
144.4,13.78923243673811,0.7412949499693335,-1.1920187777488698,2.738808097389494,5.509772220226036,0.061453449575543294,20.745783813860236,1.5044915595583157,7.154464864595995,12.329784835754229,0,NORMAL
144.5,13.726742007497961,-0.39965598882214537,-3.730975237009898,3.560804039278246,5.213768276669916,0.09750789668623588,19.90481819324148,1.4500759307903408,7.379931344252346,12.34175466826625,0,NORMAL
144.6,13.702742222125583,-0.004900097432646078,-2.091341397410229,3.7815617527234773,0.37301534584779805,0.10766913115223359,19.081017980095833,1.3924963099200713,7.100881334427578,12.339992537557798,0,NORMAL
144.70000000000002,13.70271838728953,-0.8179242683041912,-1.3314072801505512,3.6354071084478057,-0.6858138284257964,0.08501077000642271,19.725407074939017,1.4395251013285115,7.501113976872535,12.311511874406115,0,NORMAL
144.8,13.534359418635363,-0.27118155346275635,8.723659446984279,3.644398987038318,-8.301780072124382,0.08387798758703571,18.62175096258812,1.3758871318983863,7.434851053211502,12.39144113335299,0,NORMAL
144.9,13.64546179263326,0.9268076210926646,-5.587078218709813,1.9750510940229293,-3.81141088571189,0.02086988176929058,20.82602442024752,1.5262234973601856,7.5733055206693365,12.34425147057674,0,NORMAL
145.0,13.685930278136732,-1.388597197204719,-9.328511256690106,2.88211680989594,6.629585154325144,0.07413943333023505,18.01194709095122,1.3160922732249556,7.961834641688408,12.30519253883077,0,NORMAL
145.1,13.391905619648801,-0.9388946302453569,5.438438170606664,3.3009681248879583,1.654085567677277,0.10335453664912578,20.86101555589214,1.557733167211435,7.3788267748427145,12.335137006733765,0,NORMAL
145.20000000000002,13.49236972476672,-0.30090956308338623,2.7576365866762353,3.2129339234313954,-4.697291335242452,0.0923608393315066,20.378608730387246,1.510380247954522,7.056560194301712,12.36689111560331,0,NORMAL
145.3,13.339315417363816,-0.38736731291010984,0.3551372786063579,2.3615098578394678,-1.7622095330271348,0.00686199008643433,19.196052428481273,1.439058289565125,7.277414141653709,12.393447608112936,0,NORMAL
145.4,13.412495592830005,-0.22988210736211465,-8.218991591816721,2.8604920168259684,1.8914601998383818,0.0657994306425479,20.749355849555524,1.5470167878860386,7.265115147942177,12.368048662774957,0,NORMAL
145.5,13.270548954767804,-2.031165631273454,-3.5468301570977965,2.739801897807144,4.3927633966206825,0.09219389228818399,21.225427672422327,1.5994385571213705,7.974987538261861,12.322108094045689,0,NORMAL
145.6,12.994603443643172,-0.939248138781674,17.60631388521557,3.739044696150105,1.7223930427990575,0.0774650094067294,19.34663714917579,1.4888208965422465,7.385670040204992,12.34295113125842,0,NORMAL
145.70000000000002,13.079364673975427,1.49009714576966,8.439760608978785,3.0842805063669556,-4.195575642902278,0.09477489499373157,20.76148177061993,1.587346349622772,7.552399600732219,12.315474414459224,0,NORMAL
145.8,13.263450281455997,0.7487039830140831,-12.934252300017896,2.8999295675696493,-2.4598047988671934,0.06343699941291768,20.64541082607613,1.5565641207960088,7.61583615232034,12.317880778810691,0,NORMAL
145.9,13.242742671846136,-1.0967533142339196,-3.3055985190022112,2.592319546593517,-4.016805955274314,0.06807657808478944,21.34016523104645,1.6114611421405407,7.722213167331259,12.32388241655867,0,NORMAL
146.0,13.077125816847376,0.08758427921364091,0.9284179116967234,2.0965683765147864,5.037297966060255,0.05110795884644999,19.94217607104711,1.5249662923144343,6.9271977709119,12.378409605319781,0,NORMAL
146.1,13.255413568424922,-0.911069731894575,-12.704519874578404,3.599779139805568,4.62326648110245,0.06223592164926263,20.66992536584417,1.559357258764147,7.5080045419504575,12.36444173954398,0,NORMAL
146.20000000000002,12.911223631064686,-2.45331969570204,5.667896161554082,3.0212216727352765,-1.0314290415449245,0.08298223923003116,20.226089544115226,1.5665509421934891,8.130703979560257,12.301335448341149,0,NORMAL
146.3,12.783931482825528,0.2225095004162414,9.701597344883858,3.393493331496583,4.966428436641228,0.09879182221697891,21.189550841050615,1.657514425004354,6.809226738990715,12.387564112770582,0,NORMAL
146.4,12.978017488405245,-0.5130002267252682,-5.125418992195492,4.014507360063522,2.1871509199499206,0.08684209656979441,21.671020434996883,1.6698251835735387,6.430301147664634,12.404690643229383,0,NORMAL
146.5,12.686545583053759,-0.802574298022857,6.312237831539855,3.830923515486567,-6.975615397305292,0.06612721285085386,21.565411331604288,1.6998647260141961,7.021997375823109,12.316285784770777,0,NORMAL
146.6,12.813343642406574,0.7494473395827028,7.063882210665698,2.6193842806024636,-3.2289972731375394,0.07002937147787287,21.076741852542618,1.6449056890028144,6.977552310841295,12.32080705316913,0,NORMAL
146.70000000000002,12.864830039448572,0.6102021441102827,-10.72197190388469,3.185124060859059,5.198114041188746,0.08398586625239073,20.312794421930406,1.5789399750827238,7.373535669425663,12.360589074473143,0,NORMAL
146.8,12.939378191041273,-1.3949470411942353,-3.9274313952541764,3.659007088840213,-0.9578659232688613,0.11979125891522875,20.837880189575543,1.6104236140190173,7.660655572520027,12.362345021634418,0,NORMAL
146.9,12.586824903680226,-0.17528413494055262,14.246577864693988,2.993550876205287,-3.783862038139625,0.09045756341312536,20.986029383658703,1.6673012887882994,6.591951616363052,12.303098011750121,0,NORMAL
147.0,12.922610501996632,1.454368531744562,-7.503734767216965,2.902234681212288,-2.2331807523311653,0.08983056037692495,20.432285257873506,1.5811267587703413,7.5005846208320985,12.328265840694089,0,NORMAL
147.1,12.870738508134684,-1.6760310883839458,-18.674290081358922,2.546914725739054,7.765776673384385,0.07395951672951931,19.977066052659044,1.552130519941257,7.409242573631067,12.338320420306072,0,NORMAL
147.20000000000002,12.587564038706343,-2.280489484527223,10.742464194236856,4.455390015889165,3.0091459270664145,0.09764015602571621,20.854754284386168,1.6567744338982895,7.8445449819019,12.3423022867569,0,NORMAL
147.3,12.435812568731938,0.47246175046342526,13.827964003899247,3.1487439111523368,-6.66986420911152,0.11581391647516637,20.834022583074937,1.6753245891996706,7.068798457173284,12.329514745309016,0,NORMAL
147.4,12.653812585037201,0.4851033162526264,1.1621910049295594,3.121417174066861,-9.05747512185608,0.052788329881319845,21.090724705179536,1.666748623266221,7.086593588301116,12.335610898267864,0,NORMAL
147.5,12.548540626124556,0.7048999514493371,0.26211975630688306,1.3372488867811207,-1.6517086821878424,0.037499088587029175,21.47685153341552,1.7115019326393455,6.9428902352016335,12.36403716287821,0,NORMAL
147.6,12.810399262066111,0.537527267514003,-11.293097822693255,2.7910754376292926,6.3013563461831845,0.02293642607464566,21.802468735501925,1.7019351457735548,7.0676327977881055,12.325231530519245,0,NORMAL
147.70000000000002,12.639169862254407,-1.553719613089314,-1.7436605285651465,2.5975201560177577,1.6130702218527504,0.09248083372326092,21.131900002794072,1.6719373371112243,7.123582670544208,12.37572038773033,0,NORMAL
147.8,12.522360472315636,0.18879516180097372,4.967404851467962,3.1136894819998426,2.5802038256053783,0.05941936427246784,21.47603450593924,1.7150148770607854,6.852677721666715,12.332648814493027,0,NORMAL
147.9,12.665151994828774,-0.5602386427957217,-9.710424633997837,3.1135609211388333,-1.68274152048141,0.08820815376341547,21.409466772520588,1.6904232007055382,6.977695223107962,12.303031495567653,0,NORMAL
148.0,12.420809890146925,-1.753289764998594,-0.13572212727009092,2.7771411779035606,1.6050105664832803,0.08294348434441537,21.376750367566924,1.721043197394438,7.33623546984041,12.321804191512273,0,NORMAL
148.1,12.313439098353081,-0.5873830682497398,2.413426165190041,3.4345630344354894,1.4633983213654167,0.08272628456623163,21.204902556367095,1.7220942408529267,7.037999814950667,12.328013073965735,0,NORMAL
148.20000000000002,12.32292459110567,-1.2706045319605856,1.5258896229500143,3.069820842176644,-3.5276614635799564,0.04688068696390736,21.040049105595433,1.7073908835554776,6.913119283721852,12.326826351497488,0,NORMAL
148.3,12.065761600281917,-0.282205143659737,4.4046915802979765,2.729030741719498,0.9152208973531972,0.08512979470140528,22.180980981162282,1.8383407294110654,6.3159156056290024,12.357333813877723,0,NORMAL
148.4,12.248655600214324,-0.3896662159009904,1.7289615511111258,3.2528650216472834,1.5597779645608778,0.09340878617891504,21.435072930395428,1.7499939283149053,6.462546436271871,12.385703797499316,0,NORMAL
148.5,11.994064180339603,0.0635871665624882,8.5467780303833,3.0409863346316737,-0.9230699336737991,0.09122559817962324,22.086101195634818,1.8414192940402847,6.35505098298392,12.387304009701202,0,NORMAL
148.6,12.27620167204557,1.3196893901756697,-1.1388542307488703,3.0682510349125236,0.5127201829489536,0.05158514377643662,21.139275765883173,1.7219720179426443,7.133182945977352,12.371181740650197,0,NORMAL
148.70000000000002,12.248229512818744,-0.16418367958728589,-4.426797808866367,3.1435303712214644,-3.2131527141563954,0.09347137134055454,21.77279909532989,1.7776282745635137,6.828484151100062,12.347083681313086,0,NORMAL
148.8,12.232270815882528,0.4343298284023961,-3.545832399197822,2.4256204920812445,-3.194031516032889,0.054008380810303624,21.30784736923037,1.7419371832059183,6.961749193656782,12.346674850920829,0,NORMAL
148.9,12.33426547091363,-0.8733501594268502,-8.615793715794618,2.5047240680148866,3.887680487877796,0.09179003211542355,21.11998409749265,1.712301729462309,6.999674961060113,12.336481763950344,0,NORMAL
149.0,12.059784257784274,-1.2888289147565277,2.982631482194671,3.2031565896568037,-6.944149798033612,0.1084616950195618,22.49500217887714,1.8652905970815528,7.280748166724993,12.372327194486207,0,NORMAL
149.1,12.101010652573873,-0.276823862987916,8.190251340252017,1.1158941084081642,-4.640915175953608,0.04953858921441004,20.932926863157046,1.7298494699452756,6.714912358397954,12.365780671011132,0,NORMAL
149.20000000000002,12.010300910594298,0.3492213532938757,-0.25195198326572826,2.274973554466082,4.073919861746753,0.053496368551683,22.02426427760366,1.833781221765729,6.7933368421163784,12.317325144716436,0,NORMAL
149.3,12.16375120379072,-0.32721425964106166,-7.329974368602708,1.9306780807575148,3.890059770228358,0.04119926005875342,22.025733047299987,1.8107681321561289,6.5993569952142455,12.364897880026112,0,NORMAL
149.4,11.944933973114242,-1.116773520426666,-2.7738908257484955,3.0529855085117537,0.4104934985464448,0.10246018525510346,23.314549031281203,1.9518357392144474,6.853664583306448,12.366219811393073,0,NORMAL
149.5,11.940947031962876,-0.8819924247907608,5.159432489313416,2.0127767804668037,-8.945702029543323,0.04431911924390136,22.086370207552335,1.8496330440485786,6.792774905736621,12.343743590095904,0,NORMAL
149.6,11.723173178986917,-0.08488702256398262,5.099130919877823,1.2638451026030888,1.2573943259282094,0.028621336061738875,22.30591087664041,1.902719556904816,6.319048636614341,12.362530193986336,0,NORMAL
149.70000000000002,11.905838160661862,0.1378337591848039,-4.180898623514092,2.2642556456524456,5.550567000083407,0.04590333987984683,22.71368133877269,1.9077767589535255,6.160054036019229,12.369621215278539,0,NORMAL
149.8,11.744238875737729,-0.921066747266801,1.2211978086700974,2.3739585026197703,4.692890396458305,0.09752802717165646,23.07061060463346,1.9644193930944929,6.896470980047594,12.361789432642645,0,NORMAL
149.9,11.749079873990352,0.3820733209188234,4.729745513736747,3.2028337249441066,1.1800110791306495,0.07679474388374508,23.467571157354275,1.9973965118158619,6.6592112509100225,12.392949014654352,0,NORMAL
150.0,11.817536828773735,0.024882355480548415,-2.5687851792791014,2.6099607184459,-7.858009540945898,0.06878110759838243,21.281783548263398,1.8008645842715547,6.6379422804222,12.352120324391617,0,NORMAL
150.1,11.738427620611226,-0.13168371493699693,-1.5366360673840884,1.631231816754927,3.116305589974875,0.050312133402605604,21.405397285382758,1.8235319053974086,6.478177790062429,12.326388888172835,0,NORMAL
150.20000000000002,11.789580357153024,-0.2824448579962693,4.257440475050582,3.233221836440875,3.772570310378154,0.065039560375617,22.495887851442667,1.908116079618887,6.453467850765123,12.397127357670577,0,NORMAL
150.3,11.690127554803327,0.7198043800731194,-6.181255059950402,2.3857458788305577,-3.0591186738930465,0.04091585373900662,22.321196954505407,1.9094057656653973,6.867826868804332,12.38020495305298,0,NORMAL
150.4,11.966922862397642,-1.5186958699863498,-12.145819646272873,2.621398101662266,-2.2293675414418033,0.0720034487289396,24.068979991709448,2.0112923153652793,7.070457846395115,12.349621020707607,0,NORMAL
150.5,11.408274234162764,-1.709359549181455,7.339628158157569,1.939872370542197,-4.390845841212566,0.04212462077221346,22.507137681419177,1.9728783880405152,7.076545400434152,12.338446168405945,0,NORMAL
150.6,11.616689686668487,-0.050770238354835934,8.25768027765076,1.7432289334197526,-1.930389784951686,0.03618591375971813,23.73636633988909,2.043298648764747,6.4404159005007715,12.359515137241962,0,NORMAL
150.70000000000002,11.424499146790295,-0.05782349365130297,4.310956340936847,1.5537944135518598,2.8370607831578396,0.06683125543283798,23.52209323107433,2.0589168005393783,6.379438687150466,12.344835686224801,0,NORMAL
150.8,11.60801440216706,0.8114210298325334,-1.8782274920797084,2.3106410900513206,-2.333880685144425,0.03682305155915555,22.740433669024945,1.9590287262892794,6.7842252348658105,12.382814207832888,0,NORMAL
150.9,11.60688615420692,-0.43346899206724465,-8.248592940086441,1.0870182765229748,-4.2910487429648985,0.016325117411394356,22.139089524903408,1.9074098970876083,6.369608243203087,12.358488484529973,0,NORMAL
151.0,11.498994960593057,-0.8382975581847548,3.3156656698621676,1.4524313414583407,1.5520711469717041,0.03719229393810213,23.96198777162906,2.08383322662081,6.281840133004173,12.340109970314522,0,NORMAL
151.1,11.437634138186027,0.22966414190518888,1.6543929566573712,1.3974325059173156,4.141506876527098,-0.011362530991050036,23.144068906523152,2.023501418816473,6.155325155027374,12.3737781184339,0,NORMAL
151.20000000000002,11.557187399105684,-0.5074189668532806,-6.626760981275745,2.2807327167637603,3.2179410810941564,0.07318346684037792,22.00199305346223,1.9037497873543854,6.262451198327078,12.33864441645354,0,NORMAL
151.3,11.297717612184368,-1.0956880543499603,3.078241408561522,2.041020722136147,-2.6861594468481096,0.03699489512378415,23.04638613152124,2.039915222050351,6.797957978993345,12.341956314393572,0,NORMAL
151.4,11.328510965429887,0.10822931485902385,13.210487066395626,1.7435008273941384,-2.9820898145097807,0.0808386405607337,24.31843702229339,2.1466578526077784,5.994534580875478,12.38110674099742,0,NORMAL
151.5,11.32498927051027,1.5464093589291648,-0.605333383578858,1.4446027592341908,5.5318153785027695,0.04102894368763915,23.997135220756363,2.11895434490554,6.980392141637304,12.367362258109107,0,NORMAL
151.6,11.623264439177328,-0.012837361856747775,-13.327990071141828,2.8498639030946924,4.159949945821109,0.06922856394652893,22.965940584358663,1.9758597685302381,6.575059860469698,12.338282126461102,0,NORMAL
151.70000000000002,11.348959087356565,-1.119188655299201,6.328752343373574,2.2765927483984125,-4.65439104238762,0.041919688519763285,22.99438200206104,2.026122556709028,6.180954746150811,12.4180043974666,0,NORMAL
151.8,11.415717640178281,1.252913106817967,8.113541577205908,1.9189856946171684,-2.038375558612513,0.05375758544764486,21.43965189598898,1.8780818317133985,6.856712629179505,12.361816419743406,0,NORMAL
151.9,11.614547802248659,0.5035196601419807,-11.91249336011268,1.86891763667591,-2.3500539945640484,0.035623986534346695,23.085733590393765,1.9876566856889775,6.697588751558149,12.339772939626439,0,NORMAL
152.0,11.490277759662431,-1.129585565204569,-0.9276332581579422,1.4489748957043587,-3.051970405194404,0.036237201417761315,23.11449130603129,2.011656444648938,6.7070570198508035,12.363563383525992,0,NORMAL
152.1,11.361260654904285,0.31799300851039225,5.477487383005277,1.2585235556370291,-1.7601619752345865,0.026193446525004008,22.774177474176273,2.004546693006766,6.725083827519732,12.365899524332225,0,NORMAL
152.20000000000002,11.580099421539778,-0.03408808860351348,-10.11430172138581,1.0969425006574414,5.572492619588223,0.0569082606428659,24.29847242388477,2.0982956656389278,6.019661335039119,12.367762937968912,0,NORMAL
152.3,11.329159774988815,-1.7048673357667703,2.992303615496442,2.3730220795546737,3.286224253678208,0.10914668213242507,22.350633646313465,1.9728412424420532,7.273172915156898,12.386182179095734,0,NORMAL
152.4,11.231861225356248,0.5643726344957749,8.590522264960372,1.754187351393083,-0.6796810452663538,0.02899660003373897,23.683497443458847,2.1085995427002495,6.2692476791574965,12.415481538420941,0,NORMAL
152.5,11.441488408803655,0.013237117225304351,-5.828907511734294,2.237085870501403,0.0963336926009728,0.056240431093177626,23.89746847849985,2.0886678048034324,6.227407088267272,12.358981841365313,0,NORMAL
152.6,11.249001799871598,-0.601408867851084,1.5621837373349607,1.7734540899132776,-6.851808126653564,0.05674671964333254,24.06160084899895,2.1389987553627736,6.383075564084805,12.353758859349767,0,NORMAL
152.70000000000002,11.373990258058958,0.32567386469229653,-0.6436448285059337,0.8667242451706899,5.105309975686213,0.019318090833841613,23.052666531600636,2.0267879617064763,6.070704345872298,12.40138234217763,0,NORMAL
152.8,11.274589942261363,-0.7301378335522708,-1.121858601143502,2.79451608505052,-0.2616113931291286,0.09323759955943686,24.196367298286773,2.1460973234680383,6.307141454688091,12.355617896510426,0,NORMAL
152.9,11.242363687257342,0.10130214446359612,5.517583633095527,0.8144019665448642,-6.557380328200935,0.04112081887648589,23.6262288023986,2.1015357143425053,6.213848415360375,12.376118517601652,0,NORMAL
153.0,11.266426825982874,0.3733788930668347,6.914050471122525,1.483040019410333,2.7222287634043556,0.052425977736079446,23.60173784436175,2.0948733976535414,6.408479573859014,12.380071353779575,0,NORMAL
153.1,11.32612472893428,1.4841122386881012,-2.5116556404243737,1.3588477192257353,-6.388580373259965,0.03916876891042843,25.242266243267377,2.2286763431787247,6.873429629572214,12.38016795320114,0,NORMAL
153.20000000000002,11.549343317005809,-0.1289522350180401,-9.405851397994503,0.20532394475833993,-2.504734371447157,-0.000444638915992052,24.409955574229514,2.113536233552528,6.080274073592283,12.401365318411887,0,NORMAL
153.3,11.30695940201482,-0.3970580409107998,2.8692714918365194,0.8579008449363039,11.533937378157146,0.026555715313440167,25.132208481249567,2.2227203253928005,6.262480364763115,12.386943712093954,0,NORMAL
153.4,11.449593641795522,0.44490206334926385,-10.305015405924724,2.512111420389769,-1.5352724115800258,0.05730128758127105,24.614029352011954,2.1497731816578245,6.686381859942317,12.34542934882082,0,NORMAL
153.5,11.378250754069008,-2.458061122095745,-7.371016211372923,0.5508463626202987,-6.204822515003403,0.01897716757438085,24.06339730677807,2.1148591138381,7.397337092590788,12.311277755195453,0,NORMAL
153.60000000000002,10.943815756907577,-1.0293011789253206,19.014990121321624,1.2711469173890886,3.103683953825226,0.05791912094341384,24.234110840575855,2.214411442853434,6.439864837677328,12.353033658055812,0,NORMAL
153.70000000000002,11.157858478103932,1.3449369021685804,9.893086181855773,1.171583153385344,-0.44264421423825917,0.04634734759960816,24.586097990580672,2.203478206756985,6.580689377954169,12.348003345565786,0,NORMAL
153.8,11.20082110108353,0.9493160574458345,-11.400949963312334,1.1826180745414367,3.596540526551719,0.02295866243201817,22.683097354977367,2.0251280821531092,6.876227588626757,12.341012816235645,0,NORMAL
153.9,11.314728003185095,-0.9352530904938864,-0.2811555204832966,1.8908912586956879,0.27541468997644314,0.050153679984067626,24.54517110078786,2.1693116347011077,6.791959054249854,12.320671097768612,0,NORMAL
154.0,11.051468521322118,0.8930849533491751,-1.4963451929133869,1.2377010125367254,-0.5035069575564455,-0.004897568592549001,23.279171191853493,2.10643238470434,6.358443868593728,12.374077201469284,0,NORMAL
154.10000000000002,11.515453629744377,-1.2345221290765638,-10.72371730688463,1.7901898671843988,-4.679047518075511,0.05831748369712326,25.40245684798115,2.205944955773752,6.940484244391568,12.402394418204294,0,NORMAL
154.20000000000002,10.811843468702172,-1.2516585080277507,23.32573177493061,0.3018915089216231,-5.690410130232821,-0.018369928376940483,24.650326417504793,2.2799374120483598,6.535618103552378,12.373688223351511,0,NORMAL
154.3,11.26451056573234,3.430624225909559,9.764665471594482,0.6521078411378345,3.122928607108655,-0.013486323442251449,24.17136384137557,2.14579796435249,8.137697863137351,12.312414474289305,0,NORMAL
154.4,11.492610544758397,0.7012745862911458,-33.085991343956714,0.926477230343354,6.887487547024125,-0.0066580048011914555,22.967622372579726,1.9984686928293158,6.468125505219909,12.342045829812928,0,NORMAL
154.5,11.387923346499408,-3.1865740428817846,-9.699028634084685,2.0296053505426594,-0.9707558067212568,0.0552926133418617,23.353727142138247,2.0507450244927288,8.126434700805335,12.287016343091128,0,NORMAL
154.60000000000002,10.88050770585719,-1.2385311405257913,29.316091521010684,0.7323260689991027,-9.841660370566375,0.025923080870820764,23.429391568826848,2.1533362414893884,6.595189421023306,12.355347779623473,0,NORMAL
154.70000000000002,11.119927780447213,2.676644261320353,12.474941979261462,0.06127327642938407,-5.263885535318684,-0.02514454023799893,24.906112199910265,2.2397728377070996,7.620649021252553,12.344822748482107,0,NORMAL
154.8,11.41668727392378,1.2564572553265014,-17.79334984617587,-0.32045103806463426,9.218200773346975,-0.0013202851051249236,22.054855337774438,1.9318086594303678,6.767050136940956,12.401659618869855,0,NORMAL
154.9,11.349338828808673,-0.8820257079148222,-9.160600863682449,1.9049134310987794,6.025280534408741,0.007271276565518667,23.263966767317118,2.049808109373285,6.612212343849709,12.382109807147156,0,NORMAL
155.0,11.198055830495019,-0.5756629174099882,5.6335791519605145,0.8846050688171141,-6.256066179444599,0.034615518543464174,22.931952679678584,2.0478512544319813,6.296884662054328,12.419454374444319,0,NORMAL
155.10000000000002,11.19845817152418,0.24469012247728084,1.6481577801246805,0.6537001952098594,1.6376137786542044,0.005078304874411417,24.549895168025024,2.1922567189161213,6.038280574625664,12.37345770497833,0,NORMAL
155.20000000000002,11.253433385438207,-0.2460313613850521,-3.143035145405494,1.212127824547955,5.058772421409428,0.06130255620499664,25.016091775139685,2.2229741731541393,6.075123676987957,12.420124494271361,0,NORMAL
155.3,11.154650018240483,-0.38391690660381805,7.381854042894795,1.665454679491745,-2.121398792143556,0.046961664155481274,24.833236788050225,2.2262676773759846,6.372777638503323,12.374914313162924,0,NORMAL
155.4,11.16442908090857,1.230339447193907,11.487447920963362,0.7878480661192437,-0.9347743878896253,0.03387168126371976,25.0449978641887,2.243285140931767,6.734443675610967,12.39298106276239,0,NORMAL
155.5,11.409067314022488,1.9135726775888546,-11.365155820000723,1.47849980191382,-3.1656777124449014,0.013728182667255753,24.20833509907307,2.1218504924867476,7.033066551899469,12.334576102957671,0,NORMAL
155.60000000000002,11.55926922266513,-1.0426917168062377,-22.253979850182624,0.15471252363026344,-3.3955928213289566,-0.0348658509767093,25.934248296833676,2.243588915290808,6.378154497860469,12.387038409774751,0,NORMAL
155.70000000000002,11.187627596328333,-2.537223292447671,12.749804535919207,0.7993812376480287,-0.650979315819411,0.008345568850527417,23.980977208444138,2.1435265879170355,7.691687652590723,12.3159945392933,0,NORMAL
155.8,11.032004717285343,1.5072691903776034,14.412753739004339,0.024516660466381235,-3.439878899896614,0.010242658347577836,25.981030740888812,2.3550597925489276,6.583963775455367,12.36851849804859,0,NORMAL
155.9,11.450935669111999,0.3453274553531971,-14.634843275221229,0.11140545766870591,8.64547380598283,-0.015318521511343178,24.387085283971874,2.1297024093632912,6.570382512686122,12.370020724400193,0,NORMAL
156.0,11.103538253464524,-1.4196994646666423,-1.9996347513360957,1.7536114216629475,-3.070561687937542,0.028987216283319107,25.87565621502638,2.330397358423353,6.961420344069423,12.37189456289258,0,NORMAL
156.10000000000002,11.145377570886255,-0.05459949491402205,5.332521143813739,-0.5027068799188026,-7.204588889728703,-0.025500233678937088,26.296414388499024,2.3594009463788845,6.169210684558237,12.364490806445758,0,NORMAL
156.20000000000002,11.104005990374588,-0.35319523590389423,5.231720382790703,0.3126936437172067,4.3085281572595,0.0177816517893293,24.432890647014197,2.2003672069515847,6.220001760379939,12.380086578749403,0,NORMAL
156.3,11.046030870300005,0.9917445816441187,9.165479318478875,0.35899875153309746,-0.7763313402822086,0.02884576267426561,24.169686499135864,2.188087900797205,6.283734286818051,12.391684018028396,0,NORMAL
156.4,11.293872500326678,1.4799006277918807,-8.326381321615475,0.15742737566076498,-3.5478267324978656,0.01789266717777347,24.388291993006018,2.1594268920868886,7.1270541707280675,12.350456297509016,0,NORMAL
156.5,11.3385131274923,-0.6735316826789765,-12.600466452828337,-0.3505665949664757,0.9860996583274336,-0.0496187098126936,24.018924611755132,2.1183487060147996,6.762690290569532,12.371958474770052,0,NORMAL
156.60000000000002,11.149252856565251,-1.0401926627737872,3.2070285009813597,0.3546473073262517,-4.247823639623033,0.0203919278995284,25.878969680124666,2.3211393636019118,6.541620413497188,12.38428080557073,0,NORMAL
156.70000000000002,11.138272488608681,-0.03212598248270446,6.472600776478294,-1.2001313228910824,3.1932187596870425,-0.0021112679841794255,24.508079461936212,2.200348347286447,6.211760443053091,12.364723601854788,0,NORMAL
156.8,11.134975265243474,0.2543274925218716,8.605331346979401,0.9932910592636602,2.7044220441740663,0.023825468902164727,24.901316243431687,2.236315362204552,6.2399539963380635,12.333131431789282,0,NORMAL
156.9,11.214846570459521,1.688940286913176,-1.9245325042082462,-0.6592469140562691,-1.5789221103512996,-0.06397015972144968,25.84787200788344,2.3047905154554726,7.056299747362828,12.350977779901639,0,NORMAL
157.0,11.493002390129108,-0.13057900831977762,-18.335244501659503,0.6775066371934003,3.2238416565068104,0.00428718719541887,24.059339359963506,2.093390268553945,6.327179445430392,12.375629873165261,0,NORMAL
157.10000000000002,11.19344796922594,-1.9781086134187245,0.6711250372137986,-0.014478582754906988,-3.4274871915720833,0.02074481959010668,25.065802185855674,2.2393280653797554,7.334220962363867,12.373199029803295,0,NORMAL
157.20000000000002,11.042391300708909,0.0036459991229821024,12.153040008437813,-0.007990801121016314,0.2033938055021931,0.02250410666799088,24.48471654233196,2.21733824454854,6.1197716057980776,12.37067996662073,0,NORMAL
157.3,11.195884190761038,0.4524993882688384,0.4411584965846127,0.026200178345531636,-1.7262519253036281,-0.017094470191802817,26.775216664676705,2.391523189099428,6.370672971150841,12.40418780306708,0,NORMAL
157.4,11.155749224709787,0.09187769843990465,1.1079611172798998,-0.35324118618174194,-10.605006989065323,0.0025392371799336927,24.876623528992546,2.229937499302267,6.094929890949618,12.384139443504106,0,NORMAL
157.5,11.245254813556302,0.6740916117248184,3.678573658113097,-2.0948012194675334,0.8243082003598835,-0.07496460130891877,25.223466878133152,2.243032042966775,6.205357175993315,12.36418833969523,0,NORMAL
157.60000000000002,11.256926028376167,0.8275924300625241,-2.6445851754136327,-0.18837954610976523,13.537336206655114,-0.005014638414114182,25.551463497395662,2.269843777331946,6.573816316216349,12.333054795805607,0,NORMAL
157.70000000000002,11.421411981765011,0.14517457664209177,-8.873788524662237,0.6126660218634897,-2.1237352107775322,0.06398863329560074,24.43647723242428,2.1395320711168306,6.1296983264522815,12.416315737373578,0,NORMAL
157.8,11.296350864609716,-0.9471652748699233,1.9383746329311735,-0.6131265882652718,-0.6355452750509305,-0.04377120208460013,23.851250549638294,2.1114119803379836,6.576261675974548,12.363938723544557,0,NORMAL
157.9,11.277821640281568,0.5328495032283265,7.260146514868812,0.48555696685330363,-0.8277495948761932,-0.009767391702727796,25.913169728285993,2.2977105468427172,6.474976254804741,12.378554871273497,0,NORMAL
158.0,11.394993077130247,0.5048640281038393,-1.5609779501423449,-0.7786765072405104,-2.004757778247793,-0.02559907012424381,25.298706698860798,2.220159900723003,6.622554267362699,12.334243773071835,0,NORMAL
158.10000000000002,11.370225700157297,0.2206539131998575,-5.529609966533911,0.08460541120374504,2.935256675403747,-0.03061799256672649,26.28316764378817,2.3115783570966904,6.203280005172005,12.413245590746971,0,NORMAL
158.20000000000002,11.418270182431431,-0.601057965202943,-6.307152514180134,-0.19162517215976094,-0.6808319841509519,-0.0033555089549554083,25.948386919885223,2.272532222946551,6.464963594491994,12.386160660298826,0,NORMAL
158.3,11.261386985049352,-1.0407765896361694,0.11300994086474392,-0.051560985626445344,4.084384048316822,-0.030798964883010965,25.202268715743994,2.2379364770256625,6.736438415231293,12.37418589307545,0,NORMAL
158.4,11.202141947693836,-0.5784559770299942,10.18947249857407,0.6252516375036035,-6.077744605487588,0.0034969647095298394,25.061912085267863,2.237242859650365,6.132113093844844,12.37681118728583,0,NORMAL
158.5,11.129053521394281,0.9971179100786448,12.424338961250518,-1.267109906723963,-6.411769603049171,-0.015663173466187882,25.75038598223664,2.313798377618958,6.981676689976426,12.382084950067446,0,NORMAL
158.60000000000002,11.404507347310373,1.9064118152201095,-4.6051376472525005,-0.6571022831062309,3.0262738364501867,-0.02436538533779489,25.72756887504115,2.255912341632952,7.252629493119042,12.305036011929282,0,NORMAL
158.70000000000002,11.525534562876379,0.07609038062814466,-9.614799022025641,-0.6618551394339257,-0.5696091268112208,-0.0043032548938321605,25.97827897429809,2.253976059208034,6.529240290790209,12.3877250683844,0,NORMAL
158.8,11.411056519593087,-0.016547989185018798,-1.5764626540593887,-0.771024108468475,4.045563896460178,-0.022901861726843126,25.455705416254375,2.2307930359074337,5.900771827548025,12.405011649578588,0,NORMAL
158.9,11.530481951578993,-0.2392021501837331,8.02883133611637,0.1472576398581099,-0.3439191603003705,-0.007664195502947725,26.27624848273683,2.278850840154044,6.168434972073673,12.362384699455934,0,NORMAL
159.0,11.36199294593672,1.5892182780382553,-6.916229692668179,-0.8398079405285491,-2.0366503963697253,-0.03333551165883914,26.95266949944977,2.3721779821284428,7.427510051798103,12.35120117499386,0,NORMAL
159.10000000000002,11.882089866353338,-1.6224480887173691,-19.83282612035516,-0.2600724394158352,-0.3464231076126978,0.005508000790434716,25.273012491619603,2.1269837861759915,7.3890431696728145,12.340748064211109,0,NORMAL
159.20000000000002,11.046836991193144,-2.377346946032777,20.369721594955905,-0.9090925620510887,-6.467719873372145,-0.016891025168532997,26.583455019786662,2.4064313650124243,7.230059773439914,12.346426492368975,0,NORMAL
159.3,11.394533551050722,2.451496230273812,13.712813750779294,-1.5536164140902642,-3.4979918035111437,0.003955970735654492,26.3651234477373,2.3138396433354744,7.2512029616108125,12.350511900672942,0,NORMAL
159.4,11.539548339237648,0.36521580412308136,-13.044938508460815,-1.6086909227533175,4.975488131090299,-0.041618714960377334,25.60660803312592,2.2190303537319904,6.506410967751439,12.359255854057983,0,NORMAL
159.5,11.464416225725484,-0.15749147141835085,1.0961361593494003,-0.5585187878722043,-3.4330402448713038,-0.0024177050407815613,24.858322166055185,2.1683024827966864,6.345943611311067,12.382056617914253,0,NORMAL
159.60000000000002,11.485760736800263,0.5844430359929614,-3.611081069416321,-2.2952989717275782,2.521241798757127,-0.06837088037250083,25.242433376144067,2.1977154108101487,6.423579885182883,12.362683241246074,0,NORMAL
159.70000000000002,11.59113743713528,-0.8797076853016151,-0.3295020754489908,-0.05427042812077887,10.93488866202368,-0.020824782116353305,26.048574578794767,2.2472837303560267,6.633572916834145,12.37197798281262,0,NORMAL
159.8,11.307608429034982,0.5185426209031633,9.646788327931084,-0.10832123932284199,-3.0492808318133124,0.011154170201138017,25.185856544404636,2.2273371688158163,6.17790402796898,12.420928103299316,0,NORMAL
159.9,11.71654758191111,1.0496499802846015,-5.26957307793205,-0.6641265944834414,-7.198193911626198,0.01322380881770134,25.83739324122729,2.2052053354963546,6.913962016268748,12.372137123440064,0,NORMAL
160.0,11.525264283412806,-0.5353719946832468,-2.7400987180159695,-1.5479600216480818,-1.5814061253235345,-0.06673166449717624,26.383686010283455,2.2892044261626983,6.678757758288251,12.349822178627447,0,NORMAL
160.10000000000002,11.60591311737304,0.5016302366814076,-5.391112683895858,-0.9804078195481483,3.081453028157959,-0.02104765647627603,26.89208936124087,2.3171024191957597,6.642492142117989,12.366816022378119,0,NORMAL
160.20000000000002,11.628028425240885,-1.6135945314624185,-0.3590220189533777,-0.93166941601649,1.0573432147280293,-0.03494633376160085,25.99186017408187,2.235276628466225,7.4474193657270416,12.359174484952863,0,NORMAL
160.3,11.302126948888008,0.42982583289073206,12.380373786274243,-0.7689391766025424,-2.4960290638410165,-0.02909374968072296,24.99213680696285,2.211277303819506,6.0675311581121445,12.391168290339673,0,NORMAL
160.4,11.705132256168886,0.8624802257924302,-8.14811115030861,-1.4308752287846933,-4.845799678896073,-0.032020152785687234,26.43014301060493,2.2579961022375983,6.782946495728109,12.361230825931809,0,NORMAL
160.5,11.48931054597829,-1.1997963971709902,-1.681871241994094,-1.738099112381757,3.5364153964051885,-0.03198050022143928,25.15805629502613,2.1896924270910616,6.786367129076022,12.352239715697861,0,NORMAL
160.60000000000002,11.454975154221826,0.5261059773936114,12.265103737798988,-0.7235921495036556,-1.6238911515259324,-0.035090205179601056,26.781035915592238,2.3379392408129203,6.560420109154174,12.36112244788549,0,NORMAL
160.70000000000002,11.599898083173771,1.2532243503888074,-10.194071246544626,-2.0628773426869436,-4.448664096629539,-0.06049922996808091,25.453229197695592,2.194263175002957,6.9010326009003125,12.37039100402794,0,NORMAL
160.8,11.703533774544873,-1.512708271915314,-12.963539248281096,-1.6133249688295634,3.429690162353234,-0.03272350228390135,25.280373091858745,2.1600632406293756,7.2270360882924,12.374122552025625,0,NORMAL
160.9,11.323334568742572,-1.339483499267412,18.051469624286923,-1.3769393102162968,0.4554175161357221,-0.05013817792501822,25.988417658354752,2.2951205319053556,6.732390879313757,12.342804380759848,0,NORMAL
161.0,11.503052450951945,2.097585652942071,8.823808789814828,-1.522241465602419,4.7797365101733575,-0.004169192198329522,26.183906042030006,2.2762572068306213,7.052784412381687,12.343374123273977,0,NORMAL
161.10000000000002,11.780551517596507,0.4252782586955537,-14.068819103991913,-0.4209920081816253,-3.028208438753406,-0.0347365016624532,24.93837336692615,2.1169105138817925,6.433379532434815,12.385744158997875,0,NORMAL
161.20000000000002,11.576553346145852,-0.7161781678563117,-0.33470131981454904,-2.1278831533531,-4.24996412075571,-0.013427167040515345,27.325884926047948,2.3604508275466527,6.742949810543338,12.348495256392901,0,NORMAL
161.3,11.616519660729232,0.3583379947326439,3.195880101684535,-1.2709848323327673,-0.21940872428561242,-0.03000370564228568,25.96616237737311,2.2352789936863995,6.292593459320616,12.419581179839593,0,NORMAL
161.4,11.659164832982038,-0.0770021475194047,-7.642557303736058,-2.1717648982102227,-7.255399885135863,-0.04536752119693465,25.53307002157987,2.189957032715639,6.212150274448516,12.393565320676583,0,NORMAL
161.5,11.593476919612272,-1.1701734660145677,0.17505604050759405,-2.72206480935994,5.166254252404021,-0.04431959050933752,27.010170084236993,2.3297730500972365,7.165843165650192,12.337967546617698,0,NORMAL
161.60000000000002,11.430736586242448,-0.0419909394178859,6.119709341375679,-1.1385140477294184,5.1557564322717,-0.008957589771864727,25.743930383771627,2.2521672325785143,6.051068195512945,12.380263681732076,0,NORMAL
161.70000000000002,11.542138006274525,0.053768402260568234,4.4985325126977145,-1.6909135229055998,-4.846042032720749,-0.026914217240404017,26.74520782934979,2.317179695374513,6.087284023937364,12.388742189194993,0,NORMAL
161.8,11.450638158752872,0.857715563121657,-1.9601823365194926,-2.1077224542735684,-0.09668493285663216,-0.05725892045322674,26.25547979440616,2.292927208981489,6.489363730906165,12.419766881131434,0,NORMAL
161.9,11.710373117205073,-0.3382680650433303,-12.621775141177611,-1.7102505094769263,6.254445133783718,-0.04019239303732164,26.408303004429357,2.2551205448466747,6.278233732944211,12.367525144425386,0,NORMAL
162.0,11.40027201187883,-1.6666394651138654,-0.22382810749928428,-0.8568334275168248,-1.2034032579653153,-0.01874487525236526,26.231739423684807,2.3009748711567513,7.078537930265658,12.320760507520797,0,NORMAL
162.10000000000002,11.376985282856616,-0.38303368654318715,10.580408315526348,-1.9509311610699893,-1.8930254898579968,-0.05865909910681838,27.755111183785242,2.439583992923676,6.4981258567790094,12.399466269188686,0,NORMAL
162.20000000000002,11.321378999503054,0.4494421979914044,7.744385940836496,-1.2354385254884241,-4.113922900190897,-0.029869347126280997,27.042844716416063,2.3886528944577416,6.228623708203458,12.386233573502947,0,NORMAL
162.3,11.47180051690356,1.1658435016241122,-1.4394240482624787,-2.7737157411081688,-6.351875022591553,-0.05462855343516824,26.04222281405986,2.270107711138017,7.005931402307439,12.342955634439605,0,NORMAL
162.4,11.54389952182057,0.16155738833890868,-9.93371955427651,-2.505813530006735,5.5463960225474525,-0.05325053154530858,27.074873461464716,2.3453836730202915,6.207427503760687,12.372216291996205,0,NORMAL
162.5,11.506147628350663,-0.8209004092311903,1.810665434057495,-1.6644365365986782,1.4477540284736912,-0.04111652507393485,26.847087082711585,2.333281994102135,6.529512145783723,12.352912415920533,0,NORMAL
162.60000000000002,11.377646303819951,0.5236904751504077,10.25970605043047,-2.2162627243119966,-3.750495178366764,-0.04766516229962854,27.389582848873395,2.407315372396272,6.2111508772888975,12.382448029292796,0,NORMAL
162.70000000000002,11.570651921163842,1.2310408008549039,-9.55878125629122,-2.414535572272031,5.928720492401751,-0.0801985251997835,26.513567675885206,2.2914497693418054,6.939884664641877,12.330421289754613,0,NORMAL
162.8,11.646774755511474,-1.3880657761078365,-14.413389287993983,-1.0305186258316463,3.4203730483036843,-0.025254523146815675,27.427882599575177,2.3549766502177594,6.959567371776997,12.376194580119424,0,NORMAL
162.9,11.294920823380139,-1.6516370567438925,7.418516088938241,-1.7304609626112941,-3.797065979914261,-0.02327084451555506,25.812452241576644,2.2853150230274886,7.1877714082014705,12.299721353210872,0,NORMAL
163.0,11.330350733261282,0.09563744167981184,6.881171619054364,-1.7899318218144986,-3.9557024217251002,-0.05702278644573092,27.29496509023041,2.4090132541178573,6.3921899628515915,12.373771575517166,0,NORMAL
163.10000000000002,11.353417958366798,-0.27540273293301953,-1.226406409393059,-2.521601446956314,-1.142330238323278,-0.059232989169316075,26.425547143043456,2.327541119330447,6.339320933131325,12.41211412450318,0,NORMAL
163.20000000000002,11.293676420319487,-0.14964384019879998,2.2024413734957062,-2.0183978694791542,0.9407018937426748,-0.04749405785685871,26.15010713694109,2.3154645275556187,6.355434026633179,12.362007874334687,0,NORMAL
163.3,11.295382975643708,0.16508554176612178,1.4343038752758335,-2.333461068207779,-0.9891399837243742,-0.03698982587279988,26.80505012985242,2.37309794520932,6.251642970457116,12.406041421422927,0,NORMAL
163.4,11.337529374708433,0.13721693485636677,-0.9951601590344475,-2.216225866224029,-0.946343641861469,-0.055116112585768234,27.733131940011745,2.446135398941355,6.321860782634407,12.361480023484857,0,NORMAL
163.5,11.346800561869818,-0.03394649004076775,-1.6567298970967663,-2.522729796580073,-0.7374184537356365,-0.03765186543027463,26.185360955140652,2.3077307838770733,6.100532500237789,12.419529761789367,0,NORMAL
163.60000000000002,11.339313891004199,-0.19412904456298652,-5.326891420727203,-2.3637095569711564,1.6300990322374886,-0.08428979199662576,27.308114857032727,2.4082687118042507,6.492293370369254,12.39432237141948,0,NORMAL
163.70000000000002,11.294681092395113,-1.0993247741862084,4.970073956607673,-2.1967099901325753,-2.729038838879827,-0.05575656942681388,26.91965133176611,2.383391891417947,6.912701592300035,12.300235086947687,0,NORMAL
163.8,11.13348358974742,0.7998857467585482,6.067402077825113,-2.9095173247471218,-3.4988099223282365,-0.09278193087827222,27.768490770331677,2.4941421565396715,6.639036637483294,12.386883369692926,0,NORMAL
163.9,11.457526180157824,0.11415564137881423,-3.1918649443162517,-2.8964719745982226,0.5412074746715967,-0.094220726548403,27.111914694621913,2.366297424794403,6.3670766368169165,12.377645996140958,0,NORMAL
164.0,11.17149787408002,0.1615127578952979,7.69993214998574,-2.8012758298128024,-0.4399179245619145,-0.07815812326104789,27.238111784779484,2.438179024137581,6.005142592046958,12.432250638993505,0,NORMAL
164.10000000000002,11.498820802880394,1.6541420713759623,-7.059694453875555,-2.9844555595106055,0.18277080691903036,-0.07241906416684012,26.43177808944331,2.2986511871567115,7.347675395313896,12.314033487326027,0,NORMAL
164.20000000000002,11.478078483594649,-1.2504261328798132,-15.28071086229533,-2.7647216684289964,2.4786076284192626,-0.0999307120949734,27.366568768781935,2.3842465276654394,6.975719384736455,12.374484770253641,0,NORMAL
164.3,11.280349494198475,-1.4020001010831038,11.80717018630648,-2.488734033826753,0.2454333735704317,-0.04391598177919517,27.48877831377022,2.436872929150626,6.35731951371238,12.36481436030613,0,NORMAL
164.4,11.211871608400509,1.111007904381483,8.8157759992859,-2.71563499371491,1.1499169760311423,-0.11466632157332853,27.86357292367009,2.485184802044404,7.061558353340227,12.363859437944955,0,NORMAL
164.5,11.550558779154784,0.3611550987740765,-8.265076833462928,-2.2587506386205245,-4.3948573666510615,-0.1015580916006511,26.654430848013625,2.307631289329197,6.59146475655307,12.326195958395358,0,NORMAL
164.60000000000002,11.263108761147054,-0.5420074623111026,2.4763306471195827,-3.5946064670451223,0.6034703258650986,-0.11114779859177124,28.95087557240329,2.570416053538569,6.27591466164606,12.37089150440315,0,NORMAL
164.70000000000002,11.458604035877949,0.856421228197993,-5.5514501272682555,-2.1380565734475048,6.442972938361848,-0.0915362905631143,27.635319123591263,2.411752691432789,6.619522007682162,12.371910096732547,0,NORMAL
164.8,11.399386719574139,-1.6522974877647538,-9.970050909385714,-2.3060118793727526,-6.392584606460907,-0.06130664504011127,27.297618047616954,2.3946567231326235,7.065871947866274,12.35828161450221,0,NORMAL
164.9,11.139609376882355,-1.1375889536791497,5.239216112139331,-3.416573494739686,-6.100181549970158,-0.07790047154426032,27.163828008014324,2.438490174025893,6.964584959792887,12.33208064624943,0,NORMAL
165.0,11.176559974735145,-0.6044542653368875,5.348701934237428,-3.5260481893667843,2.5199440347164037,-0.07373626989014444,28.080189046293004,2.5124178736363314,6.216721697294066,12.39521039169234,0,NORMAL
165.10000000000002,11.006850753357826,-0.06784856683166401,9.62765804898367,-2.9125846877964054,3.266596154997974,-0.06743869568398096,27.729886221648737,2.519329719555729,5.886677409523383,12.383639909759337,0,NORMAL
165.20000000000002,11.18479947706341,1.321077344459847,1.0282548205897277,-2.8727289583671896,0.8035990296995399,-0.1041336347337814,27.223241746864012,2.4339499159274625,6.815699046878315,12.329816361040887,0,NORMAL
165.3,11.265051964391612,0.13780239728628155,-11.441127101751155,-2.7518648818564975,-2.850807419237429,-0.06227086578222412,28.01656360388837,2.487033676582019,6.329366547682443,12.401808372921638,0,NORMAL
165.4,11.214608467047132,-0.9671480758903842,-3.750161653181084,-3.4428904422146753,3.9460109750805117,-0.08055685523101717,28.72689473741676,2.5615602026435,6.592511225877836,12.399777104173944,0,NORMAL
165.5,11.099596347544301,-0.6122299333499354,4.375980535765667,-1.9626626868403951,5.592187517238216,-0.04305519212631157,27.81334941245366,2.505798277845225,6.333346491546332,12.416947057482313,0,NORMAL
165.60000000000002,11.08862888808962,-0.09195196873725084,-2.7012342735853325,-2.324452938767032,-2.8246708711796353,-0.045157289559577485,27.864708633878998,2.5129083960784993,5.925039840906429,12.372227781308077,0,NORMAL
165.70000000000002,11.074492991113614,-1.152476788067002,-3.646319888283235,-2.527596861076322,0.3777915593776848,-0.07780985432557563,27.874654692976353,2.517014071465259,6.6702180413342536,12.33671699497903,0,NORMAL
165.8,10.841829604416324,-0.8212159463938979,9.720755155720546,-2.248894626891495,2.7345588467213067,-0.1173615990087388,27.278887455998465,2.516077862438149,6.361054357380394,12.297747583458655,0,NORMAL
165.9,10.887730312150058,0.7916742430771072,14.497979345133741,-1.9806850917320609,-1.701818279503129,-0.02834435887403772,29.444882751817776,2.7044096342980724,6.517501060648073,12.405232627504278,0,NORMAL
166.0,10.966311615069609,2.0783799226328505,-8.021826012374657,-2.589258282792121,-4.9558625236580545,-0.04661706233400569,29.016217927049468,2.64594140177233,7.224612396957089,12.296753491099576,0,NORMAL
166.10000000000002,11.293709677730282,-0.8126909593978242,-26.466601476224614,-2.9718575964636718,4.072862726808262,-0.07109238380367648,29.595454642765013,2.620525539196689,6.581855972575412,12.340847177965331,0,NORMAL
166.20000000000002,10.778065011473192,-3.214940372612073,2.325204160856423,-1.7746857374304683,3.971227245288691,-0.061876981661760255,29.391179069938943,2.726943940183344,7.734007054693616,12.365114029136846,0,NORMAL
166.3,10.660605263362216,-0.34765012722653954,25.413211535050316,-2.1776121474059336,-6.505645150992883,-0.04247978517236442,28.848814849447766,2.706114159258273,5.831478260023471,12.40262545469001,0,NORMAL
166.4,10.660094822802648,1.8677019343979904,7.316585976845909,-3.075814767629045,-2.101879846474737,-0.0907850072470414,29.922621560464698,2.8069751777871836,6.787165541737196,12.381125713004263,0,NORMAL
166.5,11.032023510479426,1.1156670681426424,-16.679533769843545,-2.597988116700881,-1.3412933120259818,-0.04906705950610765,28.23353448131806,2.559234437317755,6.652438842079805,12.399605373701677,0,NORMAL
166.60000000000002,10.91331874167639,-1.4682048195707185,-11.852659203481238,-3.3440734300342414,0.21573051093866313,-0.1070546248096663,27.84316137251492,2.551301032396855,6.600439212148086,12.406722737283166,0,NORMAL
166.70000000000002,10.70635661850731,-1.2548647725536055,2.2808811156420514,-2.5548420145131483,-0.5923040902504861,-0.08211053973654459,29.30153169166568,2.7368350164064426,6.629519706015772,12.383074444312198,0,NORMAL
166.8,10.700172924121613,-1.0120285964423081,8.13469258108713,-3.4625342480843386,4.630990975615368,-0.07226295800335052,30.547161518331762,2.8548287709882416,6.291895932949099,12.39322262586057,0,NORMAL
166.9,10.534506764532196,0.3720737436638206,9.78806494668678,-1.6286438193900747,4.855577160585935,-0.05262436788009621,29.888915447097805,2.8372391907069106,6.0299028710233475,12.382626668742704,0,NORMAL
167.0,10.780818548822632,0.945584392895048,-6.624375284293462,-2.4914188159671515,-10.603728876690125,-0.055721580593352575,29.231840994950826,2.7114676740518204,5.980292986465902,12.402453395326798,0,NORMAL
167.10000000000002,10.710871642517775,-0.9528013131948719,-6.352493058740813,-3.7493895947281,-4.643508418018998,-0.13324235193154174,26.995513366010357,2.5203843596490523,6.394679328178941,12.392209056086303,0,NORMAL
167.20000000000002,10.623310046736187,-0.3249142188531148,7.912732722987094,-3.420120499570951,-6.383927927558488,-0.10726983787616615,28.931486236506778,2.7233965787711747,6.283140553556793,12.363383585679083,0,NORMAL
167.3,10.631647885761994,0.6297452314025469,-5.788132171455993,-5.026175180239798,-1.6614483586791162,-0.13199376130816723,28.246115412419538,2.65679560835033,6.296944850461016,12.343106633083483,0,NORMAL
167.4,10.718930669497809,-1.4825406531443133,-2.688777729526213,-3.7524101713067743,13.236480371500322,-0.11764246644712693,28.652993291707535,2.6731204982268957,6.691424619735616,12.360492220570817,0,NORMAL
167.5,10.334487871221825,0.09198968549730423,17.538699084223314,-2.378879105939733,3.4423272369360736,-0.05101786212335907,29.39862996551362,2.844710868293649,5.723124480533378,12.473130935183608,0,NORMAL
167.60000000000002,10.746100584432371,2.0251991637003495,-12.23196480251396,-3.0639447239195596,-1.763972686137909,-0.03610559685372467,28.916257330193186,2.6908604756671926,6.758168225741475,12.36855435049416,0,NORMAL
167.70000000000002,10.71687488074693,-2.354403275005488,-11.735966604889985,-2.7316736431673148,-0.9648594453656401,-0.08693728574467618,29.68436741783872,2.7698716041900657,7.114767150330202,12.34047451348361,0,NORMAL
167.8,10.249217435988797,-0.3219941572776473,10.480546855617794,-3.2569166129926876,-2.190321971927527,-0.10306865289456463,29.128268088132142,2.8419992326294112,5.95836129498598,12.413087683532087,0,NORMAL
167.9,10.633015671296086,-0.25829390388192963,-3.7912668786884574,-3.16973803755282,-2.64993007705695,-0.08261749636702809,30.263404264084485,2.8461732023757658,5.915495337508787,12.417177982372152,0,NORMAL
168.0,10.207530991882061,-1.0802475330153387,3.7566344102406957,-3.7869026284040777,3.853944803799041,-0.1270160122468308,30.36418958947136,2.974685025558058,5.982553754592861,12.377484761897207,0,NORMAL
168.10000000000002,10.412902210223898,0.49303297816620945,-2.1508753045892712,-2.398949076793012,1.8659579110363955,-0.06806565684707902,29.640880288745066,2.846553217377015,6.076829474503675,12.401960425086111,0,NORMAL
168.20000000000002,10.322734596618252,-1.510422593933193,1.0699432351733935,-3.4137110461967985,-0.5977205135742292,-0.05923058999544642,30.433800363540403,2.948230440169466,6.288613439958261,12.392633198301946,0,NORMAL
168.3,10.10839614770561,0.7070216252008882,11.076473557537913,-2.518493179507858,-6.75497053191525,-0.0848408320946937,30.388602875905164,3.006273441588726,6.166225572928853,12.332859457576195,0,NORMAL
168.4,10.456229446941553,0.70487211757439,-9.005670937119021,-4.7647051525798485,-10.582540275730876,-0.11292278842268522,29.18375645172437,2.7910401736890558,6.172527860487868,12.368171233883528,0,NORMAL
168.5,10.225688341669578,-1.094112562222916,-11.294542543565159,-4.635001234654033,7.375111409743624,-0.09378255513673348,29.917381318412115,2.9257083062564195,6.228975932120909,12.384197215770987,0,NORMAL
168.60000000000002,10.232496038418079,-1.5540363911386421,8.793019206014195,-3.2896828706311236,7.132486472848307,-0.10524563946387308,30.15613779334133,2.947094988370345,6.720709503020695,12.353656391667279,0,NORMAL
168.70000000000002,9.903397692159158,0.6644912789799231,12.919784205009286,-3.2085039400843716,6.488938566582434,-0.08560262631702974,30.386806836463375,3.068321376260755,5.943188337636675,12.414290908196257,0,NORMAL
168.8,10.318204618383417,1.0299204498632148,-12.207624435306744,-1.9918951573146366,-0.6383817162130923,-0.0548521093904752,31.447189190139248,3.047738473233163,6.259803097377746,12.388927734868114,0,NORMAL
168.9,10.129758413404785,-1.7770336080814262,-12.737602341401285,-3.33618028332699,-3.259187786630454,-0.093222922344599,30.022927147887867,2.963834468960119,6.7621396472714315,12.368187078844574,0,NORMAL
169.0,9.953112812194844,-1.5176000184170424,11.189129134514788,-2.6437327146407275,-4.231993691970981,-0.052549228878701906,29.098156144967,2.9235231925950935,6.116377812211241,12.414445828847935,0,NORMAL
169.10000000000002,9.86866836284675,0.46079221882153165,1.2556566571594319,-4.182579021721186,-7.484047237994968,-0.11429133962441115,30.94501220674815,3.1356826543334817,5.90466166310312,12.384022110244924,0,NORMAL
169.20000000000002,10.072385971488085,-1.266468686985156,-6.837028233834714,-4.140542162239721,4.400877688578825,-0.13592463026316406,30.963831659203855,3.074130771681428,6.094974597146448,12.38688780583346,0,NORMAL
169.3,9.6181342854462,-0.9066134279454112,14.73921537942949,-3.302403484005421,1.495989848231296,-0.10716497767904527,31.477412268331793,3.2727149917174927,5.781594062021208,12.37236774320309,0,NORMAL
169.4,9.89056510619197,1.681374388900742,6.3426968328625675,-3.841344192593462,2.7171317109039506,-0.11183361056772699,31.314978580890415,3.166146549228591,6.492409309515468,12.337921716106157,0,NORMAL
169.5,9.912991068609985,0.3619259386271023,-17.161206528104504,-2.758977141824631,3.4557131569317767,-0.0791693934469655,31.203920784151048,3.1477805808743162,6.035765849329654,12.412326573599765,0,NORMAL
169.60000000000002,9.936770670296431,-1.7508669167201596,-5.326444409668674,-3.1502015612071066,0.1926870238252687,-0.06573726497233529,30.413958625452274,3.0607487718688566,6.514491045007108,12.366413086581606,0,NORMAL
169.70000000000002,9.556429418848367,-0.7033629433066323,17.065109098923227,-2.720439737059577,-0.060879915999860756,-0.07744784493644216,31.305402622646923,3.275847207211362,5.478050184164467,12.431605084580847,0,NORMAL
169.8,9.77582316856047,1.662154903064486,1.0252562179098346,-3.1623775444070787,-8.712674943228814,-0.05558115853614243,29.519335130221172,3.0196265441008396,6.396550314155378,12.347045570409948,0,NORMAL
169.9,9.904597121525706,-0.4983116997246654,-14.391708082718262,-4.46297472570534,-2.3688334302542757,-0.11662595067674963,32.94945616999039,3.3266831316521888,5.949298652895904,12.372430747081632,0,NORMAL
170.0,9.69528930373695,-1.2161867134791666,5.022237022836566,-3.636144230457934,10.495646558089415,-0.12200556814641772,4.372918977089629,0.451035429691008,5.854446818632993,12.42133411200696,1,CLOSE_APPROACH
170.10000000000002,9.621293989121435,0.5061357048426479,5.219061231431847,-2.363845414087457,1.9017991080924768,-0.055550603616620634,4.154208065350081,0.431772282402673,5.689699026344052,12.430899174294526,1,CLOSE_APPROACH
170.20000000000002,9.775073970417639,-0.17237446719279717,-12.009713986346716,-3.2557844088394385,-5.367949974083643,-0.058342757446913626,4.690927728232001,0.4798866732290909,5.469894058413521,12.390175117585237,1,CLOSE_APPROACH
170.3,9.617941729359744,-1.8958070924266954,-1.6704257416247548,-3.437435408904186,-1.916233549189521,-0.07812618270850281,4.652920866093807,0.4837751149905903,6.321996273151443,12.348679249157398,1,CLOSE_APPROACH
170.4,9.377716512802824,-0.5064596155177481,9.309775656357331,-3.6390311186773427,1.0469489596864245,-0.11522077232594467,4.524678622469401,0.48249257868822687,5.796527816476173,12.413527886778823,1,CLOSE_APPROACH
170.5,9.530573967396801,-0.033851961155229024,1.7499179830631024,-3.228045616966901,-0.6833214369355067,-0.0521126527456724,4.509721305953642,0.47318464988372944,5.139072805269524,12.405020006859257,1,CLOSE_APPROACH
170.60000000000002,9.35851430671053,-0.15647601890512758,-3.427691100326704,-3.775695406064444,1.0036516945247453,-0.07400010598743578,4.438893019442119,0.47431599439445293,5.3494147890500425,12.430238218321872,1,CLOSE_APPROACH
170.70000000000002,9.499904684613561,-0.7193901812205699,-1.420518276593894,-3.027315278061952,2.8896935374542676,-0.04740975451531472,4.392307512223976,0.4623527980589046,5.485895008583085,12.390840064098088,1,CLOSE_APPROACH
170.8,9.188672248354255,-0.44057967422390637,2.1675960142040585,-3.1977566985735906,-3.5915436898903197,-0.09382006893658429,4.496547590804517,0.4893577079767836,5.428032163589804,12.428143870660174,1,CLOSE_APPROACH
170.9,9.430447369352278,-0.28587097837975817,-0.1949988185600468,-3.745624016040016,5.580734320193336,-0.08863408955179108,4.480999582947459,0.47516299147271873,5.634418231682648,12.423778279953991,1,CLOSE_APPROACH
171.0,9.142917732302225,-0.47957943793591573,1.1373546402819348,-2.081609834534923,-1.8582364711369026,-0.04765597240284599,4.556472444323814,0.49836087097509896,5.7397564618123464,12.416942878941217,1,CLOSE_APPROACH
171.10000000000002,9.328850950669995,-0.058400050323371214,9.439968727624901,-4.117271310267396,-9.496601708125082,-0.1186445062444619,4.581364700406934,0.49109635523525025,5.4153675963455425,12.394059260542452,1,CLOSE_APPROACH
171.20000000000002,9.125119036347739,1.4084143075890647,-2.471801348237043,-3.98093017615994,0.7668363247646681,-0.08877064916017689,4.4170752944356275,0.48405673140714767,6.106173272483358,12.372434047102143,1,CLOSE_APPROACH
171.3,9.630638524311623,-0.5527603199707798,-29.461383521006315,-3.9639040453144627,-0.6008754211492873,-0.11849024371393949,4.66783423049165,0.484685851172604,5.9910248304013045,12.334944448528308,1,CLOSE_APPROACH
171.4,9.028858485925422,-4.483862396612198,-3.741711848266527,-4.101105260389797,3.802682483489348,-0.05557205631281748,4.861532973777357,0.5384438111811949,7.578813984655949,12.357710805944814,1,CLOSE_APPROACH
171.5,8.739213557251901,-1.3011026896240852,32.61653733809223,-3.203367548616593,3.465175228561217,-0.07315635206618254,4.636709982655467,0.5305637575142984,5.804502197429416,12.41224047041116,1,CLOSE_APPROACH
171.60000000000002,8.782202397065152,2.0394450710062477,17.826217709879575,-3.408070214677554,-1.6606547250497572,-0.08660549058928722,4.723279239761574,0.5378240020225457,6.168427917457925,12.390490264679043,1,CLOSE_APPROACH
171.70000000000002,9.156414941508359,2.26414085235183,-16.22109024098925,-3.5354984936265446,3.5041154819376863,-0.10762993216426059,4.482313487707645,0.48952712566445383,6.236495995238551,12.3545648816643,1,CLOSE_APPROACH
171.8,9.203075398203186,-1.2047729771916023,-21.517168277630443,-2.7072471182900166,-0.8298380664498417,-0.06634472805013443,5.050439967518998,0.5487774193945046,6.242543259886974,12.392979679410187,1,CLOSE_APPROACH
171.9,8.923748129586942,-2.0392928031742588,8.523938369471752,-3.701466106916513,-5.3896993947191785,-0.09769726871935112,4.288138055074616,0.4805310495997945,6.196543966916511,12.363378857325243,1,CLOSE_APPROACH
172.0,8.780535837544722,0.5000146967027483,5.204568829423712,-3.7851869972338523,1.9390284819448511,-0.12071349491742431,4.295700558144243,0.4892298872895937,5.5826681275667145,12.421891197954459,1,CLOSE_APPROACH
172.10000000000002,9.013340201919013,-0.9983790372895164,-4.042273601235734,-3.3136604105275427,2.4815643030473633,-0.033748872017583205,4.071426141184483,0.4517111359357815,5.652205412760748,12.35779278296307,1,CLOSE_APPROACH
172.20000000000002,8.569961357572463,-0.30844002354439853,5.9124128107782,-3.2888741366243797,-0.5592884302308265,-0.07749225659224626,4.696401482137797,0.5480073113734675,5.276801557882118,12.468445039111808,1,CLOSE_APPROACH
172.3,8.953958870582277,0.18410352486612372,-9.783275258328274,-3.425518096573708,-10.6209384573567,-0.08826078129187837,4.444819220137394,0.4964082686084918,5.23546718951867,12.419647065016212,1,CLOSE_APPROACH
172.4,8.602251219737369,-2.2650950752100534,-2.573632925655456,-5.41306182809572,-3.643724266627577,-0.12301374692483824,4.453353166093906,0.5176962462891044,6.161012160438194,12.405139512686816,1,CLOSE_APPROACH
172.5,8.513831040057147,-0.3306230602649675,11.246835081648422,-4.154262949899223,10.107019941032961,-0.12803106403481868,4.7935921049286225,0.5630358510023293,5.340229007820527,12.438296807089063,1,CLOSE_APPROACH
172.60000000000002,8.536735889869453,-0.01572805888036876,3.4502077346913427,-3.3916578398891275,1.453883467431869,-0.08990810163019458,4.335023408298541,0.5078080737443119,4.937973030281661,12.47521985517395,1,CLOSE_APPROACH
172.70000000000002,8.505936780645616,0.359418486673301,2.766827983537868,-3.8634862564128496,-0.3899834257557333,-0.14627454658575742,4.582649720687261,0.5387589678675497,5.125188803197321,12.409761079835588,1,CLOSE_APPROACH
172.8,8.609650344283143,0.5376375378272049,-5.079130317404276,-3.469654525040274,0.1720270597204654,-0.06949212652587596,4.328236680798345,0.5027192171250392,5.2309740414018036,12.418706049673435,1,CLOSE_APPROACH
172.9,8.633765954197646,-0.6564075768075543,-7.328420617289059,-3.8290808444687565,-2.4081328884013042,-0.11649799502233854,4.303892785096862,0.4984954199510533,5.168285372495381,12.430786255752212,1,CLOSE_APPROACH
173.0,8.506897720571175,-0.9280465856306069,-4.831562597440496,-3.951281102720535,-0.7389163479762129,-0.10068889940665428,4.728170722583826,0.5558043458251858,5.327224207576755,12.418960726640407,1,CLOSE_APPROACH
173.10000000000002,8.431179345961826,-1.6227200962956536,3.0319564660454423,-3.976864114063999,4.8884675579146375,-0.08753507778322775,4.67180066333076,0.5541099852855523,5.764356081068953,12.374481650828628,1,CLOSE_APPROACH
173.20000000000002,8.165783520444947,-0.32165529242151847,8.252418604355332,-2.9735875911376075,2.433375590367579,-0.08195713863332324,3.9426795079861714,0.48282929594138174,5.126983637364559,12.40604990313111,1,CLOSE_APPROACH
173.3,8.348770055334986,0.027763624575413072,-1.116144402272055,-3.4901889959904833,-2.6087886002977667,-0.11263933771402163,4.301035414873776,0.5151699455568729,4.962164167230188,12.379866240842547,1,CLOSE_APPROACH
173.4,8.178831634704391,-0.5448841728759295,2.1236312904205716,-3.495345311197161,0.13305451806483237,-0.10406267293887497,4.272003392493602,0.5223244080935291,5.290461407430764,12.452758260379118,1,CLOSE_APPROACH
173.5,8.263384414679589,0.45248988265952744,-0.24673687031238123,-3.463578092377517,4.179582555799432,-0.07291969323245374,4.774656037959047,0.5778087764472207,4.736012611466685,12.468753139272671,1,CLOSE_APPROACH
173.60000000000002,8.25881353015892,-0.5942315469384057,-4.18484481414685,-2.6594288000372743,1.6280374424370359,-0.07915246068645809,4.728317971803566,0.5725178265058349,5.372697880124799,12.384719150223624,1,CLOSE_APPROACH
173.70000000000002,8.136758479826,-0.3844790801698428,-2.8481270745690517,-3.1379706038901096,-4.024510041094935,-0.040354361258282484,4.659585708970304,0.5726587215932636,5.009106402307239,12.449871409360037,1,CLOSE_APPROACH
173.8,8.174201884710383,-1.163856961852216,-0.5328846414611171,-3.4643308082562614,-0.4909559152626697,-0.10199997901370803,4.046670474625129,0.49505389415379053,5.664040907687153,12.423387231070336,1,CLOSE_APPROACH
173.9,7.907985040995206,-0.4910560084620662,12.489134595934516,-3.2361617869426436,2.6174022829760357,-0.10427830113679777,4.248863309430062,0.5372877272028008,5.157644060019851,12.425592516728948,1,CLOSE_APPROACH
174.0,8.100089289451988,1.3339699573346873,4.4198339063633485,-2.9408503516610542,-1.65896851945867,-0.04990552708114519,33.746928948591105,4.166241598415053,5.382955045576687,12.429756115543471,0,NORMAL
174.10000000000002,8.204665853828839,0.3929107728106035,-11.133172009278987,-3.5679554908343776,-1.6699212324231794,-0.0825715515853521,32.19898699559853,3.924472680453203,4.975393720449232,12.463597737703367,0,NORMAL
174.20000000000002,8.188551665731703,-0.8926644445211099,-14.489337507334513,-3.27483459814569,-0.7368436068632689,-0.10956683359921614,33.47568506688717,4.088108182424943,5.487779504031598,12.38436264538389,0,NORMAL
174.3,8.034033083200203,-2.5049567286562993,-1.7835791518682391,-3.7153242122070314,-6.045846279696769,-0.06905559677896134,33.94450847178498,4.225089456348596,6.1841878405491215,12.395261102858633,0,NORMAL
174.4,7.7042863458410125,-1.2493802748947578,16.92057311631333,-4.484003854085044,4.217867315194779,-0.10008712494612863,33.9882259252983,4.411599517409694,5.544293341935193,12.368846246787195,0,NORMAL
174.5,7.781192070186578,0.8791578946063674,6.098597006905885,-2.8717507491680756,3.8851692880791022,-0.04513225992571855,33.40811026623259,4.2934437249319215,5.295936249868428,12.457877594177381,0,NORMAL
174.60000000000002,7.893483790078931,-0.029660873513580842,1.9185144969428036,-3.7069699964692235,-2.234983434054667,-0.09503907024355789,33.97618018140155,4.304332672996065,4.83816401562315,12.469035964391571,0,NORMAL
174.70000000000002,7.782042854099536,1.2628607939949281,-4.217714285806046,-3.318747435979009,-3.5949745125633115,-0.1093868784121639,36.16650424899318,4.647430620346799,5.429736398288371,12.447269820152318,0,NORMAL
174.8,8.165729572631335,-0.8732037306747902,-13.69864803081768,-4.425964898981886,1.1458098479605994,-0.08116501978666088,33.242261944600486,4.070948180309191,5.639140000247579,12.395302870781263,0,NORMAL
174.9,7.593746908178769,-1.4768688121686078,16.391056030834964,-3.089585466386889,2.964278089312584,-0.07197582527355134,33.96535415010995,4.472805659815697,5.304269495397404,12.384561665690764,0,NORMAL
175.0,7.863887176057322,2.405007475492203,8.32536347737877,-3.833109281119369,-2.2992317028840437,-0.09600839698275572,33.858868324620346,4.305614712747698,6.027347432279592,12.4119566465456,0,NORMAL
175.10000000000002,8.069016945599799,0.18820388330714655,-24.94073915093193,-3.549431806963698,-2.2228111145579144,-0.12515226499602938,34.294940809402924,4.250200618069672,5.094553321082436,12.432702375143311,0,NORMAL
175.20000000000002,7.913368335405544,-2.583140354694183,-10.27113340944903,-4.277671504030952,-0.39110030046713984,-0.10212684656565149,34.006494226149975,4.297347574989027,6.357233245968071,12.381604589821945,0,NORMAL
175.3,7.529926205505574,-1.8660227985826596,11.950803598001839,-3.627651867057126,6.92071306527188,-0.0854725045803458,34.67483384643146,4.60493674175434,5.463905856276278,12.467947252559417,0,NORMAL
175.4,7.5184261766467175,-0.19297963509381524,13.367867779771046,-2.893528890976576,2.124708179889614,-0.0780143945674807,35.667037697873866,4.743949978342631,4.630643376632633,12.47298822022009,0,NORMAL
175.5,7.512056400664884,0.8075507573715499,6.584137397408566,-3.202710231079203,-5.474853133314106,-0.06656673025866607,34.79487145142936,4.631870368857947,5.09996039027661,12.41408411053535,0,NORMAL
175.60000000000002,7.692592305093614,1.1238478443878979,-11.839397929876304,-3.988499517639397,-6.425894972519208,-0.1421123130268036,35.29506654516108,4.58818888943206,5.200754252208637,12.359560135196652,0,NORMAL
175.70000000000002,7.716201730692022,-1.5603288286037111,-3.5203338223655427,-4.487889225583045,-1.0701083921799404,-0.09349194048922245,35.59045040992343,4.612431303909355,5.447666443690656,12.41347896042073,0,NORMAL
175.8,7.355341969494685,0.4197810799147893,12.094490823848773,-4.202521196075385,3.0726053588693736,-0.14985402807625614,35.39928361264552,4.812731176804478,4.791582874118626,12.425583074843601,0,NORMAL
175.9,7.81367328243281,0.8585693361660435,-11.213545324962425,-3.87336815380917,0.9519984341271082,-0.07516960969430336,34.90907432310262,4.467690554913192,4.945545760535108,12.437224239232675,0,NORMAL
176.0,7.545859637953401,-1.822927985077696,-7.976897937193848,-4.012121509249964,2.7435710278554737,-0.10496133897509007,34.801444391136606,4.611992014282352,5.6068713137253265,12.444920845600786,0,NORMAL
176.10000000000002,7.407665964372097,-0.7368102512727263,5.089716319935791,-3.3246539482380753,2.923166777345605,-0.05002009220962108,35.39868605959889,4.778655818155459,5.163492524162126,12.40214420708597,0,NORMAL
176.20000000000002,7.428679138985883,-0.8049847210905378,7.794947549894374,-3.4274881537808426,-0.29941501824223726,-0.08687321445821121,34.304803193067336,4.617887319030233,4.8765800886923705,12.4427989895807,0,NORMAL
176.3,7.2722826374064224,0.8221792587061486,5.350720208188807,-3.3845369518865227,1.6436078648107033,-0.12332935854973812,35.26286721055853,4.848940692868152,5.211689682098216,12.432719306985692,0,NORMAL
176.4,7.56757199861389,0.2651593205472237,-8.920811923569968,-3.098766580818702,5.9077459720014565,-0.07260381330330085,34.4635085690128,4.554103822907174,4.451007584013331,12.463977588879889,0,NORMAL
176.5,7.360719468868857,-0.9619831260078452,-1.054614833297527,-2.2029877574862313,3.2394716236841536,-0.0558769420681877,35.47238540394954,4.819146491586193,4.870037106234742,12.421291549900857,0,NORMAL
176.60000000000002,7.354504691345863,0.054236353887718275,9.15720266943883,-2.450872256081871,-7.710974973803153,-0.05362050720699048,33.64432148470658,4.5746549763298505,4.5253188829939734,12.485828538670821,0,NORMAL
176.70000000000002,7.371016867042749,0.8694574078799209,1.6002258058746377,-3.745182752246862,-7.505382885617711,-0.10327171699480883,35.666462323748995,4.838743821523552,5.069289019074181,12.418967677692965,0,NORMAL
176.8,7.505739475369714,0.37428151506264584,-10.877575090552417,-3.9519488332054133,1.4438387888993764,-0.11998741732889066,35.39850414683031,4.716191424308218,4.916484801491755,12.422238266167426,0,NORMAL
176.9,7.410177743633657,-1.3060576102305625,-2.9827677827352628,-3.4564149944669866,5.299472747433571,-0.05619766835588607,34.730915229866994,4.68692066930588,5.212674217187444,12.421573439522751,0,NORMAL
177.0,7.249704479166217,-0.22227204148440674,8.081374670447872,-2.892054283718699,-1.182963544769009,-0.054768908424732005,35.226177950013636,4.858981224854695,4.536171582922153,12.440251974368406,0,NORMAL
177.10000000000002,7.333974692948574,0.310217323859012,0.7911908729738559,-3.6930077034207884,-2.6566642670201612,-0.08413070018589387,35.753489766824764,4.875049514583247,4.698055597745639,12.472832085637599,0,NORMAL
177.20000000000002,7.321333068204042,-0.06403386688963554,-8.407096725095622,-3.4233871371227313,1.842554145217894,-0.115694909252822,33.42874246343394,4.565936579038081,4.666686780481942,12.41449368203103,0,NORMAL
177.3,7.319750216962015,-1.3712020211601126,-5.3016000340949905,-3.3244968743772096,-1.5648106786383864,-0.08576296664697089,35.67059542585004,4.873198451934981,5.147867057847638,12.430887718143786,0,NORMAL
177.4,7.033632349447605,-1.1243538737086338,11.808178452643649,-3.7363492728504086,5.081823851283988,-0.12982362038426734,35.32965089342592,5.022959566005832,5.279238284726605,12.418338839511582,0,NORMAL
177.5,7.0992835315103,0.9904336693686173,5.562744589578774,-2.308132104120412,-0.37495067223746403,-0.05612914456701004,35.538381785886656,5.005911037099575,4.989601716734673,12.47665230726951,0,NORMAL
177.60000000000002,7.2384852437201275,-0.011804955792878921,-5.633151787685464,-3.8113394072979014,-3.1139388601912366,-0.11622710121936493,34.787059119914204,4.805847901685552,4.548413588387621,12.414482001043167,0,NORMAL
177.70000000000002,7.0743968599208555,-0.13619668816847547,4.015413010273173,-2.9309198761586592,3.408250993984867,-0.049764781870893546,36.42468677921533,5.148804555420831,4.433463673373653,12.433210998311992,0,NORMAL
177.8,7.208261270755368,0.7912776462617558,-1.0680996036564674,-3.129689208500928,3.8222176147136944,-0.0883111776124804,35.418473864687215,4.9135946290381405,4.5848510822980115,12.397216043507429,0,NORMAL
177.9,7.2300293545070495,-0.34981660889976895,-5.252270268919757,-2.1664763532159204,-2.358755447396621,-0.05455239098531189,35.215717556463034,4.870757203013331,4.871048398468224,12.440556111864803,0,NORMAL
178.0,7.1130355005123205,-0.2591764075221958,6.137453875623633,-3.6014402979802522,-5.903934068514156,-0.08942485261090621,35.60614317447171,5.005759239062867,4.609212237428402,12.418913050783576,0,NORMAL
178.10000000000002,7.163569765747818,0.8776741662249578,-4.7643266219628995,-3.3472631669187516,1.0983890469937818,-0.07633832909567655,35.56867593070444,4.965216657869927,4.818116331268214,12.459563176893386,0,NORMAL
178.20000000000002,7.318043936346716,-1.2120417319147758,-9.06420411371123,-3.381762488581496,-0.5566579751147338,-0.1156000453414057,34.479399096198655,4.711559454425921,4.8997762924405865,12.425493174404103,0,NORMAL
178.3,6.925563103627315,-0.9351666565172885,8.6585388986552,-3.4585947619416983,2.770597283991554,-0.06250181157525074,35.352546925080915,5.104645845557996,4.931967876246098,12.434674398777288,0,NORMAL
178.4,7.142246277492325,0.5196660478162642,1.2091871571795814,-2.827643031783185,3.260937359439653,-0.036469955641955897,35.21568011151931,4.930616887644442,4.6568400683041276,12.434980931189202,0,NORMAL
178.5,7.049691819183312,-0.6933292250813722,-4.418941697746687,-2.8064072900537678,-1.3438931993243175,-0.06469177017847257,35.832735402584476,5.0828796948368735,4.964274481752419,12.38175588239157,0,NORMAL
178.60000000000002,7.046168740276926,-0.3641222917330733,4.082178108427412,-3.0964216716480486,-1.8468501439758,-0.1217703147702871,36.41704845161268,5.168347479879034,4.642789478549793,12.391868015791168,0,NORMAL
178.70000000000002,6.981799914134693,0.12310639660411017,8.928353939307984,-3.1757773188489278,2.1442407787312145,-0.09830479050665875,34.539953596247585,4.947141714319434,4.209718693370221,12.418773137508987,0,NORMAL
178.8,7.056919927968421,1.4215484961285236,-5.91339836922101,-2.6675735159018057,4.458435801110818,-0.09138100757934892,36.015865835928906,5.103623989438877,5.230847545969524,12.402288023296418,0,NORMAL
178.9,7.236609836838627,-1.0595732772400919,-10.279878305860235,-2.284090158626764,-1.2322286172063213,-0.054556206908126965,36.714121964425516,5.073386957733842,5.066529856472983,12.421876398403981,0,NORMAL
179.0,6.849033667620712,-0.6344271650435235,11.47249999335024,-2.91401923934307,-3.839928191520716,-0.047795142843528676,34.972804081738715,5.10623918335737,4.664265580455136,12.458291681350799,0,NORMAL
179.10000000000002,7.130363302652997,1.2349267214299562,5.692414693102201,-3.0520757969309074,3.33927313478243,-0.07118596743150027,35.06126864325726,4.917178431877657,5.037151639958116,12.398562740416633,0,NORMAL
179.20000000000002,7.0887472048077,0.5040557735769168,-11.787917295475111,-2.246164612386584,-0.5544573115527052,-0.057982397078683884,35.80747882188565,5.051312705522981,4.775730863994294,12.460065532830091,0,NORMAL
179.3,7.230660720808882,-1.122656737665066,-11.92338206595912,-3.1629672592414484,-1.2671605423137078,-0.07812154699272107,36.011681721383425,4.980413701025493,4.961049996128648,12.401644414554127,0,NORMAL
179.4,6.888364668912142,-1.8806206396149072,11.803894066405801,-2.4995967208493255,2.120286645452949,-0.07194720764007392,34.89752645962987,5.0661554863850045,5.14200402628117,12.359776230867585,0,NORMAL
179.5,6.889552028111168,1.2381220756160942,3.3937420118631945,-2.7389099301508586,-0.6393874226272733,-0.08265902995150139,36.56002807317171,5.306590025591978,5.007420643271894,12.416987448820844,0,NORMAL
179.60000000000002,7.144094012063229,-1.2018722372422683,-5.617798179436218,-2.62747420537478,-0.8128012376447225,-0.08634723598499972,36.32550240348586,5.084689863004053,5.099137491747125,12.450119086979605,0,NORMAL
179.70000000000002,6.674099651108216,0.1145624397288505,13.364890129732755,-2.901470177679803,3.062418946450065,-0.0651582357239563,36.17738958426482,5.4205647915756945,4.361508455110011,12.448439648187188,0,NORMAL
179.8,7.1289252199352715,1.471105788704283,-6.787690752114358,-2.014990416084767,3.2864906765230217,-0.04305767395923786,37.8392340209877,5.307845552254407,5.321852851707813,12.419471956273703,0,NORMAL
179.9,6.9696501888865106,-1.2429757106940211,-11.16564414915648,-2.2441720423751987,-1.1757642477211805,-0.028839704298623477,35.83086926700031,5.140985314318155,4.725530084933401,12.431233967224097,0,NORMAL
180.0,6.8756976467517354,-0.762023041127013,16.177866035182284,-2.2501432656290032,-4.94532223893459,-0.0740928201021199,35.38697201400342,5.146673666012812,5.053278255153777,12.436593437259612,0,NORMAL
180.10000000000002,6.833617935930721,1.9925974963424358,4.192127436264467,-3.233236490162117,1.1243716630730227,-0.08447349897739734,35.62331599956882,5.212951080022155,5.357932507233844,12.449792864184166,0,NORMAL
180.20000000000002,7.26955431405366,0.07640244612588058,-15.8428360118421,-2.0252689330143987,6.483856285238462,-0.038193829210166286,36.91332848450534,5.077798017568106,4.348519463770215,12.43363796451738,0,NORMAL
180.3,6.848445009267868,-1.1759697060259842,7.2072805672138545,-1.9364652331144245,3.6948735921832476,-0.06744875357015609,36.9495973837743,5.395326579065922,4.891676830508279,12.404015190104413,0,NORMAL
180.4,7.004025633458733,1.5178585595686516,10.761796677347139,-1.2862942145777492,-6.946206024215514,-0.030961192516959883,37.0339670179806,5.287525910965643,5.192866781622852,12.456868799823912,0,NORMAL
180.5,7.144169600349587,0.9763896294434438,-13.008836679033816,-3.3257064379575274,-6.627311716812319,-0.06295633650764813,35.95891062824115,5.03332264487136,5.098565189924712,12.383524923948514,0,NORMAL
180.60000000000002,7.178639301419818,-1.0839087762381117,-6.659630950553624,-2.611756557940213,2.895068533008607,-0.05955854633272136,36.75726204852965,5.120366201051453,5.232243467970922,12.41693456203153,0,NORMAL
180.70000000000002,6.9110111194058,-0.3555365606672812,7.853944173374196,-2.746692731355806,4.02849583583623,-0.10380076357896287,36.45115634132703,5.274359382663104,4.215794473566587,12.438088133022834,0,NORMAL
180.8,7.124759011729006,0.4868800584367276,4.799086098092456,-1.806057390772967,0.5104328482387555,-0.021195490645407294,36.61665432140447,5.139353381795084,4.910016328682709,12.399024385242358,0,NORMAL
180.9,7.0136336453306045,0.6042806589512101,2.437068223812286,-2.644606161708055,-0.06001534342071624,-0.07133406843604924,36.174808427923466,5.157784146881866,4.87544320812173,12.416976773977172,0,NORMAL
181.0,7.2477066803890695,0.9742937031991848,-8.967216106067989,-1.8180604594571101,6.662337841218796,-0.06848070976496673,36.50550772644352,5.036835696623948,5.220858983656509,12.418610594412485,0,NORMAL
181.10000000000002,7.2165446179635,-1.189162562262388,-0.19249068414835147,-1.3121385934642957,-7.716638225141638,-0.05875533145330279,36.40677814727062,5.044904462538273,5.211582547330716,12.418130848517809,0,NORMAL
181.20000000000002,6.988490111838547,0.9357955663695146,13.656094676374916,-3.361388104485438,-6.530374402540018,-0.07656870893465105,35.64269993052555,5.1002003809301515,4.805292554699356,12.419853464412732,0,NORMAL
181.3,7.405736581642662,1.5420563730125953,-9.790680828220474,-2.6182134739722995,6.341766434219804,-0.07469410009193456,36.79689694768746,4.968701835668797,5.490790970628991,12.452237214741775,0,NORMAL
181.4,7.258810186152953,-1.0223405992745802,-13.053485475763829,-2.093034817641477,4.056398766351814,-0.030815567623358957,37.0380900210009,5.102501521758411,5.105206079532881,12.406356805399993,0,NORMAL
181.5,7.190365233619235,-1.0686407221401704,4.664556336306493,-1.8069337207019367,-0.9404295056757972,-0.041104111992083636,36.04614096672493,5.0131168300308,5.247713493856336,12.454944687387776,0,NORMAL
181.60000000000002,7.063522846853904,-0.0894293320132815,6.978993120842678,-2.2811207187766365,-3.8552218086681567,-0.06603077415757538,37.20861811464701,5.267713989375676,4.62771977257858,12.403052003462209,0,NORMAL
181.70000000000002,7.1682032092924945,0.32715790202836514,5.787942382874137,-2.577978082435568,-0.7212465715310801,-0.04651635346488584,35.57551211013113,4.962960880351835,4.40567688914116,12.463578807880479,0,NORMAL
181.8,7.166040831557317,1.068159144561546,1.7251680311424449,-2.4253700330828525,1.610014074201176,-0.07678162724536358,35.8351679033987,5.000692676155326,5.175226037232413,12.390611665062972,0,NORMAL
181.9,7.37412951911999,0.6721915082568541,-15.426979332140768,-2.255975267595333,-0.2168181860488616,-0.06194851572437499,37.22025622543274,5.0474101558599305,5.066447756373694,12.425137686698822,0,NORMAL
182.0,7.305584861956232,-2.017236721866608,-0.015674497387589414,-2.468733670292625,2.6715189516456217,-0.052128177224761776,36.60300722687588,5.0102774683360005,5.539414644275347,12.399014977289436,0,NORMAL
182.10000000000002,6.9856500635391265,0.6690566087793363,18.192547340738233,-1.7216714772662085,1.9755019969291965,-0.10154490795322979,35.62300716060401,5.099454859116776,4.656931766317001,12.448196039860813,0,NORMAL
182.20000000000002,7.460547393374232,1.6212727462810392,-9.654681052175945,-2.0736332709067855,2.541224208786581,-0.07428829415542741,34.20158858548553,4.584326964514724,5.330351316706303,12.421312720250977,0,NORMAL
182.3,7.309434267419814,-1.261879601655853,-5.1510461389286855,-1.2134266355088923,-5.911561704710264,-0.05603700857505151,36.117173485674016,4.941172211734406,5.108037388664454,12.417711612342291,0,NORMAL
182.4,7.225727027595429,0.5910635184953021,10.167736780725178,-3.2559456118488384,-5.4002012003106366,-0.07492181332861413,35.72053145485455,4.943520744478165,4.946921548535553,12.45247685237122,0,NORMAL
182.5,7.451189753110154,0.7716677544891827,-2.6415319212461923,-2.2934668755710197,5.720999792834296,-0.06384342297440002,35.95979603851792,4.826047548112457,5.013181352328323,12.407040761382198,0,NORMAL
182.60000000000002,7.384239449435944,0.06275713424606366,-2.5858824943334495,-2.111745653281979,8.664843833866986,-0.04976257493571237,34.53412638409575,4.676734363852962,4.525372664127697,12.440087434632778,0,NORMAL
182.70000000000002,7.428816709206599,0.25449125562249275,-6.010956777258094,-0.5604981087976224,-5.112637193441542,-0.007524074265903349,35.67097120004685,4.801702962443467,4.48640065570016,12.470149803737346,0,NORMAL
182.8,7.422586371371756,-1.139434221205555,-7.451818987689807,-3.1342730919702877,-2.42825144627673,-0.07266749512406033,36.07008388315958,4.859503423534232,5.102203594949833,12.403481284362686,0,NORMAL
182.9,7.217286302746397,-1.2358725419154686,6.463726186212324,-1.0461483980529684,0.11324321498663803,-0.03869105044263558,35.99047055867809,4.986704011587101,4.944326020500671,12.396551089075729,0,NORMAL
183.0,7.157127826390864,0.15331101603690972,12.109607726450227,-3.11162444897296,-4.453287349551482,-0.04895684639131903,35.67031837631315,4.983887285732701,4.668613176181666,12.430876477078874,0,NORMAL
183.10000000000002,7.278498524002502,1.1860490033745765,3.975658101207512,-1.936805867963265,4.6390227398820345,-0.05205381291312997,36.23881230980416,4.978885712526896,5.224002848832063,12.397983814784817,0,NORMAL
183.20000000000002,7.406997910711982,0.9484426362784122,-4.532753314728137,-2.183819900996553,9.189552564876363,-0.04509206250224824,35.318963484133995,4.768323673084314,5.142590099971103,12.44700207019247,0,NORMAL
183.3,7.500765545882343,0.27949834042894905,-0.7605640579430212,-0.09889535498799229,4.43832305918799,0.053421708219249235,35.95851629868012,4.7939795049880045,4.7906682933283475,12.405810762276458,0,NORMAL
183.4,7.468637865483135,0.796329824689808,1.447904124552838,-1.296155289158955,-6.93692671382221,-0.02598050903282169,35.534086384022046,4.7577733750146685,5.174531776899893,12.385636972699604,0,NORMAL
183.5,7.623428397402185,0.5690791653395166,-5.520552381788426,-1.4862806977524343,0.7253618496864278,-0.010447376587632999,36.89537258261281,4.839734914436337,4.878756147639674,12.446795064422282,0,NORMAL
183.60000000000002,7.58970326365877,-0.3077806516678774,-2.821860599586442,-1.1510829192216694,-4.373140649605385,-0.040441567400323127,35.814904412601265,4.7188807214757915,4.7864732721679975,12.451375383050404,0,NORMAL
183.70000000000002,7.564577592075696,0.004707045422228162,-3.8665746564938064,-2.3609088276735113,2.428610209577032,-0.038874983423962534,35.5874516414258,4.70448629923574,4.590826097319798,12.430555999621475,0,NORMAL
183.8,7.577014114723665,-1.0810955829666387,7.749440674437441,-0.6653608773062629,4.604671668578903,-0.03420500884071681,36.01245132462389,4.752855251337653,5.319801747639333,12.435245219739006,0,NORMAL
183.9,7.355587629022075,1.5545951803097164,9.977909152507776,-1.4399744939577306,-0.9484551607056696,-0.07438849479290083,36.57201913249248,4.97200509014325,5.270874583079184,12.425215368443002,0,NORMAL
184.0,7.882462295080514,0.9144862475349166,-11.935375432856098,-0.8550519094473968,-3.5714524272269066,-0.04513348269354982,34.77111438010659,4.411199581862564,5.44048672208831,12.405654030212665,0,NORMAL
184.10000000000002,7.55011006072092,-0.8324799062615031,-3.582072507285754,-2.154264979403112,-6.003582412661441,-0.043810488222966515,35.29985749808177,4.675409658162145,5.260318001460523,12.416282873628903,0,NORMAL
184.20000000000002,7.736473492106941,0.19807174607776576,5.894418482593788,-2.055768391979685,7.085090488076609,-0.04956432339404677,34.861721791148874,4.506151520678794,4.851404456517058,12.386151904224521,0,NORMAL
184.3,7.582047884999665,0.3464037902572545,6.7941571339193425,-0.7372468817877903,4.836537246616702,-0.004218330829305159,33.57515858441407,4.428244069895578,4.835079425322153,12.390187006988663,0,NORMAL
184.4,7.796855820371472,1.5569031728616343,-4.073521990979657,-1.0884609426563447,-9.496464462796924,-0.03952018130794332,34.218929843300124,4.3888114172758685,5.679715107457552,12.433402194298901,0,NORMAL
184.5,7.895441365824792,-0.468300607938677,-6.9149840060193775,-2.6365397743471752,-0.8705538660560863,-0.08342771867190202,34.34134230010884,4.349515208706942,5.088263267199718,12.450268578622449,0,NORMAL
184.60000000000002,7.700990419888491,0.1739063716577588,7.266251873207065,-1.262571715867562,5.730447893202921,-0.037215785009546476,34.681244938363164,4.503478519957092,4.90348900327641,12.4461680843345,0,NORMAL
184.70000000000002,7.93610808424572,0.984949766702736,-4.475881849551915,-1.490450195706591,1.2951794295656283,-0.044412647466682546,35.36832140435448,4.4566330282932425,5.24896183363832,12.422603778795374,0,NORMAL
184.8,7.903933964593152,-0.7212699982526244,-0.7161009863859696,-1.0035358299544364,3.425928497545967,-0.01567748417577438,34.978190881324174,4.425415373915595,5.270905397926291,12.40616829364616,0,NORMAL
184.9,7.825777692477088,0.8417295694255421,11.970478632104049,-0.8052644961973976,-2.114884248405269,-0.033509609757358456,36.01075339141312,4.601555884475254,5.306482031313431,12.467499661498312,0,NORMAL
185.0,8.082857804375983,1.6728257281681855,-8.393121569709978,-1.42651267963549,-4.4049551577744355,-0.048540049756858286,34.47670368055143,4.265410145145207,5.667818114031547,12.42970236867428,0,NORMAL
185.10000000000002,8.16287222955726,-0.8368947445164534,-8.49666449222567,-1.6862555277522848,-0.10920839624160794,-0.0739130914031854,35.458957723582586,4.343931489603362,5.51223406480236,12.408266182427894,0,NORMAL
185.20000000000002,7.923816607318122,-0.026507170276948724,0.6205478041318574,-1.4483543588838117,3.8137292335556547,-0.01570319246299543,34.689757948449895,4.377910250523947,4.567450484198647,12.42585247646688,0,NORMAL
185.3,8.137267398327644,-0.7127851836900819,-2.1623794557129825,-0.9235096810411538,-1.9860724609271285,-0.027004658842624988,36.3138973291131,4.462664866657358,4.977911104829355,12.418798093236427,0,NORMAL
185.4,7.7863806806940605,-0.45898306141954526,15.027917694754711,-1.8455688510692374,-4.0397904600639345,-0.046136467418571706,34.539226812143575,4.43585129324358,5.055602817231502,12.430857009764187,0,NORMAL
185.5,8.027924369927957,2.29279835526086,3.428129513585555,-1.7314677730539407,0.8527461612143439,-0.022906695354172005,35.23505282011213,4.3890613808097365,6.071796088874663,12.39089866463188,0,NORMAL
185.60000000000002,8.270788862000586,0.22664284129756584,-24.762935962352728,-1.6750196188263686,8.487151395634154,-0.04801001663836095,35.14114234182573,4.248825949756573,5.06593736560245,12.427115141908365,0,NORMAL
185.70000000000002,8.082634691563506,-2.659788837209686,-0.17281722915712602,-0.034037493927110085,-1.0936583832552738,0.01890347259603377,35.00734329337061,4.331179699351077,5.93531493910548,12.352173118295369,0,NORMAL
185.8,7.735139851287196,0.19207939546614064,19.997427476406905,-1.8937512954774234,-2.267977646200458,-0.06524946227213389,34.605208587577565,4.47376637693486,4.863255888583365,12.382685039617446,0,NORMAL
185.9,8.1223830696613,1.3396966580716954,0.22934400732613866,-0.48763302316720175,3.5337772438268376,-0.05356135584892036,35.07644141985885,4.318491398278945,5.61679698304176,12.417160523367448,0,NORMAL
186.0,7.974450270207273,0.23794819693136837,-1.8615720057777518,-1.1869958467120558,-2.2873282521488845,-0.0464433654361848,34.94181445533554,4.38172077966038,5.177649001051378,12.432218201372223,0,NORMAL
186.10000000000002,8.128950503935672,0.967382256916145,-7.789187173708627,-0.9450986735969786,-3.020780428571855,-0.045998365992774584,35.02212783550223,4.308320959580956,5.0809722120749115,12.394947095290545,0,NORMAL
186.20000000000002,8.160103735774872,-1.319889237810357,-6.071903106158595,-1.791151932426427,0.9147325838808801,-0.05649049658702808,34.71537897432829,4.254281575138795,5.658802938447917,12.396942694259371,0,NORMAL
186.3,7.899950501668825,-0.24699836431557404,12.431686257911577,-0.7621521568208026,5.926317206324567,-0.02827033640996382,35.92634092512714,4.54766658570049,4.911638776603304,12.4472821100087,0,NORMAL
186.4,8.10819656957319,1.1664480137719584,7.913499968877574,-0.6058884911615136,0.1833515372878214,0.006408460751937718,35.368475278133474,4.362064359768629,5.610610555510541,12.362811158725444,0,NORMAL
186.5,8.158213983752324,1.3357016294599409,-7.841168547184569,-0.7254818493632383,-0.1375183860570489,0.00264954536089506,35.186614866379045,4.313029167469221,5.40055319595846,12.394174026186464,0,NORMAL
186.60000000000002,8.405926581316512,-0.40178569566495537,-2.849394917111554,-0.6333921683729233,-1.5100124232223815,0.01762324884898515,35.50976685877053,4.22437271076059,4.865701364526847,12.39298072060392,0,NORMAL
186.70000000000002,8.09160678039924,0.7658226460376301,11.758691439942695,-1.0274843340077147,-1.5627575881791722,-0.04973070672280043,36.3475493658017,4.492006390356045,5.378638577593236,12.367122318913912,0,NORMAL
186.8,8.56824474538721,1.9499525923235834,-8.98826533422779,-0.9459436860087578,2.290317304458017,-0.014969597135958392,35.34255614706403,4.124830370431588,6.162645797862963,12.369140089528255,0,NORMAL
186.9,8.499629479376981,-1.0318304208079283,-13.006722379389245,-0.5694208731161112,5.072037868387984,-0.06850156605446081,35.64630012793373,4.193865181349833,5.760918745271266,12.35840333162311,0,NORMAL
187.0,8.353267643226447,-0.651391883554266,3.2157976671481125,0.06846388766883893,-2.9472692551220456,-0.0016912485656720704,35.77837924541989,4.283159689541625,5.5259196128860415,12.45181463282255,0,NORMAL
187.10000000000002,8.38341178089091,-0.3886708873783058,8.036642652211938,-1.1588747241405204,-1.8855483928882988,-0.04391391360219568,35.21580705321414,4.200653382371698,5.097433258978314,12.391116434217734,0,NORMAL
187.20000000000002,8.295222807030537,0.9559366468881219,3.261779217244417,-0.3086457909088208,5.510448228890597,-0.01447142575111458,35.00705711851774,4.220146695619537,5.342431913080005,12.394476307053969,0,NORMAL
187.3,8.572607135351232,0.2636849560705777,-8.98594340197323,-0.056785078362400876,0.5520473764725805,-0.031193433975042244,35.18221999237974,4.104028032183733,5.001788696506149,12.440841264330668,0,NORMAL
187.4,8.34431834745164,-0.8412520335065242,1.1721197316226484,-0.19823631561430471,-3.4179071123503157,-0.008839025503175073,36.62760496861467,4.3895263152083315,5.193444595699172,12.411830319410628,0,NORMAL
187.5,8.419947894161222,0.49810890239510736,8.031749336410813,-0.740366500832464,4.869418836184938,-0.02834875923337145,34.92990774472355,4.148470772478954,4.792696405990622,12.428128921223637,0,NORMAL
187.60000000000002,8.45079656538124,0.7650978337756386,-4.533984299249679,0.7756474516226829,3.156194078697614,0.011333132939049074,35.00868700270745,4.14264936232412,5.271450094020791,12.437174271217216,0,NORMAL
187.70000000000002,8.589094604565135,-0.4086879574548284,0.5756723493521632,-0.10912768509294121,-6.384562612429869,0.037824075348501275,34.7114767281617,4.041342926844981,5.4286322160947185,12.38131734756119,0,NORMAL
187.8,8.364272567571609,0.8802323036460712,6.540340832092136,-0.5012650708632909,-2.31993538489381,0.007712125299895945,36.472233561790254,4.360478842259824,5.5453591677114344,12.40763041710019,0,NORMAL
187.9,8.766365676994852,0.8993802089635988,-10.41902188564209,-0.5731147620717032,-5.854391031911792,0.037114779523220225,34.70682484896628,3.9590893339124236,5.517394012644693,12.38774389270626,0,NORMAL
188.0,8.543311153859687,-1.2035720734823467,-5.7043788662480095,-1.6721432772456493,1.9085222308766863,0.001911904754975928,34.77787570573794,4.070772453374361,5.600767636749186,12.414265821720539,0,NORMAL
188.10000000000002,8.50697031433585,-0.24149556428600308,6.954785167022816,-0.19141031589636595,3.9863095126706205,-0.006100379754290492,34.13138973590125,4.012167490273643,5.283883284387764,12.396430041128777,0,NORMAL
188.20000000000002,8.495339941075212,0.1873849599222167,7.410523894959784,-0.8748813747115252,1.9572796942665287,-0.03014209751985443,35.137411675344836,4.136080712374374,4.9096310775669565,12.42625847778219,0,NORMAL
188.3,8.55085197752119,1.2406092147059538,-0.02552668937380903,0.20004562295693978,3.6155897301429016,0.021162970722702533,35.020449745886324,4.095550927316884,6.002897219004993,12.40717543520919,0,NORMAL
188.4,8.704841331018198,0.1822796220474549,-10.241853845493546,-0.15176342868294482,-5.444750390050881,0.00249998712090532,34.95333817723514,4.015390614035084,5.241505685386318,12.422808190872814,0,NORMAL
188.5,8.593182713591897,-0.8077615543927559,-0.12376859752755626,-0.8889044550532366,-1.0418832474993687,-0.01270178346094185,34.88808415309834,4.059972342717165,5.302765404807644,12.401265882951892,0,NORMAL
188.60000000000002,8.55220176199299,0.15752590254194365,10.61595234578603,-0.36014007818281857,1.4312148114837453,-0.00997075195577845,34.980282637293016,4.090207833116097,5.200541615012728,12.397326209626543,0,NORMAL
188.70000000000002,8.622918503173256,1.3154289147644502,-2.809296907893535,-0.6026614927564875,-2.786261488645019,-0.012837111168203902,34.98760198701062,4.057512775301667,5.709408063520424,12.421676026986225,0,NORMAL
188.8,8.779164091126379,-0.40433347903676337,-9.82678715696888,-0.9173923759118224,3.0427606599717683,-0.013424781349234131,34.927687832419764,3.9784753388677685,5.292048954171585,12.427537951252845,0,NORMAL
188.9,8.52517365354757,-0.649928516629326,8.608817735768593,0.005890639237866202,7.967950394521785,-0.02293152244412913,34.4205284743993,4.037516404146903,5.574578963540737,12.44104776815049,0,NORMAL
189.0,8.630814171752776,1.3174300681169553,7.62084444869956,0.6761977029925346,6.502630171184714,-0.03270642593438752,34.224860932877384,3.9654266969261927,5.649435175802049,12.395613515521816,0,NORMAL
189.10000000000002,8.803829275791742,0.8742403731105861,-9.77467951341176,1.306416673474809,-2.2248639391488387,0.035643812245659316,34.6804168668072,3.939242320630796,5.508241571300183,12.342853524114224,0,NORMAL
189.20000000000002,8.82045407716083,-0.6375058345653968,-5.573667364204764,0.23122491516276683,-2.6766488815581484,0.03977955125904307,34.73779871924032,3.9383231764891047,5.555525299520055,12.461406779157784,0,NORMAL
189.3,8.655989031051217,-0.2404930997303667,7.172372943616212,0.7710868971631794,-1.9811523839029057,0.04168101703932044,35.42278495728976,4.09228625755177,5.4416172154004165,12.416409965790548,0,NORMAL
189.4,8.805646379573497,0.7969687541578455,-1.978817869582029,-0.16500556161781432,-3.2610432757093877,-0.03944769836750907,34.75057714996385,3.9463970788759974,5.665927950692615,12.409600568514676,0,NORMAL
189.5,8.837200617207351,-0.6362566736467725,-0.6140413451445631,0.11887824202130187,-3.1943777882373703,-0.00313511179670346,32.62594201880747,3.6918865410025754,5.55599425073201,12.37992101025585,0,NORMAL
189.60000000000002,8.669219651967671,0.6741604851289329,10.51783488002532,-0.8038811192652884,4.593196340629116,-0.019063813010086986,34.320475217528816,3.9588886422711673,5.621601598599276,12.391050780396144,0,NORMAL
189.70000000000002,8.935962724863556,1.4673103023582914,-3.5747322095233582,1.0375175101471252,6.65102516148524,-0.003134534516064831,35.0893165975762,3.9267527940714393,5.9928948004083695,12.361213526272543,0,NORMAL
189.8,8.975892139980886,-0.04078595677573882,-10.147269839903228,0.5263239130317595,-0.9890662857597443,0.04320859424249695,33.19427957103965,3.6981593643693604,5.394146053612447,12.456977296932124,0,NORMAL
189.9,8.930860043412654,-0.5621436656223542,-1.929708900976527,0.8397042529951764,0.5049274018794764,0.012636260947728246,33.734358588411276,3.777279951139031,5.232619122068522,12.410384912863561,0,NORMAL
190.0,8.850592651330397,-0.4267277369710442,6.384502297603567,0.6273093934076548,-3.627062593147239,0.004821209135243561,34.253166624289435,3.8701551380449755,5.500352452171242,12.420616687612362,0,NORMAL
190.10000000000002,8.842373777595753,0.7147567938983591,5.898771289497637,0.11429173436572859,3.187306280961748,-0.009028533545543192,33.67451297554426,3.8083114130355593,5.487170499531351,12.394996184578915,0,NORMAL
190.20000000000002,8.994992003676265,0.7530265209284832,-6.050226330721498,1.2647706496000044,3.442418882806565,0.053133204574483006,34.68096165815487,3.8555856018527552,5.60493445600475,12.386496680925525,0,NORMAL
190.3,8.994668002792787,-0.4952884722459403,-9.573154608355967,0.8027755109270417,-5.472241411536918,0.060669855887378124,33.95950183373078,3.7755147631003805,5.537282761637252,12.39033650184384,0,NORMAL
190.4,8.857678686559913,-1.1616044007427104,6.163612640148972,0.17032236729262096,2.752029592394777,0.008845881552938122,33.77256485882941,3.812800853803129,6.089910033279053,12.401549707580337,0,NORMAL
190.5,8.758966960215274,0.7374340557838541,9.17573498249737,1.3531814294059972,3.998474101113741,0.04967292508975707,35.27422038935883,4.027212404108884,5.390991989621013,12.412540999752135,0,NORMAL
190.60000000000002,9.019945212312178,0.673542595756764,-2.755252433544808,0.9700171875153691,-3.6073596337751965,0.011927679248024407,33.11311749197659,3.67109962561384,5.875892714056293,12.395977512688038,0,NORMAL
190.70000000000002,8.906592170679914,0.1863835690748925,-5.416295541937261,0.6317095026509578,-2.43307850800196,0.03124843238761087,34.30675957576927,3.8518390556497604,5.306057222227368,12.377156607040252,0,NORMAL
190.8,9.032400746594913,-0.4097165126306884,-3.8016370082060384,0.4834014859149771,1.7785110202797376,-0.00514145882264451,33.07565449259676,3.661889615013574,5.625553037924887,12.40676238071886,0,NORMAL
190.9,8.866060595946069,-0.5739438325663152,5.269699383811923,0.9874117067069054,4.056083808013491,0.03672716967595063,33.98855187817135,3.8335573629749753,5.472849327286146,12.385231608322977,0,NORMAL
191.0,8.921227616561376,0.6442233641316961,2.9342162982193596,1.2946182475176753,-2.1014755302199655,0.0819006087411022,34.055748369391054,3.817383641929495,5.313946407569161,12.388250158287079,0,NORMAL
191.10000000000002,9.021608417447396,0.012899427077556758,-1.6322150033497256,0.5671166006629123,-4.310957041882586,0.034623819296027744,33.9418081684443,3.7622790302893576,5.11135423643907,12.420233656237919,0,NORMAL
191.20000000000002,8.941772427395524,0.317780363461751,4.689296599185863,0.43242683914115787,-2.830461886205905,0.025055044563082746,33.13815636978751,3.705994157071126,5.560016304550198,12.377853150027573,0,NORMAL
191.3,9.078503250847545,0.9507587469147294,-3.6311362166096015,0.0010242234217311408,3.481026117005346,-0.0005239259166717196,33.4253069612262,3.6818081172252377,5.559802489062262,12.446743865569225,0,NORMAL
191.4,9.123674928336456,-0.40844687986016937,-10.60973500944479,1.128632062542227,7.5284549840081505,0.015428721443697604,32.54319848210778,3.566895876686114,5.626561909196091,12.39074576224585,0,NORMAL
191.5,8.957833381703864,-1.171188254974229,0.36583685711863045,1.5067152202233614,5.327112777691052,0.03916896846204987,32.94023129126579,3.677254296618793,6.277514725767144,12.40744477585104,0,NORMAL
191.60000000000002,8.895104965809956,-0.3352795084364433,10.802732786105063,2.1940546180804374,-3.7281387046349868,0.052646490768396094,33.575508624267876,3.774605106215361,5.363754213313545,12.396785227333924,0,NORMAL
191.70000000000002,8.876248260873668,0.9893583022467837,0.47200880282960433,0.761087479296364,-7.24075999938568,-0.026650908407843416,34.27349761407523,3.861259465347781,5.800396290708577,12.406395539212296,0,NORMAL
191.8,9.070169116267795,-0.2408777478705224,-4.260174404588974,0.7459026182033014,7.411608746463095,0.04625125587915813,32.88153145182992,3.6252390700031465,5.270884142468577,12.338151585295979,0,NORMAL
191.9,8.846108551341615,0.13732342132898884,14.357689042916139,2.243409228588983,1.6359456372358432,0.03371920132000337,34.02118506465752,3.845892786325555,5.494341810786902,12.441612401244804,0,NORMAL
192.0,9.105593868017342,2.6306600607127053,1.1054929900024353,1.07309174565047,-0.5745319945464833,0.024562503512056966,33.44382676733709,3.6728880347723187,6.60367176091794,12.34957389793193,0,NORMAL
192.10000000000002,9.416751538982231,0.3584220193294759,-24.05434666014437,2.1285028296796864,-0.852180561473973,0.06108608669349665,34.23314238781558,3.6353451873612377,5.578135616202186,12.389146131166841,0,NORMAL
192.20000000000002,9.180234249258898,-2.180209271316169,-6.7345989740388585,0.9026556333556754,-4.255653235222781,0.026405792063329492,34.32312629776439,3.73880724236805,6.43922376443237,12.427974438214774,0,NORMAL
192.3,8.994098146321429,-0.9884977754782959,12.16300586287104,1.27737218263513,-3.6442281197419932,0.018451517957135823,34.05845288578365,3.7867557515717682,5.577721630337235,12.420514594517186,0,NORMAL
192.4,8.961947174689294,0.2523919012580391,8.96807031709575,0.17381000940727676,0.05579216673991749,-0.005917711345178211,33.56354532132689,3.7451175137606767,5.567496397420629,12.444240871558444,0,NORMAL
192.5,9.059782623715519,0.8051162879408542,-0.5728020955639312,1.2885306159831136,5.345330162940834,0.03607555818949634,32.43535907818607,3.5801476067738105,5.8833128220203825,12.397106510703946,0,NORMAL
192.60000000000002,9.134250149940428,0.13783148214525287,-7.580639492628534,1.2428760419954437,4.687763070104884,0.00931782219167928,32.80829502330556,3.5917885414512685,5.307129084331045,12.440866641711375,0,NORMAL
192.70000000000002,9.081960428319146,-0.7110116105848527,0.3428933147838681,2.2260832300040905,6.390550829898694,0.043132464791283506,33.326496000288785,3.6695266691947834,5.418442100347932,12.388930166124451,0,NORMAL
192.8,8.938971663515552,0.2064101451020265,7.509295372011833,2.5209862079751826,-5.1022830738630836,0.07885046930701405,33.33338868767623,3.728995900471034,5.164667958441241,12.431551443692745,0,NORMAL
192.9,9.130782427741309,0.7908474638175138,-10.891934861386293,1.2056266152314736,-8.542287025243937,0.031157883679282846,32.04146369958846,3.5091695539956693,5.645335574198712,12.397926816125752,0,NORMAL
193.0,9.127469120735219,-1.9719768271752325,-8.607985857393844,0.8125288029263951,0.8985172094207938,0.03315163512812099,34.40867781618156,3.7697939440862154,6.465418431406273,12.341730613178305,0,NORMAL
193.10000000000002,8.754512503573538,-0.9307497076612551,16.03396969660966,1.3853300571156324,8.66196039324421,0.04653371738549381,33.57416142798018,3.835069218791499,5.593920091515695,12.406082167044822,0,NORMAL
193.20000000000002,8.952745452512264,1.2348171121467,-1.057835573498354,2.544920881575237,3.5568109041442098,0.022270077427014284,33.91163381133379,3.78784742526302,5.5124786182979975,12.36755091360107,0,NORMAL
193.3,8.987302603748754,-1.142316822360926,-8.282650880827426,2.0966922379444743,-4.536112771095813,0.032436792370851446,32.831660942858974,3.653116223010488,5.865389954565305,12.359998595753165,0,NORMAL
193.4,8.738710891838885,-0.42171306401878517,14.559079078332426,1.6376983273560743,-2.916641792769288,0.020508630465161253,33.756319728589524,3.86284889686815,5.063026990665271,12.411133523298915,0,NORMAL
193.5,8.906516309449287,1.7694989933055592,9.718616311338884,1.5133638793906168,4.235439520035132,0.0825450651636746,32.49415457436994,3.648357387488929,5.954899827553846,12.377868607003897,0,NORMAL
193.60000000000002,9.098810857586857,1.522010198248992,-4.333485645525805,2.484786231363101,2.316539276816525,0.06489348057548742,32.85753261118586,3.6111897615487063,6.158357384626861,12.388808306897063,0,NORMAL
193.70000000000002,9.183703056108754,0.9028018642003981,-20.026545370545534,1.9766717347539218,0.8422843880513375,0.04585027985416993,31.935173733747124,3.477374381405407,5.751143881811192,12.394847058685722,0,NORMAL
193.8,9.265285652418042,-2.4832988758601147,-14.292556264334637,2.6532431089733683,-3.763006797596544,0.057111373408184396,32.06515277697079,3.460784047019907,6.343133458830208,12.359660239745441,0,NORMAL
193.9,8.70501509850438,-1.955709388666529,16.976857997314287,1.224070375234613,-2.593490497981139,0.0061387257477481735,33.11289736622833,3.803887413350668,6.357532614012509,12.36135588677969,0,NORMAL
194.0,8.909503162871854,0.9120727236027433,7.067840316905067,2.1345450093771405,-0.13812039216326677,0.08791112307402021,32.83098882958549,3.684940476411805,5.465339262477712,12.397337048234302,0,NORMAL
194.10000000000002,8.906575135223797,-0.5421413252855156,-4.999451683285878,1.1964462968019596,-3.6334262419552243,0.033995419079183874,32.8178208214729,3.684673437681417,5.280275658001472,12.416927414731617,0,NORMAL
194.20000000000002,8.82254702940907,-0.08781761305443232,4.7808160092668235,1.4078597609860957,9.64810425411037,0.049288637790747165,32.4693256213614,3.6802666523769356,4.925044077646248,12.434602258154314,0,NORMAL
194.3,8.869561871171358,0.4140218765678492,0.7802310295272914,3.126067147624034,3.1889667050375836,0.06955842497675029,33.257880672129815,3.7496644315913223,5.115343749057441,12.414762381487915,0,NORMAL
194.4,8.89902723553979,0.06822859285102596,2.362106123599054,2.0456531019936124,2.0437465791168896,0.06949511840007899,32.64709296642433,3.66861367004728,5.182729504144282,12.435872144653922,0,NORMAL
194.5,8.880701666624217,0.88644310128766,-7.67971166570658,3.5348164634474117,-1.3639129922713933,0.10795062176475781,33.150702368786675,3.7328922435684193,5.7513390981405275,12.365551521233247,0,NORMAL
194.60000000000002,9.082188657252722,-1.46771374029029,-11.836916764194678,1.7728705035393337,-7.806116802251759,0.027394397361637433,33.023611120222576,3.6360851295299907,6.1567807049608145,12.360035072769415,0,NORMAL
194.70000000000002,8.588638212861232,-1.4809402515512755,20.257701990832548,1.97359310299706,5.412529401833615,0.03901467370451543,32.836245280868326,3.823219056042787,5.9154607856373564,12.348951843817199,0,NORMAL
194.8,8.788898470667169,2.5838266578762195,10.711787667457036,2.855376383906057,0.8179911507528081,0.09704550662976744,32.07507197288753,3.6494985213377595,6.742708514870979,12.373416858229485,0,NORMAL
194.9,9.074618874610975,0.6614172819401319,-24.510394595334727,2.1371913331476216,-6.696186957698129,0.08570731394525526,31.326715839336103,3.452124686688736,5.377623152777449,12.439110926006895,0,NORMAL
195.0,8.969349033399325,-2.318252261190726,-10.225947912187074,1.516138992366431,-2.585818734219034,0.05430756227615936,33.08856490897595,3.689070944364353,6.379532374685385,12.350712661383996,0,NORMAL
195.10000000000002,8.641454873325037,-1.3837723004972828,17.889268267030623,1.6200275863038147,6.7711773260395525,0.055802851143460896,33.290313068647514,3.852396796216579,6.147578800332548,12.348608241206373,0,NORMAL
195.20000000000002,8.665604228146705,1.2596013922153986,7.23998005041406,2.8703744575743415,-3.7951350704911055,0.06494713914897668,32.77695835543217,3.782420416682486,5.846773497377971,12.375155838202332,0,NORMAL
195.3,8.923071051353869,0.06422370958552923,-7.917187444835625,0.8610005722055936,0.48145234463630837,0.05920342217812709,32.203980464187374,3.6090691510633177,5.3642341921862595,12.441604829663477,0,NORMAL
195.4,8.68932575278444,-0.32383609675172664,0.9346188195112141,2.966664926501603,3.951399786815799,0.05764209473415048,33.204980939925306,3.8213529892448768,5.587251397866339,12.404326552904626,0,NORMAL
195.5,8.873830065770898,0.25114747348777205,-8.988968368179005,1.6512805295687534,-5.82770657354277,0.08546241190555148,33.915799653541505,3.8220023825298632,5.427825121740943,12.39060127231273,0,NORMAL
195.60000000000002,8.725510720109085,-2.121629770387528,-2.550929103296009,1.8011236117930491,5.956758294182148,0.025379906334704178,32.91566897626328,3.7723486947766616,6.372506533134473,12.376547756013943,0,NORMAL
195.70000000000002,8.456237995230117,-0.2590383471714298,11.470676078653717,2.842632188405183,-4.75337089042784,0.05376211049598707,32.749201004267995,3.8727861044995104,5.141501518404365,12.401185666719089,0,NORMAL
195.8,8.683817366923124,0.1725054453432157,-1.3877716766393238,0.850449433707481,-0.29700948770160274,0.009008935771395731,32.82546025105577,3.7800726183036466,5.394311811923973,12.426039337505252,0,NORMAL
195.9,8.48250167367236,-0.5365926824992946,4.301931150916012,2.7832302908648625,7.806359458854089,0.054047313445163656,32.0450692954775,3.7777852016154227,5.49739985457361,12.43580031926416,0,NORMAL
196.0,8.551405746209383,1.0328916755264181,6.2176212532988036,2.411721325478299,-0.5485735345610054,0.04993281894454839,32.75378140357965,3.8302218811332343,5.623772041636942,12.331378793780424,0,NORMAL
196.10000000000002,8.702495413995424,0.7069315681604661,-11.2241208715001,2.6735155839526614,1.1448377812783184,0.07984004519899313,31.652954182944086,3.637227332753264,5.818100666472856,12.408677217739685,0,NORMAL
196.20000000000002,8.69803395115973,-1.211932498773602,-3.425145276315291,2.6406888817339627,1.9217409352916803,0.07382556908905247,32.915676668662385,3.784266289771571,5.5433120551310235,12.387779165806554,0,NORMAL
196.3,8.50444534380949,0.021902512897407897,8.24140354748159,3.0578637710109975,1.485074395140984,0.0686327348309939,33.85024190352239,3.9802997767705657,5.185015794269975,12.401168754210012,0,NORMAL
196.4,8.715970898346807,0.4363482107227163,-0.6411586022507848,2.9377037607621594,-3.9353964718199164,0.0677329735941998,32.24168557477837,3.6991502095186872,5.089417312563085,12.395922728188074,0,NORMAL
196.5,8.568651667232247,-0.10632920755274908,0.16475818300977468,2.270784476647014,-1.3892157108501557,0.07846878711513387,32.44228062261276,3.7861593495131443,5.328520686764354,12.4336411050859,0,NORMAL
196.60000000000002,8.720973509727704,0.4692998473246712,-8.93613550772422,2.6598606185921283,-0.6795083939087898,0.07218084524629337,32.830132881307534,3.764503222568852,5.606544379586332,12.403634527452956,0,NORMAL
196.70000000000002,8.640443838475704,-1.893556309097593,-3.614889110799889,2.1348827978652563,-1.6016316069758463,0.06737273100621954,33.42958618346684,3.868966317980754,6.015261705751399,12.42452274570233,0,NORMAL
196.8,8.347761656693475,-0.2536779748353066,19.444668807881435,2.339534297196959,2.879069158119578,0.051607634089774,31.970569476438477,3.8298373613486625,5.26180737273851,12.4266096009716,0,NORMAL
196.9,8.589629451129143,1.995377452478694,8.759297314947956,2.710696629489172,8.11230178523448,0.07249818466552667,32.7752735956412,3.8156795682650495,5.8889821967644425,12.37045918343636,0,NORMAL
197.0,8.766428271333083,1.4981814881542848,-15.81387429107018,3.9619946542438553,5.319951274267405,0.12734628524624803,32.75596964859513,3.7365240021081054,6.415628923438741,12.397112412773463,0,NORMAL
197.10000000000002,8.899098263000969,-1.167397405735342,-19.971404205647094,3.774686884342653,-5.761235865042491,0.09861674223389234,30.704806073886964,3.4503277934963084,5.755882573407928,12.353645001397314,0,NORMAL
197.20000000000002,8.52495175740785,-2.496099352975134,21.723345376182177,2.809747481235357,-9.481097128073989,0.05802222176906737,32.76175624482755,3.8430430079981233,6.774027755006183,12.363765817985081,0,NORMAL
197.3,8.40438745164745,3.1772716695010934,21.723346506729253,1.878467458727855,9.520232296263286,0.05330587582179669,32.18628134346493,3.8296998476855904,6.44528938982327,12.397946040113322,0,NORMAL
197.4,9.104568276025567,1.848569948370717,-32.38659211202213,4.7137939404880145,2.8323032480802923,0.15921532012344047,31.879868306373858,3.5015244369489675,6.223852785460333,12.378764184475711,0,NORMAL
197.5,8.783356394299856,-3.3000467529033335,-16.116972574496025,2.4449281083439134,-10.943365261972177,0.05400732904463916,31.937325108870528,3.636118549122853,6.808550213565354,12.395075769378439,0,NORMAL
197.60000000000002,8.447121446674169,-1.3748245665284882,18.90939057397348,2.525120888093579,3.930808573746971,0.07293502017765573,33.30391280727722,3.942634543320051,5.837470492336802,12.387064256945408,0,NORMAL
197.70000000000002,8.520208460188538,0.48183136189136266,7.433534113284774,3.2310898230933076,-1.2242603807418506,0.03646014707119874,31.90226538424918,3.7443057330481366,5.450173556134287,12.402340081444622,0,NORMAL
197.8,8.515663251319504,0.11188225612846664,-2.607700509928971,2.280268811945209,2.8642554351706173,0.053066959964028895,33.03077413668831,3.878825778082545,5.246895589702271,12.398382029065695,0,NORMAL
197.9,8.50963632048129,-0.039708740094431545,-2.879121285533386,3.803940910127431,4.007093054150792,0.08120241307861355,31.781640540509258,3.7347824682020896,4.549180325488044,12.437627628798884,0,NORMAL
198.0,8.498694469156835,-0.4639420009782105,-0.5046191592860568,3.0816874227753672,-0.08596762668080515,0.07195719783224613,31.9319161639315,3.757273105865577,4.99891137727023,12.414988774956464,0,NORMAL
198.10000000000002,8.43610526751992,-0.14063257195164292,6.747911213386755,3.78674738479127,0.3503665634428721,0.05379547183328181,32.609220759289244,3.865435497212072,5.2247246560170755,12.438467055188017,0,NORMAL
198.20000000000002,8.466093562872341,0.8856402416991404,1.7292806487128847,3.1517607354639416,-4.380891142779732,0.08900538735018902,30.763762342932697,3.6337612045590593,5.600146573158919,12.397720064543211,0,NORMAL
198.3,8.619699180516657,0.20522355779093404,-2.688878230107996,2.9105691562353235,-4.636873249442597,0.05150288275203593,31.666978657305936,3.6737916247568916,5.23370830207724,12.39119157482254,0,NORMAL
198.4,8.494870528867638,0.34786459567754113,-2.4136432210394734,2.2243860855754223,-3.0790116273996793,0.043826290160841615,32.36654070734276,3.8101276055183386,5.205806781404059,12.430636717735844,0,NORMAL
198.5,8.65416351497291,-0.27750508641696064,-9.979006532793967,2.2947668307553877,2.5869165006076966,0.04807108360002288,32.05611574214839,3.7041264226966413,5.111535317469379,12.40582562023639,0,NORMAL
198.60000000000002,8.447250735880985,-1.6479367108812526,-0.31620159073590254,2.7417693856969616,2.002520189005028,0.051389255186743005,31.376991924809918,3.7144620073287706,5.592649164311067,12.420375270363275,0,NORMAL
198.70000000000002,8.319942212050696,-0.34074540456414115,6.384648741503489,2.6952708685563933,2.4753238902123353,0.07983217663630024,31.8627862408479,3.8296884075345483,4.806427279260919,12.457543358546948,0,NORMAL
198.8,8.350675246963112,-0.3710069625805549,2.924502262923836,3.2368341637394287,3.1647160321256895,0.08634315012547608,32.600794107812895,3.9039710135619052,5.2095002921658455,12.46470365508722,0,NORMAL
198.9,8.254959517126485,0.2441550480206261,3.3753195077050147,3.328214074981531,-5.237208260679771,0.09358823198247311,32.48778537613008,3.9355475104060753,5.1408755334286615,12.41578405484587,0,NORMAL
199.0,8.378925222280365,0.30405693896044805,0.7511665937111386,2.1893925116034745,-5.418990529085468,0.0686113024692414,31.369111261513638,3.7438108622929542,5.298947882047525,12.434750246531546,0,NORMAL
199.10000000000002,8.302198239694185,0.3943883667628538,-7.786141539701261,2.2444159691644376,3.2841833099338325,0.05079644205251254,31.28983114375952,3.7688609980616525,5.148945772109437,12.467647740205512,0,NORMAL
199.20000000000002,8.452193127927112,-1.253171368979804,-3.6037733562437415,2.846229173590241,3.831261474265011,0.043555476345370325,30.82025641039516,3.6464212239260303,5.522020529354959,12.420900964691903,0,NORMAL
199.3,8.080582843525002,-0.32636630448589454,10.729945629188059,3.01066826401744,2.7201294997231162,0.09537870480885247,31.77405190115811,3.932148523991529,5.169111045626378,12.438335164284236,0,NORMAL
199.4,8.389248271210379,0.892817756857808,-2.5187823143980146,3.390255073534864,6.305946311323991,0.12773150574910772,30.994057352756258,3.6944975700766234,5.7294254711385,12.436026699020266,0,NORMAL
199.5,8.278743730719162,-0.8301227673654975,-6.280302487389054,4.271857526282238,-0.2811919545609931,0.12630240345914862,31.303501539599665,3.781189822731761,5.35957871904723,12.394541313211413,0,NORMAL
199.60000000000002,8.20903668427027,-0.3632427406200029,0.9587854864268558,3.3340166826226656,-5.930021499637059,0.08079356191338692,31.664485115868587,3.857271727941286,4.888760147641172,12.42964517359707,0,NORMAL
199.70000000000002,8.214076380806166,-0.6383656700801263,4.686590833519034,3.085853226354826,-4.886535431557868,0.06668917461093916,31.75910581947402,3.866424458102865,5.243583014537843,12.39694906055257,0,NORMAL
199.8,8.07141518084516,0.5740754260838039,5.989557176337355,2.356709596311092,-4.945551842341788,0.045319072970718896,31.773072489884896,3.9364933878370922,5.035520840445098,12.39595628905423,0,NORMAL
199.9,8.309079027450643,0.5595457651873448,-6.181876917710647,2.0967428578864684,3.7047329485186187,0.049539064572181796,31.34063484782223,3.771854226477135,4.860186382443023,12.425154052290397,0,NORMAL
200.0,8.18037918692814,-0.6622999574583254,-9.875600680009388,3.0976561860148157,3.440709673503899,0.0671595016074578,33.156523620807214,4.053176859306201,5.125847657235442,12.44782438805162,0,NORMAL
200.10000000000002,8.178876290903592,-1.4155743708145327,-4.464649187759864,2.784884792587248,-2.012298159714867,0.05537666009602894,32.56218427456312,3.981254039846309,5.618406750644459,12.444371784979671,0,NORMAL
200.20000000000002,7.876275402692782,-1.5552297950102982,9.830579216718945,2.6951965540718423,0.15012150632947696,0.11387607965521872,31.956087574937104,4.057258785543709,5.509018619701677,12.409540685582002,0,NORMAL
200.3,7.8790338026737325,0.5505414725292566,18.717855630550076,2.8149090938531436,3.0189785738358177,0.07112929187865524,32.14273768692202,4.079527831955036,5.256929044122131,12.418954413253049,0,NORMAL
200.4,8.014980984855654,2.1883413310997173,-2.939406753280837,3.298992268839006,-1.53768571788935,0.07331563449915175,31.896276906755485,3.979582355469546,6.048478785467994,12.377451022686554,0,NORMAL
200.5,8.340406602925889,-0.037339878126910836,-21.79126514329671,2.5073719502752736,-4.219871481241648,0.0765625753411606,32.24820707319286,3.866502990619175,4.8996499386889765,12.425580063980524,0,NORMAL
200.60000000000002,8.03467063048425,-2.1699116975596247,3.0345281267468263,2.4550179725906762,6.993278649513748,0.060017521876628586,31.77425359740627,3.954642954105915,6.029897721123342,12.370671466259237,0,NORMAL
200.70000000000002,7.886712185279663,0.5695657472224545,10.817300768427568,3.906027680178023,4.955644536380865,0.1006323667811532,31.042152849231023,3.936006807395656,5.150280031504479,12.412591374715532,0,NORMAL
200.8,8.150187224683707,-0.006451543874110951,-5.369422731172593,3.4461468798668493,-0.4509304293813665,0.0735039959605866,31.369221041429917,3.848895758667347,5.479510318276684,12.46749068461815,0,NORMAL
200.9,7.880497409561437,-0.5043187990120642,9.348985118148036,3.81584159430175,-2.2909307023232017,0.07700082827345207,31.755044447213383,4.02957361659492,5.066796196141664,12.416335075339548,0,NORMAL
201.0,8.056739630886618,1.8633454797554965,1.95623067555636,2.987960739402209,1.1209300006576584,0.06099513307848094,31.965406798520576,3.967536281795281,5.818194861975344,12.392374590451706,0,NORMAL
201.10000000000002,8.249909016097154,-0.11307266390079217,-11.489030220759279,4.0400275944332815,-0.4209963672346895,0.09807049729451311,31.79533124040064,3.8540220478022063,5.114981117078076,12.412693573274517,0,NORMAL
201.20000000000002,8.04734077039177,-0.43446056439635944,-0.8516307271890075,2.903761465955271,-7.1170081810668036,0.10115973834836126,31.264358785963392,3.88505466314947,4.956169859191163,12.430089411600274,0,NORMAL
201.3,8.159407731455508,-0.2833988093385937,1.4349308642940521,2.6166259582199207,1.2928704624180587,0.08036661602045846,31.17711575646233,3.8210023058745755,5.124736198590635,12.412502585436155,0,NORMAL
201.4,7.975782739899623,-0.147474391537549,8.218447667715145,3.162335558438883,5.372490822945377,0.06631176455379424,31.80244215332649,3.9873756834212273,4.7681080902772415,12.40931034416241,0,NORMAL
201.5,8.113760553129021,1.3602907242044353,-3.361608987290837,3.691124122808996,3.513078789917601,0.10339146445716357,31.939899377187928,3.936509978085378,5.362073863795339,12.441733310164702,0,NORMAL
201.60000000000002,8.247162579486536,-0.8197961889957165,-13.714937763980068,3.864951316422403,4.075590939259284,0.11303969617022423,30.301270381805406,3.6741449061735296,5.489030998654213,12.399181102916494,0,NORMAL
201.70000000000002,7.923421784686511,-1.3826968285915786,9.432278216069918,4.506242310660853,-6.984408870238288,0.13655507283532775,30.13637826135367,3.8034550072290534,5.588934513936944,12.41864523525806,0,NORMAL
201.8,8.003481257570465,1.066659454218267,6.370221714118434,2.4680695423747454,-8.407834550689012,0.07775533507557787,31.781691655715594,3.9709834549376124,5.499297676226771,12.423346006200726,0,NORMAL
201.9,8.161148875061391,-0.10865248576789177,-11.303028249287962,2.8246754005230503,6.573092493572911,0.07200318753204116,30.57543737841889,3.746462397206164,4.9830590012195595,12.388098457669626,0,NORMAL
202.0,7.987525637837792,-1.1939461956393258,4.999332218088727,3.7826880410893278,3.6719109467022015,0.10649734328550478,29.933126235559946,3.7474842138550915,5.306065720363487,12.448750729345528,0,NORMAL
202.10000000000002,7.9332332701128205,0.8912139578498537,8.177874700704164,3.5590575898634906,-6.5413906867056655,0.10968249103051445,31.59051354931472,3.9820477318279415,5.160752279400368,12.394730023886012,0,NORMAL
202.20000000000002,8.191139496953246,0.4416287445015069,-7.241360590060291,2.4744099037481946,-0.8040696642635625,0.018715902657904883,31.170244224690176,3.8053611754853125,5.0190454088704435,12.395998013429248,0,NORMAL
202.3,8.01415033932844,-0.5570581601622044,-2.668295262030818,3.398243657010778,1.236257469629043,0.08511371382579495,29.862252390065695,3.726190690923332,5.424307347317545,12.381562499715626,0,NORMAL
202.4,8.05276293647432,-0.09203030790465669,3.9955899018928873,2.721661397674003,-0.6838661168084936,0.06954651483630511,31.136874701916348,3.8666076410724157,4.566395272516833,12.440350027368538,0,NORMAL
202.5,8.027462655702312,0.242059820216373,4.555209005290511,3.2614704336490794,6.160054559881176,0.09692895719190944,31.489617927529228,3.922736146914438,5.012959193412357,12.437069231743664,0,NORMAL
202.60000000000002,8.107920443868394,0.8190114931534456,-1.410643547728541,3.9536723096502384,0.13852761187190588,0.10215776519181877,30.35932542380316,3.744403467446744,5.320932502109201,12.488622270760443,0,NORMAL
202.70000000000002,8.181753834117721,-0.04006888932933521,-3.7809438820272376,3.2891759560234606,-0.20044422716239962,0.08028443344621262,31.577488007215173,3.8595011103289116,4.85245626697543,12.427101446353191,0,NORMAL
202.8,8.075238888527585,0.06282271674799794,5.041814873904835,3.9135834642177585,3.1252549415784903,0.07210458193990854,31.69883982330716,3.9254367902776726,4.705391265460761,12.43659642459033,0,NORMAL
202.9,8.210149860949532,0.9682940854516319,-7.694843434179481,3.9142269443391586,-4.734624634289443,0.1022866347950283,31.18491442037626,3.7983368085280746,5.227353291096784,12.43314771770379,0,NORMAL
203.0,8.236656153067123,-1.4761459700878983,-9.960727319300215,2.9666585373598697,-4.5697106674848404,0.06783820049903228,30.896417814279907,3.7510874850317575,5.5899521909080985,12.393624982787772,0,NORMAL
203.10000000000002,7.900560751933003,-1.0238513784084111,15.153954104043061,3.0002848108421905,-0.2429714879669631,0.11381812566197787,30.608264556518975,3.8741888731164,5.416412254098528,12.36555805350167,0,NORMAL
203.20000000000002,8.030056963462101,1.554644850720714,10.857486652817116,2.918064239766477,2.3343311934171385,0.07095895456999478,32.31892873909426,4.024744642055464,5.838185862668762,12.359735386495787,0,NORMAL
203.3,8.228588011907698,1.1476459521550122,-10.690387457612589,3.467151049525618,7.887290061400742,0.1031120773742865,30.196405027509385,3.669694604203269,5.762709725146318,12.409082124049045,0,NORMAL
203.4,8.251146936067462,-0.583432640801804,-12.13985343841157,4.495522252046626,0.032106291921321084,0.10200878709862932,31.490106101125964,3.8164519848114966,5.306324992913205,12.408048373853944,0,NORMAL
203.5,8.090160247578295,-1.2803247355273022,10.074332734413813,3.4735723079098824,-4.110373979331323,0.07987791296784033,30.515043795186195,3.771871367358954,5.419638620042255,12.420480385185662,0,NORMAL
203.60000000000002,7.997784711629859,1.4314339060809584,15.038819218293149,3.673447456180361,5.30533166007352,0.12270210339127527,30.925588657689136,3.866769333352916,5.458917186940719,12.436202221026415,0,NORMAL
203.70000000000002,8.363338180122405,1.7274391081313276,-10.051782221719847,4.534638639924586,-1.0189420789992831,0.1100635817822768,30.27864830403746,3.6204022427315388,5.970116128777272,12.400266559051094,0,NORMAL
203.8,8.34661457258288,-0.5789225382630109,-12.69351129971133,3.4696590403805043,-0.35100597211876305,0.10009364143774463,29.92956632581711,3.585833042312787,5.155076781794063,12.407312275270334,0,NORMAL
203.9,8.240855884756476,-0.8112631518109384,2.6362512448084265,4.464437445500834,1.1819527957936482,0.12206913355451017,29.091220216053827,3.530121218339143,5.279040879109102,12.419984558717887,0,NORMAL
204.0,8.165739119822135,-0.05167228930132551,4.088792212411783,3.706049599539234,-1.1280336296678106,0.08892964317891394,29.77328153824682,3.6461220596642496,4.826340811892305,12.42680429762804,0,NORMAL
204.10000000000002,8.221055834367752,0.006495290671418297,6.3899863207029,4.238830719567272,-6.005699857932811,0.1464998159167763,31.042406087806608,3.775963417987655,5.224910202618985,12.414186523713077,0,NORMAL
204.20000000000002,8.158594031282624,1.2263249748392546,2.668579981438425,2.5049096279526717,0.17685078564659396,0.07442215009209374,30.789981450258754,3.77393228933812,5.5008981710606095,12.389599279869236,0,NORMAL
204.3,8.47169384546266,0.5402112869591034,-16.587110680473753,4.27420087669659,5.804587171004904,0.1287293147566461,28.96010676288087,3.4184553043535164,5.197935189667396,12.437400037942645,0,NORMAL
204.4,8.241059540889623,-2.091097161255496,-2.3852501328270788,3.6658270621536526,-6.332760937063515,0.06964087087418086,28.996810205399417,3.518577928180969,6.02149738277852,12.391970984688587,0,NORMAL
204.5,8.065801327119697,0.06316126039368758,21.16970483698646,3.0076486892838874,-2.4774066746035506,0.10067811826370143,30.30250707455877,3.7569121585814975,4.983394525499247,12.424885739504342,0,NORMAL
204.60000000000002,8.26414855047906,2.1428438061417965,-1.0085680693155392,3.1703457272329425,0.25659176223080227,0.06277449417421285,29.36818426919037,3.5536854268535554,6.113372775814239,12.38361657965209,0,NORMAL
204.70000000000002,8.5094075105581,-0.13855235346942027,-15.469948226344512,3.058967041730048,-6.128539767856363,0.08427364392324443,29.863401834152416,3.509457244479033,5.3226013285022,12.387534898125361,0,NORMAL
204.8,8.206637172932666,-0.9511458391271058,5.772802204123062,1.9446377736616698,2.5966193548314798,0.0708549460961773,30.67644499023456,3.738004293818712,5.366093704979508,12.391045091750708,0,NORMAL
204.9,8.342115189993207,1.0160080873551922,9.115025555182369,3.578290912696344,14.269072806514442,0.06600707750367028,29.770966332572534,3.56875512439391,5.455754157014501,12.380935921265161,0,NORMAL
205.0,8.39623234075658,0.871859271909368,-14.252088593455516,4.7984523349645585,-0.32950609209194237,0.11960408811695937,29.699330418697727,3.5372211264965467,5.281884609576194,12.433508897565194,0,NORMAL
205.10000000000002,8.5224753736501,-1.8344096313359113,-2.5629795148311407,3.5123896942779553,-12.423426660768797,0.12581593669068583,29.8251693324221,3.499589969439624,6.053536996650645,12.387864795092856,0,NORMAL
205.20000000000002,8.04886598239841,0.3592633689431398,15.655655958282017,2.313767002810799,-2.652414800356653,0.04601751753522362,31.990191865816115,3.9744967720637385,5.071828347959761,12.420928510218868,0,NORMAL
205.3,8.60378997732655,1.2967215603204925,-8.266296182748642,2.9819067342066248,3.9154657200949083,0.0810126456879374,29.538871212780975,3.43323945501045,5.777819849369831,12.418273099698641,0,NORMAL
205.4,8.309599113856171,-1.2939958676065886,1.9904316340070638,3.0968601468297807,5.389643506402231,0.0902665639016618,28.837876387829844,3.4704293182739683,5.621745332471088,12.390326067574646,0,NORMAL
205.5,8.364660915093243,1.6948078871219052,2.2657982363279197,4.059835435487071,-1.3133355438339689,0.11340704135699342,30.789289415194546,3.680877172156276,5.775715495829005,12.321909029046537,0,NORMAL
205.60000000000002,8.642708538885689,-0.8408362203410046,-5.723292143281511,2.834193038062987,-2.7180197813016016,0.10450925975361165,29.418956476812895,3.4039047301490863,5.690114669026284,12.357820676653708,0,NORMAL
205.70000000000002,8.19733214947531,0.550149458465603,24.240181267604427,3.5162314792267506,0.2304093430132026,0.08441766011829079,29.245007997869468,3.5676251083398354,5.198189427159666,12.439076714626044,0,NORMAL
205.8,8.771581220803805,4.007200033179881,-13.15602549789927,2.8802749066656275,-0.20715080769620808,0.0966038822545554,28.68470002608543,3.270185762864867,7.132135593304564,12.378690240565186,0,NORMAL
205.9,9.0107985080112,-2.081055641114251,-27.994384763486163,3.474801317687509,9.568809269944515,0.06573092616796948,28.92592811807788,3.2101403768335075,6.393777265132398,12.377272100582289,0,NORMAL
206.0,8.396221601243202,-1.5916769195173515,9.675899167717319,4.794036760654531,3.3463159868453807,0.10692355075240792,29.84211015371536,3.554230887533594,5.678742390216473,12.420741065479849,0,NORMAL
206.10000000000002,8.723690749287305,-0.14587580757078739,5.960608026939592,4.144064515056585,-12.915675548911008,0.11376268399049129,28.379093872865027,3.2531063615687543,5.098076410784172,12.454281619931054,0,NORMAL
206.20000000000002,8.370697006928884,-0.399555314129433,1.5617980823144413,2.210901650872329,-7.014239851855715,0.045809217823289505,29.821402118809292,3.5625948584836467,5.15433350231325,12.400911723820084,0,NORMAL
206.3,8.673933733988848,0.1664838088921009,4.8916176244134855,2.741216544685442,5.637289787167956,0.061955932996206706,27.925536834573162,3.2194777699473103,5.322588041844164,12.394424312091864,0,NORMAL
206.4,8.368460862924875,0.5787682107532641,13.339584365581507,3.3383596083059204,2.385655680859935,0.07576252707923717,29.870591724574528,3.569424797923283,5.418731496287796,12.427654894379875,0,NORMAL
206.5,8.800624488361823,2.8344006820084022,-9.453359226320215,3.218347680857429,2.4316219223230373,0.09675998356746267,28.609459952726752,3.2508442998062983,6.701668976526436,12.382249266761795,0,NORMAL
206.60000000000002,8.942347681740651,-1.311903634510779,-12.004603980811348,3.824683992770528,2.2859555579036983,0.1136371563803023,27.955772446037923,3.1262229384259705,5.537049963206684,12.40338136221921,0,NORMAL
206.70000000000002,8.553082849959477,0.4334798858461326,14.18532580757699,3.675538792438169,-3.730528861971145,0.09360678931746498,28.28921089279919,3.3074870650800747,5.293909465877433,12.434664267891044,0,NORMAL
206.8,9.00864854448752,1.5251615270046195,-4.266432105270576,3.078578220376299,0.25768311393755905,0.0990703302992137,29.28481103457324,3.2507440921860473,6.143638981820102,12.382721827747073,0,NORMAL
206.9,8.858490112224532,-0.4198065352079827,-10.46255565485803,3.7270754152256806,4.967123648514713,0.06493588833753405,28.32108843602506,3.1970559403732413,5.28897386369069,12.469954409880465,0,NORMAL
207.0,8.95375446471529,-0.5673496039669866,5.358444411671646,4.072002950079241,1.9747304544169575,0.12964067400116286,28.31602557133413,3.162475102809793,5.386809691352701,12.414430650111234,0,NORMAL
207.10000000000002,8.734563241886166,0.6518823471263465,8.719788209043006,4.122021506109072,-4.323993625194462,0.10780508489673393,28.18756144869658,3.2271288979309833,5.453967735978638,12.41609190454767,0,NORMAL
207.20000000000002,9.07447601957238,1.1766080378416148,-8.70553883129666,3.207204225040349,-8.671808107946896,0.11719205369801812,28.64531059453438,3.1566903182895008,5.474290432646813,12.381988798493419,0,NORMAL
207.3,8.962322883425959,-1.0892254191329858,2.9703747628492847,2.387659884519693,5.818125430101602,0.08209525828466688,29.23432029856035,3.261913309620147,5.913120918896299,12.412734880999347,0,NORMAL
207.4,8.855196663482207,1.7706829904114718,14.569115055581356,4.370829311060669,2.003506173162175,0.09544145438823899,29.835878213182824,3.3693072381127895,6.313742303110713,12.354316151930103,0,NORMAL
207.5,9.322322877214242,1.8245975919832853,-5.130100614746504,2.788361119152128,-10.396150158707464,0.04971133015627959,27.835023205664598,2.985846293062791,6.352208387418068,12.364487129700835,0,NORMAL
207.60000000000002,9.20547195637217,0.7446628674621709,-9.663322506052324,2.2915992793191764,2.8428221341755333,0.07329461195266095,27.975600707290624,3.039018622823079,5.9040343254514545,12.345721280343335,0,NORMAL
207.70000000000002,9.497974872030927,-0.10806690922717972,-10.46149894823737,3.3569255459872345,4.316865442952055,0.07563900868873624,27.464195632249133,2.891584364275807,5.727120386877418,12.413227500306224,0,NORMAL
207.8,9.200979019019853,-1.347636922185303,-3.232946975228706,3.1549723679095876,1.9248911020747084,0.05049927467144452,28.554517156455308,3.1034216138770327,5.995380705752601,12.39111752652881,0,NORMAL
207.9,9.222993484803137,-0.754656304272921,7.945946577378324,3.741903766402176,-0.0796668224638486,0.10250971616436122,27.947100367296066,3.03015505902123,6.161557117618816,12.410539949509047,0,NORMAL
208.0,9.07616937925979,0.24155239329036174,20.930270113313338,3.139039003416818,-1.8385127600209583,0.10027797895792817,28.185902256125278,3.10548438204929,5.369436937153856,12.429465910894614,0,NORMAL
208.10000000000002,9.255643074266452,3.431397718389747,3.9718926732783357,3.3742012143979845,2.7072099524280224,0.08639586784415841,27.703218052887234,2.9931165053145516,6.8366291970298025,12.326737406695932,0,NORMAL
208.20000000000002,9.785689287639867,1.035930927946029,-29.34234937163014,3.6804809939024223,-10.359953561568291,0.1081066265353963,26.846867473708542,2.743482516619279,6.191788826897415,12.40188729764586,0,NORMAL
208.3,9.466720228862455,-2.4370721559362813,-12.385631188054651,1.3022105020843262,-1.0597064748557328,0.03420553583031438,26.709345383884298,2.8213937602647166,6.914452591851229,12.361448305122185,0,NORMAL
208.4,9.281965329639757,-1.4411953096649015,21.46724856461117,3.468539698931276,9.160675184171089,0.09618537656556592,26.732317814980075,2.8800277598125423,6.053635568472123,12.418339457926637,0,NORMAL
208.5,9.202206733336471,1.8563775569859535,19.6018479292483,3.134345538918544,-4.295236877219894,0.06756708796116985,26.693179271822984,2.9007367521012823,6.492233659523694,12.378173110515412,0,NORMAL
208.60000000000002,9.613698013695078,2.479174276184759,-10.599569044425682,2.609492323487297,0.4917889555558297,0.041101002913105714,27.108655273626468,2.819794759000039,6.894722796168646,12.361991864900785,0,NORMAL
208.70000000000002,9.694407960800982,-0.2635362518991832,-22.54813451192561,3.23270333002971,1.330982345922993,0.06091597789855983,26.68280301949034,2.752391185452621,5.588872664572369,12.382309458324084,0,NORMAL
208.8,9.582021955618753,-2.030452626200363,1.648338269196991,2.8756887926718955,-5.493581366981643,0.054180120082266844,26.149147555830968,2.728980133519471,6.629450543633201,12.376164263194394,0,NORMAL
208.9,9.310273519970913,0.06613140194021502,18.383381023848727,2.1339870566333814,1.3776702294439747,0.04964515995301226,27.33575603648536,2.9360851727770467,5.412757487001523,12.403872614896528,0,NORMAL
209.0,9.594107938748206,1.6462235785693824,-3.7895242951225017,3.1512228385606904,5.430658785188194,0.04975832440085835,27.3568008460094,2.851416830065265,6.509483737527361,12.357097932758439,0,NORMAL
209.10000000000002,9.630388016942947,-0.6917734570842853,-9.246728923529837,3.22011881367102,2.1235723284792885,0.09512482064779064,27.071572960112462,2.8110573439496798,5.912421904593615,12.37193955601878,0,NORMAL
209.20000000000002,9.475657442970917,-0.2031222061365851,15.733492825788206,3.575937304256548,0.19789536576510613,0.12457014464821689,26.9783889159766,2.8471258145775713,5.7678888230130285,12.38419942134983,0,NORMAL
209.3,9.620383681946656,2.4549251080733563,-1.4739111538148533,3.2596978868240414,-2.7598084539804613,0.09105488700117345,27.789986424624217,2.88865676706576,6.668327922035012,12.356340236035326,0,NORMAL
209.4,9.950939427438456,-0.49790443689955577,-15.090882770391666,3.023975613460456,-0.41506151678065706,0.11056049946833969,26.80533832874205,2.6937495222641714,5.895479134460293,12.355524210442411,0,NORMAL
209.5,9.546649399309878,-0.5632514460049771,11.090136219060014,3.17668558346791,1.350080924042274,0.056748452285944384,27.229558720618034,2.852263404853481,5.788870439734149,12.397923307972306,0,NORMAL
209.60000000000002,9.858716104116315,1.720122806912447,3.1594874882794066,3.2939917982689106,-2.886169116861179,0.10172061317042702,26.2441189229407,2.662021975861845,6.385279621072173,12.40337068965054,0,NORMAL
209.70000000000002,9.899572335248067,0.06864605165090425,-7.212346591600681,2.599451760095674,-3.1714824412816234,0.08806571425573895,26.323697920144767,2.659074253785443,5.880857626745971,12.391686025216073,0,NORMAL
209.8,9.869758976024679,0.2776534885923107,7.348323481618655,2.659695310012586,4.150960727966677,0.09973875260655982,26.05930140095,2.640317910928977,5.674224746988365,12.396188749317059,0,NORMAL
209.9,9.967412135455328,1.5383107479746352,-4.497429412077674,3.4296439056890096,-1.4211758126628338,0.07012600646038779,26.16868686491127,2.6254243839106426,6.430487119752187,12.354276925866156,0,NORMAL
210.0,10.192159804593368,-0.6218323938232241,-14.263746681391764,2.375460147480019,-9.408025596815033,0.04253003312848204,27.884208336664013,2.735848816273196,6.18182577350632,12.36948782748712,0,NORMAL
210.10000000000002,9.844562610298087,-1.314438588303718,13.354201390143979,1.5480387863260028,1.5085433801264392,0.06955807602508149,25.569703777931117,2.5973427962338778,6.370922158478751,12.33021045037301,0,NORMAL
210.20000000000002,9.932490929134717,2.049007884205572,18.148860090538957,2.677168823505307,5.850101095825629,0.05976412066568634,26.87715652419891,2.7059834955762048,7.097794401421702,12.353442642507181,0,NORMAL
210.3,10.246916972705828,2.3153334298040735,-8.931797329096236,2.7180590054911287,0.1469541199416602,0.06699549247529267,27.114994682443754,2.646161255592149,6.88161615765863,12.353314627251416,0,NORMAL
210.4,10.391476403323095,0.2626484183863247,-15.860622398184269,2.706559647493639,-2.079161298846175,0.0731873727465168,25.04671064958185,2.4103129986006753,5.890231722666449,12.399644846370535,0,NORMAL
210.5,10.291827842929548,-0.8567910498327805,-0.3247412786115256,2.3022267457218937,1.4407656010313952,0.04604036401003292,25.548282101329004,2.4823852955216883,6.421339376856075,12.346465696472864,0,NORMAL
210.60000000000002,10.199498095949906,0.19770016266401957,6.459752895582415,2.994712767699918,0.45202986321650096,0.09371172139292798,27.866386349467632,2.7321330998172377,5.638674330314173,12.42623406829527,0,NORMAL
210.70000000000002,10.346642990187755,0.43515952928370266,0.4654714297160853,2.392632718365194,2.8692265494661617,0.05893761984927623,25.335265039458253,2.4486459099328126,6.0561802540858976,12.426400172624287,0,NORMAL
210.8,10.296273915712296,0.29079444860723663,5.848247654866108,3.5685580775931505,-1.354545120914863,0.11384478853380382,25.78468576353781,2.504273485206131,5.793735222164555,12.346386638956389,0,NORMAL
210.9,10.40154111377422,1.6048090602569243,6.7537385250720705,2.1217236941822213,-2.9406413996780056,0.07465690848225442,24.6972796559247,2.374386582313209,6.654052855891017,12.381221273171615,0,NORMAL
211.0,10.600529778344006,1.6415421536216508,-5.972557892216808,2.9804297976575493,3.602793291609734,0.08915771312388246,25.88545696733646,2.4419021981541222,6.745328248516725,12.349911268015928,0,NORMAL
211.10000000000002,10.712797867014851,0.4102974818135625,-13.164211583682114,2.842282352504168,-0.32952578488501416,0.0894689654449882,24.778397508788952,2.3129716266823874,6.046963696830731,12.37767961211535,0,NORMAL
211.20000000000002,10.656806095986962,-0.9913001631147723,1.2215612800427655,2.9145246406805465,-0.33828573742432644,0.08402272784395416,24.701963598174963,2.317951868100236,6.215437609523113,12.38913495601112,0,NORMAL
211.3,10.500266820699649,0.6546097378221156,11.734417890618408,2.7746252050193028,3.766690757960447,0.10330989998706794,25.18209567938987,2.398233883899719,6.040203036346329,12.42261693835973,0,NORMAL
211.4,10.797863383152114,1.3555834150089094,-8.450811376645731,3.667862792272636,1.205023380082666,0.0813440923475718,24.99883670844862,2.3151651230792805,6.7027305253156975,12.390204456481824,0,NORMAL
211.5,10.76403932986822,-1.035552537507031,-4.027360562684194,3.015629881035836,-3.320610023068784,0.06764982552770636,23.97902251110303,2.2276974076604934,6.202923703232527,12.427528781302124,0,NORMAL
211.60000000000002,10.571582792152585,0.5501113024720705,1.2902753112342524,3.003740787658879,0.551699308328617,0.05751449682221159,26.47624096744771,2.5044727443369545,6.301469903346437,12.396331624998652,0,NORMAL
211.70000000000002,10.88636389690433,-0.7774974752601804,-8.355469724483386,3.1259697427015594,-1.304116758131173,0.10470213337528483,25.38687427395991,2.331988395241774,6.3900214209961455,12.417648226790392,0,NORMAL
211.8,10.425403376260698,-1.120982642424607,14.400413950050039,2.7429174360326445,-1.6716080360592356,0.06318694870739808,25.92223176251043,2.486448804612874,6.56536034856887,12.352721805453564,0,NORMAL
211.9,10.683042506773102,2.1025853147498275,12.421478998185682,2.7916481354897122,-2.888587847581865,0.06710694720058202,25.2862718422692,2.3669541543279995,7.105291717278688,12.329641607790236,0,NORMAL
212.0,10.841046698311114,1.3633131572125297,-3.6422768795362748,2.1651998665162715,-2.6281273984192755,0.08286234150513193,24.726224268311615,2.280796767729413,6.732539917524778,12.330884555311487,0,NORMAL
212.10000000000002,10.92928508444991,1.3741299388425725,-9.948830351477156,2.266022655805857,3.590366545415502,0.06460976069130736,25.482940753478104,2.3316200974329973,7.044550108536498,12.369111088164274,0,NORMAL
212.20000000000002,11.07315960087487,-0.6264529130829015,0.1745708924088918,2.883273175599372,5.239726705288851,0.06873371442948728,24.881094365607392,2.246973335744351,6.098490650482846,12.38165136971162,0,NORMAL
212.3,10.829977120035315,1.4090441173243509,16.751393616251786,3.3139679968636275,-6.5079284992632385,0.0568738112062505,24.304832966898985,2.244218311591385,6.615370764937294,12.391555124207605,0,NORMAL
212.4,11.315122491326152,2.723825810167456,-9.936220435371743,1.581687475746724,-7.64059422192714,0.04287729249469182,23.56886151361513,2.0829523968195964,7.562924713617389,12.309133163593176,0,NORMAL
212.5,11.351473212167397,-0.5781999697499979,-20.66280751796799,1.7858491524781994,1.5588154240304475,0.050668793559201626,21.911619547219626,1.9302886187259851,6.454964952885202,12.364435224076065,0,NORMAL
212.60000000000002,11.205665659082921,-1.408735693426143,-2.9097653936016914,1.8934505605528136,1.4661877120201938,0.0600968262179416,24.92110134164077,2.2239733095588656,6.286456786983508,12.385225278786276,0,NORMAL
212.70000000000002,11.096367154326135,-1.1601530484703362,8.938630640642694,2.079086694882238,2.258268450729546,0.09108343681750361,23.99616028795456,2.162524000352601,6.799342693289366,12.392991863429375,0,NORMAL
212.8,10.984630324853121,0.378990434702396,10.195710217418705,2.3451042506987227,1.6542398926672863,0.07512776024870187,24.480672895941353,2.2286296554334606,6.455419688098063,12.332928467744177,0,NORMAL
212.9,11.196166394188678,0.8789889950134048,7.832250551174989,2.4099346734156954,2.429199457253306,0.057446265022491186,24.87605668747352,2.221836994168408,6.748089454341579,12.34735168556022,0,NORMAL
213.0,11.152806108843782,1.945440544937394,-2.1763226969250313,2.830944142149384,-4.582988199428026,0.09911071377822506,24.9202015282712,2.234433315263175,7.099763005901455,12.340715396976263,0,NORMAL
213.10000000000002,11.589442069109605,0.44372445562839846,-11.816921704830143,1.4933370335300902,-1.2530611404995629,0.02606510487641813,23.722714717768007,2.046924655760463,6.719803195506893,12.379730301001226,0,NORMAL
213.20000000000002,11.211728711935272,-0.41794379602863496,-2.5041440338993324,2.5803319140494714,1.1740518229894104,0.09987887100579289,23.896091360356767,2.131347624824221,6.16518126111558,12.39459795172675,0,NORMAL
213.3,11.506110152596023,-0.057104351151468044,-3.281204648831529,1.7281473981279722,-1.9905100351410776,0.029499051725200932,23.273360285566177,2.0226957657202,6.076641179277638,12.357010312735492,0,NORMAL
213.4,11.213342220106952,-1.0741847257949408,14.813217313388343,2.182229907021256,3.1857193685729523,0.06530727749561072,23.689035278796187,2.1125757881819327,6.891633626821952,12.376734183537723,0,NORMAL
213.5,11.28704157472163,2.9055391115262004,17.756972708995693,2.3652912718425627,0.6819477000794327,0.05967721773376536,24.78537847999857,2.195914519842623,7.590560313196393,12.350484195511411,0,NORMAL
213.60000000000002,11.786130298859495,2.477209816004198,-20.604762298845127,2.3186194470371424,3.1115984142610897,0.054402096046676354,23.484521401621116,1.9925557249179262,7.659127900441577,12.309479689362476,0,NORMAL
213.70000000000002,11.781561057102891,-1.2154133482428249,-14.774361144217186,2.9876109546947807,-2.0732242635292586,0.04957408956800778,25.545556099105337,2.1682658159891623,6.8803604517740675,12.394227758906862,0,NORMAL
213.8,11.569152998995026,-0.47766241283923927,6.941118014408378,1.9039745943312907,-5.358579067565744,0.045625976715929786,22.90784159239671,1.9800794055006998,6.588641678569226,12.381577325170849,0,NORMAL
213.9,11.712305700429015,0.1728102546388507,-1.211826936255599,1.9158951411816318,-3.573913742155348,0.012692908769379369,21.832639142648684,1.8640769547066183,6.662735141237533,12.4198754319314,0,NORMAL
214.0,11.607863748812807,-0.720027800090359,5.332499557130667,1.189191845900221,1.8446224384966425,0.07438714678746826,22.113474892640937,1.9050425962229778,6.591494134734035,12.336183227532564,0,NORMAL
214.10000000000002,11.589375337043847,1.2393101660649843,5.595767381340277,2.2848196288809604,5.357553010051714,0.08096392951008102,24.05610359016392,2.075703210100711,7.186079443383885,12.344091814044756,0,NORMAL
214.20000000000002,11.84188918444467,0.39912567617769634,-7.911965446002782,2.260702447910564,0.019403523791168276,0.038787448568208316,22.355388965967638,1.8878228480075077,6.6927656565802165,12.349077218358707,0,NORMAL
214.3,11.656792683556144,-0.34308292313557204,5.081865469029205,2.288700333639194,1.4416847733537108,0.05913309506878352,24.439854499368426,2.096619126961478,6.455207752293069,12.372577320656967,0,NORMAL
214.4,11.781623689855776,1.4154987699835373,4.557655812551675,2.549039402581306,-3.712800388753464,0.016468749838348624,22.586513610546948,1.917096845487809,7.074257762570091,12.349917435556048,0,NORMAL
214.5,11.957293218894023,0.568448239374763,-7.5525973061510925,1.5461402558885011,-1.580998636557176,0.05759441897033415,23.097785756407735,1.9316901688009405,6.916031055708077,12.42968363431183,0,NORMAL
214.60000000000002,11.882925372987842,-0.09502069124668133,-7.1857643965639735,2.232839675269871,0.97161152437923,0.0517795350491448,22.81727012942265,1.9201728036844077,6.527351193298274,12.351154035009388,0,NORMAL
214.70000000000002,11.973359624869984,-0.8687046399380319,4.354936604114415,1.7404625607643471,-3.915834369394112,0.060421373356548194,22.923605824388414,1.9145508480989384,6.955405844062997,12.346040471422654,0,NORMAL
214.8,11.736896968091155,0.7759666295762017,14.083958716041273,1.4496728013910485,3.164053650817152,0.006908278832107512,22.14459033898231,1.886749998673953,6.8499444008789725,12.351962600949504,0,NORMAL
214.9,12.131865217950786,1.9480871032702227,-4.420351835096423,2.3732732909277776,-2.6719574130300754,0.05489984900716974,23.127559322426503,1.9063481918844642,7.765693310874684,12.367591078178654,0,NORMAL
215.0,12.116438903397171,-0.10810373744308305,-6.610268858371988,0.9152813187850334,-5.351906609175752,0.0010652543028361015,23.26762054859042,1.920334904842933,6.353407512234938,12.385260033739195,0,NORMAL
215.10000000000002,12.094808264195818,0.6260333315958252,7.654391086298868,1.302891969092627,-0.8701684590335113,0.030748976760188607,23.886815467870637,1.974964376953591,7.180402473199272,12.402713960822197,0,NORMAL
215.20000000000002,12.2587615563958,1.4227744798166906,-3.053420170713755,0.7412476269783311,2.320391192629961,-0.010693001976564219,21.62569551521446,1.7641011627256606,7.118809701566087,12.392669510211032,0,NORMAL
215.3,12.393434914899466,0.01534929745307416,-10.408101218604369,1.7669702076186193,10.144589502531796,0.000661707940312381,21.466079158260097,1.7320524378962479,7.14951250633726,12.36338467248016,0,NORMAL
215.4,12.248254937052627,-0.6588457639041831,-0.042667479473617424,2.77016552748469,-6.763376697166745,0.06245991805106383,22.119962335070856,1.8059684786732337,6.9390043333094455,12.370716143373317,0,NORMAL
215.5,12.300410864371612,0.0068158015583506745,5.508148906834962,0.4142948681852703,-5.285144965417106,0.021373111491392552,22.784747195915738,1.852356595820081,6.71213586277748,12.383667333083661,0,NORMAL
215.60000000000002,12.255629450292256,0.44278401746280915,0.7740122734610531,1.7131365344012688,6.142924177470462,0.03823177718095165,22.082497742306295,1.8018248537842094,6.921733427859642,12.307342811573834,0,NORMAL
215.70000000000002,12.393745645579907,0.1616182562505613,3.490809162094907,1.6428797036793628,-6.152519612260212,0.06543849673434043,23.123568295880034,1.865744945647388,6.6578871474736845,12.399484366787135,0,NORMAL
215.8,12.282926719081289,1.1409458498817906,-0.04209154289203598,0.48263261194922635,1.032061270867175,-0.0030510973486208015,22.12468491972394,1.8012551426651167,7.115458837014309,12.358137368370212,0,NORMAL
215.9,12.60992340648924,0.1531999476721541,-9.023268086116316,1.8492919578527978,3.5765274616799467,0.06821911646216057,22.67360338080921,1.7980762174289704,6.711001680771313,12.399977000719018,0,NORMAL
216.0,12.337627565314614,-0.6637077673414726,3.2766395329132636,1.1979381042852157,-0.41732714466943266,-0.005932993590881733,22.401292970271935,1.8156888633313752,6.883285757731411,12.372704554752637,0,NORMAL
216.10000000000002,12.493764783789542,0.8085278542548069,4.7781471836640454,1.7658265289189112,0.332862614302486,0.04984456969655231,23.101708297280826,1.8490590063977288,6.899742625212592,12.340883081504701,0,NORMAL
216.20000000000002,12.507056717000014,0.29192166939133657,-4.717121340301044,1.264510627145713,-1.262519719610652,0.03525491203460455,21.88285469315384,1.7496406379456106,6.58265982477449,12.404937626539756,0,NORMAL
216.3,12.551489981172832,-0.13489641380540196,-3.8779755061759213,1.5133225849967809,-2.7961109367445256,0.0286301120148079,22.03848080916795,1.7558457874105429,6.631211650536162,12.34920247810668,0,NORMAL
216.4,12.500872440714012,-0.4836734318438477,-1.325067066246978,0.7052884397968078,-0.9006953733721867,0.03236186807996474,23.750121105017303,1.8998770859916692,6.8569333554201295,12.388758932139156,0,NORMAL
216.5,12.461875614256137,-0.39990982705479755,7.623796332228469,1.3331835103223435,3.4505348999235275,-0.009117248586741566,21.666733944777064,1.7386414866788393,6.887038688650549,12.30241703936051,0,NORMAL
216.60000000000002,12.407473123599171,1.0410858346018461,11.862991613067765,1.3953954197815133,-0.7931467310733431,0.0351043756752435,22.50994468712718,1.8142247388239738,6.899913082522943,12.354279899279382,0,NORMAL
216.70000000000002,12.686587336740093,1.9726884955587558,-3.5142915444031084,1.1745541641076749,-2.810267449581155,0.05166042454390715,20.296520339176517,1.599840824048735,7.883639154719427,12.283726705815411,0,NORMAL
216.8,12.801511022720678,0.33822752572122444,-14.73770737590861,0.8333419298652822,-1.0063680369775934,0.01375434464660235,21.05566100867687,1.6447793523207042,6.801670962434216,12.367625506424535,0,NORMAL
216.9,12.758363454319811,-0.9748529796229664,0.6901618335318468,0.9732805567121562,1.2682758344498135,0.028268504580690166,22.209735742358173,1.740798169128679,7.120492619197092,12.375661035100713,0,NORMAL
217.0,12.575092320766021,0.4762598924275938,12.336052898522553,1.086997096755245,1.4041009719238966,0.016364251012464887,22.76826182581546,1.810584069288846,6.86144181620504,12.391479663701254,0,NORMAL
217.10000000000002,12.800171874051676,1.4923576000815446,-7.835934075464408,1.2541007510969355,7.637034943049558,0.013554449942036955,21.810820639446472,1.7039474824288143,7.550339838948138,12.369546803854726,0,NORMAL
217.20000000000002,12.858482171609191,-1.0909269226652878,-13.947000984686309,2.6144040853651567,2.61927859378003,0.09119522944444328,21.523324707069605,1.6738620017370247,7.371916709998142,12.329721297593897,0,NORMAL
217.3,12.589415023712277,-1.297042596855717,11.479612427046266,1.7779564698529415,-18.162975868473556,0.01433198582959487,22.024451642137237,1.7494420193991527,7.24231794623539,12.347023009110021,0,NORMAL
217.4,12.637368927701564,1.2049955627439655,11.708891350778734,-1.0181910883295544,-6.122080747473502,-0.01144273911435078,21.08909436549849,1.6687883756618391,7.225008236745741,12.330045989600567,0,NORMAL
217.5,12.810842585665739,1.0447356733000297,-9.665727273515609,0.553540320358241,9.588873342376983,0.019781611228589492,20.79470238173661,1.623211138743063,7.5198960257748,12.307366544330028,0,NORMAL
217.60000000000002,12.83596658227861,-0.7281498919591565,-3.3749452374942455,0.8995835801458423,-2.325992311186858,0.022205526148280696,21.35765306177532,1.663891295203416,7.06640994340186,12.378323757695304,0,NORMAL
217.70000000000002,12.658788423007364,0.36974662580118056,5.178828535433915,0.08834185812086937,-8.434633579797875,0.01388082395743085,20.82510285635587,1.645110271256783,6.723592156074337,12.372992432999238,0,NORMAL
217.8,12.89852792466254,0.3076158151276267,-4.729247788521713,-0.7873431358137332,2.3604247271929704,-0.04779303464308343,21.69240652676663,1.681773815854584,6.995044025513707,12.364894515776559,0,NORMAL
217.9,12.742826617821185,-0.5761029319031621,1.575172921039254,0.5604268035594635,5.212776822667127,0.0584136183418418,21.560762807088793,1.6919921657676396,6.951672684635211,12.378517139940993,0,NORMAL
218.0,12.77717982332507,0.6226503993354775,-0.030741782360267367,0.25521222871969246,4.151969477625312,0.016424724759756204,22.03370617339885,1.724457703348258,6.923284373537235,12.388809000122079,0,NORMAL
218.10000000000002,12.846615772275257,-0.5822512883752156,-2.528459775074734,1.390820699084526,6.038525096540472,0.05917461767890674,21.1176952764851,1.643833337185966,6.900256360668405,12.340026329556968,0,NORMAL
218.20000000000002,12.661194582828958,0.11695844432053065,11.00464849218802,1.462917248027787,-6.7950566461518624,0.02469306769505769,21.349114738150362,1.6861848697202642,6.590747361747741,12.382906874131846,0,NORMAL
218.3,12.85852927673118,1.6186784100623883,1.7340010557350278,0.0318093698541535,-1.3887802441939667,-0.01955395167111438,20.86394638605138,1.6225764188916085,7.70077537461942,12.32827689747186,0,NORMAL
218.4,13.00952136383871,0.46375865546753625,-4.9945722673074044,1.1851611991889937,5.137042236012263,0.05771665334687141,20.29479095013449,1.559995205246054,7.313106677648448,12.341854435687079,0,NORMAL
218.5,12.961704134376507,0.6197639566009073,0.18199082434876224,1.0592178170566062,-4.9160167121304985,0.021389058027527035,21.151416259380163,1.6318391501687832,7.288043376748399,12.352068608450363,0,NORMAL
218.60000000000002,13.071297477598277,0.5001568203372887,-3.662371282811608,0.2019578567628939,-6.953518483332748,0.018027331137371518,20.200532533258098,1.5454114304932602,7.295271120751103,12.350564042227141,0,NORMAL
218.70000000000002,13.093227787456248,-0.1127102999614144,4.313925269350885,-0.3314858796099433,-0.7456574402340107,0.002233440567807809,21.9697311933587,1.677946152774218,6.88540061265415,12.317641028022306,0,NORMAL
218.8,13.060346034004642,1.3629418742074657,4.492481926984284,0.052826368716091754,2.5717404665809123,-0.002651091046864119,20.61347816987151,1.5783255754634,7.282219453630532,12.361601809122773,0,NORMAL
218.9,13.346427525111318,0.7857860854354425,-17.218242804065913,0.1828622137062392,-0.3833716176210136,-0.02065190776085457,21.18027196771994,1.5869618988204321,7.549077596770682,12.38815821440179,0,NORMAL
219.0,13.183421087712478,-2.080706686605717,-5.761440485106429,-0.02384795480811097,3.191079994160396,-0.03152239332275869,21.955864890867684,1.6654148225100316,7.856620683386818,12.348164658866734,0,NORMAL
219.10000000000002,12.930540341550294,-0.36650201158584333,10.991194138830025,0.8210782125383185,2.0939107394402776,0.021350085789277422,21.087368247626504,1.6308187972520765,7.247770537758507,12.309694332099681,0,NORMAL
219.20000000000002,13.122119997328868,0.11753214116028787,-1.7223008513046119,0.3949341930799446,3.270466583770165,0.01700761172790436,21.62457476908088,1.6479482563398877,6.672944846843067,12.382315973679562,0,NORMAL
219.3,12.913864916583453,-0.7109621818467657,1.9030347433470556,1.4751715292923515,2.379897206551114,0.06310004583955758,22.8290509865951,1.7677938505674604,7.473109351325816,12.397317020401353,0,NORMAL
219.4,12.956567868853883,0.498139089829699,4.580127671159579,0.8709136343901674,-9.933271938791458,0.02440297811516361,20.467841115957636,1.5797270792028189,7.304719417945402,12.36347266057973,0,NORMAL
219.5,12.980036358347538,0.20506335238515006,-0.5057868157006706,-0.5114828584659402,-5.927467038259413,0.012837043435322467,20.64601370254249,1.5905975247338129,6.881138993528693,12.37310119761885,0,NORMAL
219.60000000000002,12.988630589883583,0.3969817266895649,7.779788693988736,-0.31457977326171516,-0.20886643581868425,-0.06795486517733956,21.740178630567915,1.673785275524013,7.110820173414995,12.359702664012383,0,NORMAL
219.70000000000002,13.082948263680121,1.7610210911828974,2.8267339155536217,-0.5532561456296771,0.46549646029295355,-0.017684209481950503,21.724237046490774,1.6605001111867068,7.855224102220419,12.346287734466516,0,NORMAL
219.8,13.37621826584714,0.9623285098002893,-17.210081795528307,-0.22148048120312444,2.284315374718545,-0.006121619060714572,21.090488000162807,1.5767153003186367,7.374220246544314,12.37100337212309,0,NORMAL
219.9,13.265844755761686,-1.6809952679227638,-7.998572025595446,-0.09639307068596809,-0.9528508934199651,-0.00467244836191111,21.636989271795212,1.631029886912986,8.040335898705404,12.329291319230212,0,NORMAL
220.0,13.043985547001332,-0.6373858953188,14.828984044572806,-0.4120506598871175,-0.7204072780806559,-0.008139058017875381,21.444911493356273,1.644045941026531,7.23156081581694,12.401206754201398,0,NORMAL
220.10000000000002,13.110853407311263,1.2848015409917977,2.4792462240391426,-0.24047452630209926,0.7721871265203741,0.015940687927123748,22.19562210918279,1.6929197070272641,7.637335831846697,12.343759388453694,0,NORMAL
220.20000000000002,13.287236772612456,-0.14153665051097142,0.8791470066971441,-0.25761323458304264,0.46854805315596854,-0.02508825192706379,20.96094657170438,1.5775248782281739,7.099652891566015,12.346976224690495,0,NORMAL
220.3,13.078010083332588,1.4606309423312265,8.384363400650697,-0.14676491567090555,6.261641492341693,-0.04188274487253224,20.943063558337652,1.601395275343056,7.695571909183693,12.32645390195836,0,NORMAL
220.4,13.56009639926396,1.5353360296191683,-17.653292508527265,0.994715063885296,4.4948842979271735,0.04244637471658253,20.70323094447966,1.5267760888192083,8.132088940987241,12.354873861842224,0,NORMAL
220.5,13.361563339138975,-2.070027559374227,-18.313392772290744,0.7522119439145293,-4.023857299284137,-0.0010963270122110944,18.51272022787258,1.3855205231594965,8.113617775514813,12.361755006015848,0,NORMAL
220.60000000000002,13.129855052722958,-2.127342524838981,11.365899310919103,0.18994360402846855,-8.923960127270819,0.02006582640375827,21.834620939147673,1.6629750177340656,7.700426090394295,12.347562791143405,0,NORMAL
220.70000000000002,12.932909724028155,0.2031523028095937,18.691502688073374,-1.0325800815396349,-6.875365160290536,-0.01441730045103087,20.364150144863846,1.574599264930237,7.05340639128027,12.362007495993334,0,NORMAL
220.8,13.14308547848954,1.6109580127756946,-3.9423715369846084,-1.1851294280296387,8.448215600099136,-0.034642927955145134,21.6982761692023,1.650927113326205,7.654845161989993,12.290415278614613,0,NORMAL
220.9,13.208136004472689,-0.585322004587328,-10.812790864548333,0.6570630384801925,9.444570634947492,0.028672914054220566,20.794388068627654,1.574362049390317,7.1899376354794695,12.375841970806595,0,NORMAL
221.0,13.03256545703178,-0.551600160133972,6.02220068657318,0.70378469895986,0.29483197129599903,0.01526247917287909,20.374815040628594,1.5633771499405953,7.213717007911172,12.365056043423024,0,NORMAL
221.10000000000002,13.081185876242998,0.619118132727308,10.440885973308575,0.7160294327393923,-2.0363648556187943,0.02281651430707471,21.510344151820725,1.6443726398602814,6.977051092080331,12.368665242290122,0,NORMAL
221.20000000000002,13.129616193327317,1.5365770345277434,-2.0000212779580053,0.2965117278361011,-6.155507136331197,0.010248577960336222,20.411047055205326,1.55458063317788,7.7420948795776585,12.318975059393225,0,NORMAL
221.3,13.385037546859584,0.21911387713570682,-11.616820555672854,-0.515071994526847,-6.786301565028473,-0.02974886112655155,20.389123319103355,1.5232772599795268,7.2620585257661165,12.365120320765197,0,NORMAL
221.4,13.164206159140395,-0.7867870766068277,2.6899251558211983,-1.0607485851695935,4.778244482607705,-0.03614195796463576,21.85209331746385,1.6599628609045396,7.457776637551793,12.396822701567075,0,NORMAL
221.5,13.222375908296879,0.7570989082999465,0.8908967947896312,0.4405769019946939,6.070301750912594,0.03244999807073251,20.943578071179783,1.583949678668411,7.213202540146372,12.286548096087966,0,NORMAL
221.60000000000002,13.316561665891502,-0.6086077176489014,-10.484486995351885,0.15331176501292554,-6.72386255113434,-0.019662974295762234,19.99542136381615,1.501545358741634,7.294866953338712,12.32231470726251,0,NORMAL
221.70000000000002,13.145814892843543,-1.3397984907704306,5.366631217091411,-0.9041956082321743,-0.8635772523638591,-0.008822567500831163,19.871095677026275,1.5115910150114704,7.54111725583723,12.34662924785817,0,NORMAL
221.8,13.0586790738244,0.464718525769381,13.03509100446631,-0.019403685459846276,3.8714706006366484,0.006690798233976558,22.641703536662945,1.7338433243257607,6.688243307671887,12.354612210859903,0,NORMAL
221.9,13.23908294128878,1.2672197101228317,-7.445869304178094,-0.1299014881048446,1.1397977469314806,-0.011818147738240189,20.595098418571336,1.555628778058435,7.4606798815357624,12.317759163335849,0,NORMAL
222.0,13.293006217908511,-1.024455335066238,-5.1708389356416244,0.20855586392644987,-5.534656755587944,-0.016987908511577363,21.537116458437822,1.6201840355286028,7.421068497466011,12.379302457360128,0,NORMAL
222.10000000000002,13.017570910075662,0.2330519229945068,11.253213232601196,-1.2368328392224335,-8.167034351042313,-0.03817829835996369,21.5875853021469,1.6583420556163826,7.142777782544974,12.328216863108809,0,NORMAL
222.20000000000002,13.32263766316591,1.2261873114540012,-3.0515613636198995,-1.4248510062820128,8.00719331690548,-0.0005260590355131087,20.102887467439718,1.508926983957514,7.721870498187585,12.324667689146423,0,NORMAL
222.3,13.288230715214839,-0.37726034972947314,-10.275496379343814,0.36460582415866283,-1.0444886591063518,-0.014846607634806197,18.48165970671876,1.3908292309793746,7.164050943634533,12.34640773983631,0,NORMAL
222.4,13.227378975660606,-0.8289119644147618,-5.563746385780486,-1.6337487381032831,-8.757975230114358,-0.03854832426036427,20.7205548456368,1.566489845324929,7.488542850072196,12.32644625543708,0,NORMAL
222.5,13.137051868966322,-1.4900096268855703,1.1750008562419783,-1.3869892218642088,7.869123585974524,-0.08500361790468466,20.937834911522945,1.5938001250481795,7.4491048770235615,12.345239463366614,0,NORMAL
222.60000000000002,12.956611349436882,-0.5939117931663661,10.191430528577463,-0.05992402090837834,5.38793494901381,-0.030770710104511573,21.407513157059114,1.6522462995688703,7.133090224142811,12.338382446765669,0,NORMAL
222.70000000000002,13.005682374935063,0.5482764788299221,-1.2345688515140667,-0.30940223206144657,-4.846268414495659,0.009515293123495387,22.03099794516247,1.693951713569544,7.142217457969833,12.360014626287079,0,NORMAL
222.8,13.044105731002988,-0.8408255634691795,-1.3695589469316651,-1.0291777038075103,-4.015118118007368,0.0019990177738354147,20.99148588675011,1.6092698357126878,7.497856237313672,12.385882625495219,0,NORMAL
222.9,12.855871906889332,0.2743646894435891,9.758573196304129,-1.11242585566292,2.020844019671404,-0.028998372726820487,20.522268156163037,1.5963342124749516,6.8477235670371535,12.353625213464385,0,NORMAL
223.0,13.10161180425784,1.1108890757916465,4.322756660749152,-0.6250088998732295,0.7390259100621971,-0.012221416253841433,19.8153883082323,1.5124389734851231,7.522222083062239,12.276652661607935,0,NORMAL
223.10000000000002,13.08796126444802,1.1389160215934198,-14.092863713796007,-0.9646206736504807,0.4177794099545856,-0.0016306313972806567,21.71190537619133,1.658921885348888,7.393401824847945,12.371373247207778,0,NORMAL
223.20000000000002,13.326684550418484,-1.707683666967555,-13.749519093198689,-0.5414530178823124,1.6224422302231538,-0.004456107818770269,20.470810835680684,1.536076790760224,7.929166973887578,12.327767011489414,0,NORMAL
223.3,12.77045019000163,-1.610987797046318,13.800657738997847,-0.6401322276058499,-4.492473158484408,-0.0046510568127960256,20.79228772225521,1.6281562053727845,7.441485032772572,12.300559017981696,0,NORMAL
223.4,13.015513770910887,1.0524478808320146,6.798599859471329,-1.439947649579194,-0.12746701165644747,-0.042791000074893455,21.018898574468608,1.6149111701948287,7.671257186680013,12.337448965395906,0,NORMAL
223.5,12.99066815515224,-0.2512678251520521,-7.122246645351106,-0.6656256299371394,1.939023287293442,0.0007764473168774023,20.7545216244291,1.5976485101882638,7.054528123206866,12.299371287831047,0,NORMAL
223.60000000000002,12.977132865828953,-0.3720014482382068,-0.7645176503509196,-1.0521429921205057,-4.497524125218994,-0.03571565713485154,20.943031836879776,1.6138412123394699,6.939580944826651,12.33161114763247,0,NORMAL
223.70000000000002,12.88987185327906,-0.404171355222236,9.334325716072511,-1.5651304549809382,-3.0604553163298176,-0.05253915824230781,21.340305748395075,1.6555871145426715,6.999870094883211,12.329252593591827,0,NORMAL
223.8,12.907302962713963,1.4948636949762957,0.5478016645084649,-1.6642340553864692,-5.809427190619005,-0.05378568004584919,20.872703936849234,1.6171235770280874,7.553878277584411,12.35267398729211,0,NORMAL
223.9,13.20932121778242,-0.29461102232054304,-6.532458104282728,-2.7270158931047392,0.39310558766409986,-0.07874800530611131,20.165046274022988,1.526577024024274,7.203504924204705,12.385235287751582,0,NORMAL
224.0,12.8565596366991,0.1883720741197499,0.8250319922165739,-1.5856129378536492,6.965273431828054,-0.09695156669277682,22.076989751885602,1.7171770968079787,6.956202174992517,12.323868223000424,0,NORMAL
224.10000000000002,13.248685678736384,-0.12960462387722826,-11.09834543937802,-1.3339612067391284,2.9960851201050365,-0.060654690101898515,20.439418965177772,1.542750689450066,6.738269209696316,12.342345462503012,0,NORMAL
224.20000000000002,12.848857597918208,-2.031297013755854,1.400795735553342,-0.9863959138326419,4.731776132850432,-0.053269944664778274,21.06068570438561,1.639109589618138,7.631016903505145,12.317946071869558,0,NORMAL
224.3,12.813983306277729,0.15055452323344015,15.077099069351823,-0.3876059801690419,-0.9594782918737499,-0.0024340929448948808,20.990568787466767,1.6380986525230783,6.781593914290737,12.380534894096655,0,NORMAL
224.4,12.863830619124288,0.9841228001145104,-3.2893360091946997,-1.178291572207392,-7.509840767577192,-0.03511056567479659,20.748600930661425,1.6129410861345668,7.271139311893405,12.33261821226684,0,NORMAL
224.5,13.003747027491562,-0.5073126786054998,-14.177526341853035,-1.8895741336844802,-1.2645499842220398,-0.07928496816507108,21.265575553375577,1.6353421447231684,7.130639757883414,12.385093637862349,0,NORMAL
224.60000000000002,12.740820886714488,-1.8513824682560969,5.213944441082559,-1.4312015690517998,5.157832565905627,-0.07642871744198837,21.085283680478067,1.6549391807606981,7.864459951857532,12.305969615405072,0,NORMAL
224.70000000000002,12.627148168027768,0.5354762096110119,16.154470707463542,-0.8580076205033547,-0.729840428503773,-0.02273035919238993,21.100969896621258,1.6710796147976947,6.70941146871233,12.371250115616803,0,NORMAL
224.8,12.884558253921892,1.3795116732366117,-5.6459049646549015,-1.5771696547525544,-4.807293294874569,-0.05038302962640748,20.6374507491763,1.6017196975219952,7.470801322989042,12.33681593340096,0,NORMAL
224.9,12.899724659741263,-0.5937047833199685,-8.649080653069769,-1.8194662794782686,-0.8747702931020329,-0.06710630205264839,20.197862409667934,1.5657591880781316,7.154197634371341,12.366462948078599,0,NORMAL
225.0,12.759321607693652,-0.3503044573773423,-2.591872242462253,-1.752123713372961,2.442229359774076,-0.05309328908375356,20.840707331774382,1.6333711127092991,10.22245662039181,12.36429395486651,1,OVERLOAD
225.10000000000002,12.800649221531993,-1.112079231812419,-0.06316151357535466,-1.3310204075234533,-3.124811240061159,-0.009996304954581925,21.202437181446015,1.6563563936883265,10.627075081694699,12.37383987978139,1,OVERLOAD
225.20000000000002,12.541453065434176,-0.3629367600924132,17.696711262357717,-2.377085961385193,-4.038292151778129,-0.01825159156207346,21.123757079698066,1.6843149648997053,10.40591293683741,12.368971892337445,1,OVERLOAD
225.3,12.704081799136487,2.427263020659124,0.5451344217960143,-2.138678837879079,2.8259192291879485,-0.05083524162363244,21.52991721281099,1.6947243849039453,11.389725359441863,12.314679954341452,1,OVERLOAD
225.4,12.993857342671832,-0.25390987573321033,-9.09607825551392,-1.8119021155476032,5.269128258836605,-0.08388748398711264,20.536482035304157,1.5804761814540123,10.543891563422807,12.341404672620662,1,OVERLOAD
225.5,12.637713293028101,0.60804736955634,5.165349428513,-1.084853186111758,3.452885299298135,-0.06949712852725146,22.45495740343054,1.7768212399483978,10.29341505444529,12.349927941952723,1,OVERLOAD
225.60000000000002,13.117831121148054,0.7791600099693898,-11.866781589377863,-1.1213250556879761,-4.661606304257851,-0.033747817643536966,19.194394844090997,1.463229299632204,10.836950949001935,12.339837749665094,1,OVERLOAD
225.70000000000002,12.8001449652374,-1.7653089483192328,-5.289032950159954,-2.0171744469633284,-0.6470803232782707,-0.015502207816137197,20.587696412172384,1.6083955664630671,11.050176916500817,12.32298881030318,1,OVERLOAD
225.8,12.741338292897774,-0.27864658006260107,4.894044440350763,-1.2507411203436303,1.6562387862803174,-0.02142633874461682,21.711467569513314,1.704017825318682,10.191700238293214,12.368373722695784,1,OVERLOAD
225.9,12.739752085260838,-0.7865000602490801,-0.7601159453174802,-1.685926689707265,-5.743324458655703,-0.01214849805089066,20.06576011669963,1.5750510671172764,10.762550264170702,12.355307625332786,1,OVERLOAD
226.0,12.618727399524385,-0.4306697691260971,3.919194774545881,-2.399406012074771,-0.33520215565659317,-0.04094832944900222,21.76596065265429,1.7248934827988023,10.291559239517944,12.386399785093536,1,OVERLOAD
226.10000000000002,12.657782909614982,-0.0026611053399039214,-1.5533084428413269,-1.7529671208385835,0.09451435379475681,-0.0770761713670717,20.883625262388534,1.6498643886936248,10.169413531959528,12.383152985370856,1,OVERLOAD
226.20000000000002,12.632768389046156,-0.7413314576943625,5.330148377582003,-2.3805031413158195,-2.9977743057061335,-0.08021430783390249,21.010543839539128,1.6631781089058295,10.486767330663717,12.366502322582294,1,OVERLOAD
226.3,12.513980924837133,1.0633685701764968,5.36877645258883,-2.35252198197981,-2.8377697918102163,-0.085559957368215,21.364723692475142,1.7072683601484073,10.450310808182223,12.323367947008165,1,OVERLOAD
226.4,12.859568510348641,0.3324238328234036,-18.594369958474715,-2.948057099677863,-1.7171200444785217,-0.07582589044139058,20.954584935952802,1.6294936271842837,10.477814442271534,12.369863879456208,1,OVERLOAD
226.5,12.573078735708762,-2.6555054215184466,-2.673554028576322,-2.6959459908755146,0.6514652263751564,-0.05565121979491719,22.162354974377866,1.762683225027028,11.802721034583165,12.27515401780088,1,OVERLOAD
226.60000000000002,12.351371028398514,-0.20228697289186082,14.156195567114262,-2.8177640544028315,2.4580735857235236,-0.061836051678366095,22.063967015372164,1.786357722121881,10.189892760853468,12.351968431042687,1,OVERLOAD
226.70000000000002,12.521968975244846,0.17573369190440583,1.4304119617610556,-2.20433127373081,7.96454719875618,-0.10953958922317127,21.679799958595957,1.731341133447589,10.198541375825144,12.33199107398232,1,OVERLOAD
226.8,12.412680190741757,0.08379541946035032,0.09188009324212584,-1.2248546146515955,1.6543267403287054,-0.035272142215964065,21.418993633524178,1.7255736315111025,10.27541481377062,12.350528307841428,1,OVERLOAD
226.9,12.563910536700957,0.194109710552831,-2.263545095806932,-1.8734659256650688,-5.971926939819296,-0.032745439631994645,21.708983167844746,1.7278842526321514,10.333733909746751,12.322079579587651,1,OVERLOAD
227.0,12.471337810222334,-0.3689135997010361,3.2267613436686835,-2.419240002615455,-0.5600133374476768,-0.05367702303000424,20.92031666461076,1.6774717342243013,10.48591215480494,12.359493295685391,1,OVERLOAD
227.10000000000002,12.481861595736762,0.8394619792865677,8.42766495655397,-1.9854685931546041,3.8868025853605226,-0.04771387413315932,22.504475815454807,1.8029743113912844,10.675769092160674,12.343532799056197,1,OVERLOAD
227.20000000000002,12.630811259410585,1.3166193916097582,-6.7245344509075,-1.6418794855433503,2.283553086143222,-0.04095564437829013,21.652896526331997,1.7142918282623776,11.175863175815993,12.405872315342593,1,OVERLOAD
227.3,12.750984721843517,-0.5054449108949322,-6.615619099719812,-1.5287579759259597,-3.002776236440654,-0.04776622804290918,20.76012011463546,1.6281189702213048,10.642447014226981,12.324764883996087,1,OVERLOAD
227.4,12.506766470394432,-0.00650442833420424,9.808294795482455,-2.242434732831481,-7.008151593080154,-0.07209649755644212,20.73979250152391,1.6582857408122558,10.29311451450324,12.35072686731949,1,OVERLOAD
227.5,12.751968261013147,1.456214048201559,-4.398694179194992,-2.9303882945419906,-3.871091420343291,-0.059251942190202744,19.987830812876872,1.5674310352532852,11.053464184369794,12.339519487678688,1,OVERLOAD
227.60000000000002,12.770541468997912,-0.8862432641732028,-13.106318437283733,-3.0166530169001393,3.076833235447465,-0.06312386577308313,19.611350627575735,1.5356710344024758,10.748018062874017,12.329135263171754,1,OVERLOAD
227.70000000000002,12.544098152659265,-1.1650496392551872,3.487726640822607,-2.3150216474524976,6.787653577361377,-0.10937780832417163,21.482395232742558,1.7125499953289536,10.903797413751542,12.327426394417333,1,OVERLOAD
227.8,12.5454535028706,-0.18869793600868134,13.11248789988841,-1.6591223014278638,1.8033785994567963,-0.03576583565169968,20.83348353857026,1.6606401302115723,10.120181975066085,12.357331087496513,1,OVERLOAD
227.9,12.482908342420956,1.4574479407224952,-3.9818079346193263,-1.9543459275611383,-2.9618055662321727,-0.04903807729621673,20.876431701905503,1.6724012649328397,10.727931872254665,12.32802480002481,1,OVERLOAD
228.0,12.820696203758281,-0.9850595229325466,-10.35363850671292,-2.2514834146742984,-3.706558292347094,-0.07823092742009895,20.814946063390927,1.6235425699650536,10.455458335856905,12.360753400799075,1,OVERLOAD
228.10000000000002,12.302186933175832,-0.6132797606200889,10.190362222162133,-2.695657586030557,3.3457978478041017,-0.09085917323710645,20.983933744219947,1.7057075996489435,10.433477393230392,12.387264632201042,1,OVERLOAD
228.20000000000002,12.714433051257144,1.05301292149988,-4.984207334386846,-1.582323845113478,-3.96589558424006,-0.057704657216129766,22.064424600453098,1.7353840719049183,10.964113186779993,12.370922903292342,1,OVERLOAD
228.3,12.47395188344094,-1.6101212274974581,-2.903394981053198,-3.488836702878569,0.6463592576697397,-0.07834494459593477,21.45900467085287,1.7203052305612554,10.735770001922765,12.316770500949673,1,OVERLOAD
228.4,12.36150819419754,0.4723339252892404,20.74798273758365,-1.45305199357953,2.9516005947874713,-0.042452449525834365,21.609378172611617,1.7481182581551822,10.663824974956704,12.323343514081747,1,OVERLOAD
228.5,12.571623029977735,2.5394753200192723,0.15011288954095675,-2.898516583921075,-4.115653858204322,-0.03836820776388752,19.903026374261824,1.5831707908200834,11.743730926428116,12.311412210611294,1,OVERLOAD
228.60000000000002,12.86218276882049,0.5023565031974317,-26.610270856990194,-2.2761827652203945,5.403259628025096,-0.05723613693004874,20.259615002279784,1.5751303932168945,10.57401448805852,12.34849040772962,1,OVERLOAD
228.70000000000002,12.648071437527603,-2.782578851378767,-7.365684809802727,-1.8178646583160556,3.0221678636514193,-0.055397940447060465,20.43533191152791,1.6156875783366489,11.683449865601874,12.326949671044295,1,OVERLOAD
228.8,12.291272523445036,-0.9707804587631137,17.265848760082328,-1.6717491924901107,-4.885595260900139,-0.018228578979817032,22.404276789913997,1.8227792726244472,10.487917352479172,12.36381648634824,1,OVERLOAD
228.9,12.433849246535685,0.6705909006376987,4.877932799481071,-2.7949837104960835,-5.39629350495739,-0.0941100620054453,20.962602671140107,1.6859302582408824,10.350902686859552,12.36099855580384,1,OVERLOAD
229.0,12.440007654158439,0.004806101133100565,-5.871134844619328,-2.7510078934815887,0.6170004104434468,-0.04337933667037239,20.846372698629423,1.6757524012986367,6.719990283146694,12.339534614857518,0,NORMAL
229.10000000000002,12.46725319112818,-0.5036360682861668,1.384645177390436,-2.671583628407394,-7.881382380123441,-0.09860281511132417,22.384643972666503,1.7954752044817408,7.056587062111396,12.339424942222298,0,NORMAL
229.20000000000002,12.332147913330889,0.28173513661118776,4.425490620154419,-4.327284369506277,-0.2809130602693144,-0.12491650584182959,22.06932500431094,1.7895767354893863,6.624712357257462,12.38629839515811,0,NORMAL
229.3,12.55316899017503,0.38146205574471714,-4.02510480560719,-2.727766240461257,7.1989130995869965,-0.03589865734590382,20.863528127868847,1.6620128466523532,6.756214760631178,12.385162481498233,0,NORMAL
229.4,12.407420705125144,-0.5232858245102503,-1.9814227929936636,-2.8875017495888775,1.4287940344988082,-0.05920857605301108,20.719497189044468,1.6699278344358748,6.579557122057344,12.353195998826338,0,NORMAL
229.5,12.45286400080549,-0.014822502854015616,7.284398762078325,-2.4420074335614954,-1.9152292580715247,-0.03515671391164073,20.716342004622394,1.6635805227843488,6.6439880156332585,12.391036521036119,0,NORMAL
229.60000000000002,12.411118444020232,0.9335939279054148,-0.7347438980054884,-3.2705476012031824,2.073910013906799,-0.052733407032181996,21.14492340351274,1.703708130648009,6.820858588533101,12.365761638304757,0,NORMAL
229.70000000000002,12.647915312897629,-0.16177128245511332,-2.9424663848545656,-2.0272254307801356,2.404754234217721,-0.05053651280077992,22.384753166576573,1.7698373694635563,7.040070291485254,12.352390800711982,0,NORMAL
229.8,12.349153801098547,0.3451006509345017,6.168548974592576,-2.7895967543596383,-1.7741306274927737,-0.03812293074096597,22.021389108234686,1.7832306134429814,7.024289320586701,12.362929309957414,0,NORMAL
229.9,12.719071416845857,1.0719385124634018,-1.2876350165086192,-2.3820515562786904,-0.09270731480861327,-0.05822851007509658,22.53953497048134,1.772105386610905,7.171337601658832,12.378304194940826,0,NORMAL
230.0,12.552822376142977,0.08757364763277786,0.29486917133281776,-2.808138217321361,-1.5290269850312632,-0.098224510172896,23.00774475642185,1.8328742387169257,6.491010064149538,12.354823949101245,0,NORMAL
230.10000000000002,12.74364721611959,1.1309123467299653,-4.332840020981783,-2.687856953284943,-0.17827850178723237,-0.06473626054775311,20.988244413879414,1.6469574257620012,7.430534268279199,12.364359986552044,0,NORMAL
230.20000000000002,12.758392346337263,-0.7789943565635786,-9.84746172074853,-2.8437939176788074,1.7288214460702567,-0.08404458525709396,21.461386967821866,1.6821388138281463,6.953299532152914,12.391068276987687,0,NORMAL
230.3,12.555031346219474,-0.8385799974197411,-1.127382129114891,-2.3420926640708917,1.173596325842099,-0.046874185221891,21.31216557265089,1.697499989043702,7.30861833250954,12.319710124396467,0,NORMAL
230.4,12.565570982964953,-1.0044707823865568,5.8478346256665334,-2.6090746525103876,-5.178093882130758,-0.05259517353112783,23.029834965933908,1.8327726608806936,7.078226579944825,12.37435409458837,0,NORMAL
230.5,12.340790171019083,0.3309869277135657,6.198949159300962,-3.3777114404970434,-1.8470698825308163,-0.07197965471298881,21.81680406116133,1.7678611951765917,6.720028500660268,12.41406345787996,0,NORMAL
230.60000000000002,12.639236357185492,0.23531904947363538,-1.6897977660207113,-2.978488629016551,0.40123255585287954,-0.10513949130412903,20.667837076083014,1.6352124837299373,6.364506530954989,12.3457228638607,0,NORMAL
230.70000000000002,12.389107579990915,-0.006972625490576603,4.199695037532701,-3.2974649293264675,-2.9927844428093886,-0.08165820985003751,21.964156599570494,1.7728602692129178,6.230985642853628,12.371742958148646,0,NORMAL
230.8,12.618015831266028,1.0752580569801755,1.643446715292327,-3.5770455175784286,-2.959279280628402,-0.09520632668028425,20.136339121651982,1.5958403754539912,7.220186951448104,12.399368749861218,0,NORMAL
230.9,12.606435200152996,0.32171671756788883,-0.09842942475354555,-3.889320785452148,4.1272604873532766,-0.09370656345748075,22.412306439247224,1.7778464794690907,6.982032514902769,12.350304741794792,0,NORMAL
231.0,12.705702305361202,1.0555721720294664,2.919117108201854,-2.751593420107773,1.4044936019712728,-0.08921053600570233,21.18690386734033,1.6675114336970154,7.472865556887245,12.329013576765234,0,NORMAL
231.10000000000002,12.847733220495124,0.9055401392082597,-8.205576308809782,-3.6084220650578933,-8.62265823440372,-0.11604383942067964,21.989313846519043,1.711532569141533,7.138756923459481,12.316141622443007,0,NORMAL
231.20000000000002,12.884477620417695,-0.58554308973249,-11.329229225250298,-4.4761250669885175,0.02227126929690959,-0.14691100827358092,21.826182135027206,1.6939904572025355,7.1207848545529,12.371910549220553,0,NORMAL
231.3,12.71261015240914,-1.3603057058418,-6.5802133427298815,-3.6039678111985114,6.6232737441663,-0.07799607384130255,20.854473674141687,1.640455691169732,7.266172297651764,12.401549506425045,0,NORMAL
231.4,12.607721884557892,-1.9015857582784663,7.4951507500446874,-3.1514703181552575,-4.15808980949498,-0.07316706941749837,21.141944059041023,1.6769043807141688,7.607641715335313,12.341974514929774,0,NORMAL
231.5,12.351073890848065,0.13872444416713747,21.65137273044187,-4.4355857730975075,-3.303540589546392,-0.1230107348476366,21.497742868204444,1.740556574933448,6.546398532760471,12.350510310694819,0,NORMAL
231.60000000000002,12.66102182578565,2.4286887878099086,0.44449892434151594,-3.812178436064536,4.933046526072566,-0.06167817739363717,21.500538445255064,1.6981677104028607,7.947524297218322,12.372078643343668,0,NORMAL
231.70000000000002,12.835412051555874,0.22762422903544066,-12.15076738163169,-3.448976467882994,-0.6271007700215669,-0.05662373687837624,20.344429565811094,1.5850234869043411,6.90682398031343,12.34767104692079,0,NORMAL
231.8,12.700809366176424,-0.0014646885164295853,-0.5909375065890027,-3.9375985900688493,-4.941391966502142,-0.1304619074206341,21.998396526251742,1.7320468241052227,6.64852555184073,12.397366271148956,0,NORMAL
231.9,12.800917151246006,0.10943672771764011,5.459547791444567,-4.437254861183423,5.1268091498496515,-0.06278102570998151,21.03378005715762,1.6431463315197108,7.050952083218832,12.390030849758043,0,NORMAL
232.0,12.701337374088183,1.090444869772484,2.6306403963653833,-2.912236760098919,1.2278359931844118,-0.04387477842570136,21.460832839786207,1.6896514286415338,7.219426881691956,12.319108711548436,0,NORMAL
232.10000000000002,13.02508690192903,0.6355648069907168,-7.6029712514353225,-4.19168766254654,-4.814363137136364,-0.10666689071447089,21.42010063724267,1.644526504776742,7.013237152739648,12.36555458157841,0,NORMAL
232.20000000000002,12.870205192638636,-0.43014938051458057,-8.876969195444438,-3.8751093875261917,0.45444487023693636,-0.11138708971360738,20.966387725013377,1.629063982368013,7.055207291759185,12.31606629496027,0,NORMAL
232.3,12.920989025323363,-1.139829032098171,3.816883614110058,-4.100798688499153,5.905746950976833,-0.13192128391388974,21.975958566492967,1.7007953898438508,7.258432411208503,12.357170854396626,0,NORMAL
232.4,12.639258130567281,0.33322734230743106,9.018035641349291,-2.693959997330825,0.6926796830340143,-0.05925643531816504,21.49439316199579,1.700605600419925,7.451557798740994,12.359536843062958,0,NORMAL
232.5,12.954415309584826,0.6637780961716873,-5.894704435784348,-3.96226275189235,-1.1985585950280653,-0.10251136069560103,22.424191573989752,1.731007616947277,7.09281762286075,12.35332983078537,0,NORMAL
232.60000000000002,12.803084317211743,-0.8457135448494385,3.4194281975814333,-2.933671716336438,1.1472593299301992,-0.07065303761174471,22.85135964184417,1.7848323947319547,7.234120405509304,12.339089475268523,0,NORMAL
232.70000000000002,12.799356336974029,1.347663735687974,9.588711817192644,-3.7328108859063103,-1.5137124112639477,-0.09392483184836772,21.47958956385875,1.6781773237932107,7.430854662665849,12.377698900981695,0,NORMAL
232.8,13.049526753214813,1.0720288185890905,-5.800197827047544,-3.2364141985892276,1.8626734003746237,-0.07090939366125291,21.686237112204584,1.6618408868246564,7.375371968568789,12.356677563854122,0,NORMAL
232.9,13.00150879075449,0.18762417027846515,-2.4637509049892814,-3.3602762058313855,0.8451326985457985,-0.12667778238335914,20.834848769913133,1.602494687749549,6.976382786471546,12.399103560695455,0,NORMAL
233.0,13.08818300359234,0.5792786375912342,-3.652237322101307,-3.067387658880068,-3.149892213076322,-0.08814356680709559,20.392448733882688,1.5580809596172007,7.2857828781703455,12.328837006801153,0,NORMAL
233.10000000000002,13.1172333970003,-0.5428232941417963,-10.14709192374693,-3.99025464844665,1.3132707740252458,-0.09053498610208661,21.534785214038227,1.641717011680442,6.79364040144339,12.352630689628462,0,NORMAL
233.20000000000002,12.995934556021492,-1.4501397471581516,-5.6227047592171635,-2.8047335040750188,2.419376809570084,-0.0821533217832404,21.50581097511282,1.6548106550096768,7.839785389254206,12.328295750590295,0,NORMAL
233.3,12.832941338379243,-1.6673642459852291,12.08959339973827,-3.506379286532633,-6.705481263304911,-0.10506324957793747,19.511721881481918,1.5204403547866745,7.8986097827451776,12.32435327956591,0,NORMAL
233.4,12.68049845350991,0.9677789327895022,21.618578471747504,-4.145829756736001,-0.9000563610047196,-0.12869047592777377,21.296397281742593,1.6794605795522048,7.199109654359667,12.356994189456938,0,NORMAL
233.5,13.012943388316996,2.6563514483642723,-3.609324186418231,-3.686390558733577,5.737111529554739,-0.08681812409522525,22.7211887830109,1.7460453108103084,8.329329459303368,12.247662787451949,0,NORMAL
233.60000000000002,13.20459394290757,0.2459140955058559,-7.499149175463177,-2.998407450825053,-0.5777121515386918,-0.07924654154370625,22.902750565679007,1.734453226256192,7.322719939738988,12.307009069523714,0,NORMAL
233.70000000000002,13.067186081400074,1.1565216132716367,-1.5679968205459387,-3.8019329890413154,-0.44213094487296933,-0.09723832625094932,21.480337446275385,1.6438380315751875,7.382943841830986,12.324053092037396,0,NORMAL
233.8,13.432772041881545,-0.06768526860333182,-13.663300288692856,-3.086833639799647,5.549014020756284,-0.08716117927887346,22.658433505905897,1.6868025032554712,6.858395390139187,12.392304010607544,0,NORMAL
233.9,13.077945155966749,-1.5761384444669346,-0.09267358118125194,-2.6921301848900585,-6.861240922173157,-0.040535046594630156,21.68220175959182,1.657921141357549,7.706026249033174,12.335075866655039,0,NORMAL
234.0,13.134893510222508,-0.08621998483958221,8.759679547803879,-4.4590818242342785,-0.44169966658532456,-0.09077036412247204,20.723647858339657,1.5777553005824556,6.815404789353558,12.372168228126286,0,NORMAL
234.10000000000002,13.085704835118694,0.1757974650938414,3.5992564367363653,-2.7804701182071234,9.305905838934843,-0.06890415005962508,21.602988494914694,1.6508845925469589,7.2398095116780485,12.337170953530913,0,NORMAL
234.20000000000002,13.164419027020852,0.633631302507691,-5.474349319487802,-2.59790065644731,-7.761305167768517,-0.06362343015924636,21.452312336428758,1.6295677228441643,7.381702640157347,12.326670509737285,0,NORMAL
234.3,13.196641453630912,-0.9190723988037192,-3.004583078802747,-4.332731151760827,-4.349616458386252,-0.09714940462730016,21.959483840291746,1.6640206462720735,7.174976321246552,12.348077529758438,0,NORMAL
234.4,12.976979366007274,0.03271468674714145,12.547699502232149,-3.4678239481245603,3.199707852929934,-0.10235214842588437,20.93265176374054,1.6130604182490158,6.948887926496856,12.361763669600874,0,NORMAL
234.5,13.208912746455383,1.590467501642711,9.550495468473033,-3.69278958117484,0.20757689818705183,-0.09423733557101809,20.409068014548634,1.5450982534520425,7.7743993392235415,12.318905474434981,0,NORMAL
234.60000000000002,13.305581315421287,1.942813780441748,-4.524305802078488,-3.42630856848715,0.3918354408546154,-0.06587851794371273,21.313950827302016,1.6018804682061472,7.693427936373832,12.340153238672759,0,NORMAL
234.70000000000002,13.576075439319506,0.6856063412270134,-8.319732972100736,-3.614422493003917,-0.8064011135737359,-0.06075501727159776,22.728746225788715,1.6741764825467103,7.422612824889648,12.359111309648693,0,NORMAL
234.8,13.481566617185525,0.27886718602160077,-0.5618779991742057,-3.587588791201897,0.12121458959900355,-0.06294938126112362,22.291528936482372,1.653482089245208,7.065981660110362,12.371716237190745,0,NORMAL
234.9,13.647210283754296,0.5732307413921722,-3.940391812289952,-3.5901795750841163,0.42220102449601615,-0.09417537344509946,21.274995526301467,1.5589263361485184,7.40020809209858,12.336845704604839,0,NORMAL
235.0,13.60972571245092,-0.5092111764363897,-11.777339718593641,-3.503148586302694,1.2274022292581188,-0.0601016641624456,21.22129385006996,1.5592741763087525,7.462119280194065,12.366498166233713,0,NORMAL
235.10000000000002,13.553328023896476,-1.7822372023265562,1.6703848902220497,-3.3446991292324926,1.6753602399148426,-0.06998593304046462,21.241654118404238,1.5672648135536993,7.961943330723811,12.304164957388728,0,NORMAL
235.20000000000002,13.278941860925839,-0.17513419839197975,17.94944575664398,-3.1680765383197254,-3.08910611528711,-0.05976480072848127,22.250218662780213,1.6756017833207741,6.710655818311798,12.351373280317686,0,NORMAL
235.3,13.520136466477794,1.8076519490022394,-3.7996720242305746,-3.9625203522899146,-2.17285858201947,-0.10850255835978671,21.646166524918975,1.6010316595981917,7.982646567435467,12.307598828532646,0,NORMAL
235.4,13.627400010216816,-0.9350686032380947,-12.481352839431352,-3.6026482547236194,-0.4350667943466635,-0.10306460790438446,22.04847056527109,1.617951373610577,7.693872831340876,12.37526252178632,0,NORMAL
235.5,13.335710290041726,-0.6886186188840313,13.810783966012163,-4.049533711159247,1.8484858662844128,-0.121150837884427,21.411739188955913,1.6055942070775833,7.2110278043242655,12.387843357959035,0,NORMAL
235.60000000000002,13.513777175118808,1.8270881899643379,9.518565847256232,-3.232951081466737,-1.7819086058508926,-0.11014222935998152,21.21499952280098,1.5698793348362625,7.722491408386032,12.313586708337068,0,NORMAL
235.70000000000002,13.693395599297826,1.2150945505672153,-5.334402334664327,-4.405915432329426,-3.511752357240119,-0.12421849706481639,21.434536048237387,1.5653192732806547,7.775867779620697,12.317946149990494,0,NORMAL
235.8,13.744983611431168,0.7602077230314723,-10.225998209021682,-3.9353015529147606,8.733660452824438,-0.09653497297651743,22.38157624849508,1.6283450661869974,7.36954606560348,12.379139080916751,0,NORMAL
235.9,13.82793292872734,-0.8301050912371212,-6.534697269839493,-2.659183341764538,7.788915628485952,-0.07078540445082189,22.209631833349732,1.6061425773341387,7.921322433582609,12.299192531113551,0,NORMAL
236.0,13.583181799744882,-0.5467317309364265,5.957003753912509,-2.37751842721757,-3.001135867222635,-0.10103985404210131,21.945938139476347,1.6156699117351527,7.387464433537315,12.347351900544204,0,NORMAL
236.10000000000002,13.729756793677685,0.36129565954538045,3.6061926214569544,-3.259410515209065,-7.430725758136747,-0.08635207046793224,21.870278689581145,1.5929108591094656,7.205449393757245,12.310676130531952,0,NORMAL
236.20000000000002,13.6725361346415,0.1745067933549644,2.4074501078327284,-3.8636635788449194,6.1995834928410805,-0.0738103965601916,21.85040832112789,1.5981240134203396,7.3448829727657845,12.32896886402185,0,NORMAL
236.3,13.788633621383736,0.8427856811119262,5.858908170020887,-2.019493816640849,5.4240346428335995,-0.07537956171415867,22.211077024050518,1.6108250921690355,7.2259683762700595,12.362578888064771,0,NORMAL
236.4,13.825102702561207,1.3462884273591418,-3.2662737457239825,-2.7788566502781995,-10.677674512281698,-0.07824022484859611,21.291837651108427,1.5400853150381262,7.562641505613165,12.318835605946582,0,NORMAL
236.5,14.010325311179663,0.1895309319671297,-13.109267950370091,-4.155028719097189,-3.2358390861133812,-0.07975043499591292,22.42895961816471,1.6008878537793354,7.493892714956932,12.38324661798071,0,NORMAL
236.60000000000002,13.83857654612758,-1.2755651627148765,4.751674745678956,-3.4260244675008757,4.657905299349234,-0.08322892727644965,22.50846110288816,1.6265011815240964,7.957227944282787,12.315624378376762,0,NORMAL
236.70000000000002,13.757688694731018,1.139865881102921,14.371504029859922,-3.2234476592273418,-1.2050662913779742,-0.10134376570563729,22.02409793118566,1.6008574128894595,7.765212672392106,12.338007480635465,0,NORMAL
236.8,14.059339778904466,1.598735643257108,-4.286458706952709,-3.6670377257764706,-3.0595547956196656,-0.08875618011970345,21.517758814031076,1.5304956813347452,8.227386055326079,12.328706635255266,0,NORMAL
236.9,14.062524601206139,0.282574139712379,-12.9400894710233,-3.835358618351275,2.1050230982568308,-0.09501624426576248,21.741557182864703,1.5460635838460994,7.060896843757577,12.360358515687526,0,NORMAL
237.0,14.117581095814902,-0.9892822509475524,-3.676391029719671,-3.2460331061251044,2.279680559681252,-0.07350092794315649,21.812331044072124,1.5450473346696976,8.098974869886273,12.350398398499456,0,NORMAL
237.10000000000002,13.858208731326389,-0.4527040662315553,14.749254706713844,-3.3794225064150245,-0.05493403061778812,-0.06942398350316564,22.477503928472856,1.6219631529768064,7.114667618692898,12.34746677328435,0,NORMAL
237.20000000000002,14.013929301000283,1.9605686903952164,6.726209543909743,-3.257019912248662,-1.5864856494688828,-0.07332813635204291,21.802214701781434,1.5557531534160973,8.464763098716816,12.319491805772799,0,NORMAL
237.3,14.27719180135983,0.8925378425503934,-17.879890215657397,-3.696719636308801,-1.0164330763982576,-0.11341162080176545,20.733516042821734,1.452212475064387,7.801514695099172,12.31725145547921,0,NORMAL
237.4,14.15589388600843,-1.615409352736263,-2.7543511262877196,-3.4603065275283136,1.9443461848228738,-0.07511455974076997,21.246033977156614,1.5008613478062323,7.818496637729839,12.34324641908556,0,NORMAL
237.5,13.958255731219774,0.3416676172928494,14.193543863219613,-3.3078503993442263,-0.7131921398014041,-0.11762398799004832,22.038112671677368,1.578858640796053,7.6954503673934145,12.380357361040009,0,NORMAL
237.60000000000002,14.213474609723162,1.2232994199076597,-4.996049075532159,-3.6029449554885944,3.4042814269424615,-0.08851671673120717,22.22252642359,1.5634830352029476,7.842672294084886,12.284315161652922,0,NORMAL
237.70000000000002,14.212021592559324,-0.6575421978135825,-1.6520858972503139,-2.626994113955734,5.988609024025162,-0.07014867624398231,21.314435797885242,1.4997469331910087,7.676155424103849,12.3188586049586,0,NORMAL
237.8,14.061411186305495,0.8928822404575969,3.0310123448982917,-2.405223150683562,-5.128375767889777,-0.07070087711301737,20.822410453992717,1.480819398430778,7.752306871403031,12.29536486479928,0,NORMAL
237.9,14.38155575455281,-0.05133972883392408,1.4718194744032398,-3.6526692675336894,-2.3231059178659397,-0.08859822547821475,21.95019525505661,1.5262740436206128,7.749788138541052,12.301893510401403,0,NORMAL
238.0,14.049857786659105,1.1872461353382449,7.0612673863836415,-2.86984433425675,4.31101342658916,-0.07342190817095515,21.578344323311207,1.535840764438249,7.862715259042737,12.342246512164163,0,NORMAL
238.10000000000002,14.584295353126565,1.3609137484428042,-13.722628237646063,-2.790466582215857,3.222170965082398,-0.06023970260848441,23.101136240560212,1.5839734235502723,8.299863749895795,12.25583467518471,0,NORMAL
238.20000000000002,14.32356577301707,-1.557279512190968,-8.299058366981546,-2.2254101412402703,-1.8342143026956848,-0.08199859454946617,22.03004658031297,1.5380280950581087,8.120875607172078,12.337900887186905,0,NORMAL
238.3,14.286950599320667,-0.2988979249535052,16.364275402867897,-3.157309442754994,-7.81750727346919,-0.040300848929091075,22.880624741818323,1.6015051345460856,7.370168226051575,12.362465466904332,0,NORMAL
238.4,14.259590799022892,1.7155755683826113,10.756126288913071,-3.7889115959341084,5.478961282305486,-0.12049249802518969,22.233873152921916,1.5592223834673744,8.329934670550179,12.252322449793771,0,NORMAL
238.5,14.626693363120125,1.8523273328291092,-10.154081695235897,-2.061517186293897,5.62969263270457,-0.004503043131019728,21.949176860462398,1.5006246672132504,8.519603800037011,12.303491567051902,0,NORMAL
238.60000000000002,14.617761800310452,-0.31524077066456824,-16.49254713765988,-2.6629730693931943,-13.679919027428426,-0.07808694741577607,21.242395346931637,1.4531906893215685,7.618458562642411,12.348858177703553,0,NORMAL
238.70000000000002,14.604848725700979,-1.4461820947028672,6.250785184909171,-4.797500991779582,-5.940280558687907,-0.11556577391333839,20.87287811713302,1.4291745508052975,8.420910334578338,12.267044251933358,0,NORMAL
238.8,14.32865787995339,0.9349162663172661,13.010930433954684,-3.8510291811307757,6.021496907889223,-0.07897854099561188,22.804865288104583,1.591556269900888,8.063762833030216,12.340249101578209,0,NORMAL
238.9,14.772629809353997,1.1560039920880696,-2.6496799110037883,-3.5932016102017377,7.018431983515032,-0.08399444945111172,21.239298760536087,1.4377466324301587,8.006280633857552,12.27471410724218,0,NORMAL
239.0,14.571147079830112,0.4049802841165084,-6.349923606593319,-2.4473427844277693,2.757840336429047,-0.05190061740801323,21.787809656556593,1.4952707248913872,7.553553066812231,12.313673371493714,0,NORMAL
239.10000000000002,14.831721688008525,-0.11398072923059442,-4.148105939905079,-3.0416335429159282,-2.5564744362343506,-0.07659783369740518,22.107505793399923,1.490555598226596,7.665723439763024,12.30729911982076,0,NORMAL
239.20000000000002,14.557403992472935,-0.42464090386450754,-1.405025396928862,-2.9586376716746394,-3.7102443422150277,-0.07275490906134649,22.73487940696707,1.561739951623407,7.798371085951282,12.326685021512242,0,NORMAL
239.3,14.749590376700962,-0.39498580861636684,3.727514633330805,-3.783682411358934,3.525065339249396,-0.12317048683911787,21.981168918708192,1.4902901272045168,7.703521996794755,12.322625890819113,0,NORMAL
239.4,14.476065720341383,0.32086202280165343,8.542557071564476,-2.2536246038247603,5.037164953881494,-0.0659124596194995,21.836104265651244,1.5084280969357393,7.226650839644281,12.361642447169917,0,NORMAL
239.5,14.835925781358569,1.3135256056965283,-7.420106023069015,-2.776249420582635,-0.845816346720929,-0.08969570345368441,21.967459964662854,1.480693573721237,8.329786312928515,12.281447446580376,0,NORMAL
239.60000000000002,14.752530024485878,-1.1631591818121496,-5.117772776890613,-2.422787873168946,-0.8216571796429517,-0.037346473137275765,22.428791448566322,1.5203352517391646,8.461981844163605,12.31291458936487,0,NORMAL
239.70000000000002,14.595305651935846,0.2899710503184057,8.40655273890639,-2.9405808565112252,-0.9829037763243487,-0.10252995475767224,21.414258851034134,1.46720180869894,7.5536775446730875,12.351368187861135,0,NORMAL
239.8,14.814601096277787,0.5181513659691285,-8.272622978938184,-2.619368628433816,2.7683412454469236,-0.10744511689172931,22.597903015105032,1.5253804586599922,7.698695688606054,12.316986549297503,0,NORMAL
239.9,14.724424550085867,-1.3645535454692312,0.6114704704426982,-2.3869126074218405,-4.736814524849482,-0.04139725599586404,21.467883589269167,1.457977764512636,8.275596661909836,12.332176688272462,0,NORMAL
240.0,14.537586597798086,0.6404454600576681,18.8909751687879,-3.566731533403712,-10.576203197857694,-0.09204149258886901,21.172262426038472,1.456380829349302,7.502677687543542,12.326660050931906,0,NORMAL
240.10000000000002,14.842519897724681,2.413641488288349,-1.5578660452273114,-4.502153246993379,0.9713178087647178,-0.09846771371501324,22.37948561587718,1.5077955610022726,8.886827108094492,12.275176899631374,0,NORMAL
240.20000000000002,15.02591028583028,0.3288722510122058,-9.340176765213739,-3.3724679716507686,5.775012405356854,-0.056177823893362185,22.44318034151317,1.4936319939749352,7.642970988897097,12.34780436089154,0,NORMAL
240.3,14.910461347992435,0.5456061352456012,-6.173310642505087,-3.3471507659220086,-0.08266577696937727,-0.08685394285281262,21.99247780493605,1.4749696398828833,8.015673552313485,12.32693451810637,0,NORMAL
240.4,15.118962593190084,-0.9057898774888118,-7.946739171725128,-3.389001127044644,4.343758993689963,-0.06954293684543275,21.276442763155227,1.4072686953229587,8.153076887080433,12.29723675774828,0,NORMAL
240.5,14.719947027481506,-1.0437416990994246,10.753968842583596,-2.478398967184016,-0.8938945575542911,-0.06822323276015457,22.99345327894717,1.5620608712802693,8.213449537388067,12.2780305583984,0,NORMAL
240.60000000000002,14.88195991337128,1.2450038910279075,10.355133004362717,-3.5677800385555023,-1.2474566453551228,-0.08269596569021442,22.287592984475012,1.497624850101219,8.18590551556134,12.31535831861674,0,NORMAL
240.70000000000002,14.973557014151973,1.0272849017731192,-2.5656011738896276,-2.7278902962550404,3.1693821037650216,-0.06997473522743107,21.710979039425233,1.4499546780304449,8.131540826943217,12.297871382326294,0,NORMAL
240.8,15.107327384740348,0.731883656249982,-6.735705815740196,-2.933903617802498,0.1427010734145906,-0.09715382370096728,21.873127584823607,1.447848916474616,8.455001007720501,12.289231008332296,0,NORMAL
240.9,15.142911192665485,-0.31985626137491996,-8.009939303059156,-2.6993500815721223,7.666357402832636,-0.06228778177643941,21.894432476858046,1.4458535877475582,7.282122721202901,12.340363478089266,0,NORMAL
241.0,15.073109209897053,-0.8701042043618495,3.8902299342958684,-1.4006321372359707,0.4188402467269814,-0.06185718642718529,22.50083138851878,1.492779696291503,8.019755579209603,12.289439213455807,0,NORMAL
241.10000000000002,14.956137891264456,0.45818972548425374,8.330516084547535,-2.615582032226726,-9.256985077512354,-0.07378663504004428,22.61886468537486,1.5123466265034926,7.80382229066938,12.327771098020525,0,NORMAL
241.20000000000002,15.147675064349901,0.7959990125476573,1.4869437933635765,-3.2520291527384417,1.2878890495710094,-0.04670238201643665,23.12587094692459,1.5266944167129248,8.219515834072228,12.274199352975614,0,NORMAL
241.3,15.085827410560999,0.755578484156969,-0.13211146923600814,-2.358004222312524,5.828317767535853,-0.061912572633818885,21.801764036698817,1.44518185468808,7.896052760790083,12.309925213498463,0,NORMAL
241.4,15.296879730623592,0.7695767187004556,-16.015953165387042,-2.086365599231271,-4.940865892763218,-0.05129691363115086,22.161995969313644,1.4487919340142572,8.165995075883714,12.34942336697958,0,NORMAL
241.5,15.249984586233364,-2.4476121489204394,-1.5270773811300258,-3.3461774008651677,-6.435869210940563,-0.07722588613417997,20.722064563273882,1.3588252792058777,8.9394934097145,12.2898274753729,0,NORMAL
241.60000000000002,14.827421656548774,0.46416124247445045,22.249342332309432,-3.3735394414193838,5.737024719176335,-0.058129674138978474,23.010002431482267,1.5518545951190053,7.917481079640801,12.350118456613519,0,NORMAL
241.70000000000002,15.302064714278801,2.0022563175414474,-0.868178867169356,-2.1987724570299005,-6.49109179916501,-0.07479557581180185,21.756097474680786,1.4217752885582517,8.819206813798287,12.282089282052043,0,NORMAL
241.8,15.226811449801582,0.29052546904057924,-7.044412723104429,-4.671757801252386,-10.881592278419557,-0.16143307490847122,21.883932579932278,1.4371973181698157,7.976628985223659,12.334275568792965,0,NORMAL
241.9,15.349679215911799,0.5933737729205616,-7.091915128253517,-4.375090912713812,8.465255186408877,-0.10004626105651221,22.97308810870277,1.4966493947892008,8.058696782487988,12.355375257004733,0,NORMAL
242.0,15.34583083892825,-1.1278575566101243,-8.636292366627917,-2.97870676397061,10.142421018508072,-0.10291098175866642,23.110115131403457,1.505953986719266,8.197632235186138,12.360482197293878,0,NORMAL
242.10000000000002,15.12032469633636,-1.1338847004050219,4.921161451469906,-2.346606709012198,-7.193993332561672,-0.0621140535295897,21.68392125129455,1.4340909793126693,8.21134493175738,12.319758065413126,0,NORMAL
242.20000000000002,15.09387176351559,-0.14362526631614314,4.810725746212787,-4.417505430482945,-0.04077308053304973,-0.11583383916805846,23.82143854574307,1.57821922161307,7.868573205534173,12.310426533102474,0,NORMAL
242.3,15.087779249432717,-0.17173955116246448,2.294850950064958,-2.3547613251188078,8.473503078336227,-0.08221606370103259,22.776097495149934,1.5095725566110922,7.772421216028145,12.3371731797105,0,NORMAL
242.4,15.072481922750946,0.3153449236968485,9.473004232012139,-2.722804814815699,-0.6366472009879631,-0.08168672079825222,22.39120866145498,1.4855687853011708,7.827720837545002,12.310561831457031,0,NORMAL
242.5,15.152330081235126,1.7228612952399633,1.6402320937148196,-2.4820907653164004,1.7754462579580443,-0.04848844378751896,23.0200305768354,1.5192403051820889,8.887691843052652,12.313062046681713,0,NORMAL
242.60000000000002,15.40144494659531,0.6433913424398124,-12.622049693329961,-2.36771556322409,-0.0554697203399801,-0.05092952678806892,22.759010603077755,1.4777191803752758,7.984412813661902,12.325840318905326,0,NORMAL
242.70000000000002,15.22866862902199,-0.801548643426029,-6.138007018236431,-2.4931847093843964,-6.344847366775803,-0.05679647090844008,24.467799637296487,1.6066932857588778,8.22730130706531,12.349403359502162,0,NORMAL
242.8,15.239168991632857,-0.5842100612074737,2.3856598433447553,-3.6366850365792507,-3.6959748681982996,-0.0829152444183064,23.347989470844198,1.5321038492101196,7.969336641878094,12.351233494148605,0,NORMAL
242.9,15.136132276305142,-0.3244166747570779,8.385348318682649,-3.2323796830240563,5.874445849358856,-0.08148668153539056,23.098405718073465,1.5260441238501108,7.754374611162237,12.329790443603754,0,NORMAL
243.0,15.162190766229195,1.0928596025290562,6.457524453926571,-2.4617958667074795,1.6667065736263353,-0.06372719266471748,22.92670563829763,1.5120971627241604,8.304306413951883,12.292074786931533,0,NORMAL
243.10000000000002,15.371283518720748,0.9670882160282365,-5.574814847077493,-2.8990383682987892,-3.553382295387677,-0.07127258542832715,22.43034458286325,1.4592369307055746,8.571240242260242,12.310410158415518,0,NORMAL
243.20000000000002,15.31638194185486,-0.022103366886442474,-9.083178573584238,-3.172472325785015,2.107119158707289,-0.06536107508564006,23.858420733793157,1.5577060447020838,7.8166713800384,12.330868082156183,0,NORMAL
243.3,15.379430368527892,-0.8495474986886111,0.029680426183542434,-2.4776145365573314,1.6796563622466065,-0.07386284802951565,21.516746562248787,1.399060046221228,8.340529415039796,12.301373334994027,0,NORMAL
243.4,15.113909129906347,-0.016167281649733987,8.16061579257424,-2.8365410533356936,0.39934549071745984,-0.08913044681757822,23.3142291829752,1.5425677753244285,8.247597935294351,12.291533804541828,0,NORMAL
243.5,15.385487795780147,0.7825756598262372,-0.8208763216639445,-2.3977454384138395,4.231412022848435,-0.06739268254765976,24.539698156523382,1.5949899335173503,8.133050664246614,12.332029246227266,0,NORMAL
243.60000000000002,15.24972323284654,-0.18034254598252292,-2.271280499080336,-1.9902586487660066,-6.747414865599192,-0.04760250703282238,22.63791940845352,1.484480673045493,7.729126809748594,12.307278910499909,0,NORMAL
243.70000000000002,15.370621188986224,0.32831956001016993,-1.9495026498502472,-3.747228411533678,-7.966700279055574,-0.08073319373660212,22.98050640250316,1.495092886614744,7.883984694354516,12.314192609586774,0,NORMAL
243.8,15.327289428713193,-0.5702430759525724,-3.928703537344378,-3.5835987045771214,7.110926701085192,-0.10806352997031801,24.427230028557155,1.5937084076194645,8.0428897820502,12.296963187522817,0,NORMAL
243.9,15.249958974392689,-0.45742114745870566,5.552103442472938,-2.3250430713166397,6.947738938823022,-0.0672238211783492,22.888199148539957,1.5008695555819653,7.903073189529769,12.323269883808008,0,NORMAL
244.0,15.222963521663015,0.5401776125420154,6.043475253781209,-2.194050916812517,2.9630571565121997,-0.06288940741092656,23.91790773357505,1.5711728993857672,8.17011274120704,12.318454141000396,0,NORMAL
244.10000000000002,15.368061342378212,0.7512739032975362,-11.959513457360606,-1.7324316400141997,3.221683822509851,-0.04219184032886983,23.708805650154535,1.5427323669496487,8.259414593565236,12.353651173761294,0,NORMAL
244.20000000000002,15.366950836037864,-1.8517250789301059,-10.608032647678703,-1.5497141523105467,-1.039467788606433,-0.05063121577698952,22.335177997739425,1.4534554210559454,8.703997740567228,12.261912444090854,0,NORMAL
244.3,15.003920483196085,-1.3703326262382047,19.027455663184604,-1.9403251977354863,2.882946718198339,-0.0318766223784297,23.02248562119563,1.534431327264103,8.532177245796401,12.312534476379378,0,NORMAL
244.4,15.083497397599404,1.9537660537068149,8.209367117456864,-0.9731248086708788,-2.261501425659551,-0.09855522801372102,25.291744044511425,1.67678247145365,8.278208188548126,12.298361957125662,0,NORMAL
244.5,15.366771202057635,0.2715407972531682,-17.83483524126967,-2.3926254828673965,-6.508957440688415,-0.05008263673489402,24.18234211209016,1.5736775015464608,7.926974712273048,12.366204161489879,0,NORMAL
244.60000000000002,15.131020617364722,-1.6132009945471188,1.5611132669104328,-2.274916296808562,5.313957574838406,-0.04795173113713241,23.068811307186206,1.5246037852008398,8.84857306123406,12.286647145473024,0,NORMAL
244.70000000000002,15.021811203678919,0.5837634506352548,16.931580749005974,-1.3298339678997153,-1.7093726211744187,-0.02581597756129259,22.660546864317425,1.5085096302347176,7.760473674367287,12.35439194391641,0,NORMAL
244.8,15.230356600711275,1.7731151552540763,-4.076369092835869,-2.6167908210434456,-4.439316004298588,-0.0656945442586333,23.417971576987455,1.5375852444514535,8.609492623283812,12.31544264232881,0,NORMAL
244.9,15.374846046960297,-0.23151036793191915,-10.50670113426951,-2.217697168759433,4.388123128958532,-0.043247746653981435,24.09554726695034,1.5672057588969601,8.006881030186577,12.277668737313888,0,NORMAL
245.0,15.189115989725687,-0.3282250715998259,-3.14990512286892,-1.7391661952517392,3.8334072550748743,-0.037340003283972974,22.509348579697168,1.481939343601239,7.743433459570122,12.32325601149757,0,NORMAL
245.10000000000002,15.327135209631296,-0.8614913925057032,1.0119686169515845,-1.451015717744458,-5.272177939895419,-0.009156549603753224,22.574439723090208,1.4728414288995662,8.36491737169168,12.363378852234124,0,NORMAL
245.20000000000002,15.000187072885652,-0.12583134820950898,11.47596234032997,-2.793601783230823,-7.320766167061317,-0.07500920305120157,22.118402302081936,1.4745417636866127,7.804165741835854,12.314665893900075,0,NORMAL
245.3,15.316890195358104,1.433701075560291,-4.133849464698305,-2.9151689511567214,5.381582457823469,-0.056389443524289845,23.716275700889113,1.5483740758340427,8.07473283753281,12.311743737817208,0,NORMAL
245.4,15.245839270938365,-0.9526012411491701,-8.133465963626394,-1.7172852916661292,0.7023660542658172,-0.03411603587916875,24.45590142101739,1.6041033219886593,8.051943839086539,12.282864929043473,0,NORMAL
245.5,15.131637283933909,-0.19299211716498785,1.3799442149712116,-2.774695740303558,-3.9210582291273064,-0.03993299230634138,23.569422818485055,1.5576254159561442,7.758782118081094,12.31348387520117,0,NORMAL
245.60000000000002,15.186133381496148,-0.6766123981549278,-0.5600268366880532,-2.5014969374915905,1.8595966005769093,-0.07950213008776602,23.53504992407347,1.5497723701511952,8.179119148463304,12.316113828489,0,NORMAL
245.70000000000002,15.003995105664462,-0.3049974845025985,5.464855852551002,-2.402776420188176,5.091054499276615,-0.07210872408268035,23.49644288429384,1.566012433276736,7.560170432350563,12.310750493875718,0,NORMAL
245.8,15.126673798371117,0.41635877235527274,1.932971147664601,-1.4832860376362673,3.3248603766955176,-0.05358475116286994,22.72242991510887,1.5021431821684212,8.023835320858453,12.309855694776955,0,NORMAL
245.9,15.111272284856236,0.08159674503032174,-5.104058408512326,-1.7378043448490725,-0.7775684210483247,-0.023962068765801196,23.633425114388796,1.5639599809258309,7.826167915857739,12.3397479125649,0,NORMAL
246.0,15.141164936674063,-0.6044529093471924,-8.989825575445312,-1.6387997218459323,2.0695406157245997,-0.07128944034049643,23.752733023695313,1.56875201631037,8.074237743038845,12.30443402019786,0,NORMAL
246.10000000000002,14.990669446784072,-1.7163683700587409,4.149729012181829,-1.3238962217041526,-1.769064022176966,-0.03927446053966963,22.881971911677674,1.5264142800898404,8.676472094394283,12.300124637093495,0,NORMAL
246.20000000000002,14.807793673665332,0.22549289308917336,12.86521746596172,-1.9926125262813255,2.969949718765409,-0.005315205985127525,24.81573123755858,1.6758560920315695,8.072641663737985,12.340757228705439,0,NORMAL
246.3,15.037740841908631,0.8566751231336032,-1.9273389908222944,-0.7299062779510707,4.46886117147709,-0.030842301087528085,23.47816459918188,1.561282698379178,8.069378223595766,12.295088605647445,0,NORMAL
246.4,15.009709281598244,-0.15997490507528556,-9.111316114430078,-1.0988402919859075,-8.466914114757538,-0.02664480683826291,25.79666252339203,1.7186650347064671,7.680786027389465,12.357145503672609,0,NORMAL
246.5,15.042030433992984,-0.9655880997524126,-0.7059365524614231,-2.4232891009025783,0.08832345593631108,-0.05019521908071059,25.69757974643886,1.7083850387887631,7.830378452170888,12.305100697578428,0,NORMAL
246.60000000000002,14.822744435254647,-0.30116221556757017,9.48568559845142,-1.0811756007986453,5.406986608129635,-0.008474499766679591,24.867614198250344,1.6776659887021206,7.7390660784519145,12.316317828351217,0,NORMAL
246.70000000000002,14.956018882358952,0.9315490199378714,6.070414647007537,-1.3418917792766512,1.04501393747136,-0.059176318206491094,25.046748728839617,1.6746935749314256,7.907146258703591,12.316960997502653,0,NORMAL
246.8,15.001547352128856,0.9129207138339372,-13.935963954009441,-0.8721728133043732,-3.477082870662187,-0.0290463107326074,23.463603491875915,1.5640788874053193,7.991355409869801,12.321772464292602,0,NORMAL
246.9,15.146416404870601,-1.8556437708640172,-16.924609848168977,-2.0373083534090886,-1.6097384921330364,-0.07787035924163906,26.5632425573818,1.7537641807365016,8.736503040938988,12.265793338123967,0,NORMAL
247.0,14.629256283597847,-2.4720012557998587,8.809961334950346,-1.1941205117309805,5.851317168996812,-0.05814805369069151,24.646086520988415,1.6847121988437186,8.967436907907045,12.339867371654071,0,NORMAL
247.10000000000002,14.63503883627147,-0.0936515038739478,15.671594156335024,-0.8670449196097261,-5.065884419128497,-0.06309792907656103,25.500770367201408,1.742446374928662,7.475610993525461,12.291244778528663,0,NORMAL
247.20000000000002,14.599282155196175,0.6623175754671461,-0.2656658429472465,-2.20729739555668,0.49843349441761664,-0.06027840936827104,25.545637732135486,1.7497872471108646,7.96752610429109,12.35079590675746,0,NORMAL
247.3,14.75733700514022,-0.1467846724633971,-8.29519479155956,-0.7673582207262027,0.9798661599968828,-0.03588340758475765,25.518276514638224,1.7291925030748971,7.429532029465522,12.374709744924761,0,NORMAL
247.4,14.574591521112666,-0.996721382844766,3.247089731615166,-2.0113241635573034,-6.8549319321345,-0.07655345222233068,25.989476616755027,1.7832044609351025,8.379818869733999,12.297528395162127,0,NORMAL
247.5,14.539036790335341,0.5026332738596362,12.915697278421742,-2.138344607153103,8.455187765022908,-0.046416294994948634,25.183768930707007,1.732148373642443,7.666112173719897,12.30622512103686,0,NORMAL
247.60000000000002,14.632691777911623,1.5864180728395825,2.486223395925542,-0.3202866105527218,6.833773206626137,0.02358884146951518,24.720972217260663,1.6894343564714134,8.600343563255732,12.35705071375516,0,NORMAL
247.70000000000002,14.861340156456421,0.9998779530447446,-24.96655243014219,-0.7715899658278753,-4.9298531782799575,-0.022793742133339387,24.985853561556343,1.681265168451271,8.285511145866343,12.333553252498904,0,NORMAL
247.8,14.791813020725453,-3.406892413188855,-9.882162994942092,-1.3062572462087134,-4.498226412904891,-0.0737125859134231,24.468094839921434,1.6541646927011666,9.323265345929574,12.258148341726601,0,NORMAL
247.9,14.189021732638668,-0.976554645943674,28.251605826956116,-1.6712352484088535,1.752235353886572,-0.03842185959510716,24.880555283589956,1.7535074476880819,7.66034671584084,12.31481584892885,0,NORMAL
248.0,14.576919554869782,2.243428752202368,-6.639766729530104,-0.955810175431399,4.76037466233331,-0.008855858317172179,25.284171335918032,1.7345346004513846,8.98957913245803,12.280939063040577,0,NORMAL
248.10000000000002,14.661417956344861,-2.304507991849695,-16.78853877213662,-0.7191603159421915,-0.8365791568104186,-0.04738125798500374,25.936782101533353,1.769050045415899,8.740523391591712,12.329189825717831,0,NORMAL
248.20000000000002,14.09757838024762,-1.1142790022249558,17.77782897810055,-1.1231260067934827,-3.0337713443974446,-0.026210997147742762,25.248478446444807,1.7909798240115422,7.932089523844142,12.331978028380174,0,NORMAL
248.3,14.431584930651717,1.2510578037704159,3.6905132572154753,-1.3259145848216805,-0.3761441278880939,-0.04190154599155308,25.648416198395886,1.77724181520218,8.109047722875014,12.300323251439464,0,NORMAL
248.4,14.345750744606853,-0.37617635078186074,-9.731170451609126,-1.1983548323711015,1.3185764965832014,-0.04576237782991813,24.336897977874127,1.6964534245113208,7.38385442700864,12.314162724875278,0,NORMAL
248.5,14.322366386837016,-0.6951762865514094,5.162560676077643,-1.0621992855050402,0.9616887918989869,-0.0006378038284274509,25.736251461052017,1.7969273209422252,7.450002155828953,12.314141791369206,0,NORMAL
248.60000000000002,14.217369238777783,0.6563357844336678,5.292558139969907,-1.0060170739913041,-2.623943984762007,-0.020676958472461694,26.497074254174827,1.8637114791887255,7.875526313797893,12.326527823002591,0,NORMAL
248.70000000000002,14.438374961455018,0.36333534144257207,-7.4579419750245,-1.5869880824574416,1.8753347739329755,-0.04982342080363591,25.399037133695714,1.7591340577801522,7.395628427298752,12.38281277243228,0,NORMAL
248.8,14.284092524210974,-0.8352526105712323,-5.966798831903906,-0.630950119204709,4.154476645189378,-0.02105811085435766,26.649651244191737,1.86568738609202,7.595579638913351,12.327247629332916,0,NORMAL
248.9,14.287454394581884,-0.830024424938209,1.7781210175293984,-0.7560927534195659,1.9525819145029715,-0.015604486953687591,27.03346113716256,1.8921118059641362,7.495667544282435,12.309092988868713,0,NORMAL
249.0,14.124505009891882,-0.47962840706535265,10.043299380320363,-0.2404337363041147,1.9057120406776265,0.032896946209477,27.454935941457077,1.9437803960018019,7.768113845933787,12.33606034339922,0,NORMAL
249.10000000000002,14.170096542286858,1.1786354511258637,-4.9583246476042095,-0.37495034528404064,0.05635596610564231,0.0005975428397237987,25.976889681836496,1.8332189625042727,7.689320284841299,12.321379709721215,0,NORMAL
249.20000000000002,14.38333164381716,-1.4712933365861947,-14.303927412595336,-0.22916254308298623,-4.048455793953202,0.012753844427393073,25.447741729480683,1.7692522399996031,8.407070127910671,12.261223371448366,0,NORMAL
249.3,13.894859466678614,-1.6821500313932034,12.934667806934298,-1.1846415040746812,0.899348392345582,-0.047819552905826755,26.45072479894738,1.9036338483580275,7.953389830744501,12.331043049918456,0,NORMAL
249.4,14.033744330005199,1.1156402248006654,4.568046938586422,-0.049292864613869836,4.246033978253872,0.036699107817098155,26.48786489565703,1.8874410330409104,7.791629610925658,12.307799495357276,0,NORMAL
249.5,14.127438132988052,-0.768540643675919,-13.20887380696352,-0.3354347084239066,-3.501263102900795,0.0009764778620005281,26.78116992374645,1.895684813597697,7.566192278887993,12.361062018333213,0,NORMAL
249.60000000000002,13.855191331423406,-1.5261345365920391,8.325323194117596,-0.7495454851940289,-2.5573209467383515,-0.03438701115265334,26.27888951337967,1.8966818201766342,8.165393089379165,12.296158875703727,0,NORMAL
249.70000000000002,13.818927579483507,0.8965239951476003,10.326020021407132,-0.846898897771577,-1.6143128699440445,-0.05492936168817566,25.984785670381786,1.8803764272533359,7.6726129920695065,12.356206553074705,0,NORMAL
249.8,14.011126279899699,0.5390694676893873,-2.261178745439544,-1.0724080591828378,5.11297543506716,-0.03683685813794724,26.2895842178958,1.8763362553951657,7.7182629969908545,12.308566033880957,0,NORMAL
249.9,13.938794023432818,0.44428824605969147,-10.459425216887634,0.17569618924185504,2.626575873257889,-0.005211062519491155,26.910748321455653,1.930636773612939,7.498175479591658,12.309129797586689,0,NORMAL
250.0,14.10562094651077,-1.5528155756881394,-6.116522041807496,-0.5470928845312599,-4.493002421926947,0.007006458419872415,27.504213465938335,1.9498761217415175,8.079990366302646,12.34544253769217,0,NORMAL
250.10000000000002,13.601682987836845,-0.7790161623018077,13.952021277810742,-0.7229042951435345,2.186793209853312,-0.07349305524088201,26.823478271064573,1.9720705367895408,7.7307557105342815,12.386144404619595,0,NORMAL
250.20000000000002,13.936496474174934,1.237588679874009,-1.138860531166025,-0.1097342425605975,1.1570770179389034,-0.015007358329561536,26.21625018709578,1.8811220047790262,7.759093723778871,12.337201981986674,0,NORMAL
250.3,13.86522692924864,-1.0067882685350127,-6.547539254278114,-0.4914888915557538,-6.308612556137214,0.01676693926471319,27.346850015003326,1.9723333887392247,7.820257479616579,12.31232817978018,0,NORMAL
250.4,13.747450909854482,-0.07191917098161382,7.17026128511841,-1.3714567537880402,4.600011567805909,-0.04672694236095255,26.540666805632988,1.9305882217486618,7.317420808852426,12.331863804645879,0,NORMAL
250.5,13.815647182816399,0.4272639884886693,-1.2312084289276062,0.42851342200542814,1.5793707174738914,0.019919476830132288,26.280362209116888,1.9022172368301233,7.50153765214332,12.363167786392498,0,NORMAL
250.60000000000002,13.828104177841924,-0.31816085676713507,-2.7668749164970894,-1.055582610293262,-0.5723932069515414,-0.024775208323209633,26.391804138884744,1.9085627212134273,7.445216346692418,12.356858793413734,0,NORMAL
250.70000000000002,13.791721514886815,-0.12611099481074867,-0.3445563334829657,0.31403478061511986,9.53751969956802,0.02559215522252612,27.261704762119873,1.976671638322564,7.594252326246326,12.364766133191292,0,NORMAL
250.8,13.733912579305096,-0.3870721234637282,-6.862107752080432,0.8519213296203421,-2.739767513458872,-0.004518040202139344,26.287963567702366,1.9140913716979897,7.042900695590001,12.384860117002878,0,NORMAL
250.9,13.72734741617125,-1.498532545226835,-4.25992439922939,-0.2339187220766546,1.6930748825032937,-0.028775013952254555,26.167208631244,1.9062101247920775,8.086390246689666,12.326376583098313,0,NORMAL
251.0,13.410885828666135,-1.2390570033096062,7.272309241711896,1.1905363061210008,-1.1458769096133725,-0.00200867245159694,26.912087402444463,2.0067345100290943,7.349574138325164,12.357500772192312,0,NORMAL
251.10000000000002,13.46660745174297,-0.04407069688445578,6.396573541062024,-0.4630941039993291,-5.534073571440312,-0.006771026438801309,27.447610076212516,2.0381978293025833,6.980222580431704,12.349291604541188,0,NORMAL
251.20000000000002,13.415471058930413,0.040257704902798536,-4.345020426007647,0.08372159183293834,5.101746197662796,-0.015205567797145068,28.291671508146205,2.1088839433120765,7.390270248210674,12.332618184374846,0,NORMAL
251.3,13.460033562195706,-0.9130747820859851,-3.4485848008941336,0.5572551355332301,1.167350306199566,0.026968938477816565,27.471861491465674,2.0409950216338277,7.122061104237819,12.368278100444542,0,NORMAL
251.4,13.25713642007152,-0.6494592552760282,11.959332624111553,0.3171916530728516,-1.0373464842296047,-0.03322775988727439,28.131454787514205,2.1219857664678416,7.318133351092241,12.361754351592419,0,NORMAL
251.5,13.329826418700137,1.4787917427363257,-0.30994885383018533,0.34978583868730917,1.3519316900191725,-0.011402236660259957,27.251506268911587,2.0444006855693946,7.42982339393318,12.35193724555758,0,NORMAL
251.60000000000002,13.538399815163048,-0.7114490260420653,-11.477967966081263,0.5875779910766861,-3.9565842692660196,0.034023912802568945,28.06299927955082,2.0728446243787375,7.1794215468832645,12.354991828918939,0,NORMAL
251.70000000000002,13.210044323868754,-0.816801850479927,4.811941198153009,-0.44153101516589477,-2.6392048051540455,-0.056551443418835015,27.06820265478623,2.0490622129009566,7.412225535064283,12.317657197914482,0,NORMAL
251.8,13.390188890052132,0.25093921358853644,-0.2578403861362638,0.05973703004587695,4.362462914823552,0.006867216331310982,27.710351098109697,2.069451844603651,6.713913521950588,12.387555492103905,0,NORMAL
251.9,13.24086689255119,-0.8683699277071798,-7.744884183689614,0.43096156779881567,2.796001178980141,0.010743850110594444,27.57358289670141,2.0824605458584635,7.318798744896742,12.360291622148884,0,NORMAL
252.0,13.216319293556102,-1.2980376231493864,6.665983302756013,0.6189372658419051,-3.938604986509187,-0.009593947288254731,28.67395541773864,2.16958706738564,7.661733631575616,12.359456670614136,0,NORMAL
252.10000000000002,12.96737611434479,0.46482673284402287,7.584705183423248,-0.35675942950302175,-6.575800771311835,-0.023753534545948245,28.303121754809418,2.182640613277184,7.396559051766507,12.352765273113707,0,NORMAL
252.20000000000002,13.331147640394047,0.21890341353526313,-5.933242828970917,-0.696222888420462,2.7109356795035775,-0.01017142732327496,28.600332038604712,2.1453765879798876,7.155013941368167,12.380566516140417,0,NORMAL
252.3,13.013990157450783,-0.7218218329501607,5.381686272088897,0.18542770639769382,6.087764688864132,-0.009763661787814168,28.58301451020075,2.1963298084897027,7.144929124675816,12.31822059030893,0,NORMAL
252.4,13.184012848628152,1.2952406679530428,-2.71104169889528,0.5213300493523645,0.7705508277326601,0.02058278394108746,28.404959844381644,2.1545003156863043,7.664903413821801,12.340106111485076,0,NORMAL
252.5,13.254004134071488,-1.2640301727292167,-14.007507459810853,0.33953787194422586,3.821035415922088,0.043747759220113806,26.94639108229537,2.03307550003138,7.486415001536896,12.319774441487473,0,NORMAL
252.60000000000002,12.92955298930733,-1.506260824009128,6.904114417805719,1.2855371325367821,-1.7982573452094108,0.03258157187069764,28.137443663252537,2.176211635972415,7.636137594096655,12.347164969456266,0,NORMAL
252.70000000000002,12.975478027653224,0.11679271083192716,0.7869050516943887,-0.02011359709765631,-8.219380669314708,0.0012918926458678768,28.71996081959346,2.2134029095795724,6.7412957337737325,12.373964006344877,0,NORMAL
252.8,12.952310666222388,-1.3488798136702502,-0.7289131326747003,-0.3583390013261596,-0.1633125616721895,0.00931480559740437,29.323491049622938,2.2639582855354172,7.418058332610835,12.349894738813504,0,NORMAL
252.9,12.69544833905663,-0.02898991570301289,8.133406742313255,-0.05277610943209421,5.858594915855155,-0.03798233896969953,29.510836605089924,2.3245210265085294,6.756832231509882,12.438971882502875,0,NORMAL
253.0,12.960943168381457,0.277801534792401,-3.717771384070625,0.8133799818448715,6.078170851230838,0.012573039716310528,27.99897255301767,2.1602573353860435,7.14292648464797,12.34560110851838,0,NORMAL
253.10000000000002,12.755345132258526,-0.7725441925171379,-9.056549027258676,1.1628580608140735,-2.7454535925571077,0.007752717611257336,28.62695757545281,2.2443107010138563,7.170801393571982,12.346198910704642,0,NORMAL
253.20000000000002,12.793015963706422,-1.5335082706593344,-2.1062878125907813,0.26428926333345,-1.6162274126487586,0.017390423628901648,28.170157546038304,2.201995028065046,7.457355319403394,12.38203887731377,0,NORMAL
253.3,12.43908567739148,-1.1938017550352942,14.389188270889578,0.8396125782843218,4.5702220596898835,0.030206826508687376,28.340211823407635,2.2783195291368616,7.493282418026856,12.360138096086366,0,NORMAL
253.4,12.528109034579964,1.3443293835185814,11.375617603930214,1.1783336752714266,1.8994767618396746,0.009647248508489855,29.92577932871544,2.388690842817108,7.244419971801359,12.35780536935375,0,NORMAL
253.5,12.738620883311778,1.0813217657507488,-17.600773006273347,1.2195079306522567,-2.9940254698861133,0.04105854666017838,30.26352864761761,2.375730381242786,7.545712962914376,12.33041827720113,0,NORMAL
253.60000000000002,12.741369794259613,-2.1758252177360884,-8.972823120082491,0.5795285812942039,-8.402732655152429,0.015847913202800507,27.39726623741615,2.15026066112291,7.920872343162916,12.288044588268024,0,NORMAL
253.70000000000002,12.298713832130012,-0.7132428582657497,16.048019678555285,-0.4610386003782292,-0.01666988293157423,-0.006328120853322565,30.17238933656466,2.453296316053815,6.92008713009001,12.345979035581632,0,NORMAL
253.8,12.586087450101004,1.0337787179749691,-3.36004363899003,0.5761946047078891,5.900147190062646,0.07941718222397316,29.21611777070851,2.3213026197807047,7.28822478910482,12.30870600727671,0,NORMAL
253.9,12.480816876571096,-1.3852515860637558,-6.977599270382631,0.7189908376343002,1.1636255286464119,0.030437585859214564,29.336808653433277,2.3505519665547,7.583662048265682,12.340730192803012,0,NORMAL
254.0,12.297667266897134,-0.3617411361015569,9.796645966236348,0.8089197104371715,1.789228521852605,0.04304802700368963,29.75363044338036,2.4194532017849593,6.905547988866194,12.352840801450414,0,NORMAL
254.10000000000002,12.394995781849476,0.574077607183514,-0.20093099728188568,1.0768365420048212,-1.5877934479199634,0.0013327063418531668,29.321241515483845,2.365570915193065,7.03099600924652,12.343370525137576,0,NORMAL
254.20000000000002,12.42340041374294,-0.40192733555793403,-7.986287630807156,0.4913610208531788,2.4420733265098193,0.007914719002641147,28.048727449523103,2.2577335121948745,6.807658639052092,12.383596280326406,0,NORMAL
254.3,12.34561190196269,-1.0231799189779174,10.399470856413897,1.565251207306785,4.255786370800835,0.065413288596452,30.20997220853147,2.447021050753161,7.43715306826888,12.327853982829547,0,NORMAL
254.4,12.20542646405672,1.6779668357248456,10.274597235957547,1.3425182950133459,-2.9589972306636496,0.03714425942253407,30.3197401683486,2.484119687061817,7.279762737319389,12.374033515756718,0,NORMAL
254.5,12.668531983361643,1.0317395282135924,-26.70022630287101,0.9734517611740551,-1.3400823691401476,0.01928452137797696,29.12703396807714,2.299164102544119,7.284207503114175,12.335575620490909,0,NORMAL
254.60000000000002,12.408279625553496,-3.6620784248493568,-7.35560280211605,1.0745018211853163,2.8593875947913876,0.017000623578794435,30.252813263208434,2.4381150470614856,8.57132421376091,12.320669150556373,0,NORMAL
254.70000000000002,11.917901900761448,-0.4393810322096178,23.505407057213077,1.5453292801323326,-1.1462105749537255,0.03477661173149027,30.58724752409906,2.566495997264821,6.481251779044145,12.40048789999834,0,NORMAL
254.8,12.31868531258152,1.0390029865932586,2.9790872102102037,0.8452597061945712,3.342686126710057,0.022444044236888255,29.516364870983054,2.396064524908102,7.13647736234862,12.319401860886211,0,NORMAL
254.9,12.11705778491883,0.15643640983242307,-6.819912593250868,2.213866505474344,8.784769977941764,0.029997126420645892,29.472306760050408,2.4322989361932668,6.58694182179076,12.369115362348442,0,NORMAL
255.0,12.356887182037317,-0.32497953205691504,-5.437960853537187,2.602213701782924,-8.799791861019846,0.07750854641766367,30.280952610681954,2.450532416829061,6.712860909900451,12.348170340595223,0,NORMAL
255.10000000000002,12.049128308149756,-0.9311557608750144,2.35994581158722,0.4539081332703745,-9.800258405785721,0.03027512791641489,30.42621896405822,2.525180094852058,6.768266211368543,12.366116276604417,0,NORMAL
255.20000000000002,12.169365177578813,0.14700963026052893,2.244101790944192,0.6421620206257798,7.564783398776687,0.01816081440366917,30.1003754033023,2.473454856853182,6.2587439913838985,12.371560737309904,0,NORMAL
255.3,12.076860774883244,-0.4823354026861759,-8.135367485324755,1.9668648130257118,6.847210041132312,0.06121650183003934,30.808560087628486,2.5510404286271435,6.646046940018934,12.359395585041929,0,NORMAL
255.4,12.049497394087322,-1.4800638668044221,0.5791668783837528,2.011604028852242,-1.5426245395053084,0.050148834647652005,30.149563537978807,2.502142832345287,7.24796351179921,12.353184536081331,0,NORMAL
255.5,11.783357648014459,-0.36650202700942536,15.202960115281043,1.6583399051246501,0.5234722253369783,0.04875073523822901,29.581845416971802,2.5104767503985976,6.484034263414399,12.360313943109045,0,NORMAL
255.60000000000002,11.94301255972821,1.5605281562517868,-5.312354336105571,2.1162984739196378,-5.405112384615186,0.009106374743617363,29.98059116237509,2.5103039130570393,7.450255383725748,12.287247289905864,0,NORMAL
255.70000000000002,12.089097062755531,-1.4289728942305395,-16.617488479684464,0.5773174282016129,-2.220034625837759,-0.0009635739450077566,28.64766918961577,2.3697112398803055,6.925009564726197,12.358533573402099,0,NORMAL
255.8,11.666444588849682,-1.7629695396851064,12.611867243861363,1.672291548752086,2.1675723268544953,0.052279933560426484,31.086948794287643,2.6646463331252863,7.401967041967746,12.321464372983623,0,NORMAL
255.9,11.735962472039573,1.093400554541733,10.73353238052924,1.010831893572512,-8.009381701477452,0.04943514559706094,30.58891154855084,2.606425473959005,6.6920737508709704,12.343110739258686,0,NORMAL
256.0,11.832899876231641,0.3837369364207419,-9.552258684179582,0.07041520845659544,4.181163467675382,-0.00977566406695246,30.00520392433517,2.53574392060949,6.484108439382355,12.310801386527537,0,NORMAL
256.1,11.797348317496523,-0.8170511822941837,-1.9541905813947835,1.8470645871075884,12.385583130790065,0.05787581347131462,30.35869461094896,2.5733490097875893,7.038971408941718,12.375095219760682,0,NORMAL
256.2,11.683250627221955,-0.007101179858214809,1.9361715189009816,2.5475318346146083,-3.2945385277280703,0.0726528178946494,29.920115714908,2.560941014583234,6.48084473776557,12.38033736766891,0,NORMAL
256.3,11.796170224542479,-0.42981687851398737,-0.446820212204275,1.1881568815619743,-5.5606956416948705,0.05038266311167877,31.016805054880493,2.6293961908373102,6.79122712157739,12.398668089813944,0,NORMAL
256.40000000000003,11.609495938240302,-0.0964652222990698,6.429666942441106,1.4353927062756342,-1.1838597678032141,0.05350367638444682,29.466823839644416,2.5381656530482255,6.2694829604492295,12.366822433310015,0,NORMAL
256.5,11.763942491116794,0.8561165099742337,-2.8205528552661097,0.9513849280013315,1.2590588058038532,-0.03010778859064277,30.394144329310507,2.5836699178240443,7.066080090339597,12.383052036315418,0,NORMAL
256.6,11.752801705239353,-0.6605757933522918,-7.511257400869953,1.6872044674364048,0.7471390536756334,0.051207399254784486,31.124321066529678,2.6482469326998497,6.806263500559866,12.295759427541425,0,NORMAL
256.7,11.633039494307027,-0.6461349701997567,1.8705935619859893,1.1008127387364581,0.9322648126244648,0.04839041743855592,31.1499500975134,2.677713774870063,6.556591159019223,12.383833415036364,0,NORMAL
256.8,11.618418575369112,-0.2864570809550939,3.05115968815777,1.8736574299612978,0.305849620909846,0.03236287968838604,30.091197751905614,2.589956417622837,6.502347424415054,12.36748267833116,0,NORMAL
256.90000000000003,11.56395015382333,-0.03590303256820268,4.303517615252053,1.1619826629184273,1.9449189881496753,0.014001047086597999,31.649538715565676,2.736914142188822,6.415239625195064,12.34123942211582,0,NORMAL
257.0,11.604695343092075,0.5742464420953168,4.708227054067293,2.262641227591233,5.828525567321973,0.06820767282651909,30.60353004439469,2.6371678996822654,6.4622572193026935,12.325540995884012,0,NORMAL
257.1,11.692130511055506,0.9057423782452558,-0.4142820514160278,2.327687776382822,-1.3012134397085573,0.034545668825740734,31.41585466958232,2.6869230239841255,6.840076660143878,12.392405786460197,0,NORMAL
257.2,11.782794442873653,0.49139003181211127,-5.785504649047966,2.0023985396495214,3.867600734366934,0.0669074790104059,31.00095670272266,2.631036029103634,6.5744001336886155,12.347373873253307,0,NORMAL
257.3,11.77862573484971,-0.2513585515643375,-10.146589313901881,3.101207923256209,0.19572710992792564,0.09344988504405378,31.105005610861486,2.6408009143910856,6.290503949738927,12.349692317174823,0,NORMAL
257.40000000000003,11.739013421059033,-1.537927830968265,-4.20579682836145,2.0415439616351065,-1.8950851790969359,0.02336235822753112,32.270052103244055,2.748957765509805,6.793970871643636,12.347209375390827,0,NORMAL
257.5,11.447854811862927,-1.0925179172366275,10.822964452544188,2.7221908874368217,3.8822631375199035,0.09358790245526492,32.41460993078498,2.8315007888809953,6.851248793797223,12.372423323560179,0,NORMAL
257.6,11.5339548595635,0.6266650595405728,7.821732961610156,2.8179965891390872,-3.277246957476072,0.09150306388836617,32.03059477513911,2.777069545107557,6.536640870081141,12.411520840302988,0,NORMAL
257.7,11.579331390230404,0.47182867508540366,-8.101472738701238,2.0667414959416073,-3.5800438372717647,0.060919095632719786,31.7624119587993,2.7430264225443586,6.528101922415539,12.35843607368521,0,NORMAL
257.8,11.613664877389127,-0.9936294881996749,-4.744226040028494,2.1019878216847343,-3.1727517187550047,0.04572470985734792,30.509698770174687,2.6270517612037025,6.886985422206117,12.349613745252254,0,NORMAL
257.90000000000003,11.36855636092839,-0.4770165329202952,7.64861229952652,1.4321911521906063,-0.02075465439378199,0.040422503376478056,31.211352279352944,2.7454103483728636,6.127106017081276,12.397397109154277,0,NORMAL
258.0,11.531107500879877,0.5360929717056291,3.995977914966445,2.097836890805978,2.5655831502073987,0.0553013008570472,29.455733728717348,2.5544583403172454,6.612485679080926,12.321829549176828,0,NORMAL
258.1,11.469414454122514,0.3221790500729938,-0.14068511649797888,1.9453077822320861,-2.4575957886167,0.0639770513493556,29.819563758950654,2.5999203253338226,6.476356130776242,12.395204940173535,0,NORMAL
258.2,11.604513320218954,0.5079559484060333,-3.179345570555983,1.606317733082638,3.5592688007415605,0.042478554338390366,30.94330830071273,2.6664891018565258,7.013811629899001,12.374196959567758,0,NORMAL
258.3,11.554587834888059,-0.3136900640382028,-9.262761362943403,2.6571615423803983,2.6737466593479,0.05068877108495035,31.706827117745625,2.744089842998091,6.428667938526367,12.385060831463528,0,NORMAL
258.40000000000003,11.552695942387803,-1.3445963241826475,-1.4330037564464078,2.141067064952218,-5.183214912065209,0.045839674703883,31.003362728848792,2.683647425973956,6.875550918840558,12.36097842874838,0,NORMAL
258.5,11.305097066589338,-0.6002908153274844,9.955530335579873,1.6205185599673564,5.365404446081669,0.07125750110456616,32.27857396760693,2.8552230712818756,6.489987665825348,12.389465666129242,0,NORMAL
258.6,11.44749097702801,0.6465097429333271,5.6833665088795815,3.214147954168552,3.5161754267048937,0.08296626150693442,31.469397753901703,2.749021407140848,6.826973477375357,12.369588802534235,0,NORMAL
258.7,11.457734976070304,0.5363824864484319,1.1943048083132268,2.323753645308335,-1.7537152895944796,0.03402375354816406,32.05077580299735,2.7973046915412167,6.294715450530887,12.382872243597252,0,NORMAL
258.8,11.545726665195305,0.8853707045959724,0.7820050170433629,2.863404896249656,5.095509980963142,0.06189944133129323,29.970886476935064,2.5958423706047506,6.861729114570665,12.370998752086301,0,NORMAL
258.90000000000003,11.643737367662698,0.6927834898571045,-17.048156615609606,3.3428556415009636,-6.99012270361417,0.07658364921864005,31.240425040567946,2.683023848281712,6.550684494989424,12.346293659492545,0,NORMAL
259.0,11.681115414899613,-2.5242606185259486,-15.406623747385863,1.4653803555268219,-6.163547976417349,0.03137363041626079,30.644776303178823,2.623446067837879,7.640649862849074,12.32926289902173,0,NORMAL
259.1,11.129450072821827,-2.388541259620068,21.042050472162856,2.1101460462174937,9.680136601472226,0.06734453614390071,31.0422956799133,2.7892030133383447,7.280806846266919,12.396206194441156,0,NORMAL
259.2,11.217999504283089,1.684149475906623,13.107232617413272,3.4014076758212672,-3.908798460669206,0.06555544192227533,30.45906845838915,2.7151960959491683,7.207173943642913,12.372118720673539,0,NORMAL
259.3,11.469563162265798,0.23290526386258645,-6.041009315459014,1.3283863540836525,-0.02907016199769963,0.032921575193192595,31.7517915650756,2.7683523004204,6.196272090544077,12.38671399242803,0,NORMAL
259.40000000000003,11.29906021347747,0.47594761281481995,-0.8387462814289532,3.3955936434217273,10.484657337149613,0.08476858341935777,31.134495418490992,2.755494247331641,6.2226849485308335,12.386129457693796,0,NORMAL
259.5,11.55183791187534,0.0651560075767958,-12.002900079166844,3.425317821513575,-2.4300953241469436,0.1012971353211789,31.20519966717012,2.701319037301505,5.998062917035199,12.432750319693756,0,NORMAL
259.6,11.326788939876549,-1.9246324030185489,0.44850395037024066,2.9095745785923386,-4.583709022966986,0.054435101349996406,31.849714419829574,2.811892636906211,7.3475771676878345,12.34665486494048,0,NORMAL
259.7,11.179021864495573,0.15485679765084392,20.09236618823552,2.508576016920178,-4.967495619669499,0.06326914024258247,33.07768356245962,2.9589067776594935,6.111485695565689,12.353252124103212,0,NORMAL
259.8,11.37639569678731,2.0938408346285553,0.06067629454548307,1.9160754546584386,-2.3837801044274065,0.036606681162437815,31.634207041539113,2.780688003887963,7.1327398078394815,12.362615407687096,0,NORMAL
259.90000000000003,11.605606177783974,0.16699205655994054,-21.629723226950922,2.0318199960346965,2.0483369099263604,0.06984613328362609,32.63642827965181,2.8121261207472363,6.726376118232955,12.341936055664146,0,NORMAL
260.0,11.385975427056001,-2.2321038107616293,-1.2760981474554556,2.3257428366437107,2.0316063545521468,0.01619660446945819,31.20196069777315,2.7403853888204677,7.173301891948613,12.343628686559644,0,NORMAL
260.1,11.177621120912185,-0.08822757293115055,22.74204435822318,2.438141266945126,-0.7534844266955343,0.09512295948077404,31.509761968240348,2.8190042968345748,6.15132858667256,12.380945440522527,0,NORMAL
260.2,11.374380159963682,2.316305060883006,4.536839839253183,2.175045951304604,-0.5378416176123935,0.040126069518208005,31.529612986308642,2.7719851581265695,7.3864781673312905,12.333266559256879,0,NORMAL
260.3,11.621846003278863,0.8191403949194861,-22.38277991599066,2.330572943422647,4.843889521340596,0.05599550678671673,30.987232119495285,2.666291750101738,6.489099127353964,12.364093533188454,0,NORMAL
260.40000000000003,11.511070972268811,-2.1602509223151265,-4.469229343660532,3.143823855572723,5.403603487943873,0.08487907521724584,31.257760264195667,2.715451962679961,7.47539244330893,12.390211865028096,0,NORMAL
260.5,11.191612513889925,-0.07470547381262038,17.448659088528466,3.411293641011422,-6.084860658339601,0.08891096819839121,32.25853566978217,2.882384967291001,5.958700108994217,12.364376568910876,0,NORMAL
260.6,11.512957218953078,1.3294808953905666,-2.1768850428505147,1.9268517239048029,-1.7274383853507702,0.05014246239990714,30.857321191106625,2.6802254715502722,7.022865078517711,12.366440964307188,0,NORMAL
260.7,11.475026841681078,-0.5100824823827234,-9.73436889347949,3.065805963941268,8.074654337404743,0.09374570433025652,30.607716823895462,2.667332917489844,6.668161978261778,12.351131739924964,0,NORMAL
260.8,11.378715764772698,-0.6173928833053316,7.164860636242279,3.5417825913857515,0.713717745564606,0.13173121190655518,31.37134897687298,2.7570201792011857,6.491806192432393,12.362605252598915,0,NORMAL
260.90000000000003,11.379267194569463,0.9228896448657326,4.94594921065469,3.208549513054189,-3.163310326681723,0.07373571408987123,30.742322891785165,2.7016083167865457,6.589798796611936,12.358334416707983,0,NORMAL
261.0,11.581530464438508,0.37179695882560637,-12.503369580448261,2.909120526049407,-3.094473675692526,0.09208309560271116,30.92740541804298,2.6704074658359405,6.394823576333059,12.41873657461538,0,NORMAL
261.1,11.475718034982652,-1.5777842712239198,-6.18350237103358,2.5896547779156838,-0.6769233990047585,0.04702950525412379,32.0675510691531,2.7943829720631137,6.910184932987222,12.36017088654381,0,NORMAL
261.2,11.256910473743604,-0.8649035153811095,8.80756059177755,2.773735846248455,3.0623528636982678,0.026375044284985584,31.954338210774036,2.8386419422368636,6.6391794974061815,12.346326109584846,0,NORMAL
261.3,11.317833314406233,0.18372784713159038,8.469883579316306,3.2021253506553373,-7.197454501041383,0.09363217334958267,32.04588963360468,2.831450927344383,6.034782050959345,12.447936186234797,0,NORMAL
261.40000000000003,11.31020183079719,0.8290732004821516,2.053720725192963,1.3342449460401784,0.5646146630367554,0.06793686811636956,31.190337282114893,2.7577171255410273,6.306633017998072,12.362261576959403,0,NORMAL
261.5,11.475725670765602,0.594471992170183,-9.621581791520013,3.3150482832626884,10.293205042642732,0.0802716544879995,32.39352707526304,2.8227868114506705,6.563886245835531,12.387870437083796,0,NORMAL
261.6,11.408832590974763,-1.095243157821851,0.4351079580042544,3.3928859545687247,-4.932291533529254,0.07881088511653145,33.62916168412102,2.9476426633452575,6.887483940019946,12.351750308037222,0,NORMAL
261.7,11.278844078910334,0.6814935837710339,5.633970418160612,2.3285899765568376,-1.4670775303650907,0.046721160053028704,33.39752840053725,2.9610772315742335,6.6925205210005565,12.350658223401378,0,NORMAL
261.8,11.554408550839456,0.03155092581027136,-6.673691445742508,3.0994704484957065,4.4247905542989425,0.09053831634971866,33.04095490772158,2.8595972491660833,6.155899982600713,12.369872502812381,0,NORMAL
261.90000000000003,11.285439730311646,-0.6532447053774677,5.890877794806198,3.2135480874166262,5.282795185581652,0.09248806266219246,32.15171624276682,2.8489555578778454,6.251836548006072,12.394975943221581,0,NORMAL
262.0,11.438234504210433,1.209726484771511,3.7496757908898326,4.156029485612037,-0.7539826367209712,0.14013598203162903,32.635242812720904,2.853171335201059,6.782611264515193,12.36854181493612,0,NORMAL
262.1,11.525287036004915,0.09669045280049883,-6.527628961875885,3.062751560072432,-7.422417378133576,0.06685339765787651,32.10914495601267,2.7859735601988853,6.228976381553907,12.35295460679048,0,NORMAL
262.2,11.43961882450235,-0.09579930760366598,4.053316217554789,2.6715460099853217,-0.3846789529815964,0.07750140241524668,31.71775929928929,2.77262378982012,5.9897114981530395,12.384433509515022,0,NORMAL
262.3,11.514364190956343,0.9073536963114567,-0.38357792522243594,2.9858157694761127,5.082571268697113,0.07960563112199627,32.585873183975686,2.8300193257365795,6.6361725660521005,12.328683472338794,0,NORMAL
262.40000000000003,11.631329318017773,-0.17251489264815317,-13.763729235553132,3.6880602637247444,-3.2103567330667326,0.09164190392175807,33.0959649048274,2.8454155152807297,6.201366719654161,12.34395476725747,0,NORMAL
262.5,11.478400855635725,-1.84539215079917,5.357874483538778,2.343744422862766,1.5962336395681431,0.04760427709884543,31.612782675699343,2.754110356773081,7.1148023734736965,12.3335847495081,0,NORMAL
262.6,11.257052816744324,0.8990600040596024,13.047360651419234,4.007306991638373,7.055438573281163,0.11757505027590019,32.19818456041108,2.860267699243432,6.734632846837772,12.401448420076987,0,NORMAL
262.7,11.66789631691659,0.764079979484677,-11.640395556261977,3.754832137518999,3.1494365044846795,0.06602987427387175,32.49213555445542,2.7847466820001654,6.717649515419313,12.356619449921729,0,NORMAL
262.8,11.42291426692822,-1.429019107192793,1.9600237181513018,4.637194292535309,-5.830715182220471,0.12432391318042282,31.73137236990064,2.777870132648176,6.996222026098632,12.378145329857317,0,NORMAL
262.90000000000003,11.397556087244553,1.1560847231149374,8.295674637777388,2.5886891010749045,-5.116046692053617,0.0925881132175238,31.674451404098377,2.779056418906022,6.747641737647289,12.392242863975653,0,NORMAL
263.0,11.616944223498619,0.23011582036268494,-5.28624209982712,3.6139849541245854,-2.0503455487457067,0.09045526262618615,32.03299720625563,2.7574374628966245,6.793750619524358,12.30799057215338,0,NORMAL
263.1,11.454176668899816,0.09883630314951347,-1.2859221591707632,2.178619991325763,1.0720072087455823,0.09421915136878183,32.05133717374594,2.798222700787494,6.158201680117442,12.376169882067112,0,NORMAL
263.2,11.646205879068592,-0.027068611471467725,-2.801883421753036,3.828386395873702,6.972462031080342,0.10734943639087197,29.880217459607575,2.5656611062758623,6.321231935613547,12.373706437563937,0,NORMAL
263.3,11.436995275528504,-0.46154038120109375,3.5556798182146925,3.5731123975418315,-1.2963574602101846,0.10100607528406626,32.310035397288175,2.8250457938389877,6.243886785061973,12.387424988664824,0,NORMAL
263.40000000000003,11.519084399169802,0.6840673521714707,1.0077700809253902,3.569114903831665,1.3134441548324816,0.06027844203962019,31.752511032744998,2.756513446071586,6.3414076304591065,12.365777331823592,0,NORMAL
263.5,11.569161440155886,-0.2599863650160157,2.5342946601808873,3.835801228508328,-2.213193783080867,0.07758688748573231,32.63646132784324,2.820987631356235,6.389613893697565,12.347264542968892,0,NORMAL
263.6,11.468503716477967,1.1909262842076482,7.401662231310772,3.1264761472154916,-2.073725787621541,0.05737075661961856,30.88259677865249,2.6928183084843336,7.003420391839451,12.343963789693364,0,NORMAL
263.7,11.848972227951766,1.2203460812461389,-12.442574916327228,3.4210560709840196,7.273271889532396,0.09542927170022912,30.86146449553461,2.6045688944001664,7.1969043801404755,12.370719559311356,0,NORMAL
263.8,11.707722333763568,-1.2975886990577976,-6.832480631298101,4.581130525121971,4.882851102484609,0.12929986827252588,31.049097802435117,2.6520186349904717,6.985153850988568,12.350278848498126,0,NORMAL
263.90000000000003,11.600943476509215,-0.14615004501348133,9.051698149983844,4.397626291480941,-4.18986064045908,0.11180209804698131,31.72282719123745,2.7345040733517147,6.446571703964027,12.374636535653993,0,NORMAL
264.0,11.663636940644276,0.5127509309389712,-7.09985742855175,3.7431583970301547,-8.472802210289355,0.09870408438126402,30.9767483860038,2.6558395587622523,6.2372669174195075,12.396334466921708,0,NORMAL
264.1,11.712897018576895,-1.5661215307238314,-6.690351144539584,2.70306584942307,-3.7763710062265243,0.06797695785981474,31.94158479106655,2.7270439363042756,7.316813888855185,12.345579466272545,0,NORMAL
264.2,11.346808912515616,-0.8253192979689457,12.943829648381453,2.98788419578485,6.851547760179333,0.07080290457886917,32.98210366304232,2.906729452953315,6.258351751111097,12.362397682080156,0,NORMAL
264.3,11.523146695575662,1.0226443989524592,6.200822967736633,4.073375401458937,6.075589658178346,0.12411652107639416,31.501567339291594,2.7337643242350365,6.527104204138741,12.397100984940241,0,NORMAL
264.40000000000003,11.574793374148935,0.414845295578381,3.683649407327352,4.203002127420519,-2.5317642095507553,0.11970181446912384,31.352051068557135,2.708648876495592,6.6717332944492975,12.348962280546914,0,NORMAL
264.5,11.589969899468814,1.7593742804179295,2.134663322430471,3.5670225595487857,-5.276839260014651,0.08865593257187193,30.767666776798716,2.654680473174382,7.643511344106605,12.312264647444238,0,NORMAL
264.6,11.937924547583442,0.8417779600644753,-15.711309326337393,3.147634275417589,0.42048977542501254,0.10338150390933422,31.78564935333168,2.662577504710897,6.562430537969881,12.329072547287565,0,NORMAL
264.7,11.745691657803658,-1.3828875848495488,-8.320493366712617,3.651120514633788,-0.425939309796628,0.10933488240298934,32.47074463835702,2.764481274015392,7.074801733879132,12.40309277110497,0,NORMAL
264.8,11.6569837626723,-0.8223207132780483,6.946232774436411,3.062446413458263,-0.2942155691934323,0.060546764338789194,31.059238362318112,2.6644318114069288,6.516187453373176,12.366227802660832,0,NORMAL
264.90000000000003,11.560552532587044,0.006358970037733669,6.389513581744068,3.5922774007951017,1.8985398189386182,0.13778596093524945,32.79459580547385,2.836767162558363,6.1107118314594375,12.368420075817257,0,NORMAL
265.0,11.667637319681182,0.45558200307076524,3.81863687221111,3.442154377245987,-4.867934314883795,0.0725642575334003,33.87697036824817,2.903498749580079,6.32645965193333,12.369126666171264,0,NORMAL
265.1,11.659517021337676,0.7700863444799557,-1.6510495012829374,2.6186905378183427,-2.6019045538989993,0.08603544724882095,31.401222656578444,2.693183825634643,6.664855218048576,12.361742537389942,0,NORMAL
265.2,11.827270844565916,0.12537210281417774,-8.636184133007161,2.921773466466187,6.6657552068002675,0.06393788771020824,31.922430630204328,2.699052981007128,6.155167003068123,12.370016158617517,0,NORMAL
265.3,11.671396713537202,-0.9571504821214765,2.893437515175198,3.9518415791783963,7.4649352656589425,0.08238728427618677,31.47106943608662,2.6964270179921606,6.975271133740778,12.326258410573038,0,NORMAL
265.40000000000003,11.614187217184647,0.7040596058492175,12.88672947792784,4.4147605195979756,-0.002149405916063163,0.09722135461798885,31.363940591974558,2.700485191556726,6.430183299231918,12.363671470974722,0,NORMAL
265.5,11.882039953392916,1.6201954134640917,-3.433882172583317,3.9514116979951837,-6.596289261255472,0.09039587553739799,30.680675443348747,2.5821050563449655,7.355424358265072,12.369627765068987,0,NORMAL
265.6,11.895116600947325,0.01728317133255393,-12.867928777413757,3.095502667346881,-3.299822316761598,0.05779090035798237,32.70545814779342,2.749486133258144,6.3625996906038225,12.386752487002234,0,NORMAL
265.7,11.864270186728161,-0.9533903420186598,-1.9427937220931586,3.291447234642864,1.3543420718159949,0.0821403503247371,32.85763180036282,2.7694608503706073,6.848341552418745,12.33218940764474,0,NORMAL
265.8,11.700270709442192,-0.37127557308607784,7.602634071437668,3.36637108171008,-3.2140447370944925,0.07719389872478825,31.06417015974644,2.6549958484872884,6.661834858694595,12.42081861986546,0,NORMAL
265.90000000000003,11.779320421935356,0.567136472268874,-1.6007088357980093,2.6486382872239655,-0.6687160798463032,0.09635329948071775,31.754789618067562,2.695808287796811,6.579787721998838,12.344886608991144,0,NORMAL
266.0,11.818054128633298,-0.6914173402456797,-1.8074404951106033,3.2326278657408194,3.0242655809335695,0.1118565600968088,31.122705483222983,2.6334881482576336,6.5811597509598485,12.355624612359254,0,NORMAL
266.1,11.681041424341476,0.20564837324675328,3.732455976119192,3.2534914034106794,-0.37829003067702205,0.11017766114775217,32.50297063304147,2.7825404818195687,6.471517151987746,12.393854349783446,0,NORMAL
266.2,11.853629105017674,0.0550738549781587,-1.1228900072331451,3.156969859605415,-1.7339452859175708,0.07236134103092269,31.99689374590906,2.699333129325321,6.2077370527635765,12.386261227825484,0,NORMAL
266.3,11.71316966462096,-0.018929628199875745,-4.483365626082556,2.9067023462271653,1.8157114628959636,0.07563656154204795,31.82770390624564,2.717257993997954,6.600898848382459,12.375339971750272,0,NORMAL
266.40000000000003,11.866232898008382,-0.8415992702383525,1.7473760685276731,3.5201121521846077,3.8750768912717803,0.08298150696945909,31.005018411891225,2.6128779603757044,7.018231644378463,12.331623390434368,0,NORMAL
266.5,11.545697078286494,0.3305455855056589,9.518053672029074,3.6817177244815213,3.220397682167857,0.07550690373532808,32.02128800674557,2.7734391253834865,6.413949637799414,12.335951665266261,0,NORMAL
266.6,11.932916732812863,1.0620114641674625,-7.045497464219343,4.164191688618179,-2.3842492896450507,0.10235185543218452,31.49284684744041,2.6391575130028433,6.761434833831995,12.36725194113913,0,NORMAL
266.7,11.75138022251986,-1.0785539073382098,-13.471719878164183,3.204867866552511,-6.630042796818227,0.060433929728627565,31.22712818430528,2.6573157869969095,6.382446740589445,12.382174386723358,0,NORMAL
266.8,11.66887677472522,-1.632332511465374,4.971779995127368,2.8381831292545336,2.779194737315389,0.07719624965845755,32.60103186955528,2.793844900322291,7.1347710080174584,12.381938282063665,0,NORMAL
266.90000000000003,11.421169431327453,-0.08419790831273616,10.9779698940658,3.760706814015589,7.339357297615156,0.0882995040098556,32.67626355135633,2.8610260751169374,5.756649311672953,12.415489735037367,0,NORMAL
267.0,11.655378635815532,0.5632614673477864,2.075667642145367,4.306054588777565,-4.104124560422515,0.08967368435069006,32.289121769383904,2.770319418895877,6.415419565685243,12.38385286571365,0,NORMAL
267.1,11.541873562575306,0.33093562011633726,4.106565541248955,2.939881901931086,-1.6458528941477568,0.10196181313010921,32.034223824859495,2.7754786648097527,5.989866685641162,12.401608094767479,0,NORMAL
267.2,11.67256478683573,1.3845745755975774,5.945201340598271,3.9768840099480136,-0.40274045535067415,0.1235421170001134,32.90058183075919,2.818624906487075,7.16972250489009,12.374353012611623,0,NORMAL
267.3,11.789984661285201,1.5199758882359915,-11.316927314893865,2.859333810860951,-5.494914627506473,0.07883491365731216,30.595617282652498,2.59505149172241,7.324536942350854,12.329768902692672,0,NORMAL
267.40000000000003,11.955207850196219,-0.8788108873811955,-4.054613227207547,2.877901084446719,-0.05722788494764819,0.08245796114977397,32.55765208174888,2.723302889394308,6.840308537484506,12.374449083359147,0,NORMAL
267.5,11.591486444629606,0.709053242794482,12.327576481751255,2.8478882338714215,2.822297552781785,0.03665686092460905,32.04189626305803,2.764261202919596,6.586611934883175,12.412120798128402,0,NORMAL
267.6,12.060747277906714,1.5867044089690552,-17.054703825980706,3.442360595003076,2.5922825269732686,0.08930689753384691,31.605999351933793,2.6205672520666057,7.110188792933598,12.371568484203436,0,NORMAL
267.7,11.949182763601488,-2.701887522401659,-16.403055664985153,3.3663447392660752,-0.3873233736530812,0.06730446941341627,32.82762321789028,2.7472693210356436,7.983557742175739,12.336210582818149,0,NORMAL
267.8,11.532136952655925,-1.693906724027976,13.923764198797072,3.3648959202724598,3.4840966314780952,0.0898593122378936,32.39159759540451,2.8088113875498606,7.277393800422696,12.328468327142007,0,NORMAL
267.90000000000003,11.620691319797903,0.08286531735775543,13.1006367537336,4.063164065561694,3.3186617890265957,0.10622001320563955,33.11212306347744,2.849410775335292,6.177117760657114,12.395680554295197,0,NORMAL
268.0,11.582476963535335,0.9262206267187444,4.592048430789937,4.028628278077779,-2.458209499733812,0.0929044622949134,31.697803216138766,2.7367033248528565,6.709902489432669,12.397001257348537,0,NORMAL
268.1,11.818867462676463,1.001275003515743,-11.129832438435502,3.571522165614932,-9.697387074607558,0.09331428502008204,32.21782399329416,2.7259654188556417,7.052280316076524,12.324661317502185,0,NORMAL
268.2,11.788232374381371,-1.299745860968356,-3.615776473604531,2.089150863156267,0.2680652078338741,0.035568801759700605,30.929089975747424,2.623725847393684,7.299687651402727,12.35082704539378,0,NORMAL
268.3,11.57190276448584,0.2781197087948367,13.410813510878281,3.6251352071817067,7.308592803528346,0.10233306392942237,33.665846784250405,2.9092749454800866,6.3312466149327165,12.415547852571287,0,NORMAL
268.40000000000003,11.848341505075778,1.3824168412073,-7.008319802954519,3.5508694238619363,-2.759700176679103,0.07268351814557775,31.766034526380672,2.6810532522861736,7.077967183939351,12.3352368820605,0,NORMAL
268.5,11.851401683942486,-1.123544251796067,-7.917759779776373,3.073195171845886,-2.653687835568912,0.12775305027647935,30.365540355448157,2.5621897869338577,6.886585139711317,12.342054512078068,0,NORMAL
268.6,11.61591044585724,-0.20113511474797474,13.19122774980299,3.020131856748154,-0.2506894227022838,0.04799964829615144,32.728090868573666,2.817522657489666,6.2512260071846875,12.35764622616222,0,NORMAL
268.7,11.79604234430459,1.5147012981645311,-1.8609260491206336,3.0230572873054293,0.7001292697945161,0.03972126997266889,30.776819139008015,2.6090800830218956,7.2795187446427185,12.337505705591942,0,NORMAL
268.8,11.932414065792335,-0.5733203245721015,-10.469441172234179,3.160157710707057,2.1844043088842335,0.04520323430005804,31.366912286658806,2.6287147021306443,6.901000923019467,12.397983777778034,0,NORMAL
268.90000000000003,11.677548697728868,-0.5791869362823047,-1.4720972600054993,3.459938149082276,5.007190268117833,0.06614968129961958,31.058718039604198,2.659695013358815,6.669547436884386,12.353027781025023,0,NORMAL
269.0,11.825188116747896,-0.8677397765732013,-4.096612643106716,4.161595764330624,2.1780299199322317,0.10382889144713793,31.998631878412137,2.705972333166759,6.7335579081520285,12.363127119859284,0,NORMAL
269.1,11.53781540834994,-1.3985094649036478,4.687603486350848,3.8955441330687224,-8.086751411101917,0.10135614446983372,31.445182748935405,2.7254017884684187,6.986834162449777,12.371639502146259,0,NORMAL
269.2,11.534349701228598,0.06978092069696826,11.154260932007581,2.5442454821102403,-3.684450534891488,0.02617735289622762,33.039150130524014,2.8644137715891174,6.440294407001324,12.381062679748522,0,NORMAL
269.3,11.571736893051568,0.8323427214978688,4.514281684837561,3.158654026090425,3.8083164836248318,0.06181042209919761,32.117213451220614,2.7754877031905125,6.665579639559392,12.343889405191236,0,NORMAL
269.40000000000003,11.682421134621684,0.9726372576644806,-4.031557738438498,3.3059087788352066,-0.8125871419614294,0.08123958986906965,31.38695338648694,2.686682240333682,6.721326076160926,12.40149588689622,0,NORMAL
269.5,11.774579091762746,0.026031173810169228,-7.895946112149452,2.996136597698139,-5.802699764091748,0.07879124828021725,32.79013458456738,2.7848243515988345,6.525801256864816,12.339837677671136,0,NORMAL
269.6,11.670343947181529,-0.6065519647654097,-0.16313072973269477,2.145368826016857,1.6648893005213705,0.024563400140512098,31.35637104489374,2.6868420662500294,6.702654878893794,12.385725785692173,0,NORMAL
269.7,11.636369812197342,-0.006594972136369726,2.684859934961071,3.329114457802413,7.334854710760146,0.0791416128659984,32.6578949119409,2.806536354465859,6.158737177295012,12.40539630113561,0,NORMAL
269.8,11.637585581299827,-0.06957997777319548,-4.73325456564055,3.6123397681688862,1.6414262732008456,0.07961512003346793,31.530596315641933,2.709376106871148,6.174007555547019,12.37857006428481,0,NORMAL
269.90000000000003,11.599076173053643,-0.9532458852644797,-4.787700564428234,3.657399712442582,73.75177463136697,0.10214174182277617,31.60564111460886,2.7248412410665437,7.068052977817522,12.389183164259778,0,NORMAL
270.0,11.434900268463945,-1.0271200906588422,-2.0562010250643885,18.362694694442283,73.42269785651192,0.5118235186626955,5.050739319598584,0.4416950914323149,8.166271118376212,12.36781703474422,1,COMBINED
270.1,11.798202301804109,-1.3644860902773575,-7.368922044805046,18.341939283744967,-3.021967530484595,0.4841600355380917,5.119571276554192,0.43392808036283104,8.15245431581367,12.350514752149666,1,COMBINED
270.2,11.564032101557174,-2.5009044996198515,-11.547041971092549,17.758301188345364,-9.936213531165112,0.43159314386673925,4.897858694211733,0.42354246781727656,8.131246331475477,12.391878511262684,1,COMBINED
270.3,11.71458788119344,-3.673894484495867,0.003476596672875587,16.354696577511945,1.334605688638355,0.45678676830194487,5.034950270125079,0.4298017413150463,8.516720931643915,12.36386307380832,1,COMBINED
270.40000000000003,11.240043289175933,-2.5002091802852764,16.17402476517918,18.025222326073035,1.6866485275066267,0.43654070747525603,5.161855938308736,0.4592380834760271,7.696908972105174,12.342758218897163,1,COMBINED
270.5,11.613373877683737,-0.4390895314600305,-0.4826938870501274,16.69202628301327,-2.455645994196196,0.4267369898171609,4.814651558758952,0.4145781931649327,8.57214646986682,12.336197267628684,1,COMBINED
270.6,11.529207051048928,-2.596747957695302,-15.405791856250056,17.534093127233795,2.687439165531611,0.4983028877924198,4.979603995231105,0.4319120970924067,8.133472871593359,12.373000430571333,1,COMBINED
270.7,11.494465629428147,-3.520247902710042,-6.5426184926295194,17.229514116119592,6.3399767441925725,0.4423497890072602,5.141638965101735,0.4473143102832117,8.45415239102412,12.38109307243013,1,COMBINED
270.8,11.21260637535223,-3.9052716562212058,10.286784699985928,18.80208847607231,0.6959955489236869,0.4836423747966826,4.789515920902776,0.42715455805451114,8.500863624876802,12.306999653019444,1,COMBINED
270.90000000000003,11.098039827392723,-1.4628909627128563,13.379153247626151,17.36871322590433,-4.488686315586552,0.45518445392148515,5.604100541695488,0.5049630951821937,7.8145735430081436,12.39390186641354,1,COMBINED
271.0,11.326290404754225,-1.2294410066959753,2.8876013744848184,17.904351212955,0.8033802428546721,0.44286551553011494,5.097352714173963,0.4500460902922234,8.074335039616715,12.35662073907658,1,COMBINED
271.1,11.251178429087412,-0.8853706878158927,-1.6754825407282936,17.529389274475264,-4.2644464627014145,0.4339323235003525,4.686878346864958,0.41656777344745327,8.17645946126509,12.380428582213707,1,COMBINED
271.2,11.57590025583985,-1.564537514841634,-14.268938805954555,17.051461920414717,-1.1435801882883112,0.4311165494643913,4.690974484075539,0.4052362563947474,7.93476217532348,12.350787336678117,1,COMBINED
271.3,11.355446336118511,-3.739158449006804,-3.311859279122412,17.3006732368176,0.6916548531700428,0.457785052806744,4.657489900886005,0.41015471898025063,8.556807484524626,12.418754989274937,1,COMBINED
271.40000000000003,11.20559665637879,-2.2269093706661165,5.028718836825871,17.189792891048725,-4.844591225240826,0.4492426769251331,5.081390817809496,0.4534690096057413,7.783951925762025,12.357174611515237,1,COMBINED
271.5,11.358591626722358,-2.7334146816416296,-2.1571431316434087,16.331754991769436,-4.061598203608483,0.41911975518667277,4.68896049103101,0.4128117855738123,8.163786599670342,12.342742021159701,1,COMBINED
271.6,11.053943051431421,-2.6583379969947982,5.1558898985534105,16.37747325032703,12.502794310167005,0.4126746589771425,4.669516520411905,0.42242994184841853,7.867908001087189,12.34376238860353,1,COMBINED
271.7,11.235602802305301,-1.7022367019309474,-1.5423509029905969,18.832313853802837,4.266308750900443,0.48641385819500466,4.853321525865588,0.4319591579785814,8.196321447942339,12.343157034656404,1,COMBINED
271.8,11.088633574721943,-2.9668081775929176,-6.513144287398991,17.230735000507117,-9.87085906484861,0.4579718181564598,5.179022079045291,0.4670568329403165,8.201213499478321,12.324675074779961,1,COMBINED
271.90000000000003,11.063938297492273,-3.004865559410746,6.15580820535798,16.858142040833116,4.699490911264768,0.431757706364432,4.861719927267075,0.43942037604900785,8.126437819025913,12.387000887227238,1,COMBINED
272.0,10.902489968828423,-1.7356465365213216,5.388269151627522,18.17063318276007,7.3219494827478115,0.4767453320881055,4.931300280213932,0.45230954527939343,7.430417270374369,12.36106472895953,1,COMBINED
272.1,11.122733628127941,-1.9272117290852413,-1.5123401985071716,18.322531937382678,-5.357729348022495,0.4843678501082936,4.832050033693025,0.4344300776450675,7.636681592667333,12.394595373542483,1,COMBINED
272.2,10.917506659832904,-2.038114576222756,-2.0130228066464806,17.09908731315557,-7.573420731395153,0.46309446006385746,4.99237625426748,0.45728172281636054,7.499611205703542,12.423334583185577,1,COMBINED
272.3,11.088241301930475,-2.3298162904145374,-0.2154153701863426,16.807847791103647,-5.04322726038918,0.4382205047736446,4.946902505264908,0.44613950675871805,7.622327279150623,12.407719505202055,1,COMBINED
272.40000000000003,10.85103573688789,-2.0811976502600245,1.8275295142482595,16.090441861077736,3.611713122479756,0.37794444551507445,4.8484654416604105,0.4468205210289875,7.516265402077102,12.360519619106752,1,COMBINED
272.5,11.051818137901048,-1.9643103875648855,0.31465060869593664,17.5301904155996,2.1196100708252708,0.45843434966290775,5.433310472385585,0.49162141510025564,7.522639152949329,12.369325548229792,1,COMBINED
272.6,10.837790180404117,-2.018267528520837,5.947169681403078,16.51436387524279,-12.452655132541919,0.44155961105701286,4.807881935793162,0.4436219797358992,7.419956968837623,12.412174723845865,1,COMBINED
272.7,11.047777326235838,-0.7748764512842699,-14.273985453126505,15.039659389091215,2.0734964082049423,0.4090802701997971,4.6566347413132805,0.4214996920923526,8.105979057546683,12.307321177705097,1,COMBINED
272.8,11.05995601033786,-4.873064619146138,-16.73102733183842,16.929063156883778,12.712505354288632,0.41009141836436436,4.97915112407974,0.4501962864432439,9.151624901369031,12.351961758645619,1,COMBINED
272.90000000000003,10.49395435569516,-4.121081917651954,33.81276702600886,17.58216045994894,-74.11095193203127,0.41413079555115917,4.902396699468404,0.46716390535926333,8.75598587143591,12.342996960410693,1,COMBINED
273.0,10.656126784307563,1.8894887860556353,18.362301175364877,2.1068727704775227,-74.26501128891668,0.03856874493678519,32.878344187036184,3.085393487946627,7.170868344542586,12.35880099361277,0,NORMAL
273.1,10.886993453726422,-0.448621682578978,-10.628015929586661,2.729158202165604,1.0635974817355875,0.07324336884467782,32.455495526621384,2.981125658297558,6.297910261782261,12.398787390846627,0,NORMAL
273.2,10.510253203385929,-0.23611439986169724,0.9817678169857121,2.3195922668246403,6.134418943700628,0.07461354783572775,31.744757562329788,3.0203608750456232,6.1540346941113935,12.402605925593956,0,NORMAL
273.3,10.806840624849922,-0.25226811918183556,-3.932549905299465,3.9560419909057294,-0.937374294534743,0.10759952287323302,32.42669324626485,3.0005710616015646,6.239677439434761,12.418111894157557,0,NORMAL
273.40000000000003,10.43739287967667,-1.0226243809215902,5.726819862811363,2.1321174079176917,-3.913675851384162,0.04324706205788091,33.36532886367675,3.196711022409108,6.799164868309385,12.369769955574416,0,NORMAL
273.5,10.59519172374199,0.893095853380437,4.350175448646463,3.173306820628897,1.7297861699025252,0.10602899470167124,31.620917567577017,2.9844592143358777,6.382089685646035,12.368994838207737,0,NORMAL
273.6,10.559706273414175,-0.1525892911922975,0.5891293415542087,2.4780746418981967,1.4635086809347908,0.07276749851710866,31.808045531667442,3.0122093084870656,5.844116529725111,12.370934684712985,0,NORMAL
273.7,10.565945701710547,1.0109217216912787,6.054832340265815,3.466008556815855,2.16970488566107,0.0889018257237895,32.934255293098964,3.11701916921333,6.554874424004922,12.38592521362693,0,NORMAL
273.8,10.7578193097002,1.0583771768608656,-13.280037270120975,2.9120156190304107,-0.28837047760691625,0.11777877500013476,31.446737787408754,2.9231516985095296,6.2686436383962985,12.396989746049355,0,NORMAL
273.90000000000003,10.775070014441885,-1.645085732332916,-9.237858149164053,3.408334461294472,1.8740220986338874,0.06790592135965196,32.189471316356176,2.9874025201889594,6.986692768694777,12.327364145556162,0,NORMAL
274.0,10.435104256795945,-0.789194452971945,14.503366103754507,3.286820038757188,-5.073909780329268,0.0663825579839824,32.15403818407852,3.081333678399806,5.960163798493015,12.39781369709644,0,NORMAL
274.1,10.643074498539228,1.2555874884179852,-6.8998814286938766,2.393552505228618,-0.20957735546981215,0.0503011966621022,30.884522567222014,2.9018421858703465,6.432380374351006,12.38660488328757,0,NORMAL
274.2,10.661134205946562,-2.1691707387107204,-12.643651486519957,3.2449045676632258,-2.952502858728384,0.06352287057074407,30.69385221248233,2.8790419123850755,6.872465135257119,12.353004293682163,0,NORMAL
274.3,10.234493230308445,-1.2731428088860062,9.295593382587548,1.8030519334829413,-6.947160428691661,0.0660562734146486,33.10247675730398,3.2344031123372337,6.429341284611471,12.365383844971808,0,NORMAL
274.40000000000003,10.386900821748036,-0.3100520621932107,1.2201430522085388,1.8554724819248936,2.916075970154733,0.08450190005329944,32.09609287491628,3.0900548128575234,5.764865187546285,12.42668011206823,0,NORMAL
274.5,10.187663226718312,-1.0291141984442984,-3.395205948173528,2.386267127513888,6.092113542508875,0.07068741549378155,32.90187069025999,3.229579733649918,5.795782763792591,12.383160245366962,0,NORMAL
274.6,10.184372035803541,-0.9890932518279163,8.909740453263328,3.0738951904266685,-0.18071464170094753,0.0849244241330979,32.792136964480456,3.2198486906407653,6.080490616517111,12.384105084716051,0,NORMAL
274.7,9.973307804088323,0.7528338922083673,14.81171017531727,2.3501241991736985,-7.580768003320109,0.04465872892878048,32.82558157921635,3.291343476410131,5.943992831225274,12.35258780977805,0,NORMAL
274.8,10.296704065212376,1.9732487832355379,-12.559598110479419,1.5577415897626468,3.9085564461953837,0.06841298181683436,32.02437416231988,3.1101577708263832,6.718835682618096,12.389863816301963,0,NORMAL
274.90000000000003,10.385104314491336,-1.7590857298875169,-16.44425637863301,3.1318354884127753,2.235411598910677,0.06346641523965943,31.55549643628461,3.0385343739159354,6.763158121746542,12.376228713609391,0,NORMAL
275.0,9.964259635611914,-1.3156024924910645,10.78909331279779,2.004823909544782,-3.539804899788994,0.09511655599020485,32.570177395485956,3.268700193146442,6.17128567667819,12.343961121364515,0,NORMAL
275.1,10.124197165727047,0.3987329326720413,8.184215178695156,2.4238745084549764,3.642512442125192,0.07862167941786405,32.05020699951041,3.165703558995119,5.70868912669456,12.427261163852261,0,NORMAL
275.2,10.054069252593779,0.32124054324796714,-7.538762903419423,2.7333263979698206,-4.688702454850714,0.05150725311800146,32.06253954685877,3.189011209425197,6.008109442473472,12.396929776207047,0,NORMAL
275.3,10.173838618894067,-1.1090196480118435,-8.605496638683638,1.4861340174848336,-4.7900036313792045,0.014476459905918504,31.76850621497147,3.1225683249951945,6.1417678116122705,12.350768927573142,0,NORMAL
275.40000000000003,9.832877672468147,-1.3998587844887604,-4.995402855757308,1.7753256716939796,2.99000174252071,0.05229869290258557,31.994996188768912,3.253879205510126,6.337401617033828,12.34187920920098,0,NORMAL
275.5,9.917605249633768,-2.108100219163305,2.619105755437826,2.0841343659889757,-1.429887140151298,0.09211104711613316,32.70514087880827,3.2976852834524735,6.794040625622406,12.42398760711472,0,NORMAL
275.6,9.440181812234474,-0.8760376334011952,12.270550677073704,1.48934824366372,-7.913615012260144,0.044603094008178065,33.67983459981755,3.567710375680317,6.114053591942423,12.387241194878523,0,NORMAL
275.7,9.74504701921325,0.3460099162514357,2.6038534212524964,0.5014113635369468,8.299773367803205,0.05332037938004654,32.74666679090401,3.3603395372378366,5.662701283220533,12.393829777804658,0,NORMAL
275.8,9.53250655117855,-0.3552669491506959,-3.752444232346509,3.149302917224361,5.259882728171412,0.09232304866361819,32.791005354495034,3.4399142742200293,5.711103401319243,12.351264221010668,0,NORMAL
275.90000000000003,9.67229147008339,-0.4044789302178662,-1.1330596223504878,1.5533879091712293,-2.28070219085154,0.06014289406749204,33.26950982951213,3.4396719673321936,5.7518414408889305,12.377849517001984,0,NORMAL
276.0,9.477166648080711,-0.5818788736207935,0.7619663299789936,2.693162479054053,2.622224986534567,0.0767498533417421,30.644194304166042,3.2334763587144493,5.641903727991112,12.413589353002033,0,NORMAL
276.1,9.54664489860446,-0.25208566422206746,5.564146109668207,2.0778329064781427,-5.762794346531175,0.04015594733122512,32.12096978804128,3.3646343955599267,5.452231599991194,12.388104681205379,0,NORMAL
276.2,9.45828599429124,0.530950348312848,8.509935207540453,1.540603609747818,-3.947561226777596,0.020165363153666852,32.55590695540452,3.4420514430473306,5.474715641704331,12.428405414533358,0,NORMAL
276.3,9.633400360285446,1.4499013772860232,-8.691058608698881,1.2883206611226234,7.464676164394657,0.02660862463575355,32.08630560564446,3.330735192728325,6.394041677788104,12.368534000274662,0,NORMAL
276.40000000000003,9.760750391764203,-1.2072613734269286,-13.459357671537425,3.0335388426267493,4.5361746734127335,0.123674193690299,32.00531209107655,3.2789806937468216,5.963850004146115,12.440113659810287,0,NORMAL
276.5,9.401484381262192,-1.2419701570214619,3.686885150585745,2.1955555958051702,-3.250505974022142,0.035305545244015815,32.462481339424684,3.4529102025765903,5.98131928436987,12.377781494247348,0,NORMAL
276.6,9.537810934993809,-0.4698843433097796,-2.8441277785155283,2.383437647822321,-1.1257852361070675,0.06337024055078873,31.917581109599187,3.346426274030552,5.7282891290342075,12.376104873849263,0,NORMAL
276.7,9.301034295167712,-1.8107957127245675,5.546980320899579,1.9703985485837567,-1.4411543629516244,0.05462498271405857,32.98707394595451,3.546602764715395,6.130308909350189,12.40080380358475,0,NORMAL
276.8,9.180874119887068,0.6395117208701363,13.564428864774085,2.095206775231996,-3.8259590736032987,0.07604809308677322,33.629086495879115,3.662950396306357,5.390050500081563,12.39893425336458,0,NORMAL
276.90000000000003,9.388484344709596,0.9020900602302494,-7.9007596284840105,1.205206733863097,0.47566133090297,0.03761821286625184,32.823962430264665,3.4961939781857274,5.992732238785354,12.400454159699889,0,NORMAL
277.0,9.388961425895687,-0.9406402048266658,-6.824468452156998,2.19033904141259,0.41403547328190293,0.08663927174468349,31.162023848457963,3.3190064837746602,5.822488399260718,12.312875990112396,0,NORMAL
277.1,9.184375912508749,-0.4628036302011501,-0.377227884837007,1.2880138285194775,-0.9856228403403056,0.017744000769401858,33.137316695904914,3.6080096254306433,5.616290347207331,12.366034210676853,0,NORMAL
277.2,9.286125200350616,-1.0160857817940672,-0.4251806235714384,1.993214473344529,5.947670795299643,0.06722587482864702,33.29336516229644,3.5852806680917224,5.740136052975048,12.451909402534882,0,NORMAL
277.3,8.983660822204747,-0.5478397549154378,8.913408658963323,2.477547987579406,-2.0055786540772345,0.05808028426196372,32.564108524610944,3.624815002378857,5.4017702700956045,12.46351976648437,0,NORMAL
277.40000000000003,9.133008689332234,0.7665959499985978,-0.5146021577752374,1.592098742529082,-0.6703985074309737,0.05558534583753859,31.424467416245975,3.440757420164416,5.481931176831791,12.389573962525061,0,NORMAL
277.5,9.10390072585954,-0.6507601864704853,-5.63744230501819,2.3434682860932115,4.165326185804726,0.07742539718722777,31.472877755866502,3.4570761153477982,5.637717808416074,12.413102747945016,0,NORMAL
277.6,8.991236496089154,-0.36089251100504033,-3.622894792925553,2.4251639796900273,-8.033508883066782,0.0892474951526882,32.457162008231485,3.609866342893896,5.411776838742601,12.386869883272096,0,NORMAL
277.7,9.008158730010933,-1.3753391450555958,-5.048594154014353,0.736766509479855,-8.319644864613522,0.0026445565220362156,32.458149508659496,3.60319466846474,5.990233638205035,12.360022446608324,0,NORMAL
277.8,8.72751798898428,-1.3706113418079109,1.8528763113758395,0.7612350067673229,3.9386619115198105,0.002991110544366408,31.378556379084216,3.595358545085748,5.846378780954256,12.350617904082336,0,NORMAL
277.90000000000003,8.722049764043016,-1.004763882780428,17.989824010917843,1.5244988917838171,4.458948223824413,0.031006595914607846,32.90832984183084,3.773004136882673,5.714468556693848,12.45433121627462,0,NORMAL
278.0,8.545908899328394,2.227353460375658,13.097150881086838,1.6530246515322056,-2.9116161934085363,0.047369462355163615,32.076671504588894,3.7534534807771864,6.194546143220945,12.375061432241443,0,NORMAL
278.1,9.154184071622002,1.6146662934369398,-24.22323371911924,0.9421756531021098,-4.703695722326297,0.00020915472593453083,32.250608583966056,3.5230456730647397,6.106941732594154,12.408375052986075,0,NORMAL
278.2,8.869344337419077,-2.6172932834481895,-10.152810433184936,0.7122855070669462,0.37940073950195885,0.03417304479992192,32.27251270570127,3.63865822296988,6.480929994370678,12.350326972618607,0,NORMAL
278.3,8.614719877474174,-0.41589579320004727,10.194470967806774,1.0180558010025016,9.971668109726663,0.06580915393938852,32.661012217983604,3.7913028725850775,5.353614953571603,12.386433733034183,0,NORMAL
278.40000000000003,8.806284053797802,-0.5783990898868345,-2.5114432301459377,2.706619129012279,2.9841763960543566,0.08528530223349257,31.996057682365677,3.6333211019427707,5.365245020156459,12.395785587271545,0,NORMAL
278.5,8.491584346170619,-0.9181844392292348,3.796283201531275,1.614891080213373,-6.0383313194755255,0.028987357191106757,33.46843725913501,3.94136546193856,5.564896869647913,12.44404464424614,0,NORMAL
278.6,8.653046045865796,0.1808575504194205,-1.727051936500113,1.4989528651171737,3.00808720441732,0.04376571209723529,32.01422169056136,3.6997632418536512,5.051845987349712,12.458678438794262,0,NORMAL
278.7,8.530866468971674,-1.2635948265292574,2.465504987451928,2.216508521096837,4.89047701548208,0.05208608840329196,33.05584152790608,3.8748515931102947,5.4467845295194,12.423211847857571,0,NORMAL
278.8,8.398122502062558,0.6739585479098061,11.502054212972388,2.47704826821359,-9.366587552504507,0.03304847715452729,33.23449880078275,3.95737247136136,5.245612107944853,12.397380177563726,0,NORMAL
278.90000000000003,8.664647211056025,1.0368160160652202,-9.762400772667483,0.34319101059593526,-1.8786922701515207,0.025376583450677306,31.08532487391494,3.5876042170822946,5.715604487964139,12.42832183832845,0,NORMAL
279.0,8.635032643267309,-1.2785216066236904,-18.069197656929486,2.1013098141832858,2.578263974187618,0.006696226968691751,32.721388037384955,3.7893762987563986,5.4974995957171044,12.415710267305917,0,NORMAL
279.1,8.376866716233666,-2.577023515320677,7.719299571652238,0.8588438054334588,1.3909369628041723,-0.001992348087446423,31.449451268566573,3.7543215540985235,6.6431884102203576,12.368972090343764,0,NORMAL
279.2,8.122736169421792,0.26533830770675726,17.79263094431812,2.3794972067441202,7.01906327607646,0.07752044458935675,32.35373378642488,3.9831077990962185,4.764347274134999,12.442634672026616,0,NORMAL
279.3,8.433613722964164,0.9815026735429475,-1.1830854125532986,2.262656460648751,-1.4008239047468507,0.0613416054450186,32.681404830731616,3.8751365552517947,5.443482112004904,12.437510942021964,0,NORMAL
279.40000000000003,8.321087757793228,0.02872122519609754,-8.163570735982786,2.09933242579475,-1.6268791500910162,0.0383408779662736,32.22146824454646,3.872266364979627,5.020915322614191,12.370525532224082,0,NORMAL
279.5,8.43979167616408,-0.6512114736536098,-0.1589569112372719,1.9372806306305477,-1.4137313932752937,0.016856644825589448,32.921465597063964,3.9007438643351566,5.418033215575057,12.426903592242255,0,NORMAL
279.6,8.182115762089772,-0.003070157051356843,1.3441890510009376,1.8165861471396914,-11.918407864779397,0.06610316628345785,32.414137176319876,3.9615837906503866,5.002437179146979,12.367956048438359,0,NORMAL
279.7,8.441756000590962,-0.3823736634534222,-11.905341141482308,-0.4464009423253319,-10.703699503633407,0.0011542186631622285,31.889799469609688,3.7776262980566195,5.480884402981472,12.350989027712608,0,NORMAL
279.8,8.107558052621334,-2.3841383853478186,2.526912414020579,-0.32415375358699006,7.266496962919707,-0.034300514760432596,31.439419991612795,3.8777915356952404,6.168130197508651,12.435678316833267,0,NORMAL
279.90000000000003,7.962077054256809,0.12300881935069358,16.7774933989066,1.0068984502586096,9.129026594164191,-0.014901160521132651,32.60041411422745,4.094461017153572,4.676151155516222,12.447235647296187,0,NORMAL
280.0,8.15757662355046,0.9713602944335016,-4.368497139623566,1.5016515652458482,-0.9369829144895175,0.03982407198725609,31.8295231440246,3.9018356324272303,5.343029141593646,12.457684695523298,0,NORMAL
280.1,8.184423654470892,-0.7506906085740196,-12.9876762500081,0.8195018673607061,-6.865167404452781,0.012667761687424233,31.525171625075057,3.851849923220171,5.24059208426614,12.452824678844236,0,NORMAL
280.2,8.002040174452414,-1.6261749555681182,4.254120090676352,0.1286180843552921,-3.132367932620684,-0.004724614771093392,31.59352711430951,3.948184016268261,5.872644160438846,12.404819099959928,0,NORMAL
280.3,7.849867517426164,0.10013340956125097,16.889270525766992,0.1930282808365692,3.276972993962585,0.011182185790419429,33.312869032503656,4.243749204499489,4.674385893796622,12.400333509636532,0,NORMAL
280.40000000000003,8.062890668701181,1.7516791495852808,-6.163792891924916,0.7840126831478091,5.284120068837154,0.02398132834695654,32.31129068948118,4.007407766907756,5.813741226521732,12.436379042409712,0,NORMAL
280.5,8.18266997697506,-1.1326251688237323,-10.59037296987448,1.2498522946040003,-1.973151328493749,0.06383846573168549,32.45715868577994,3.966573108424273,5.704807403999107,12.407705723531064,0,NORMAL
280.6,7.851426034306381,-0.3663954443896153,2.121300696751043,0.3893824174490593,-0.6011820927086997,0.014740622708164581,31.97339010311469,4.07230354885962,4.98874118030917,12.461217317912574,0,NORMAL
280.7,8.11017965184447,-0.7083650294735238,-4.6845677094455604,1.1296158760622603,7.9270204926941945,0.008806547064118864,31.9056705502988,3.9340275949426844,5.5947743422739205,12.395351462605987,0,NORMAL
280.8,7.740544687228744,-1.3033089862787275,3.040156356512043,1.9747865159878981,1.8498091314445697,0.04315566220817736,33.1172311824395,4.278410954345394,5.389495079981275,12.365392592129453,0,NORMAL
280.90000000000003,7.862074448570722,-0.10033375817111512,2.75510313093373,1.4995777023511743,-7.646199656901236,0.03908551156592955,33.33233100644129,4.239635636177536,4.781632348383359,12.480601180553267,0,NORMAL
281.0,7.713791056644204,-0.7522883600919814,2.1147094905004082,0.44554658460765106,-6.183647436865143,0.03978720169483381,31.53015409173895,4.087504297200368,5.147897375854377,12.41752434611408,0,NORMAL
281.1,7.705350696931149,0.32260813992896653,0.5173131589074526,0.26284821497814564,-2.3147037548552607,0.007947160169839294,33.769994564809615,4.382668082616846,4.936759092950563,12.40038496181135,0,NORMAL
281.2,7.743994309213603,-0.6488257283104909,-0.2188311151795297,-0.017394166363401076,3.712883173320883,0.02097819581857489,32.55202653235818,4.203518911891325,4.856388894341839,12.45941184984898,0,NORMAL
281.3,7.56511541596702,0.2788419168930606,9.765765475898224,1.0054248496423224,2.801743570035076,0.018836084408493686,31.593380201017386,4.176192756337336,4.853226996066254,12.37408485744124,0,NORMAL
281.40000000000003,7.816004918962106,1.304327366869154,0.49488355487603247,0.5429545476436142,-2.9655164231379625,0.05602679381612262,32.65050242434907,4.1773902093046225,5.583142017563837,12.405737254971744,0,NORMAL
281.5,7.800421823582256,0.3778186278682671,-20.972184408753225,0.4123215650147299,-2.423334637784698,0.009983017095589408,32.22938049808978,4.131748413996514,4.634128632217705,12.401114174193504,0,NORMAL
281.6,7.8793693881951,-2.890109514881492,-6.046414277047661,0.05828762008667454,-0.10821051432712836,-0.03272875858873824,31.788242377959907,4.034363768448928,5.860657356727066,12.367501609440241,0,NORMAL
281.7,7.197625496202971,-0.8314642275412651,17.61095856160427,0.3906794621493042,0.9216852409671794,-0.02612801622062489,31.532966721495285,4.381023538683717,4.490065117366601,12.425739569616361,0,NORMAL
281.8,7.697603570912743,0.6320821974393628,-8.950876448294512,0.24262466828011042,-0.2903692472857178,0.041086919384398915,32.17203106130575,4.17948661098573,4.936893222943199,12.395662714281531,0,NORMAL
281.90000000000003,7.347073315404849,-2.6216395172001676,-0.4986842443179462,0.33260561269216066,2.7991993910363804,0.002811552846258874,31.959192679037386,4.349921568364849,5.923411102849345,12.419576133839891,0,NORMAL
282.0,7.174829865741682,0.5323453485757735,17.722835868782212,0.8024645464873865,-1.5056133384297428,-0.006837538434221389,33.06264530978524,4.608143458237593,4.691808966241958,12.459827742036522,0,NORMAL
282.1,7.416353099280648,0.9229276565562752,-7.128820836188113,0.03148294500621207,-0.23821394978490618,-0.0075514192773425875,33.027452696159465,4.453327970503856,4.949964900200426,12.426625609195751,0,NORMAL
282.2,7.361044759386057,-0.8934188186618491,-2.9238188075162386,0.7548217565304053,4.281791699405765,0.009785515179655126,31.810270252064246,4.321434156680412,5.130369391527294,12.356764066210793,0,NORMAL
282.3,7.231503357949608,0.33816389505302746,5.892294165025238,0.8878412848873652,-3.2191611726382043,0.0565948005703653,32.49158722695892,4.493061209912991,4.790146789831125,12.419931676175455,0,NORMAL
282.40000000000003,7.393957909049559,0.28504001434319853,-0.8139475462776127,0.11098952200276434,-5.604340535893571,0.03679946017139544,32.38326168667347,4.379692457680775,4.956038714352488,12.424996966439044,0,NORMAL
282.5,7.298279508185987,0.17537438579750492,0.8725123479399799,-0.23302682229134908,0.11397970537094189,0.004506546003897831,33.073736243832634,4.531716852819361,4.433111316235469,12.41248362173863,0,NORMAL
282.6,7.442993569447938,0.4595424839311945,-5.123946628269947,0.13378546307695272,2.03766538961314,0.006958350726245477,31.17172297941957,4.188062597201953,4.914019510280815,12.429557599872888,0,NORMAL
282.7,7.385494167752015,-0.8494149398564845,-0.5424042901837813,0.174506255631279,-3.1252165922582864,0.027161894824424302,32.672868302952,4.423924460683301,5.034454429110644,12.385893605462282,0,NORMAL
282.8,7.261733137663717,0.35106162589443823,10.04442870017504,-0.4912578553747045,-2.8986987920537577,-0.03379270985353631,32.218631645220306,4.436768886220164,4.457108180563172,12.432648069096066,0,NORMAL
282.90000000000003,7.4367940968162145,1.1594708001785237,-2.423092608211553,-0.40523350277947257,-4.892375580043723,0.011553471901246682,32.61958714566733,4.386243147384192,5.255377036163699,12.425018679135256,0,NORMAL
283.0,7.475150630491758,-0.13355689574787244,-13.716216571043747,-1.469732971383449,3.211534004367248,-0.02627672342879893,32.37335981635473,4.330796985454864,4.864533264403934,12.438150092146532,0,NORMAL
283.1,7.4010351972586665,-1.583772514030226,-3.712607427660913,0.23707329809397704,6.093779098534986,-0.009987228277972032,32.187743828025965,4.349086711538443,5.37072855171194,12.454583636194982,0,NORMAL
283.2,7.163345525993717,-0.8760783812800551,4.0096908773838145,-0.25097715167645196,-2.173435457214028,0.0077171890885157505,31.09006948895641,4.340160526410391,5.197165428212248,12.395343028957454,0,NORMAL
283.3,7.232836530373359,-0.781834338553463,10.243441659241077,-0.1976137933488286,-4.087751767439937,0.026258705753377343,33.84244452637142,4.679000331924338,4.873072581133199,12.466093265534958,0,NORMAL
283.40000000000003,7.037547314931399,1.1726099505681602,3.7300937607884954,-1.0685275051644394,-2.4667188118297565,-0.04480523644488757,31.62688790423887,4.494021352742715,5.1992576485417485,12.422135743119037,0,NORMAL
283.5,7.458168602129564,-0.035815586395763904,-14.403416748459724,-0.6909575557147799,8.038741626144791,-0.05765883919420321,31.000374971946417,4.156566662101839,4.602619444329409,12.472752236490875,0,NORMAL
283.6,7.03533595748844,-1.7080733991237846,5.520065417981007,0.5392208200645188,3.390076715284299,0.0029187225146931825,30.415602139225513,4.323262218466059,5.504056663675245,12.432346813758393,0,NORMAL
283.7,7.126563405679809,1.0681974972004376,8.865473700645875,-0.012942212657920005,-2.921510572504534,-0.0258259817790735,32.99442288120171,4.629780302649864,4.647433089603832,12.4773814426419,0,NORMAL
283.8,7.270376689001871,0.06502134100539038,-8.902554419480095,-0.045081294436388086,-1.9033634510495783,0.012031120736637792,31.70199543365081,4.360433687240363,4.746692349212722,12.44181837390053,0,NORMAL
283.90000000000003,7.122260783287474,-0.7123133866955815,-7.231448132740624,-0.3936149028678357,-3.4652685134413606,-0.04540243797989866,32.35667528710292,4.5430343358149,5.006962461280827,12.363539460979315,0,NORMAL
284.0,7.13960059292838,-1.3812682855427345,7.2621753755177805,-0.7381349971246602,0.15542056914743446,-0.023341477181229097,31.253236691686496,4.377448890158107,5.259434766932516,12.371444650627504,0,NORMAL
284.1,6.8409437138461495,0.7401216884079747,20.746895018418872,-0.3625307890383488,-2.4424231790452144,0.017664485336934,32.025763268847385,4.6814832292841215,5.096477992639931,12.370116705019916,0,NORMAL
284.2,7.28498228394334,2.7681107181410405,-8.99295451453422,-1.2266196329337031,0.8874049637638872,0.006394457306803603,32.36404964025573,4.442570809209595,6.024183278813207,12.426229755431459,0,NORMAL
284.3,7.415765487369412,-1.0584692144988694,-17.638372753298974,-0.18504979628557133,-0.5533701579551642,-0.030676830161105943,30.854381475554153,4.160646871601532,5.219189338640522,12.412359432660947,0,NORMAL
284.40000000000003,7.100517942230124,-0.7595638325187549,9.166620790138063,-1.337293664524736,-0.7552080977726563,-0.014010259825165332,30.404632532591208,4.2820302377887876,4.7029866834100345,12.39023823435059,0,NORMAL
284.5,7.27024899843637,0.7748549435287435,2.0650322422024194,-0.3360914158401026,4.28409388796776,-0.01808689105886165,31.490952374149256,4.33148195899784,5.173550003980483,12.402089011367949,0,NORMAL
284.6,7.27941124183868,-0.34655738407827097,-6.1134599584361755,-0.48047488693118395,-1.9940597543423377,-0.010590269272852573,31.567852836705782,4.336594236532263,4.290778855075164,12.475776298534765,0,NORMAL
284.7,7.199313836764882,-0.4478370481584918,0.5934647586857691,-0.7349033667085701,-1.9781356473933838,-0.021990959996548348,33.372650567204595,4.635532124850538,4.712157740857847,12.411941786649184,0,NORMAL
284.8,7.158400526341875,-0.22786443234111714,3.3282259842918425,-0.8761020164098607,0.4783355611299761,-0.04251877552776426,31.73867678147777,4.433766546686519,4.537721305372579,12.467768705743921,0,NORMAL
284.90000000000003,7.140518167424873,0.21780814869987675,4.702978666384474,-0.6392362544825749,2.0635157857743733,-5.636442452883195e-06,30.689636503226556,4.2979565045059385,4.512307020630399,12.42274119799328,0,NORMAL
285.0,7.183450278154758,0.7127313009357777,4.862537538976646,-0.46339885925498603,-2.4109246024995676,0.0172578273663233,32.21938099544104,4.485223638760589,4.533394189513481,12.456701586198973,0,NORMAL
285.1,7.2781767845818175,1.190315656495206,0.339388493788253,-1.1214211749824885,-4.774062741678223,-0.04272577673049288,31.46805069972523,4.323617250736139,5.136467339391466,12.381226832160486,0,NORMAL
285.2,7.44113066032782,0.7806089996934283,-13.196214166492478,-1.4182114075906307,4.205115956413133,-0.019169797996952915,31.10644251210852,4.180338167954992,4.819279476051854,12.448162198666662,0,NORMAL
285.3,7.429061773971455,-1.4489271768032899,-10.196632776636726,-0.2803979836998619,-0.3858768395232781,3.991496686777708e-06,31.819731219272974,4.28314263461329,5.216764583136301,12.381721949936493,0,NORMAL
285.40000000000003,7.215905228688274,-1.2587175556339172,5.054226137675266,-1.4953867754952863,-4.629546954357896,-0.06545421928053324,30.35166904303886,4.2062178037441145,5.269785366946743,12.44054638126316,0,NORMAL
285.5,7.173518402870259,-0.4380819492682366,12.572732501977141,-1.2063073745714412,0.975359569697859,0.005233296284613949,30.442066096235685,4.243672963054676,4.601291623210865,12.454015379922314,0,NORMAL
285.6,7.117285370018455,1.2558289447615112,3.8332268289328266,-1.3003148615557145,0.24263937520942913,-0.03537672463126302,32.15077955101031,4.517281221636185,5.087825223053052,12.431572270610683,0,NORMAL
285.7,7.421153275949726,0.32856341651832877,-20.193182989998938,-1.1577794995295554,-0.6420979208997479,-0.044154923563565054,31.119676636248776,4.193374732886948,4.71750540406114,12.449133020123389,0,NORMAL
285.8,7.156563519896409,-2.7828076532382764,3.1950774370055215,-1.428734445735664,0.4063130905337231,-0.03692827288032243,31.23755267716521,4.364881634924323,6.017554977891449,12.387367579595896,0,NORMAL
285.90000000000003,6.879036292618109,0.9675789039194331,22.866447626511544,-1.0765168814228108,3.0344821852237,0.019822656001660104,32.52722234635834,4.728456278281784,5.055367597878824,12.426428905914792,0,NORMAL
286.0,7.3318354399583745,1.7904818720640323,-4.990397493567547,-0.821838008690924,-2.8680207008887857,-0.001651860134807944,29.85793769130604,4.072368772569663,5.687361677354562,12.381066169493865,0,NORMAL
286.1,7.232518465071028,-0.030500594794076213,-8.031406401322831,-1.650121021600568,-1.9347492435269353,-0.029568221989269193,31.704422076747836,4.383593658261954,4.461771333645891,12.427049117702694,0,NORMAL
286.2,7.353130657782717,0.18420059179946574,3.881782625705486,-1.2087878573963111,-4.298682420017785,-0.024315961620300773,31.313828261392203,4.258570902483414,4.755852541889001,12.421163303025402,0,NORMAL
286.3,7.268290608622145,0.745855930347021,-4.958004239867337,-2.509857505604125,-0.13122127593220845,-0.05955349576565989,31.286097196045816,4.304464265494847,5.107432987385579,12.438551024751678,0,NORMAL
286.40000000000003,7.506090927321495,-0.8074002561740017,-2.527785570833935,-1.2350321125827528,4.603580020890084,-0.0007454916617723323,31.71487044884027,4.225217993749716,5.353520443572991,12.42584403348281,0,NORMAL
286.5,7.110505669883838,0.24029881618023397,12.084266042056067,-1.589141501426108,-4.386247034501047,-0.041887325494485046,31.662938356407622,4.452979833841394,4.551463544992711,12.427012204744749,0,NORMAL
286.6,7.536237557484381,1.6094529522372114,-7.775458470687909,-2.1122815194829623,-0.18169129561388275,-0.04275854316889003,29.875199546382134,3.964206186243758,5.39545165265354,12.468332706328805,0,NORMAL
286.7,7.397054243979226,-1.314792877957348,-12.822890798462234,-1.6254797605488847,1.409614240657121,-0.05169942245577791,30.354998887820315,4.103660441928965,5.254437130988995,12.398356141819251,0,NORMAL
286.8,7.244060060987976,-0.9551252074552354,4.955606950040825,-1.830358671351538,-0.03277965404381078,-0.049500067359512144,30.764504154189144,4.24685934340436,5.087352712926398,12.420444449902913,0,NORMAL
286.90000000000003,7.211874801066168,-0.3236714879491829,2.949168637922117,-1.6320356913576468,-3.931884640905715,-0.04635609855200364,31.17016980312945,4.322061969034932,4.4369059380802955,12.468589216650232,0,NORMAL
287.0,7.189915938768039,-0.36529147987081195,5.891318429286257,-2.616735599532681,6.324303420244053,-0.06018655757968191,31.488627901630327,4.379554388368241,4.765861717938471,12.432595512157562,0,NORMAL
287.1,7.09264550524954,0.8545921979080686,10.80601555413995,-0.367175007308836,5.803206945284227,-0.027724449323578294,31.05449778631768,4.378408277043178,4.896726949448068,12.410869741177729,0,NORMAL
287.2,7.364874636316552,1.7959116309571783,-6.794077858912315,-1.4560942104758356,-7.881688350764533,-0.06927941289754785,29.501152650339467,4.005655779239997,5.459385646700787,12.402248871014116,0,NORMAL
287.3,7.449218912851886,-0.5042233738743943,-14.934254692784114,-1.9435126774617426,7.063817703898951,-0.05746050470660615,30.79950524132502,4.134595264503192,5.037475503695859,12.404537619453453,0,NORMAL
287.40000000000003,7.288728803907694,-1.1909393075996444,9.529292178742654,-0.043330669696045376,3.7215460534795395,-0.009478189580676654,29.25924271317138,4.014313538114447,5.196202372252194,12.403952279037203,0,NORMAL
287.5,7.2321558197192,1.4016350618741367,8.582934318284506,-1.1992034667658347,-10.25802030653112,-0.04235221232056262,31.037836049087492,4.291643712163904,4.908991559695629,12.429723210126877,0,NORMAL
287.6,7.58187541462984,0.5256475560572571,-10.405748548100519,-2.0949347310022697,3.537973753586668,-0.05957120792299503,30.103470434572294,3.9704517402759243,5.078038386735155,12.449117725112567,0,NORMAL
287.7,7.331427964643683,-0.679514647745967,-0.8568850456790594,-0.491608716048501,3.6702924052509043,-0.011623443683019992,28.995200574785667,3.954918566289817,5.107341825018458,12.46002982624769,0,NORMAL
287.8,7.4363985521132046,0.3542705469214452,0.5436439940231697,-1.3608762499520888,-5.900185874693404,-0.028924051648497394,29.750299106006914,4.000632684964519,5.047334727996896,12.446275593823982,0,NORMAL
287.90000000000003,7.356427667408145,-0.5707858489413331,-4.1414700211149595,-1.6716458909871819,-0.5381556285687183,-0.04894006804285246,30.45498425048376,4.139914864576358,5.045878790034713,12.40317842910745,0,NORMAL
288.0,7.306203006583571,-0.4740234573015468,0.9009132243118145,-1.4685073756658324,-2.37162837339811,-0.04463002338170579,30.317646207738544,4.1495762135844725,4.692353590480974,12.433942425623187,0,NORMAL
288.1,7.278391734337957,-0.3906032040789702,11.36181515429179,-2.145971565666804,-1.7978024005876936,-0.06842813574156827,30.611540954010266,4.205811128520509,4.562140443427754,12.410581376141186,0,NORMAL
288.2,7.196326078399919,1.798339573556811,5.922194363094706,-1.8280678557833712,-0.8240704915144859,-0.034067895034826566,30.22580319019887,4.200171429269015,5.6587244715358205,12.424514967352641,0,NORMAL
288.3,7.62430281400131,0.7938356685399711,-13.75842194932511,-2.310785663969701,1.8004500957603553,-0.06580350780335517,29.3170601797207,3.8452119354287313,4.913766281025521,12.411663180822147,0,NORMAL
288.40000000000003,7.360204537370933,-0.9533448163082111,2.636268540444905,-1.4679778366313,-5.774472332975928,-0.04063787853229564,31.22952292215375,4.243023786035835,5.029112850868743,12.462803364107582,0,NORMAL
288.5,7.4313185815711424,1.3210893766289522,9.769652375041172,-3.4656801305648868,-4.264166210745992,-0.09502940479521925,30.65014386478519,4.124455643819953,5.414718405321467,12.442365265577164,0,NORMAL
288.6,7.629282166371734,1.0005856587000237,-5.017425278533844,-2.3208110787804985,5.338941615541317,-0.05669241353468767,29.730528003138986,3.8968971594975055,5.229848142627817,12.462332448014674,0,NORMAL
288.7,7.6811302391939185,0.3176043209221832,0.9261886864584645,-2.3978918074566233,4.367292647718733,-0.04250605941324949,29.922695589781735,3.895611017906906,4.731066844130003,12.457131029206613,0,NORMAL
288.8,7.680937356377541,1.1858233959917166,-3.996312212158587,-1.4473525492367518,4.373435340245829,-0.0414129211991485,30.78857219339739,4.008439434522065,5.476011991053705,12.455325787953699,0,NORMAL
288.90000000000003,7.91649840198735,-0.48165812150953424,-15.992000879916812,-1.5232047394074575,-2.6875573191143354,-0.0426238192536941,30.30161106568554,3.8276532788888904,4.971845774887986,12.435737985442175,0,NORMAL
289.0,7.5868459284733945,-2.012576779991646,7.371732572765317,-1.984864013059619,-1.438983990632109,-0.04993093461755749,29.214144615398183,3.8506310647165836,5.832222286813719,12.402364643233586,0,NORMAL
289.1,7.501294326416816,0.9926883930435292,20.026061522373944,-1.8110015375338793,-0.8331886279233836,-0.07729274528011461,29.143201251300695,3.885089690277716,5.2389040092450205,12.418175512360378,0,NORMAL
289.2,7.788697299347118,1.9926355244831429,-7.561208896508635,-2.1515017386442956,-0.7631571194177444,-0.0518303771708938,30.079098850344476,3.861890852128229,5.897489719562916,12.395846413719584,0,NORMAL
289.3,7.876343217099688,-0.5195533862581979,-14.388907282190193,-1.9636329614174282,0.5865743964532344,-0.08430339950524543,29.21079495554732,3.7086747174920136,4.8486892023238095,12.407797001513057,0,NORMAL
289.40000000000003,7.683403741906739,-0.8851459319548958,-4.245328756080195,-2.0341868593536487,0.7722572412074691,-0.018832456480254715,29.72916380906545,3.8692700276723664,5.172727639266769,12.448264676163785,0,NORMAL
289.5,7.705087271672118,-1.368619137474237,3.8946510728363637,-1.8091815131759343,3.2607320330808496,-0.04366498851384342,28.503769945282304,3.6993442047148366,5.557796618171617,12.353927216492018,0,NORMAL
289.6,7.40610418717852,-0.10621571738762303,14.701477992634873,-1.3820404527374788,-6.443633050046267,-0.02365385952268192,29.169305241297156,3.938549135157346,4.946862985797323,12.462307151874754,0,NORMAL
289.7,7.683997913923004,1.5716764610527374,0.749208851107332,-3.0979081231851877,-9.90906441192263,-0.10753349435939967,28.75384472553777,3.7420422347378963,5.543336672392588,12.399502718220786,0,NORMAL
289.8,7.719013782939375,0.04362605283384339,0.07085033836104926,-3.363853335122005,6.642274003296744,-0.08784998634649706,29.305670837728844,3.7965563557485114,4.521908783071023,12.41501758858652,0,NORMAL
289.90000000000003,7.692343676790985,1.5858465287249472,3.8249563566009948,-1.7694533225258389,3.524771256435766,-0.06364214815610576,30.42835864612517,3.9556681194487355,5.645173209477821,12.39813074839654,0,NORMAL
290.0,8.016618286909022,0.8086173241540423,-9.913692376443892,-2.658899083834852,-2.0512196083968326,-0.0590599698804437,28.665009227372202,3.575698405670829,5.3040858425912765,12.43264995071142,0,NORMAL
290.1,7.873159954735979,-0.3968919465638311,-4.333915810448123,-2.1796972442052054,-1.817123437815562,-0.0676173110075368,27.99111499415314,3.5552580101355,4.97688334386683,12.380101791054276,0,NORMAL
290.2,7.92031948227304,-0.058165837935582235,-5.045241490836236,-3.0223237713979643,3.861024837988336,-0.041550581904979136,29.071136505082183,3.67044998249731,4.635996497635859,12.436733659882888,0,NORMAL
290.3,7.847960463087374,-1.4059402447310785,5.413884228236345,-1.4074922766075382,3.7338611185422166,-0.014100063989933152,29.987142905059383,3.821010955152352,5.595315707557725,12.413385159934796,0,NORMAL
290.40000000000003,7.626134947091564,1.0246110077116868,11.799058141970384,-2.275551547689521,-4.005543473105679,-0.050879572769971446,28.93126281021053,3.793699299963773,5.0376963977659,12.394743268735708,0,NORMAL
290.5,8.058590332735903,0.9538713836629982,-12.757186855754705,-2.208600971228674,-5.873423684372838,-0.06277699206331101,28.782743024761825,3.571684604420143,5.267937715392652,12.427230271433187,0,NORMAL
290.6,7.839426054741589,-1.526826363439254,-7.020345463698723,-3.4502362845640886,-2.66386857258341,-0.08734604166441229,29.24676607961548,3.730727973628363,5.4649057676094035,12.376891463777467,0,NORMAL
290.7,7.777419757835137,-0.4501977090767465,12.304387406050177,-2.741374685745356,10.597288945745097,-0.07713820733155594,27.911654565167666,3.588806498073976,4.9955432080943565,12.413339543264799,0,NORMAL
290.8,7.7280818662824,0.9340511177707811,7.6389833900707345,-1.3307784954150688,3.297533537738626,-0.08162881479742809,27.773990215047604,3.5939047613128228,5.434791342937494,12.422015181072778,0,NORMAL
290.90000000000003,7.971971838454328,1.0775989689374006,0.009549177094898553,-2.081867978197631,-1.6707606442127565,-0.06831930092493474,28.093594545368923,3.524045884087812,5.2104989490976275,12.431658859099212,0,NORMAL
291.0,7.9473726748070375,0.9359609531897608,0.834184288395039,-1.66493062425762,1.7482941927235363,-0.04571813333393201,28.525166841013004,3.589257482719671,5.483745284117343,12.398434548423046,0,NORMAL
291.1,8.165859942600049,1.2444358266164084,-8.137753634686854,-1.7322091396529236,-5.906460870902957,-0.08094688102955927,27.910969601390196,3.4180073865561806,5.627827249458411,12.453925852562437,0,NORMAL
291.2,8.176994311169981,-0.6915897737476103,-4.478030530977371,-2.8462227984382116,-1.4229458270421746,-0.06496446576199204,28.634570752890752,3.501845502543056,5.184342131659122,12.406086180991798,0,NORMAL
291.3,8.030125867860734,0.34882972042093413,7.207278490791585,-2.0167983050613585,4.785176838459108,-0.05291056684676128,29.038678083052957,3.6162170507532787,4.751902599435789,12.44209048152099,0,NORMAL
291.40000000000003,8.238253166590011,0.7498659244107068,-8.677496254244966,-1.8891874307463898,-6.522421304384258,-0.06751273111389862,27.987287769562172,3.3972357007749867,5.131957177601663,12.404396757059974,0,NORMAL
291.5,8.151828936689595,-1.3866695304280592,-4.328840012590813,-3.32128256593821,-0.7536686901582712,-0.07276582064402698,27.34830950549964,3.3548679342878374,5.943723719858684,12.402354304158425,0,NORMAL
291.6,7.959148471184275,-0.1159020781074559,7.1023717036446525,-2.039921168778044,5.716688615338712,-0.05576136987473151,28.496533667115635,3.580349552503764,4.857861495740707,12.420425003988358,0,NORMAL
291.7,8.1113370516033,0.03380481030087146,4.4257205663433385,-2.1779448428704677,-1.463928443093494,-0.09373790558834603,28.08324705484363,3.4622216875197718,4.737666741657437,12.483378019173307,0,NORMAL
291.8,7.973464492326679,0.7692420351612118,5.979109806990516,-2.332706857396743,-0.8351375320562826,-0.08146571974600199,28.146525857733145,3.530024606596061,5.070466814104447,12.45195102201811,0,NORMAL
291.90000000000003,8.290010099901517,1.2296267716989748,-0.2770333136621089,-2.3449723492817243,-2.474759216503266,-0.046664831186991336,28.845811422003468,3.47958700585252,5.735453759910368,12.442107433421938,0,NORMAL
292.0,8.230912723025147,0.71383537242879,-7.1471181899390555,-2.827658700697396,-4.716860223937422,-0.07013916285830009,28.60600906673885,3.475435839176915,5.322892655800823,12.403124072084037,0,NORMAL
292.1,8.419946496924567,-0.1997968662888363,-3.623369055809693,-3.2883443940692088,1.7816303340445683,-0.08394468557813468,27.562393774864976,3.2734642417184356,5.123166181508632,12.426823219451453,0,NORMAL
292.2,8.195597147257212,-0.010838438733148631,11.80048944073713,-2.4713326338884825,2.7968026875503904,-0.055470839261928154,27.491262868535554,3.354394118522034,4.87404373655002,12.377371857027706,0,NORMAL
292.3,8.439482438874633,2.1603010218585896,-5.139616249015531,-2.7289838565591307,-0.5216612939118881,-0.0849922891050673,26.685133153926333,3.161939532098212,6.03592690601772,12.4145317676931,0,NORMAL
292.40000000000003,8.66900458195574,-1.038761688536255,-11.057244983815785,-2.57566489267086,-2.437447659665948,-0.076912244743738,26.236319248416063,3.0264511917580634,5.889611832226951,12.409201824170331,0,NORMAL
292.5,8.22987361095051,-0.051147974904567545,16.043750003329457,-3.2164733884923202,-5.887723836142258,-0.05840745890693627,28.109726083558442,3.4155720260583577,5.025193214062617,12.416792665528837,0,NORMAL
292.6,8.646335820622564,2.1699883121296364,-11.072695724859367,-3.7532096598993117,-1.6240672509999388,-0.08458122309722668,26.390556621606954,3.05222433746585,6.448121439351501,12.376719275475022,0,NORMAL
292.7,8.651810352900688,-2.265687119876441,-11.002166812386518,-3.541286838692308,-0.3567280562651365,-0.07649799321031583,27.108436682758292,3.1332675563871626,6.286987426148107,12.422222674099629,0,NORMAL
292.8,8.198901415111738,-0.030445050347667008,18.316694736543358,-3.824555271152339,-1.0438983563506188,-0.09343309118910188,28.360914493083555,3.459111539115517,4.834406523398173,12.38518027034526,0,NORMAL
292.90000000000003,8.627447093181003,1.397651827432231,4.570598709919438,-3.7500665099624317,-0.3246353467821428,-0.13651771570733628,27.71352528669463,3.2122509691886676,5.647357468543299,12.391369607530917,0,NORMAL
293.0,8.49280683420812,0.8836746916362207,-2.226203458866045,-3.8894823405087675,1.5274472443063147,-0.11702896918789764,26.807757077439476,3.1565249982444783,5.5046231282337725,12.37912559840982,0,NORMAL
293.1,8.789375205685468,0.9524111356590219,-2.486921094850029,-3.444577061101169,3.4823577732876565,-0.10545119838808258,26.873466273781467,3.057494491348848,5.46387896225487,12.413184966688917,0,NORMAL
293.2,8.66263302171639,0.3862904726662149,-11.629226871480647,-3.193010785851236,-0.15222537348546616,-0.0795137797529051,27.035237932312068,3.1209030631376535,5.458890323505516,12.374585293367899,0,NORMAL
293.3,8.864022688921638,-1.3734342386371072,-15.019827851171438,-3.475022135798262,1.4493101042766088,-0.07472302439236161,26.176966251010654,2.9531700413771436,6.050627390035661,12.420192392616787,0,NORMAL
293.40000000000003,8.40924510379867,-2.617675097568073,13.217658667141752,-2.9031487649959145,5.040278804982989,-0.0794804212910922,27.229120270954017,3.2379981716377766,6.1432468291995495,12.38990263313023,0,NORMAL
293.5,8.367879200934732,1.2700974947912433,18.9040005408266,-2.466966374801664,3.9456292299777207,-0.04474495792754013,27.703821485150915,3.31073391715027,5.801848811482365,12.386866154045618,0,NORMAL
293.6,8.652345451266525,1.1631250105972477,-10.902593575938203,-2.1140229190003703,-6.6197715768578735,-0.03674414996250208,27.48861694907087,3.1770133432486913,5.618423937501417,12.367934133259352,0,NORMAL
293.7,8.587349907956217,-0.9104212203963977,-6.348118605974324,-3.790920690173239,-12.184426775783152,-0.0690938528180852,26.220101064202186,3.0533402441082726,5.44614311155086,12.432318786512043,0,NORMAL
293.8,8.462219576806623,-0.10649871059761729,6.754732696983701,-4.550908274157001,3.8147026732322775,-0.09605151124599917,28.010256149494765,3.310036556634112,5.309423674389243,12.428086087956503,0,NORMAL
293.90000000000003,8.556000458544256,0.4405253190003424,0.3101189548385422,-3.0279801555267833,2.8947013015360024,-0.09265319955746563,27.246359753996884,3.1844738538773596,5.177137426309774,12.40317044456522,0,NORMAL
294.0,8.519545816988444,-0.04447491962990885,-3.316584545099438,-3.9719680138498004,-1.1097565800698006,-0.1039985223083041,28.567907524633753,3.353219542251627,4.810041846167541,12.422229771892022,0,NORMAL
294.1,8.527711038938575,-0.2227915900195452,7.560089217392314,-3.2499314715407435,0.8818889746682079,-0.06684512101094495,27.591338865935345,3.235491767949208,5.131226053011796,12.465341494527534,0,NORMAL
294.2,8.48121249323078,1.4675429238485542,5.0673590570224345,-3.7955902189161588,1.329258712097634,-0.07350866935503383,26.277661447745576,3.0983378224185407,5.8629553252324715,12.37570322757674,0,NORMAL
294.3,8.78985065313098,0.7906802213849418,-9.693488329761603,-2.9840797291212167,-3.2258491946165924,-0.06740917099146458,26.90314602696463,3.060705703501529,5.626294667745033,12.398618813689819,0,NORMAL
294.40000000000003,8.630844023836334,-0.4711547421037664,2.2867283065562183,-4.440760057839477,0.07879870502433439,-0.09426448325265438,26.632970270159802,3.0857897786828135,5.160833177161944,12.436056077873298,0,NORMAL
294.5,8.67413636435067,1.2480258826961854,3.6215337544437265,-2.96831998811635,5.86742897021308,-0.0797745346376734,26.47842586770093,3.052572008957927,6.056595713508491,12.356030385390413,0,NORMAL
294.6,8.869846046567108,0.2531520087849789,-9.208357754329958,-3.2672742637968613,0.29750628564989556,-0.09753657684995985,26.560486638494396,2.9944698587834098,5.120001672708648,12.446278429594036,0,NORMAL
294.7,8.756616209127868,-0.5936456681698061,-4.008916830562758,-2.9088187309863707,-3.7547531606613704,-0.08401776696664917,26.24025324079515,2.9966202256805996,5.311082734464031,12.429681932546586,0,NORMAL
294.8,8.728448779117382,-0.5486313573275727,8.480971975375969,-4.018224895929135,-0.6835086415335678,-0.1093606024297293,27.172634607445467,3.1131115384964376,5.467315469012634,12.413489096667378,0,NORMAL
294.90000000000003,8.667981066770352,1.1025487269053877,11.190616142118003,-3.0455204592930842,5.905169171018243,-0.050772591297369496,26.95219425945715,3.1093969924301423,5.372569823966386,12.390948803549517,0,NORMAL
295.0,8.95466931457675,1.689491871096028,-9.168159403819857,-2.8371910617254867,3.467194126449542,-0.10681250238736564,25.02476085801365,2.794604689340945,6.287790779059169,12.442563359580832,0,NORMAL
295.1,8.991903928451816,-0.7310831538585836,-11.748082975926781,-2.352081634003176,-3.6063412505484305,-0.06931105056941758,25.832316045688373,2.8728416419075398,5.6359900135685415,12.421669581081478,0,NORMAL
295.2,8.810697998160904,-0.6601247240893281,2.551057292578601,-3.558459311835173,-2.5113501114134773,-0.11074101948229131,26.967375038871936,3.0607535344533376,5.292823774650366,12.45140124690249,0,NORMAL
295.3,8.872667848158382,-0.22087169534286333,2.2496160507096716,-2.8543516562858713,-2.7220570926028564,-0.09401792450501964,27.51776474575471,3.1014081916146923,5.458712902274235,12.420602846384064,0,NORMAL
295.40000000000003,8.762281257271875,-0.21020151394739375,3.324022926708836,-4.102870730355744,-2.0874240707227054,-0.10910068788074209,25.96418800515854,2.9631767393463533,5.3460416460152045,12.425065604920404,0,NORMAL
295.5,8.823598043068515,0.44393288999890396,-0.9290351126579556,-3.2718364704304124,8.350816620688867,-0.09466903620454435,26.730370829339396,3.0294184638587165,5.313307778143218,12.42427632419165,0,NORMAL
295.6,8.821788017118676,-0.3960085364789849,1.9355442158044736,-2.4327074062179705,-4.985810409652562,-0.0955092634109221,25.28350645435017,2.866029698887293,5.144775636634315,12.409089554608899,0,NORMAL
295.7,8.76416993073559,0.8310417331597987,2.0277589184144857,-4.268998552360925,-10.83430862400372,-0.08197303338594865,26.241822090958244,2.9942164857996687,5.498930502202383,12.384109756784051,0,NORMAL
295.8,9.022423791010857,0.009543247203912308,-6.1822094136542365,-4.599569131018715,-0.4670667719629673,-0.115177580722018,26.575842514038502,2.945532500980093,4.730028401690851,12.403089351793707,0,NORMAL
295.90000000000003,8.783079600791579,-0.40540014957104875,1.1509557221323397,-4.362411906753518,7.049546569338303,-0.11281298169465966,26.664673774388223,3.035913937519712,5.2376760584066755,12.435457200762375,0,NORMAL
296.0,8.936445737498438,0.23973439163038024,3.8133026729817097,-3.189659817151054,6.877690790722895,-0.06789724648004174,25.974022202654087,2.9065271547125113,5.127080222592335,12.394916007355063,0,NORMAL
296.1,8.817887114113937,0.3572603850252932,-1.8893118732569598,-2.9868737486089394,0.3361185639442299,-0.09658709406063565,25.93521135421894,2.9412047374372667,5.273627024146464,12.410589923166702,0,NORMAL
296.2,9.034755335570901,-0.13812798302101176,4.204508770081691,-3.122436104362208,-0.4564517885165009,-0.10223725711347913,26.000421050002352,2.8778223741860076,5.5306542182358465,12.385069094652394,0,NORMAL
296.3,8.825232272638493,1.1981621390416315,8.433984905136198,-3.0781641063122396,-2.1453077870159554,-0.06739417912256297,25.279588565779115,2.864467221350678,5.555042458846277,12.424818997823744,0,NORMAL
296.40000000000003,9.22980566627769,1.5486689980062278,-13.176061370551562,-3.5514976617653993,0.6209832420484052,-0.1149626630720285,27.254033023641036,2.9528284786338714,6.056303056275807,12.385774010078421,0,NORMAL
296.5,9.130925407939603,-1.437050135068681,-11.30799123266162,-2.9539674579025585,1.624813455639429,-0.05486889144127377,24.667599208057904,2.701544269172182,6.341736033297747,12.392532232884689,0,NORMAL
296.6,8.9337797001543,-0.7129292485260963,6.65262373207428,-3.2265349706375135,-3.919907206459723,-0.07220569231451589,25.673359205853348,2.8737399026539605,6.00333063627252,12.371342291622186,0,NORMAL
296.7,8.990207716522843,-0.10652538865382508,-1.3607329980292997,-3.737948899194503,0.7992969395775273,-0.09504703313364479,25.64796964135678,2.852878426181313,5.0200214052024466,12.412826659737657,0,NORMAL
296.8,8.885667056268785,-0.9850758481319563,0.8548595763969574,-3.066675582722008,-0.6919536191862141,-0.08813058274860781,26.155036997543835,2.9435085550602094,5.704489120162807,12.42283882001178,0,NORMAL
296.90000000000003,8.792107268413359,0.0644465266255664,9.592293498758238,-3.876339623031746,-2.5199666104482854,-0.1164913746990361,26.48870820898282,3.0127826470164334,5.213952548417525,12.419061253763019,0,NORMAL
297.0,8.881693621828232,0.9333828516196915,4.208923641610061,-3.570668904811665,-0.6498815732630225,-0.08127971779732641,25.354897045159927,2.8547367343145087,5.564064390376079,12.400992625792487,0,NORMAL
297.1,8.977493028347869,0.9062312549475785,-8.232972250512661,-4.0063159376843505,6.561321366375827,-0.10101114043117707,25.715134086951462,2.864400340468304,5.455043302531808,12.426936792120365,0,NORMAL
297.2,9.074175871404137,-0.7132115984828411,-6.576076210735479,-2.2584046315364996,-1.6626740419386454,-0.04037668200719416,25.204491331145757,2.7776066596387907,5.72270306861465,12.430904131494021,0,NORMAL
297.3,8.89315789502115,-0.40898398719951756,1.6679467145609135,-4.3388507460720795,-0.6682993338741094,-0.0999313820423906,24.77580288999059,2.7859398407692018,5.001497239868204,12.404234759833482,0,NORMAL
297.40000000000003,8.984488669209048,-0.3796222555706584,-7.76115318947158,-2.3920644983113215,4.315090698875745,-0.08336975131334308,25.32508307919552,2.818756193214168,4.910240579558848,12.402504164723657,0,NORMAL
297.5,8.83002264966915,-1.9612146250938336,5.353483005675633,-3.4758326062969305,-8.2050747111788,-0.0926454481822528,27.294734245166303,3.0911284521098032,6.309586282482294,12.421726924699042,0,NORMAL
297.6,8.605603463332844,0.6910743455644683,20.896799424330712,-4.033079440547081,-1.4109841033212511,-0.09745367999568601,25.842930677968436,3.003035265113155,5.509242251055139,12.42293106322074,0,NORMAL
297.7,8.967581603957582,2.2181452597723097,2.520619139225748,-3.7580294269611807,8.295479700757436,-0.10089976961065363,25.673714518650076,2.8629474090673153,6.2352488810281415,12.362588084733812,0,NORMAL
297.8,9.043839868894713,1.195198173409618,-11.623679127638306,-2.373983500395594,0.6866783431751333,-0.06457028963498541,25.45013190882436,2.814084755785789,5.908161034001181,12.359299698898491,0,NORMAL
297.90000000000003,9.196376121024336,-0.10659056575535172,-9.06583581959426,-3.620693758326154,-2.8047477063428405,-0.07411894335059481,26.552164248785285,2.887242093989929,5.333534396567611,12.412392400904794,0,NORMAL
298.0,9.015629048601042,-0.6179689905092343,-0.7613836843590225,-2.934933041664162,0.28183216894151597,-0.049301247040074096,26.157071394327104,2.9013029765666665,5.528588821246006,12.430203525076669,0,NORMAL
298.1,9.090163671344545,-0.25886730262715624,-0.5890828843660711,-3.564327324537851,-3.0848743002141976,-0.07588393556521715,24.38718842293873,2.682810706678021,5.752964601835869,12.433606497434402,0,NORMAL
298.2,8.980839345658278,-0.7357855673824485,2.0274869941548994,-3.5519079017070014,-1.52038389610474,-0.10677205068008849,24.915969810715232,2.7743475695020283,5.369642235135822,12.409616799697465,0,NORMAL
298.3,9.000617918845771,0.14663009620382367,5.404334580029606,-3.868404103758799,1.3287353849145078,-0.08963277175836334,25.733089090668116,2.859035826505576,5.333610865865053,12.379740930467012,0,NORMAL
298.40000000000003,9.016321953181466,0.34508134862347273,-1.4277361436059803,-3.2861608247241,4.301314721010254,-0.0970312790948387,26.43573003074457,2.9319860324438123,5.436991473273,12.424248850696403,0,NORMAL
298.5,9.080778528894273,-0.13891713251737242,-0.2937958688593023,-3.008141159556748,-5.5704260113155675,-0.11251428910172429,25.622237022340578,2.821590345014227,5.138505546052654,12.41791138186521,0,NORMAL
298.6,8.975078744516061,0.28632217485161227,-1.3130442108968758,-4.4002460269872135,-6.8075285592949415,-0.12927802462214977,26.30024302098759,2.930363484226534,5.203056948650779,12.41932354305517,0,NORMAL
298.7,9.12747435989181,-0.4015259746967476,-6.982577779507412,-4.369646871415736,-2.8448740111138804,-0.12250054597666805,25.953009627536904,2.8433944160479165,5.668864193596809,12.383053375013223,0,NORMAL
298.8,8.899109653179412,-1.1101933810498703,3.876335597847803,-4.9692208292099895,-1.9308582387944062,-0.11487796787942786,25.87218572418202,2.9072780011131325,5.6111633260359435,12.392736878995837,0,NORMAL
298.90000000000003,8.93392216761964,0.373741144872813,5.30363241996895,-4.755818519174618,6.976426370659317,-0.13834030600604133,25.759877744018212,2.883378348356676,5.208316093886941,12.434224266596857,0,NORMAL
299.0,8.996903392483453,-0.04946689705608037,-1.938103487569271,-3.573935555078126,7.021840708760331,-0.11333807586184863,25.11453018592661,2.7914638059700385,5.1229451911643995,12.40312953381084,0,NORMAL
299.1,8.952071384378673,-0.013879552641041232,-7.046140510436866,-3.3514503774225513,3.4642870397715853,-0.10367527444372308,25.69076040570587,2.8698118348940045,4.973309114955503,12.42483250918278,0,NORMAL
299.2,8.992004592516318,-1.4586949991434537,-1.4726501129241314,-2.881078147123809,-0.21412295960803185,-0.06566657880349422,24.12799620747118,2.683272229148096,6.177488355213853,12.39493048650245,0,NORMAL
299.3,8.669172894326152,-0.30840957522586754,10.938942252429406,-3.3942749693441576,-5.249871741495317,-0.08234125114521415,25.87056195080504,2.984201868639273,5.476019704248022,12.441217553213452,0,NORMAL
299.40000000000003,8.936898243445274,0.7290934513424278,0.4647348891813392,-3.9310524954228727,0.6389901795965081,-0.0822110446180907,25.98124805324152,2.9071885284469188,5.55136294743275,12.4036165323669,0,NORMAL
299.5,8.835697052926651,-0.2154625973895997,3.7499216834314946,-3.266476933424856,1.5794603256284234,-0.07246459236322624,25.406612138804142,2.8754507976695174,5.099337184048554,12.444924747286112,0,NORMAL
299.6,8.887884760205065,1.4790777880287267,-1.1009354649145604,-3.615160430297188,-3.5888863327247034,-0.1329217117923044,25.25756575817202,2.8417971699251945,5.806610749617601,12.397902734552632,0,NORMAL
299.7,9.123082522905605,-0.4356496903725118,-15.962517008282138,-3.9842541999697967,-1.0859298111153204,-0.1015317858070802,23.14830663166609,2.53733390808939,5.855521215802227,12.358142440609605,0,NORMAL
299.8,8.838937912700931,-1.713425613627701,-2.0094152745152907,-3.832346392520252,3.7596142971704682,-0.08291620157965893,25.402356009490152,2.8739149726336186,6.072835574625011,12.386378431444705,0,NORMAL
299.90000000000003,8.754857719764367,-0.83753274527557,8.75892868352131,-3.232331340535703,6.000150519845491,-0.05516371658719576,24.486021304682577,2.796849713434476,5.302116534913529,12.3993477577948,0,NORMAL
