timestamp_s,wheel_left_mps,wheel_right_mps,measurement,kalman_speed_mps
0.03,8.067566048732765,8.010026163421102,8.038796106076934,8.038796106076934
0.08,8.048313319434905,8.141135145543423,8.094724232489163,8.080708181344493
0.13,7.982930261622527,8.114756730318902,8.048843495970715,8.057342123932184
0.18,8.019699635797158,8.104195752161106,8.061947693979132,8.060714044849574
0.23,8.023411883550551,8.115250666477714,8.069331275014132,8.067022350178927
0.28,8.380525410584685,8.322162382739764,8.351343896662225,8.275160298247842
0.33,8.215262349118822,8.009393845489015,8.11232809730392,8.155958848688583
0.38,8.27085387959554,8.064379924767039,8.16761690218129,8.164493136190153
0.43,8.26950566117518,8.503189045439031,8.386347353307105,8.326901695030823
0.48,8.377764854260827,8.461535531265442,8.419650192763134,8.394798307697691
0.53,8.33279931903503,8.453740075482305,8.393269697258667,8.393679287191343
0.5800000000000001,8.353715125973036,8.342040529729948,8.347877827851491,8.360150291893769
0.6300000000000001,8.38571416508143,8.628281592140072,8.50699787861075,8.467650186339476
0.68,8.534211545729034,8.8579086259858,8.696060085857418,8.634857837738313
0.7300000000000001,8.704485087168253,8.561113575648955,8.632799331408604,8.633350906517263
0.78,8.650685873951605,8.606329689404838,8.628507781678222,8.629805493067686
0.8300000000000001,8.55761729889919,8.638725523563064,8.598171411231128,8.606647737912533
0.8800000000000001,8.647115558638461,8.63445037494562,8.640782966792042,8.631636459780326
0.93,8.744089854916032,8.767990947302204,8.756040401109118,8.72270646549482
0.98,8.890811295798917,8.575898594475785,8.73335494513735,8.730501693616516
1.03,8.876834527460993,8.759669019212422,8.818251773336709,8.794739210339916
1.08,8.728648061525162,8.83079573170276,8.77972189661396,8.783745773699314
1.13,8.948818082216976,8.711433601802435,8.830125842009705,8.817698340161035
1.1800000000000002,8.943981596004209,8.851761954011197,8.897871775007703,8.876389367886109
1.2300000000000002,9.070021303427517,8.919399528009984,8.99471041571875,8.96300638650439
1.28,9.02171448465062,8.875544382488082,8.948629433569351,8.952481726497915
1.33,8.995214671046748,8.758992022101467,8.877103346574106,8.897300922601458
1.38,9.032744469083896,8.859133704441682,8.945939086762788,8.932906529954428
1.4300000000000002,9.156326707940767,9.298829855377566,9.227578281659166,9.148621223757617
1.4800000000000002,9.116638468418824,9.069403772827618,9.09302112062322,9.107919123357169
1.53,9.23451965421377,9.514685019355966,9.374602336784868,9.303144785111979
1.58,9.233399813614646,9.063786812834977,9.148593313224811,9.19000525530602
1.63,9.087750942899577,9.124865122822332,9.106308032860955,9.128734636023838
1.6800000000000002,9.030537615975785,9.093425311062028,9.061981463518906,9.079867922183817
1.7300000000000002,9.266234388899669,9.22190236509467,9.24406837699717,9.200070997733109
1.78,9.467896336182555,9.12608171853071,9.296989027356632,9.271019919586994
1.83,9.285405927320523,9.416851759133705,9.351128843227114,9.329663721831217
1.88,9.472617149721597,9.420366172098523,9.446491660910059,9.415187708980492
1.93,9.393030812677866,9.555392949991452,9.474211881334659,9.458396402018444
1.98,9.375240590231714,9.51134527388153,9.443292932056622,9.4473398946358
2.03,9.581367662235204,9.47267712461808,9.527022393426641,9.505671532224742
2.08,9.80777388232428,9.529440905202769,9.668607393763525,9.62494886124614
2.13,9.545740179742763,9.72212601520178,9.633933097472273,9.63152577863087
2.18,9.56800975559807,9.411522297488665,9.489766026543368,9.52775043763445
2.23,9.703139883187076,9.68446013231999,9.693800007753532,9.649307159536589
2.28,9.649753753185582,9.76633717643315,9.708045464809366,9.692306583346753
2.33,9.72657421455776,9.718636344062368,9.722605279310063,9.714486768194977
2.38,9.78055914025691,9.896741433606485,9.838650286931697,9.805380772356786
2.43,9.633467958628517,9.836760690273987,9.735114324451253,9.753942162422543
2.48,9.703041722130584,9.8426655101391,9.772853616134842,9.767786307384933
2.53,9.946874624577054,9.624503394148098,9.785689009362576,9.780891994825332
2.58,9.872383850774373,9.928931736122127,9.90065779344825,9.868566644426371
2.63,9.985275920056631,10.062194922753925,10.023735421405277,9.982158072923255
2.68,9.921135766859624,9.9432534051604,9.932194586010013,9.945582261979458
2.73,9.792052081168068,9.955902512222876,9.873977296695472,9.893163789317375
2.78,10.220766084898711,10.200265820738016,10.210515952818364,10.125481696892004
2.83,10.081835991309624,9.94692083084469,10.014378411077157,10.04414844678769
2.88,10.095753288962191,9.982775935644666,10.039264612303429,10.040573231809454
2.93,10.141342273522412,10.119967144369788,10.1306547089461,10.106517449894334
2.98,10.07217674436206,10.11356377399816,10.09287025918011,10.09652701291094
3.03,10.19046603042652,10.289328993748848,10.239897512087683,10.201481502614827
3.08,10.064593635583355,10.331887808837564,10.19824072221046,10.199109086702657
3.13,10.269925645682507,10.364292682362576,10.317109164022542,10.285491138597868
3.18,10.328854667859153,10.265955043162329,10.297404855510742,10.294212584685084
3.23,10.132652248886275,10.366700617930178,10.249676433408226,10.26160985917685
3.28,10.354654554347205,10.368270651177696,10.361462602762451,10.334707140756658
3.33,10.398569253959169,10.211891568202116,10.305230411080643,10.313128676992841
3.38,10.408752371038942,10.401079410487013,10.404915890762977,10.380321580957766
3.43,10.40946496569705,10.274618373144769,10.342041669420908,10.352298740803544
3.48,10.414290821658684,10.4903045581996,10.452297689929143,10.425503052266977
3.53,10.4908614653584,10.43306735432577,10.461964409842086,10.452194618524892
3.58,10.293163218296025,10.419048021656154,10.35610561997609,10.381852589538756
3.63,10.579296879152825,10.52069978212106,10.549998330636942,10.504943815098951
3.68,10.580687042665488,10.56307771646508,10.571882379565285,10.553946245274032
3.73,10.721976161498358,10.443608145663704,10.582792153581032,10.57506291574523
3.78,10.767452439467416,10.6175966178366,10.692524528652008,10.66105078433198
3.83,10.52882780165506,10.558874511868057,10.543851156761558,10.575254702322281
3.88,10.657088927988518,10.843932552589918,10.750510740289219,10.7035510264473
3.93,10.783765790433756,10.821649047034857,10.802707418734308,10.77613854349662
3.98,10.657705479836856,10.75690815430878,10.70730681707282,10.725750222581716
4.03,10.770053718807535,10.666673401548053,10.718363560177794,10.720342810403686
4.08,10.80585323638922,10.94197032154564,10.873911778967429,10.832763097858294
4.130000000000001,10.843101546464403,10.693962743957792,10.768532145211097,10.785742777101994
4.180000000000001,10.69993659869733,10.856028814584503,10.777982706640916,10.78006201125417
4.23,10.820309319679945,10.857207844145844,10.838758581912895,10.823030883206414
4.28,10.85476792905481,10.827694806902088,10.841231367978448,10.836354562781926
4.33,11.038550951296408,10.889325979224308,10.963938465260359,10.929752461624052
4.380000000000001,11.000724037017036,11.233216863639388,11.116970450328212,11.066805541446353
4.430000000000001,10.86114058470497,10.960290541541957,10.910715563123464,10.952539746761673
4.48,11.071337463299743,11.138782416250892,11.105059939775318,11.064192277227873
4.53,10.94613651457007,10.915505664754516,10.930821089662292,10.96655779166407
4.58,10.957934604784208,10.922999603481312,10.940467104132761,10.947458082786747
4.630000000000001,11.05387446007935,10.88716079289839,10.97051762648887,10.964338840376056
4.680000000000001,11.26551836040622,11.163806745618404,11.214662553012312,11.147588516365067
4.73,11.033049101559977,11.084261613487357,11.058655357523666,11.082484925615567
4.78,11.13503538008706,11.181237462861391,11.158136421474225,11.137865664252692
4.830000000000001,11.226225679639729,11.199964241485306,11.213094960562518,11.192937331369139
4.880000000000001,11.187514277826097,11.14670901705356,11.167111647439828,11.174031618592668
4.930000000000001,11.014891663479176,11.19571904954703,11.105305356513103,11.123720502936132
4.98,11.101222631362704,11.247424992523284,11.174323811942994,11.160764696160262
5.03,11.20258563302013,11.16003119231502,11.181308412667576,11.175803740419907
5.080000000000001,11.092121327068664,11.302699423375412,11.197410375222038,11.191620894875653
5.130000000000001,11.25160565420369,11.271675806713109,11.2616407304584,11.242878972059842
5.180000000000001,11.305719157987276,11.173261782973574,11.239490470480426,11.240398416742183
5.23,11.215892071910886,11.257893126650938,11.236892599280912,11.23783198023847
5.28,11.242659607692453,11.416937431225508,11.32979851945898,11.30515615954416
5.330000000000001,11.363979019627422,11.31853022358776,11.341254621607591,11.33158206784969
5.380000000000001,11.401197864803624,11.359750012908298,11.38047393885596,11.367373401503384
5.430000000000001,11.535618939292174,11.33472959981271,11.435174269552443,11.417007081712569
5.48,11.41844533551835,11.293344419135696,11.355894877327023,11.372269843139815
5.53,11.52811869107087,11.608417918932211,11.568268305001542,11.51575067542795
5.580000000000001,11.474496808627894,11.307409628911673,11.390953218769784,11.424392596498798
5.630000000000001,11.33000796721767,11.60785226071788,11.468930113967776,11.456996322129076
5.680000000000001,11.261821900310258,11.48376116706827,11.372791533689263,11.395354138750545
5.73,11.46100503435456,11.386006863699247,11.423505949026904,11.41596269419788
5.78,11.54880017201136,11.529532750442671,11.539166461227016,11.506154111347087
5.830000000000001,11.45687800525809,11.522965230400269,11.489921617829179,11.494271101358446
5.880000000000001,11.67576250916142,11.598539631318792,11.637151070240105,11.59886649796368
5.930000000000001,11.669578774753411,11.62220735873822,11.645893066745817,11.633292335617837
5.98,11.521307711036954,11.625573701868545,11.57344070645275,11.589477902153222
6.03,11.6932118862202,11.494352768722797,11.593782327471498,11.592628960183585
6.080000000000001,11.650765390124365,11.462702021130106,11.556733705627234,11.566351810097718
6.130000000000001,11.62073049694919,11.465902888064887,11.543316692507037,11.549488933663016
6.180000000000001,11.629441908642889,11.695457891284567,11.662449899963729,11.632182100267213
6.23,11.746295674814265,11.734638705546365,11.740467190180315,11.711452287785768
6.28,11.76778016325316,11.62758228771563,11.697681225484395,11.701371170506967
6.330000000000001,11.69651736555342,11.604544991737717,11.650531178645569,11.664153713408036
6.380000000000001,11.676665600897772,11.82910733698028,11.752886468939026,11.729110598752309
6.430000000000001,11.694381245509764,11.599096816600404,11.646739031055084,11.66881042609884
6.48,11.760318563543027,11.42321367966469,11.591766121603857,11.612410080774705
6.53,11.736576627268528,11.750724474667066,11.743650550967796,11.708484772965276
6.580000000000001,11.745180106802527,11.749272204580702,11.747226155691614,11.736845433476427
6.630000000000001,11.613424293875154,11.763426145420231,11.688425219647693,11.701399376840444
6.680000000000001,11.563920232621191,11.58223141125354,11.573075821937366,11.607460014843536
6.73,11.789757458167092,11.81423716325772,11.801997310712405,11.749871199386607
6.78,11.745540198543836,11.80312765003072,11.774333924287278,11.767779156905478
6.830000000000001,11.84819479885698,11.738453557631477,11.793324178244228,11.786479410405875
6.880000000000001,11.738887875888972,11.784808550715068,11.76184821330202,11.76844812267461
6.930000000000001,11.824714455576556,11.889575350880612,11.857144903228583,11.833378672507905
6.98,11.87263797591756,11.938202279605276,11.905420127761417,11.886116678004676
7.03,11.828800151394857,11.94957719818189,11.889188674788373,11.888365535731031
7.080000000000001,11.884911994143474,11.926348664355755,11.905630329249615,11.90100424176882
7.130000000000001,11.731004870528258,11.739742518918693,11.735373694723474,11.7797542660462
7.180000000000001,11.74191807719098,11.93677531983994,11.83934669851546,11.823378954360315
7.23,11.68054314933634,11.782531517463273,11.731537333399807,11.75614622156774
7.28,11.8932422942332,11.86058393850124,11.87691311636722,11.844553724433284
7.330000000000001,11.971406219220032,11.8239582882809,11.897682253750467,11.883446507224875
7.380000000000001,11.96651583790022,11.900934911211634,11.933725374555927,11.920253192658219
7.430000000000001,11.93737374216968,11.754028860180204,11.845701301174941,11.865677420292098
7.48,11.75162590201083,11.769014977117155,11.760320439563992,11.78855075746707
7.53,11.489384329663244,11.786956646253014,11.638170487958128,11.678464759730623
7.580000000000001,11.688321814793731,11.94358189352062,11.815951854157175,11.77911229823588
7.630000000000001,11.930541518849855,12.069577183293962,12.000059351071908,11.940856766694457
7.680000000000001,11.786206339507658,11.802198058674804,11.794202199091231,11.83349817204685
7.73,11.995863834336673,11.71765353868162,11.856758686509146,11.850526050443442
7.78,11.901382189006032,12.033674652144883,11.967528420575459,11.936177729986058
7.830000000000001,12.051523875788536,11.992763204297257,12.022143540042897,11.99910907066148
7.880000000000001,11.869125402429612,11.92021917480492,11.894672288617265,11.922656040026117
7.930000000000001,11.796854121000331,11.957289424404143,11.877071772702237,11.889286040319236
7.98,11.975650795641307,11.922633186441768,11.949141991041538,11.9331036373833
8.03,12.018919179782426,11.939794164389726,11.979356672086077,11.966963208789979
8.08,11.908932376081395,11.850340978202762,11.879636677142079,11.903035750774945
8.129999999999999,11.94989851109473,11.9113178295739,11.930608170334315,11.92322016278001
8.18,11.847322287315135,11.809171763018416,11.828247025166775,11.853695000692891
8.23,12.129640106099703,11.87623541359098,12.002937759845342,11.96294828305425
8.28,11.89121016220822,12.083501529729764,11.987355845968992,11.980815859196774
8.33,11.81927937652713,11.97339379268898,11.896336584608054,11.918972738011268
8.379999999999999,11.818409264268718,12.038396542736304,11.928402903502512,11.92587609827464
8.43,12.056271283820012,11.938656500420816,11.997463892120415,11.978282000571514
8.48,12.115036954143584,12.101007909421186,12.108022431782384,12.073258588013767
8.53,11.924498968029848,12.088556186000174,12.00652757701501,12.024408097522238
8.58,11.90579381276469,11.916337081472156,11.911065447118423,11.941435518762129
8.629999999999999,11.816690198826407,11.921809735605173,11.86924996721579,11.888592027457827
8.68,11.993096813711569,11.939592919804037,11.966344866757803,11.945511056258148
8.73,11.998381953913384,11.979096804030377,11.98873937897188,11.977156384810584
8.78,12.152241172183103,12.046895153949514,12.099568163066309,12.066768025938629
8.83,11.808497943279905,12.085520863809055,11.947009403544481,11.979098629701657
8.879999999999999,11.786568472461916,11.89625114309495,11.841409807778433,11.878303416419554
8.93,12.0294388082063,12.01347957185659,12.021459190031447,11.983100716100287
8.98,11.953183560342763,11.766268620581863,11.859726090462313,11.892784221768501
9.03,11.97152969125516,11.826733111081746,11.899131401168454,11.89743067957402
9.08,11.85450443906462,11.871829613221536,11.863167026143078,11.872347944409638
9.13,11.656515873135533,11.786820385971986,11.721668129553759,11.762042664260063
9.18,11.98114693051562,11.79811801087253,11.889632470694075,11.855444885097638
9.23,11.858549261451492,12.015174395933624,11.936861828692557,11.915046224406089
9.28,11.76499953432612,11.99845192668171,11.881725730503916,11.89065392993641
9.33,11.81506294074888,11.878571228164803,11.846817084456841,11.85856313180182
9.38,11.843743208146,11.92924976799575,11.886496488070875,11.87901176781669
9.43,11.98497642558652,11.917718532641468,11.951347479113995,11.931965183687952
9.48,11.86856908852466,11.811263801235713,11.839916444880187,11.86458083010803
9.53,11.781937980618682,11.956655069429267,11.869296525023975,11.868032958379496
9.58,11.969454054574951,11.760965185165642,11.865209619870296,11.865966131143795
9.63,11.674815717847816,11.897734244370628,11.786274981109223,11.807628160404894
9.68,11.6279803238185,11.98162514949215,11.804802736655326,11.805559806667299
9.73,11.907226263222393,11.65722184850332,11.782224055862857,11.788476851445681
9.78,11.864279537755587,11.766709019599952,11.81549427867777,11.808254980869366
9.83,11.756382698696797,11.856934210377451,11.806658454537125,11.807086242478544
9.88,11.831996648861828,11.87064631007169,11.851321479466758,11.839468683438767
9.93,11.80741229568811,11.731670503227276,11.769541399457694,11.788278358729324
9.98,11.631595088013947,11.857320250701637,11.744457669357793,11.756199387686669
10.03,11.68532111938186,11.777757108307236,11.731539113844548,11.738146814305674
10.08,11.896085623672937,11.737434901020654,11.816760262346795,11.795695852429951
10.13,11.74478298869895,11.88840858917217,11.81659578893556,11.81099566782702
10.18,11.72400661630726,11.646087956146872,11.685047286227066,11.718795053364781
10.23,11.71882965605014,11.894532240665596,11.806680948357869,11.783131993768384
10.28,11.96351297934076,11.787597032434348,11.875555005887554,11.85079033442817
10.33,11.702069521101349,11.89940858666808,11.800739053884715,11.814150254086478
10.38,11.57535198694323,11.753830079733472,11.66459103333835,11.70466530575844
10.43,11.82381104747083,11.73604455942828,11.779927803449555,11.75976127797287
10.48,11.70022525103238,11.872601072754849,11.786413161893615,11.779271811120283
10.53,11.843318856854264,11.628224108011024,11.735771482432643,11.747427360374985
10.58,11.82940699177376,11.615012696955684,11.722209844364723,11.728966857414791
10.63,11.713304563979394,11.616203921969468,11.664754242974432,11.681959961157617
10.68,11.599261274135236,11.656844752974218,11.628053013554727,11.642497336631347
10.73,11.7525235890456,11.599872381883614,11.676197985464608,11.66716792382533
10.78,11.539903720058318,11.731341158758251,11.635622439408284,11.64407502648268
10.83,11.629957784574776,11.670773212685804,11.65036549863029,11.648679971698327
10.88,11.626652977067168,11.570901621370604,11.598777299218886,11.612148680009907
10.93,11.592434164581418,11.521945869859994,11.557190017220705,11.571916146532166
10.98,11.652133442855206,11.57446517290428,11.613299307879743,11.602210723216412
11.03,11.710714779041158,11.498165211469995,11.604439995255577,11.603842663612973
11.08,11.377563458017846,11.65749508735481,11.517529272686328,11.540656876081114
11.13,11.506186503850548,11.722867022650126,11.614526763250337,11.594733386638366
11.18,11.691205382859168,11.55103341328828,11.621119398073724,11.61404928761814
11.23,11.605798614976797,11.623148943511506,11.61447377924415,11.614360037055768
11.28,11.367326670645127,11.696292101385708,11.531809386015418,11.553928766296343
11.33,11.488553771394908,11.474191785092904,11.481372778243905,11.500814096648599
11.38,11.631543920170412,11.679743222130591,11.655643571150502,11.614157138493182
11.43,11.583718115080812,11.548681998171842,11.566200056626327,11.579050117983904
11.48,11.712754179587614,11.504500981716127,11.60862758065187,11.600702323415828
11.53,11.460839082164224,11.500306914555829,11.480572998360026,11.512761553996024
11.58,11.319869053110343,11.605899242163456,11.462884147636899,11.476248758391385
11.63,11.571515461367309,11.691423522942108,11.631469492154707,11.589878221894258
11.68,11.5141018093468,11.61498302839586,11.56454241887133,11.571331126830918
11.73,11.526697753647316,11.47757866707159,11.502138210359453,11.520678396449936
11.78,11.341142339872054,11.462674111557812,11.401908225714934,11.433732597048284
11.83,11.297544180586018,11.613026734965528,11.455285457775773,11.449510386149262
11.88,11.546163228246542,11.404222469225402,11.475192848735972,11.46831125362622
11.93,11.37417955116005,11.354814178879169,11.36449686501961,11.392313846609483
11.98,11.192352998792227,11.51885712782741,11.355605063309818,11.365441152150092
12.03,11.515539073319248,11.413398632540344,11.464468852929796,11.437934460477564
12.08,11.33644585059134,11.592034301077012,11.464240075834176,11.457191507442968
12.13,11.405468003446902,11.39959605173078,11.40253202758884,11.417177991074459
12.18,11.29159291614354,11.35420821978684,11.322900567965188,11.348162127351804
12.23,11.213271817811837,11.400491952473546,11.30688188514269,11.317942892705984
12.28,11.233411631804014,11.613195122947037,11.423303377375525,11.39507212059417
12.33,11.328569779041032,11.363690979546847,11.346130379293939,11.35924427935151
12.38,11.40055678783347,11.238889614013122,11.319723200923296,11.330312841972143
12.43,11.210904813207453,11.27418853710867,11.24254667515806,11.26606354867867
12.48,11.120536522606994,11.281708425289626,11.20112247394831,11.218523382477919
12.53,11.253715021780597,11.201201585508288,11.227458303644443,11.225064198733437
12.58,11.12402890516245,11.191980246142345,11.158004575652399,11.175973147501699
12.63,11.310386649390294,11.095633494712176,11.203010072051235,11.195765549952366
12.68,11.15570646643522,11.10224643227227,11.128976449353745,11.146872534922347
12.73,11.24797585260528,11.202223635129409,11.225099743867345,11.204138826404392
12.78,11.064086245895398,11.069966689704698,11.067026467800048,11.103765613560409
12.83,11.112039082657,10.970059922464896,11.041049502560949,11.057854233855675
12.88,11.318619529688236,11.117782335351247,11.218200932519743,11.175236164103708
12.93,11.23180191724994,10.986344295903857,11.109073106576899,11.126801444409981
12.98,11.194028090802952,11.196806739693294,11.195417415248123,11.177031821274165
13.03,11.236932773910096,11.08955970475479,11.163246239332443,11.16694007488092
13.08,11.085552471952402,11.209976334447456,11.147764403199929,11.152902508941175
13.13,11.219772952780213,11.224061117911772,11.221917035345992,11.203424648729804
13.18,10.85226925944998,11.077542301243884,10.964905780346932,11.028816718509708
13.23,11.013219968539914,11.15358664980297,11.083403309171441,11.068776876286062
13.28,11.320163023325245,11.03162339221232,11.175893207768782,11.147191473251803
13.33,11.22066813014403,11.040916251776167,11.130792190960099,11.13518636540661
13.38,11.014084189197172,10.958512625836216,10.986298407516694,11.026192815596016
13.43,10.984831148016305,11.143883077482796,11.064357112749551,11.05413102014756
13.48,11.156165583385771,10.962246523842238,11.059206053614005,11.05784620249511
13.53,10.965556615311334,11.02471071634962,10.995133665830476,11.011937439385072
13.58,10.970003213452683,11.168092626133864,11.069047919793274,11.053745212688543
13.63,11.071202846759403,11.056229450073188,11.063716148416296,11.061044444240261
13.68,10.976387514319628,10.951567885851464,10.963977700085547,10.989986655793722
13.73,11.08214654849533,11.053551535059004,11.067849041777167,11.046985878332142
13.78,10.937465076263395,10.761278450956016,10.849371763609707,10.902322306062574
13.83,10.82145901837983,11.002879056994049,10.91216903768694,10.909530613900106
13.88,10.858636935325992,11.072376884935204,10.965506910130598,10.950508106760353
13.93,10.575114955145546,10.763500569134644,10.669307762140095,10.744655167392446
13.98,10.679993752443076,10.982521889671826,10.831257821057452,10.808052709945521
14.03,10.892732656926254,10.933945737608491,10.913339197267373,10.885127768015574
14.08,10.855991666902788,10.951499986936748,10.903745826919767,10.898757133071753
14.13,10.879628964319714,11.014156076710712,10.946892520515213,10.933994682322378
14.18,11.087582123437189,10.983480286334652,11.03553120488592,11.008324575662755
14.23,10.73821523799271,10.797058048593035,10.767636643292873,10.8321287803993
14.28,10.810160674322692,10.913360549701846,10.861760612012269,10.853820786661318
14.33,10.94355194320463,10.78652110539666,10.865036524300645,10.86203127645767
14.38,11.01164859277007,10.793143818584678,10.902396205677373,10.891580455490415
14.43,10.89125995793188,10.82884263512123,10.860051296526555,10.868499509208954
14.48,10.738974188853811,10.865643334129167,10.802308761491489,10.820044518888796
14.53,10.744634112845445,10.983079277045372,10.863856694945408,10.852117257752388
14.58,10.684166859483954,10.849826941547162,10.766996900515558,10.789804831496616
14.63,10.544393879271771,10.844878226570373,10.694636052921073,10.720136450285047
14.68,10.714526400605932,10.774778306217168,10.74465235341155,10.738083336967083
14.73,10.78564409669423,10.866261894847169,10.825952995770699,10.80240839165507
14.78,10.621013823318751,10.656596631483469,10.638805227401111,10.682642563142135
14.83,10.71800738936672,10.723850581762225,10.720928985564473,10.71067016959533
14.88,10.855254612103838,11.000130414547032,10.927692513325436,10.869541551583444
14.93,10.840656894482729,10.67563676255515,10.758146828518939,10.78799495460516
14.98,10.73843885466139,10.708144182407558,10.723291518534474,10.740628751977132
15.03,10.712555986771456,10.720821872205905,10.71668892948868,10.723103585591405
15.08,10.72356423001009,10.8900112942135,10.806787762111796,10.784364654593894
15.13,10.712725748433094,10.802372206633173,10.757548977533133,10.764734216546058
15.18,10.510942531423408,10.799849252573974,10.65539589199869,10.68469300776293
15.23,10.738704817422152,10.744459048692118,10.741581933057134,10.726338591466277
15.28,10.56445358191373,10.541320120877376,10.552886851395552,10.599363105073277
15.33,10.751493101082373,10.598709398054533,10.675101249568453,10.654807274914738
15.38,10.803142249750026,10.725384270560172,10.764263260155099,10.73493461730319
15.43,10.617619835048677,10.603466583329975,10.610543209189327,10.643873786538807
15.48,10.730809124410168,10.72057938536498,10.725694254887575,10.703770526469187
15.53,10.589395046238195,10.60096519174853,10.595180118993362,10.624276830982275
15.58,10.627302206732072,10.6075101911474,10.617406198939737,10.619247179247026
15.63,10.650459302141702,10.650040088439306,10.650249695290505,10.641942596153322
15.68,10.4202773823906,10.841915998030286,10.631096690210443,10.634002841949021
15.73,10.635469467173698,10.696574181864191,10.666021824518944,10.657442363996868
15.78,10.670472948547411,10.506467096035,10.588470022291204,10.606951105551321
15.83,10.595899345518056,10.564642371407905,10.580270858462981,10.587419809124164
15.88,10.60896490980693,10.59957280944024,10.604268859623584,10.599754170149033
15.93,10.55189013190948,10.644653074307154,10.598271603108318,10.598668855749603
15.98,10.54551568912635,10.581562807302584,10.563539248214468,10.57295219818393
16.03,10.553247524719731,10.49326011667048,10.523253820695107,10.536570460808374
16.080000000000002,10.541653336112612,10.544099022279813,10.542876179196213,10.541186567046493
16.130000000000003,10.59840926847771,10.57573736702906,10.587073317753385,10.574777999958185
16.180000000000003,10.736143193827726,10.574078851928416,10.65511102287807,10.633585854261137
16.23,10.663125614885717,10.656705847046544,10.65991573096613,10.652860661766216
16.28,10.467964799822356,10.500183840101046,10.484074319961701,10.529300483941624
16.330000000000002,10.557597658874052,10.492589225530878,10.525093442202465,10.526220715638997
16.380000000000003,10.461190437041695,10.220253381211458,10.340721909126577,10.390426164528517
16.430000000000003,10.380938100043483,10.63871349882636,10.509825799434921,10.477832763685178
16.48,10.576319433116566,10.56716399545624,10.571741714286404,10.546578886810751
16.53,10.773050526938276,10.539169959720958,10.656110243329618,10.626761404804503
16.580000000000002,10.510243056228244,10.6472869423823,10.578764999305271,10.591625597398387
16.630000000000003,10.593219317909288,10.372979018925902,10.483099168417596,10.512178737420433
16.680000000000003,10.654384362293207,10.485093492068112,10.569738927180659,10.554315720818224
16.73,10.597940149253484,10.587443827699555,10.59269198847652,10.58240909854896
16.78,10.639316746252684,10.70857110805051,10.673943927151598,10.6494172437482
16.830000000000002,10.550488679373974,10.558820624601651,10.554654651987812,10.580046211922689
16.880000000000003,10.514631853669336,10.522849625596145,10.51874073963274,10.53516749142444
16.930000000000003,10.362717553666606,10.52818153355306,10.445449543609833,10.469489395273335
16.98,10.37544599938017,10.43380949109232,10.404627745236246,10.422007371983433
17.03,10.689886939571585,10.591776077539713,10.64083150855565,10.582197757876687
17.080000000000002,10.517191870991809,10.684427756375156,10.600809813683483,10.595822728360568
17.130000000000003,10.46092245905929,10.5620853815319,10.511503920295596,10.53409707682336
17.180000000000003,10.64116062097738,10.590044173352611,10.615602397164995,10.593763112400614
17.23,10.619929732283955,10.583663990417602,10.601796861350778,10.599644224807387
17.28,10.516117165087046,10.621705169333268,10.568911167210157,10.577146065174274
17.330000000000002,10.545572484579102,10.570959781737432,10.558266133158266,10.56332499569511
17.380000000000003,10.337118441801223,10.577451965836392,10.457285203818808,10.485698480417627
17.430000000000003,10.384080030555651,10.551803365568944,10.467941698062297,10.472699613554584
17.48,10.378980127625695,10.591313413729806,10.485146770677751,10.481811564978536
17.53,10.474424019331668,10.551926324667852,10.513175171999759,10.504771318826695
17.580000000000002,10.512364268426875,10.605649652851543,10.55900696063921,10.544474564214562
17.630000000000003,10.615055220526433,10.5193101410514,10.567182680788918,10.561098059291187
17.680000000000003,10.394611020158845,10.586192779883811,10.490401900021329,10.509344878805669
17.73,10.631864583298324,10.464862361094712,10.548363472196517,10.53790847160764
17.78,10.475334967674744,10.4136980167087,10.444516492191722,10.469540797655762
17.830000000000002,10.400623708115743,10.532286116476998,10.46645491229637,10.467281772786354
17.880000000000003,10.406032593347843,10.40674766936654,10.406390131357192,10.422705997503941
17.930000000000003,10.557829755530507,10.478554597909907,10.518192176720207,10.492606732110875
17.98,10.423678881587458,10.541484953697363,10.48258191764241,10.485268058583507
18.03,10.534015738392522,10.59168674691308,10.562851242652801,10.542062891135199
18.08,10.446603253416551,10.386694666337142,10.416648959876847,10.450253521477135
18.130000000000003,10.500273195900416,10.4149078985709,10.457590547235657,10.455624597108814
18.180000000000003,10.457435660722073,10.525027494393743,10.491231577557908,10.481690715901662
18.23,10.480371406409212,10.41922284732656,10.449797126867885,10.458342988293216
18.28,10.527220356738267,10.42425896030174,10.475739658520004,10.471078234781745
18.33,10.427506225650346,10.535073682585558,10.481289954117951,10.478553732168482
18.380000000000003,10.538983462681326,10.643631307402003,10.591307385041665,10.561095134810637
18.430000000000003,10.67135086379326,10.510557177849638,10.59095402082145,10.582953356427959
18.48,10.379273968159,10.541952108970762,10.46061303856488,10.49339402793806
18.53,10.486469917404843,10.493633084495698,10.49005150095027,10.490947128357329
18.58,10.42360803905159,10.500767025710624,10.462187532381108,10.469893642897581
18.630000000000003,10.613660968924917,10.511411991147495,10.562536480036206,10.537712906640383
18.680000000000003,10.483517466782764,10.477046261239035,10.4802818640109,10.495670465503947
18.73,10.78168696239521,10.560056059471329,10.670871510933269,10.623926532297395
18.78,10.53949225688153,10.491616575255478,10.515554416068504,10.544592637094087
18.83,10.63286744051266,10.593558012567966,10.613212726540313,10.594826028988646
18.880000000000003,10.56003470340721,10.63975883248888,10.599896767948046,10.598538067538845
18.930000000000003,10.518100341719622,10.718431727658974,10.618266034689299,10.612979941823028
18.98,10.47450669305398,10.474189984587223,10.474348338820601,10.511494564890533
19.03,10.530678251240984,10.44861382602336,10.489646038632172,10.49550033359891
19.08,10.574629332077622,10.53611415769881,10.555371744888216,10.539329248583535
19.130000000000003,10.504223131484876,10.52052638016257,10.512374755823723,10.519597190391105
19.180000000000003,10.610189662647157,10.484402748287078,10.547296205467116,10.539874276746362
19.230000000000004,10.480466141593409,10.664196789859249,10.572331465726329,10.563634588150562
19.28,10.671769371951934,10.41278838693469,10.542278879443312,10.548001124345214
19.33,10.612378324089406,10.385872031864196,10.4991251779768,10.512221448335524
19.380000000000003,10.634957527129124,10.733931858273456,10.684444692701291,10.638297613455617
19.430000000000003,10.71323038873153,10.610895153698651,10.66206277121509,10.65569491638544
19.480000000000004,10.588570572888589,10.650556677914045,10.619563625401316,10.629244975642006
19.53,10.743753273343582,10.707969564616242,10.725861418979912,10.699973121011952
19.58,10.65317904365496,10.746993878508798,10.700086461081879,10.700056091701672
19.630000000000003,10.609054888450324,10.59375711196441,10.601406000207366,10.627839212556522
19.680000000000003,10.597580830079988,10.674104203364976,10.635842516722482,10.633698037834431
19.730000000000004,10.744986178549622,10.47174587848409,10.608366028516855,10.615153719956156
19.78,10.622631173551644,10.609545383599976,10.616088278575809,10.615837864348393
19.83,10.654563782963123,10.705704410553937,10.680134096758529,10.662905973207868
19.880000000000003,10.813076795100375,10.8126695698201,10.812873182460237,10.772689589849916
19.930000000000003,10.85684688458582,10.795313086875492,10.826079985730656,10.811774072270834
19.980000000000004,10.789658349520389,10.893079401045409,10.8413688752829,10.833438971715658
20.03,10.70396860663391,10.66970665011628,10.686837628375095,10.726119339932517
20.08,10.670131581124192,10.968923324091174,10.819527452607684,10.794498824249857
20.130000000000003,10.864666855450912,10.646130663350542,10.755398759400727,10.765875590201055
20.180000000000003,10.88533363940718,10.654281435469048,10.769807537438115,10.768753975351263
20.230000000000004,10.779662657587112,10.805286538281312,10.792474597934213,10.786118676269147
20.28,10.764346757503157,10.608133963781778,10.686240360642469,10.713002674656018
20.33,10.760529401711503,10.886971453617008,10.823750427664255,10.794075656682136
20.380000000000003,10.828556504026045,10.710122964830042,10.769339734428044,10.775967704820067
20.430000000000003,10.765229180422114,10.94242935492822,10.853829267675167,10.832966324786717
20.480000000000004,10.751909004339485,10.8820872010128,10.816998102676141,10.821276774895232
20.53,10.653528136110202,10.83240113028716,10.742964633198682,10.763948308323824
20.58,10.79051680521993,10.705885198607591,10.74820100191376,10.752420479949302
20.630000000000003,10.813615897027862,10.80393155462886,10.808773725828361,10.793673919104195
20.680000000000003,10.901848606695204,10.85647197750501,10.879160292100106,10.856254287491986
20.730000000000004,10.936862319902136,10.772663263071848,10.854762791486992,10.855162436637045
20.78,10.908977404004515,10.971709669996162,10.940343537000338,10.917519329947599
20.83,10.909022109019302,10.886746046314563,10.897884077666934,10.90314532765872
20.880000000000003,10.785543680429042,10.887364806988144,10.836454243708593,10.854324065795385
20.930000000000003,10.790152861642902,10.866594102547449,10.828373482095175,10.835326920040762
20.980000000000004,10.99028041341344,10.821794160729226,10.906037287071333,10.887090501328984
21.03,10.96398347267116,10.938656176556332,10.951319824613746,10.934109629309196
21.08,10.882308345813763,10.945779037068952,10.914043691441357,10.919420343288417
21.130000000000003,10.93770466504522,10.861393306414136,10.899548985729679,10.904873499940052
21.180000000000003,10.979958772488525,11.026848021518989,11.003403397003757,10.977002390655215
21.230000000000004,11.130299054321434,10.98956951780784,11.059934286064637,11.0377127516629
21.28,10.947161697072683,10.917814601003975,10.93248814903833,10.96068299633547
21.33,10.909320674135742,10.955908170474446,10.932614422305093,10.940135374049225
21.380000000000003,11.109017183583628,10.96875641454922,11.038886799066425,11.012426434481643
21.430000000000003,10.976539588284597,10.920717023644716,10.948628305964657,10.9657229629794
21.480000000000004,11.085526587245823,10.96748017499898,11.026503381122403,11.01021731716536
21.53,11.067601497449116,11.012958615538109,11.040280056493613,11.032224769768339
21.58,11.120790066950327,10.922130875897238,11.021460471423783,11.024344756472294
21.630000000000003,11.110458455200176,11.054352515468008,11.082405485334093,11.06684815992361
21.680000000000003,11.115476748670634,11.133339779727136,11.124408264198884,11.108985080742073
21.730000000000004,11.107263650391006,10.902262659435523,11.004763154913265,11.03268933577271
21.78,11.04047596848311,11.134597584752411,11.08753677661776,11.072840449136416
21.83,11.047277636760857,11.338339990778875,11.192808813769865,11.16066338734905
21.880000000000003,11.29621926904858,11.070991152409114,11.183605210728846,11.177457967681333
21.930000000000003,11.150783991568868,11.106042031383218,11.128413011476043,11.14155456788407
21.980000000000004,11.0369613564322,11.102235643470106,11.069598499951153,11.088879070244298
22.03,11.178664593070373,10.957397855805525,11.068031224437949,11.073617387885689
22.08,11.137845758723884,11.177197199354293,11.157521479039088,11.135039445572868
22.130000000000003,11.178482040691902,11.182122611669442,11.180302326180673,11.168174173874705
22.180000000000003,11.0023224487598,11.208398789922398,11.105360619341099,11.122191460552108
22.230000000000004,11.250464564408889,11.066349071742598,11.158406818075743,11.148702942273681
22.28,11.357643685918816,11.17631748870574,11.266980587312279,11.235288187841531
22.33,11.26333222939062,11.360787993018857,11.312060111204739,11.291489136338184
22.380000000000003,11.239558976011404,11.212823218476103,11.226191097243753,11.243687654086441
22.430000000000003,11.342465047392604,11.265121559477349,11.303793303434976,11.287688043231487
22.480000000000004,11.276757431155678,11.073422885161918,11.175090158158799,11.205260670533479
22.53,11.222838211766694,11.073324545397266,11.148081378581981,11.163402523684168
22.58,11.28875097043302,11.221118710769392,11.254934840601205,11.230408830201934
22.630000000000003,11.155500403374436,11.22414676977598,11.189823586575208,11.20069836982961
22.680000000000003,11.122005997532286,11.267212690165994,11.194609343849141,11.1962408934433
22.730000000000004,11.184734205065892,11.292758032762444,11.238746118914168,11.227356878075145
22.78,11.383173187983184,11.330105649153436,11.35663941856831,11.321998266247723
22.83,11.342168377758227,10.887954817166632,11.115061597462429,11.170510110747836
22.880000000000003,11.21132647941939,11.501331809755865,11.356329144587626,11.306539084531924
22.930000000000003,11.381616815928714,11.2768057177963,11.329211266862508,11.323136273916377
22.980000000000004,11.53459165870278,11.424599934572717,11.47959579663775,11.4376725938764
23.03,11.46119744115249,11.39448297788502,11.427840209518756,11.430474788967059
23.08,11.445586114421571,11.537057821203613,11.491321967812592,11.47501801537922
23.130000000000003,11.464655485791598,11.276647636657165,11.370651561224381,11.39861646833207
23.180000000000003,11.419353832343203,11.256253481685528,11.337803657014366,11.354098400696412
23.230000000000004,11.530018204031244,11.400999134316276,11.46550866917376,11.435656377706719
23.28,11.47152201284908,11.458665532292915,11.465093772570999,11.457206046389839
23.33,11.522283483798404,11.564361995789826,11.543322739794114,11.5202478413416
23.380000000000003,11.448057549464616,11.348170068171306,11.39811380881796,11.430839524201026
23.430000000000003,11.357844313450126,11.405698889861704,11.381771601655915,11.39491931187615
23.480000000000004,11.572797386238218,11.62565078465905,11.599224085448634,11.544480786360063
23.53,11.532235628255773,11.414100073935868,11.47316785109582,11.492276094509768
23.58,11.505035752217523,11.497959211220529,11.501497481719026,11.49902661846321
23.630000000000003,11.506116243434327,11.353673681021773,11.429894962228051,11.448418733687689
23.680000000000003,11.58650303907323,11.552136852237858,11.569319945655543,11.536924563544813
23.730000000000004,11.730139308942404,11.409921197871563,11.570030253406983,11.56115961054354
23.78,11.45376345968006,11.64587852962616,11.54982099465311,11.552859167624238
23.83,11.522428138937842,11.524736207334916,11.52358217313638,11.531426920166211
23.880000000000003,11.492848296004931,11.578586123651844,11.535717209828388,11.534567630178111
23.930000000000003,11.634219402892334,11.605363039233834,11.619791221063085,11.596955628709376
23.980000000000004,11.308871346640538,11.510972381826909,11.409921864233723,11.460037410382327
24.03,11.781924250789142,11.599978367097572,11.690951308943358,11.629078116302807
24.08,11.603931616941107,11.33874304793216,11.471337332436633,11.513603848087026
24.130000000000003,11.585780175501991,11.732971055063397,11.659375615282695,11.620316187983358
24.180000000000003,11.643640628558185,11.527360078570638,11.585500353564411,11.594829228280783
24.230000000000004,11.728356236833456,11.437440595607391,11.582898416220424,11.586095267677045
24.28,11.588717712714535,11.35233450680998,11.470526109762258,11.50149277229547
24.33,11.661644477019882,11.606413655408542,11.634029066214211,11.59851607329087
24.380000000000003,11.940214990323833,11.589694754134808,11.764954872229321,11.720357730464558
24.430000000000003,11.589176231808938,11.631697731428648,11.610436981618793,11.63989015750344
24.480000000000004,11.683078979681436,11.686891147898503,11.68498506378997,11.672901920067737
24.53,11.77753695429412,11.71344889584841,11.745492925071265,11.726042223902805
24.58,11.645633803709943,11.675773835896807,11.660703819803375,11.678211192416557
24.630000000000003,11.690856665954666,11.512795113570414,11.60182588976254,11.622293269922292
24.680000000000003,11.561383600827757,11.610298662022585,11.58584113142517,11.595608452497862
24.730000000000004,11.548074926199645,11.836744431513091,11.692409678856368,11.666471868427264
24.78,11.757537983644516,11.77914301019512,11.76834049691982,11.741044880181173
24.83,11.5918185622703,11.641360370808016,11.616589466539157,11.649937194118216
24.880000000000003,11.585001135391355,11.881054398795818,11.733027767093587,11.710763715166197
24.930000000000003,11.662800113377427,11.913350728669938,11.788075421023683,11.767359811873696
24.980000000000004,11.69043948874174,11.564183148059143,11.62731131840044,11.664837199127795
25.03,11.898405357218458,11.64454807384034,11.7714767155294,11.742902743228344
25.08,11.934913406794111,11.61164821793632,11.773280812365215,11.765141033272373
25.130000000000003,11.872256218445234,11.777672599265555,11.824964408855394,11.808934783679419
25.180000000000003,11.75663363931634,11.607458993580304,11.682046316448321,11.716045978771717
25.230000000000004,11.895889536426104,11.79930093083148,11.847595233628791,11.812346717024923
25.28,11.695378489460069,11.997896749461994,11.846637619461031,11.837449399845541
25.33,11.807561370276902,11.59175742870624,11.699659399491571,11.736580118811501
25.380000000000003,11.845266054392065,11.693232115358278,11.76924908487517,11.76049546180085
25.430000000000003,11.79935189137707,11.836141937497104,11.817746914437087,11.8024064339377
25.480000000000004,11.75084844623314,11.650529911919044,11.700689179076093,11.727944235372572
25.53,11.80652873318298,11.81295464253114,11.80974168785706,11.787824126520917
25.58,11.682040159519524,11.681331743104996,11.68168595131226,11.710125589645534
25.630000000000003,11.831492484519522,11.84414312804488,11.837817806282201,11.803602779954666
25.680000000000003,11.868123654275651,11.759739824242686,11.813931739259168,11.811164102954873
25.730000000000004,11.913005620360783,11.743017752568834,11.828011686464809,11.823497390068905
25.78,11.697264971024426,11.849695857458588,11.773480414241508,11.786882422522305
25.83,11.862174710029992,11.97929182135974,11.920733265694865,11.884868040360553
25.880000000000003,11.863978762480068,11.731442316955954,11.797710539718011,11.821064321629496
25.930000000000003,11.899816183505507,11.797587215706749,11.848701699606128,11.841296286496375
25.980000000000004,11.999675805931783,11.8221822817534,11.910929043842593,11.892271002744922
26.03,11.833364542701602,11.853333909078009,11.843349225889806,11.85645777649043
26.08,12.057056981258397,11.705778549087256,11.881417765172827,11.874729756362289
26.130000000000003,11.88575845784966,12.094810310681645,11.990284384265653,11.959321615037268
26.180000000000003,11.912933650323149,11.833934395587306,11.873434022955227,11.896447533893463
26.230000000000004,11.89562270030851,11.656355241016229,11.775988970662368,11.808265745401552
26.28,11.99925334036118,11.712118846441076,11.855686093401129,11.84297984944984
26.33,11.916213824627595,11.71994386901682,11.818078846822207,11.824751050367006
26.380000000000003,11.87097908528717,11.691250538759451,11.781114812023311,11.792807106848237
26.430000000000003,11.691882241142393,11.80568294003442,11.748782590588405,11.760578924167397
26.480000000000004,11.774626766800449,11.694288855665352,11.7344578112329,11.741456942349101
26.53,11.856823423946452,11.903439876087548,11.880131650016999,11.842973874086764
26.58,11.843165391953084,11.933835536146132,11.888500464049608,11.876301651034922
26.630000000000003,11.860694837884564,11.800344690438298,11.83051976416143,11.842786983777154
26.680000000000003,12.010217049326362,11.80617020716986,11.90819362824811,11.890667970682488
26.730000000000004,11.64934734376324,11.810270971254464,11.729809157508853,11.772911146594158
26.78,11.90693357381107,11.746963234892709,11.826948404351889,11.812469164774512
26.83,11.709987829963907,11.982364396972544,11.846176113468225,11.837144363786427
26.880000000000003,11.91329301246788,11.98225742959193,11.947775221029906,11.918131772173552
26.930000000000003,11.928752401235238,11.876232036791537,11.902492219013387,11.906682824652638
26.980000000000004,11.599794077247738,11.635520347134056,11.617657212190897,11.69510139164193
27.03,11.924427728520197,11.79317699180952,11.858802360164859,11.814938817848947
27.08,11.692583287543076,12.037102683421171,11.864842985482124,11.851471204065867
27.130000000000003,11.900005077584566,11.78181461567287,11.840909846628719,11.843739753824979
27.180000000000003,11.836995173987631,11.80752163934045,11.82225840666404,11.828014316288147
27.230000000000004,11.85044361222323,11.823542336275777,11.836992974249505,11.834587150099644
27.28,11.852389794565775,11.912374459176458,11.882382126871118,11.869575501442936
27.33,11.620787882524713,11.806132430864793,11.713460156694753,11.755291137246134
27.380000000000003,11.818847093800322,11.833767603392696,11.826307348596508,11.807278612115658
27.430000000000003,11.573334260943472,11.707830346674177,11.640582303808824,11.685248445000889
27.480000000000004,11.794443575111014,11.806344075053897,11.800393825082455,11.769540713477426
27.53,11.743794057294592,11.811845408225428,11.77781973276001,11.77560137622912
27.58,11.82224211821854,11.929052350150702,11.87564723418462,11.848840027339365
27.630000000000003,11.943552409004898,11.863940698732732,11.903746553868814,11.88903439442605
27.680000000000003,11.711949028154002,11.64218084654226,11.677064937348131,11.733861982192224
27.730000000000004,11.82098114817702,11.709718724058916,11.765349936117968,11.756912764292256
27.78,11.67303658181141,11.646224871793953,11.659630726802682,11.685697370186068
27.83,11.718924794418948,11.718190411410148,11.718557602914547,11.709752730091852
27.880000000000003,11.828840162231796,11.615668084147057,11.722254123189426,11.718904385004667
27.930000000000003,11.619927961492426,11.773919649735891,11.696923805614158,11.702813484111013
27.980000000000004,11.860227690263589,11.862640290761457,11.861433990512523,11.818931753919223
28.03,11.487777407178983,11.671085004308551,11.579431205743766,11.643605184214191
28.08,11.79310043989349,11.742665755270854,11.767883097582171,11.734582931058195
28.130000000000003,11.676053989602709,11.7588290521726,11.717441520887654,11.72203454789998
28.180000000000003,11.655403194800034,11.696770842331508,11.67608701856577,11.688398621945078
28.230000000000004,11.627226577415582,11.566573818695147,11.596900198055366,11.621417126845335
28.28,11.771067982247704,11.62585356552486,11.698460773886282,11.677816990879712
28.33,11.72479748227864,11.694080189326588,11.709438835802615,11.700965787992342
28.380000000000003,11.692042363504338,11.503396184821169,11.597719274162753,11.625384094164719
28.430000000000003,11.544099754597957,11.326345428588024,11.43522259159299,11.486176212638574
28.480000000000004,11.720720761331965,11.470627127031424,11.595673944181694,11.566334115441675
28.53,11.703959457260662,11.679556994944154,11.691758226102408,11.658150936939473
28.58,11.565787151802873,11.437474081443751,11.501630616623313,11.543570110051089
28.630000000000003,11.703246849392864,11.575270900700293,11.639258875046579,11.613619147741305
28.680000000000003,11.583345647985604,11.614095761035772,11.598720704510688,11.602712730342812
28.730000000000004,11.413612913915516,11.491855000196333,11.452733957055925,11.492920648239956
28.78,11.558562462405195,11.47649860354791,11.517530532976552,11.510936334235558
28.83,11.530085015392793,11.487510038882316,11.508797527137554,11.50937061877223
28.880000000000003,11.448939702964893,11.550264824080946,11.49960226352292,11.502219686423354
28.930000000000003,11.40857586082468,11.3641719438842,11.386373902354439,11.417414686642255
28.980000000000004,11.35513581568229,11.414221977825235,11.384678896753762,11.393450425217978
29.03,11.381082443483066,11.568056154398352,11.47456929894071,11.452833562235782
29.08,11.571510186088748,11.441506065326918,11.506508125707832,11.492126069771404
29.130000000000003,11.539799896247107,11.24667689712888,11.393238396687995,11.419735268832087
29.180000000000003,11.40115842514503,11.19052469856335,11.29584156185419,11.329038780586215
29.230000000000004,11.306130847123857,11.331138593614767,11.318634720369312,11.321422479902436
29.28,11.313469558523328,11.340644856008584,11.327057207265955,11.32554738661933
29.33,11.393313329254372,11.318909036198944,11.356111182726657,11.34792163824207
29.380000000000003,11.382507600845065,11.448645744351465,11.415576672598265,11.397448560778622
29.430000000000003,11.463550492651034,11.325864202401345,11.39470734752619,11.39544185340346
29.480000000000004,11.28115441408023,11.28056218111584,11.280858297598035,11.311560868841985
29.53,11.126030705572122,11.417466923352936,11.27174881446253,11.282416422282529
29.58,11.358147059698888,11.211432574585473,11.28478981714218,11.284153867906216
29.630000000000003,11.332404464681154,11.230389171255776,11.281396817968465,11.282135567272778
29.680000000000003,11.211561671222627,11.228767525729356,11.220164598475993,11.236769669519266
29.730000000000004,11.232196334978752,11.167799206663563,11.199997770821158,11.209850771381475
29.78,11.072351842520924,11.033940334769865,11.053146088645395,11.095134981834702
29.83,11.074299067544302,11.197803149128434,11.136051108336368,11.125087665282837
29.880000000000003,11.270420598009602,10.90578703373346,11.08810381587153,11.098013608454284
29.930000000000003,11.110209789979898,10.969257431817873,11.039733610898885,11.055349689178742
29.980000000000004,11.12094714050994,11.140253578021657,11.130600359265799,11.110437002986071
30.03,10.975793011116382,11.092813033554668,11.034303022335525,11.054703060967405
30.08,11.110155132737711,10.914712934683775,11.012434033710743,11.023759985429015
30.130000000000003,10.967229874332508,10.943495950575052,10.95536291245378,10.973689852922146
30.180000000000003,11.075967269865464,11.07262147908659,11.074294374476027,11.047337474170746
30.230000000000004,11.029543881724216,10.777343740500118,10.903443811112167,10.942000001924669
30.28,10.893067202839877,10.915617229387204,10.904342216113541,10.914432589410376
30.33,10.960172291519264,10.850845147490078,10.90550871950467,10.907899863239265
30.380000000000003,10.774183793544712,10.847059602211033,10.810621697877872,10.836687303727638
30.430000000000003,10.679339777456828,10.791168431545277,10.735254104501053,10.76243304831952
30.480000000000004,10.921928387926105,10.865685611476415,10.89380699970126,10.858605455522037
30.53,10.833785983382809,10.779669172910143,10.806727578146475,10.820628213494297
30.58,10.861032240125162,10.771503924519292,10.816268082322228,10.817436375948677
30.630000000000003,10.790170701579822,10.840657604396648,10.815414152988236,10.815956005997402
30.680000000000003,10.70573533359454,10.7385518905611,10.722143612077819,10.747280567268602
30.730000000000004,10.77888621961343,10.81273263388985,10.795809426751639,10.782806158043556
30.78,10.683164006251568,10.521346241652456,10.602255123952013,10.650633627729446
30.83,10.791569273959764,10.77164624841626,10.781607761188013,10.746513347898425
30.880000000000003,10.747142318003542,10.46892528095187,10.608033799477706,10.645139282645264
30.930000000000003,10.630137790004463,10.68129532209371,10.655716556049086,10.652882384182409
30.980000000000004,10.508320365177186,10.58016262980932,10.544241497493253,10.573351735346613
31.03,10.611945775314144,10.732908447209931,10.672427111262039,10.64587994429569
31.08,10.663571542734587,10.735465638466392,10.69951859060049,10.68514615864002
31.130000000000003,10.704885808879348,10.678097214889643,10.691491511884497,10.689791279606949
31.180000000000003,10.289164343418951,10.288916985084615,10.289040664251782,10.396421468002474
31.230000000000004,10.644111333949857,10.406035976155277,10.525073655052566,10.490601405427997
31.28,10.445583695672084,10.386196659314605,10.415890177493345,10.435908990683973
31.33,10.414237379838324,10.30210780581529,10.358172592826808,10.37900199785514
31.380000000000003,10.484206764809782,10.500234794855164,10.492220779832472,10.46188389863361
31.430000000000003,10.325358402497852,10.169207486605028,10.24728294455144,10.304785096892706
31.480000000000004,10.277188788194874,10.288439520470597,10.282814154332735,10.28870125064863
31.53,10.230246362451538,10.261005899879322,10.24562613116543,10.257168074644827
31.58,10.345291314322308,10.222596848391854,10.283944081357081,10.276769471982002
31.630000000000003,10.240421348644706,10.229420293530978,10.234920821087842,10.246134133299265
31.680000000000003,10.294064282679992,10.132343961594398,10.213204122137196,10.22202769203482
31.730000000000004,10.125761496290474,10.076007419052988,10.100884457671732,10.133344689487815
31.78,10.088178784716115,10.162090732651633,10.125134758683874,10.127334603012706
31.83,10.077505678404467,10.03337090968124,10.055438294042855,10.074702851970105
31.880000000000003,9.977545187884845,10.056513552091712,10.017029369988279,10.03248293291
31.930000000000003,10.217749409344068,10.04587241234535,10.13181091084471,10.105196059371288
31.980000000000004,10.098910367830497,10.141548808423954,10.120229588127225,10.116201366237682
32.03,10.158041541543795,10.130543787400669,10.144292664472232,10.136765623795943
32.080000000000005,9.916458615603478,10.058261500882075,9.987360058242777,10.027393158877462
32.13,9.788387952269549,9.87984402140708,9.834115986838315,9.885904449001576
32.18,9.79965284392217,9.81642648293778,9.808039663429975,9.828903469842707
32.230000000000004,9.814540920110709,9.745649351153856,9.780095135632283,9.793173289367875
32.28,9.98644082188299,9.660257516995086,9.823349169439037,9.81526356674307
32.330000000000005,9.66355619244538,9.730180902488906,9.696868547467144,9.728592397269995
32.38,9.71744092447503,9.46870739895962,9.593074161717325,9.629386163493354
32.43,9.82173413051568,9.588469752992976,9.705101941754329,9.684813960115006
32.480000000000004,9.751552201046758,9.663505134359024,9.707528667702892,9.70144228014841
32.53,9.753244270480591,9.56939642070803,9.66132034559431,9.672070985556855
32.580000000000005,9.72291554844708,9.32316468863307,9.523040118540075,9.562972819004532
32.63,9.486511289354972,9.52344671420363,9.5049790017793,9.5205183982708
32.68,9.639603344690238,9.437782676218724,9.53869301045448,9.533823137797114
32.730000000000004,9.4777497282238,9.494674256303718,9.486211992263758,9.498969360260142
32.78,9.531162937681726,9.413918152440914,9.472540545061321,9.479622124750756
32.830000000000005,9.6649733380892,9.510214543668924,9.587593940879062,9.558662979942161
32.88,9.32034555042958,9.235295031424103,9.277820290926842,9.353071862648681
32.93,9.393125467713103,9.383450690257902,9.388288078985504,9.378851922257573
32.980000000000004,9.29140200450552,9.19458739024338,9.24299469737445,9.279397531067815
33.03,9.496251713707526,9.219975606608529,9.358113660158027,9.337021736937
33.080000000000005,9.28884123240072,9.13747183239718,9.213156532398951,9.246346113925238
33.13,9.156154752192352,9.141724823733927,9.14893978796314,9.175039734342366
33.18,9.2026226076054,9.079241304699588,9.140931956152494,9.15007110777409
33.230000000000004,9.117314174725797,9.036662410457543,9.07698829259167,9.096570773900392
33.28,9.15966884736795,8.924956156355345,9.042312501861648,9.056850962037139
33.330000000000005,8.95281683210468,9.025616967251286,8.989216899677984,9.007339392067957
33.38,9.008159886567247,8.888297675041422,8.948228780804335,8.964067421356532
33.43,9.043709553528842,9.01966622554815,9.031687889538496,9.013569039697325
33.480000000000004,9.0011001272356,8.969373935878933,8.985237031557267,8.992828570258347
33.53,8.754910108450389,9.004723906016356,8.879817007233372,8.910098364281293
33.580000000000005,8.73305097926428,8.944172845293096,8.838611912278688,8.857766649362553
33.63,8.785051503613227,8.849517083384267,8.817284293498748,8.828131508060164
33.68,8.949687268139233,9.012368918435191,8.981028093287211,8.940059576750148
33.730000000000004,8.90060811595599,8.763947224815713,8.832277670385851,8.861157745154852
33.78,8.902953695225628,8.716452653134516,8.809703174180072,8.823490384919655
33.830000000000005,8.667341811280378,8.588063177883832,8.627702494582106,8.680163701685846
33.88,8.507889225030274,8.626729145360631,8.567309185195452,8.597548461751257
33.93,8.73005156972593,8.729984212008903,8.730017890867416,8.69452281431393
33.980000000000004,8.624596595858458,8.610633890367641,8.61761524311305,8.638222564708165
34.03,8.327665676423539,8.546262934198968,8.436964305311253,8.490891293386749
34.080000000000005,8.382018741581717,8.314378973640698,8.348198857611209,8.386433180543294
34.13,8.371896136833714,8.104397247332647,8.23814669208318,8.277879936914514
34.18,8.45371113671878,8.262725811305128,8.358218474011954,8.336691827875597
34.230000000000004,8.366971678699334,8.306228455138342,8.336600066918837,8.336624654193098
34.28,8.367378138218985,8.567420321700263,8.467399229959625,8.43235828799246
34.330000000000005,8.35936455861934,8.416059811772756,8.387712185196047,8.399675072385543
34.38,8.232988411953427,8.104329032875631,8.168658722414529,8.230559366827647
34.43,8.386952633573872,8.149572421195836,8.268262527384854,8.25815999596145
34.480000000000004,8.181725941232331,8.143297997569757,8.162511969401045,8.188140780875536
34.53,8.279802102634402,8.206349120424454,8.243075611529427,8.228355868019376
34.580000000000005,8.183281578425389,8.19620613806921,8.189743858247299,8.20008991508387
34.63,7.872073281943416,7.929635497145414,7.900854389544415,7.9810343069594145
34.68,8.034879173516211,8.077451758025648,8.05616546577093,8.03603413244097
34.730000000000004,8.012245732525411,8.072931015678973,8.042588374102191,8.040832170342068
34.78,8.015273889017564,7.943518507758225,7.979396198387894,7.995857917459236
34.830000000000005,7.928817112514936,7.897637424151815,7.913227268333375,7.935368084036709
34.88,7.914932112292687,7.796091829064919,7.855511970678803,7.876909351763742
34.93,7.857464261107117,7.808007199206066,7.832735730156591,7.844572016392985
34.980000000000004,7.831359956580667,7.722439046081121,7.7768995013308935,7.795032297091564
35.03,7.787585617743453,7.760815060325459,7.774200339034456,7.779782245372617
35.080000000000005,7.674795612602849,7.743763427404069,7.709279520003459,7.728170668330319
35.13,7.67919841138803,7.873236602800349,7.77621750709419,7.763343395448542
35.18,7.507099098369557,7.715676767472784,7.61138793292117,7.652104276390877
35.230000000000004,7.696588385048602,7.680894184906105,7.688741284977354,7.678924428113516
35.28,7.519687938348815,7.5110383961258975,7.515363167237356,7.559189275002139
35.330000000000005,7.743926562533174,7.830124742230058,7.787025652381616,7.725977079056353
35.38,7.583085654772627,7.5706173007857105,7.576851477779169,7.616809562212196
35.43,7.341721833338718,7.401123323705084,7.371422578521901,7.437173822634825
35.480000000000004,7.366495461888499,7.36835018354448,7.367422822716489,7.386112546815871
35.53,7.393744386846925,7.377757551616487,7.385750969231706,7.3858478536533845
35.580000000000005,7.525298032728369,7.302290930434995,7.413794481581682,7.406306205197122
35.63,7.416487551327267,7.478159778583274,7.44732366495527,7.436333069737499
35.68,7.171641198827183,7.273559805565358,7.22260050219627,7.279869971065173
35.730000000000004,7.097802526534059,7.470747480521241,7.28427500352765,7.283094678636696
35.78,7.101186206663626,7.12253566557878,7.111860936121203,7.1577428791451885
35.830000000000005,6.929983636227628,7.156433906541039,7.043208771384334,7.073898093064674
35.88,7.162101932927135,7.184671318769344,7.17338662584824,7.146728753832726
35.93,7.058667316789537,6.94045236001939,6.999559838404464,7.0389936304444305
35.980000000000004,7.073237005023332,6.868423186116758,6.9708300955700455,6.989094459692888
36.03,7.053729969629009,6.953294391635179,7.003512180632094,6.999648963949737
36.080000000000005,6.976578596341142,6.997686294486972,6.987132445414057,6.990486236447741
36.13,6.801879561182329,7.1504406785407815,6.9761601198615555,6.979998791231498
36.18,6.839388513197985,6.972634188719745,6.906011350958865,6.925836225829963
36.23,6.862145131836194,6.862277328404776,6.862211230120485,6.879259496339273
36.28,6.745947643519135,6.731810927701736,6.738879285610436,6.776494049708538
36.330000000000005,6.834338102379729,6.59257337108348,6.713455736731605,6.730346801785995
36.38,6.762288653746778,6.867976536181239,6.815132594964009,6.792414310152328
36.43,6.824392816250133,6.737849466973646,6.781121141611889,6.7841471370022886
36.48,6.773583492265982,6.630602640784856,6.7020930665254195,6.724079388445383
36.53,6.514618293316634,6.473479477810151,6.494048885563393,6.555685373045147
36.580000000000005,6.593957638877894,6.702694532153928,6.648326085515912,6.623503081423126
36.63,6.59779568830994,6.598653008222059,6.598224348265999,6.6049977644011335
36.68,6.750933574083622,6.363215335026131,6.5570744545548765,6.569915466726807
36.73,6.387703519574226,6.448936162489713,6.41831984103197,6.458939766512993
36.78,6.511689229124339,6.360912512245567,6.436300870684953,6.442366944539608
36.830000000000005,6.495471343377559,6.391222399183767,6.443346871280663,6.443084300701756
36.88,6.415887919357536,6.245231359011809,6.330559639184672,6.3607105313667605
36.93,6.407929900187646,6.208362359213693,6.30814612970067,6.322230718677724
36.98,6.3913563346938425,6.337040309668162,6.364198322181002,6.352953136714029
37.03,6.361860359970236,6.401396322488044,6.38162834122914,6.373944843336519
37.080000000000005,6.239634867129895,6.2683804637968965,6.254007665463396,6.2861447354169675
37.13,6.2549167084058,6.4091149992231005,6.33201585381445,6.319724724683932
37.18,6.125960859046972,6.081622858410139,6.103791858728556,6.161650895780637
37.23,6.194629254375873,6.046234210193231,6.120431732284552,6.131476373856015
37.28,6.245644818125763,6.115599405576781,6.180622111851272,6.167453551044011
37.330000000000005,6.2727831839534325,6.033844477003251,6.153313830478342,6.157102557185115
37.38,6.173901342910285,5.895504257045364,6.034702799977825,6.067499716075283
37.43,6.061782735943438,5.846777605423217,5.954280170683328,5.984617256438521
37.48,6.065661219420992,5.952474092822337,6.0090676561216645,6.0025161912719485
37.53,5.920907955080312,5.963944024113827,5.942425989597069,5.958527110608877
37.580000000000005,5.775544949416689,5.917253337217855,5.846399143317273,5.876443741602001
37.63,6.068351050899217,5.825600576807885,5.946975813853551,5.928076802053255
37.68,5.832193296084007,5.755498915130021,5.793846105607014,5.829813112319251
37.73,5.707695236865425,5.704954144818784,5.706324690842105,5.7394133136515
37.78,5.8528679290395225,5.829016492638681,5.840942210839102,5.813737624829262
37.830000000000005,5.666898687266019,5.765249986442496,5.716074336854257,5.742243135997328
37.88,5.64312319466859,5.695522332961244,5.669322763814916,5.68886171865297
37.93,5.739870528623822,5.759140141124219,5.749505334874021,5.733255926881488
37.98,5.478146392636682,5.61949360593929,5.548819999287986,5.59823945714195
38.03,5.668980680384824,5.514849142659926,5.591914911522375,5.593609568413634
38.080000000000005,5.585342892804431,5.592900441931462,5.589121667367946,5.590324196828849
38.13,5.478652679777809,5.523460846757757,5.501056763267783,5.52497590000087
38.18,5.385638252849007,5.412944675164846,5.399291464006927,5.432968507132665
38.23,5.314547749280656,5.48069727711607,5.397622513198363,5.407093443728734
38.28,5.527208810368581,5.478681922994313,5.5029453666814465,5.477261921333297
38.330000000000005,5.404132409939151,5.472815433979728,5.43847392195944,5.448867135067683
38.38,5.439680226111494,5.52391754054515,5.481798883328322,5.4729748479765385
38.43000000000001,5.451769531472029,5.448165106755291,5.44996731911366,5.456132167892304
38.48,5.400950147146741,5.389832939423399,5.39539154328507,5.41166694459634
38.53,5.329571080563027,5.152084253689648,5.240827667126338,5.286603913559941
38.580000000000005,5.625198373586397,5.44937302797145,5.537285700778924,5.470115718336407
38.63,5.271390292567867,5.474183679055106,5.372786985811487,5.398866141091884
38.68000000000001,5.224799997490687,5.222861032739699,5.223830515115193,5.270731169742323
38.73,5.499786679208394,5.134915455549277,5.317351067378835,5.304859303455911
38.78,5.139752606416869,5.334111874680805,5.236932240548837,5.255133242199006
38.830000000000005,5.305747270658376,5.250959529200443,5.27835339992941,5.272131577417425
38.88,5.320514872185014,5.013290581370919,5.166902726777966,5.1950987123272645
38.93000000000001,5.073686677357896,5.1400453517888645,5.106866014573381,5.1305078946825535
38.98,5.037139154729841,4.926669356088723,4.981904255409282,5.021722480544881
39.03,5.188745600802652,5.066316080530621,5.127530840666637,5.099179576019551
39.080000000000005,5.051240867980467,5.01532131082868,5.033281089404573,5.050938535675489
39.13,4.931176289044744,5.120697706511701,5.0259369977782224,5.032636139667331
39.18000000000001,5.172005403261546,5.05209677242246,5.112051087842003,5.09077191661164
39.23,4.805506151027175,4.81517085413334,4.810338502580258,4.885480409400669
39.28,4.892768744543137,4.873444252817347,4.883106498680242,4.883742586140684
39.330000000000005,4.952559290711249,4.785829726958211,4.869194508834729,4.873092654400286
39.38,4.92680227006038,4.889269400889692,4.908035835475036,4.898672838325082
39.43000000000001,4.836529180699407,4.8052450483195175,4.820887114509462,4.841729736388528
39.48,4.850122826828572,4.969106666583078,4.909614746705825,4.8914250130131265
39.53,4.937704058056022,4.910707634098329,4.924205846077175,4.915422248330444
39.580000000000005,4.8180725397849775,4.7120115281171255,4.765042033951051,4.805336290951629
39.63,4.74569117982579,4.951205852842133,4.848448516333962,4.836896630358857
39.68000000000001,4.696618994968642,4.658960520109728,4.677789757539185,4.720422315621457
39.73,4.726097259823963,4.825100846844635,4.7755990533342985,4.760814491023159
39.78,4.96449533838143,4.6432524730332325,4.803873905707331,4.79233617031615
39.830000000000005,4.796313578541973,4.664988449845828,4.730651014193901,4.7471795019618455
39.88,4.676512537888459,4.49311920477196,4.58481587133021,4.628321075038142
39.93000000000001,4.695323835240632,4.691468061384241,4.693395948312437,4.675959188571032
39.98,4.681846057349127,4.560641339515567,4.621243698432347,4.635904669828481
40.03,4.62409702642025,4.562735455155147,4.593416240787699,4.604800981036843
40.080000000000005,4.667464020525107,4.5438485841805845,4.605656302352846,4.605427119696953
40.13,4.59381039592882,4.63919705006635,4.616503722997585,4.613535756088301
40.18000000000001,4.505279473344125,4.565401926821798,4.535340700082961,4.5562930021916985
40.23,4.591049425248361,4.438529682781891,4.514789554015126,4.525910369437145
40.28,4.589732011838801,4.530113146334019,4.559922579086409,4.550809034978091
40.330000000000005,4.58117715184171,4.517926140730547,4.549551646286129,4.549888562570712
40.38,4.677787385586992,4.485759663880064,4.581773524733528,4.573229974871304
40.43000000000001,4.458842802253913,4.461250319828276,4.460046561041095,4.490373965373497
40.48,4.365535091724992,4.3654080787684855,4.365471585246739,4.398939077134429
40.53,4.45193937352744,4.573351205197101,4.51264528936227,4.482177801621418
40.580000000000005,4.522347801063585,4.335457067968276,4.428902434515931,4.443177526108317
40.63,4.494287482935151,4.39256175301932,4.443424617977236,4.443358409910503
40.68000000000001,4.34469591881635,4.538574183974004,4.441635051395177,4.442096823917628
40.73,4.556677830721434,4.505442866169065,4.53106034844525,4.507222643892247
40.78,4.364488588940856,4.379752705307994,4.372120647124425,4.408321118054195
40.830000000000005,4.415435015518844,4.260438781139825,4.337936898329335,4.356796293164506
40.88,4.300139730254159,4.151722689896331,4.225931210075245,4.260996403406445
40.93000000000001,4.269018771323978,4.280278910420432,4.274648840872205,4.270990681278538
40.98,4.245393250967775,4.311909697031796,4.278651473999785,4.2765987707767446
41.03,4.342025578184358,4.405752451425085,4.373889014804721,4.347820172485998
41.080000000000005,4.305489230395627,4.365957436869813,4.3357233336327194,4.338964671834425
41.13,4.099636516341095,4.300893054117638,4.200264785229367,4.23742930783548
41.18000000000001,4.245214855183613,4.251452026576922,4.248333440880267,4.245411687236755
41.23,4.200087075392049,4.387166989475906,4.293627032433978,4.280707769625594
41.28,4.20398021068482,4.1950915027291416,4.199535856706981,4.221285805221613
41.330000000000005,4.240448187008816,4.136687519450548,4.1885678532296815,4.19733460204392
41.38,4.257987117966451,4.036775258940962,4.147381188453706,4.1607661652843815
41.43000000000001,4.156827374927788,4.2513827943283085,4.204105084628049,4.1924924561890755
41.48,4.306261606552792,4.029382475895808,4.1678220412243,4.174432458991052
41.53,4.131147381934654,4.155099275739131,4.143123328836893,4.151512584977421
41.580000000000005,4.177092944571794,4.022959216544613,4.100026080558203,4.113821847838434
41.63,4.160425208156389,4.331866130943146,4.246145669549767,4.210689608382816
41.68000000000001,4.038648866579275,4.128834985672148,4.083741926125711,4.117757455067505
41.73,4.199400320520935,4.270836015600031,4.235118168060483,4.203671459790874
41.78,4.2671094500035,4.206317108467589,4.236713279235545,4.22785975039889
41.830000000000005,4.094286120291578,3.961353600279393,4.0278198602854856,4.081420387295383
41.88,4.252615805178952,4.156931131440004,4.204773468309478,4.17172110986786
41.93000000000001,4.171749942408941,3.9573886769075424,4.064569309658242,4.0932805479919505
41.98,3.977067133914921,3.9608571739291927,3.9689621539220568,4.002273167217419
42.03,4.212686860838458,4.234008573009019,4.223347716923739,4.164110969862856
42.080000000000005,4.144742698653114,3.863055477016528,4.003899087834821,4.046827732242103
42.13,4.15072102658819,4.308885117158623,4.229803071873407,4.180774977384389
42.18000000000001,4.074176513048434,4.1388233395888525,4.1064999263186435,4.12640186626949
42.23,3.9849433604591495,4.085930876917311,4.03543711868823,4.059811049342329
42.28,4.002773382720648,3.911591244430121,3.9571823135753847,3.9846816004443646
42.330000000000005,3.931949694267776,4.0917098128692215,4.011829753568499,4.004555427862891
42.38,3.927451528052488,4.061213860789037,3.9943326944207627,3.9970718675910195
42.43000000000001,3.83686172116764,4.185203245027369,4.011032483097504,4.0072917474467005
42.48,4.126739739628082,4.049092662673097,4.087916201150589,4.0663129438904315
42.53,4.178733032534743,3.891806482531704,4.035269757533223,4.043587754248126
42.580000000000005,3.971585274798688,4.292459167792261,4.1320222212954745,4.108326277267061
42.63,3.9990717691144586,4.149167159288336,4.074119464201397,4.083285152137984
42.68000000000001,4.063155368577754,3.865579867993669,3.9643676182857117,3.996231475447329
42.73,4.125353472898762,4.058504975223888,4.091929224061325,4.066287089602729
42.78,4.0036191883855885,4.060489050010881,4.032054119198235,4.041226815972638
42.830000000000005,4.064082523607647,4.057259485726769,4.060671004667208,4.05546095000902
42.88,4.117319304429556,3.947240626560274,4.032279965494915,4.038491291575228
42.93000000000001,3.953866654351914,4.024697505492537,3.9892820799222255,4.00246764844482
42.98,4.0110175484747685,3.915726421787956,3.9633719851313622,3.9738476365437623
43.03,3.913344977394489,3.9430441733143007,3.9281945753543948,3.940427276232094
43.080000000000005,4.036493274712924,3.955723376693335,3.9961083257031293,3.981188633463648
43.13,3.769231262911602,3.867521844917999,3.8183765539148005,3.862001919147946
43.18000000000001,3.951129785741456,3.9852119596114255,3.9681708726764406,3.9397229873172233
43.23,3.9689929228199214,3.793951911370247,3.8814724170950843,3.8970806103447586
43.28,3.883008855791394,3.884118757810594,3.8835638068009937,3.8871856233947955
43.330000000000005,4.028677076549996,4.133812493800821,4.081244785175409,4.029246789492433
43.38,3.905098429877974,4.091100852013105,3.9980996409455396,4.006445494245212
43.43000000000001,3.925639314827678,3.9408876277538,3.933263471290739,3.952872535241866
43.48,3.999383613201327,4.070738277763444,4.035060945482385,4.01303862733124
43.53,3.982280139267139,4.033091143792939,4.007685641530039,4.009119969752566
43.580000000000005,4.1282985945382284,3.940567656685029,4.034433125611629,4.02765048594131
43.63,4.096296188692056,4.1630742171211255,4.129685202906591,4.102345082895806
43.68000000000001,3.9218137977097354,3.984192273424673,3.953003035567204,3.9930191165449136
43.73,3.982780357581216,3.9870746920355176,3.984927524808367,3.987095660279657
43.78,3.978692823655658,4.022736932072553,4.000714877864105,3.9970656195108085
43.830000000000005,3.968395662576981,4.156894226878135,4.062644944727558,4.045073017495552
43.88,4.104222582208705,4.055355254265337,4.079788918237021,4.070486820668825
43.93000000000001,3.8380523532055713,4.134054323411088,3.98605333830833,4.008677221720972
43.98,4.084986053110756,3.957045141383365,4.02101559724706,4.017709539488933
44.03,3.978989669036997,3.961023263515081,3.970006466276039,3.9827884662199162
44.080000000000005,3.9176335666376514,4.048328477116756,3.9829810218772037,3.9829294267443354
44.13,3.990894905568416,3.986797986296582,3.988846445932499,3.987260985419431
44.18000000000001,4.116669577582986,4.251161808001554,4.1839156927922705,4.131222222763939
44.23,4.061287357055385,4.040157923919707,4.050722640487546,4.072292438549549
44.28,3.957360946779431,4.198240920235358,4.077800933507395,4.076324936731929
44.330000000000005,3.9734510777434897,4.101924662270439,4.037687870006964,4.048040640833826
44.38,4.164496709747288,4.087497118175845,4.125996913961567,4.105108593532049
44.43000000000001,4.135243407023234,4.142665731864055,4.138954569443644,4.129885567531089
44.48,4.008361995331818,4.065110192864155,4.036736094097986,4.06169542027977
44.53,4.057703498881694,3.970946024257357,4.014324761569526,4.027017691315867
44.580000000000005,3.982128620004713,4.241904233127478,4.112016426566095,4.08924108409813
44.63,4.206751588157518,4.083598894570543,4.145175241364031,4.130187729095318
44.68000000000001,4.029955699359246,4.088822542087107,4.059389120723177,4.078359550661739
44.73,4.140192195251341,4.012767525600058,4.0764798604256995,4.076983521906467
44.78,3.982652866116628,4.245220118408043,4.113936492262336,4.10403497369755
44.830000000000005,4.155653140429068,4.032337472082572,4.09399530625582,4.096685427039109
44.88,4.124211644301473,4.177027118689085,4.150619381495279,4.136167821954131
44.93000000000001,4.141809745662176,4.0622666615623375,4.102038203612256,4.111183207284944
44.98,4.2740662320918,4.115952084553088,4.195009158322444,4.172548062437175
45.03,4.314021792937914,4.075904848028488,4.1949633204832,4.188957170191633
45.080000000000005,4.338218925652943,4.173293571705303,4.255756248679123,4.2378574895432575
45.13,4.263745327090886,4.066835470859622,4.165290398975253,4.184734692290026
45.18000000000001,4.10599415524835,4.127515480041026,4.116754817644688,4.134969970157475
45.23,4.238448494498928,4.12557709736016,4.182012795929544,4.16940770875424
45.28,4.045041825976408,4.144010613174942,4.094526219575675,4.1145906541291115
45.330000000000005,4.3353373348792825,4.141534909414411,4.238436122146847,4.205251829005241
45.38,4.268026443889124,4.3232884640646105,4.295657453976867,4.271433339774489
45.43000000000001,4.248272274617166,4.253037048642424,4.250654661629795,4.256222291658452
45.48,4.398453717871804,4.049617907154564,4.2240358125131845,4.23266015360736
45.53,4.426009231326011,4.181925045883653,4.303967138604833,4.284860489560062
45.580000000000005,4.260217466225389,4.346580089573186,4.303398777899288,4.298431458509737
45.63,4.322204220861126,4.374509501751517,4.348356861306321,4.334979389945178
45.68000000000001,4.308729450307954,4.397868134035856,4.3532987921719055,4.348390123139433
45.73,4.189532946087899,4.213267963037989,4.201400454562944,4.240786217553733
45.78,4.220623759517175,4.339953270825204,4.28028851517119,4.269703906425418
45.830000000000005,4.094943799687234,4.2768424578357225,4.185893128761478,4.2083501589535555
45.88,4.169450265648055,4.46769241752711,4.318571341587583,4.289037664711992
45.93000000000001,4.38038121598176,4.324743546100848,4.352562381041304,4.335540984601448
45.98,4.339159988116208,4.33201791015729,4.335588949136749,4.33557609707825
46.03,4.370181229570457,4.171182744198305,4.270681986884381,4.288070311304365
46.080000000000005,4.278682532785518,4.323412536363772,4.301047534574645,4.297570298079375
46.13,4.359655858370129,4.352053323522912,4.355854590946521,4.34023736174135
46.18000000000001,4.419802590027508,4.492638449407136,4.456220519717322,4.4251429262020485
46.23,4.333725766023632,4.4865180265629165,4.4101218962932744,4.414146769126814
46.28,4.477828582855183,4.402391224102897,4.4401099034790406,4.433153102596381
46.330000000000005,4.442891383285762,4.268132407209946,4.355511895247854,4.37631579405627
46.38,4.559310083634335,4.554555479646152,4.556932781640244,4.508536605677776
46.43000000000001,4.397698220667399,4.421920820992567,4.409809520829983,4.436263363486028
46.48,4.575403388217611,4.291926012493864,4.433664700355737,4.434361010042899
46.53,4.501921569525568,4.382820593843992,4.44237108168478,4.440224789457023
46.580000000000005,4.457461772035326,4.318327791235095,4.387894781635211,4.40191656497098
46.63,4.513406647774937,4.361302171605689,4.437354409690313,4.427858867816268
46.68000000000001,4.445871259778419,4.479218657123591,4.462544958451005,4.453250848476834
46.73,4.405360340235129,4.492362767966801,4.448861554100965,4.450037661984322
46.78,4.554587386456945,4.518538503613919,4.536562945035432,4.513378565317013
46.830000000000005,4.476811414815039,4.404919065033082,4.44086523992406,4.460295126903596
46.88,4.57772617209615,4.656521135815585,4.6171236539558675,4.575101576782049
46.93000000000001,4.707550174823491,4.839147359083761,4.773348766953626,4.720228592445413
46.98,4.524790598126528,4.548878790052449,4.536834694089489,4.585974941050754
47.03,4.477528100139917,4.598479687185133,4.538003893662525,4.550857697070276
47.080000000000005,4.708950860184707,4.728582624382405,4.718766742283556,4.673775649216776
47.13,4.644570147462605,4.62102576772809,4.632797957595347,4.643777896973001
47.18000000000001,4.59186490518824,4.566819755562746,4.579342330375493,4.596607788409137
47.23,4.633192623068143,4.698411840994173,4.665802232031158,4.647261636741916
47.28,4.680704048197788,4.825038641839304,4.752871345018546,4.7245733089729365
47.330000000000005,4.863392400745125,4.566368235652981,4.714880318199054,4.717477547249158
47.38,4.615849727446173,4.6880125302141655,4.651931128830169,4.669494238712289
47.43000000000001,4.85564350413957,4.743221272372217,4.799432388255894,4.764615566019691
47.48,4.687435614063817,4.8716689041578665,4.779552259110842,4.775549984259476
47.53,4.600940191455839,4.754234639326392,4.677587415391116,4.703836406607872
47.580000000000005,4.710596652869292,4.798815116362227,4.75470588461576,4.741075449064153
47.63,4.835724222438661,4.788840233526654,4.812282227982658,4.793202429075824
47.68000000000001,4.73717848407341,4.713503846640831,4.72534116535712,4.743524536167902
47.73,4.701586942699439,4.852252108482943,4.776919525591191,4.767971365143975
47.78,5.043279419521332,4.729480815297593,4.8863801174094625,4.854652587863148
47.830000000000005,4.613528904246308,4.696202426787209,4.654865665516758,4.7083984100177725
47.88,4.708868607430023,5.00734072066201,4.858104664046016,4.81799099417726
47.93000000000001,4.912955335253206,4.867197301181745,4.890076318217476,4.870761113854765
47.98,4.823159840723395,5.0127996781151065,4.917979759419251,4.905327561472555
48.03,4.744560319171627,4.859546366995723,4.802053343083674,4.82972558649993
48.080000000000005,4.698771160327816,4.9677143203684855,4.833242740348151,4.832300321814865
48.13,4.957128249162408,4.709510551073794,4.833319400118101,4.833046338909725
48.18000000000001,4.737844007778209,4.924284322251006,4.831064165014608,4.831595286909063
48.23,4.895422270395619,4.842433366277146,4.868927818336383,4.858924596689023
48.28,4.994921075448898,5.026191352645091,5.010556214046995,4.969926644628901
48.330000000000005,4.745844496410892,4.959944746133642,4.852894621272267,4.884253257419257
48.38,5.0296460155049525,5.086274319311829,5.057960167408391,5.011415541157096
48.43000000000001,4.871785805030032,4.82985157522138,4.850818690125706,4.893850486666548
48.48,4.851078318184964,4.984602761056124,4.917840539620544,4.911412424305141
48.53,4.937321848957264,4.943525443895159,4.940423646426211,4.932650112887431
48.580000000000005,4.831412976918134,4.996312789184862,4.9138628830514985,4.918896906114054
48.63,5.015366581569998,5.061100325413322,5.03823345349166,5.006257321994312
48.68000000000001,5.012892371876416,4.906190296673063,4.959541334274739,4.972058845457821
48.73,5.052118169561267,5.004923946971176,5.028521058266222,5.013392053941336
48.78,5.108182003797312,5.191387455220951,5.149784729509132,5.113238422237221
48.830000000000005,5.007520808053838,5.122972364559467,5.065246586306652,5.0781059599875356
48.88,5.013871834987946,4.967328181970272,4.99060000847911,5.014047157518709
48.93000000000001,4.945980528202976,5.050817986053042,4.998399257128009,5.00259209940094
48.98,5.111352037981128,5.117037014931647,5.114194526456387,5.084290746253527
49.03,5.01126152514081,5.270107822154954,5.140684673647883,5.125573966344546
49.080000000000005,5.026004660491715,5.139855215145664,5.082929937818689,5.094356370824203
49.13,4.995865745390105,5.080748984344892,5.0383073648674985,5.053325650750165
49.18000000000001,5.06181242302086,5.060932749630359,5.061372586325609,5.059216416436623
49.23,5.06256058717667,5.214979250415158,5.138769918795914,5.117453622083675
49.28,4.973124043240998,5.149970116913858,5.061547080077428,5.0765271928596185
49.330000000000005,4.954994557360537,5.231373981088858,5.093184269224698,5.088721019064411
49.38,5.071578532972748,5.111417075905364,5.091497804439056,5.090753767040366
49.43000000000001,5.169718488268045,5.308917621861618,5.239318055064832,5.199510374064571
49.48,5.195541765868674,5.108809890361493,5.152175828115084,5.164859081476343
49.53,5.044680460312281,5.149213851116054,5.096947155714167,5.1151441013785846
49.580000000000005,5.210858967456168,5.278981717154519,5.244920342305344,5.210146903352272
49.63,5.164806893293672,5.3243840924813775,5.244595492887525,5.235365021141162
49.68000000000001,5.285582068052176,5.279357034986342,5.2824695515192595,5.269847930644601
49.73,5.150504390565942,5.225106586227831,5.1878054883968865,5.2097886945422385
49.78,5.362954778376831,5.288400067985652,5.325677423181242,5.294625131930552
49.830000000000005,5.185404676550714,5.38649388456527,5.2859492805579915,5.288273967926921
49.88,5.222196331658259,5.223337050358805,5.222766691008532,5.240319312957176
49.93000000000001,5.096766941448388,5.045952680873476,5.0713598111609315,5.1166323732208
49.98,5.286413477916374,5.180557830427116,5.233485654171744,5.202174911908012
50.03,5.214600115891261,5.192859594194011,5.203729855042636,5.203313209285437
50.080000000000005,5.103902736727271,5.328163575431383,5.216033156079327,5.212624856608137
50.13,5.301384745954374,5.27826210675541,5.289823426354892,5.269138131934412
50.18000000000001,5.289592037200598,5.268274184663861,5.278933110932229,5.276308554219884
50.23,5.291833361302513,5.194255074866683,5.243044218084598,5.251957370088805
50.28,5.4819489037741205,5.328522498457625,5.405235701115872,5.364164896099979
50.330000000000005,5.167964526735212,5.246026348182358,5.206995437458785,5.249108866976529
50.38,5.471942509598693,5.235527468183062,5.353734988890878,5.325700504016728
50.43000000000001,5.493679866144362,5.173453175763594,5.333566520953978,5.331458828067992
50.48,5.070336675102654,5.383367578027297,5.226852126564975,5.254881407755592
50.53,5.276810230998068,5.347971540778841,5.312390885888455,5.296981267665619
50.580000000000005,5.439032181137288,5.371752208047565,5.405392194592427,5.376343574271679
50.63,5.320749917062481,5.257727238105353,5.289238577583918,5.312578291103119
50.68000000000001,5.1428620795840185,5.4024542086944844,5.2726581441392515,5.283354715279952
50.73,5.332225986734633,5.311410227531845,5.3218181071332396,5.31151187234799
50.78,5.469844777503738,5.431302677757329,5.450573727630534,5.4133122158096025
50.830000000000005,5.547399501975746,5.441821692710839,5.494610597343293,5.472826761665384
50.88,5.346045787002447,5.344715740580057,5.345380763791252,5.379529816000204
50.93000000000001,5.566037861118425,5.331689251415587,5.448863556267006,5.430285636554287
50.98,5.512686468984106,5.52389144313018,5.518288956057143,5.494708537665095
51.03,5.308320757835708,5.619767713370639,5.464044235603174,5.47226071057713
51.080000000000005,5.483789884762293,5.282673062905468,5.383231473833881,5.407086785921994
51.13,5.49682209822928,5.513516325580963,5.505169211905121,5.478888105071257
51.18000000000001,5.384941228445998,5.418245288587204,5.4015932585166,5.422304350230008
51.23,5.393206330817789,5.456249645174821,5.424727987996305,5.424078576214081
51.28,5.47679888367845,5.586020256988723,5.531409570333587,5.502650317136435
51.330000000000005,5.522687208516552,5.759322494940875,5.641004851728713,5.603932865915528
51.38,5.399671609742884,5.551916932976881,5.475794271359883,5.510128904290327
51.43000000000001,5.543467970543016,5.678519041006739,5.610993505774878,5.583966917262205
51.48,5.580788568116296,5.327035213325133,5.453911890720715,5.488760030054115
51.53,5.3470911426137855,5.442060340301987,5.394575741457887,5.419812345526946
51.580000000000005,5.503735871360183,5.520082188866899,5.511909030113541,5.487231797852979
51.63,5.440319192509736,5.445601143257839,5.442960167883788,5.454822715381642
51.68000000000001,5.377164487269881,5.4232170617397735,5.400190774504827,5.414829358943714
51.73,5.544171175414302,5.458248724719577,5.50120995006694,5.478064340433749
51.78,5.300503320534593,5.6192715331877325,5.459887426861163,5.464757916173827
51.830000000000005,5.453307199901515,5.450368679504752,5.451837939703133,5.455299836964685
51.88,5.762814987107772,5.364172307410507,5.56349364725914,5.534503203164695
51.93000000000001,5.391042096099379,5.435688849055635,5.413365472577507,5.445824229661283
51.98,5.503561450781078,5.407610592945121,5.455586021863099,5.452970357525942
52.03,5.29447317168473,5.384416289200464,5.339444730442597,5.369863830539816
52.080000000000005,5.390697671870898,5.574009208059047,5.482353439964973,5.452211939962609
52.13,5.561493203281734,5.386890283363312,5.474191743322523,5.468302272762439
52.18000000000001,5.536108265011737,5.462852512293535,5.4994803886526356,5.491126237678333
52.23,5.394780594502044,5.516188953400143,5.455484773951094,5.4650348753738704
52.28,5.33651047601253,5.504086598950126,5.420298537481328,5.432285603091961
52.330000000000005,5.626132338874026,5.472904020629681,5.549518179751853,5.518105805509215
52.38,5.527238595055571,5.463708227575133,5.495473411315352,5.50153774306238
52.43000000000001,5.461656420056388,5.379957643260132,5.42080703165826,5.442438760583384
52.48,5.464790097210492,5.683476042062904,5.574133069636698,5.538845685878088
52.53,5.382057720631222,5.461208028446517,5.4216328745388696,5.453039952679795
52.580000000000005,5.32183158003361,5.590886526450566,5.456359053242088,5.455469702926824
52.63,5.577750719237362,5.3126418855735285,5.445196302405446,5.447949051778671
52.68000000000001,5.555966545953543,5.455208443870289,5.505587494911916,5.4901433206213754
52.73,5.472352767540761,5.582107791945542,5.527230279743151,5.517292858996745
52.78,5.3324999267778255,5.401515467502235,5.36700769714003,5.407276484893917
52.830000000000005,5.429940295631225,5.699840526627375,5.5648904111293,5.522657886878631
52.88,5.46596166605022,5.548430239359014,5.507195952704617,5.511338965479967
52.93000000000001,5.477153850131206,5.66786551713146,5.572509683631333,5.556119039102243
52.98,5.550891752480559,5.5056721818387695,5.528281967159664,5.535740888106325
53.03,5.4806061287196846,5.419890489158502,5.450248308939093,5.473155976485807
53.080000000000005,5.712098633340169,5.685464446156897,5.698781539748532,5.638325352280468
53.13,5.477802179204537,5.3714810871564405,5.424641633180489,5.481898013149007
53.18000000000001,5.431921672448867,5.569808343807019,5.500865008127944,5.495782817140492
53.23,5.470394815481369,5.567831364736159,5.519113090108764,5.512861762307718
53.28,5.347333654173851,5.558775394526718,5.453054524350284,5.469079825462514
53.330000000000005,5.514750756185305,5.505434686720806,5.510092721453056,5.4991033490931285
53.38,5.481983292314332,5.491226550763787,5.48660492153906,5.4899538651088315
53.43000000000001,5.477804370829712,5.488838285696743,5.483321328263227,5.485098511154777
53.48,5.498260996339532,5.382362964329644,5.440311980334588,5.452312495099649
53.53,5.3578322719086335,5.491837731384766,5.4248350016467,5.43219757382745
53.580000000000005,5.463361229382723,5.468526944329836,5.46594408685628,5.4569017359428384
53.63,5.427713291007057,5.356790093588985,5.3922516922980215,5.409574619283287
53.68000000000001,5.368400418543319,5.463968548442948,5.416184483493134,5.414413375716026
53.73,5.393598830650541,5.515698065416472,5.454648448033506,5.4438674928986295
53.78,5.352945260806756,5.481473475694267,5.417209368250512,5.424352391221703
53.830000000000005,5.564656317328491,5.616051834240162,5.590354075784326,5.545874058463565
53.88,5.52180684098648,5.405904526383056,5.463855683684768,5.48583244097126
53.93000000000001,5.389584211073871,5.346210412277724,5.367897311675797,5.399497934329776
53.98,5.25481830094819,5.3427993002046925,5.298808800576442,5.325788372652237
54.03,5.396603611019937,5.371735047107316,5.384169329063626,5.368526198939838
54.080000000000005,5.303151513831084,5.467039795541515,5.3850956546863,5.380655882400012
54.13,5.3421521474816815,5.40657714787492,5.3743646476783,5.376050378941377
54.18000000000001,5.412092578384169,5.338462807297277,5.375277692840723,5.375484733457396
54.23,5.364416546014232,5.431527250355711,5.397971898184972,5.391946480556152
54.28,5.423671788957035,5.247251649889358,5.335461719423197,5.350596765553437
54.330000000000005,5.311944751486763,5.575977295927116,5.443961023706939,5.418944146132778
54.38,5.3083473390357225,5.357656932789296,5.333002135912509,5.356030228146937
54.43000000000001,5.411305282581685,5.50083222578739,5.456068754184537,5.429263511920762
54.48,5.12862124774003,5.417273723403942,5.2729474855719864,5.314832238596183
54.53,5.652308066806968,5.279639191090751,5.465973628948859,5.425475415460943
54.580000000000005,5.290006421657906,5.408795447660398,5.349400934659152,5.369785030354609
54.63,5.271664708177049,5.345427448575994,5.308546078376521,5.3249550061043776
54.68000000000001,5.148361425408237,5.19730057066608,5.172830998037158,5.213592503148155
54.73,5.293629021734043,5.230643649605305,5.262136335669674,5.249129054948021
54.78,5.288807577919909,5.338970820588234,5.313889199254071,5.296536770885542
54.830000000000005,5.214309721135463,5.362253531252552,5.288281626194008,5.290493585547507
54.88,5.339158480941256,5.273972682925775,5.306565581933516,5.302259103481129
54.93000000000001,5.222396726140783,5.234672017482338,5.228534371811561,5.248288854124623
54.98,5.326742384371151,5.469577186409962,5.398159785390557,5.358001990388949
55.03,5.299366732524708,5.337033209833104,5.318199971178906,5.3288648900833655
55.080000000000005,5.240448599164011,5.3408814558268665,5.2906650274954385,5.300900649826853
55.13,5.084171150626021,5.285079486083276,5.184625318354649,5.215781199522287
55.18000000000001,5.252552426399367,5.335239037025695,5.2938957317125315,5.272965005895021
55.23,5.159341071366948,5.394103166723299,5.2767221190451234,5.275715403610681
55.28,5.394764733823588,5.217120450246058,5.305942592034823,5.297843241307111
55.330000000000005,5.179049340458152,5.204204291874917,5.191626816166535,5.220087421505872
55.38,5.238147420869022,5.275291640766629,5.256719530817826,5.246903986710639
55.43000000000001,5.159469268452892,5.27217235429887,5.215820811375881,5.224149523105025
55.48,5.122484550105948,5.056753561284428,5.089619055695188,5.125666385795035
55.53,5.05600868591875,5.155221207987392,5.105614946953071,5.110987713797857
55.580000000000005,5.070594541615569,5.213538980434499,5.142066761025034,5.133739155418983
55.63,5.12545569278647,5.339504753707595,5.232480223247032,5.20602263386272
55.68000000000001,5.172399273528361,5.23904856970721,5.2057239216177855,5.205803961322585
55.73,5.15083663331316,5.340922558581048,5.245879595947104,5.235141362013299
55.78,5.232079354701355,4.955013267822765,5.09354631126206,5.131486590763098
55.830000000000005,5.059282772973552,5.019890307415388,5.03958654019447,5.064211084528713
55.88,5.128178206320044,5.056984154596021,5.0925811804580325,5.084979436164578
55.93000000000001,5.060539568688459,5.152979952700436,5.106759760694448,5.100923740325782
55.98,5.151546312501463,5.284118150960406,5.2178322317309345,5.186506695870583
56.03,5.072170391671488,5.0823996167070975,5.077285004189292,5.106550868271255
56.080000000000005,5.083997786394938,5.0244471725682205,5.054222479481579,5.068243828998995
56.13,5.00414637034333,4.963999535465208,4.984072952904269,5.006626471180071
56.18000000000001,5.095382528756558,5.20322855884195,5.1493055437992545,5.111074801514123
56.23,5.106325971349039,5.270530565577809,5.188428268463424,5.167701469462611
56.28,5.068796275213951,5.001237487218593,5.035016881216272,5.070569609484934
56.330000000000005,4.919264012143704,4.968282218046822,4.943773115095263,4.977748133370073
56.38,4.876199209990455,5.053218829794035,4.964709019892245,4.968202839818647
56.43000000000001,4.978971655569656,5.120727185777467,5.049849420673562,5.027972285268725
56.48,4.932600078522478,5.047279095239548,4.989939586881013,5.000130417699977
56.53,4.824114939769277,4.95376826419367,4.8889416019814735,4.918734555360619
56.580000000000005,4.943093193310959,4.992559425031531,4.967826309171246,4.95467221338266
56.63,4.981033706683289,4.83338558062049,4.907209643651889,4.919927200881955
56.68000000000001,4.838622435053544,5.057429402805216,4.94802591892938,4.940496890120222
56.73,4.945603735084892,5.040054571114843,4.992829153099867,4.978806765496379
56.78,4.843049396239599,4.836589682840276,4.8398195395399375,4.877061054493208
56.830000000000005,4.922326749701683,4.921232279478037,4.9217795145898595,4.9097972393201985
56.88,4.831284242757771,4.806435008734624,4.818859625746198,4.843226285864965
56.93000000000001,4.852907887701146,4.932780386168611,4.892844136934878,4.879549073810527
56.98,4.813512086153033,4.760106757719318,4.786809421936176,4.811658936762251
57.03,4.632063337282243,4.872438639032236,4.75225098815724,4.7681693000099425
57.080000000000005,5.047033052113432,5.026922944564665,5.036977998339048,4.964950924703303
57.13,4.680518766602099,5.066278070877837,4.873398418739969,4.89792983877789
57.18000000000001,4.944958004843649,4.749241281214284,4.847099643028967,4.860719552931007
57.23,4.863301540820304,4.922906769950553,4.893104155385428,4.884426727310563
57.28,4.74415778749661,4.77585784253575,4.76000781501618,4.793345762088618
57.330000000000005,4.697307520104922,4.883596326040512,4.790451923072717,4.791227324900054
57.38,4.675109980007408,4.888283182092766,4.781696581050086,4.784250336167953
57.43000000000001,4.8294862461750565,4.836918866835704,4.83320255650538,4.820085848598256
57.48,4.693989331654719,4.710812963742711,4.7024011476987155,4.7339346682662455
57.53,4.760022172848428,4.781355694448029,4.770688933648229,4.760840657920728
57.580000000000005,4.725200837656218,4.727514354855376,4.726357596255797,4.735597304781468
57.63,4.7713155925105255,4.546362679299472,4.658839135904999,4.67940642526794
57.68000000000001,4.779084971033631,4.693679532771856,4.736382251902744,4.721115625167853
57.73,4.846702824454222,4.722565492808563,4.784634158631393,4.767614418885428
57.78,4.702452938909447,4.726804607321493,4.71462877311547,4.728826234109971
57.830000000000005,4.7048132627713,4.729990530837901,4.717401896804601,4.720463038759636
57.88,4.604228760806732,4.814589411918115,4.709409086362424,4.712370983980429
57.93000000000001,4.572455347735655,4.616833189744903,4.594644268740279,4.626189047016446
57.98,4.580394863163556,4.662434279427026,4.621414571295291,4.6226938882090565
58.03,4.562716471156249,4.484457964847666,4.523587218001957,4.5501427702484865
58.080000000000005,4.58986388628424,4.675893440978612,4.632878663631426,4.6107096478144
58.13,4.613174805666316,4.6759001651953005,4.644537485430808,4.6354733436598
58.18000000000001,4.72588769888898,4.75178045763199,4.738834078260485,4.711138652895144
58.23,4.505632524314275,4.561599326191473,4.5336159252528745,4.581182996762791
58.28,4.553877959999712,4.688248831348589,4.621063395674151,4.6103774749920206
58.330000000000005,4.611265827201463,4.774775110960492,4.693020469080977,4.670876345554752
58.38,4.739087155357499,4.5629263918882055,4.651006773622852,4.656330809375956
58.43000000000001,4.5121455303230045,4.617017037608908,4.564581283965956,4.5891654952055045
58.48,4.611923227285977,4.597705764167959,4.604814495726968,4.600621358674887
58.53,4.615151755907541,4.522470291368659,4.5688110236381,4.57733457722217
58.580000000000005,4.520146724289001,4.543026032932511,4.531586378610756,4.543844571483863
58.63,4.672616935635506,4.446000537918905,4.559308736777205,4.555165126175233
58.68000000000001,4.442998919430121,4.6287481010801015,4.5358735102551115,4.541042683161599
58.73,4.644111839020566,4.575793672046643,4.609952755533604,4.591488357291156
58.78,4.4947544144287965,4.696655273500016,4.595704843964406,4.594575039765412
58.830000000000005,4.3982243145627535,4.5116990071645136,4.454961660863633,4.492370952992945
58.88,4.513951535296707,4.437789327285672,4.47587043129119,4.480291732755868
58.93000000000001,4.247708875781648,4.263634530973108,4.255671703377378,4.315858458853199
58.98,4.60349993013983,4.457886536493099,4.530693233316464,4.47312842899291
59.03,4.315153377126775,4.683438533910919,4.499295955518846,4.492284387918302
59.080000000000005,4.086880337317721,4.540519368757714,4.3136998530377175,4.361551434939658
59.13,4.452778107643884,4.4373627962849085,4.445070451964396,4.422691598799976
59.18000000000001,4.285477981526881,4.392339753529464,4.338908867528173,4.361358382712126
59.23,4.509841663622006,4.493373330164786,4.501607496893396,4.464027860009344
59.28,4.215862353898016,4.41308395540506,4.314473154651538,4.354546217176437
59.330000000000005,4.276550553597453,4.526811651922611,4.4016811027600315,4.389051348232574
59.38,4.482129440856811,4.40566518476027,4.443897312808541,4.429201380892304
59.43000000000001,4.3790950141834335,4.380039381678748,4.379567197931091,4.392866637172527
59.48,4.521571158021745,4.199686784451906,4.360628971236825,4.369267027790161
59.53,4.429850929461537,4.315436030968904,4.3726434802152205,4.371738762514644
59.580000000000005,4.387261768733575,4.440760551408109,4.414011160070842,4.402684305283532
59.63,4.461387967892402,4.564430235992894,4.512909101942649,4.483374456691953
59.68000000000001,4.228400888388053,4.32912765408562,4.278764271236836,4.3335894051927175
59.73,4.168307912831912,4.35062496509513,4.259466438963521,4.279327627905234
59.78,4.328940813366619,4.4374776977839705,4.383209255575295,4.355374257332672
59.830000000000005,4.348935874976291,4.4220379809255705,4.3854869279509305,4.377418262176824
59.88,4.300120537907796,4.421212261950156,4.360666399928976,4.3651550478900045
59.93000000000001,4.284370378269444,4.3602487241253165,4.32230955119738,4.333789967435479
59.98,4.308242521353076,4.3474129369263546,4.327827729139715,4.329425306076147
60.03,4.54618436706324,4.487642258050572,4.516913312556905,4.4666760526298654
60.080000000000005,4.429391472052096,4.5283623596086615,4.478876915830378,4.475607704388838
60.13,4.260647985432362,4.346456949362632,4.3035524673974965,4.349654529202872
60.18000000000001,4.099281452996206,4.268406065905695,4.1838437594509506,4.228272621302361
60.23,4.204388325107129,4.497093260269695,4.350740792688412,4.317925545067003
60.28,4.357295257979835,4.402259066064608,4.379777162022222,4.363204071208512
60.330000000000005,4.239054576479762,4.216649442351448,4.227852009415605,4.264119485066901
60.38,4.170956566124045,4.212445964048485,4.191701265086265,4.211105668647376
60.43000000000001,4.126499641692102,4.453059989581463,4.289779815636782,4.268699141485763
60.48,4.23329614216002,4.249725236437016,4.241510689298519,4.248795813105543
60.53,4.254035725389606,4.13954382074045,4.196789773065028,4.210724749495425
60.580000000000005,4.373011909546394,4.458192172988986,4.4156020412676895,4.360705336389835
60.63,4.362614567210667,4.379662424761567,4.371138495986116,4.368342939297788
60.68000000000001,4.267952176479584,4.454470473188247,4.361211324833915,4.36312223517024
60.73,4.376228866746224,4.36244367175026,4.369336269248242,4.367671223835302
60.78,3.987468302535413,4.145568543073461,4.066518422804437,4.147212072639028
60.830000000000005,4.28494784420733,4.273668188057052,4.279308016132191,4.24391301474977
60.88,4.233395045964049,4.3407439644766335,4.287069505220341,4.27550575845059
60.93000000000001,4.183356630746705,4.204147736793406,4.193752183770055,4.215657988084062
60.98,4.435960747250055,4.147942357787625,4.2919515525188405,4.27150875354085
61.03,4.241504372344696,4.23285225691796,4.237178314631328,4.2463771280129405
61.080000000000005,4.059177071001861,4.369029454783619,4.21410326289274,4.222751018988329
61.13,4.163784601420484,4.323461660390615,4.243623130905549,4.238030465372998
61.18000000000001,4.338038756436865,4.312088882281087,4.325063819358976,4.301743302443861
61.23,4.254752561613556,4.088571672980229,4.171662117296893,4.2065172658075065
61.28,4.323783353231844,4.094054262879392,4.208918808055618,4.208275316749647
61.330000000000005,4.079848059420828,4.021991541434806,4.050919800427817,4.093083083950834
61.38,4.137307892468549,4.325632076320472,4.2314699843945105,4.194389326177581
61.43000000000001,4.239273304437044,4.489790150153345,4.364531727295194,4.318942208317438
61.48,4.221259631253526,4.270842547318883,4.246051089286205,4.265582205766025
61.53,4.410073859098968,4.275747519676983,4.342910689387976,4.322190584649551
61.580000000000005,4.289689781340486,4.097271282332392,4.193480531836439,4.2279682865454795
61.63,4.288098201421697,4.296482975016593,4.292290588219145,4.2750554794303754
61.68000000000001,4.2587015362502925,4.258030679229397,4.258366107739844,4.2628380114065045
61.73,4.171542020357421,4.457740045586034,4.3146410329717275,4.300760455177834
61.78,4.040232021691013,4.248630381041343,4.144431201366178,4.186319498678371
61.830000000000005,4.184224341039588,4.334007475347053,4.259115908193321,4.239610169051905
61.88,4.284101884006919,4.219949854655849,4.2520258693313835,4.24869909246803
61.93000000000001,4.115121594150301,4.472224088905046,4.293672841527673,4.281622161786542
61.98,4.36069049085412,4.443976687758557,4.4023335893063384,4.369989059785201
62.03,4.365659726667189,4.32207866949226,4.343869198079725,4.35086799393012
62.080000000000005,4.361310605478423,4.217354522318328,4.289332563898376,4.305820932681283
62.13,4.241491098410096,4.385034610645869,4.3132628545279825,4.311268797579024
62.18000000000001,4.178094987663739,4.357567068215411,4.267831027939575,4.279470143235475
62.23,4.429029177671565,4.489478114116665,4.459253645894115,4.411080801544294
62.28,4.283064968864309,4.12149431026853,4.20227963956642,4.258227742297072
62.330000000000005,4.4251571052224685,4.233489763516892,4.32932343436968,4.310273401093493
62.38,4.44206628020359,4.405237848382171,4.423652064292881,4.393272343049684
62.43000000000001,4.28331934602741,4.488945898512325,4.3861326222698676,4.388045704687003
62.48,4.318592057254489,4.434282560026794,4.376437308640641,4.379547768986685
62.53,4.460237049635744,4.448454788316984,4.4543459189763634,4.434303815091287
62.580000000000005,4.318661961518674,4.381685787846576,4.350173874682625,4.3727164242744045
62.63,4.389979076246192,4.490264741037623,4.440121908641908,4.422060663540207
62.68000000000001,4.305009705567244,4.569970529506842,4.437490117537043,4.433355807798938
62.73,4.2838031157277925,4.499205157065785,4.391504136396788,4.402718257950887
62.78,4.436435527674655,4.459667914089192,4.448051720881924,4.435904656099447
62.830000000000005,4.371125932026896,4.241905589972386,4.306515760999641,4.341185410951189
62.88,4.240416115198196,4.315882483736609,4.278149299467403,4.295039774633482
62.93000000000001,4.560280798006682,4.3342134700959525,4.447247134051317,4.406463295013234
62.98,4.4088055572827365,4.28256529924126,4.345685428261998,4.361970808575678
63.03,4.310664305653809,4.387986280531714,4.349325293092761,4.352713648754284
63.080000000000005,4.43056904057803,4.612197644656705,4.5213833426173675,4.476188434359149
63.13,4.385467719305032,4.513999563047723,4.449733641176378,4.4568221816456335
63.18000000000001,4.442539915005178,4.402589543806985,4.422564729406082,4.431743986068417
63.23,4.576304835927876,4.588997231496869,4.582651033712372,4.542215612164009
63.28,4.6495544100117785,4.694507190869269,4.672030800440524,4.637246925576537
63.330000000000005,4.521833660479893,4.461645742109439,4.491739701294666,4.530728244533887
63.38,4.456064210345579,4.789893142810513,4.622978676578046,4.5982602478103916
63.43000000000001,4.491962115632842,4.54665006788223,4.519306091757536,4.540461794110979
63.48,4.5566162379949375,4.6810832735563,4.618849755775619,4.597845764751257
63.53,4.577771114403637,4.781816594275423,4.67979385433953,4.657835929913079
63.580000000000005,4.5415622361890025,4.638054706540959,4.5898084713649805,4.608036373946085
63.63,4.681701042536664,4.6358936294858575,4.658797336011261,4.6451959772188705
63.68000000000001,4.560720724020921,4.667257143720291,4.613988933870607,4.622350835933937
63.73,4.670710891685516,4.628059013292173,4.649384952488845,4.642141182789868
63.78,4.659433350542521,4.631671447841127,4.645552399191824,4.644638366511712
63.830000000000005,4.981113622251449,4.5312432932684406,4.756178457759945,4.726291380386288
63.88,4.692745716083995,4.465779562689964,4.57926263938698,4.618658871801909
63.93000000000001,4.669435033893049,4.579231173232439,4.624333103562744,4.622812697744761
63.98,4.711299655221983,4.735510341943279,4.72340499858263,4.696451372808335
64.03,4.78719954378109,4.642926672845261,4.715063108313176,4.710076108814913
64.08,4.76639162292087,4.844992090588382,4.805691856754626,4.7800716943104815
64.13000000000001,4.753974926918562,4.8759753484659,4.814975137692231,4.805622788225026
64.18,4.680993128065517,4.757645305919021,4.719319216992269,4.742444189208008
64.23,4.7791496134829,4.779501472376241,4.779325542929571,4.769443213984111
64.28,4.820041401225383,4.822310270911702,4.821175836068543,4.807314121758675
64.33,4.830235860493061,4.973705546381543,4.901970703437302,4.876607548818223
64.38000000000001,4.839975304423773,4.767014210244067,4.803494757333921,4.823085270768525
64.43,4.845264476721463,4.9338207025956535,4.889542589658559,4.8717354047308365
64.48,4.878182952184155,4.916814446624646,4.897498699404401,4.890595445402254
64.53,4.916438262254317,4.800737756829165,4.858588009541741,4.867164376132356
64.58,4.738438697386419,4.883166683947325,4.810802690666872,4.825904758771405
64.63000000000001,4.804009762696103,4.746117739874894,4.775063751285499,4.788686558183732
64.68,4.999287317986366,4.899941424349064,4.949614371167716,4.906493893638951
64.73,4.966940984692218,4.957323886851572,4.9621324357718954,4.947224133339328
64.78,5.069702960121679,4.965036885928581,5.0173699230251305,4.9985744153263765
64.83,5.030132652012143,5.083260547190638,5.05669659960139,5.041122807262568
64.88000000000001,5.032089231299413,4.840833872803188,4.9364615520513,4.964505450863987
64.93,5.031294141165846,4.991465924244877,5.011380032705361,4.9988200263554186
64.98,4.992445979864467,5.022421329546445,5.007433654705456,5.005125639945161
65.03,5.050258371059797,5.0073911616990525,5.028824766379424,5.02247460459004
65.08,5.238079021012533,5.05533507753883,5.1467070492756815,5.11341906604842
65.13000000000001,5.116984757350862,5.219254687030967,5.168119722190914,5.15346272555208
65.18,5.242832897264899,5.094743145737755,5.168788021501327,5.164681620827959
65.23,5.34443375724261,5.185585822538152,5.265009789890382,5.238126938012012
65.28,5.462346227898852,5.366719064297698,5.414532646098275,5.367264879076321
65.33,5.044667970058333,5.449940780289164,5.247304375173748,5.279447695318073
65.38000000000001,5.4877693683114375,5.430583423968699,5.459176396140068,5.411018235898119
65.43,5.281923157293712,5.513295565499702,5.397609361396707,5.401202258490771
65.48,5.239167408956826,5.31886699610785,5.279017202532338,5.311756589603552
65.53,5.44067848485898,5.460059625218347,5.450369055038664,5.413227956864438
65.58,5.389798119706486,5.433366604099201,5.411582361902844,5.412023297743872
65.63000000000001,5.322247753967344,5.590464765316259,5.456356259641801,5.444477278303171
65.68,5.539400591390554,5.495617675162437,5.517509133276496,5.497940306714646
65.73,5.516284785073044,5.3172864245094384,5.416785604791241,5.438530941633606
65.78,5.545188447209785,5.373301009440215,5.459244728325,5.4536944859088505
65.83,5.691762050588401,5.59896434350684,5.645363197047621,5.594005720683673
65.88000000000001,5.6503289276252415,5.305421954655712,5.477875441140476,5.508992455760876
65.93,5.624076806034209,5.5105776763920895,5.56732724121315,5.55169648256057
65.98,5.569564978704955,5.50506524389483,5.537315111299892,5.5411685881152435
66.03,5.701976309678599,5.719486057248783,5.710731183463691,5.665297022973549
66.08,5.654108910942041,5.747722869760669,5.7009158903513555,5.691371843602161
66.13000000000001,5.8487577728564695,5.490993843285123,5.669875808070796,5.675635653431896
66.18,5.520509187013623,5.793130637199247,5.656819912106435,5.661861574799586
66.23,5.584730818025553,5.722593538493713,5.6536621782596335,5.655859199940936
66.28,5.78804692755745,5.896460330344087,5.842253628950768,5.792309392223924
66.33,5.796587924073247,5.856019801055886,5.826303862564567,5.817195071689667
66.38000000000001,5.817747123007592,6.01445536612826,5.916101244567926,5.889599415418743
66.43,5.817867246711242,6.0291063259620685,5.923486786336655,5.914406692665587
66.48,6.097138788015194,5.892637440786986,5.99488811440109,5.973323182441353
66.53,5.953799627438167,5.929760972345749,5.941780299891958,5.950232189798018
66.58,5.93510166853467,5.868629042771013,5.901865355652841,5.914825209802491
66.63000000000001,5.901989695067099,6.002332126435832,5.9521609107514655,5.942156839833338
66.68,6.063263829794049,6.004662283355386,6.033963056574717,6.009363654938708
66.73,6.074853865750919,5.968220834126289,6.021537349938604,6.018275418194479
66.78,6.079057813600016,6.062832838372327,6.070945325986171,6.056832466727966
66.83,6.095877648863614,6.084637804860151,6.090257726861882,6.081301455402199
66.88000000000001,6.320719172860574,6.051689129365575,6.186204151113074,6.158095558513497
66.93,6.218209582623967,6.162993016559821,6.1906012995918935,6.181891412520562
66.98,6.1982873240951335,6.248476552656696,6.223381938375915,6.2122645854794305
67.03,6.2535180642150845,6.328798809200736,6.29115843670791,6.270018892983458
67.08,6.262101503077627,6.041249184865501,6.151675343971564,6.183385402358734
67.13000000000001,6.429452798798312,6.164679247666901,6.297066023232606,6.266605392674384
67.18,6.339201147081599,6.391727237800453,6.365464192441026,6.338975056878844
67.23,6.422386369663854,6.38549897914172,6.403942674402787,6.386534653753072
67.28,6.392289260291763,6.1837302773151,6.288009768803432,6.3144094321600575
67.33,6.5386741280917215,6.4681561921303325,6.503415160111027,6.452771227941708
67.38000000000001,6.210426102123594,6.512949590915241,6.361687846519418,6.3860935650154165
67.43,6.652674588136175,6.560433529679418,6.606554058907797,6.547481847606367
67.48,6.432318529111093,6.490876054604955,6.461597291858024,6.484609989213098
67.53,6.576464416471934,6.444782595588368,6.510623506030151,6.503653205206728
67.58,6.80203702997018,6.6595071820796745,6.7307721060249275,6.669915779964847
67.63000000000001,6.40172320887301,6.750318018599898,6.576020613736453,6.601179747700537
67.68,6.663520890048456,6.75957028751152,6.7115455887799875,6.681973150790768
67.73,6.847325957556071,6.712265853530303,6.779795905543187,6.753584377405889
67.78,6.77765020039608,6.675346097280203,6.726498148838141,6.733755881908874
67.83,6.892189308305865,6.846746126601555,6.86946771745371,6.8331038407161255
67.88000000000001,6.8618499768862335,6.755131305364933,6.808490641125584,6.815085728079016
67.93,7.005848529299617,7.024181583912355,7.015015056605986,6.961444154483887
67.98,7.050725961280916,7.056047911044029,7.053386936162473,7.028750942061825
68.03,6.908370739260368,6.862321357979462,6.885346048619915,6.923771274008346
68.08,6.957978469277895,7.025752058835062,6.991865264056479,6.973619534413668
68.13000000000001,6.827375225983129,6.894849257529297,6.861112241756214,6.891258479966391
68.18,7.047604722098456,7.036995447417611,7.0423000847580335,7.001828608730612
68.23,7.101962391596442,7.106890769387226,7.104426580491834,7.076935536813344
68.28,7.095992271075913,7.05242305516987,7.074207663122891,7.074938594675302
68.33,7.158797982439545,7.221957449122355,7.19037771578095,7.159445896505733
68.38000000000001,7.194216600924222,7.199706863143161,7.196961732033692,7.186909394200597
68.43,7.229582839871996,7.204525512640807,7.2170541762564016,7.2089769062485365
68.48,7.172468454699879,7.336846323047679,7.254657388873779,7.242417340444481
68.53,7.187995740805877,7.388362127692869,7.288178934249373,7.2759171521449915
68.58,7.331004875671457,7.428329817803366,7.379667346737412,7.3518675658818005
68.63000000000001,7.414784081353591,7.364542304398242,7.389663192875917,7.379535885145415
68.68,7.263339309414028,7.447692574760427,7.355515942087227,7.36195206643191
68.73,7.456435164080776,7.452519232232612,7.4544771981566935,7.429685163831454
68.78,7.539558904342599,7.349520041041251,7.444539472691925,7.44055927262864
68.83,7.596628322424824,7.562333422496824,7.579480872460824,7.542256941974551
68.88000000000001,7.66682392881711,7.383039979046188,7.524931953931649,7.529574170486623
68.93,7.545125195723633,7.526833926116904,7.535979560920269,7.534263241726367
68.98,7.624586373093058,7.678514528938475,7.651550451015766,7.620123438004172
69.03,7.665351212380305,7.629873781910689,7.647612497145497,7.640246825947887
69.08,7.939866683851684,7.719960368064629,7.8299135259581565,7.779092486859329
69.13000000000001,7.642247356507746,7.874373179004056,7.758310267755901,7.763878846581591
69.18,7.775682047662872,7.810198019190791,7.792940033426831,7.785153111880558
69.23,7.942182477911882,7.811084159946748,7.876633318929315,7.852121271327169
69.28,7.640289616496094,7.835811634562171,7.738050625529133,7.768615762950813
69.33,7.919510140903854,8.007303734150113,7.963406937526983,7.911212799606589
69.38000000000001,7.856505847593802,8.105213222946306,7.980859535270054,7.962197748693565
69.43,8.121628424095194,8.006300899876612,8.063964661985903,8.036696299753013
69.48,8.164132243229096,7.880411634988394,8.022271939108744,8.026136934894712
69.53,7.784065530242156,8.070212345845293,7.927138938043725,7.953665371352246
69.58,8.063221626868984,8.077101786480235,8.07016170667461,8.038946607703796
69.63000000000001,8.200162620778979,7.912428779634003,8.05629570020649,8.05164702488098
69.68,8.321496688970383,8.189081718746374,8.255289203858378,8.20072344645647
69.73,8.186266893335146,8.247833314091224,8.217050103713184,8.212675389086147
69.78,8.31337945378623,8.29158505446661,8.30248225412642,8.278418577164109
69.83,8.573146779831337,8.258125974368085,8.41563637709971,8.37886897841979
69.88000000000001,8.380775427807272,8.396275945132542,8.388525686469908,8.385938179346336
69.93,8.203080161177665,8.308491148066254,8.25578565462196,8.290659918514729
69.98,8.516562541486724,8.374381738197517,8.44547213984212,8.403990330158978
70.03,8.268441747375762,8.338317978141404,8.303379862758582,8.330338356248635
70.08,8.47814368820722,8.376658928509691,8.427401308358455,8.401393368725648
70.13000000000001,8.668274919039328,8.38340329125575,8.52583910514754,8.492493970571797
70.18,8.785366964600087,8.583113121465924,8.684240043033006,8.632861837765185
70.23,8.693804370265502,8.692384368216155,8.693094369240828,8.676955111073848
70.28,8.543286872350707,8.540164193194789,8.541725532772748,8.577960189071328
70.33,8.797486416672605,8.838227401932928,8.817856909302765,8.753576776849878
70.38000000000001,8.723572174961475,8.793959778193777,8.758765976577626,8.757375534701213
70.43,8.72349072539611,8.645991460396699,8.684741092896404,8.704203432920687
70.48,8.714169700251754,8.925433105650136,8.819801402950944,8.78882702023466
70.53,8.886528618991711,8.853598673166116,8.870063646078915,8.848296357788117
70.58,8.858489593317762,8.647672420644348,8.753081006981056,8.778593883336853
70.63000000000001,9.100590746180435,8.976793940155957,9.038692343168197,8.96899917090381
70.68,9.17760138539144,8.881588511865155,9.029594948628297,9.013358358922286
70.73,8.97473599464451,8.828658202725382,8.901697098684945,8.931616643191383
70.78,8.973265033006607,9.008080048802563,8.990672540904585,8.974848560804038
70.83,9.132533992051442,8.869544838335557,9.0010394151935,8.994021596910763
70.88000000000001,9.062757449661769,9.142101557786956,9.102429503724363,9.07338169264051
70.93,9.218388177861742,9.105726959878586,9.162057568870164,9.138296939446306
70.98,9.175046067750776,9.219912612294047,9.197479340022412,9.181621463581909
71.03,9.07560744124261,9.10478520466061,9.09019632295161,9.1146936155514
71.08,9.349060840503082,9.340355183128777,9.344708011815928,9.283075840089316
71.13000000000001,9.131231406363986,9.262805150430044,9.197018278397014,9.220077332555057
71.18,9.48505051997553,9.242847300889212,9.36394891043237,9.325398637326353
71.23,9.239385243933793,9.313880093110976,9.276632668522385,9.28969947048153
71.28,9.307278862512932,9.37679486547739,9.342036863995162,9.328013101669235
71.33,9.554766626662408,9.484887477958644,9.519827052310525,9.468430659139168
71.38000000000001,9.387681383486497,9.435803597832068,9.411742490659282,9.426932039623868
71.43,9.534709098853622,9.441109515773949,9.487909307313785,9.471570497679615
71.48,9.553992045133231,9.515857610898223,9.534924828015727,9.517949086365151
71.53,9.6361722090901,9.589399501032124,9.612785855061112,9.587374419476252
71.58,9.73449448581802,9.61917676135948,9.676835623588751,9.652864566192891
71.63000000000001,9.627297548453903,9.719037533041591,9.673167540747748,9.667727375111825
71.68,9.496906899180276,9.504225753309957,9.500566326245117,9.545356994294892
71.73,9.584340309634378,9.598713289831531,9.591526799732954,9.579155637651123
71.78,9.69745633550222,9.716031984575036,9.706744160038628,9.672556918501416
71.83,9.88099196606946,9.870685168887745,9.875838567478603,9.821369413799099
71.88000000000001,9.798181567652456,9.768654907039355,9.783418237345906,9.79358722442835
71.93,9.69595716131684,9.811139723709804,9.753548442513322,9.764276801793379
71.98,9.835807397608558,9.969498511466726,9.902652954537643,9.865575176158092
72.03,9.93261797616279,10.136883305874605,10.034750641018697,9.989420211830138
72.08,9.94451498369862,10.066539606362229,10.005527295030424,10.001211415094486
72.13000000000001,9.94016642455363,9.690719164402738,9.815442794478184,9.865219346351365
72.18,10.00742160584073,9.789278368999309,9.89834998742002,9.889472658900948
72.23,9.925628113907417,10.09792777173184,10.011777942819627,9.979006340763558
72.28,10.075865804621149,10.15687327476389,10.11636953969252,10.07956318146975
72.33,9.96056137494431,9.795962548992051,9.878261961968182,9.932200461169026
72.38000000000001,10.20697175505782,10.017359677570385,10.112165716314102,10.063944171532318
72.43,10.178910175680103,10.237867970087745,10.208389072883925,10.16968517821597
72.48,10.33685178232555,10.336054369228023,10.336453075776786,10.29176775230193
72.53,10.253141392794944,10.175353323981614,10.21424735838828,10.235018885334384
72.58,10.391827218378834,10.286662412534,10.339244815456418,10.311317561649837
72.63000000000001,10.254266374098393,10.237536206282265,10.245901290190329,10.26342952729976
72.68,10.342207984819272,10.324187030858845,10.333197507839058,10.314503233796003
72.73,10.424501644883703,10.411431678581192,10.417966661732446,10.390243719770721
72.78,10.271851915475503,10.275333799930896,10.2735928577032,10.304849361990586
72.83,10.28618392861076,10.394926097071428,10.340555012841094,10.330987712530472
72.88000000000001,10.67496184328857,10.482207504016564,10.578584673652568,10.512241267871502
72.93,10.50109245858452,10.38236840496506,10.44173043177479,10.460623753364548
72.98,10.459464698946167,10.505989486855452,10.48272709290081,10.476804520922038
73.03,10.757558800859982,10.650657374736603,10.704108087798293,10.643202280617086
73.08,10.568983046940096,10.7538910821383,10.661437064539196,10.65655106891311
73.13000000000001,10.605228496043138,10.645701335776046,10.625464915909593,10.633794425502675
73.18,10.70357296358184,10.594607634855794,10.649090299218816,10.644991782209047
73.23,10.613349676041508,10.59884348032768,10.606096578184594,10.61651851669239
73.28,10.649765573356763,10.513621183333136,10.58169337834495,10.591024746041448
73.33,10.588490360074331,10.745450141733327,10.66697025090383,10.646620714207181
73.38000000000001,10.89005753939498,10.944594393706678,10.91732596655083,10.844790712798487
73.43,10.867818423235397,10.824182279852309,10.846000351543854,10.8456762298189
73.48,10.766924253600628,10.918231840005278,10.842578046802952,10.843408202440079
73.53,10.81370079373795,10.80007123897725,10.8068860163576,10.81667210662422
73.58,10.71350676198364,10.870036012892296,10.791771387437969,10.79844351503488
73.63000000000001,10.747256381655596,10.8198582268349,10.783557304245248,10.78754605240469
73.68,11.124106634739857,11.207677621366775,11.165892128053315,11.064514602623781
73.73,10.9356219740789,10.878090267255509,10.906856120667204,10.949100583587386
73.78,11.069236274796284,11.12578638691866,11.097511330857472,11.057744790978353
73.83,11.109081457439732,10.91261446164325,11.01084795954149,11.023413927652575
73.88000000000001,11.072915465863865,10.935575157210929,11.004245311537396,11.00938152674548
73.93,11.252410454846158,10.81908356504798,11.03574700994707,11.028682400015148
73.98,11.082930967689508,10.965388057955687,11.024159512822598,11.025371416793298
74.03,11.144993956352325,11.074082223624954,11.10953808998864,11.086985697876333
74.08,11.162349631154056,11.19006598026205,11.176207805708053,11.15230081396754
74.13000000000001,11.165256535218484,11.234421204240151,11.199838869729318,11.187101086078204
74.18,11.482637832429296,10.997666097395603,11.24015196491245,11.225937024771053
74.23,11.228993108712652,11.271386293108073,11.250189700910362,11.24369121592454
74.28,11.251022975027151,11.156696583649635,11.203859779338394,11.214532580605024
74.33,11.237677240275312,11.231093952401634,11.234385596338473,11.229065996805373
74.38000000000001,11.222164564565311,11.241917525590509,11.23204104507791,11.23124388329584
74.43,11.296717435506924,11.280532472850258,11.28862495417859,11.273249742574725
74.48,11.27310012837585,11.30812817741034,11.290614152893095,11.285961373171245
74.53,11.31503017313742,11.002425340646964,11.15872775689219,11.192819901624254
74.58,11.428928530794344,11.474396707739045,11.451662619266695,11.382305922107726
74.63000000000001,11.274740228392131,11.291545283819994,11.283142756106063,11.309713446355122
74.68,11.48060272769763,11.216607842513609,11.34860528510562,11.338184248320262
74.73,11.481748199142508,11.477965707031723,11.479856953087115,11.441895866255305
74.78,11.471509686252023,11.39307443786175,11.432292062056888,11.43486539363612
74.83,11.522328126956255,11.27169557008482,11.397011848520538,11.407154675364913
74.88000000000001,11.42893362899004,11.40108518764893,11.415009408319484,11.412904738967544
74.93,11.480529931848162,11.475010709640433,11.477770320744298,11.460389640490643
74.98,11.512549436128388,11.569148321992431,11.540848879060409,11.519289891062018
75.03,11.732502383684611,11.494389912569588,11.6134461481271,11.588217055084174
75.08,11.717755244703822,11.37618119212746,11.54696821841564,11.558020810889698
75.13000000000001,11.62173636684675,11.686722264195216,11.654229315520983,11.628450324400024
75.18,11.630019529876728,11.409233894197708,11.519626712037219,11.54878591108727
75.23,11.547092265494706,11.43009042191201,11.488591343703359,11.504720429422619
75.28,11.63542778673591,11.7478116078462,11.691619697291056,11.641540189399741
75.33,11.57593975573255,11.841469294404238,11.708704525068395,11.690707895565806
75.38000000000001,11.762820003403098,11.78603532709374,11.77442766524842,11.751995020571444
75.43,11.55887131305028,11.619358240000118,11.5891147765252,11.632758406380376
75.48,11.586722385195324,11.735603638090142,11.661163011642733,11.65355202060136
75.53,11.706634266396184,11.67495701760784,11.690795642002012,11.680816243724497
75.58,11.853432298933187,11.832376902108646,11.842904600520917,11.799473156214829
75.63000000000001,11.434860614754516,11.999123399225052,11.716992006989784,11.739092764315426
75.68,11.818557831369567,11.619243543599271,11.71890068748442,11.724311138164795
75.73,11.708063936501368,11.683410665312582,11.695737300906975,11.703393637524867
75.78,11.683089421286542,11.821922455639184,11.752505938462864,11.739346337088094
75.83,11.772601542846646,11.797380222889132,11.784990882867888,11.772760463687307
75.88000000000001,11.664319889810832,11.689333878987632,11.676826884399233,11.7025322094965
75.93,11.767764807912984,11.73157817044216,11.749671489177572,11.737040557255245
75.98,11.823109271689166,11.844147777275143,11.833628524482155,11.80774785666514
76.03,11.803626557158973,11.848256844146745,11.825941700652859,11.821066674849131
76.08,12.05706738270996,11.71577899400514,11.88642318835755,11.868910963342856
76.13000000000001,12.02755939995721,11.943519725598852,11.985539562778031,11.954289023745003
76.18,11.988016167203035,11.7157323577129,11.851874262457969,11.879316215037855
76.23,11.91467581406977,11.793373958137796,11.854024886103783,11.860801677267178
76.28,11.76103475024599,11.850689160254673,11.805861955250332,11.820583009397136
76.33,11.870799475493689,11.874771393237072,11.87278543436538,11.858797836752192
76.38000000000001,11.807235646165656,11.723307813027226,11.765271729596442,11.790331974480052
76.43,12.10118160593236,11.811151329563192,11.956166467747776,11.911731249199464
76.48,11.99976798049074,11.923594035152174,11.961681007821458,11.948297010336566
76.53,12.03134898018216,11.99451120499226,12.012930092587212,11.995611710393817
76.58,12.055343282680562,11.848294907704156,11.95181909519236,11.963553291070037
76.63000000000001,12.098867967971112,11.863615272534044,11.981241620252579,11.97650204673266
76.68,12.180602311396104,12.1505485410454,12.165575426220752,12.114913366876694
76.73,12.016506849607884,11.7466620919088,11.881584470758341,11.944104760044098
76.78,12.123820499379235,11.846535929044268,11.985178214211752,11.974172615337173
76.83000000000001,11.935396910009189,12.04181412198204,11.988605515995614,11.984738231919746
76.88000000000001,12.193134137051944,11.854626176725366,12.023880156888655,12.013392109703036
76.93,12.19114463281348,12.025363376844137,12.108254004828808,12.082835836637372
76.98,12.019885386935067,11.992202989538326,12.006044188236697,12.026620448411112
77.03,12.16160342769185,12.054354616138076,12.107979021914963,12.086179057847257
77.08000000000001,12.086893085057133,12.115086616389528,12.10098985072333,12.097021310732922
77.13000000000001,12.09959182391429,11.94916234563796,12.024377084776125,12.043842046456033
77.18,12.015313963460107,12.077173867122545,12.046243915291326,12.045600336476584
77.23,11.997035050332602,12.00226879004383,11.999651920188217,12.011963761226173
77.28,12.065763829308455,12.1076403073118,12.086702068310128,12.066675999283314
77.33000000000001,12.28472515859666,11.989171529704684,12.136948344150671,12.11811892609322
77.38000000000001,12.06528889814085,12.094848503792466,12.080068700966658,12.090264228061143
77.43,12.14711440063456,12.05279282783408,12.09995361423432,12.097357351034063
77.48,12.07257250485221,11.991818889589224,12.032195697220718,12.04965570973748
77.53,12.067790693552451,12.225729156984638,12.146759925268544,12.120740929135337
77.58000000000001,12.209760042589007,12.036958302744605,12.123359172666806,12.122657616426961
77.63000000000001,12.068273871681054,11.94878158785258,12.008527729766817,12.039108740729658
77.68,11.994759781694189,12.099707718034953,12.04723374986457,12.045056660228376
77.73,11.95637066088638,12.052778785650576,12.004574723268478,12.01542182558493
77.78,12.078838326017408,12.054702551916083,12.066770438966746,12.05301161947863
77.83000000000001,12.158893250641835,12.077681799007973,12.118287524824904,12.100796898702159
77.88000000000001,12.045023777115162,11.993473373360136,12.019248575237649,12.041099382654076
77.93,12.001279885674068,12.005896947361975,12.00358841651802,12.013639449601488
77.98,12.046627773921692,11.890163441701572,11.968395607811633,11.980518658681707
78.03,12.158619146015743,11.964283121487597,12.061451133751671,12.039765342415222
78.08000000000001,12.048508001249292,12.14986350419328,12.099185752721286,12.08326410176585
78.13000000000001,11.99176492145548,12.030539762539725,12.011152341997603,12.030474629792291
78.18,11.991944591702168,12.07622073308136,12.034082662391764,12.03311589297047
78.23,12.022262919194644,12.068955196291515,12.045609057743079,12.04226152433135
78.28,12.114123197252017,12.072092617633684,12.09310790744285,12.07948366015008
78.33000000000001,12.02494537635605,12.003367140802467,12.01415625857926,12.031660683073785
78.38000000000001,12.196779784904166,11.966531370459505,12.081655577681836,12.06825948604593
78.43,12.071946635157458,12.129655821484874,12.100801228321167,12.092081694758216
78.48,12.32804923213176,12.076163944865582,12.20210658849867,12.172625507073596
78.53,12.074546994875323,12.146948348790394,12.110747671832858,12.127327787815
78.58000000000001,12.103705693979911,11.896749775331545,12.000227734655727,12.034284091257707
78.63000000000001,12.110131668585408,12.18078073686275,12.14545620272408,12.115667725235802
78.68,12.132515716213202,12.0848968162199,12.10870626621655,12.110571583538901
78.73,11.919818720350316,11.952845448029636,11.936332084189976,11.983019417330123
78.78,12.097814445602594,11.959032500455256,12.028423473028926,12.016257492971334
78.83000000000001,12.162289233712457,12.051759249300206,12.10702424150633,12.08270336453678
78.88000000000001,12.069198769163602,12.06061875273675,12.064908760950175,12.069676810610838
78.93,12.07146860742123,11.90110821025401,11.98628840883762,12.008632263750876
78.98,12.028350271269863,11.999064698709326,12.013707484989595,12.012347583557272
79.03,12.010797941734433,12.068186956158629,12.03949244894653,12.032219004186826
79.08000000000001,12.00508641105626,11.874694144670755,11.939890277863508,11.964629685520036
79.13000000000001,12.113098458026707,12.1386381914985,12.125868324762603,12.082664561588864
79.18,12.056855514202764,12.078210757936445,12.067533136069605,12.071587589317822
79.23,12.03299656970119,11.911831472278852,11.972414020990021,11.998987498533968
79.28,12.065142887302562,11.971551871443337,12.01834737937295,12.013159914936582
79.33000000000001,12.012817754896544,11.945305196383377,11.97906147563996,11.988198124912651
79.38000000000001,12.020043187793464,11.985957440496769,12.003000314145115,11.999034079494065
79.43,11.859189901181542,12.107419356813896,11.983304628997718,11.987519322555599
79.48,12.148399361245495,11.853077798763172,12.000738580004334,11.997196490646406
79.53,11.915049612206976,11.871954827100522,11.89350221965375,11.921287015825966
79.58000000000001,11.87519141487613,11.853080260617515,11.864135837746822,11.879449449759615
79.63000000000001,11.885845371102992,12.054743644272584,11.970294507687788,11.945952647779576
79.68,11.89514294000197,12.021489433618369,11.958316186810169,11.955003386511331
79.73,11.860344101447923,11.910547967141564,11.885446034294745,11.904083870648826
79.78,11.986324843049816,12.013466073247445,11.99989545814863,11.974222820652514
79.83000000000001,11.987390119770184,12.06563584163194,12.026512980701062,12.01250187454396
79.88000000000001,11.778212409158234,12.041511575615928,11.909861992387082,11.937364265922243
79.93,11.86035196290928,11.908773509611876,11.884562736260579,11.89871086349255
79.98,12.019098581124902,11.939823057271632,11.979460819198266,11.957823933778071
80.03,12.13623567384592,11.957823719859665,12.047029696852793,12.02312708467672
80.08000000000001,11.876565298273816,11.923696773568446,11.900131035921131,11.93308772785741
80.13000000000001,11.850341417772604,11.915431224995356,11.88288632138398,11.896337747707442
80.18,11.899192550669492,11.724203567963816,11.811698059316655,11.834377195468587
80.23,11.769811083003376,11.841954541478302,11.805882812240839,11.813517859215537
80.28,11.945854767636655,11.82201251902916,11.883933643332908,11.865065790844254
80.33000000000001,11.904600465417015,11.972266854659283,11.93843366003815,11.918774798737253
80.38000000000001,11.900775927074388,11.739959779982652,11.82036785352852,11.846735915026814
80.43,11.8842554173233,11.833254366515137,11.858754891919219,11.85553441676705
80.48,11.840507403714303,11.550041086821818,11.69527424526806,11.738215828800087
80.53,11.742131541730233,11.728692501491135,11.735412021610685,11.736163299482818
80.58000000000001,11.737717288777503,11.76449548910259,11.751106388940046,11.747102400187556
80.63000000000001,11.799616822764282,11.722157870451896,11.76088734660809,11.757193681347001
80.68,11.789297334814515,11.77540259617625,11.782349965495381,11.775609359473256
80.73,11.624903503828758,11.761520257817194,11.693211880822975,11.715290218685679
80.78,11.66541667247025,11.565982526231716,11.615699599350982,11.64238482537543
80.83000000000001,11.67124371866198,11.707121399407496,11.689182559034737,11.67664314409312
80.88000000000001,11.826976848997496,11.708525215651273,11.767751032324384,11.743338747248712
80.93,11.707958381070968,11.704608494050364,11.706283437560666,11.716212377866864
80.98,11.584482761256318,11.601417362566774,11.592950061911546,11.625978099928963
81.03,11.734723028466492,11.756105633874986,11.745414331170739,11.713411489462489
81.08000000000001,11.716428458043268,11.675878044555724,11.696153251299496,11.700777582278054
81.13000000000001,11.64004101471366,11.67670762259084,11.65837431865225,11.669736238897228
81.18,11.632132131038771,11.503821220704408,11.56797667587159,11.595243068606454
81.23,11.54671303671679,11.567824516737636,11.557268776727213,11.567443957569399
81.28,11.511045069248206,11.628658119200516,11.56985159422436,11.569206469926996
81.33000000000001,11.614171817501235,11.538070786484338,11.576121301992787,11.574268478324962
81.38000000000001,11.546040278385751,11.618381736792534,11.582211007589143,11.580082813286944
81.43,11.63320936061336,11.485169458804773,11.559189409709067,11.564787780324897
81.48,11.678726730742154,11.415698820695058,11.547212775718606,11.551921984009835
81.53,11.720055221720903,11.284950848495336,11.50250303510812,11.51574480255713
81.58000000000001,11.553139090850138,11.560868418914705,11.557003754882421,11.545948451926305
81.63000000000001,11.539084733998047,11.405745679277285,11.472415206637667,11.492118380329597
81.68,11.482873036608447,11.552737719905808,11.517805378257128,11.510922567906466
81.73,11.685835269572529,11.6132303883235,11.649532828948015,11.612392321439264
81.78,11.631101469649128,11.39560354665725,11.51335250815319,11.539890146141722
81.83000000000001,11.517898274797698,11.485358612682234,11.501628443739966,11.511880635999557
81.88000000000001,11.570703611533464,11.373657401158509,11.472180506345985,11.482818124026071
81.93,11.416811220876076,11.321084883121252,11.368948051998665,11.399459445840481
81.98,11.294197594506908,11.350496516616047,11.322347055561478,11.343009258263171
82.03,11.391239120237032,11.441992688238338,11.416615904237684,11.39689306289125
82.08000000000001,11.431940160266045,11.640400524945791,11.536170342605917,11.498851107982368
82.13000000000001,11.470283223934125,11.36242652152503,11.416354872729578,11.438459672344171
82.18,11.466242568128225,11.483831781651086,11.475037174889655,11.465236262621445
82.23,11.48624328591817,11.281966105628824,11.384104695773496,11.405843833591076
82.28,11.391442572056176,11.485078752792722,11.43826066242445,11.42957459931737
82.33000000000001,11.33996597848562,11.412919373771238,11.37644267612843,11.39067933203922
82.38000000000001,11.418550064841984,11.11748967407807,11.268019869460026,11.300886373402157
82.43,11.618122143387488,11.44447492347207,11.53129853342978,11.469559781224067
82.48,11.36074394376326,11.288447979604909,11.324595961684086,11.363438900061555
82.53,11.475936414199904,11.27815298603942,11.377044700119662,11.373399036981713
82.58000000000001,11.3026145739533,11.486530760053606,11.394572667003452,11.388899209938291
82.63000000000001,11.34235066962325,11.217259593871932,11.27980513174759,11.309036801897806
82.68,11.243057401691944,11.182906799318284,11.212982100505114,11.238719880172498
82.73,11.3590926767273,11.16269746811395,11.260895072420626,11.254953247565735
82.78,11.27838197101375,11.12667050159421,11.202526236303981,11.216574011633146
82.83000000000001,11.149524900227552,11.318816749484297,11.234170824855925,11.22945577296352
82.88000000000001,11.353852904907583,11.213640632885914,11.283746768896748,11.269199540380159
82.93,11.16870004023768,10.981432165743136,11.075066102990409,11.12708400076287
82.98,11.001709905323873,11.07756331977368,11.039636612548776,11.063068069600954
83.03,11.19844386302306,11.051058442117384,11.124751152570223,11.108223220301946
83.08000000000001,11.136388217239825,11.343362378058808,11.239875297649316,11.20459922984221
83.13000000000001,11.261357222209806,11.035262566285336,11.148309894247571,11.16339257626264
83.18,11.173152308289106,11.119178996787216,11.146165652538162,11.150781592838209
83.23,11.00040347413562,10.950661545065705,10.975532509600662,11.022490359928456
83.28,11.17355349871767,11.104387847609768,11.138970673163719,11.107759867298206
83.33000000000001,11.099319523257035,11.10506562499234,11.102192574124688,11.103684325834559
83.38000000000001,10.932203586905423,11.024068524253051,10.978136055579238,11.011776613205276
83.43,11.001019311195169,11.08269389933258,11.041856605263874,11.033796695683439
83.48,11.139621982988151,10.999263016824232,11.069442499906192,11.059891235451147
83.53,10.910339808188535,11.027407473200965,10.96887364069475,10.993261731706749
83.58000000000001,10.902336782856498,11.011878094466203,10.95710743866135,10.966794952285783
83.63000000000001,11.351604877232845,10.89888514559659,11.125245011414718,11.082788446030456
83.68,11.1184352913142,11.201583839028878,11.160009565171539,11.139318228659057
83.73,10.880845482953598,10.909844333997649,10.895344908475623,10.960717362593515
83.78,10.943240967971535,10.915218656207283,10.92922981208941,10.93766687581862
83.83000000000001,10.9668984466872,10.844679814249572,10.905789130468385,10.914330746591505
83.88000000000001,10.787218579232492,11.022700129772543,10.904959354502518,10.907470411444717
83.93,10.983336817084812,10.923269050678076,10.953302933881444,10.941022146507441
83.98,10.797475699059603,10.780672042332686,10.789073870696145,10.829788288491082
84.03,10.950397833413437,10.81960612351818,10.885001978465809,10.870207514825939
84.08000000000001,10.920063157667098,10.813686089661289,10.866874623664193,10.867767669159443
84.13000000000001,10.725942842314284,10.965531581819418,10.845737212066851,10.851640255253699
84.18,10.78865581747363,10.990418546397112,10.88953718193537,10.879382731035395
84.23,11.029242163247252,10.8050215780717,10.917131870659476,10.907017019182234
84.28,10.605650595237629,10.893330669965758,10.749490632601693,10.791699700672542
84.33000000000001,10.94627046861031,10.798342639540296,10.872306554075303,10.850708012801618
84.38000000000001,10.876796340499505,10.854042580353552,10.865419460426528,10.86147753991594
84.43,10.7533780069924,10.88697654033311,10.820177273662754,10.831243646652485
84.48,10.746877656850376,10.831761613810938,10.789319635330656,10.800553140307814
84.53,10.789786594635084,10.712798935333264,10.751292764984175,10.764492042770998
84.58000000000001,10.756265905294972,10.829727788369173,10.792996846832072,10.7853590076035
84.63000000000001,10.88895762941853,10.6916735837733,10.790315606595914,10.788987489898693
84.68,10.738447132159587,10.685793994748028,10.712120563453809,10.732716994319377
84.73,10.967602487218388,10.860415402925849,10.91400894507212,10.865431913273659
84.78,10.765130632342546,10.720534577578476,10.742832604960512,10.775682990615634
84.83000000000001,10.87725633110871,10.52887198519321,10.703064158150958,10.72252231566516
84.88000000000001,10.695149315948717,10.753559761909946,10.724354538929331,10.723863596185343
84.93,10.791823995844336,10.760415341982736,10.776119668913536,10.762117696426394
84.98,10.832853631763994,10.633434005874284,10.733143818819139,10.740907345925601
85.03,10.706169576408204,10.70553962347748,10.705854599942842,10.715246954921415
85.08000000000001,10.695645553706044,10.69676765223956,10.6962066029728,10.701308449901036
85.13000000000001,10.666912599384656,10.778834724511174,10.722873661947915,10.717095280795348
85.18,10.751004557570266,10.686155042482536,10.7185798000264,10.718182024297292
85.23,10.609645801383753,10.585654159554643,10.597649980469198,10.629946444275008
85.28,10.644792855484596,10.585555419849792,10.615174137667193,10.619132365293101
85.33000000000001,10.711305625133113,10.727683360667845,10.719494492900479,10.692602541857413
85.38000000000001,10.625022471961472,10.537013923317298,10.581018197639384,10.610917132560562
85.43,10.813934950220965,10.653025368439527,10.733480159330245,10.700639495285394
85.48,10.666103475472594,10.690618662081013,10.678361068776804,10.684330555168417
85.53,10.59830914888714,10.561718098262526,10.580013623574832,10.607965261152225
85.58000000000001,10.65350163266415,10.656073210894942,10.654787421779545,10.642241461651574
85.63000000000001,10.659334449939106,10.842407317158482,10.750870883548794,10.721763717677174
85.68,10.614387646577526,10.53858435535743,10.576486000967478,10.615413047838079
85.73,10.544722160067629,10.477898655721592,10.51131040789461,10.53920462619741
85.78,10.513972987936883,10.637344308579944,10.575658648258415,10.565890822486303
85.83000000000001,10.540020496601429,10.689852556096298,10.614936526348863,10.601794769606673
85.88000000000001,10.769206360568475,10.493064993953857,10.631135677261167,10.62327380474995
85.93,10.633274634085703,10.700793957995256,10.66703429604048,10.655308707738794
85.98,10.530939834018035,10.618308270262078,10.574624052140056,10.59624344044932
86.03,10.611292020943951,10.544223741333823,10.577757881138886,10.582711071827754
86.08000000000001,10.560506820224406,10.515226336515047,10.537866578369727,10.549882624176787
86.13000000000001,10.515871250868583,10.526840984922805,10.521356117895694,10.528999772216594
86.18,10.450560720824807,10.4866273231937,10.468594022009253,10.484779693995506
86.23,10.53445295638627,10.49650186449577,10.515477410441019,10.507251982109963
86.28,10.52131629308956,10.521382980789417,10.521349636939489,10.517572181712744
86.33000000000001,10.351315084576866,10.457435204159257,10.40437514436806,10.434706199110163
86.38000000000001,10.69506184926067,10.639408154688516,10.667235001974593,10.604929097030093
86.43,10.299231498915038,10.671053283212087,10.485142391063562,10.517239142191277
86.48,10.557627693393668,10.472145678214028,10.514886685803848,10.51551702459309
86.53,10.456318137989516,10.51663508571482,10.486476611852169,10.494257966993965
86.58000000000001,10.528596862048277,10.50544680635515,10.517021834201714,10.510922274366788
86.63000000000001,10.566617292018863,10.486627377656973,10.526622334837917,10.522415516313558
86.68,10.5040312936209,10.275414617474162,10.38972295554753,10.425277820046405
86.73,10.359904352628652,10.726809765488472,10.543357059058561,10.511717822322373
86.78,10.447404790613522,10.576223749793735,10.51181427020363,10.511788427071735
86.83000000000001,10.405033973876158,10.518048488357673,10.461541231116914,10.475004926694938
86.88000000000001,10.555512357916456,10.472845716900828,10.514179037408642,10.503682366078698
86.93,10.475542485086592,10.36013856420668,10.417840524646635,10.440841776735157
86.98,10.52011868639866,10.601843889952892,10.560981288175777,10.528790003106193
87.03,10.530866604290862,10.662479803201554,10.596673203746208,10.578483954955077
87.08000000000001,10.534404840690089,10.565683409963125,10.550044125326608,10.557664554708435
87.13000000000001,10.530378932212706,10.60048626466215,10.565432598437429,10.563351157393475
87.18,10.541227285481437,10.576873174126328,10.559050229803884,10.56020265987822
87.23,10.384594096936404,10.485135475215415,10.43486478607591,10.468448968142273
87.28,10.427950256480694,10.440656681851603,10.43430346916615,10.44345272804196
87.33000000000001,10.479346784340876,10.74422276365233,10.611784773996604,10.566680338222778
87.38000000000001,10.541752980557618,10.5411520159516,10.541452498254609,10.54821227760086
87.43,10.41119522868448,10.345893409077338,10.378544318880909,10.424006711401358
87.48,10.443621733765498,10.482474914028574,10.463048323897036,10.45258715535761
87.53,10.347070288679545,10.393351458910006,10.370210873794775,10.392283531915016
87.58000000000001,10.411012122505465,10.57479517186842,10.492903647186942,10.465942568557503
87.63000000000001,10.470901289993844,10.2716548848308,10.371278087412321,10.396643358687085
87.68,10.45790445104157,10.386931720647398,10.422418085844484,10.415511768517526
87.73,10.273513638943635,10.389477308698918,10.331495473821278,10.354007572136192
87.78,10.415528599541052,10.334332518002803,10.374930558771927,10.369324261399635
87.83000000000001,10.384400095240755,10.673487663478207,10.528943879359481,10.486173931630976
87.88000000000001,10.303780498244464,10.691214595109942,10.497497546677202,10.494463393170165
87.93,10.577619332916612,10.467813575792231,10.522716454354422,10.515146069426393
87.98,10.55000271961462,10.62308940058132,10.58654606009797,10.567414490257931
88.03,10.529710856894384,10.489061690517572,10.509386273705978,10.524934887469293
88.08000000000001,10.538519263671192,10.360452524504902,10.449485894088047,10.469702390934293
88.13000000000001,10.462329402063398,10.61822488260065,10.540277142332023,10.521366694688973
88.18,10.491992177628209,10.671965387716003,10.581978782672106,10.565737822645461
88.23,10.489757125515906,10.545129416133667,10.517443270824787,10.530383756983959
88.28,10.600519614695944,10.30386775328085,10.452193683988398,10.47314465090369
88.33000000000001,10.704917088743692,10.430942707502476,10.567929898123083,10.542532267676263
88.38000000000001,10.539799452955034,10.711231957651083,10.625515705303059,10.603280360205801
88.43,10.42199149302341,10.600840175482537,10.511415834252974,10.536030859795101
88.48,10.52338270163792,10.467068830018777,10.495225765828348,10.506159457803815
88.53,10.626044826919534,10.577853124713254,10.601948975816395,10.576282251821558
88.58000000000001,10.26946244558324,10.526770544373878,10.39811649497856,10.445855865643521
88.63000000000001,10.70026968670679,10.4315929188307,10.565931302768746,10.533757186360228
88.68,10.49319747735386,10.577441777897596,10.535319627625729,10.534900972750417
88.73,10.557258595261064,10.601172354018509,10.579215474639787,10.567341439645542
88.78,10.5590967846,10.55771943344804,10.55840810902402,10.560801787749778
88.83000000000001,10.718533009491772,10.673293471943984,10.695913240717879,10.65971023600688
88.88000000000001,10.596961163997433,10.510992919316928,10.55397704165718,10.582308165696345
88.93,10.514322321676278,10.595896640722838,10.555109481199558,10.56239734674566
88.98,10.552976132990867,10.586446843630332,10.569711488310599,10.567751669984947
89.03,10.503262789077755,10.413227665347785,10.458245227212771,10.48758739011958
89.08000000000001,10.503816371224502,10.513676968691843,10.508746669958173,10.503077058012998
89.13000000000001,10.56705372643012,10.561686704332615,10.564370215381366,10.547946763362958
89.18,10.410575169316717,10.696327236580611,10.553451202948665,10.55197629280689
89.23,10.520369926516446,10.536891355508898,10.528630641012672,10.53488608955771
89.28,10.630586286327302,10.7280759712243,10.6793311287758,10.640627197166632
89.33000000000001,10.630649285237888,10.705444672680615,10.668046978959252,10.660699870571282
89.38000000000001,10.51257777302886,10.72128425513064,10.61693101407975,10.628658843830289
89.43,10.54541596402506,10.502149284964425,10.523782624494743,10.551884122770932
89.48,10.566364416658024,10.646542060574696,10.60645323861636,10.591831488093897
89.53,10.584481282428012,10.600618673130551,10.592549977779282,10.592357459048312
89.58000000000001,10.69670231693165,10.5657316545464,10.631216985739027,10.620804606943993
89.63000000000001,10.64702140856146,10.894905334297444,10.770963371429453,10.730728451749119
89.68,10.593913293921036,10.638347306146771,10.616130300033904,10.646836782240095
89.73,10.507357030203565,10.778644195554238,10.6430006128789,10.644028511361261
89.78,10.75629342267282,10.641946814428003,10.699120118550411,10.684358366894346
89.83000000000001,10.687167405605232,10.72058591345144,10.703876659528337,10.698646748779424
89.88000000000001,10.660081404787247,10.8082175704184,10.734149487602824,10.724636557406
89.93,10.51974194288609,10.690433216860344,10.605087579873217,10.637120631859093
89.98,10.721576956751733,10.752729531237629,10.73715324399468,10.710349586356173
