timestamp_s,imu_ax_mps2,imu_gyroz_rps,wheel_left_mps,wheel_right_mps,wheel_speed_mps,complementary_speed_mps
0.0,0.6503450324356632,-0.004005049829585,8.067566048732765,8.010026163421102,8.038796106076934,8.038796106076934
0.02,0.7248986726428885,-0.0206056343724251,8.067566048732765,8.010026163421102,8.038796106076934,8.051844282184506
0.04,0.9235645313740364,-0.0134684280795291,8.067566048732765,8.010026163421102,8.038796106076934,8.067163626138482
0.06,0.7922578128991015,-0.0064272407429373,8.048313319434905,8.141135145543423,8.094724232489163,8.084180327405733
0.08,0.8793629274024204,0.0100439794083168,8.048313319434905,8.141135145543423,8.094724232489163,8.101063250607318
0.1,0.8381289667230616,-0.0229041795209905,8.048313319434905,8.141135145543423,8.094724232489163,8.115515670196519
0.12,0.6924291235932922,-0.0088863460503553,7.982930261622527,8.114756730318902,8.048843495970715,8.121312176998618
0.14,0.8337542359768444,-0.0249321666849777,7.982930261622527,8.114756730318902,8.048843495970715,8.129072885143412
0.16,0.7306306850167356,0.0259505972910778,8.019699635797158,8.104195752161106,8.061947693979132,8.135511718357286
0.18,0.7298245787306091,0.0128478616800419,8.019699635797158,8.104195752161106,8.061947693979132,8.14129215833662
0.2,0.7800474512819181,0.0199320025900782,8.019699635797158,8.104195752161106,8.061947693979132,8.147398566023945
0.22,0.5851387948137285,-0.0046181583726658,8.023411883550551,8.115250666477714,8.069331275014132,8.150124335229611
0.24,0.9111604204992636,0.0516177209090306,8.023411883550551,8.115250666477714,8.069331275014132,8.15844591677705
0.26,0.6874067492773033,-0.0096636205910278,8.380525410584685,8.322162382739764,8.351343896662225,8.190109036252558
0.28,0.8877938452009295,-0.0143720761300275,8.380525410584685,8.322162382739764,8.351343896662225,8.222212811507141
0.3,0.7839310412221295,0.0264692413222828,8.380525410584685,8.322162382739764,8.351343896662225,8.249236678764648
0.32,0.9512144594783664,-0.0207318580797547,8.215262349118822,8.009393845489015,8.11232809730392,8.252667680889187
0.34,0.6879591412961199,0.0372948035750513,8.215262349118822,8.009393845489015,8.11232809730392,8.25101698707399
0.36,0.7295120724366317,0.0199646270620698,8.27085387959554,8.064379924767039,8.16761690218129,8.25580819588858
0.38,0.8072187440128534,0.0209596455507343,8.27085387959554,8.064379924767039,8.16761690218129,8.261519003910083
0.4,0.501535926471077,0.0389043436848414,8.27085387959554,8.064379924767039,8.16761690218129,8.261156440413682
0.42,0.865516063301839,0.0433767250254781,8.26950566117518,8.503189045439031,8.386347353307105,8.289254820842457
0.44,0.9508811995296956,0.0194295055090282,8.26950566117518,8.503189045439031,8.386347353307105,8.316079935680456
0.46,0.900809466512818,0.0221094080089882,8.377764854260827,8.461535531265442,8.419650192763134,8.342651531785954
0.48,0.8558591529522492,-0.0005018965030635,8.377764854260827,8.461535531265442,8.419650192763134,8.365756862636813
0.5,0.7474506461390952,-0.0394643458491327,8.377764854260827,8.461535531265442,8.419650192763134,8.38460030727995
0.52,0.9184645201544744,0.0058549063105165,8.33279931903503,8.453740075482305,8.393269697258667,8.401999607640603
0.54,0.8931752579535231,-0.0256465989783024,8.33279931903503,8.453740075482305,8.393269697258667,8.417203771245573
0.56,0.8110484951365488,0.0118071633942288,8.353715125973036,8.342040529729948,8.347877827851491,8.424870049818622
0.58,0.7641772114495903,0.0511711621911421,8.353715125973036,8.342040529729948,8.347877827851491,8.430926017428002
0.6,0.7197680689644204,0.0144705708500407,8.353715125973036,8.342040529729948,8.347877827851491,8.435577023711708
0.62,0.6151559397529928,0.0326141038039846,8.38571416508143,8.628281592140072,8.50699787861075,8.453791916117167
0.64,0.9095221484423736,0.0124792724205256,8.38571416508143,8.628281592140072,8.50699787861075,8.475483911038488
0.66,0.5013073284720373,0.0264241436113759,8.534211545729034,8.8579086259858,8.696060085857418,8.506565060432878
0.68,0.7171000177403535,0.0168183644076046,8.534211545729034,8.8579086259858,8.696060085857418,8.538422363294659
0.7000000000000001,0.7807955664340397,0.0488364512105673,8.534211545729034,8.8579086259858,8.696060085857418,8.568240455746746
0.72,0.8637951255272475,0.0249823529554773,8.704485087168253,8.561113575648955,8.632799331408604,8.590244655572421
0.74,0.9715353358783833,-0.0240898385610404,8.704485087168253,8.561113575648955,8.632799331408604,8.61198775920185
0.76,0.8788486362526172,0.0007108381828941,8.650685873951605,8.606329689404838,8.628507781678222,8.629459036902036
0.78,0.7241682122050653,0.016857950678735,8.650685873951605,8.606329689404838,8.628507781678222,8.642398939199346
0.8,0.8460143084208624,-0.0002063874056428,8.650685873951605,8.606329689404838,8.628507781678222,8.65623808099881
0.8200000000000001,0.6067224132439459,0.029587186276129,8.55761729889919,8.638725523563064,8.598171411231128,8.661352417460431
0.84,0.9291697700058876,0.0151450371987208,8.55761729889919,8.638725523563064,8.598171411231128,8.671759372697608
0.86,0.738250063489254,-0.0190057381881455,8.647115558638461,8.63445037494562,8.640782966792042,8.681950233249857
0.88,0.6756132350212176,0.0448487651760629,8.647115558638461,8.63445037494562,8.640782966792042,8.689994544834457
0.9,0.6792016414937062,0.0213276568259391,8.647115558638461,8.63445037494562,8.640782966792042,8.697299016577102
0.92,0.7479373201619469,0.0118127090180774,8.744089854916032,8.767990947302204,8.756040401109118,8.71663602679322
0.94,0.7075656358735479,0.0308594011360766,8.744089854916032,8.767990947302204,8.756040401109118,8.733312645670534
0.96,1.028875504648967,0.0267405394217567,8.890811295798917,8.575898594475785,8.73335494513735,8.751836634700897
0.98,0.6672784113469605,0.0016016415010235,8.890811295798917,8.575898594475785,8.73335494513735,8.761999477148787
1.0,0.7567342869114222,0.024852532066699,8.890811295798917,8.575898594475785,8.73335494513735,8.77275624111205
1.02,0.7555359414860607,0.0011376282290652,8.876834527460993,8.759669019212422,8.818251773336709,8.790905441281266
1.04,0.7548986101331231,0.0824037138548466,8.876834527460993,8.759669019212422,8.818251773336709,8.807228249469206
1.06,0.7574708831315476,0.0310596866201617,8.728648061525162,8.83079573170276,8.77972189661396,8.81811209008005
1.08,0.692352702047174,0.0411383194290593,8.728648061525162,8.83079573170276,8.77972189661396,8.82673541937029
1.1,0.6794296698185918,0.0615603290019839,8.728648061525162,8.83079573170276,8.77972189661396,8.834263801151392
1.12,0.64526511278841,0.0712407476166655,8.948818082216976,8.711433601802435,8.830125842009705,8.845464777267416
1.14,0.5694167200694065,0.0269082213906478,8.948818082216976,8.711433601802435,8.830125842009705,8.854180384702895
1.16,0.7732153111915514,0.0737461607075388,8.943981596004209,8.851761954011197,8.897871775007703,8.872467399334825
1.18,0.8646320076069751,-0.0182055114986078,8.943981596004209,8.851761954011197,8.897871775007703,8.890571213039037
1.2,0.6805726597959891,0.0661426904535544,8.943981596004209,8.851761954011197,8.897871775007703,8.90355157711223
1.22,0.6779324405909202,0.0857632058899213,9.070021303427517,8.919399528009984,8.99471041571875,8.924870244903518
1.24,0.706199392488437,0.0503693625029537,9.070021303427517,8.919399528009984,8.99471041571875,8.944565851049832
1.26,0.6880992691008218,0.052561414165024,9.02171448465062,8.875544382488082,8.948629433569351,8.9573579961456
1.28,0.5702100149900321,0.0533579562082022,9.02171448465062,8.875544382488082,8.948629433569351,8.966748920157796
1.3,0.9055493581220396,0.0167791683772824,9.02171448465062,8.875544382488082,8.948629433569351,8.981236859945149
1.32,0.7935780748997922,0.0278382231874687,8.995214671046748,8.758992022101467,8.877103346574106,8.985107913956242
1.34,0.654644086413531,0.0386131995180284,8.995214671046748,8.758992022101467,8.877103346574106,8.986091050773473
1.36,0.7748452323022097,0.0732600555413085,9.032744469083896,8.859133704441682,8.945939086762788,8.996023068553844
1.38,0.6856946325137311,0.0644464366715898,9.032744469083896,8.859133704441682,8.945939086762788,9.003357173759987
1.4,0.7120256740440818,0.0642352531390993,9.032744469083896,8.859133704441682,8.945939086762788,9.010431827193061
1.42,0.7801982869385934,0.0593617500989005,9.156326707940767,9.298829855377566,9.227578281659166,9.046190041804566
1.44,0.8499666516578432,0.0514074853660244,9.156326707940767,9.298829855377566,9.227578281659166,9.079628265519869
1.46,0.9170299423910544,0.0485529916761983,9.116638468418824,9.069403772827618,9.09302112062322,9.097474089993243
1.48,0.9382201885488244,0.032577040471426,9.116638468418824,9.069403772827618,9.09302112062322,9.11391675645012
1.5,0.702939916173036,0.0320745608725729,9.116638468418824,9.069403772827618,9.09302112062322,9.124480111358546
1.52,0.671872960503597,0.0590101663280489,9.23451965421377,9.514685019355966,9.374602336784868,9.161586047190243
1.54,0.7428222717404962,0.0863979177730776,9.23451965421377,9.514685019355966,9.374602336784868,9.196258477041034
1.56,0.7452875127814126,0.0477774134752809,9.233399813614646,9.063786812834977,9.148593313224811,9.204907135889478
1.58,0.640783458088846,0.0826696353912632,9.233399813614646,9.063786812834977,9.148593313224811,9.21080985586861
1.6,0.6534248372195958,0.0599470515775678,9.233399813614646,9.063786812834977,9.148593313224811,9.21634984867418
1.62,0.8244545606245794,0.0250779927314735,9.087750942899577,9.124865122822332,9.106308032860955,9.2201858491841
1.64,0.9228457612386812,0.0423686376080257,9.087750942899577,9.124865122822332,9.106308032860955,9.225409291254081
1.66,0.6976055738754761,0.0754040166039201,9.030537615975785,9.093425311062028,9.061981463518906,9.221623408810322
1.68,0.64597402507083,0.0518262552795577,9.030537615975785,9.093425311062028,9.061981463518906,9.217286746732455
1.7,0.688657647181338,0.0418107592163286,9.030537615975785,9.093425311062028,9.061981463518906,9.214152056060364
1.72,0.6021669658157642,0.0588735266766321,9.266234388899669,9.22190236509467,9.24406837699717,9.22798269353873
1.74,0.6877468780110231,0.0528914963295295,9.266234388899669,9.22190236509467,9.24406837699717,9.241970705688772
1.76,0.7700818022738599,0.0485972913336873,9.467896336182555,9.12608171853071,9.296989027356632,9.261334010296487
1.78,0.7085126478705748,0.0169542122426535,9.467896336182555,9.12608171853071,9.296989027356632,9.277652739664173
1.8,0.865296725748925,0.0505082523967039,9.467896336182555,9.12608171853071,9.296989027356632,9.295161709496899
1.82,0.7341159318203964,0.0462415564482626,9.285405927320523,9.416851759133705,9.351128843227114,9.313972509642689
1.84,0.7725940385441173,0.0696387762238701,9.285405927320523,9.416851759133705,9.351128843227114,9.331594835694926
1.86,0.6958475228970699,0.0678549148372889,9.472617149721597,9.420366172098523,9.446491660910059,9.355609773628586
1.88,0.8704054783703803,0.0564194883916539,9.472617149721597,9.420366172098523,9.446491660910059,9.3803652609674
1.9,0.5646597547598159,0.1123366010697625,9.472617149721597,9.420366172098523,9.446491660910059,9.397141776547343
1.92,0.6737143979503497,0.0754726256965064,9.393030812677866,9.555392949991452,9.474211881334659,9.416975646189181
1.94,0.5680953797686459,0.0725707456826172,9.393030812677866,9.555392949991452,9.474211881334659,9.432924986539565
1.96,0.8068720663433511,0.0113690627037098,9.375240590231714,9.51134527388153,9.443292932056622,9.44848547828545
1.98,0.8085277400856196,0.0129783988738631,9.375240590231714,9.51134527388153,9.443292932056622,9.462519722984108
2.0,0.6433554020673055,0.0831044587015218,9.375240590231714,9.51134527388153,9.443292932056622,9.472177441128572
2.02,0.9029682205860906,0.0316733108239439,9.581367662235204,9.47267712461808,9.527022393426641,9.493915364328927
2.04,0.6670589148308004,0.04100267415442,9.581367662235204,9.47267712461808,9.527022393426641,9.509233127705652
2.06,0.53544970438242,0.0421240505920485,9.80777388232428,9.529440905202769,9.668607393763525,9.534808648990325
2.08,0.666423713308165,0.0820041086729731,9.80777388232428,9.529440905202769,9.668607393763525,9.560184150307192
2.1,0.7420728072277808,0.0798049568385391,9.80777388232428,9.529440905202769,9.668607393763525,9.584383785182926
2.12,0.6694342281110889,0.0749389669576435,9.545740179742763,9.72212601520178,9.633933097472273,9.60138853251786
2.14,0.9681035324578036,0.0782408119852276,9.545740179742763,9.72212601520178,9.633933097472273,9.622068852597542
2.16,0.7975561511203565,0.0396680172834521,9.56800975559807,9.411522297488665,9.489766026543368,9.623194580712292
2.18,0.9013209157793992,0.06624950170501,9.56800975559807,9.411522297488665,9.489766026543368,9.626075501779429
2.2,0.8585202398262739,0.1243691199956678,9.56800975559807,9.411522297488665,9.489766026543368,9.627897918572696
2.22,0.488555438346242,0.0471008365703432,9.703139883187076,9.68446013231999,9.693800007753532,9.643282125381013
2.24,0.644143226064533,0.0255312814960412,9.703139883187076,9.68446013231999,9.693800007753532,9.659928491687428
2.26,0.3606697183078214,0.0420071066238214,9.649753753185582,9.76633717643315,9.708045464809366,9.671232243929161
2.28,0.6091232540704586,0.0506148421174043,9.649753753185582,9.76633717643315,9.708045464809366,9.68587778459045
2.3000000000000003,0.8190953918103251,0.0613106625109556,9.649753753185582,9.76633717643315,9.708045464809366,9.702838269664927
2.32,0.5826787630287311,0.0787979781265608,9.72657421455776,9.718636344062368,9.722605279310063,9.715303188363958
2.34,0.6060319279821411,0.0810922218453689,9.72657421455776,9.718636344062368,9.722605279310063,9.726941972162246
2.36,0.7201303573764473,0.0667792005354812,9.78055914025691,9.896741433606485,9.838650286931697,9.751075150071967
2.38,0.7740212633404719,0.0754507573024752,9.78055914025691,9.896741433606485,9.838650286931697,9.773765046498069
2.4,0.6353240509475604,0.0678340320285336,9.78055914025691,9.896741433606485,9.838650286931697,9.791689403458488
2.42,0.6459119567709093,0.0479499910932439,9.633467958628517,9.836760690273987,9.735114324451253,9.79765831077964
2.44,0.7722044091317506,0.0778560542342404,9.633467958628517,9.836760690273987,9.735114324451253,9.805303591511173
2.46,0.7041202998216034,0.1002598012643046,9.703041722130584,9.8426655101391,9.772853616134842,9.814732759370328
2.48,0.6378950035581521,0.109132278823993,9.703041722130584,9.8426655101391,9.772853616134842,9.822026955110827
2.5,0.7083555393888323,0.0468064174864136,9.703041722130584,9.8426655101391,9.772853616134842,9.829860020922228
2.52,0.6782249916953736,0.0896856728068906,9.946874624577054,9.624503394148098,9.785689009362576,9.83765096961678
2.54,0.6981112787830055,0.0707712178597696,9.946874624577054,9.624503394148098,9.785689009362576,9.845020776609454
2.56,0.9061576548187174,0.0670002797751788,9.872383850774373,9.928931736122127,9.90065779344825,9.86689531608007
2.58,0.6278292562124772,0.0635502317434143,9.872383850774373,9.928931736122127,9.90065779344825,9.881572490428713
2.6,0.598116708651692,0.0943728982387741,9.872383850774373,9.928931736122127,9.90065779344825,9.894247121486398
2.62,0.8309477837086281,0.0576857714740828,9.985275920056631,10.062194922753925,10.023735421405277,9.922153011585042
2.64,0.5750416822205653,0.0352565965319681,9.985275920056631,10.062194922753925,10.023735421405277,9.942662002847037
2.66,0.8645160442629372,0.0653583182763604,9.921135766859624,9.9432534051604,9.932194586010013,9.957176549960067
2.68,0.6332190372431634,0.1127708093348581,9.921135766859624,9.9432534051604,9.932194586010013,9.966076296235439
2.7,0.663766944918352,0.0726127356063022,9.921135766859624,9.9432534051604,9.932194586010013,9.974635930221426
2.72,0.7413150302976158,0.0866815511716091,9.792052081168068,9.955902512222876,9.873977296695472,9.977913737414188
2.74,0.797216282208612,0.0758150972895342,9.792052081168068,9.955902512222876,9.873977296695472,9.98186998642207
2.76,0.7696365311560283,0.1116147573127134,10.220766084898711,10.200265820738016,10.210515952818364,10.018588040622507
2.78,0.6239041603876894,0.0968660791062488,10.220766084898711,10.200265820738016,10.210515952818364,10.049011106729072
2.8000000000000003,0.6027028328122119,0.1462072820319489,10.220766084898711,10.200265820738016,10.210515952818364,10.076010242328621
2.82,0.686695125025203,0.1032048173501476,10.081835991309624,9.94692083084469,10.014378411077157,10.082207571453928
2.84,0.6594790796035864,0.0521783853755296,10.081835991309624,9.94692083084469,10.014378411077157,10.087295278849115
2.86,0.5645447154076573,0.0866492920551864,10.095753288962191,9.982775935644666,10.039264612303429,10.092654017071885
2.88,0.6891999136424872,0.1256574328129691,10.095753288962191,9.982775935644666,10.039264612303429,10.099720675040604
2.9,0.7574923599104966,0.0435610161949153,10.095753288962191,9.982775935644666,10.039264612303429,10.107309931245275
2.92,0.6564547210070459,0.1345771563201078,10.141342273522412,10.119967144369788,10.1306547089461,10.121460593993485
2.94,0.8224202893603357,0.0869794884346025,10.141342273522412,10.119967144369788,10.1306547089461,10.137183570697232
2.96,0.6822335278592884,0.0728782499448709,10.07217674436206,10.11356377399816,10.09287025918011,10.145032443046988
2.98,0.612547249799166,0.0694932463635351,10.07217674436206,10.11356377399816,10.09287025918011,10.150842075156685
3.0,0.6415087693890088,0.0845342207202448,10.07217674436206,10.11356377399816,10.09287025918011,10.15659205140803
3.02,0.5604986532681292,0.0912646828717368,10.19046603042652,10.289328993748848,10.239897512087683,10.175011573234821
3.04,0.5021756650339915,0.0717057876661126,10.19046603042652,10.289328993748848,10.239897512087683,10.190539329090718
3.06,0.681325202961129,0.0826431105514915,10.064593635583355,10.331887808837564,10.19824072221046,10.203573322055995
3.08,0.5199529279974137,0.1300455329219497,10.064593635583355,10.331887808837564,10.19824072221046,10.212399214775395
3.1,0.5775399858790368,0.0710739438069623,10.064593635583355,10.331887808837564,10.19824072221046,10.221379085264726
3.12,0.6080139925938725,0.0926683957845009,10.269925645682507,10.364292682362576,10.317109164022542,10.241896345007198
3.14,0.6631044447569976,0.1140793093981271,10.269925645682507,10.364292682362576,10.317109164022542,10.261353506914359
3.16,0.6703963439469268,0.1350484723714131,10.328854667859153,10.265955043162329,10.297404855510742,10.277025775965042
3.18,0.6197197580506555,0.0883053985183344,10.328854667859153,10.265955043162329,10.297404855510742,10.290218639564523
3.2,0.3796031564511274,0.1013197145171883,10.328854667859153,10.265955043162329,10.297404855510742,10.297770117975265
3.22,0.584707257068033,0.0688739567927609,10.132652248886275,10.366700617930178,10.249676433408226,10.303485480145786
3.24,0.5145631709850422,0.1025851865143482,10.132652248886275,10.366700617930178,10.249676433408226,10.307366712549761
3.26,0.5923869762977285,0.1075692506121393,10.354654554347205,10.368270651177696,10.361462602762451,10.32343926714439
3.28,0.7228199174237468,0.1053444803355571,10.354654554347205,10.368270651177696,10.361462602762451,10.340252359219825
3.3000000000000003,0.698543151342939,0.0904709859329191,10.354654554347205,10.368270651177696,10.361462602762451,10.354947160298261
3.3200000000000003,0.62649874053815,0.1053622886297765,10.398569253959169,10.211891568202116,10.305230411080643,10.361252462706187
3.34,0.6588366201240918,0.0590383770352257,10.398569253959169,10.211891568202116,10.305230411080643,10.367509316705867
3.36,0.4176143112977036,0.1254621856344949,10.408752371038942,10.401079410487013,10.404915890762977,10.378767031714936
3.38,0.6176768081332106,0.0664055560039814,10.408752371038942,10.401079410487013,10.404915890762977,10.392500100166139
3.4,0.6672950397426457,0.0748130109293176,10.408752371038942,10.401079410487013,10.404915890762977,10.405752989941192
3.42,0.5056711745680061,0.0629129653573778,10.40946496569705,10.274618373144769,10.342041669420908,10.408483939031388
3.44,0.6370493840386215,0.0851615974703571,10.40946496569705,10.274618373144769,10.342041669420908,10.413306600983036
3.46,0.5407879167278721,0.107380992095109,10.414290821658684,10.4903045581996,10.452297689929143,10.42693989237875
3.48,0.7045758963808115,0.1330302292282545,10.414290821658684,10.4903045581996,10.452297689929143,10.442158038268644
3.5,0.7155452364388676,0.1477280945385697,10.414290821658684,10.4903045581996,10.452297689929143,10.456051817690595
3.52,0.5163728358370028,0.1404625463599906,10.4908614653584,10.43306735432577,10.461964409842086,10.46593778795081
3.54,0.7541013245252556,0.1083325677542581,10.4908614653584,10.43306735432577,10.461964409842086,10.479114273981393
3.56,0.5537368196771066,0.0879672912541821,10.293163218296025,10.419048021656154,10.35610561997609,10.476780671335051
3.58,0.8219677315637276,0.0980048513015054,10.293163218296025,10.419048021656154,10.35610561997609,10.479508585367302
3.6,0.5135279492547039,0.10517536017227,10.293163218296025,10.419048021656154,10.35610561997609,10.476411791914767
3.62,0.5781374778642835,0.120520034381255,10.579296879152825,10.52069978212106,10.549998330636942,10.494176920388542
3.64,0.5940339639216761,0.1053296931792611,10.579296879152825,10.52069978212106,10.549998330636942,10.510451672763974
3.66,0.4763125238730235,0.1251010897355009,10.580687042665488,10.56307771646508,10.571882379565285,10.525168368873821
3.68,0.3573116785603046,0.0738179478425371,10.580687042665488,10.56307771646508,10.571882379565285,10.536271380157054
3.7,0.4663463314452104,0.1020655909294576,10.580687042665488,10.56307771646508,10.571882379565285,10.548226714063892
3.72,0.6897855337466949,0.0973768821408061,10.721976161498358,10.443608145663704,10.582792153581032,10.564099397623048
3.74,0.5187194288337316,0.0999433602565366,10.721976161498358,10.443608145663704,10.582792153581032,10.575305622937854
3.76,0.516873772067492,0.1134985325160696,10.767452439467416,10.6175966178366,10.692524528652008,10.596331241406485
3.78,0.7360065663973089,0.1157569333064947,10.767452439467416,10.6175966178366,10.692524528652008,10.619198688326188
3.8,0.6111193312996362,0.1198077473212103,10.767452439467416,10.6175966178366,10.692524528652008,10.637531420322164
3.82,0.6340689981356609,0.1104974727983049,10.52882780165506,10.558874511868057,10.543851156761558,10.639576635932546
3.84,0.6496158293311127,0.1300388199167491,10.52882780165506,10.558874511868057,10.543851156761558,10.641697172943408
3.86,0.4366746810504167,0.1094767184332633,10.657088927988518,10.843932552589918,10.750510740289219,10.660438673936897
3.88,0.5584077354668042,0.0889708761357506,10.657088927988518,10.843932552589918,10.750510740289219,10.679497219810532
3.9,0.5593353388630836,0.1355130836131001,10.657088927988518,10.843932552589918,10.750510740289219,10.696666607957935
3.92,0.5201070582158549,0.0927139994546322,10.783765790433756,10.821649047034857,10.802707418734308,10.716632616083457
3.94,0.4058620515655609,0.1535521058148345,10.783765790433756,10.821649047034857,10.802707418734308,10.732545613276722
3.96,0.5905273900178413,0.0887495679224219,10.657705479836856,10.75690815430878,10.70730681707282,10.740651226676652
3.98,0.3336994210813034,0.0959878384601967,10.657705479836856,10.75690815430878,10.70730681707282,10.743323375295732
4.0,0.4181013377120348,0.1307838091350957,10.657705479836856,10.75690815430878,10.70730681707282,10.747247543552259
4.0200000000000005,0.431256465861787,0.1343322435106451,10.770053718807535,10.666673401548053,10.718363560177794,10.752121761600327
4.04,0.4767422965790083,0.1177593170043244,10.770053718807535,10.666673401548053,10.718363560177794,10.757327302796496
4.0600000000000005,0.6249436862344889,0.1290605827512362,10.80585323638922,10.94197032154564,10.873911778967429,10.78023473676581
4.08,0.7206221794695743,0.1525852292904267,10.80585323638922,10.94197032154564,10.873911778967429,10.802573640216423
4.1,0.7262974548338426,0.1544305612564637,10.80585323638922,10.94197032154564,10.873911778967429,10.822780808278532
4.12,0.6141682227921843,0.0888397532217665,10.843101546464403,10.693962743957792,10.768532145211097,10.828410969982048
4.14,0.5679690944297282,0.1511400461350829,10.843101546464403,10.693962743957792,10.768532145211097,10.832646531204688
4.16,0.2326024089647335,0.1021804105919398,10.69993659869733,10.856028814584503,10.777982706640916,10.831366992109677
4.18,0.64637884143059,0.135763510315424,10.69993659869733,10.856028814584503,10.777982706640916,10.837663382708552
4.2,0.8240081097400503,0.1673700886950489,10.69993659869733,10.856028814584503,10.777982706640916,10.846527461077109
4.22,0.5606436171032361,0.1223673277678651,10.820309319679945,10.857207844145844,10.838758581912895,10.855842158268546
4.24,0.5321410310256895,0.1053536514582226,10.820309319679945,10.857207844145844,10.838758581912895,10.863712339191444
4.26,0.5856516842316436,0.116047371585181,10.85476792905481,10.827694806902088,10.841231367978448,10.872005972386313
4.28,0.5869895499372395,0.1018383879380791,10.85476792905481,10.827694806902088,10.841231367978448,10.879494323844396
4.3,0.5134841368248136,0.1408016231348648,10.85476792905481,10.827694806902088,10.841231367978448,10.884910742720647
4.32,0.4501705114898708,0.1159623090590198,11.038550951296408,10.889325979224308,10.963938465260359,10.900916584181438
4.34,0.5361680008172701,0.0874360620155716,11.038550951296408,10.889325979224308,10.963938465260359,10.91686979630404
4.36,0.3258649720211107,0.1117581719344563,11.000724037017036,11.233216863639388,11.116970450328212,10.94274543120284
4.38,0.2623056346854641,0.1127028941519923,11.000724037017036,11.233216863639388,11.116970450328212,10.964889434539716
4.4,0.6492210207595057,0.1442355138699384,11.000724037017036,11.233216863639388,11.116970450328212,10.991783514492237
4.42,0.4286470697093472,0.1453449646999347,10.86114058470497,10.960290541541957,10.910715563123464,10.991392366610128
4.44,0.5672296738234275,0.1359529993796145,10.86114058470497,10.960290541541957,10.910715563123464,10.993534820390284
4.46,0.6655614849799155,0.143878017488708,11.071337463299743,11.138782416250892,11.105059939775318,11.016667439058425
4.48,0.6231337006884397,0.1325663122225983,11.071337463299743,11.138782416250892,11.105059939775318,11.036723095742506
4.5,0.4079775098068254,0.1544440479510913,11.071337463299743,11.138782416250892,11.105059939775318,11.05090037532231
4.5200000000000005,0.5110344789703083,0.1080517922422541,10.94613651457007,10.915505664754516,10.930821089662292,11.048091067377776
4.54,0.3298077641026524,0.1707128942881053,10.94613651457007,10.915505664754516,10.930821089662292,11.042300609360074
4.5600000000000005,0.4548585418719982,0.0951828752057618,10.957934604784208,10.922999603481312,10.940467104132761,11.04030471259104
4.58,0.5905934285092461,0.1037050293730357,10.957934604784208,10.922999603481312,10.940467104132761,11.040951633458377
4.6000000000000005,0.4665736526809828,0.1529931029740671,10.957934604784208,10.922999603481312,10.940467104132761,11.039301506274073
4.62,0.1182203881161107,0.1380270243450178,11.05387446007935,10.88716079289839,10.97051762648887,11.034551085281642
4.64,0.1878824471295916,0.1292240866642652,11.05387446007935,10.88716079289839,10.97051762648887,11.031529623450698
4.66,0.3594883534452944,0.1617753801614619,11.26551836040622,11.163806745618404,11.214662553012312,11.056313706768876
4.68,0.6133074625692092,0.1761683022132337,11.26551836040622,11.163806745618404,11.214662553012312,11.083188125719463
4.7,0.4748438738364725,0.1307071086742667,11.26551836040622,11.163806745618404,11.214662553012312,11.104882758177805
4.72,0.4655369959364665,0.1592222166065655,11.033049101559977,11.084261613487357,11.058655357523666,11.108639684039249
4.74,0.288294199216372,0.1440700157385709,11.033049101559977,11.084261613487357,11.058655357523666,11.108830546973586
4.76,0.4614036234637213,0.1004339046297194,11.13503538008706,11.181237462861391,11.158136421474225,11.122066399645997
4.78,0.1684282980927143,0.1422596386779111,11.13503538008706,11.181237462861391,11.158136421474225,11.12870511119449
4.8,0.48008163632148,0.1630268299997119,11.13503538008706,11.181237462861391,11.158136421474225,11.14028971167625
4.82,0.5781791288657249,0.1278361592331143,11.226225679639729,11.199964241485306,11.213094960562518,11.15797746088446
4.84,0.3361640887203971,0.1753515756725036,11.226225679639729,11.199964241485306,11.213094960562518,11.169540164449232
4.86,0.5620022174331,0.1449003427608196,11.187514277826097,11.14670901705356,11.167111647439828,11.179413352662088
4.88,0.343083261723637,0.1657777382653801,11.187514277826097,11.14670901705356,11.167111647439828,11.184358680850888
4.9,0.4447476595072235,0.1434174162695399,11.187514277826097,11.14670901705356,11.167111647439828,11.190639435380913
4.92,0.4083383574757547,0.1439237835051591,11.014891663479176,11.19571904954703,11.105305356513103,11.189456117928696
4.94,0.4334988934335414,0.156880557563921,11.014891663479176,11.19571904954703,11.105305356513103,11.188844021868942
4.96,0.603049485463905,0.1081602957173906,11.101222631362704,11.247424992523284,11.174323811942994,11.198246891614698
4.98,0.5231374144610805,0.1299389628185918,11.101222631362704,11.247424992523284,11.174323811942994,11.205271057107828
5.0,0.3336376636680912,0.1702443745683673,11.101222631362704,11.247424992523284,11.174323811942994,11.20818181053737
5.0200000000000005,0.0807378505921208,0.1466499284829211,11.20258563302013,11.16003119231502,11.181308412667576,11.20694775206105
5.04,0.5174752084008245,0.1335801628425566,11.20258563302013,11.16003119231502,11.181308412667576,11.213698371872917
5.0600000000000005,0.4993299001419493,0.1531902263294906,11.092121327068664,11.302699423375412,11.197410375222038,11.221057510410384
5.08,0.4250806260529337,0.1922478390406699,11.092121327068664,11.302699423375412,11.197410375222038,11.226344248160503
5.1000000000000005,0.3357914321465696,0.0981046678799809,11.092121327068664,11.302699423375412,11.197410375222038,11.229495106645295
5.12,0.5921350064463597,0.1477210713234918,11.25160565420369,11.271675806713109,11.2616407304584,11.243368099142641
5.14,0.1834091066838213,0.1380067695674514,11.25160565420369,11.271675806713109,11.2616407304584,11.248496726194526
5.16,0.3012943816240001,0.1235595739789952,11.305719157987276,11.173261782973574,11.239490470480426,11.25301939949235
5.18,0.2170004518288987,0.1962883443916185,11.305719157987276,11.173261782973574,11.239490470480426,11.25557251472408
5.2,0.4350577563942435,0.1413517223806494,11.305719157987276,11.173261782973574,11.239490470480426,11.261795349914813
5.22,0.3320518015373744,0.1756851008090467,11.215892071910886,11.257893126650938,11.236892599280912,11.265282007279094
5.24,0.6389127916000694,0.1184121443176658,11.215892071910886,11.257893126650938,11.236892599280912,11.273943496728076
5.26,0.3852368681830467,0.1140924328600178,11.242659607692453,11.416937431225508,11.32979851945898,11.28646326262846
5.28,0.3519705782937246,0.0952160326225786,11.242659607692453,11.416937431225508,11.32979851945898,11.2971322587208
5.3,0.4468760260871639,0.1737404910639573,11.242659607692453,11.416937431225508,11.32979851945898,11.308442653264187
5.32,0.2878102208853773,0.2089317487598228,11.363979019627422,11.31853022358776,11.341254621607591,11.316904434074464
5.34,0.2431239541395571,0.1769551046548009,11.363979019627422,11.31853022358776,11.341254621607591,11.323715684002288
5.36,0.4349104363417279,0.1437047575309014,11.401197864803624,11.359750012908298,11.38047393885596,11.337219897341805
5.38,0.3095416623725408,0.1368588203373327,11.401197864803624,11.359750012908298,11.38047393885596,11.347117051415927
5.4,0.4828525243634645,0.1571237033952468,11.401197864803624,11.359750012908298,11.38047393885596,11.359144085598473
5.42,0.4034185073304149,0.1612406561576881,11.535618939292174,11.33472959981271,11.435174269552443,11.374008637125817
5.44,0.3747224573135373,0.1139379729813395,11.535618939292174,11.33472959981271,11.435174269552443,11.386870204600124
5.46,0.366470752465601,0.1958704304192262,11.41844533551835,11.293344419135696,11.355894877327023,11.390369145417194
5.48,0.3454020631398865,0.1523389639639479,11.41844533551835,11.293344419135696,11.355894877327023,11.393138955744696
5.5,0.4021631992479841,0.1784262616884253,11.41844533551835,11.293344419135696,11.355894877327023,11.396653485489391
5.5200000000000005,0.303091081478032,0.2064390669670959,11.52811869107087,11.608417918932211,11.568268305001542,11.419270606907213
5.54,0.1133300709043307,0.1995727963277579,11.52811869107087,11.608417918932211,11.568268305001542,11.436210317992925
5.5600000000000005,0.3550851592385104,0.131758324963338,11.474496808627894,11.307409628911673,11.390953218769784,11.438076140936904
5.58,0.2879701469954061,0.1331688749774378,11.474496808627894,11.307409628911673,11.390953218769784,11.43854731136611
5.6000000000000005,0.1755021941227406,0.1177378420952269,11.474496808627894,11.307409628911673,11.390953218769784,11.436946941600686
5.62,0.4319039943370788,0.1884830218325898,11.33000796721767,11.60785226071788,11.468930113967776,11.447919530735463
5.64,0.2900797591832225,0.1184492498307459,11.33000796721767,11.60785226071788,11.468930113967776,11.455242024723992
5.66,0.1237670048522047,0.1717123267172906,11.261821900310258,11.48376116706827,11.372791533689263,11.449224781707859
5.68,0.3217076285852767,0.1413594305201967,11.261821900310258,11.48376116706827,11.372791533689263,11.447372194220533
5.7,0.2471904707978273,0.1608887916066347,11.261821900310258,11.48376116706827,11.372791533689263,11.444363556641767
5.72,0.1214581619204348,0.1417581908972904,11.46100503435456,11.386006863699247,11.423505949026904,11.444464042794849
5.74,0.3605863612494636,0.1436984735043442,11.46100503435456,11.386006863699247,11.423505949026904,11.448858787920546
5.76,0.1945357327213551,0.1847163119853638,11.54880017201136,11.529532750442671,11.539166461227016,11.461391198440177
5.78,0.4042849729557345,0.1691685526511257,11.54880017201136,11.529532750442671,11.539166461227016,11.476445854232063
5.8,0.2078582553178075,0.157977403398217,11.54880017201136,11.529532750442671,11.539166461227016,11.486459363527278
5.82,0.4302779892314504,0.1803186728359505,11.45687800525809,11.522965230400269,11.489921617829179,11.494550592763634
5.84,0.3615576637051985,0.1321568444952306,11.45687800525809,11.522965230400269,11.489921617829179,11.500595733216882
5.86,0.3210135074340034,0.1728231222022477,11.67576250916142,11.598539631318792,11.637151070240105,11.520029510053018
5.88,0.2147526671477908,0.1421268581638076,11.67576250916142,11.598539631318792,11.637151070240105,11.535607214080388
5.9,0.4115019666268426,0.1649819346563212,11.67576250916142,11.598539631318792,11.637151070240105,11.553168635095643
5.92,0.3608223793756691,0.1701803308625313,11.669578774753411,11.62220735873822,11.645893066745817,11.568935881089423
5.94,0.2543781444959738,0.1886211618770907,11.669578774753411,11.62220735873822,11.645893066745817,11.581210406255991
5.96,0.3650122499312327,0.1458830792744126,11.521307711036954,11.625573701868545,11.57344070645275,11.58700365677443
5.98,0.1697350805064135,0.1621299639354251,11.521307711036954,11.625573701868545,11.57344070645275,11.588702593191377
6.0,0.1367017046371252,0.1253274871660779,11.521307711036954,11.625573701868545,11.57344070645275,11.589637035200983
6.0200000000000005,0.2762738764488486,0.1664770685683417,11.6932118862202,11.494352768722797,11.593782327471498,11.595024494204115
6.04,0.2937437498976172,0.1959326774560975,11.6932118862202,11.494352768722797,11.593782327471498,11.60018766502901
6.0600000000000005,0.3340261166098792,0.2212678629195005,11.650765390124365,11.462702021130106,11.556733705627234,11.60185473918781
6.08,0.287950301963255,0.1696509872638885,11.650765390124365,11.462702021130106,11.556733705627234,11.602525741267092
6.1000000000000005,0.4264974920310855,0.1362868413683585,11.650765390124365,11.462702021130106,11.556733705627234,11.605623492559666
6.12,0.1202185290919815,0.1938015239994319,11.62073049694919,11.465902888064887,11.543316692507037,11.601556746078058
6.140000000000001,0.3407451747432054,0.1651481854206332,11.62073049694919,11.465902888064887,11.543316692507037,11.601866153866336
6.16,0.2970902724024689,0.1798104027804028,11.629441908642889,11.695457891284567,11.662449899963729,11.61327215337932
6.18,0.4302256026458784,0.1879713492643755,11.629441908642889,11.695457891284567,11.662449899963729,11.625933988885388
6.2,0.2799375369236895,0.1861575949400395,11.629441908642889,11.695457891284567,11.662449899963729,11.634624455657848
6.22,0.300371640552163,0.1336591362353944,11.746295674814265,11.734638705546365,11.740467190180315,11.650615418640033
6.24,0.4712371124088563,0.1798148635408777,11.746295674814265,11.734638705546365,11.740467190180315,11.668082863817421
6.26,0.3529061572211052,0.1428973798019184,11.76778016325316,11.62758228771563,11.697681225484395,11.677395010814099
6.28,0.3278465525820828,0.1921906443435807,11.76778016325316,11.62758228771563,11.697681225484395,11.685324870227607
6.3,0.2054729977669158,0.2145534529243665,11.76778016325316,11.62758228771563,11.697681225484395,11.690259019713091
6.32,0.2664326239618911,0.1856135565519624,11.69651736555342,11.604544991737717,11.650531178645569,11.691082022837653
6.34,0.0489393537623291,0.1161556914553121,11.69651736555342,11.604544991737717,11.650531178645569,11.687907846786167
6.36,0.1434527839618122,0.1949839532468201,11.676665600897772,11.82910733698028,11.752886468939026,11.696987859112765
6.38,0.319810716313108,0.1642540180654427,11.676665600897772,11.82910733698028,11.752886468939026,11.708334312989027
6.4,0.0261437735173207,0.2012542065498627,11.676665600897772,11.82910733698028,11.752886468939026,11.713260116507339
6.42,0.2482644018577563,0.2257187733370924,11.694381245509764,11.599096816600404,11.646739031055084,11.711076767195554
6.44,0.2367317738597842,0.206264015030173,11.694381245509764,11.599096816600404,11.646739031055084,11.708904165510983
6.46,0.2787588075846715,0.1613878699954564,11.760318563543027,11.42321367966469,11.591766121603857,11.702208019656794
6.48,0.025987592507693,0.1402532192960947,11.760318563543027,11.42321367966469,11.591766121603857,11.691631606516639
6.5,-0.0166825234202233,0.1780495236286304,11.760318563543027,11.42321367966469,11.591766121603857,11.681344772603797
6.5200000000000005,0.35764692350262,0.1565193986464014,11.736576627268528,11.750724474667066,11.743650550967796,11.694012995063247
6.54,0.2352657793550546,0.2186423677635812,11.736576627268528,11.750724474667066,11.743650550967796,11.703211534682094
6.5600000000000005,0.2686801070408646,0.2021106367736896,11.745180106802527,11.749272204580702,11.747226155691614,11.712449238709782
6.58,0.4109390763116128,0.1582974874450022,11.745180106802527,11.749272204580702,11.747226155691614,11.723323833781574
6.6000000000000005,0.2352879443747134,0.2023159825748537,11.745180106802527,11.749272204580702,11.747226155691614,11.729949248971323
6.62,-0.0237848913632323,0.1644707220517745,11.613424293875154,11.763426145420231,11.688425219647693,11.725368717994423
6.640000000000001,0.1719495430294256,0.205583385416051,11.613424293875154,11.763426145420231,11.688425219647693,11.724769459934281
6.66,0.3050938778555272,0.1695009587199071,11.563920232621191,11.58223141125354,11.573075821937366,11.71509178593599
6.68,0.1533301729391754,0.2021644369641504,11.563920232621191,11.58223141125354,11.573075821937366,11.703650132649033
6.7,0.1655271240584272,0.1614922098665173,11.563920232621191,11.58223141125354,11.573075821937366,11.693572189810917
6.72,0.1271789651560224,0.1399851066176158,11.789757458167092,11.81423716325772,11.801997310712405,11.706703923273874
6.74,0.3730069302627146,0.1479245954387612,11.789757458167092,11.81423716325772,11.801997310712405,11.722947386762458
6.76,0.343556092147471,0.170413480678109,11.745540198543836,11.80312765003072,11.774333924287278,11.734270050173594
6.78,-0.025316487079252,0.179879874425825,11.745540198543836,11.80312765003072,11.774333924287278,11.737820740817536
6.8,0.4178762890477835,0.1397106321825385,11.745540198543836,11.80312765003072,11.774333924287278,11.74899383236737
6.82,0.093976177613064,0.1796972599132812,11.84819479885698,11.738453557631477,11.793324178244228,11.755118438152092
6.84,0.4276891798254892,0.2021016642925578,11.84819479885698,11.738453557631477,11.793324178244228,11.766637417398163
6.86,0.024209064375678,0.2049822009630717,11.738887875888972,11.784808550715068,11.76184821330202,11.766594260147311
6.88,0.3115862216105289,0.1697768250041171,11.738887875888972,11.784808550715068,11.76184821330202,11.77172820745177
6.9,0.1089340316586109,0.1432370976391926,11.738887875888972,11.784808550715068,11.76184821330202,11.77270102060665
6.92,0.1557349899724635,0.2476124015265605,11.824714455576556,11.889575350880612,11.857144903228583,11.783948638688347
6.94,0.2779448086708708,0.1460609550433155,11.824714455576556,11.889575350880612,11.857144903228583,11.796271271698446
6.96,0.0807021429645254,0.1850583146298703,11.87263797591756,11.938202279605276,11.905420127761417,11.808638795878105
6.98,0.2048220632829397,0.2256821537035545,11.87263797591756,11.938202279605276,11.905420127761417,11.82200372620553
7.0,0.2014065938121508,0.1757618949714891,11.87263797591756,11.938202279605276,11.905420127761417,11.833970685049739
7.0200000000000005,0.3049919358838638,0.1861718136985675,11.828800151394857,11.94957719818189,11.889188674788373,11.844982338869514
7.04,0.3235708199034753,0.1741339655195886,11.828800151394857,11.94957719818189,11.889188674788373,11.855227247219663
7.0600000000000005,0.3825885307295356,0.187342246428304,11.884911994143474,11.926348664355755,11.905630329249615,11.867154148975791
7.08,0.1911090287867823,0.2001607754759891,11.884911994143474,11.926348664355755,11.905630329249615,11.874441729521335
7.1000000000000005,0.2012320340027979,0.1929316718819956,11.884911994143474,11.926348664355755,11.905630329249615,11.881182766106214
7.12,0.0814980716674726,0.1627862960601165,11.731004870528258,11.739742518918693,11.735373694723474,11.868068824257955
7.140000000000001,0.0552505637197424,0.208658770400194,11.731004870528258,11.739742518918693,11.735373694723474,11.855793821451464
7.16,-0.0137137614949145,0.2193142629079326,11.74191807719098,11.93677531983994,11.83934669851546,11.853902261450955
7.18,0.1152261272660455,0.1513928528181414,11.74191807719098,11.93677531983994,11.83934669851546,11.854520775448194
7.2,0.1587052711419599,0.1590788943877485,11.74191807719098,11.93677531983994,11.83934669851546,11.855860062635475
7.22,0.1399232552765233,0.1899234232701382,11.68054314933634,11.782531517463273,11.731537333399807,11.845946408306887
7.24,0.203859537869613,0.1969611678771338,11.68054314933634,11.782531517463273,11.731537333399807,11.838174972497832
7.26,-0.0301154509237396,0.2181003163535243,11.8932422942332,11.86058393850124,11.87691311636722,11.841506708768144
7.28,0.3381113110479501,0.1995446480976315,11.8932422942332,11.86058393850124,11.87691311636722,11.851133353126915
7.3,0.1646262900143742,0.1780771495474951,11.8932422942332,11.86058393850124,11.87691311636722,11.856674602671205
7.32,0.2565357041052714,0.2250574271095864,11.971406219220032,11.8239582882809,11.897682253750467,11.865393010453026
7.34,0.1643627846985814,0.1942981359043022,11.971406219220032,11.8239582882809,11.897682253750467,11.871580464907344
7.36,0.0153369299361365,0.2129753153525265,11.96651583790022,11.900934911211634,11.933725374555927,11.878071020611053
7.38,0.0790043732574741,0.1717594605109693,11.96651583790022,11.900934911211634,11.933725374555927,11.885058534724175
7.4,-0.2800921287761942,0.2024759297719609,11.96651583790022,11.900934911211634,11.933725374555927,11.88488356038938
7.42,0.1389612556212391,0.2090618659821053,11.93737374216968,11.754028860180204,11.845701301174941,11.88346663706912
7.44,0.102583789868545,0.255903509385321,11.93737374216968,11.754028860180204,11.845701301174941,11.881536611697337
7.46,0.2540678318249746,0.1738410837571201,11.75162590201083,11.769014977117155,11.760320439563992,11.873988215456851
7.48,-0.1045993986531617,0.2102299438967721,11.75162590201083,11.769014977117155,11.760320439563992,11.860738648691807
7.5,0.0942995676017905,0.2162549797461351,11.75162590201083,11.769014977117155,11.760320439563992,11.852394219995858
7.52,0.0646991435312534,0.2086006434233362,11.489384329663244,11.786956646253014,11.638170487958128,11.832136431375648
7.54,-0.0526118446532168,0.1848857073514778,11.489384329663244,11.786956646253014,11.638170487958128,11.811792823830139
7.56,-0.0795815052834863,0.1903365609028858,11.688321814793731,11.94358189352062,11.815951854157175,11.81077625976774
7.58,-0.0468316412671113,0.1998258694048102,11.688321814793731,11.94358189352062,11.815951854157175,11.810450849663876
7.6,0.2099316103689252,0.2076939228554638,11.688321814793731,11.94358189352062,11.815951854157175,11.814779719099848
7.62,0.2077410479701835,0.2332465959210561,11.930541518849855,12.069577183293962,12.000059351071908,11.837047021160517
7.640000000000001,-0.0856426860369429,0.2127580805809064,11.930541518849855,12.069577183293962,12.000059351071908,11.851806685802993
7.66,0.064792916890882,0.1672288687024443,11.786206339507658,11.802198058674804,11.794202199091231,11.847212509635852
7.68,0.1392619339344752,0.152354072006192,11.786206339507658,11.802198058674804,11.794202199091231,11.84441819339221
7.7,0.1191939930711679,0.1976764465651155,11.786206339507658,11.802198058674804,11.794202199091231,11.841542085837393
7.72,-0.1044381607655355,0.1966782592034735,11.995863834336673,11.71765353868162,11.856758686509146,11.841183859010789
7.74,0.0032474293764252,0.2135091765683604,11.995863834336673,11.71765353868162,11.856758686509146,11.8427997954894
7.76,-0.0991657018021498,0.1971812234727706,11.901382189006032,12.033674652144883,11.967528420575459,11.853487675365567
7.78,0.1927711525638916,0.1715660552326501,11.901382189006032,12.033674652144883,11.967528420575459,11.868361630632705
7.8,0.3799228648347575,0.1810082160766198,11.901382189006032,12.033674652144883,11.967528420575459,11.885116921194006
7.82,0.0601911489245265,0.1874149953926505,12.051523875788536,11.992763204297257,12.022143540042897,11.899903023759538
7.84,-0.1936115210138456,0.169290820211992,12.051523875788536,11.992763204297257,12.022143540042897,11.908642068009627
7.86,0.1597978893073772,0.180886502186395,11.869125402429612,11.92021917480492,11.894672288617265,11.910121452077924
7.88,0.2460959487393823,0.198871382670805,11.869125402429612,11.92021917480492,11.894672288617265,11.913006262809168
7.9,0.2344269543873403,0.1851309115915448,11.869125402429612,11.92021917480492,11.894672288617265,11.91539255056895
7.92,0.0744592164530237,0.2072784157317554,11.796854121000331,11.957289424404143,11.877071772702237,11.912900738678431
7.94,0.1160017734546158,0.2127717426936747,11.796854121000331,11.957289424404143,11.877071772702237,11.911405874002993
7.96,0.0615334816756341,0.2124018012392764,11.975650795641307,11.922633186441768,11.949141991041538,11.91628708837701
7.98,0.1343504849195738,0.2025132926307257,11.975650795641307,11.922633186441768,11.949141991041538,11.921990887372015
8.0,0.1585918647017994,0.1861593274293535,11.975650795641307,11.922633186441768,11.949141991041538,11.927560651303601
8.02,-0.0470630880905827,0.172214248033968,12.018919179782426,11.939794164389726,11.979356672086077,11.931893117796218
8.040000000000001,-0.0292648970143544,0.2224514126202372,12.018919179782426,11.939794164389726,11.979356672086077,11.936112705078946
8.06,-0.0021286413358725,0.2076358141575905,11.908932376081395,11.850340978202762,11.879636677142079,11.930426786741213
8.08,0.0089972637963179,0.2213107529640301,11.908932376081395,11.850340978202762,11.879636677142079,11.925509726529633
8.1,0.0574083216951731,0.1835522306113531,11.908932376081395,11.850340978202762,11.879636677142079,11.921955771381391
8.120000000000001,0.1664131523007753,0.2027788229352858,11.94989851109473,11.9113178295739,11.930608170334315,11.925816448018098
8.14,-0.1268349047295341,0.1637099174632644,11.94989851109473,11.9113178295739,11.930608170334315,11.924012591964589
8.16,0.1379597515847494,0.2078748350646598,11.847322287315135,11.809171763018416,11.828247025166775,11.916919310813334
8.18,0.0018893541384024,0.1775914292280559,11.847322287315135,11.809171763018416,11.828247025166775,11.90808609062317
8.2,-0.3206059099068942,0.1762507563383492,11.847322287315135,11.809171763018416,11.828247025166775,11.894331277699207
8.22,-0.0267125001805114,0.2004461916802873,12.129640106099703,11.87623541359098,12.002937759845342,11.904711100910571
8.24,-0.0138033486602449,0.1918234995223071,12.129640106099703,11.87623541359098,12.002937759845342,11.914285306528164
8.26,0.0825449719925552,0.196936289709064,11.89121016220822,12.083501529729764,11.987355845968992,11.923078169968113
8.28,0.0853300202898083,0.186206151851672,11.89121016220822,12.083501529729764,11.987355845968992,11.931041877933419
8.3,0.0116486079818496,0.2208339137227029,11.89121016220822,12.083501529729764,11.987355845968992,11.93688294968065
8.32,-0.0874847286053248,0.2202557468794314,11.81927937652713,11.97339379268898,11.896336584608054,11.931253588058494
8.34,0.1224232628156585,0.2128379827362393,11.81927937652713,11.97339379268898,11.896336584608054,11.929965506444132
8.36,-0.075315191874339,0.2146994794507343,11.818409264268718,12.038396542736304,11.928402903502512,11.928453572696231
8.38,-0.1388173285346895,0.1945925288337044,11.818409264268718,12.038396542736304,11.928402903502512,11.925949793863234
8.4,-0.0753201344639439,0.254942563095378,11.818409264268718,12.038396542736304,11.928402903502512,11.92483934240681
8.42,-0.0651041886016598,0.2361909112214665,12.056271283820012,11.938656500420816,11.997463892120415,11.930929921983342
8.44,-0.0162889963418593,0.2023017438945945,12.056271283820012,11.938656500420816,11.997463892120415,11.937290117062895
8.46,-0.0584668674340012,0.215008802753471,12.115036954143584,12.101007909421186,12.108022431782384,11.953310944921032
8.48,-0.050547036772822,0.1685126177858117,12.115036954143584,12.101007909421186,12.108022431782384,11.967872246945255
8.5,0.08006925221756,0.1800460366329938,12.115036954143584,12.101007909421186,12.108022431782384,11.983328511968885
8.52,0.0845583868222333,0.2255278820796513,11.924498968029848,12.088556186000174,12.00652757701501,11.987170469436299
8.540000000000001,0.0508315639611172,0.2489946434397049,11.924498968029848,12.088556186000174,12.00652757701501,11.990021148345472
8.56,-0.0523260167218317,0.2426154168110831,11.90579381276469,11.916337081472156,11.911065447118423,11.981183709921773
8.58,-0.0973383294193711,0.1984895246640963,11.90579381276469,11.916337081472156,11.911065447118423,11.97241979371189
8.6,-0.0471478847117654,0.2106012499682961,11.90579381276469,11.916337081472156,11.911065447118423,11.965435697127731
8.620000000000001,-0.0389987131246999,0.1852350884773775,11.816690198826407,11.921809735605173,11.86924996721579,11.955115147300292
8.64,0.0775253008142532,0.1985884718908368,11.816690198826407,11.921809735605173,11.86924996721579,11.947924084706498
8.66,-0.0591201578579021,0.2420624575588242,11.993096813711569,11.939592919804037,11.966344866757803,11.948702000070186
8.68,-0.1720990762650732,0.2061465037257384,11.993096813711569,11.939592919804037,11.966344866757803,11.947368503366178
8.700000000000001,-0.1300360823864267,0.1897203047801548,11.993096813711569,11.939592919804037,11.966344866757803,11.946925490222384
8.72,0.1801157774220586,0.2029652634145704,11.998381953913384,11.979096804030377,11.98873937897188,11.954348963090931
8.74,-0.145521576262344,0.177184287758947,11.998381953913384,11.979096804030377,11.98873937897188,11.955168616306304
8.76,-0.1872661220778697,0.2407950837400924,12.152241172183103,12.046895153949514,12.099568163066309,11.966237780784905
8.78,-0.0726114390119727,0.2343409634701903,12.152241172183103,12.046895153949514,12.099568163066309,11.97826381311083
8.8,0.1717237932713198,0.2389867774913484,12.152241172183103,12.046895153949514,12.099568163066309,11.993485276385263
8.82,-0.0300163214787845,0.1591811982971934,11.808497943279905,12.085520863809055,11.947009403544481,11.988297395314566
8.84,-0.0084488080781129,0.2050635509084498,11.808497943279905,12.085520863809055,11.947009403544481,11.984016517592151
8.86,-0.2347237798890352,0.2061145154475855,11.786568472461916,11.89625114309495,11.841409807778433,11.965530818572777
8.88,-0.2273571833180228,0.2646112892701514,11.786568472461916,11.89625114309495,11.841409807778433,11.949026288193618
8.9,-0.0497363493339576,0.178301578566316,11.786568472461916,11.89625114309495,11.841409807778433,11.93736938586409
8.92,-0.1063111566781634,0.2180394731734656,12.0294388082063,12.01347957185659,12.021459190031447,11.943864765460619
8.94,-0.006576372833855,0.2044154369097084,12.0294388082063,12.01347957185659,12.021459190031447,11.951505833206694
8.96,-0.18756262235243,0.2260045238867173,11.953183560342763,11.766268620581863,11.859726090462313,11.938951731729912
8.98,0.0691785305674645,0.1981337852135617,11.953183560342763,11.766268620581863,11.859726090462313,11.932274381153366
9.0,0.1037958347100744,0.1884275273575469,11.953183560342763,11.766268620581863,11.859726090462313,11.926887877109042
9.02,-0.2466351584555871,0.2197805580298473,11.97152969125516,11.826733111081746,11.899131401168454,11.919672796662782
9.04,-0.0334873120442455,0.223297733745355,11.97152969125516,11.826733111081746,11.899131401168454,11.917015885496554
9.06,-0.0982996849765615,0.2016899011058749,11.85450443906462,11.871829613221536,11.863167026143078,11.909861605231628
9.08,0.1064391753272416,0.2309309985131534,11.85450443906462,11.871829613221536,11.863167026143078,11.907108052478662
9.1,-0.0414464712551681,0.2324758044255729,11.85450443906462,11.871829613221536,11.863167026143078,11.901967913362512
9.12,0.0439802119990838,0.2306981387033969,11.656515873135533,11.786820385971986,11.721668129553759,11.884729578797621
9.14,-0.0814180534963389,0.2149119543339122,11.656515873135533,11.786820385971986,11.721668129553759,11.866957908910303
9.16,-0.0364100508355859,0.2372217563034513,11.98114693051562,11.79811801087253,11.889632470694075,11.868569984173641
9.18,0.1799878247580351,0.2494137925939098,11.98114693051562,11.79811801087253,11.889632470694075,11.87391601367133
9.2,0.1713818503265139,0.1839752155005961,11.98114693051562,11.79811801087253,11.889632470694075,11.878572532679481
9.22,-0.2831750599289013,0.2040479010968933,11.858549261451492,12.015174395933624,11.936861828692557,11.879304311202068
9.24,-0.0356665831530495,0.2124634813303698,11.858549261451492,12.015174395933624,11.936861828692557,11.884418064454362
9.26,-0.054265324543884,0.2066449842097061,11.76499953432612,11.99845192668171,11.881725730503916,11.883172055217528
9.28,-0.2138697095241827,0.2131671995509589,11.76499953432612,11.99845192668171,11.881725730503916,11.879177767974731
9.3,-0.1789630336024925,0.20327558172939,11.76499953432612,11.99845192668171,11.881725730503916,11.876211229622804
9.32,-0.0663876419002949,0.1622147982319285,11.81506294074888,11.878571228164803,11.846817084456841,11.872076837552003
9.34,0.0243709909293425,0.1943073812920345,11.81506294074888,11.878571228164803,11.846817084456841,11.869989540079214
9.36,-0.0293360404103482,0.1568788667897248,11.843743208146,11.92924976799575,11.886496488070875,11.871112186150995
9.38,-0.1441091089034391,0.257549872784355,11.843743208146,11.92924976799575,11.886496488070875,11.870056652382722
9.4,-0.2229432503148243,0.2039291176564823,11.843743208146,11.92924976799575,11.886496488070875,11.867687657445872
9.42,-0.3485317620375717,0.1817819210319264,11.98497642558652,11.917718532641468,11.951347479113995,11.86978006789601
9.44,0.0857400473167663,0.1553866131520568,11.98497642558652,11.917718532641468,11.951347479113995,11.87948012986951
9.46,-0.1675861194209931,0.237548971742862,11.86856908852466,11.811263801235713,11.839916444880187,11.872507211221
9.48,-0.2056146241434633,0.2224449821245015,11.86856908852466,11.811263801235713,11.839916444880187,11.865547071352337
9.5,-0.0636647703835959,0.1646155806899897,11.86856908852466,11.811263801235713,11.839916444880187,11.861838042838219
9.52,-0.116175465530967,0.202988066980972,11.781937980618682,11.956655069429267,11.869296525023975,11.860492732677239
9.54,-0.109545771838465,0.2159824495036172,11.781937980618682,11.956655069429267,11.869296525023975,11.859401288018821
9.56,-0.030355990626578,0.2110702679581393,11.969454054574951,11.760965185165642,11.865209619870296,11.85943571337269
9.58,-0.1692227086618598,0.2194470675679403,11.969454054574951,11.760965185165642,11.865209619870296,11.856967095266539
9.6,-0.2394504087010355,0.2242624842380541,11.969454054574951,11.760965185165642,11.865209619870296,11.853481240370296
9.62,-0.1312738919026654,0.2154186809195317,11.674815717847816,11.897734244370628,11.786274981109223,11.844397684389941
9.64,-0.1079310736287066,0.1802235677351402,11.674815717847816,11.897734244370628,11.786274981109223,11.836642654736552
9.66,-0.2480362741353323,0.2454702238174774,11.6279803238185,11.98162514949215,11.804802736655326,11.828994009993993
9.68,-0.2516533766142839,0.2156132575768231,11.6279803238185,11.98162514949215,11.804802736655326,11.82204512188107
9.7,-0.2463273982231962,0.2071721184398641,11.6279803238185,11.98162514949215,11.804802736655326,11.815886990190478
9.72,-0.0243373011940019,0.2167267250748001,11.907226263222393,11.65722184850332,11.782224055862857,11.812082625336226
9.74,0.0423087562077358,0.2247493541051295,11.907226263222393,11.65722184850332,11.782224055862857,11.80985832600063
9.76,0.0274217229891135,0.184023205574386,11.864279537755587,11.766709019599952,11.81549427867777,11.810915512282147
9.78,-0.2365363433628952,0.2081259771333288,11.864279537755587,11.766709019599952,11.81549427867777,11.807115734741178
9.8,-0.2117617158175163,0.2147714871328718,11.864279537755587,11.766709019599952,11.81549427867777,11.804141878250121
9.82,-0.2833297276187141,0.2252422530205042,11.756382698696797,11.856934210377451,11.806658454537125,11.799293600781684
9.84,0.0887972495644025,0.2621485659406561,11.756382698696797,11.856934210377451,11.806658454537125,11.801628436649386
9.86,-0.1912345510666664,0.2136420739640257,11.831996648861828,11.87064631007169,11.851321479466758,11.803155519011925
9.88,-0.1391500474722053,0.2249295064240472,11.831996648861828,11.87064631007169,11.851321479466758,11.80546741420291
9.9,-0.1932635378398832,0.2264541177137698,11.831996648861828,11.87064631007169,11.851321479466758,11.806574077048179
9.92,-0.1175506914976854,0.2062697653501233,11.80741229568811,11.731670503227276,11.769541399457694,11.800754896842172
9.94,-0.2649708797629972,0.225489647752358,11.80741229568811,11.731670503227276,11.769541399457694,11.792864071267989
9.96,-0.2150592698306977,0.2026950241763616,11.631595088013947,11.857320250701637,11.744457669357793,11.784152364220017
9.98,-0.2515354305905093,0.2644554600324472,11.631595088013947,11.857320250701637,11.744457669357793,11.775655256983164
10.0,-0.4273580551280745,0.2542548284830732,11.631595088013947,11.857320250701637,11.744457669357793,11.764843053228322
10.02,-0.1144517146023122,0.2204726808210399,11.68532111938186,11.777757108307236,11.731539113844548,11.759452528427104
10.04,-0.0578638199243197,0.2161077866013246,11.68532111938186,11.777757108307236,11.731539113844548,11.755619638210213
10.06,-0.03145601080591,0.2103385859829436,11.896085623672937,11.737434901020654,11.816760262346795,11.761167492429365
10.08,0.0378165141833683,0.2296737962456551,11.896085623672937,11.737434901020654,11.816760262346795,11.76740746667641
10.1,-0.0367102594794718,0.1720249209372649,11.896085623672937,11.737434901020654,11.816760262346795,11.771681961572819
10.12,-0.1607469561087291,0.2105808838942404,11.74478298869895,11.88840858917217,11.81659578893556,11.773279899099137
10.14,-0.0883064057353037,0.209338938264969,11.74478298869895,11.88840858917217,11.81659578893556,11.776021972779542
10.16,-0.2185756197458565,0.2192457442307865,11.72400661630726,11.646087956146872,11.685047286227066,11.76299014296887
10.18,-0.0610883378834587,0.2201699483190088,11.72400661630726,11.646087956146872,11.685047286227066,11.754096267212788
10.2,-0.1920402366804994,0.2006071292988329,11.72400661630726,11.646087956146872,11.685047286227066,11.743734644853966
10.22,-0.437918099693713,0.232498144715123,11.71882965605014,11.894532240665596,11.806680948357869,11.742146749409867
10.24,-0.164032392854765,0.2582641535421103,11.71882965605014,11.894532240665596,11.806680948357869,11.745647586233282
10.26,-0.15422734206287,0.2284102423564326,11.96351297934076,11.787597032434348,11.875555005887554,11.755862236041578
10.28,-0.3039000225194719,0.2242521494351829,11.96351297934076,11.787597032434348,11.875555005887554,11.762361312620827
10.3,-0.1072924826786806,0.2239693894804608,11.96351297934076,11.787597032434348,11.875555005887554,11.771749417259285
10.32,-0.0230487069136656,0.2278000649865424,11.702069521101349,11.89940858666808,11.800739053884715,11.774233504197383
10.34,-0.3055042764415622,0.1912834737308144,11.702069521101349,11.89940858666808,11.800739053884715,11.771384982190169
10.36,-0.0773309907540155,0.1997304702696496,11.57535198694323,11.753830079733472,11.66459103333835,11.759313629471414
10.38,-0.0652234986949784,0.2203117766602622,11.57535198694323,11.753830079733472,11.66459103333835,11.7486673468816
10.4,-0.2846088276040802,0.2355468093401883,11.57535198694323,11.753830079733472,11.66459103333835,11.735136756630403
10.42,-0.2249764287405605,0.2301050173349019,11.82381104747083,11.73604455942828,11.779927803449555,11.735566285594988
10.44,-0.3042211995438132,0.2212619411058665,11.82381104747083,11.73604455942828,11.779927803449555,11.734526455788657
10.46,-0.2437044240198389,0.1475066005262858,11.70022525103238,11.872601072754849,11.786413161893615,11.735328446766795
10.48,-0.1814701083615976,0.2302258574169004,11.70022525103238,11.872601072754849,11.786413161893615,11.73717045632897
10.5,-0.0367235563089176,0.2279318046076807,11.70022525103238,11.872601072754849,11.786413161893615,11.741433702871875
10.52,-0.2545294690194762,0.2509124056159186,11.843318856854264,11.628224108011024,11.735771482432643,11.736285950385602
10.54,-0.3655992639561647,0.2575221750700531,11.843318856854264,11.628224108011024,11.735771482432643,11.729653716839096
10.56,-0.5575413339186712,0.1973294898084154,11.82940699177376,11.615012696955684,11.722209844364723,11.718873585581122
10.58,-0.2616993523371991,0.2195627683216041,11.82940699177376,11.615012696955684,11.722209844364723,11.714496623117414
10.6,-0.3401258305294092,0.197603979130889,11.82940699177376,11.615012696955684,11.722209844364723,11.709145680292616
10.62,-0.1613787955434948,0.1980273101373919,11.713304563979394,11.616203921969468,11.664754242974432,11.701801718241015
10.64,-0.1572445677625971,0.2395773203290017,11.713304563979394,11.616203921969468,11.664754242974432,11.695266568494631
10.66,-0.3763217435147982,0.2230489284104608,11.599261274135236,11.656844752974218,11.628053013554727,11.681771421617373
10.68,-0.1435181109189202,0.242268703647337,11.599261274135236,11.656844752974218,11.628053013554727,11.67381625481457
10.7,-0.2134767112408229,0.1885816140245255,11.599261274135236,11.656844752974218,11.628053013554727,11.665397349886252
10.72,-0.2195511480289358,0.2171765327147936,11.7525235890456,11.599872381883614,11.676197985464608,11.662525492779567
10.74,-0.2527101000329709,0.2069137138117574,11.7525235890456,11.599872381883614,11.676197985464608,11.659343960247478
10.76,-0.0760519934586663,0.1883181725492124,11.539903720058318,11.731341158758251,11.635622439408284,11.655602872281303
10.78,-0.1210019839115872,0.1736160549333466,11.539903720058318,11.731341158758251,11.635622439408284,11.651426793283594
10.8,-0.1709241979760094,0.2448744437801751,11.539903720058318,11.731341158758251,11.635622439408284,11.646769722332495
10.82,-0.0563072562627702,0.1968555333091667,11.629957784574776,11.670773212685804,11.65036549863029,11.646115769349544
10.84,-0.1912683749241576,0.1952952696029901,11.629957784574776,11.670773212685804,11.65036549863029,11.643097911528985
10.86,-0.1798000201120903,0.229939983443697,11.626652977067168,11.570901621370604,11.598777299218886,11.635429449935957
10.88,-0.1332012440499907,0.2260284771876396,11.626652977067168,11.570901621370604,11.598777299218886,11.62936661247135
10.9,-0.2308712232616482,0.2213604334697921,11.626652977067168,11.570901621370604,11.598777299218886,11.622151999127393
10.92,-0.3436374036106516,0.1940926749825622,11.592434164581418,11.521945869859994,11.557190017220705,11.609470327671733
10.94,0.0111346479581796,0.2720085387758366,11.592434164581418,11.521945869859994,11.557190017220705,11.604442720289878
10.96,-0.088148089802611,0.2447168326979773,11.652133442855206,11.57446517290428,11.613299307879743,11.603741713432418
10.98,-0.3581840804193452,0.2662426126896513,11.652133442855206,11.57446517290428,11.613299307879743,11.598250159429604
11.0,-0.3211655462786345,0.183213783146365,11.652133442855206,11.57446517290428,11.613299307879743,11.593974094441602
11.02,-0.3319766113801253,0.2138939045334655,11.710714779041158,11.498165211469995,11.604439995255577,11.589045105518158
11.04,-0.3878459513222086,0.1952044853482648,11.710714779041158,11.498165211469995,11.604439995255577,11.5836033673681
11.06,-0.1624536378917372,0.1910346406332513,11.377563458017846,11.65749508735481,11.517529272686328,11.574071792417872
11.08,-0.0265323570297648,0.2319844322866909,11.377563458017846,11.65749508735481,11.517529272686328,11.567939958018183
11.1,-0.1612062183200601,0.234422421644835,11.377563458017846,11.65749508735481,11.517529272686328,11.559997177555237
11.12,-0.0214251074839641,0.230428381259244,11.506186503850548,11.722867022650126,11.614526763250337,11.565064484190037
11.14,-0.2595718091113566,0.273743267554574,11.506186503850548,11.722867022650126,11.614526763250337,11.565338419532063
11.16,-0.1786652137181486,0.2540963752054282,11.691205382859168,11.55103341328828,11.621119398073724,11.567700543539303
11.18,-0.3222422092570391,0.1955353237949155,11.691205382859168,11.55103341328828,11.621119398073724,11.567242069226118
11.2,-0.2092893924668839,0.2304858429457873,11.691205382859168,11.55103341328828,11.621119398073724,11.568862593046475
11.22,-0.0837859897015755,0.2305618074403433,11.605798614976797,11.623148943511506,11.61447377924415,11.571915563851615
11.24,-0.1278475025477539,0.2400434688304485,11.605798614976797,11.623148943511506,11.61447377924415,11.573870130345009
11.26,-0.0918176007099877,0.241170111246178,11.367326670645127,11.696292101385708,11.531809386015418,11.56801133909927
11.28,-0.2639581310723528,0.2623449741327795,11.367326670645127,11.696292101385708,11.531809386015418,11.559639897431584
11.3,-0.1062772460943117,0.2473360078992874,11.367326670645127,11.696292101385708,11.531809386015418,11.55494385586027
11.32,-0.0425215816405971,0.2565434799355786,11.488553771394908,11.474191785092904,11.481372778243905,11.546821359629105
11.34,-0.1496601390050179,0.2289654376846817,11.488553771394908,11.474191785092904,11.481372778243905,11.537582618988495
11.36,-0.3848292275408803,0.1788450571341281,11.631543920170412,11.679743222130591,11.655643571150502,11.54246178810896
11.38,-0.1848555000188821,0.2438883091156545,11.631543920170412,11.679743222130591,11.655643571150502,11.550452567412774
11.4,-0.1901294440385028,0.1987458011041319,11.631543920170412,11.679743222130591,11.655643571150502,11.557549337793855
11.42,-0.3007870626479772,0.2036458567382839,11.583718115080812,11.548681998171842,11.566200056626327,11.55300024254944
11.44,-0.3445177279639958,0.2078881346682927,11.583718115080812,11.548681998171842,11.566200056626327,11.548118904853776
11.46,-0.3189782297736364,0.2115200232542113,11.712754179587614,11.504500981716127,11.60862758065187,11.548428164297661
11.48,-0.084290585065117,0.2274717758124837,11.712754179587614,11.504500981716127,11.60862758065187,11.55293087540191
11.5,-0.2068494169328579,0.246933383462649,11.712754179587614,11.504500981716127,11.60862758065187,11.554777256422115
11.52,-0.0229396447943924,0.2436102658159956,11.460839082164224,11.500306914555829,11.480572998360026,11.546943917009608
11.54,-0.4397154730219744,0.238827325931814,11.460839082164224,11.500306914555829,11.480572998360026,11.532391946630256
11.56,-0.1739961519484275,0.2179455523544107,11.319869053110343,11.605899242163456,11.462884147636899,11.522309235995849
11.58,-0.0332812775504618,0.2550453409738519,11.319869053110343,11.605899242163456,11.462884147636899,11.515767664164045
11.6,-0.0061290243277199,0.2157150822010364,11.319869053110343,11.605899242163456,11.462884147636899,11.510368990073433
11.62,-0.2911743122319218,0.2322550122725246,11.571515461367309,11.691423522942108,11.631469492154707,11.517237902661385
11.64,-0.0360908671621052,0.1824206523530436,11.571515461367309,11.691423522942108,11.631469492154707,11.528011426001799
11.66,-0.0963388441283444,0.1805429552906856,11.5141018093468,11.61498302839586,11.56454241887133,11.529930426094442
11.68,-0.0862812950981428,0.2140605628936094,11.5141018093468,11.61498302839586,11.56454241887133,11.531838562060363
11.7,-0.2030094996033851,0.2347426568127046,11.5141018093468,11.61498302839586,11.56454241887133,11.5314547767486
11.72,-0.1080082307534994,0.2354417823258537,11.526697753647316,11.47757866707159,11.502138210359453,11.526578971956123
11.74,-0.1199271956732065,0.1382746790807375,11.526697753647316,11.47757866707159,11.502138210359453,11.521976206274338
11.76,-0.3025359873444353,0.241174838596016,11.341142339872054,11.462674111557812,11.401908225714934,11.5045237604462
11.78,-0.5549785411452668,0.1965410287092645,11.341142339872054,11.462674111557812,11.401908225714934,11.48427259323246
11.8,-0.0941784593571725,0.2547089803984564,11.341142339872054,11.462674111557812,11.401908225714934,11.47434094421228
11.82,-0.1037032490232459,0.2485013618434523,11.297544180586018,11.613026734965528,11.455285457775773,11.47056873708621
11.84,-0.1418525388219241,0.1953128534778796,11.297544180586018,11.613026734965528,11.455285457775773,11.466487063456372
11.86,-0.2799144335306651,0.2345325485906174,11.546163228246542,11.404222469225402,11.475192848735972,11.46231918218078
11.88,-0.2805493996490035,0.2274119210630398,11.546163228246542,11.404222469225402,11.475192848735972,11.458556659642618
11.9,-0.4210802000874381,0.1711387664322763,11.546163228246542,11.404222469225402,11.475192848735972,11.45264083495038
11.92,-0.0378422835587554,0.2103510668587035,11.37417955116005,11.354814178879169,11.36449686501961,11.443145276853246
11.94,-0.2430423372796575,0.1889169502837931,11.37417955116005,11.354814178879169,11.36449686501961,11.430905673598849
11.96,-0.1319154770389471,0.2162123847756788,11.192352998792227,11.51885712782741,11.355605063309818,11.421001133983244
11.98,-0.2752179564703614,0.229417591847953,11.192352998792227,11.51885712782741,11.355605063309818,11.409507603699437
12.0,-0.5159195410988708,0.2160763186190479,11.192352998792227,11.51885712782741,11.355605063309818,11.394830797920696
12.02,-0.1387679133100123,0.2446251965570123,11.515539073319248,11.413398632540344,11.464468852929796,11.399296780982025
12.04,-0.0881247007918438,0.2369591580212437,11.515539073319248,11.413398632540344,11.464468852929796,11.404227743562549
12.06,-0.0111194356447115,0.2320712563082518,11.33644585059134,11.592034301077012,11.464240075834176,11.410028826948109
12.08,-0.2480527076446143,0.200734407278244,11.33644585059134,11.592034301077012,11.464240075834176,11.410985003099114
12.1,-0.2921256900114071,0.2030120196360008,11.33644585059134,11.592034301077012,11.464240075834176,11.411052247952416
12.12,-0.2168464068028772,0.2147257461773512,11.405468003446902,11.39959605173078,11.40253202758884,11.406296990593608
12.14,-0.3603269179533114,0.1632470837983588,11.405468003446902,11.39959605173078,11.40253202758884,11.39943460976997
12.16,-0.340938036070718,0.2515133313092139,11.29159291614354,11.35420821978684,11.322900567965188,11.385644320940221
12.18,-0.1627301377662854,0.169568413239345,11.29159291614354,11.35420821978684,11.322900567965188,11.376440803162925
12.2,-0.2647411567622039,0.2454711538384479,11.29159291614354,11.35420821978684,11.322900567965188,11.366321438821432
12.22,-0.3004624894296893,0.189581203487834,11.213271817811837,11.400491952473546,11.30688188514269,11.354969158643822
12.24,-0.1905292054235665,0.1796932912918263,11.213271817811837,11.400491952473546,11.30688188514269,11.346730905596084
12.26,-0.2794212628476009,0.2276039844916862,11.233411631804014,11.613195122947037,11.423303377375525,11.34935857004277
12.28,0.0510936523528874,0.238308409126996,11.233411631804014,11.613195122947037,11.423303377375525,11.3576727365184
12.3,-0.2733241532583577,0.2145465942430044,11.233411631804014,11.613195122947037,11.423303377375525,11.359315965845463
12.32,-0.0522391598621611,0.2151553205861798,11.328569779041032,11.363690979546847,11.346130379293939,11.357057102312794
12.34,-0.1546517612083683,0.1854745205205024,11.328569779041032,11.363690979546847,11.346130379293939,11.35318069830916
12.36,-0.1221189620908628,0.2184255044612151,11.40055678783347,11.238889614013122,11.319723200923296,11.347636807252938
12.38,-0.1962024934622598,0.1954801546557157,11.40055678783347,11.238889614013122,11.319723200923296,11.341313801737652
12.4,-0.2569719767684705,0.2118312888641719,11.40055678783347,11.238889614013122,11.319723200923296,11.334529246074384
12.42,-0.2393258852649715,0.2145433755254189,11.210904813207453,11.27418853710867,11.24254667515806,11.321023123047983
12.44,-0.3121240272782579,0.2390150075517079,11.210904813207453,11.27418853710867,11.24254667515806,11.307557245767983
12.46,-0.1952087689722985,0.2423296257328152,11.120536522606994,11.281708425289626,11.20112247394831,11.293400010744513
12.48,-0.1234530127168728,0.2330020445228174,11.120536522606994,11.281708425289626,11.20112247394831,11.281950102835989
12.5,-0.5324881396253109,0.2159406380582753,11.120536522606994,11.281708425289626,11.20112247394831,11.264282553433965
12.52,-0.392422838888772,0.1712104563730357,11.253715021780597,11.201201585508288,11.227458303644443,11.253536517355014
12.54,-0.3843174764766207,0.2488344155408008,11.253715021780597,11.201201585508288,11.227458303644443,11.244010981407378
12.56,-0.1628280329645384,0.1979961030502147,11.12402890516245,11.191980246142345,11.158004575652399,11.232479436238517
12.58,-0.1662162669883954,0.1933418809142215,11.12402890516245,11.191980246142345,11.158004575652399,11.222040057374112
12.6,-0.2908587564247952,0.2019416848993235,11.12402890516245,11.191980246142345,11.158004575652399,11.210401051586295
12.62,-0.0607402197502857,0.1932195556572906,11.310386649390294,11.095633494712176,11.203010072051235,11.208568629677284
12.64,-0.2870309988960605,0.2164468097830631,11.310386649390294,11.095633494712176,11.203010072051235,11.202846215934551
12.66,-0.1766649415869254,0.1998683852036832,11.15570646643522,11.10224643227227,11.128976449353745,11.192279270327907
12.68,-0.1458182855667962,0.242762725076775,11.15570646643522,11.10224643227227,11.128976449353745,11.18332425909029
12.7,-0.261030452414529,0.1784593702331952,11.15570646643522,11.10224643227227,11.128976449353745,11.173190929973174
12.72,-0.1167372784239105,0.1972119928324711,11.24797585260528,11.202223635129409,11.225099743867345,11.176280540350959
12.74,-0.2860131786909781,0.1476569413097188,11.24797585260528,11.202223635129409,11.225099743867345,11.17601422348616
12.76,-0.2439613259252486,0.2160356224637933,11.064086245895398,11.069966689704698,11.067026467800048,11.160724144050894
12.78,-0.2283434643318789,0.2536832192956159,11.064086245895398,11.069966689704698,11.067026467800048,11.147244194067834
12.8,-0.1508772864900258,0.1971715256215939,11.064086245895398,11.069966689704698,11.067026467800048,11.136506630284234
12.82,-0.0690491705189914,0.1991458261181209,11.112039082657,10.970059922464896,11.041049502560949,11.125718032442565
12.84,-0.3325682637077836,0.1989160996837356,11.112039082657,10.970059922464896,11.041049502560949,11.111264950707664
12.86,-0.4070908739280521,0.2350252604647797,11.318619529688236,11.117782335351247,11.218200932519743,11.114630913158168
12.88,-0.1616292312802552,0.2370214791833653,11.318619529688236,11.117782335351247,11.218200932519743,11.12207858893128
12.9,-0.4928272838475387,0.169595672149643,11.318619529688236,11.117782335351247,11.218200932519743,11.122819932180873
12.92,-0.2349773308333922,0.2200265626153461,11.23180191724994,10.986344295903857,11.109073106576899,11.117215657665476
12.94,-0.1713542843617115,0.2531575335672441,11.23180191724994,10.986344295903857,11.109073106576899,11.113317025438107
12.96,-0.4512172533527036,0.1913174046231434,11.194028090802952,11.196806739693294,11.195417415248123,11.11340515385876
12.98,-0.3413971352895895,0.1970456996763769,11.194028090802952,11.196806739693294,11.195417415248123,11.115461231562485
13.0,-0.2773442350412434,0.1830526861456841,11.194028090802952,11.196806739693294,11.195417415248123,11.118464653700306
13.02,-0.2541922397578939,0.1946194110147034,11.236932773910096,11.08955970475479,11.163246239332443,11.118367351947878
13.04,-0.2403131963458949,0.1701635865563552,11.236932773910096,11.08955970475479,11.163246239332443,11.118529603152108
13.06,-0.1917013677774013,0.2188547062654061,11.085552471952402,11.209976334447456,11.147764403199929,11.118002458536898
13.08,-0.1563219282306548,0.1918474421286629,11.085552471952402,11.209976334447456,11.147764403199929,11.118164858295051
13.1,-0.4289360100418916,0.2135852655644828,11.085552471952402,11.209976334447456,11.147764403199929,11.113403964604785
13.12,-0.0891642798706162,0.1966422556211039,11.219772952780213,11.224061117911772,11.221917035345992,11.122650314641234
13.14,-0.2730819420670956,0.1939085957216309,11.219772952780213,11.224061117911772,11.221917035345992,11.127661511754502
13.16,-0.2884606616798812,0.2564640335336966,10.85226925944998,11.077542301243884,10.964905780346932,11.106193646703508
13.18,-0.1046589631331582,0.1894687600287719,10.85226925944998,11.077542301243884,10.964905780346932,11.090180998731453
13.2,-0.3023577152687243,0.1978194318288387,10.85226925944998,11.077542301243884,10.964905780346932,11.072211038018164
13.22,-0.3426414255950636,0.1973224601953591,11.013219968539914,11.15358664980297,11.083403309171441,11.067162719472782
13.24,-0.4636565209206746,0.2207590848009923,11.013219968539914,11.15358664980297,11.083403309171441,11.060440961066075
13.26,-0.0855715765863295,0.1858546806568251,11.320163023325245,11.03162339221232,11.175893207768782,11.070445897357791
13.28,-0.450523087777234,0.2333040153459126,11.320163023325245,11.03162339221232,11.175893207768782,11.072881212818901
13.3,-0.3940077967987835,0.2298019229094531,11.320163023325245,11.03162339221232,11.175893207768782,11.07609027197151
13.32,-0.4910319264435644,0.2161281372245538,11.22066813014403,11.040916251776167,11.130792190960099,11.072721889194385
13.34,-0.2831880569872557,0.186047939222001,11.22066813014403,11.040916251776167,11.130792190960099,11.073431534345186
13.36,-0.4590854278554773,0.1896331953413787,11.014084189197172,10.958512625836216,10.986298407516694,11.056454683960938
13.38,-0.093661727689349,0.1399349276765972,11.014084189197172,10.958512625836216,10.986298407516694,11.047753145218106
13.4,-0.316639377438254,0.1768956426384771,11.014084189197172,10.958512625836216,10.986298407516694,11.035908162654078
13.42,-0.3737838267666244,0.2412241090726922,10.984831148016305,11.143883077482796,11.064357112749551,11.032024948781826
13.44,-0.1880087790466478,0.2136316935996502,10.984831148016305,11.143883077482796,11.064357112749551,11.031874007155759
13.46,-0.3621195237490148,0.249957065665515,11.156165583385771,10.962246523842238,11.059206053614005,11.028089060374102
13.48,-0.2475219947708299,0.2137060143130069,11.156165583385771,10.962246523842238,11.059206053614005,11.026745363792218
13.5,-0.1227476869655618,0.1980525821641103,11.156165583385771,10.962246523842238,11.059206053614005,11.027781974409017
13.52,-0.3279916846047252,0.2030491800725309,10.965556615311334,11.02471071634962,10.995133665830476,11.01861329322828
13.54,-0.2755784671332451,0.2066261488677767,10.965556615311334,11.02471071634962,10.995133665830476,11.011304918080102
13.56,-0.3194378295444475,0.1607960818189403,10.970003213452683,11.168092626133864,11.069047919793274,11.01132933731962
13.58,-0.2675676014964616,0.2099737501833024,10.970003213452683,11.168092626133864,11.069047919793274,11.012284978740048
13.6,0.1374015683337825,0.2275474372238763,10.970003213452683,11.168092626133864,11.069047919793274,11.020434501075378
13.62,-0.4849337864458861,0.2214562163589252,11.071202846759403,11.056229450073188,11.063716148416296,11.016033857653444
13.64,-0.1189979194291972,0.1801505280851497,11.071202846759403,11.056229450073188,11.063716148416296,11.018660124180004
13.66,-0.2210587781728245,0.2067264081043349,10.976387514319628,10.951567885851464,10.963977700085547,11.009212823763448
13.68,-0.3111149480347538,0.2015115807866984,10.976387514319628,10.951567885851464,10.963977700085547,10.999089242331031
13.7,-0.1049245918508816,0.2253628071597087,10.976387514319628,10.951567885851464,10.963977700085547,10.993689445453168
13.72,-0.0763606665256869,0.1948785059416685,11.08214654849533,11.053551535059004,11.067849041777167,10.999730913088106
13.74,-0.3337999961657627,0.2173812597138951,11.08214654849533,11.053551535059004,11.067849041777167,11.00053432602603
13.76,-0.2358427122302883,0.1531817437566784,10.937465076263395,10.761278450956016,10.849371763609707,10.981172900964252
13.78,-0.2978956103298289,0.1886303402764828,10.937465076263395,10.761278450956016,10.849371763609707,10.962630666242859
13.8,-0.1699595770323342,0.2285801555011749,10.937465076263395,10.761278450956016,10.849371763609707,10.948245503592961
13.82,-0.2020295219672058,0.1797666013772366,10.82145901837983,11.002879056994049,10.91216903768694,10.941001325606951
13.84,-0.2249985632552714,0.2333804819190564,10.82145901837983,11.002879056994049,10.91216903768694,10.934068122676356
13.86,-0.1705671210122497,0.1885033355614001,10.858636935325992,11.072376884935204,10.965506910130598,10.934141793243562
13.88,-0.160304336229471,0.1247639398860194,10.858636935325992,11.072376884935204,10.965506910130598,10.934392826880135
13.9,-0.0425957218827772,0.2185726699792642,10.858636935325992,11.072376884935204,10.965506910130598,10.936737512211291
13.92,-0.3237910426929267,0.1740406000301017,10.575114955145546,10.763500569134644,10.669307762140095,10.9041662984357
13.94,-0.2275057171294482,0.2102438028634429,10.575114955145546,10.763500569134644,10.669307762140095,10.87658534189781
13.96,0.0748032052122378,0.2312456197470658,10.679993752443076,10.982521889671826,10.831257821057452,10.873399047507593
13.98,-0.2947732052671373,0.2071484909430994,10.679993752443076,10.982521889671826,10.831257821057452,10.86387900716777
14.0,-0.0698349172499204,0.1982676080253813,10.679993752443076,10.982521889671826,10.831257821057452,10.85935986004624
14.02,-0.3343691300375522,0.2098141196829282,10.892732656926254,10.933945737608491,10.913339197267373,10.858739149427679
14.04,-0.1290147956953647,0.1807580872118545,10.892732656926254,10.933945737608491,10.913339197267373,10.861876887889133
14.06,-0.2363625820975754,0.2438091184148943,10.855991666902788,10.951499986936748,10.903745826919767,10.86180925531444
14.08,-0.1655796000749443,0.2586490718664992,10.855991666902788,10.951499986936748,10.903745826919767,10.863022479673626
14.1,-0.2490279229667,0.2299547751395942,10.855991666902788,10.951499986936748,10.903745826919767,10.86261231178484
14.12,-0.0576779896496932,0.1698680226352577,10.879628964319714,11.014156076710712,10.946892520515213,10.870002128844183
14.14,-0.2170831592362496,0.2056667250643671,10.879628964319714,11.014156076710712,10.946892520515213,10.873783671145034
14.16,-0.2319005929947077,0.1648502502789324,11.087582123437189,10.983480286334652,11.03553120488592,10.885784213845218
14.18,-0.1538595648585277,0.1704141028638145,11.087582123437189,10.983480286334652,11.03553120488592,10.897989440781833
14.2,-0.295348604542178,0.1903280003335884,11.087582123437189,10.983480286334652,11.03553120488592,10.906427342310483
14.22,-0.4902783999751381,0.2023713189806998,10.73821523799271,10.797058048593035,10.767636643292873,10.88372326120917
14.24,-0.3890253529050742,0.1927143105412037,10.73821523799271,10.797058048593035,10.767636643292873,10.86511214306525
14.26,-0.294175764701798,0.2083171026198675,10.810160674322692,10.913360549701846,10.861760612012269,10.85948182619532
14.28,-0.0008728972718854,0.2147096977389608,10.810160674322692,10.913360549701846,10.861760612012269,10.859693992626122
14.3,0.0672791783364443,0.2088785555713027,10.810160674322692,10.913360549701846,10.861760612012269,10.861111679774794
14.32,-0.3669496898104618,0.2021907076934739,10.94355194320463,10.78652110539666,10.865036524300645,10.854899069810791
14.34,-0.1851783363052486,0.1941595690610166,10.94355194320463,10.78652110539666,10.865036524300645,10.852579605206284
14.36,-0.2854780255499528,0.2437490088250674,11.01164859277007,10.793143818584678,10.902396205677373,10.852422660793495
14.38,-0.1726464544655978,0.2049118389329567,11.01164859277007,10.793143818584678,10.902396205677373,10.854312379101504
14.4,-0.3562269199248198,0.2179178775897747,11.01164859277007,10.793143818584678,10.902396205677373,10.852708677200445
14.42,-0.1580788950620243,0.1739583758602189,10.89125995793188,10.82884263512123,10.860051296526555,10.850597519021939
14.44,-0.2962784186727161,0.1668640927667568,10.89125995793188,10.82884263512123,10.860051296526555,10.846209885236291
14.46,-0.3425903907450309,0.2071367234126493,10.738974188853811,10.865643334129167,10.802308761491489,10.8356531458284
14.48,-0.2774968287125338,0.2015713871985084,10.738974188853811,10.865643334129167,10.802308761491489,10.827323764477883
14.5,-0.4397362245972212,0.2235660400223487,10.738974188853811,10.865643334129167,10.802308761491489,10.816907012136495
14.52,-0.1158818771796007,0.1812595753474776,10.744634112845445,10.983079277045372,10.863856694945408,10.819516106628154
14.54,-0.2989204299436618,0.1747236201847659,10.744634112845445,10.983079277045372,10.863856694945408,10.818569597720895
14.56,-0.0154903396463258,0.212593376864879,10.684166859483954,10.849826941547162,10.766996900515558,10.813133501886727
14.58,-0.0935469027849993,0.2248129486046763,10.684166859483954,10.849826941547162,10.766996900515558,10.80683599749948
14.6,-0.0447143555947227,0.1518529340142099,10.684166859483954,10.849826941547162,10.766996900515558,10.802047229400383
14.62,-0.2406825259520287,0.2311842062592981,10.544393879271771,10.844878226570373,10.694636052921073,10.786973826285315
14.64,-0.0313226391772863,0.143210791231917,10.544393879271771,10.844878226570373,10.694636052921073,10.7771762414437
14.66,-0.03095295321186,0.2244913884023779,10.714526400605932,10.774778306217168,10.74465235341155,10.773366699482672
14.68,-0.2359652183800817,0.1482248319828712,10.714526400605932,10.774778306217168,10.74465235341155,10.766247890944719
14.7,-0.1793073684054959,0.180057535344889,10.714526400605932,10.774778306217168,10.74465235341155,10.760860804560103
14.72,-0.0113318208309498,0.1815573398700858,10.78564409669423,10.866261894847169,10.825952995770699,10.767166050906207
14.74,-0.1656317103653017,0.1933892573484866,10.78564409669423,10.866261894847169,10.825952995770699,10.770063374606082
14.76,-0.2697592511858815,0.1598162748119126,10.621013823318751,10.656596631483469,10.638805227401111,10.75208189336424
14.78,-0.0521962529546346,0.1361117112848647,10.621013823318751,10.656596631483469,10.638805227401111,10.739814694214743
14.8,-0.0358245754398485,0.1649478001094299,10.621013823318751,10.656596631483469,10.638805227401111,10.729068905175463
14.82,-0.2886022026551748,0.2110497603307675,10.71800738936672,10.723850581762225,10.720928985564473,10.723060073566572
14.84,-0.1264537666153223,0.1880337638379497,10.71800738936672,10.723850581762225,10.720928985564473,10.720570796967285
14.86,-0.1760647250854776,0.1901073096347398,10.855254612103838,11.000130414547032,10.927692513325436,10.738113803551562
14.88,-0.0411758847927949,0.1768898166648649,10.855254612103838,11.000130414547032,10.927692513325436,10.756330508602678
14.9,-0.266030419863568,0.1880090466962918,10.855254612103838,11.000130414547032,10.927692513325436,10.768678161517409
14.92,-0.0158685897453094,0.2054189912683427,10.840656894482729,10.67563676255515,10.758146828518939,10.767339393602146
14.94,-0.062224877069931,0.2301658561736805,10.840656894482729,10.67563676255515,10.758146828518939,10.765300089306567
14.96,-0.218629825350038,0.1786650521405109,10.73843885466139,10.708144182407558,10.723291518534474,10.757163895373058
14.98,-0.2385900884031056,0.1779498657279767,10.73843885466139,10.708144182407558,10.723291518534474,10.749482036097945
15.0,-0.3132600183183592,0.1742749863019274,10.73843885466139,10.708144182407558,10.723291518534474,10.741224304011867
15.02,0.0018023091849191,0.2137169567766216,10.712555986771456,10.720821872205905,10.71668892948868,10.738803208124876
15.04,-0.2860089301686618,0.2046240436210412,10.712555986771456,10.720821872205905,10.71668892948868,10.731443619518222
15.06,-0.1909867893161871,0.1591509592351901,10.72356423001009,10.8900112942135,10.806787762111796,10.735540271569889
15.08,0.0636301733979841,0.203621490030044,10.72356423001009,10.8900112942135,10.806787762111796,10.743810363745244
15.1,-0.0686118964329655,0.1763911366550385,10.72356423001009,10.8900112942135,10.806787762111796,10.748873089446105
15.12,-0.1264721335264345,0.1676916054347275,10.712725748433094,10.802372206633173,10.757548977533133,10.747464179851333
15.14,-0.1320969308145872,0.1812006703262312,10.712725748433094,10.802372206633173,10.757548977533133,10.74609491486485
15.16,-0.1860298664538623,0.1899284432057813,10.510942531423408,10.799849252573974,10.65539589199869,10.733676474982065
15.18,-0.3278092938184366,0.1661008718409447,10.510942531423408,10.799849252573974,10.65539589199869,10.719947849394996
15.2,-0.0895686166150044,0.1602987303048106,10.510942531423408,10.799849252573974,10.65539589199869,10.711880418556294
15.22,-0.2952353091092676,0.229745679401251,10.738704817422152,10.744459048692118,10.741581933057134,10.709536334442411
15.24,0.1024843672117026,0.1851842346446885,10.738704817422152,10.744459048692118,10.741581933057134,10.714585612913694
15.26,-0.3523483510528556,0.1916486317221463,10.56445358191373,10.541320120877376,10.552886851395552,10.692073466442928
15.28,-0.1895805646655242,0.1917982636090409,10.56445358191373,10.541320120877376,10.552886851395552,10.67474235477421
15.3,-0.1495794760912793,0.1801176398895766,10.56445358191373,10.541320120877376,10.552886851395552,10.6598643738667
15.32,-0.2255106606876869,0.1603004622427895,10.751493101082373,10.598709398054533,10.675101249568453,10.657328869544497
15.34,-0.1469438950752024,0.20827629111142,10.751493101082373,10.598709398054533,10.675101249568453,10.656461117435539
15.36,-0.0659207750146943,0.2113332862312917,10.803142249750026,10.725384270560172,10.764263260155099,10.66605475775723
15.38,0.0280254401147254,0.2011788057317342,10.803142249750026,10.725384270560172,10.764263260155099,10.676380065919082
15.4,-0.1284749712660717,0.1567836158711459,10.803142249750026,10.725384270560172,10.764263260155099,10.682855835859893
15.42,-0.1459474142347476,0.1930669121726025,10.617619835048677,10.603466583329975,10.610543209189327,10.672997519736612
15.44,-0.0993982604931588,0.1925464866350894,10.617619835048677,10.603466583329975,10.610543209189327,10.664962919993005
15.46,-0.1363889401234963,0.1866451254530867,10.730809124410168,10.72057938536498,10.725694254887575,10.668581052560238
15.48,-0.2312799400075381,0.1466223990219587,10.730809124410168,10.72057938536498,10.725694254887575,10.670129333872836
15.5,-0.1391252099546415,0.2010842729726737,10.730809124410168,10.72057938536498,10.725694254887575,10.673181572195126
15.52,0.0122536314926714,0.2064445718735652,10.589395046238195,10.60096519174853,10.595180118993362,10.665601992241818
15.54,-0.1243396275637159,0.1702733111766063,10.589395046238195,10.60096519174853,10.595180118993362,10.656321691620827
15.56,-0.1356408356322593,0.1868416190104927,10.627302206732072,10.6075101911474,10.617406198939737,10.649988607311336
15.58,-0.1507466779669042,0.1708124525438101,10.627302206732072,10.6075101911474,10.617406198939737,10.644016926270771
15.6,-0.0636897672822046,0.1922183146200899,10.627302206732072,10.6075101911474,10.617406198939737,10.640209437726586
15.62,-0.0816847493170793,0.1555323238169887,10.650459302141702,10.650040088439306,10.650249695290505,10.63974313799527
15.64,-0.0761929092314642,0.1824416290432484,10.650459302141702,10.650040088439306,10.650249695290505,10.639422321358627
15.66,-0.1690659206780425,0.2106192973191094,10.4202773823906,10.841915998030286,10.631096690210443,10.635546571671602
15.68,-0.4126408984302638,0.1665319349646636,10.4202773823906,10.841915998030286,10.631096690210443,10.627674047353741
15.7,-0.2029893942542091,0.1852918578789969,10.4202773823906,10.841915998030286,10.631096690210443,10.624362502542835
15.72,-0.1312641699733532,0.1655122118571393,10.635469467173698,10.696574181864191,10.666021824518944,10.626165679680927
15.74,-0.2359149437368025,0.1684896671862046,10.635469467173698,10.696574181864191,10.666021824518944,10.625904825177468
15.76,-0.0420272585814341,0.1602218211815002,10.670472948547411,10.506467096035,10.588470022291204,10.621404854234376
15.78,-0.2315700089098035,0.1418176308078965,10.670472948547411,10.506467096035,10.588470022291204,10.613943110879681
15.8,-0.3896956833480304,0.1166748278371785,10.670472948547411,10.506467096035,10.588470022291204,10.604381279720569
15.82,-0.0208469984453688,0.2002227168262756,10.595899345518056,10.564642371407905,10.580270858462981,10.601594991622793
15.84,-0.1477690548427134,0.1945802128827131,10.595899345518056,10.564642371407905,10.580270858462981,10.596802735319644
15.86,-0.1175837879530013,0.1750936615991694,10.60896490980693,10.59957280944024,10.604268859623584,10.595432839566884
15.88,-0.3319235595582255,0.1826156496549227,10.60896490980693,10.59957280944024,10.604268859623584,10.590341817500507
15.9,-0.1592305051451066,0.1735985298862959,10.60896490980693,10.59957280944024,10.604268859623584,10.588868372620203
15.92,-0.1323192747772819,0.1675655062868795,10.55189013190948,10.644653074307154,10.598271603108318,10.587426948723024
15.94,-0.1048027721424865,0.1634469326927007,10.55189013190948,10.644653074307154,10.598271603108318,10.586624964262988
15.96,-0.0029068503133265,0.1910774966554221,10.54551568912635,10.581562807302584,10.563539248214468,10.584264069352496
15.98,-0.1877443016226811,0.1565381350910373,10.54551568912635,10.581562807302584,10.563539248214468,10.578812189809486
16.0,-0.137080038303601,0.1328181361180879,10.54551568912635,10.581562807302584,10.563539248214468,10.57481745496052
16.02,0.0972779648870503,0.1646165062981945,10.553247524719731,10.49326011667048,10.523253820695107,10.571412094901946
16.04,-0.1245399981886728,0.2219288760887039,10.553247524719731,10.49326011667048,10.523253820695107,10.564354547513865
16.06,0.0689271986486295,0.1875608413475826,10.541653336112612,10.544099022279813,10.542876179196213,10.563447400257775
16.080000000000002,-0.3150872520117067,0.1716767273615061,10.541653336112612,10.544099022279813,10.542876179196213,10.555718707615409
16.1,-0.1236933326182183,0.1601664813977032,10.541653336112612,10.544099022279813,10.542876179196213,10.552207974786361
16.12,0.0482083099414152,0.1640476577197076,10.59840926847771,10.57573736702906,10.587073317753385,10.556562258662009
16.14,-0.0150754603199296,0.1813176493780281,10.59840926847771,10.57573736702906,10.587073317753385,10.559342006285387
16.16,0.0856096598887863,0.1510464418230367,10.736143193827726,10.574078851928416,10.65511102287807,10.570459881822654
16.18,-0.1407937893129797,0.1669461088812808,10.736143193827726,10.574078851928416,10.65511102287807,10.576390707720563
16.2,-0.0789350958088303,0.142347282257452,10.736143193827726,10.574078851928416,10.65511102287807,10.582841907511755
16.22,-0.3788616977445463,0.160058915894859,10.663125614885717,10.656705847046544,10.65991573096613,10.58372977929779
16.240000000000002,-0.262200762428816,0.1577006200283124,10.663125614885717,10.656705847046544,10.65991573096613,10.586628760740904
16.26,-0.0275912467272368,0.1505025756405739,10.467964799822356,10.500183840101046,10.484074319961701,10.575876674221893
16.28,-0.1655374641680554,0.1433240229121507,10.467964799822356,10.500183840101046,10.484074319961701,10.563716764440848
16.3,0.0139709442583231,0.2017116029281203,10.467964799822356,10.500183840101046,10.484074319961701,10.556003996989581
16.32,-0.1238037302169608,0.159546965031651,10.557597658874052,10.492589225530878,10.525093442202465,10.550684474366964
16.34,-0.01995004824463,0.0970094529003565,10.557597658874052,10.492589225530878,10.525093442202465,10.54776627028211
16.36,-0.1862587624981713,0.1672911424986994,10.461190437041695,10.220253381211458,10.340721909126577,10.52370917644159
16.38,-0.2095412106778788,0.1458723166240705,10.461190437041695,10.220253381211458,10.340721909126577,10.501638707917888
16.4,0.0494632834898806,0.1597990496201665,10.461190437041695,10.220253381211458,10.340721909126577,10.486437367141576
16.42,-0.0115419746428059,0.1898820220639444,10.380938100043483,10.63871349882636,10.509825799434921,10.488568454827341
16.44,-0.0775815569301461,0.1423969633109839,10.380938100043483,10.63871349882636,10.509825799434921,10.489297721263355
16.46,0.0243515750041269,0.1705948970733848,10.576319433116566,10.56716399545624,10.571741714286404,10.497980448915735
16.48,0.0322103182776296,0.1720855671010504,10.576319433116566,10.56716399545624,10.571741714286404,10.5059363611818
16.5,0.0637816555276617,0.1312960493115872,10.576319433116566,10.56716399545624,10.571741714286404,10.513664966291758
16.52,-0.1123632223784609,0.1809048608485284,10.773050526938276,10.539169959720958,10.656110243329618,10.525886955992732
16.54,-0.1612898745910248,0.1531750453129706,10.773050526938276,10.539169959720958,10.656110243329618,10.53600606698378
16.56,-0.0643059612786553,0.1861950838700418,10.510243056228244,10.6472869423823,10.578764999305271,10.539124452912914
16.580000000000002,-0.0260143817730027,0.1519063457017809,10.510243056228244,10.6472869423823,10.578764999305271,10.542620248680235
16.6,-0.2266891248808946,0.1711913293785314,10.510243056228244,10.6472869423823,10.578764999305271,10.542154319494884
16.62,-0.3330747921595151,0.1449507505753851,10.593219317909288,10.372979018925902,10.483099168417596,10.530253458128284
16.64,-0.0152147908205734,0.2093006360603242,10.593219317909288,10.372979018925902,10.483099168417596,10.525264162922445
16.66,0.0852472787890231,0.1598859218123001,10.654384362293207,10.485093492068112,10.569738927180659,10.53124609036647
16.68,-0.0459708565831207,0.1736409947016186,10.654384362293207,10.485093492068112,10.569738927180659,10.534267898629393
16.7,-0.0906719024266342,0.1199979359997825,10.654384362293207,10.485093492068112,10.569738927180659,10.53618290724084
16.72,-0.0360228640972081,0.1653130395053034,10.597940149253484,10.587443827699555,10.59269198847652,10.541185403810658
16.740000000000002,-0.0312286051323865,0.1929288219500273,10.597940149253484,10.587443827699555,10.59269198847652,10.54577394738486
16.76,-0.1771068489715332,0.1761586723477972,10.639316746252684,10.70857110805051,10.673943927151598,10.555403022080048
16.78,-0.0206546044268547,0.1094890953583645,10.639316746252684,10.70857110805051,10.673943927151598,10.56688532970752
16.8,0.090422982341667,0.1481610586467742,10.639316746252684,10.70857110805051,10.673943927151598,10.579218803134077
16.82,-0.0022285754985456,0.1690920137390884,10.550488679373974,10.558820624601651,10.554654651987812,10.576722273660478
16.84,-0.0661880106093589,0.1481538709528361,10.550488679373974,10.558820624601651,10.554654651987812,10.573324127302241
16.86,0.0432928174072904,0.1174792870465046,10.514631853669336,10.522849625596145,10.51874073963274,10.568645059248622
16.88,0.0272867678885047,0.1772882954903691,10.514631853669336,10.522849625596145,10.51874073963274,10.564145789109027
16.9,-0.1677287985499446,0.1466763162590527,10.514631853669336,10.522849625596145,10.51874073963274,10.5565861657875
16.92,0.1136603675990873,0.1384395639071198,10.362717553666606,10.52818153355306,10.445449543609833,10.547518390186518
16.94,0.0575522841023714,0.1018929373652025,10.362717553666606,10.52818153355306,10.445449543609833,10.538347446642693
16.96,0.001523291860999,0.1161327002281527,10.37544599938017,10.43380949109232,10.404627745236246,10.525002895755545
16.98,0.0182754591585867,0.117504312992199,10.37544599938017,10.43380949109232,10.404627745236246,10.513294338968471
17.0,-0.0093338707679048,0.1191857444504803,10.37544599938017,10.43380949109232,10.404627745236246,10.502259669921425
17.02,-0.12377883323412,0.1444509568665046,10.689886939571585,10.591776077539713,10.64083150855565,10.513888834786634
17.04,0.0439082705247751,0.143787586127817,10.689886939571585,10.591776077539713,10.64083150855565,10.527373451032982
17.06,-0.0270814999561736,0.0899188948357414,10.517191870991809,10.684427756375156,10.600809813683483,10.534229620298822
17.080000000000002,0.1050189503319615,0.0763542440832396,10.517191870991809,10.684427756375156,10.600809813683483,10.542777980743264
17.1,-0.0918093466374873,0.1346840070522179,10.517191870991809,10.684427756375156,10.600809813683483,10.54692859579781
17.12,-0.1192922062458466,0.162316016255653,10.46092245905929,10.5620853815319,10.511503920295596,10.541238868535164
17.14,-0.1312740552362819,0.0928158555280681,10.46092245905929,10.5620853815319,10.511503920295596,10.535902440716953
17.16,0.1009559380207059,0.1464020380813994,10.64116062097738,10.590044173352611,10.615602397164995,10.54568964324613
17.18,-0.0277038045915591,0.142953856779043,10.64116062097738,10.590044173352611,10.615602397164995,10.552182250155369
17.2,-0.0870664529548063,0.1052120804908195,10.64116062097738,10.590044173352611,10.615602397164995,10.556957068703145
17.22,-0.1718618841791761,0.1627932735400678,10.619929732283955,10.583663990417602,10.601796861350778,10.558347534052684
17.240000000000002,0.287466449620017,0.1789491435350052,10.619929732283955,10.583663990417602,10.601796861350778,10.567866862875654
17.26,-0.0053264645010129,0.1642731551619472,10.516117165087046,10.621705169333268,10.568911167210157,10.567875416948086
17.28,-0.0909603331727238,0.0861399599651681,10.516117165087046,10.621705169333268,10.568911167210157,10.566341705977184
17.3,-0.0703681769796938,0.1257924980754189,10.516117165087046,10.621705169333268,10.568911167210157,10.565332024914847
17.32,0.1278551166204562,0.1410678846797484,10.545572484579102,10.570959781737432,10.558266133158266,10.566926827838357
17.34,-0.0456258581767122,0.1098757116248534,10.545572484579102,10.570959781737432,10.558266133158266,10.565239492923165
17.36,-0.1387630082494671,0.1092845763835379,10.337118441801223,10.577451965836392,10.457285203818808,10.551946329864238
17.38,-0.0191424707855274,0.1140051342534364,10.337118441801223,10.577451965836392,10.457285203818808,10.542135652785555
17.400000000000002,0.189308763111947,0.1484626515887791,10.337118441801223,10.577451965836392,10.457285203818808,10.537058165624897
17.42,0.1446895889072492,0.1221950864991328,10.384080030555651,10.551803365568944,10.467941698062297,10.532750931468968
17.44,0.1551445516152928,0.1096703424414902,10.384080030555651,10.551803365568944,10.467941698062297,10.529062610057377
17.46,-0.0832638536798834,0.1473968511511316,10.378980127625695,10.591313413729806,10.485146770677751,10.523172276753177
17.48,-0.173791759597013,0.1243675854247039,10.378980127625695,10.591313413729806,10.485146770677751,10.516241474472888
17.5,-0.0449649508338602,0.1487251111452667,10.378980127625695,10.591313413729806,10.485146770677751,10.512322634978366
17.52,-0.0478120892378388,0.0911215789447096,10.474424019331668,10.551926324667852,10.513175171999759,10.511547271074225
17.54,0.0039262870858741,0.1914279886603764,10.474424019331668,10.551926324667852,10.513175171999759,10.511780734334325
17.56,0.1152850717445082,0.1546392782444426,10.512364268426875,10.605649652851543,10.55900696063921,10.518578488256214
17.580000000000002,-0.0608712340303338,0.1420451177919213,10.512364268426875,10.605649652851543,10.55900696063921,10.521525653281966
17.6,-0.084670798414507,0.1110628325796188,10.512364268426875,10.605649652851543,10.55900696063921,10.523749709646228
17.62,-0.1219813581531576,0.1444324383698721,10.615055220526433,10.5193101410514,10.567182680788918,10.52589734231374
17.64,0.0984782443673012,0.1413608076130931,10.615055220526433,10.5193101410514,10.567182680788918,10.531798484559872
17.66,0.0616029453247674,0.1324938933394463,10.394611020158845,10.586192779883811,10.490401900021329,10.528767679121863
17.68,0.1214481403369628,0.0913909349416214,10.394611020158845,10.586192779883811,10.490401900021329,10.527117167737876
17.7,-0.1385682868162625,0.1367561073322162,10.394611020158845,10.586192779883811,10.490401900021329,10.520951411803528
17.72,-0.040675214831897,0.1364809740148646,10.631864583298324,10.464862361094712,10.548363472196517,10.522960463975854
17.740000000000002,0.1729138997774526,0.1318702428471904,10.631864583298324,10.464862361094712,10.548363472196517,10.528613214993916
17.76,0.068271292915025,0.1511180865213291,10.475334967674744,10.4136980167087,10.444516492191722,10.52143242598617
17.78,0.1629728440708691,0.1730890149316755,10.475334967674744,10.4136980167087,10.444516492191722,10.516674343800002
17.8,0.1384936612996036,0.1601743346836159,10.475334967674744,10.4136980167087,10.444516492191722,10.511951444542568
17.82,0.1124616796368632,0.1217372586157067,10.400623708115743,10.532286116476998,10.46645491229637,10.50942610155141
17.84,-0.0476628442801393,0.1165157388106648,10.400623708115743,10.532286116476998,10.46645491229637,10.504271051428862
17.86,0.0135690149629594,0.1347882534901962,10.406032593347843,10.40674766936654,10.406390131357192,10.494727201691028
17.88,0.0668435114326768,0.033087886163162,10.406032593347843,10.40674766936654,10.406390131357192,10.487096677863432
17.900000000000002,0.3121354643868368,0.1466772233226627,10.406032593347843,10.40674766936654,10.406390131357192,10.484644461571772
17.92,0.1207567907623045,0.091252056305756,10.557829755530507,10.478554597909907,10.518192176720207,10.490172855320338
17.94,0.0219413282890576,0.1334674271949977,10.557829755530507,10.478554597909907,10.518192176720207,10.49336973136953
17.96,0.0570911030103966,0.1197339247473413,10.423678881587458,10.541484953697363,10.48258191764241,10.493318589851004
17.98,0.0882281226904985,0.1144276007363225,10.423678881587458,10.541484953697363,10.48258191764241,10.493833028838573
18.0,0.0147050518134248,0.1057083121132722,10.423678881587458,10.541484953697363,10.48258191764241,10.492972608651598
18.02,0.127274512352931,0.1265655275049753,10.534015738392522,10.59168674691308,10.562851242652801,10.502251413274072
18.04,0.1730229865095327,0.0669471444335772,10.534015738392522,10.59168674691308,10.562851242652801,10.511425809969117
18.06,0.3379851904173376,0.0919685728309846,10.446603253416551,10.386694666337142,10.416648959876847,10.508031858387403
18.08,0.2271659902290141,0.1219840921572718,10.446603253416551,10.386694666337142,10.416648959876847,10.50298255636047
18.1,0.0832579085269365,0.1080633588119085,10.446603253416551,10.386694666337142,10.416648959876847,10.495847839065593
18.12,-0.0269144805879972,0.1008653380180581,10.500273195900416,10.4149078985709,10.457590547235657,10.491537649232017
18.14,-0.0960192915647037,0.0984891522979075,10.500273195900416,10.4149078985709,10.457590547235657,10.486414591784216
18.16,0.1697907368449385,0.1155133494854927,10.457435660722073,10.525027494393743,10.491231577557908,10.489952523624796
18.18,0.1994481245320474,0.1282916178524112,10.457435660722073,10.525027494393743,10.491231577557908,10.493670495259684
18.2,0.2328789108155535,0.0789274453115999,10.457435660722073,10.525027494393743,10.491231577557908,10.497618423884186
18.22,0.0936277370115305,0.1057305888462693,10.480371406409212,10.41922284732656,10.449797126867885,10.494521593448765
18.24,0.0598838443235009,0.1191132752391776,10.480371406409212,10.41922284732656,10.449797126867885,10.4911270559885
18.26,0.0496648706711781,0.0891923243570194,10.527220356738267,10.42425896030174,10.475739658520004,10.490482283913732
18.28,0.159742998587682,0.1224608481830131,10.527220356738267,10.42425896030174,10.475739658520004,10.491883395348937
18.3,-0.1855262083848249,0.0797478621718618,10.527220356738267,10.42425896030174,10.475739658520004,10.486929549915118
18.32,-0.1459556279142317,0.1320308969329523,10.427506225650346,10.535073682585558,10.481289954117951,10.483738389032945
18.34,-0.2332878828683396,0.0971319460765731,10.427506225650346,10.535073682585558,10.481289954117951,10.479294363649815
18.36,0.012370915579114,0.0907995371227238,10.538983462681326,10.643631307402003,10.591307385041665,10.490718342269425
18.38,0.0519928001047042,0.1209381752828723,10.538983462681326,10.643631307402003,10.591307385041665,10.501713116948533
18.4,0.2118300927577939,0.0915667315670498,10.538983462681326,10.643631307402003,10.591307385041665,10.514485485427487
18.42,0.074900944097142,0.1130623874296832,10.67135086379326,10.510557177849638,10.59095402082145,10.523480555960631
18.44,0.1346845232028448,0.0850944828701038,10.67135086379326,10.510557177849638,10.59095402082145,10.532652223864364
18.46,0.0580717299410442,0.1186344908714636,10.379273968159,10.541952108970762,10.46061303856488,10.526493596473355
18.48,0.0148951442446581,0.1046730463617321,10.379273968159,10.541952108970762,10.46061303856488,10.520173653278912
18.5,-0.0563736341093134,0.0877371007142744,10.379273968159,10.541952108970762,10.46061303856488,10.513202866393542
18.52,0.1069322060242529,0.1326565765469265,10.486469917404843,10.493633084495698,10.49005150095027,10.512812509557651
18.54,0.0740693711531373,0.0446340760345644,10.486469917404843,10.493633084495698,10.49005150095027,10.51186965737767
18.56,-0.0475905532428515,0.0884684419485654,10.42360803905159,10.500767025710624,10.462187532381108,10.506044814919644
18.58,0.0136286790129268,0.0918626581755119,10.42360803905159,10.500767025710624,10.462187532381108,10.501904402888023
18.6,-0.0462189603830373,0.0915737936187991,10.42360803905159,10.500767025710624,10.462187532381108,10.497100774550438
18.62,-0.0185802218431113,0.1326491313040111,10.613660968924917,10.511411991147495,10.562536480036206,10.503309901105839
18.64,0.2341535847448061,0.0869226916455348,10.613660968924917,10.511411991147495,10.562536480036206,10.51344732352428
18.66,0.1313753916720888,0.1266239925467199,10.483517466782764,10.477046261239035,10.4802818640109,10.51249553462304
18.68,0.1509016527265705,0.0961273179698231,10.483517466782764,10.477046261239035,10.4802818640109,10.511990397310905
18.7,-0.0247453775606992,0.0798701008480031,10.483517466782764,10.477046261239035,10.4802818640109,10.508374127184812
18.72,0.021661145419103,0.0645561288914461,10.78168696239521,10.560056059471329,10.670871510933269,10.525013766177203
18.74,0.2385064475514545,0.0982134173785055,10.78168696239521,10.560056059471329,10.670871510933269,10.543892656708735
18.76,0.0114190623221785,0.0786986118622255,10.53949225688153,10.491616575255478,10.515554416068504,10.541264375766513
18.78,0.0199404269661274,0.1013090661125562,10.53949225688153,10.491616575255478,10.515554416068504,10.539052307482104
18.8,0.1761664082136861,0.0762136108476356,10.53949225688153,10.491616575255478,10.515554416068504,10.53987351368859
18.82,0.2387211409345785,0.1422781055977796,10.63286744051266,10.593558012567966,10.613212726540313,10.551504415510585
18.84,0.2470311733232125,0.0880091791152566,10.63286744051266,10.593558012567966,10.613212726540313,10.562121807733376
18.86,0.1268846767180472,0.093256888717991,10.56003470340721,10.63975883248888,10.599896767948046,10.56818322793577
18.88,0.0274544218924046,0.1111059080028428,10.56003470340721,10.63975883248888,10.599896767948046,10.571848761531061
18.9,0.1463486763608324,0.0655104509318672,10.56003470340721,10.63975883248888,10.599896767948046,10.577287838347255
18.92,0.1658972560148275,0.0831868350332722,10.518100341719622,10.718431727658974,10.618266034689299,10.584371808589728
18.94,0.0797223184529092,0.1107595562325886,10.518100341719622,10.718431727658974,10.618266034689299,10.589196232931837
18.96,0.0792952466208933,0.0827175696612,10.47450669305398,10.474189984587223,10.474348338820601,10.579138757959889
18.98,0.2001141920393152,0.0736976898315765,10.47450669305398,10.474189984587223,10.474348338820601,10.572261771502667
19.0,0.3457919180006022,0.080793262914203,10.47450669305398,10.474189984587223,10.474348338820601,10.568694682758471
19.02,-0.0897580459934212,0.0991212488194974,10.530678251240984,10.44861382602336,10.489646038632172,10.55917417351796
19.04,0.117506308248884,0.1098332893873643,10.530678251240984,10.44861382602336,10.489646038632172,10.55433647357786
19.06,-0.0755996714392301,0.0647629196568941,10.574629332077622,10.53611415769881,10.555371744888216,10.55307920662299
19.08,0.1239437877966253,0.1139480632767832,10.574629332077622,10.53611415769881,10.555371744888216,10.55553944862985
19.1,0.0795737778942257,0.1153436200267106,10.574629332077622,10.53611415769881,10.555371744888216,10.55695500625778
19.12,0.3625227110526631,0.0871801803905351,10.504223131484876,10.52052638016257,10.512374755823723,10.559022390013322
19.14,0.1842285449099391,0.1471771404285577,10.504223131484876,10.52052638016257,10.512374755823723,10.55767374040274
19.16,-0.0070442041431553,0.1081172501667285,10.610189662647157,10.484402748287078,10.547296205467116,10.5565091912346
19.18,0.3091540302340908,0.0829775989990501,10.610189662647157,10.484402748287078,10.547296205467116,10.561152665202066
19.2,-0.0620375999479218,0.101715266150138,10.610189662647157,10.484402748287078,10.547296205467116,10.558650342429507
19.22,0.2078811906832199,0.0551056784490792,10.480466141593409,10.664196789859249,10.572331465726329,10.563760316191487
19.24,0.3437145641717264,0.0455157007184492,10.480466141593409,10.664196789859249,10.572331465726329,10.570804293300064
19.26,0.1756194639246325,0.0845547665386909,10.671769371951934,10.41278838693469,10.542278879443312,10.571112902265032
19.28,0.2157663139402137,0.0650532941802234,10.671769371951934,10.41278838693469,10.542278879443312,10.572113293633784
19.3,0.1956050294086119,0.072732765287583,10.671769371951934,10.41278838693469,10.542278879443312,10.572650742744091
19.32,0.1171065197838043,0.0836423711307733,10.612378324089406,10.385872031864196,10.4991251779768,10.567406103623469
19.34,0.1692677102954418,0.0957508904882308,10.612378324089406,10.385872031864196,10.4991251779768,10.56362482984412
19.36,-0.0437622382345229,0.0534345307759094,10.634957527129124,10.733931858273456,10.684444692701291,10.574919095841615
19.38,0.2063702334238006,0.1113853781236137,10.634957527129124,10.733931858273456,10.684444692701291,10.58958631972921
19.4,0.0564656155516758,0.1092806524994735,10.634957527129124,10.733931858273456,10.684444692701291,10.60008853810635
19.42,0.2424518850553354,0.0870225444539159,10.71323038873153,10.610895153698651,10.66206277121509,10.610650095348221
19.44,0.1034187232633724,0.1130272559040672,10.71323038873153,10.610895153698651,10.66206277121509,10.617652899953649
19.46,0.1307251106009875,0.0728600340532644,10.588570572888589,10.650556677914045,10.619563625401316,10.620197024489233
19.48,0.1188050543814811,0.0514583571636276,10.588570572888589,10.650556677914045,10.619563625401316,10.622272175559308
19.5,0.0483194456843832,0.0889800854122809,10.588570572888589,10.650556677914045,10.619563625401316,10.622871070565827
19.52,0.2106201889756379,0.0957024333974165,10.743753273343582,10.707969564616242,10.725861418979912,10.636961268808797
19.54,0.1170521671871691,0.0830472646058896,10.743753273343582,10.707969564616242,10.725861418979912,10.647958222835278
19.56,0.02392275744934,0.0704926749366074,10.65317904365496,10.746993878508798,10.700086461081879,10.653601656294025
19.58,0.0950546978539986,0.0754943994169269,10.65317904365496,10.746993878508798,10.700086461081879,10.659961121334184
19.6,0.1295483052686264,0.0758694103746756,10.65317904365496,10.746993878508798,10.700086461081879,10.66630552480379
19.62,0.2001087237739936,0.0697578190193964,10.609054888450324,10.59375711196441,10.601406000207366,10.663417529372078
19.64,0.1774854157762319,0.0818314124650838,10.609054888450324,10.59375711196441,10.601406000207366,10.660411113939578
19.66,0.0980791900760331,0.0609754699901989,10.597580830079988,10.674104203364976,10.635842516722482,10.659719679639236
19.68,0.1885219820506639,0.0924317896777334,10.597580830079988,10.674104203364976,10.635842516722482,10.660725359024472
19.7,0.4248485754707828,0.104312664984641,10.597580830079988,10.674104203364976,10.635842516722482,10.665884349152748
19.72,0.1243315431740671,0.1029326605089235,10.744986178549622,10.47174587848409,10.608366028516855,10.662370484866292
19.74,-0.1809180098981054,0.0693068298662575,10.744986178549622,10.47174587848409,10.608366028516855,10.653713515053182
19.76,0.0213878462848284,0.0984218808039036,10.622631173551644,10.609545383599976,10.616088278575809,10.650335972638572
19.78,0.080882919123381,0.0886357991516513,10.622631173551644,10.609545383599976,10.616088278575809,10.648367095776518
19.8,0.3025125826545415,0.0723901005117628,10.622631173551644,10.609545383599976,10.616088278575809,10.650584440544229
19.82,0.3085019024925984,0.0914962120390227,10.654563782963123,10.705704410553937,10.680134096758529,10.659092440410527
19.84,0.1036532255907642,0.0315431803606016,10.654563782963123,10.705704410553937,10.680134096758529,10.663062364105961
19.86,0.1900131248327289,0.0868225382589097,10.813076795100375,10.8126695698201,10.812873182460237,10.681463682188378
19.88,0.1516597061110818,0.0430049352681647,10.813076795100375,10.8126695698201,10.812873182460237,10.697334506925563
19.9,0.01503153707875,0.031679387001975,10.813076795100375,10.8126695698201,10.812873182460237,10.709158942146448
19.92,0.1765670557297897,0.0676463834245477,10.85684688458582,10.795313086875492,10.826079985730656,10.724029253508006
19.94,0.2112646686140009,0.0342396134316102,10.85684688458582,10.795313086875492,10.826079985730656,10.738037090765323
19.96,0.0402564942880706,0.0727972661396354,10.789658349520389,10.893079401045409,10.8413688752829,10.749094886114266
19.98,0.1975981912344786,0.0866019004109168,10.789658349520389,10.893079401045409,10.8413688752829,10.76187905247335
20.0,0.3059187705999021,0.0626304165725908,10.789658349520389,10.893079401045409,10.8413688752829,10.775334572625104
20.02,-0.0344587346807827,0.0617359044958215,10.70396860663391,10.66970665011628,10.686837628375095,10.765864620975849
20.04,0.195222372696442,0.0486190972196227,10.70396860663391,10.66970665011628,10.686837628375095,10.761475924424309
20.06,0.2678304407093582,0.076224266892202,10.670131581124192,10.968923324091174,10.819527452607684,10.772102025175414
20.08,0.2979112232730629,0.015231066782504,10.670131581124192,10.968923324091174,10.819527452607684,10.782206969937556
20.1,0.0417618408302419,0.0246992162935424,10.670131581124192,10.968923324091174,10.819527452607684,10.786690731339514
20.12,0.1297219131492475,0.0274050052793509,10.864666855450912,10.646130663350542,10.755398759400727,10.785896528582322
20.14,0.1819835410516518,0.0887798555244357,10.864666855450912,10.646130663350542,10.755398759400727,10.786122455403092
20.16,0.3054270699536162,0.0354204644894826,10.88533363940718,10.654281435469048,10.769807537438115,10.789988650865759
20.18,0.4154320918927196,0.0578028698740123,10.88533363940718,10.654281435469048,10.769807537438115,10.795448317177062
20.2,0.2075922686273583,0.047438769868758,10.88533363940718,10.654281435469048,10.769807537438115,10.79662090003846
20.22,0.3354440291193156,0.0458502194282443,10.779662657587112,10.805286538281312,10.792474597934213,10.802244262352183
20.24,0.1611646805095901,0.0124097882301595,10.779662657587112,10.805286538281312,10.792474597934213,10.804168260159559
20.26,0.1409302125329269,0.0688726514497688,10.764346757503157,10.608133963781778,10.686240360642469,10.794912214033443
20.28,0.3142521191646664,0.0136920714732585,10.764346757503157,10.608133963781778,10.686240360642469,10.78970156683931
20.3,0.3815755398822605,0.0359059897263243,10.764346757503157,10.608133963781778,10.686240360642469,10.786223805937508
20.32,0.4119697386617124,0.0390464403681867,10.760529401711503,10.886971453617008,10.823750427664255,10.797391923406094
20.34,0.1008309794446879,0.0759695498784626,10.760529401711503,10.886971453617008,10.823750427664255,10.801842731461914
20.36,0.0674061826717063,0.0492228833812802,10.828556504026045,10.710122964830042,10.769339734428044,10.799805743046617
20.38,0.3895583417386176,0.0744871917540078,10.828556504026045,10.710122964830042,10.769339734428044,10.803771192336056
20.4,-0.0652398884113257,0.0249736439528094,10.828556504026045,10.710122964830042,10.769339734428044,10.79915372855385
20.42,0.1651128460247758,0.0716916229182138,10.765229180422114,10.94242935492822,10.853829267675167,10.80759331369443
20.44,0.1169041929528392,0.0420580051168381,10.765229180422114,10.94242935492822,10.853829267675167,10.814321184565655
20.46,0.3612247407048568,0.0499475763630232,10.751909004339485,10.8820872010128,10.816998102676141,10.82109092170939
20.48,0.2096719226610981,0.0286673239647768,10.751909004339485,10.8820872010128,10.816998102676141,10.824455734413963
20.5,0.2584682096838668,0.0594076215038902,10.751909004339485,10.8820872010128,10.816998102676141,10.82836239901449
20.52,0.2163232815153911,0.0882471824272115,10.653528136110202,10.83240113028716,10.742964633198682,10.823716441500187
20.54,0.1648238211575202,0.0733871736544676,10.653528136110202,10.83240113028716,10.742964633198682,10.818608089450873
20.56,0.2666440743015756,0.0695096773279723,10.79051680521993,10.705885198607591,10.74820100191376,10.81636697403459
20.58,0.0845718574507899,0.0419880657388283,10.79051680521993,10.705885198607591,10.74820100191376,10.811072670256623
20.6,0.0728812510561799,0.0619373437227255,10.79051680521993,10.705885198607591,10.74820100191376,10.806097365941348
20.62,0.1469491215204602,0.0268592108060046,10.813615897027862,10.80393155462886,10.808773725828361,10.809010086117418
20.64,0.1761368817840288,0.0440769539583571,10.813615897027862,10.80393155462886,10.808773725828361,10.812156913960626
20.66,0.1127328467830274,0.0243910366830668,10.901848606695204,10.85647197750501,10.879160292100106,10.820886443016668
20.68,0.2143920484303975,0.0399483841950979,10.901848606695204,10.85647197750501,10.879160292100106,10.83057288479676
20.7,0.4673602941575676,0.0907241657757905,10.901848606695204,10.85647197750501,10.879160292100106,10.84384411082193
20.72,0.1701121323082611,0.0405892646785429,10.936862319902136,10.772663263071848,10.854762791486992,10.847997997269985
20.74,0.3117923154804572,0.029225875977038,10.936862319902136,10.772663263071848,10.854762791486992,10.854286738370334
20.76,0.1677433865816021,0.0017569755082091,10.908977404004515,10.971709669996162,10.940343537000338,10.865911799191803
20.78,0.3452159983812066,0.051621850216265,10.908977404004515,10.971709669996162,10.940343537000338,10.879568860943518
20.8,0.0674303036964932,0.0058949468272836,10.908977404004515,10.971709669996162,10.940343537000338,10.886860074015736
20.82,0.3143817247076634,0.0545382653979339,10.909022109019302,10.886746046314563,10.897884077666934,10.893621345425595
20.84,0.2495271926810495,0.0355667958423808,10.909022109019302,10.886746046314563,10.897884077666934,10.898539108117989
20.86,0.2573710729284541,0.0129183591443827,10.785543680429042,10.887364806988144,10.836454243708593,10.89696330098976
20.88,0.0566553508602197,0.00893136105755,10.785543680429042,10.887364806988144,10.836454243708593,10.891932191577128
20.9,0.1532214306666943,0.0543801891040747,10.785543680429042,10.887364806988144,10.836454243708593,10.889142382542275
20.92,0.3733222898259738,0.0515329862722627,10.790152861642902,10.866594102547449,10.828373482095175,10.889785293714434
20.94,0.0267526849451522,0.0410509558313922,10.790152861642902,10.866594102547449,10.828373482095175,10.884125660881521
20.96,0.1620139628156583,0.0704038301452712,10.99028041341344,10.821794160729226,10.906037287071333,10.889233074831186
20.98,0.2662507371405681,0.0611320289333777,10.99028041341344,10.821794160729226,10.906037287071333,10.89570600932373
21.0,0.4482172342832975,0.0199207147623298,10.99028041341344,10.821794160729226,10.906037287071333,10.90480704731559
21.02,0.3578481047920899,0.0220016405659464,10.96398347267116,10.938656176556332,10.951319824613746,10.915899590931662
21.04,0.3779963235127376,0.0448444508260018,10.96398347267116,10.938656176556332,10.951319824613746,10.9262455481231
21.06,0.1579744236674263,0.0275240521773591,10.882308345813763,10.945779037068952,10.914043691441357,10.927868902080942
21.08,0.2375694380900043,0.0430567667272237,10.882308345813763,10.945779037068952,10.914043691441357,10.930762630902604
21.1,0.1258059840054039,0.045132262176241,10.882308345813763,10.945779037068952,10.914043691441357,10.931355244668579
21.12,0.1786533772101797,0.011952319198824,10.93770466504522,10.861393306414136,10.899548985729679,10.931390379564473
21.14,0.2295163923617123,0.0408550624135776,10.93770466504522,10.861393306414136,10.899548985729679,10.932337535243503
21.16,0.1257014978200629,0.0168016218837546,10.979958772488525,11.026848021518989,11.003403397003757,10.94170674838029
21.18,0.3753418666985683,0.0670367009550074,10.979958772488525,11.026848021518989,11.003403397003757,10.954632566843209
21.2,0.2229589097429139,0.0242365659975136,10.979958772488525,11.026848021518989,11.003403397003757,10.963522910234637
21.22,0.1742164791452279,-0.0076394592836438,11.130299054321434,10.98956951780784,11.059934286064637,10.976299944442252
21.24,0.1127428608558427,0.0455686339050316,11.130299054321434,10.98956951780784,11.059934286064637,10.986692750099897
21.26,0.3698787022924437,0.0059155095237299,10.947161697072683,10.917814601003975,10.93248814903833,10.987930106635005
21.28,0.2978873947431952,0.0529050530580967,10.947161697072683,10.917814601003975,10.93248814903833,10.987747883980713
21.3,0.184578585812616,0.057393625740954,10.947161697072683,10.917814601003975,10.93248814903833,10.985544325031102
21.32,0.0752063450013837,-0.009451042252068,10.909320674135742,10.955908170474446,10.932614422305093,10.981605048968525
21.34,0.3156820146957212,0.0075812325408941,10.909320674135742,10.955908170474446,10.932614422305093,10.982388262566706
21.36,0.2013437763806692,0.0751557849497999,11.109017183583628,10.96875641454922,11.038886799066425,10.99166230419153
21.38,0.3352585032291965,0.026312917005571,11.109017183583628,10.96875641454922,11.038886799066425,11.002419406737145
21.4,0.2233112051625539,0.019505767710172,11.109017183583628,10.96875641454922,11.038886799066425,11.010085747662998
21.42,0.391875970970915,0.0235336024606437,10.976539588284597,10.920717023644716,10.948628305964657,11.010993770970641
21.44,0.2158090590924633,0.017959613881316,10.976539588284597,10.920717023644716,10.948628305964657,11.008641787533707
21.46,0.4129539611198389,0.0297052600030349,11.085526587245823,10.96748017499898,11.026503381122403,11.017861118192734
21.48,0.3192317209172405,0.0110384077449007,11.085526587245823,10.96748017499898,11.026503381122403,11.024471515462212
21.5,0.0621854875714662,0.0138984416515716,11.085526587245823,10.96748017499898,11.026503381122403,11.025794040804518
21.52,0.1885708940229833,0.0477271470335626,11.067601497449116,11.012958615538109,11.040280056493613,11.030636918465841
21.54,0.4111580495570284,-0.0057478696965142,11.067601497449116,11.012958615538109,11.040280056493613,11.039002077160644
21.56,0.258216490578938,0.0050828770942812,11.120790066950327,10.922130875897238,11.021460471423783,11.041895813417378
21.58,0.1622796912794628,-0.0033776666579582,11.120790066950327,10.922130875897238,11.021460471423783,11.04277331366105
21.6,0.2366872123354929,0.0436809408286625,11.120790066950327,10.922130875897238,11.021460471423783,11.044902399259362
21.62,0.3643575182960729,0.0028917386936029,11.110458455200176,11.054352515468008,11.082405485334093,11.055211143196164
21.64,0.2719612397890099,-0.0047978330347728,11.110458455200176,11.054352515468008,11.082405485334093,11.062825879726159
21.66,0.2042449201151233,-0.0218161511235238,11.115476748670634,11.133339779727136,11.124408264198884,11.072660526735504
21.68,0.0244793156197491,0.0137252445780785,11.115476748670634,11.133339779727136,11.124408264198884,11.078275928162997
21.7,0.4292766820636244,0.0351412717678349,11.115476748670634,11.133339779727136,11.124408264198884,11.09061614204373
21.72,0.1168820861162374,-0.0147777920746211,11.107263650391006,10.902262659435523,11.004763154913265,11.084134720880774
21.74,0.3555270694822021,0.0077770520815495,11.107263650391006,10.902262659435523,11.004763154913265,11.082597051534702
21.76,0.0427698405825963,-0.0070926793081916,11.04047596848311,11.134597584752411,11.08753677661776,11.083860881173495
21.78,0.1625322934372419,-0.029128811946308,11.04047596848311,11.134597584752411,11.08753677661776,11.087154051999791
21.8,0.1251620386581007,0.0216278997074027,11.04047596848311,11.134597584752411,11.08753677661776,11.089445241157433
21.82,0.332074284134161,0.0280970643852591,11.047277636760857,11.338339990778875,11.192808813769865,11.105758935533093
21.84,0.1602120692027286,0.0207098346664698,11.047277636760857,11.338339990778875,11.192808813769865,11.117347740602419
21.86,0.2979579931707476,-0.0103594045696297,11.29621926904858,11.070991152409114,11.183605210728846,11.129336731492137
21.88,0.4392453670745966,-0.0053291347569105,11.29621926904858,11.070991152409114,11.183605210728846,11.14266999602315
21.9,0.2452496138664992,0.0369295579068677,11.29621926904858,11.070991152409114,11.183605210728846,11.151178010543317
21.92,0.1238108690546157,0.0035315774439056,11.150783991568868,11.106042031383218,11.128413011476043,11.151130106279574
21.94,0.192838849346891,-0.0073747633356661,11.150783991568868,11.106042031383218,11.128413011476043,11.152329496087464
21.96,0.1099827720143417,-0.0281954310902168,11.0369613564322,11.102235643470106,11.069598499951153,11.146036086370092
21.98,0.3316757056044743,-0.0477578576750919,11.0369613564322,11.102235643470106,11.069598499951153,11.14436249042908
22.0,0.3148001690797889,0.0009311679729156,11.0369613564322,11.102235643470106,11.069598499951153,11.142552494424724
22.02,0.2677056981005839,0.0135620083352089,11.178664593070373,10.957397855805525,11.068031224437949,11.139919069991857
22.04,0.1041739530447941,-0.0353244156114174,11.178664593070373,10.957397855805525,11.068031224437949,11.134605416591272
22.06,-0.0322356075554121,0.0253576761984688,11.137845758723884,11.177197199354293,11.157521479039088,11.136316781900055
22.08,0.1887577202639824,0.0029270792311024,11.137845758723884,11.177197199354293,11.157521479039088,11.141834890578709
22.1,0.1922090759811261,0.0192307279429272,11.137845758723884,11.177197199354293,11.157521479039088,11.146863312792407
22.12,0.1142468791412775,0.0287409677863518,11.178482040691902,11.182122611669442,11.180302326180673,11.152263657955777
22.14,0.1240602515080134,0.0143925543918991,11.178482040691902,11.182122611669442,11.180302326180673,11.15730060930541
22.16,0.1863811379071073,0.0530985865629458,11.0023224487598,11.208398789922398,11.105360619341099,11.155461470791307
22.18,0.3260317351028003,-0.0078841732108834,11.0023224487598,11.208398789922398,11.105360619341099,11.156319956878136
22.2,-0.0191231226767836,-0.0116623664826322,11.0023224487598,11.208398789922398,11.105360619341099,11.15087980691625
22.22,0.1720611493927535,-0.0222543971526671,11.250464564408889,11.066349071742598,11.158406818075743,11.154729608721269
22.24,0.3397172465247874,0.0284993116402139,11.250464564408889,11.066349071742598,11.158406818075743,11.161212240094162
22.26,-0.029705280208148,0.008692672893055,11.357643685918816,11.17631748870574,11.266980587312279,11.171254379772227
22.28,0.2125533654038498,-0.0268523846938741,11.357643685918816,11.17631748870574,11.266980587312279,11.184652961103502
22.3,0.2356423789023393,0.0088368540041697,11.357643685918816,11.17631748870574,11.266980587312279,11.197127286544621
22.32,0.2442313743982443,0.0001368573729045,11.26333222939062,11.360787993018857,11.312060111204739,11.213016733749802
22.34,0.4498445882003064,-0.0516957866365067,11.26333222939062,11.360787993018857,11.312060111204739,11.231018274082901
22.36,0.2283638634936649,0.0241277042657514,11.239558976011404,11.212823218476103,11.226191097243753,11.234646105941872
22.38,0.148801867358925,-0.02414507390199,11.239558976011404,11.212823218476103,11.226191097243753,11.236479038684521
22.4,0.1775583574190166,-0.0419354139141716,11.239558976011404,11.212823218476103,11.226191097243753,11.238646294973988
22.42,0.2362652161056964,0.0044457341712968,11.342465047392604,11.265121559477349,11.303793303434976,11.24941376970999
22.44,0.1211425155757862,0.0056216686723098,11.342465047392604,11.265121559477349,11.303793303434976,11.257032288362854
22.46,0.0458202282486019,0.0045192849552457,11.276757431155678,11.073422885161918,11.175090158158799,11.249662839450924
22.48,0.1341493972201258,0.0113330336267691,11.276757431155678,11.073422885161918,11.175090158158799,11.244620260471674
22.5,0.1966242647649442,0.0077350899135982,11.276757431155678,11.073422885161918,11.175090158158799,11.241206487006155
22.52,0.4292062287475621,0.0027722422796225,11.222838211766694,11.073324545397266,11.148081378581981,11.239619688281193
22.54,0.1539476401471422,-0.0311262013288869,11.222838211766694,11.073324545397266,11.148081378581981,11.23323691483392
22.56,0.1577470490914899,-0.0317631968117277,11.28875097043302,11.221118710769392,11.254934840601205,11.238246154294297
22.58,0.0645109260326446,0.0163323367272567,11.28875097043302,11.221118710769392,11.254934840601205,11.241076219593575
22.6,0.3908866498421972,-0.0329441501299418,11.28875097043302,11.221118710769392,11.254934840601205,11.2494980413915
22.62,0.2740289525190081,-0.0369412354511494,11.155500403374436,11.22414676977598,11.189823586575208,11.248463117055211
22.64,0.3263094076950628,-0.035014919086567,11.155500403374436,11.22414676977598,11.189823586575208,11.248472733345722
22.66,0.2858074829210652,-0.0253476429047605,11.122005997532286,11.267212690165994,11.194609343849141,11.248230929088642
22.68,0.1437153418599289,0.0074258745033146,11.122005997532286,11.267212690165994,11.194609343849141,11.24545564671817
22.7,0.2538445175400916,-0.0102863026617863,11.122005997532286,11.267212690165994,11.194609343849141,11.24494021774699
22.72,0.1100459984890656,-0.0369251108837294,11.184734205065892,11.292758032762444,11.238746118914168,11.24630163583651
22.74,0.2852027010810066,0.0058003684917788,11.184734205065892,11.292758032762444,11.238746118914168,11.250679732763734
22.76,0.371855174511938,-0.0315457219151269,11.383173187983184,11.330105649153436,11.35663941856831,11.267969094485409
22.78,0.537903318099608,-0.0407473583805171,11.383173187983184,11.330105649153436,11.35663941856831,11.286518386619493
22.8,0.1212362634786711,-0.0054397413244301,11.383173187983184,11.330105649153436,11.35663941856831,11.295712742556992
22.82,0.3753485681133838,-0.0030677392538271,11.342168377758227,10.887954817166632,11.115061597462429,11.284403902273578
22.84,0.3322654475329285,0.0023234996509332,11.342168377758227,10.887954817166632,11.115061597462429,11.273450449848056
22.86,0.0868534518757067,-0.0409122448240408,11.21132647941939,11.501331809755865,11.356329144587626,11.283301681455775
22.88,0.2554605760942162,-0.0323622171498819,11.21132647941939,11.501331809755865,11.356329144587626,11.295202718138656
22.9,0.3893359460206733,-0.0646600849483816,11.21132647941939,11.501331809755865,11.356329144587626,11.308323407811926
22.92,0.1499893296703456,-0.0746732174900814,11.381616815928714,11.2768057177963,11.329211266862508,11.313112001651051
22.94,0.2779914171720875,-0.0551343680666351,11.381616815928714,11.2768057177963,11.329211266862508,11.319725773681295
22.96,0.2056057301778071,-0.0455895726210017,11.53459165870278,11.424599934572717,11.47959579663775,11.339413679120142
22.98,0.2665822632975095,-0.0254804426517543,11.53459165870278,11.424599934572717,11.47959579663775,11.358230371611258
23.0,0.1364118657059677,-0.0421097983119844,11.53459165870278,11.424599934572717,11.47959579663775,11.372822327696616
23.02,0.2343639470525006,-0.0777779795806794,11.46119744115249,11.39448297788502,11.427840209518756,11.382542666925776
23.04,0.2806239243578032,-0.0203498220335583,11.46119744115249,11.39448297788502,11.427840209518756,11.392123651823516
23.06,0.1577250723636821,-0.0359854108075489,11.445586114421571,11.537057821203613,11.491321967812592,11.40488253472497
23.08,0.1229451652802172,-0.0185847003001656,11.445586114421571,11.537057821203613,11.491321967812592,11.415739491008777
23.1,0.2137326087237443,-0.0181622887599168,11.445586114421571,11.537057821203613,11.491321967812592,11.427144925646187
23.12,0.1608782197099675,-0.0845227413062017,11.464655485791598,11.276647636657165,11.370651561224381,11.424391397158786
23.14,0.2248886788613718,-0.0138451417843899,11.464655485791598,11.276647636657165,11.370651561224381,11.42306540978485
23.16,0.1293184004764434,-0.0601845030495316,11.419353832343203,11.256253481685528,11.337803657014366,11.416866965716379
23.18,0.3270470120558987,-0.0349529859123602,11.419353832343203,11.256253481685528,11.337803657014366,11.414847481063184
23.2,0.2515036203590709,-0.02194608732159,11.419353832343203,11.256253481685528,11.337803657014366,11.411670163824766
23.22,0.0492701596186749,-0.015351980520112,11.530018204031244,11.400999134316276,11.46550866917376,11.417940877232803
23.24,0.3926263800894573,-0.0222158871657121,11.530018204031244,11.400999134316276,11.46550866917376,11.42976493126851
23.26,0.1174067288779073,-0.0356607680983767,11.47152201284908,11.458665532292915,11.465093772570999,11.435411136518562
23.28,0.1761442821431002,-0.0311197287867778,11.47152201284908,11.458665532292915,11.465093772570999,11.441549997202383
23.3,0.3541980357576549,-0.0016313937506188,11.47152201284908,11.458665532292915,11.465093772570999,11.450279939382883
23.32,0.1202486859100195,-0.0274919842928531,11.522283483798404,11.564361995789826,11.543322739794114,11.461748695770385
23.34,0.4622908290160928,-0.0638320077696729,11.522283483798404,11.564361995789826,11.543322739794114,11.478227335095049
23.36,-0.0649050850863477,-0.0635174519258371,11.448057549464616,11.348170068171306,11.39811380881796,11.469047690935787
23.38,-0.1330038633813148,-0.0177251771941916,11.448057549464616,11.348170068171306,11.39811380881796,11.45956023318314
23.4,0.239829601626045,-0.0503248792181911,11.448057549464616,11.348170068171306,11.39811380881796,11.45773252357589
23.42,0.0400642405752418,-0.0154519993481826,11.357844313450126,11.405698889861704,11.381771601655915,11.450857587714248
23.44,0.2213988237444873,-0.0334146688753232,11.357844313450126,11.405698889861704,11.381771601655915,11.447934167935816
23.46,0.1098693654728194,-0.0585191058330951,11.572797386238218,11.62565078465905,11.599224085448634,11.46504080826561
23.48,0.1741860719488637,-0.0771507249622426,11.572797386238218,11.62565078465905,11.599224085448634,11.481594485278992
23.5,0.244302256654973,-0.0488380136396836,11.572797386238218,11.62565078465905,11.599224085448634,11.497754885915747
23.52,0.2208449907267551,-0.047362378931186,11.532235628255773,11.414100073935868,11.47316785109582,11.499271392266836
23.54,0.1777220235369598,-0.0459318753813749,11.532235628255773,11.414100073935868,11.47316785109582,11.4998600345734
23.56,0.1504367462616748,-0.0776238292516316,11.505035752217523,11.497959211220529,11.501497481719026,11.502731640720672
23.58,0.1811199836698675,-0.0571442881921025,11.505035752217523,11.497959211220529,11.501497481719026,11.505868384526565
23.6,0.1237447985050449,-0.0424884104422532,11.505035752217523,11.497959211220529,11.501497481719026,11.5076587006189
23.62,0.3466763356084707,-0.0731197081100276,11.506116243434327,11.353673681021773,11.429894962228051,11.506122500820767
23.64,0.0766660618650692,-0.0606998669144807,11.506116243434327,11.353673681021773,11.429894962228051,11.499879736075068
23.66,0.2365777203987695,-0.0302304328129221,11.58650303907323,11.552136852237858,11.569319945655543,11.511082156000292
23.68,0.2426168965577817,-0.062946323255423,11.58650303907323,11.552136852237858,11.569319945655543,11.521273039103855
23.7,-0.0112419687411051,-0.0283072520137991,11.58650303907323,11.552136852237858,11.569319945655543,11.525875374321684
23.72,0.2394136297982648,-0.0572948294161833,11.730139308942404,11.409921197871563,11.570030253406983,11.534600307566583
23.74,0.3363799823494953,-0.0458872680311839,11.730139308942404,11.409921197871563,11.570030253406983,11.544198141832913
23.76,0.1730839839931241,-0.0186780579007135,11.45376345968006,11.64587852962616,11.54982099465311,11.54787593882681
23.78,0.2795299073134083,-0.0307404325315279,11.45376345968006,11.64587852962616,11.54982099465311,11.553101982741081
23.8,0.1897490802451101,-0.0224711727051904,11.45376345968006,11.64587852962616,11.54982099465311,11.556189367376696
23.82,0.2162015673965575,-0.0793619300812729,11.522428138937842,11.524736207334916,11.52358217313638,11.556820276165803
23.84,0.298529555422118,-0.0520550138542704,11.522428138937842,11.524736207334916,11.52358217313638,11.558869997860459
23.86,0.1750641986914687,-0.0381885052307601,11.492848296004931,11.578586123651844,11.535717209828388,11.559705874633698
23.88,0.2620138060283694,-0.0408368853420731,11.492848296004931,11.578586123651844,11.535717209828388,11.562023256661679
23.9,0.0069735552969651,-0.0572521598274475,11.492848296004931,11.578586123651844,11.535717209828388,11.559518175973695
23.92,0.2043235891912239,-0.0265952170948516,11.634219402892334,11.605363039233834,11.619791221063085,11.569223305088077
23.94,-0.0213582479878164,-0.0609398060140278,11.634219402892334,11.605363039233834,11.619791221063085,11.573895648221797
23.96,0.1404783427636127,-0.0517468331111978,11.308871346640538,11.510972381826909,11.409921864233723,11.560026879992735
23.98,0.1074134905026844,-0.0509472995523168,11.308871346640538,11.510972381826909,11.409921864233723,11.546949821245882
24.0,0.2381282810719457,-0.0609748005953525,11.308871346640538,11.510972381826909,11.409921864233723,11.53753333460396
24.02,0.1367261964943879,-0.062600018902526,11.781924250789142,11.599978367097572,11.690951308943358,11.5553362035748
24.04,0.4095913656199403,-0.0299585474023138,11.781924250789142,11.599978367097572,11.690951308943358,11.576270358692815
24.06,0.1382490486947488,-0.0422297044638143,11.603931616941107,11.33874304793216,11.471337332436633,11.568265538943702
24.08,0.0571365180276477,-0.0160558203364304,11.603931616941107,11.33874304793216,11.471337332436633,11.559601175617493
24.1,-0.0668546795859654,-0.0641583589076089,11.603931616941107,11.33874304793216,11.471337332436633,11.54957140706686
24.12,0.1793038611054938,-0.0847781688394836,11.585780175501991,11.732971055063397,11.659375615282695,11.563779297388342
24.14,0.1410600695797967,-0.0756231310166056,11.585780175501991,11.732971055063397,11.659375615282695,11.575878010430213
24.16,0.272585399989778,-0.0802521452228456,11.643640628558185,11.527360078570638,11.585500353564411,11.581746781943448
24.18,0.2839597646473852,-0.0441612434353685,11.643640628558185,11.527360078570638,11.585500353564411,11.587233414869196
24.2,0.2703668473735583,-0.0929165323796303,11.643640628558185,11.527360078570638,11.585500353564411,11.591926711991443
24.22,0.0664083568642457,-0.0929972818164098,11.728356236833456,11.437440595607391,11.582898416220424,11.592219232837898
24.24,0.0266668731702184,-0.0726367226954815,11.728356236833456,11.437440595607391,11.582898416220424,11.591767154893216
24.26,0.1239072150554495,-0.1339505083571257,11.588717712714535,11.35233450680998,11.470526109762258,11.58187338025112
24.28,0.0644143973155558,-0.0780850374327044,11.588717712714535,11.35233450680998,11.470526109762258,11.571898112353914
24.3,0.1885369525811082,-0.0763553656623368,11.588717712714535,11.35233450680998,11.470526109762258,11.56515457724121
24.32,0.1353110487121624,-0.1359529760568155,11.661644477019882,11.606413655408542,11.634029066214211,11.574477625015328
24.34,0.2558079752795439,-0.0352795382541733,11.661644477019882,11.606413655408542,11.634029066214211,11.585037312690249
24.36,0.1058287632855246,-0.091104392548875,11.940214990323833,11.589694754134808,11.764954872229321,11.604933986383294
24.38,-0.0545614604765838,-0.0543106066392094,11.940214990323833,11.589694754134808,11.764954872229321,11.619953968679317
24.4,0.2488014657543942,-0.0160693268863075,11.940214990323833,11.589694754134808,11.764954872229321,11.638932485417897
24.42,0.474127257540453,-0.0782132895267456,11.589176231808938,11.631697731428648,11.610436981618793,11.644617225673716
24.44,0.2407745116741018,-0.1011143290942878,11.589176231808938,11.631697731428648,11.610436981618793,11.645533142478358
24.46,-0.0240334874545383,-0.0586821018165123,11.683078979681436,11.686891147898503,11.68498506378997,11.649045731835338
24.48,-0.0168398866596336,-0.0720820587447133,11.683078979681436,11.686891147898503,11.68498506378997,11.652336547070929
24.5,0.3527392854826054,-0.0693595685291269,11.683078979681436,11.686891147898503,11.68498506378997,11.66195070588152
24.52,0.1427432173995181,-0.0894870356030932,11.77753695429412,11.71344889584841,11.745492925071265,11.672874305713686
24.54,0.1566060678152143,-0.1049509193087322,11.77753695429412,11.71344889584841,11.745492925071265,11.682955076870117
24.56,0.0876773895758116,-0.0689126434979468,11.645633803709943,11.675773835896807,11.660703819803375,11.682308144175806
24.58,0.2744493452038677,-0.0899683859137705,11.645633803709943,11.675773835896807,11.660703819803375,11.685087799952232
24.6,0.1793124642932862,-0.0689338903203946,11.645633803709943,11.675773835896807,11.660703819803375,11.685877026294627
24.62,0.0081448610740737,-0.0937539758816287,11.690856665954666,11.512795113570414,11.60182588976254,11.67761852014075
24.64,0.0911132378152309,-0.1197676907607047,11.690856665954666,11.512795113570414,11.60182588976254,11.671679295383603
24.66,0.1153191172408079,-0.1114374968810275,11.561383600827757,11.610298662022585,11.58584113142517,11.665171223098094
24.68,0.0917430971483247,-0.0680493604072968,11.561383600827757,11.610298662022585,11.58584113142517,11.658889589679472
24.7,0.2365280890605891,-0.0608134131888662,11.561383600827757,11.610298662022585,11.58584113142517,11.655842249457132
24.72,0.041350860826375,-0.0856216347288055,11.548074926199645,11.836744431513091,11.692409678856368,11.660243307891932
24.74,0.0931101520226335,-0.0993154264103742,11.548074926199645,11.836744431513091,11.692409678856368,11.665135927724783
24.76,0.3404345681855856,-0.0855814879572855,11.757537983644516,11.77914301019512,11.76834049691982,11.681584206871628
24.78,0.350670922659393,-0.1110483132153078,11.757537983644516,11.77914301019512,11.76834049691982,11.696571912484316
24.8,0.3686819870180222,-0.1063374224629878,11.757537983644516,11.77914301019512,11.76834049691982,11.71038504669419
24.82,0.1893353887548421,-0.0858975056684329,11.5918185622703,11.641360370808016,11.616589466539157,11.704413525676275
24.84,0.2384501057698229,-0.0608881715241408,11.5918185622703,11.641360370808016,11.616589466539157,11.69992322166642
24.86,0.0405437947422986,-0.0816703036260786,11.585001135391355,11.881054398795818,11.733027767093587,11.703963464514498
24.88,0.0508161471390778,-0.0691232196481422,11.585001135391355,11.881054398795818,11.733027767093587,11.70778458542091
24.9,-0.0452523806141989,-0.0933745439820444,11.585001135391355,11.881054398795818,11.733027767093587,11.709494360737121
24.92,0.1916498280447592,-0.0715567716770439,11.662800113377427,11.913350728669938,11.788075421023683,11.720802163670584
24.94,0.2166434304957196,-0.0988245292431,11.662800113377427,11.913350728669938,11.788075421023683,11.731429071154817
24.96,0.2006628709490602,-0.0487286654540914,11.69043948874174,11.564183148059143,11.62731131840044,11.724629227556463
24.98,0.0883029046098093,-0.0828353408599127,11.69043948874174,11.564183148059143,11.62731131840044,11.716486888923837
25.0,0.0806237048777042,-0.0898145873288286,11.69043948874174,11.564183148059143,11.62731131840044,11.709020558559295
25.02,0.2389636307174088,-0.0210691428373265,11.898405357218458,11.64454807384034,11.7714767155294,11.71956751960922
25.04,0.0021623923021291,-0.0360238293759893,11.898405357218458,11.64454807384034,11.7714767155294,11.724797362262676
25.06,0.1463954699329939,-0.1188392542619085,11.934913406794111,11.61164821793632,11.773280812365215,11.732280825731722
25.08,0.2678499804354533,-0.066536193584052,11.934913406794111,11.61164821793632,11.773280812365215,11.74120212404291
25.1,0.1827880387855082,-0.0404434508152434,11.934913406794111,11.61164821793632,11.773280812365215,11.74770017757328
25.12,0.1662447421285457,-0.0852553177599426,11.872256218445234,11.777672599265555,11.824964408855394,11.758419006059807
25.14,0.1773593791926111,-0.1291855677701242,11.872256218445234,11.777672599265555,11.824964408855394,11.768266015164834
25.16,0.1711538382361596,-0.1085071514450156,11.75663363931634,11.607458993580304,11.682046316448321,11.762724814381432
25.18,0.0964420725478523,-0.1235497723927784,11.75663363931634,11.607458993580304,11.682046316448321,11.756392921893982
25.2,-0.0904962828764191,-0.0784749092183171,11.75663363931634,11.607458993580304,11.682046316448321,11.747329328257639
25.22,-0.1146979919925542,-0.0774245272509059,11.895889536426104,11.79930093083148,11.847595233628791,11.755291354938889
25.24,0.140228460322992,-0.1224980907435593,11.895889536426104,11.79930093083148,11.847595233628791,11.767045855093693
25.26,0.0778065241191293,-0.0803894361831684,11.695378489460069,11.997896749461994,11.846637619461031,11.776405548964572
25.28,0.3223714672838206,-0.1234690411334313,11.695378489460069,11.997896749461994,11.846637619461031,11.789231442425328
25.3,0.1201399497786722,-0.0897410187108015,11.695378489460069,11.997896749461994,11.846637619461031,11.797134579224915
25.32,0.3606907230892191,-0.1149202261632121,11.807561370276902,11.59175742870624,11.699659399491571,11.793879494267188
25.34,-6.427201469098864e-05,-0.0728982031257299,11.807561370276902,11.59175742870624,11.699659399491571,11.784456327893363
25.36,0.2718805574977961,-0.1038636940755305,11.845266054392065,11.693232115358278,11.76924908487517,11.787829453626506
25.38,0.1576018480737914,-0.0821863711499836,11.845266054392065,11.693232115358278,11.76924908487517,11.788808250016702
25.4,0.259076485275834,-0.1362687240076286,11.845266054392065,11.693232115358278,11.76924908487517,11.791515710237515
25.42,-0.0067444886376532,-0.075242018294227,11.79935189137707,11.836141937497104,11.817746914437087,11.794017429861995
25.44,-0.0007520524860139,-0.1313914028859456,11.79935189137707,11.836141937497104,11.817746914437087,11.796376841374757
25.46,0.0275475519585972,-0.0960416718329508,11.75084844623314,11.650529911919044,11.700689179076093,11.787303931080146
25.48,0.2712784147062231,-0.0712834084654746,11.75084844623314,11.650529911919044,11.700689179076093,11.783525467344452
25.5,0.1492599402038978,-0.1098543451742248,11.75084844623314,11.650529911919044,11.700689179076093,11.777928517441287
25.52,0.2382076122879587,-0.075788628405217,11.80652873318298,11.81295464253114,11.80974168785706,11.785397571504047
25.54,-0.0453692281935279,-0.103513695573955,11.80652873318298,11.81295464253114,11.80974168785706,11.787015337031866
25.56,0.2831218583954817,-0.0798133291105525,11.682040159519524,11.681331743104996,11.68168595131226,11.781578591911025
25.58,0.2325446895998383,-0.0691161622047841,11.682040159519524,11.681331743104996,11.68168595131226,11.775775132263945
25.6,0.0056554484575565,-0.0922250046201608,11.682040159519524,11.681331743104996,11.68168595131226,11.766468012241011
25.62,-0.0108462512439636,-0.0790687542268743,11.831492484519522,11.84414312804488,11.837817806282201,11.773407759122739
25.64,0.0687378708342802,-0.0529562367248691,11.831492484519522,11.84414312804488,11.837817806282201,11.781086045513701
25.66,0.1403645584365139,-0.0756699597216452,11.868123654275651,11.759739824242686,11.813931739259168,11.786897176940107
25.68,0.0498334913523986,-0.1347630146728674,11.868123654275651,11.759739824242686,11.813931739259168,11.790497636016356
25.7,0.1453255809272546,-0.1001867426621166,11.868123654275651,11.759739824242686,11.813931739259168,11.795456906797329
25.72,-0.0731691824228036,-0.1036184762715535,11.913005620360783,11.743017752568834,11.828011686464809,11.797395339480467
25.74,0.2251934227381045,-0.1330653749327395,11.913005620360783,11.743017752568834,11.828011686464809,11.804510455788188
25.76,0.2064106246204875,-0.1198941923629996,11.697264971024426,11.849695857458588,11.773480414241508,11.80512284287669
25.78,0.1685331117727165,-0.1637806696939824,11.697264971024426,11.849695857458588,11.773480414241508,11.804992196025081
25.8,-0.064230347915776,-0.1557475470894831,11.697264971024426,11.849695857458588,11.773480414241508,11.800684871584242
25.82,0.1744115309151579,-0.0973370557665367,11.862174710029992,11.97929182135974,11.920733265694865,11.815829118551777
25.84,-0.0773637931173579,-0.1213333036934019,11.862174710029992,11.97929182135974,11.920733265694865,11.824926984989974
25.86,0.2206000950565391,-0.1206377277833805,11.863978762480068,11.731442316955954,11.797710539718011,11.826176142173795
25.88,-0.0989890443976383,-0.121586816972176,11.863978762480068,11.731442316955954,11.797710539718011,11.82154777912906
25.9,0.0255206937131902,-0.1285414657179993,11.863978762480068,11.731442316955954,11.797710539718011,11.819623427674793
25.92,0.1485004138707363,-0.1363766613796697,11.899816183505507,11.797587215706749,11.848701699606128,11.825204262317602
25.94,-0.0795058330130602,-0.1010818614084775,11.899816183505507,11.797587215706749,11.848701699606128,11.826122901052221
25.96,-0.1855576211335372,-0.1224589186085271,11.999675805931783,11.8221822817534,11.910929043842593,11.831263478150854
25.98,-0.0211228148525499,-0.0859075478066539,11.999675805931783,11.8221822817534,11.910929043842593,11.838849824052684
26.0,-0.0180233470944779,-0.1460811775052702,11.999675805931783,11.8221822817534,11.910929043842593,11.845733325783973
26.02,-0.0179765357199321,-0.1046312316858525,11.833364542701602,11.853333909078009,11.843349225889806,11.845171338151598
26.04,0.0501365564818558,-0.1002804466282535,11.833364542701602,11.853333909078009,11.843349225889806,11.845891584942093
26.06,0.0239431527550887,-0.1276255805610303,12.057056981258397,11.705778549087256,11.881417765172827,11.849875179714758
26.08,0.0373655353208295,-0.1416563102484276,12.057056981258397,11.705778549087256,11.881417765172827,11.853702017896339
26.1,-0.0763889696641941,-0.0937504817649667,12.057056981258397,11.705778549087256,11.881417765172827,11.855098591170032
26.12,-0.0281045183728544,-0.098806012515626,11.88575845784966,12.094810310681645,11.990284384265653,11.868111289148882
26.14,0.0746436596941444,-0.0990990864446035,11.88575845784966,12.094810310681645,11.990284384265653,11.881672184535052
26.16,-0.091703623098205,-0.1030002061215773,11.912933650323149,11.833934395587306,11.873434022955227,11.879197703161303
26.18,-0.1186751139720263,-0.1133646981450184,11.912933650323149,11.833934395587306,11.873434022955227,11.876485183089201
26.2,0.0108977986803832,-0.1295029740133444,11.912933650323149,11.833934395587306,11.873434022955227,11.87637622745205
26.22,0.2839416319357742,-0.088982084178344,11.89562270030851,11.656355241016229,11.775988970662368,11.871448451147925
26.24,0.2744186165617822,-0.076476468557464,11.89562270030851,11.656355241016229,11.775988970662368,11.86684203819748
26.26,-0.2733035907105275,-0.0978881769956813,11.99925334036118,11.712118846441076,11.855686093401129,11.860806979085055
26.28,-0.0460491625355901,-0.0821352905429463,11.99925334036118,11.712118846441076,11.855686093401129,11.859466005591022
26.3,-0.0119714225901288,-0.1678932778982732,11.99925334036118,11.712118846441076,11.855686093401129,11.85887252876541
26.32,-0.0121101031162859,-0.126545568990186,11.916213824627595,11.71994386901682,11.818078846822207,11.854575178714995
26.34,-0.005189554049737,-0.1381666413010792,11.916213824627595,11.71994386901682,11.818078846822207,11.85083213355282
26.36,-0.0739886581684363,-0.1552155199166931,11.87097908528717,11.691250538759451,11.781114812023311,11.842528605552838
26.38,-0.0273780998748801,-0.1804419621210975,11.87097908528717,11.691250538759451,11.781114812023311,11.835894420402136
26.4,-0.1449720488601408,-0.1085721187747304,11.87097908528717,11.691250538759451,11.781114812023311,11.827806962684772
26.42,-0.201348907618678,-0.1061740198067298,11.691882241142393,11.80568294003442,11.748782590588405,11.816280245137998
26.44,-0.1433208656919647,-0.149950844366886,11.691882241142393,11.80568294003442,11.748782590588405,11.806950704100583
26.46,-0.0123681465291022,-0.1421403249974856,11.774626766800449,11.694288855665352,11.7344578112329,11.799478788176291
26.48,0.0635678343322829,-0.1506179693331326,11.774626766800449,11.694288855665352,11.7344578112329,11.794120911499933
26.5,0.2674172722819529,-0.1558439462231737,11.774626766800449,11.694288855665352,11.7344578112329,11.792968112374306
26.52,-0.0982560043421151,-0.1368645287529827,11.856823423946452,11.903439876087548,11.880131650016999,11.799915858060416
26.54,0.098391006512558,-0.0807752941896641,11.856823423946452,11.903439876087548,11.880131650016999,11.809708475373299
26.56,-0.0282821236422968,-0.14040952010256,11.843165391953084,11.933835536146132,11.888500464049608,11.817078596015367
26.58,-0.0679400067304712,-0.1285670588505921,11.843165391953084,11.933835536146132,11.888500464049608,11.822997862697642
26.6,0.0566263576923037,-0.1266369543298166,11.843165391953084,11.933835536146132,11.888500464049608,11.8305673972713
26.62,-0.0443407466853148,-0.1417249979014603,11.860694837884564,11.800344690438298,11.83051976416143,11.829764500519978
26.64,-0.1214886118612715,-0.1208729525615181,11.860694837884564,11.800344690438298,11.83051976416143,11.827653231870622
26.66,-0.1187692641965828,-0.135542676928791,12.010217049326362,11.80617020716986,11.90819362824811,11.833569424752833
26.68,-0.150712098943288,-0.1223345243353953,12.010217049326362,11.80617020716986,11.90819362824811,11.838319027321383
26.7,-0.1651179803102909,-0.1427056163871673,12.010217049326362,11.80617020716986,11.90819362824811,11.84233436376847
26.72,0.0164644190777495,-0.1649835308698549,11.64934734376324,11.810270971254464,11.729809157508853,11.83137820268591
26.74,-0.0153569405998997,-0.1363460838313717,11.64934734376324,11.810270971254464,11.729809157508853,11.820944873237407
26.76,-0.1760262778413183,-0.1247206913127866,11.90693357381107,11.746963234892709,11.826948404351889,11.818376753347712
26.78,-0.2234031171248247,-0.1654045144323116,11.90693357381107,11.746963234892709,11.826948404351889,11.815212662339883
26.8,0.0673543769495267,-0.1764959499983832,11.90693357381107,11.746963234892709,11.826948404351889,11.817598615326176
26.82,-0.072191692824777,-0.1340096475335634,11.709987829963907,11.982364396972544,11.846176113468225,11.819156914669536
26.84,-0.0675677433393634,-0.1452178909232243,11.709987829963907,11.982364396972544,11.846176113468225,11.820642615169296
26.86,-0.0736360750683048,-0.1464538542877596,11.91329301246788,11.98225742959193,11.947775221029906,11.832030426404128
26.88,-0.0718772639473127,-0.1492153950493741,11.91329301246788,11.98225742959193,11.947775221029906,11.842311115115654
26.9,-0.1675291893636071,-0.163922745257204,11.91329301246788,11.98225742959193,11.947775221029906,11.849842000298535
26.92,0.0782650948512381,-0.1020165583125675,11.928752401235238,11.876232036791537,11.902492219013387,11.856515793877342
26.94,0.0664862076225019,-0.2003616460560754,11.928752401235238,11.876232036791537,11.902492219013387,11.862310188128152
26.96,-0.0477930477061606,-0.144396525665504,11.599794077247738,11.635520347134056,11.617657212190897,11.836984615675714
26.98,-0.3783931935958344,-0.1485706446446714,11.599794077247738,11.635520347134056,11.617657212190897,11.808240797842508
27.0,-0.0641819467519089,-0.1295688778919968,11.599794077247738,11.635520347134056,11.617657212190897,11.788027164235814
27.02,-0.0661893367035932,-0.1356337792652436,11.924427728520197,11.79317699180952,11.858802360164859,11.793913275768054
27.04,0.0011968000314418,-0.1379551229794225,11.924427728520197,11.79317699180952,11.858802360164859,11.8004237266083
27.06,-0.0172040417697614,-0.1736327463987738,11.692583287543076,12.037102683421171,11.864842985482124,11.806555979743825
27.08,0.068158555125011,-0.175698198065167,11.692583287543076,12.037102683421171,11.864842985482124,11.813611534309905
27.1,-0.1041884821183587,-0.1343697193435644,11.692583287543076,12.037102683421171,11.864842985482124,11.816859286748995
27.12,-0.3650477911818348,-0.1564515097997339,11.900005077584566,11.78181461567287,11.840909846628719,11.812693482495694
27.14,0.1332255358159621,-0.1523249891731832,11.900005077584566,11.78181461567287,11.840909846628719,11.817913178553683
27.16,0.1485132598346364,-0.1224586582063194,11.836995173987631,11.80752163934045,11.82225840666404,11.821020940041743
27.18,-0.0195881410933396,-0.1368716242139082,11.836995173987631,11.80752163934045,11.82225840666404,11.820792100164294
27.2,-0.2823890303229628,-0.1906679125722865,11.836995173987631,11.80752163934045,11.82225840666404,11.815855728268456
27.22,0.0082434791913614,-0.1222787414151121,11.85044361222323,11.823542336275777,11.836992974249505,11.818117835492007
27.24,-0.1009060638382945,-0.163182286454772,11.85044361222323,11.823542336275777,11.836992974249505,11.818189040218668
27.26,-0.2440787465661563,-0.1590980334072007,11.852389794565775,11.912374459176458,11.882382126871118,11.820214931445722
27.28,-0.0129490512566372,-0.1563388508698374,11.852389794565775,11.912374459176458,11.882382126871118,11.826198568065644
27.3,0.2152330392450011,-0.0970924041852057,11.852389794565775,11.912374459176458,11.882382126871118,11.835691118652603
27.32,-0.0860041798216109,-0.1294204719159673,11.620787882524713,11.806132430864793,11.713460156694753,11.821919947220028
27.34,-0.1083923470555997,-0.105135891399789,11.620787882524713,11.806132430864793,11.713460156694753,11.8091229059205
27.36,-0.2393110879146087,-0.1436725053944696,11.818847093800322,11.833767603392696,11.826307348596508,11.806533750605636
27.38,-0.1609054023872131,-0.1531267066293313,11.818847093800322,11.833767603392696,11.826307348596508,11.805614813161753
27.4,0.1105687895545559,-0.1269303666462724,11.818847093800322,11.833767603392696,11.826307348596508,11.80967430491721
27.42,-0.1503919106303911,-0.1472146300459777,11.573334260943472,11.707830346674177,11.640582303808824,11.790058050415025
27.44,-0.1837676977548034,-0.1580379329049445,11.573334260943472,11.707830346674177,11.640582303808824,11.77180265719482
27.46,-0.1823962340009868,-0.1756176044813178,11.794443575111014,11.806344075053897,11.800393825082455,11.771378641771566
27.48,-0.0836034785905787,-0.1313250546615423,11.794443575111014,11.806344075053897,11.800393825082455,11.772775297488026
27.5,-0.2563954393457194,-0.1250231437087797,11.794443575111014,11.806344075053897,11.800393825082455,11.770922032339248
27.52,-0.0714196241043624,-0.1612404627034117,11.743794057294592,11.811845408225428,11.77781973276001,11.770326249147447
27.54,-0.2274495429161115,-0.2547538163101325,11.743794057294592,11.811845408225428,11.77781973276001,11.766981505736215
27.56,-0.0537869025610928,-0.1433013708435133,11.82224211821854,11.929052350150702,11.87564723418462,11.776879914334955
27.58,0.071245526316804,-0.1844361999607921,11.82224211821854,11.929052350150702,11.87564723418462,11.788039065793622
27.6,-0.1997950078670554,-0.1779830789672027,11.82224211821854,11.929052350150702,11.87564723418462,11.793203572491116
27.62,-0.0987885890998691,-0.1740322941914413,11.943552409004898,11.863940698732732,11.903746553868814,11.802479676025087
27.64,-0.0381108299394863,-0.1501582820491786,11.943552409004898,11.863940698732732,11.903746553868814,11.811920368870547
27.66,-0.061292111088189,-0.1294738644101867,11.711949028154002,11.64218084654226,11.677064937348131,11.797331567718718
27.68,-0.0829261927032763,-0.1860136919328814,11.711949028154002,11.64218084654226,11.677064937348131,11.783812233213002
27.7,0.0082667313740566,-0.1026409021300132,11.711949028154002,11.64218084654226,11.677064937348131,11.773286304791249
27.72,-0.4439698247739005,-0.1374405718527644,11.82098114817702,11.709718724058916,11.765349936117968,11.764501211077992
27.74,-0.1719232410983784,-0.1449569036173575,11.82098114817702,11.709718724058916,11.765349936117968,11.76149146524222
27.76,-0.2696762906002445,-0.1806386983645799,11.67303658181141,11.646224871793953,11.659630726802682,11.746451218167461
27.78,-0.1103938915690459,-0.1433120589474967,11.67303658181141,11.646224871793953,11.659630726802682,11.73578207898274
27.8,0.0036768164932282,-0.1624600479856018,11.67303658181141,11.646224871793953,11.659630726802682,11.728233126461614
27.82,-0.1316011236200724,-0.1043691951743641,11.718924794418948,11.718190411410148,11.718557602914547,11.724896753881747
27.84,-0.2316349975364444,-0.1191926992207277,11.718924794418948,11.718190411410148,11.718557602914547,11.720093408829372
27.86,-0.0941261967707166,-0.1563481013923224,11.828840162231796,11.615668084147057,11.722254123189426,11.718615208723506
27.88,0.1152210622074083,-0.1453647890961612,11.828840162231796,11.615668084147057,11.722254123189426,11.721053079289831
27.9,-0.1983095324096577,-0.202019520543022,11.828840162231796,11.615668084147057,11.722254123189426,11.717603612096418
27.92,-0.1932287420472212,-0.1381043104946323,11.619927961492426,11.773919649735891,11.696923805614158,11.712057514091343
27.94,-0.1213707648460521,-0.1657158571726195,11.619927961492426,11.773919649735891,11.696923805614158,11.708359469476397
27.96,-0.1924112707877766,-0.1758922265954663,11.860227690263589,11.862640290761457,11.861433990512523,11.72020351870583
27.98,-0.0647727639074346,-0.1594962853615254,11.860227690263589,11.862640290761457,11.861433990512523,11.733160656136166
28.0,-0.3233202298711007,-0.1475474643636716,11.860227690263589,11.862640290761457,11.861433990512523,11.740168225436122
28.02,-0.2525249753590841,-0.1445809990559768,11.487777407178983,11.671085004308551,11.579431205743766,11.719549073910423
28.04,-0.4786741015439099,-0.1971117418321904,11.487777407178983,11.671085004308551,11.579431205743766,11.696921153265967
28.06,-0.1822501672825329,-0.2039401019397189,11.79310043989349,11.742665755270854,11.767883097582171,11.700736844686501
28.08,-0.1670165858918618,-0.1751028419548285,11.79310043989349,11.742665755270854,11.767883097582171,11.704445171430015
28.1,-0.2848032675283476,-0.1635226589710626,11.79310043989349,11.742665755270854,11.767883097582171,11.70566250522972
28.12,-0.3035245665708294,-0.2091570677295079,11.676053989602709,11.7588290521726,11.717441520887654,11.70137696459724
28.14,-0.1693089097833017,-0.1583804114748753,11.676053989602709,11.7588290521726,11.717441520887654,11.699935859850182
28.16,0.1210042572588018,-0.160493523632735,11.655403194800034,11.696770842331508,11.67608701856577,11.6997290523524
28.18,-0.3624304221498483,-0.2057887383075791,11.655403194800034,11.696770842331508,11.67608701856577,11.69084110137504
28.2,-0.1543497757358578,-0.1470111313325638,11.655403194800034,11.696770842331508,11.67608701856577,11.686587397130868
28.22,-0.2371536609757754,-0.1988619889440065,11.627226577415582,11.566573818695147,11.596900198055366,11.673349911325754
28.24,-0.5187949242844494,-0.2237924058188073,11.627226577415582,11.566573818695147,11.596900198055366,11.656366631361594
28.26,-0.1097153313757545,-0.2071024175770116,11.771067982247704,11.62585356552486,11.698460773886282,11.6586011696493
28.28,-0.2047073087635629,-0.2060108583003939,11.771067982247704,11.62585356552486,11.698460773886282,11.658902398515254
28.3,-0.3118480696532147,-0.16993083508492,11.771067982247704,11.62585356552486,11.698460773886282,11.6572449707986
28.32,-0.238818876767911,-0.1349635565277536,11.72479748227864,11.694080189326588,11.709438835802615,11.658165617517179
28.34,-0.3031059623229613,-0.155044452196452,11.72479748227864,11.694080189326588,11.709438835802615,11.657837032023908
28.36,-0.0653949510850359,-0.142036033932162,11.692042363504338,11.503396184821169,11.597719274162753,11.650648147118261
28.38,-0.3348747194698697,-0.1546541239913127,11.692042363504338,11.503396184821169,11.597719274162753,11.639327514872251
28.4,-0.4321957490370128,-0.2038658121492556,11.692042363504338,11.503396184821169,11.597719274162753,11.627387167318636
28.42,-0.2445939832613292,-0.1939542499476119,11.544099754597957,11.326345428588024,11.43522259159299,11.603768018047369
28.44,-0.3254796947033758,-0.175583228732452,11.544099754597957,11.326345428588024,11.43522259159299,11.58105484089727
28.46,-0.0322919455941405,-0.1690157104338644,11.720720761331965,11.470627127031424,11.595673944181694,11.58193549620502
28.48,-0.27054610700739,-0.1932097778987288,11.720720761331965,11.470627127031424,11.595673944181694,11.578439511076557
28.5,-0.089198687711725,-0.2042081009411577,11.720720761331965,11.470627127031424,11.595673944181694,11.578557378008261
28.52,-0.2660183616965972,-0.2220155680403641,11.703959457260662,11.679556994944154,11.691758226102408,11.585089132307138
28.54,-0.4278056149552032,-0.1724887297400504,11.703959457260662,11.679556994944154,11.691758226102408,11.588055540617471
28.56,0.0266072695858574,-0.1661340254573579,11.565787151802873,11.437474081443751,11.501630616623313,11.579891979070602
28.58,-0.336473595066105,-0.1364715034151221,11.565787151802873,11.437474081443751,11.501630616623313,11.566009318114684
28.6,-0.3184146186570828,-0.1986673004078313,11.565787151802873,11.437474081443751,11.501630616623313,11.553839984829718
28.62,-0.1068548554835087,-0.1855982791654212,11.703246849392864,11.575270900700293,11.639258875046579,11.560458486452701
28.64,-0.1139595594630168,-0.2056162824805672,11.703246849392864,11.575270900700293,11.639258875046579,11.566287253241754
28.66,-0.1964315043540214,-0.1884628356650263,11.583345647985604,11.614095761035772,11.598720704510688,11.565994831290276
28.68,-0.208181821728383,-0.1617185762851151,11.583345647985604,11.614095761035772,11.598720704510688,11.565520145821207
28.7,-0.034554243077731,-0.1753500864959939,11.583345647985604,11.614095761035772,11.598720704510688,11.568218225314757
28.72,-0.0711700062247699,-0.1714486772501855,11.413612913915516,11.491855000196333,11.452733957055925,11.555388738376827
28.74,-0.1601662882473221,-0.1808131191028082,11.413612913915516,11.491855000196333,11.452733957055925,11.542240267056284
28.76,-0.2535440565133635,-0.1957383001130342,11.558562462405195,11.47649860354791,11.517530532976552,11.53520550063107
28.78,-0.544571777131879,-0.1642881422846797,11.558562462405195,11.47649860354791,11.517530532976552,11.523635711877246
28.8,-0.23628019374773,-0.2067606119937551,11.558562462405195,11.47649860354791,11.517530532976552,11.518772150499718
28.82,-0.3398255636290993,-0.1651550318673701,11.530085015392793,11.487510038882316,11.508797527137554,11.51165782801818
28.84,-0.0668346321243267,-0.1958777574488096,11.530085015392793,11.487510038882316,11.508797527137554,11.51016877455188
28.86,-0.3038396874204302,-0.1813249548507074,11.448939702964893,11.550264824080946,11.49960226352292,11.503643009075418
28.88,-0.3178063357960344,-0.2109717311820291,11.448939702964893,11.550264824080946,11.49960226352292,11.49751842047584
28.9,-0.3294988938415265,-0.2260640645509376,11.448939702964893,11.550264824080946,11.49960226352292,11.491795824691401
28.92,-0.2230205044097507,-0.1692057986328565,11.40857586082468,11.3641719438842,11.386373902354439,11.477239263378328
28.94,-0.3367193904076775,-0.1377276868155864,11.40857586082468,11.3641719438842,11.386373902354439,11.4620917782486
28.96,-0.2176804203888951,-0.1323965258970147,11.35513581568229,11.414221977825235,11.384678896753762,11.450432242532116
28.98,-0.1338085508589102,-0.1260914678346547,11.35513581568229,11.414221977825235,11.384678896753762,11.44144835403882
29.0,-0.2835234127049678,-0.1745778327159189,11.35513581568229,11.414221977825235,11.384678896753762,11.430667986881625
29.02,-0.2109878556350246,-0.1740452972926571,11.381082443483066,11.568056154398352,11.47456929894071,11.431260336686103
29.04,-0.2229791502927713,-0.2125581954194182,11.381082443483066,11.568056154398352,11.47456929894071,11.431577608206293
29.06,-0.2234034106640353,-0.1754028278062793,11.571510186088748,11.441506065326918,11.506508125707832,11.435049398564495
29.08,-0.4948393347691513,-0.1774091296224416,11.571510186088748,11.441506065326918,11.506508125707832,11.433288163252984
29.1,-0.4057174665601816,-0.2046814800553411,11.571510186088748,11.441506065326918,11.506508125707832,11.433307245100384
29.12,-0.2687994767570223,-0.1426589699677325,11.539799896247107,11.24667689712888,11.393238396687995,11.424461969677518
29.14,-0.263779340037674,-0.1797803831172542,11.539799896247107,11.24667689712888,11.393238396687995,11.416591584257889
29.16,-0.3058230718330843,-0.1988204195885808,11.40115842514503,11.19052469856335,11.29584156185419,11.399011766724524
29.18,-0.6189390368654857,-0.2300529222292782,11.40115842514503,11.19052469856335,11.29584156185419,11.377553843573912
29.2,-0.4468753904034056,-0.1257581947161922,11.40115842514503,11.19052469856335,11.29584156185419,11.36133885837468
29.22,-0.5708554130942065,-0.1736811110781923,11.306130847123857,11.331138593614767,11.318634720369312,11.346793047138448
29.24,-0.1318828927355474,-0.1782555021753839,11.306130847123857,11.331138593614767,11.318634720369312,11.341603322392295
29.26,-0.5270812793631273,-0.2056126771234727,11.313469558523328,11.340644856008584,11.327057207265955,11.330661247851125
29.28,-0.3267838758893058,-0.1829544650114479,11.313469558523328,11.340644856008584,11.327057207265955,11.324418734026603
29.3,-0.2458009829936485,-0.1865905653894366,11.313469558523328,11.340644856008584,11.327057207265955,11.320258163656653
29.32,-0.4545345976826335,-0.1866990334265307,11.393313329254372,11.318909036198944,11.356111182726657,11.315661842805367
29.34,-0.5052673145421285,-0.2259899851794674,11.393313329254372,11.318909036198944,11.356111182726657,11.310611965135738
29.36,-0.3720470997472657,-0.1979062105551207,11.382507600845065,11.448645744351465,11.415576672598265,11.314411588086541
29.38,-0.6213091828916757,-0.1864746287098312,11.382507600845065,11.448645744351465,11.415576672598265,11.313344531245663
29.4,-0.3734485205264621,-0.1938483883791992,11.382507600845065,11.448645744351465,11.415576672598265,11.316845672011446
29.42,-0.4424553440864051,-0.2137733037235961,11.463550492651034,11.325864202401345,11.39470734752619,11.316667643369364
29.44,-0.3188810999930909,-0.2313379374042598,11.463550492651034,11.325864202401345,11.39470734752619,11.31873175398517
29.46,-0.6114310214720293,-0.1637986001572383,11.28115441408023,11.28056218111584,11.280858297598035,11.30393864995996
29.48,-0.2934033666139093,-0.159965317435522,11.28115441408023,11.28056218111584,11.280858297598035,11.296349354124718
29.5,-0.2548484889334817,-0.1808668506443532,11.28115441408023,11.28056218111584,11.280858297598035,11.290212975671249
29.52,-0.4803437736569858,-0.1953872038485553,11.126030705572122,11.417466923352936,11.27174881446253,11.279720371624553
29.54,-0.3333664052147801,-0.2057448851994116,11.126030705572122,11.417466923352936,11.27174881446253,11.272922620614484
29.56,-0.387294917595221,-0.2218895763552014,11.358147059698888,11.211432574585473,11.28478981714218,11.26713803175054
29.58,-0.1926425389923972,-0.2151010536142434,11.358147059698888,11.211432574585473,11.28478981714218,11.265435644587841
29.6,-0.2944414096091199,-0.189213329632473,11.358147059698888,11.211432574585473,11.28478981714218,11.26207111647031
29.62,-0.3973329647523917,-0.1927153345154319,11.332404464681154,11.230389171255776,11.281396817968465,11.256851693254582
29.64,-0.597151323977807,-0.2019577665182353,11.332404464681154,11.230389171255776,11.281396817968465,11.24855748189437
29.66,-0.5547305631197182,-0.2152059066296878,11.211561671222627,11.228767525729356,11.220164598475993,11.235733043416378
29.68,-0.4519073892597257,-0.2233495302604286,11.211561671222627,11.228767525729356,11.220164598475993,11.226041865915665
29.7,-0.4988710543321329,-0.1933246611382803,11.211561671222627,11.228767525729356,11.220164598475993,11.21647446019372
29.72,-0.4803976059132315,-0.2243881005817104,11.232196334978752,11.167799206663563,11.199997770821158,11.206179634350026
29.74,-0.266495981833614,-0.1675111363762427,11.232196334978752,11.167799206663563,11.199997770821158,11.200764520324133
29.76,-0.3829837052486473,-0.1833934478621717,11.072351842520924,11.033940334769865,11.053146088645395,11.179108970461781
29.78,-0.2857406502074499,-0.1459430418621154,11.072351842520924,11.033940334769865,11.053146088645395,11.16136935057641
29.8,-0.4079557618980691,-0.1867724867453966,11.072351842520924,11.033940334769865,11.053146088645395,11.143203820669143
29.82,-0.4279058831131876,-0.1817271506037945,11.074299067544302,11.197803149128434,11.136051108336368,11.13478624353983
29.84,-0.4973559984375729,-0.1914876240433452,11.074299067544302,11.197803149128434,11.136051108336368,11.125960322047607
29.86,-0.5606499933710765,-0.1925480766009794,11.270420598009602,10.90578703373346,11.08810381587153,11.11208297154932
29.88,-0.4020700211518045,-0.1818046168743627,11.270420598009602,10.90578703373346,11.08810381587153,11.10244779560081
29.9,-0.2535140728737785,-0.2024358070056088,11.270420598009602,10.90578703373346,11.08810381587153,11.096450144316155
29.92,-0.4326465821158319,-0.1519387756794792,11.110209789979898,10.969257431817873,11.039733610898885,11.08299085249634
29.94,-0.3374595628643132,-0.1858936932989199,11.110209789979898,10.969257431817873,11.039733610898885,11.072590856205037
29.96,-0.548158386131575,-0.1928283730252554,11.12094714050994,11.140253578021657,11.130600359265799,11.068524955560747
29.98,-0.4712506957430756,-0.2566644515445648,11.12094714050994,11.140253578021657,11.130600359265799,11.066249983407879
30.0,-0.4370432030435474,-0.2356090690511039,11.12094714050994,11.140253578021657,11.130600359265799,11.064818243338888
30.02,-0.4096299431411758,-0.2023324786691526,10.975793011116382,11.092813033554668,11.034303022335525,11.054393382262012
30.04,-0.4441998262769923,-0.1993298402098811,10.975793011116382,11.092813033554668,11.034303022335525,11.044388749396377
30.06,-0.4442205657158645,-0.2135456360421594,11.110155132737711,10.914712934683775,11.012434033710743,11.033197307644928
30.08,-0.4709129221984005,-0.1792916338706962,11.110155132737711,10.914712934683775,11.012434033710743,11.022644547651938
30.1,-0.3859200935827065,-0.2089112956210579,11.110155132737711,10.914712934683775,11.012434033710743,11.014676934573329
30.12,-0.4000419773287766,-0.2024869487919915,10.967229874332508,10.943495950575052,10.95536291245378,11.001544776769455
30.14,-0.4982695469917701,-0.2310810189204456,10.967229874332508,10.943495950575052,10.95536291245378,10.987957738492035
30.16,-0.5531068572960551,-0.2266608293220773,11.075967269865464,11.07262147908659,11.074294374476027,10.986635478659107
30.18,-0.5474777863657019,-0.2106164943443672,11.075967269865464,11.07262147908659,11.074294374476027,10.985546768086218
30.2,-0.2540973078787908,-0.2315607851343403,11.075967269865464,11.07262147908659,11.074294374476027,10.989847777183382
30.22,-0.4210048791505179,-0.1646504113967641,11.029543881724216,10.777343740500118,10.903443811112167,10.973629292751554
30.24,-0.3524842233389115,-0.2292272980787109,11.029543881724216,10.777343740500118,10.903443811112167,10.960266028567515
30.26,-0.366516096141749,-0.2145093970873719,10.893067202839877,10.915617229387204,10.904342216113541,10.948076357591564
30.28,-0.4563119435905481,-0.1922523047562452,10.893067202839877,10.915617229387204,10.904342216113541,10.93548932845913
30.3,-0.4287200867060926,-0.2074258653020781,10.893067202839877,10.915617229387204,10.904342216113541,10.924657655663863
30.32,-0.4222060689841794,-0.1909300927058065,10.960172291519264,10.850845147490078,10.90550871950467,10.91514305280623
30.34,-0.655322755854165,-0.2087868575826056,10.960172291519264,10.850845147490078,10.90550871950467,10.9023838098707
30.36,-0.4253299209262601,-0.2081942476794455,10.774183793544712,10.847059602211033,10.810621697877872,10.885551660094746
30.38,-0.5603188142581393,-0.2334969247744862,10.774183793544712,10.847059602211033,10.810621697877872,10.867972925216412
30.4,-0.5697245319052031,-0.1831974063321634,10.774183793544712,10.847059602211033,10.810621697877872,10.851982760908264
30.42,-0.44930533227014,-0.1798446107759614,10.679339777456828,10.791168431545277,10.735254104501053,10.83222239928668
30.44,-0.1518962632812375,-0.2094646077458792,10.679339777456828,10.791168431545277,10.735254104501053,10.819791437069055
30.46,-0.6909829987406826,-0.174077238005564,10.921928387926105,10.865685611476415,10.89380699970126,10.814755299354944
30.48,-0.7350647354206952,-0.1990575417310958,10.921928387926105,10.865685611476415,10.89380699970126,10.809429304152005
30.5,-0.4806435249757773,-0.1924178757491227,10.921928387926105,10.865685611476415,10.89380699970126,10.809215490257367
30.52,-0.734936610911272,-0.2311715277410838,10.833785983382809,10.779669172910143,10.806727578146475,10.795737840049876
30.54,-0.5147359881860153,-0.2605196284985483,10.833785983382809,10.779669172910143,10.806727578146475,10.787571566072188
30.56,-0.7501591949987969,-0.1878004321340557,10.861032240125162,10.771503924519292,10.816268082322228,10.776938352187214
30.58,-0.4480862845166257,-0.1418847046517209,10.861032240125162,10.771503924519292,10.816268082322228,10.772805772079417
30.6,-0.5113541125618053,-0.2221298918854222,10.861032240125162,10.771503924519292,10.816268082322228,10.767947629077584
30.62,-0.6177921480794795,-0.2058035291789328,10.790170701579822,10.840657604396648,10.815414152988236,10.76157402280322
30.64,-0.3629084679813865,-0.1908410550890969,10.790170701579822,10.840657604396648,10.815414152988236,10.760425683398058
30.66,-0.4881695227175059,-0.1759748864052013,10.70573533359454,10.7385518905611,10.722143612077819,10.747810424857121
30.68,-0.4377459747031236,-0.2054532117001948,10.70573533359454,10.7385518905611,10.722143612077819,10.737364316034535
30.7,-0.6562477460463256,-0.1905441663290755,10.70573533359454,10.7385518905611,10.722143612077819,10.72402978621003
30.72,-0.4728445089522254,-0.2243655156156226,10.77888621961343,10.81273263388985,10.795809426751639,10.722696549103054
30.74,-0.6567329253902914,-0.2163386940612647,10.77888621961343,10.81273263388985,10.795809426751639,10.718186644210888
30.76,-0.2369777065959116,-0.1824346835388579,10.683164006251568,10.521346241652456,10.602255123952013,10.702327893466274
30.78,-0.4131455080747385,-0.2026225729596903,10.683164006251568,10.521346241652456,10.602255123952013,10.684883997369502
30.8,-0.5043457982936471,-0.2640896467612464,10.683164006251568,10.521346241652456,10.602255123952013,10.667542885658467
30.82,-0.3974932043323433,-0.2096097232217108,10.791569273959764,10.77164624841626,10.781607761188013,10.671794495533439
30.84,-0.5115776075165023,-0.1633787331027723,10.791569273959764,10.77164624841626,10.781607761188013,10.673567425163599
30.86,-0.5542676415596648,-0.2118998462914209,10.747142318003542,10.46892528095187,10.608033799477706,10.657037245046936
30.88,-0.5166074720897579,-0.2002589088242874,10.747142318003542,10.46892528095187,10.608033799477706,10.642837965992399
30.9,-0.7526095238460829,-0.2635838132343558,10.747142318003542,10.46892528095187,10.608033799477706,10.6258105779117
30.92,-0.5923634446239654,-0.219341268388422,10.630137790004463,10.68129532209371,10.655716556049086,10.618138633722207
30.94,-0.5143910500642271,-0.2078248383704097,10.630137790004463,10.68129532209371,10.655716556049086,10.61263738705374
30.96,-0.6315461049140445,-0.207508939623779,10.508320365177186,10.58016262980932,10.544241497493253,10.594429968209239
30.98,-0.2945727460231485,-0.2228335277667718,10.508320365177186,10.58016262980932,10.544241497493253,10.584108811709225
31.0,-0.5911326844294601,-0.2196897580998574,10.508320365177186,10.58016262980932,10.544241497493253,10.569481691967898
31.02,-0.5196041145841567,-0.2494970916736939,10.611945775314144,10.732908447209931,10.672427111262039,10.570423359834798
31.04,-0.3134205823933343,-0.2370307365883801,10.611945775314144,10.732908447209931,10.672427111262039,10.574982164494443
31.06,-0.4586388477092007,-0.2215607340683057,10.663571542734587,10.735465638466392,10.69951859060049,10.579180307846283
31.08,-0.2983383000005186,-0.1993614293743726,10.663571542734587,10.735465638466392,10.69951859060049,10.585844046721695
31.1,-0.5388854408309851,-0.2125783363136975,10.663571542734587,10.735465638466392,10.69951859060049,10.587511563174617
31.12,-0.7417230924335484,-0.1947214281416266,10.704885808879348,10.678097214889643,10.691491511884497,10.584558542381803
31.14,-0.8602080301274133,-0.1838247640017435,10.704885808879348,10.678097214889643,10.691491511884497,10.57976809478978
31.16,-0.7142909661698312,-0.2251037191654108,10.289164343418951,10.288916985084615,10.289040664251782,10.537838114344924
31.18,-0.5406051925550406,-0.2255353364747427,10.289164343418951,10.288916985084615,10.289040664251782,10.50322747586962
31.2,-0.4561146371541696,-0.1754258545501915,10.289164343418951,10.288916985084615,10.289040664251782,10.473598731239063
31.22,-0.4506774696301192,-0.2377526007226483,10.644111333949857,10.406035976155277,10.525073655052566,10.470634029167071
31.24,-0.732622078169822,-0.245555628517166,10.644111333949857,10.406035976155277,10.525073655052566,10.462890794348565
31.26,-0.65623391154838,-0.2321089069138234,10.445583695672084,10.386196659314605,10.415890177493345,10.446378522255172
31.28,-0.5226940061064902,-0.2509849933493939,10.445583695672084,10.386196659314605,10.415890177493345,10.433921195669072
31.3,-0.845393294690858,-0.2477163879429468,10.445583695672084,10.386196659314605,10.415890177493345,10.416901014547065
31.32,-0.6898606732660103,-0.2427587805604452,10.414237379838324,10.30210780581529,10.358172592826808,10.398610680256251
31.34,-0.5563452371105283,-0.2251431146250443,10.414237379838324,10.30210780581529,10.358172592826808,10.384552657245317
31.36,-0.564925941757232,-0.2000976872195,10.484206764809782,10.500234794855164,10.492220779832472,10.385150802552403
31.38,-0.4755952799034972,-0.2182027197378443,10.484206764809782,10.500234794855164,10.492220779832472,10.387297085242148
31.4,-0.5777566739004634,-0.2344572823205496,10.484206764809782,10.500234794855164,10.492220779832472,10.387389834570973
31.42,-0.6305108196918962,-0.1669258961198574,10.325358402497852,10.169207486605028,10.24728294455144,10.362029950814565
31.44,-0.7026190075240644,-0.2239286498614494,10.325358402497852,10.169207486605028,10.24728294455144,10.337908108052819
31.46,-0.5593209676620754,-0.2034929790265331,10.277188788194874,10.288439520470597,10.282814154332735,10.322330935262894
31.48,-0.6325036658168773,-0.203083586553127,10.277188788194874,10.288439520470597,10.282814154332735,10.306994191185176
31.5,-0.5076533580291454,-0.2227857325661557,10.277188788194874,10.288439520470597,10.282814154332735,10.295438427055409
31.52,-0.7652290390869787,-0.2037384701899615,10.230246362451538,10.261005899879322,10.24562613116543,10.276683074762847
31.54,-0.3885605702783756,-0.2098836185882889,10.230246362451538,10.261005899879322,10.24562613116543,10.266583290138096
31.56,-0.6907757350918413,-0.2269231952698375,10.345291314322308,10.222596848391854,10.283944081357081,10.255885406028343
31.58,-0.6559524601885587,-0.2301938784483587,10.345291314322308,10.222596848391854,10.283944081357081,10.246884129277824
31.6,-0.5228985278470805,-0.2165109293570816,10.345291314322308,10.222596848391854,10.283944081357081,10.2411779509845
31.62,-0.5331565722224182,-0.2612545373503727,10.240421348644706,10.229420293530978,10.234920821087842,10.230955419694833
31.64,-0.5478037702371636,-0.214765961457202,10.240421348644706,10.229420293530978,10.234920821087842,10.221491491969868
31.66,-0.6874408210279,-0.2122457488926395,10.294064282679992,10.132343961594398,10.213204122137196,10.2082888202081
31.68,-0.8756166164826005,-0.2073263614610501,10.294064282679992,10.132343961594398,10.213204122137196,10.193019251304325
31.7,-0.6394798331563762,-0.2084688112213072,10.294064282679992,10.132343961594398,10.213204122137196,10.183527101390798
31.72,-0.5353508813652958,-0.2253952631617507,10.125761496290474,10.076007419052988,10.100884457671732,10.165626521154318
31.74,-0.5692370991438471,-0.1810131980454805,10.125761496290474,10.076007419052988,10.100884457671732,10.148906047021471
31.76,-0.5094303440771472,-0.2415771643393916,10.088178784716115,10.162090732651633,10.125134758683874,10.137359171994321
31.78,-0.6699779780849777,-0.2375719148059848,10.088178784716115,10.162090732651633,10.125134758683874,10.124077127057745
31.8,-0.7222450448340997,-0.2180423886539449,10.088178784716115,10.162090732651633,10.125134758683874,10.111182479413346
31.82,-0.7735348243059831,-0.1759799157493248,10.077505678404467,10.03337090968124,10.055438294042855,10.09168443403879
31.84,-0.5615180296403111,-0.1899538400571261,10.077505678404467,10.03337090968124,10.055438294042855,10.07795249550567
31.86,-0.6054562904664844,-0.1872072538347576,9.977545187884845,10.056513552091712,10.017029369988279,10.060961969725534
31.88,-0.6403405053039243,-0.1755230924624879,9.977545187884845,10.056513552091712,10.017029369988279,10.04504258065634
31.9,-0.6447450062526656,-0.2384355036621978,9.977545187884845,10.056513552091712,10.017029369988279,10.030635849476987
31.92,-0.6713107543932493,-0.2868159068288906,10.217749409344068,10.04587241234535,10.13181091084471,10.02866976203468
31.94,-0.6880403800295559,-0.202558126505054,10.217749409344068,10.04587241234535,10.13181091084471,10.026599150075151
31.96,-0.5609303138054181,-0.2437525271532181,10.098910367830497,10.141548808423954,10.120229588127225,10.025865448231862
31.98,-0.7356106522373433,-0.2245655409703117,10.098910367830497,10.141548808423954,10.120229588127225,10.022060870481127
32.0,-0.4611982167065553,-0.199466931897192,10.098910367830497,10.141548808423954,10.120229588127225,10.02357617434502
32.02,-0.4632756188864573,-0.2453466684645401,10.158041541543795,10.130543787400669,10.144292664472232,10.027308862217785
32.04,-0.4401862349937211,-0.2264746233946596,10.158041541543795,10.130543787400669,10.144292664472232,10.031083890213345
32.06,-0.4999152721296682,-0.1924869578317414,9.916458615603478,10.058261500882075,9.987360058242777,10.017713032117953
32.08,-0.7198470027626549,-0.1889365327178916,9.916458615603478,10.058261500882075,9.987360058242777,10.001720488680709
32.1,-0.5388872584207408,-0.1970747301061556,9.916458615603478,10.058261500882075,9.987360058242777,9.99058447498534
32.12,-0.6658482520182105,-0.1838756270830354,9.788387952269549,9.87984402140708,9.834115986838315,9.962952357634313
32.14,-0.6406387290603597,-0.2310425387792657,9.788387952269549,9.87984402140708,9.834115986838315,9.938537223431625
32.160000000000004,-0.6006307091099732,-0.2233701768735056,9.79965284392217,9.81642648293778,9.808039663429975,9.91467611466748
32.18,-0.6846344868788521,-0.1942788671788605,9.79965284392217,9.81642648293778,9.808039663429975,9.891689048779913
32.2,-0.6596839501061439,-0.1949474069974823,9.79965284392217,9.81642648293778,9.808039663429975,9.871449799143008
32.22,-0.5724539063230393,-0.1930229624858331,9.814540920110709,9.745649351153856,9.780095135632283,9.852010162478122
32.24,-0.548779659241706,-0.1917909437732816,9.814540920110709,9.745649351153856,9.780095135632283,9.834940625927185
32.26,-0.569472353584748,-0.1656122803739713,9.98644082188299,9.660257516995086,9.823349169439037,9.823530977913848
32.28,-0.3614638305777476,-0.2021122919270222,9.98644082188299,9.660257516995086,9.823349169439037,9.817006448115967
32.3,-0.4118493180466703,-0.2453663040423939,9.98644082188299,9.660257516995086,9.823349169439037,9.810227432523435
32.32,-0.6568113371005033,-0.2092667383922112,9.66355619244538,9.730180902488906,9.696868547467144,9.787068939949993
32.34,-0.6538029676064778,-0.2313858173977685,9.66355619244538,9.730180902488906,9.696868547467144,9.766280447284789
32.36,-0.6201657561092897,-0.2386329020489594,9.71744092447503,9.46870739895962,9.593074161717325,9.737796835118077
32.38,-0.5954381178938879,-0.1889043048732317,9.71744092447503,9.46870739895962,9.593074161717325,9.71260668165591
32.4,-0.480514650667309,-0.1740780437962778,9.71744092447503,9.46870739895962,9.593074161717325,9.692004165950042
32.42,-0.7584302973313287,-0.2070661394086842,9.82173413051568,9.588469752992976,9.705101941754329,9.679662198178503
32.44,-0.7499916879821422,-0.2080891524830348,9.82173413051568,9.588469752992976,9.705101941754329,9.66870632215241
32.46,-0.6920626264103444,-0.2291373877622229,9.751552201046758,9.663505134359024,9.707528667702892,9.66013142943207
32.480000000000004,-0.3164951631268857,-0.2299326221881255,9.751552201046758,9.663505134359024,9.707528667702892,9.659174240322866
32.5,-0.5215402414722031,-0.2617357895689871,9.751552201046758,9.663505134359024,9.707528667702892,9.65462195871437
32.52,-0.8736370212790034,-0.1996723203215005,9.753244270480591,9.56939642070803,9.66132034559431,9.63956633101934
32.54,-0.6695477659281951,-0.23032156354049,9.753244270480591,9.56939642070803,9.66132034559431,9.629689872690133
32.56,-0.906069051759076,-0.2041482591040193,9.72291554844708,9.32316468863307,9.523040118540075,9.602715654343461
32.58,-0.6350295189088508,-0.2077448902467094,9.72291554844708,9.32316468863307,9.523040118540075,9.583317569422766
32.6,-0.7108968933492008,-0.2690927973120041,9.72291554844708,9.32316468863307,9.523040118540075,9.564493680254209
32.62,-0.5294636215897829,-0.1883985153512989,9.486511289354972,9.52344671420363,9.5049790017793,9.549011867218105
32.64,-0.5293260176307423,-0.2114248597141017,9.486511289354972,9.52344671420363,9.5049790017793,9.535080712356871
32.660000000000004,-0.4857552328980259,-0.2088692108363614,9.639603344690238,9.437782676218724,9.53869301045448,9.526698347974465
32.68,-0.6484295186680775,-0.2544423076727587,9.639603344690238,9.437782676218724,9.53869301045448,9.516226082886442
32.7,-0.6125538930666292,-0.2159794903474614,9.639603344690238,9.437782676218724,9.53869301045448,9.507446805568044
32.72,-0.5506906500887173,-0.2384267250480727,9.4777497282238,9.494674256303718,9.486211992263758,9.49541089253602
32.74,-0.6147156983278402,-0.2187151373453535,9.4777497282238,9.494674256303718,9.486211992263758,9.48342611993889
32.76,-0.7904369987270159,-0.1694236306531321,9.531162937681726,9.413918152440914,9.472540545061321,9.46810969647405
32.78,-0.8060248887669482,-0.246116023685737,9.531162937681726,9.413918152440914,9.472540545061321,9.45404433333497
32.8,-0.6347545776809186,-0.2607726169473918,9.531162937681726,9.413918152440914,9.472540545061321,9.444468372109352
32.82,-0.8955642169058775,-0.2215958675335569,9.6649733380892,9.510214543668924,9.587593940879062,9.442660773082014
32.84,-0.4994299315638192,-0.2204292597695239,9.6649733380892,9.510214543668924,9.587593940879062,9.448164351093569
32.86,-0.812565083945144,-0.211317855477178,9.32034555042958,9.235295031424103,9.277820290926842,9.416503773565887
32.88,-0.5569145834842987,-0.1826351545324026,9.32034555042958,9.235295031424103,9.277820290926842,9.392610962799264
32.9,-0.72924446294379,-0.2377766174621649,9.32034555042958,9.235295031424103,9.277820290926842,9.368005495279037
32.92,-0.8899839441140722,-0.2086614823122988,9.393125467713103,9.383450690257902,9.388288078985504,9.35401404265563
32.94,-0.676839313721914,-0.2496170569364323,9.393125467713103,9.383450690257902,9.388288078985504,9.345258338641624
32.96,-0.7469935172405859,-0.2519113779080119,9.29140200450552,9.19458739024338,9.24299469737445,9.321586091204574
32.980000000000004,-0.8700511088414598,-0.2115817519133079,9.29140200450552,9.19458739024338,9.24299469737445,9.298066031862414
33.0,-0.5819970370583689,-0.1998145408848073,9.29140200450552,9.19458739024338,9.24299469737445,9.282082951746569
33.02,-0.7000330202604639,-0.2303128164244015,9.496251713707526,9.219975606608529,9.358113660158027,9.277085428223025
33.04,-0.7230352429051308,-0.2478931436323272,9.496251713707526,9.219975606608529,9.358113660158027,9.272173617044235
33.06,-0.5085252625326019,-0.2527244175326306,9.28884123240072,9.13747183239718,9.213156532398951,9.257118453854119
33.08,-0.8955329811573728,-0.2313620824902665,9.28884123240072,9.13747183239718,9.213156532398951,9.236602668047773
33.1,-0.5324491790045227,-0.2241340515555736,9.28884123240072,9.13747183239718,9.213156532398951,9.22467396926081
33.12,-0.6329817634802852,-0.2044364873532653,9.156154752192352,9.141724823733927,9.14893978796314,9.2057068793884
33.14,-0.6721773698182932,-0.2383763847736145,9.156154752192352,9.141724823733927,9.14893978796314,9.187930977589142
33.160000000000004,-1.0280257639568855,-0.254260169514086,9.2026226076054,9.079241304699588,9.140931956152494,9.16472661169425
33.18,-0.661541326930428,-0.249822396303031,9.2026226076054,9.079241304699588,9.140931956152494,9.15043940225533
33.2,-0.7637807807001973,-0.2623063833833106,9.2026226076054,9.079241304699588,9.140931956152494,9.13574060359244
33.22,-0.530190173202565,-0.2360633817213107,9.117314174725797,9.036662410457543,9.07698829259167,9.12032194937472
33.24,-0.7349471478602125,-0.2223559995979123,9.117314174725797,9.036662410457543,9.07698829259167,9.10275953503493
33.26,-0.9004863718348313,-0.1906699415289287,9.15966884736795,8.924956156355345,9.042312501861648,9.080506077024578
33.28,-0.7954772399075788,-0.1852052486847808,9.15966884736795,8.924956156355345,9.042312501861648,9.062368129189947
33.3,-0.7850319494777203,-0.1942324303706323,9.15966884736795,8.924956156355345,9.042312501861648,9.04623199136652
33.32,-0.6867780216181165,-0.2345220224921495,8.95281683210468,9.025616967251286,8.989216899677984,9.028168477808538
33.34,-0.768858484963968,-0.2259364633451128,8.95281683210468,9.025616967251286,8.989216899677984,9.01043386726613
33.36,-0.5974454839664819,-0.2033547471042053,9.008159886567247,8.888297675041422,8.948228780804335,8.993459339908554
33.38,-0.6426300804513689,-0.2118519606804978,9.008159886567247,8.888297675041422,8.948228780804335,8.977368942550005
33.4,-0.8031879721107461,-0.1904672556957112,9.008159886567247,8.888297675041422,8.948228780804335,8.959997542877447
33.42,-0.5046193680542935,-0.2432843569176796,9.043709553528842,9.01966622554815,9.031687889538496,8.958083428918574
33.44,-0.7033250064303642,-0.2052989064798591,9.043709553528842,9.01966622554815,9.031687889538496,8.95278402486482
33.46,-0.8578900696198333,-0.2121792700061759,9.0011001272356,8.969373935878933,8.985237031557267,8.940587304280907
33.480000000000004,-0.8085481800271969,-0.2181188648000089,9.0011001272356,8.969373935878933,8.985237031557267,8.930498409768052
33.5,-0.5712587527119646,-0.2120373125236278,9.0011001272356,8.969373935878933,8.985237031557267,8.925689614398161
33.52,-0.5821623428876866,-0.2503941276865465,8.754910108450389,9.004723906016356,8.879817007233372,8.910623431509702
33.54,-0.6323080160175367,-0.209181559494011,8.754910108450389,9.004723906016356,8.879817007233372,8.896161244793756
33.56,-0.8561056761916004,-0.2281444682333626,8.73305097926428,8.944172845293096,8.838611912278688,8.874996409370798
33.58,-0.8317806681097395,-0.2260173252204161,8.73305097926428,8.944172845293096,8.838611912278688,8.856385907635614
33.6,-0.800155756206291,-0.2257458082505595,8.73305097926428,8.944172845293096,8.838611912278688,8.840205704488206
33.62,-0.5546943950703214,-0.1690275099484976,8.785051503613227,8.849517083384267,8.817284293498748,8.827929064277996
33.64,-0.7455859482154041,-0.2066130333205821,8.785051503613227,8.849517083384267,8.817284293498748,8.813444040132191
33.660000000000004,-0.6637080597112954,-0.2068710605239921,8.949687268139233,9.012368918435191,8.981028093287211,8.818255700372887
33.68,-0.9315374909412496,-0.1741020656617624,8.949687268139233,9.012368918435191,8.981028093287211,8.81776526482738
33.7,-1.0279849724955148,-0.1889640861422458,8.949687268139233,9.012368918435191,8.981028093287211,8.81558781816844
33.72,-0.7569777582066224,-0.1891878889463966,8.90060811595599,8.763947224815713,8.832277670385851,8.803631203742466
33.74,-0.6857532633350054,-0.2411746440765445,8.90060811595599,8.763947224815713,8.832277670385851,8.794152291666773
33.76,-0.7303306750491215,-0.2210575774257118,8.902953695225628,8.716452653134516,8.809703174180072,8.78256142776722
33.78,-0.7029991887509092,-0.220537973239206,8.902953695225628,8.716452653134516,8.809703174180072,8.772621617010987
33.8,-0.7735214826264982,-0.1947082881855313,8.902953695225628,8.716452653134516,8.809703174180072,8.762406386040622
33.82,-0.7258153683312343,-0.1805011807796915,8.667341811280378,8.588063177883832,8.627702494582106,8.735871320264806
33.84,-0.6991187838815887,-0.2014018220726116,8.667341811280378,8.588063177883832,8.627702494582106,8.712470299586666
33.86,-0.7955040034048801,-0.1972591799332675,8.507889225030274,8.626729145360631,8.567309185195452,8.68363511608626
33.88,-0.9075496174020738,-0.1923139393588082,8.507889225030274,8.626729145360631,8.567309185195452,8.655666629883939
33.9,-0.7898357513065514,-0.2053138754768621,8.507889225030274,8.626729145360631,8.567309185195452,8.632613841891576
33.92,-0.6006168014439837,-0.2491933541815832,8.73005156972593,8.729984212008903,8.730017890867416,8.631543144363167
33.94,-1.03903018943599,-0.1999870539227981,8.73005156972593,8.729984212008903,8.730017890867416,8.62268807560375
33.96,-0.8333537252797196,-0.234572921158741,8.624596595858458,8.610633890367641,8.61761524311305,8.607180425299642
33.980000000000004,-0.7571365880860906,-0.2347831428144921,8.624596595858458,8.610633890367641,8.61761524311305,8.594595448495433
34.0,-0.930154692040748,-0.1975297087025931,8.624596595858458,8.610633890367641,8.61761524311305,8.580154643500464
34.02,-0.566826698917155,-0.2386608836609304,8.327665676423539,8.546262934198968,8.436964305311253,8.555632729101033
34.04,-0.7807166183966067,-0.2005162769379693,8.327665676423539,8.546262934198968,8.436964305311253,8.52971298759092
34.06,-0.7208699973116698,-0.2257885043335474,8.382018741581717,8.314378973640698,8.348198857611209,8.498585914641335
34.08,-0.8541133407864715,-0.217839589850965,8.382018741581717,8.314378973640698,8.348198857611209,8.46817316880417
34.1,-0.833225789456647,-0.2242690295344858,8.382018741581717,8.314378973640698,8.348198857611209,8.441177673474652
34.12,-0.7745294402712677,-0.2050524167004131,8.371896136833714,8.104397247332647,8.23814669208318,8.406933045410625
34.14,-0.8181554546063836,-0.2229617346449193,8.371896136833714,8.104397247332647,8.23814669208318,8.375327611894964
34.160000000000004,-0.8277809594815879,-0.223077001024857,8.45371113671878,8.262725811305128,8.358218474011954,8.358716640835992
34.18,-0.8725642889213975,-0.2064742201244849,8.45371113671878,8.262725811305128,8.358218474011954,8.342960666953006
34.2,-0.6909006255735983,-0.2207522879377332,8.45371113671878,8.262725811305128,8.358218474011954,8.332050236398574
34.22,-0.9408464347084248,-0.2585025282998307,8.366971678699334,8.306228455138342,8.336600066918837,8.315569983625853
34.24,-0.6230368586712316,-0.2307254809428504,8.366971678699334,8.306228455138342,8.336600066918837,8.306458328499067
34.26,-0.7190266102190022,-0.2393689286091611,8.367378138218985,8.567420321700263,8.467399229959625,8.309609939661183
34.28,-0.7921943506922194,-0.202895345132941,8.367378138218985,8.567420321700263,8.467399229959625,8.311129370378564
34.300000000000004,-0.6930293818260281,-0.2061939242197448,8.367378138218985,8.567420321700263,8.467399229959625,8.3142818274638
34.32,-0.9242397535915594,-0.2003860435660212,8.35936455861934,8.416059811772756,8.387712185196047,8.30498854767238
34.34,-0.7864633712081093,-0.2009253148597726,8.35936455861934,8.416059811772756,8.387712185196047,8.299104570743
34.36,-0.8981080960171988,-0.1887714620717294,8.232988411953427,8.104329032875631,8.168658722414529,8.269894040181846
34.38,-0.7744164556313026,-0.2120209284974304,8.232988411953427,8.104329032875631,8.168658722414529,8.24583101220375
34.4,-0.84369584386342,-0.1978999081268266,8.232988411953427,8.104329032875631,8.168658722414529,8.22292725803529
34.42,-0.9064019566381138,-0.2088544664891868,8.386952633573872,8.149572421195836,8.268262527384854,8.211145549750757
34.44,-0.8934434001291911,-0.2179818500156043,8.386952633573872,8.149572421195836,8.268262527384854,8.200775266311846
34.46,-0.7324778270021925,-0.2659124758781052,8.181725941232331,8.143297997569757,8.162511969401045,8.183764335734724
34.480000000000004,-0.8601321244391815,-0.2118106691172374,8.181725941232331,8.143297997569757,8.162511969401045,8.166156720861448
34.5,-0.9171156639571576,-0.2038773809632166,8.181725941232331,8.143297997569757,8.162511969401045,8.149284163764182
34.52,-0.7565332973294845,-0.2173849027590819,8.279802102634402,8.206349120424454,8.243075611529427,8.145045709188775
34.54,-0.724015193181527,-0.220436818388111,8.279802102634402,8.206349120424454,8.243075611529427,8.141816425945574
34.56,-0.7871092730066148,-0.2096114383945796,8.183281578425389,8.19620613806921,8.189743858247299,8.132441202261624
34.58,-0.9278387455899122,-0.2503403143463754,8.183281578425389,8.19620613806921,8.189743858247299,8.121470370439576
34.6,-0.6346525959220017,-0.2013648226590168,8.183281578425389,8.19620613806921,8.189743858247299,8.116873972493751
34.62,-0.7778739660282602,-0.2036484834959717,7.872073281943416,7.929635497145414,7.900854389544415,8.081270282810312
34.64,-0.601151479386714,-0.1494467786198417,7.872073281943416,7.929635497145414,7.900854389544415,8.05240796685476
34.660000000000004,-0.7846556548170445,-0.2358505280603056,8.034879173516211,8.077451758025648,8.05616546577093,8.038659914959668
34.68,-0.6599392243660206,-0.2431962837702991,8.034879173516211,8.077451758025648,8.05616546577093,8.02853156400221
34.7,-0.971046960620656,-0.1451179743911767,8.034879173516211,8.077451758025648,8.05616546577093,8.013816108887907
34.72,-0.8157584631295681,-0.1546496324427643,8.012245732525411,8.072931015678973,8.042588374102191,8.002009683073005
34.74,-0.8262609596778179,-0.207864876776373,8.012245732525411,8.072931015678973,8.042588374102191,7.991194854901721
34.76,-0.5605440374989151,-0.2201263817838518,8.015273889017564,7.943518507758225,7.979396198387894,7.97992519657536
34.78,-0.840612755580453,-0.2538206620211837,8.015273889017564,7.943518507758225,7.979396198387894,7.964741267156163
34.800000000000004,-0.9206797492562772,-0.2218594803376374,8.015273889017564,7.943518507758225,7.979396198387894,7.949634524792721
34.82,-0.8365961907025496,-0.2056574095437554,7.928817112514936,7.897637424151815,7.913227268333375,7.9309350677141435
34.84,-0.8625931396908896,-0.1980497985670381,7.928817112514936,7.897637424151815,7.913227268333375,7.9136376112616285
34.86,-0.7757908633813809,-0.1665941743203584,7.914932112292687,7.796091829064919,7.855511970678803,7.893860811662483
34.88,-0.8917365634754928,-0.2078032498864223,7.914932112292687,7.796091829064919,7.855511970678803,7.873974669421553
34.9,-0.8868263405922183,-0.1808905445058508,7.914932112292687,7.796091829064919,7.855511970678803,7.856165525416622
34.92,-0.6824470402069819,-0.2256546180373533,7.857464261107117,7.808007199206066,7.832735730156591,7.841538499166892
34.94,-1.04327336166607,-0.1732674590656414,7.857464261107117,7.808007199206066,7.832735730156591,7.821879301755876
34.96,-0.686187212667859,-0.2366926569702124,7.831359956580667,7.722439046081121,7.7768995013308935,7.805029951885355
34.980000000000004,-0.6563059825879444,-0.1938426102342262,7.831359956580667,7.722439046081121,7.7768995013308935,7.790403399143323
35.0,-0.6567360493292327,-0.2227090734876252,7.831359956580667,7.722439046081121,7.7768995013308935,7.777231760474156
35.02,-0.9705098340407702,-0.2003144116664683,7.787585617743453,7.760815060325459,7.774200339034456,7.75945944131745
35.04,-0.9490957085352756,-0.1923931779879515,7.787585617743453,7.760815060325459,7.774200339034456,7.7438498083355185
35.06,-0.7872552887437948,-0.203758941817765,7.674795612602849,7.743763427404069,7.709279520003459,7.7262221843049215
35.08,-0.7647422932962833,-0.2607058543799553,7.674795612602849,7.743763427404069,7.709279520003459,7.710762556595444
35.1,-0.9594306554689902,-0.1786351292654142,7.674795612602849,7.743763427404069,7.709279520003459,7.693344501137801
35.12,-0.6382007514022435,-0.1874298839160609,7.67919841138803,7.873236602800349,7.77621750709419,7.690144188208202
35.14,-0.5681976018004885,-0.1937104230246467,7.67919841138803,7.873236602800349,7.77621750709419,7.688523963264391
35.160000000000004,-0.8462091587192525,-0.2177686328962444,7.507099098369557,7.715676767472784,7.61138793292117,7.66557859537312
35.18,-0.8120244933156415,-0.2356671192648213,7.507099098369557,7.715676767472784,7.61138793292117,7.645543088248246
35.2,-0.5541430836292762,-0.2163069484494434,7.507099098369557,7.715676767472784,7.61138793292117,7.63215299721021
35.22,-0.7303261558981429,-0.2482156822719526,7.696588385048602,7.680894184906105,7.688741284977354,7.6246659551807605
35.24,-0.731817795256044,-0.2347391207606778,7.696588385048602,7.680894184906105,7.688741284977354,7.617900767845809
35.26,-0.7462764125174367,-0.1851212623971053,7.519687938348815,7.5110383961258975,7.515363167237356,7.594214032359653
35.28,-1.009418124743853,-0.2893964336325072,7.519687938348815,7.5110383961258975,7.515363167237356,7.568159419602031
35.300000000000004,-0.8905773321845668,-0.1939954019440112,7.519687938348815,7.5110383961258975,7.515363167237356,7.54684940238624
35.32,-0.6093901170592011,-0.236993332539267,7.743926562533174,7.830124742230058,7.787025652381616,7.559898005278713
35.34,-0.9054928390959944,-0.1904963590227347,7.743926562533174,7.830124742230058,7.787025652381616,7.566311898885273
35.36,-0.6354308637758312,-0.2172662514335111,7.583085654772627,7.5706173007857105,7.576851477779169,7.5559281012267
35.38,-0.6903907851199674,-0.2017127036938649,7.583085654772627,7.5706173007857105,7.576851477779169,7.545593404749786
35.4,-0.8724198478385422,-0.240406820279433,7.583085654772627,7.5706173007857105,7.576851477779169,7.533015654791633
35.42,-0.673539398821662,-0.2116804303047208,7.341721833338718,7.401123323705084,7.371422578521901,7.504732637985869
35.44,-0.7017714365845935,-0.1784626154120148,7.341721833338718,7.401123323705084,7.371422578521901,7.478769746180953
35.46,-0.5346106023663455,-0.1998021388679083,7.366495461888499,7.36835018354448,7.367422822716489,7.458012062991911
35.480000000000004,-0.7439688126101172,-0.2296569712419608,7.366495461888499,7.36835018354448,7.367422822716489,7.435561700337385
35.5,-0.7439967080072437,-0.1846318005328993,7.366495461888499,7.36835018354448,7.367422822716489,7.415355871831168
35.52,-0.896022251613654,-0.2281608438594776,7.393744386846925,7.377757551616487,7.385750969231706,7.3962669810421735
35.54,-0.5299211666248086,-0.1759533031908768,7.393744386846925,7.377757551616487,7.385750969231706,7.3856767988618826
35.56,-1.026166211116189,-0.2131387616847219,7.525298032728369,7.302290930434995,7.413794481581682,7.370017575333769
35.58,-0.7456390085145518,-0.1963965228259666,7.525298032728369,7.302290930434995,7.413794481581682,7.360973763805301
35.6,-0.7157678798149989,-0.2255364888970576,7.525298032728369,7.302290930434995,7.413794481581682,7.3533720137462675
35.62,-0.7075521316900126,-0.181357508770744,7.416487551327267,7.478159778583274,7.44732366495527,7.35003124049675
35.64,-0.704981109350955,-0.1734187064598316,7.416487551327267,7.478159778583274,7.44732366495527,7.347070822974284
35.660000000000004,-0.7675541907098836,-0.1998742688054138,7.171641198827183,7.273559805565358,7.22260050219627,7.320807815463703
35.68,-0.5626026391419335,-0.2054614218701506,7.171641198827183,7.273559805565358,7.22260050219627,7.300860236632407
35.7,-0.6190871316268328,-0.2616880617253081,7.171641198827183,7.273559805565358,7.22260050219627,7.281890694819508
35.72,-0.637718390288784,-0.1540170124806708,7.097802526534059,7.470747480521241,7.28427500352765,7.2706501946651265
35.74,-0.4626902277473565,-0.2120522346918006,7.097802526534059,7.470747480521241,7.28427500352765,7.263684251451926
35.76,-0.8386984689530058,-0.2047512090816916,7.101186206663626,7.12253566557878,7.111860936121203,7.233405347477703
35.78,-0.7801605459993382,-0.1348906116838042,7.101186206663626,7.12253566557878,7.111860936121203,7.207208016514063
35.800000000000004,-0.7319492630565717,-0.1969937929803004,7.101186206663626,7.12253566557878,7.111860936121203,7.184498221739757
35.82,-0.9161188326046086,-0.2386236507707394,6.929983636227628,7.156433906541039,7.043208771384334,7.153879137717334
35.84,-0.6078215733605021,-0.204547583877177,6.929983636227628,7.156433906541039,7.043208771384334,7.131871312763543
35.86,-0.8028196499424894,-0.1809550211670125,7.162101932927135,7.184671318769344,7.17338662584824,7.121572090373052
35.88,-0.7389113554376863,-0.2178203896072321,7.162101932927135,7.184671318769344,7.17338662584824,7.11345313952269
35.9,-0.7027639513988226,-0.215997911983117,7.162101932927135,7.184671318769344,7.17338662584824,7.106796737030069
35.92,-0.7521065462646889,-0.235215647305228,7.058667316789537,6.94045236001939,6.999559838404464,7.082535129334743
35.94,-0.8674724028911053,-0.2501189973927277,7.058667316789537,6.94045236001939,6.999559838404464,7.058623096989678
35.96,-0.7104910811402922,-0.2075842606133641,7.073237005023332,6.868423186116758,6.9708300955700455,7.037054957387188
35.980000000000004,-0.8843527661206287,-0.2435452783541506,7.073237005023332,6.868423186116758,6.9708300955700455,7.014514121415299
36.0,-0.7438988667747566,-0.1427826687254591,7.073237005023332,6.868423186116758,6.9708300955700455,6.996755539228831
36.02,-0.7967054483517856,-0.2344187418539319,7.053729969629009,6.953294391635179,7.003512180632094,6.983090505298823
36.04,-0.6756886893602211,-0.2095937892446407,7.053729969629009,6.953294391635179,7.003512180632094,6.972970276423669
36.06,-0.6812335710359365,-0.1932728111256415,6.976578596341142,6.997686294486972,6.987132445414057,6.962124289044059
36.08,-0.7794570455659967,-0.1918776793602726,6.976578596341142,6.997686294486972,6.987132445414057,6.9505948778608735
36.1,-0.668471774466615,-0.2200943633744634,6.976578596341142,6.997686294486972,6.987132445414057,6.9422161426757905
36.12,-0.6597102140043094,-0.191603763450328,6.801879561182329,7.1504406785407815,6.9761601198615555,6.933735756542292
36.14,-0.6636054640387223,-0.1789256553830538,6.801879561182329,7.1504406785407815,6.9761601198615555,6.92603329452152
36.16,-0.9148111232903422,-0.2259820213465391,6.839388513197985,6.972634188719745,6.906011350958865,6.907564499946032
36.18,-1.0483704240932163,-0.158794828801519,6.839388513197985,6.972634188719745,6.906011350958865,6.888538517413634
36.2,-0.7482282015537471,-0.2003021377403706,6.839388513197985,6.972634188719745,6.906011350958865,6.876817693140188
36.22,-1.009841239129958,-0.2270872993960214,6.862145131836194,6.862277328404776,6.862211230120485,6.857179904533882
36.24,-0.7010405038684225,-0.2262736626155404,6.862145131836194,6.862277328404776,6.862211230120485,6.845064308022908
36.26,-0.9196305780341806,-0.2287121727586226,6.745947643519135,6.731810927701736,6.738879285610436,6.8178924553770495
36.28,-0.6853799092166162,-0.1593648718005784,6.745947643519135,6.731810927701736,6.738879285610436,6.797654300034488
36.3,-0.8769137588632019,-0.163362185904473,6.745947643519135,6.731810927701736,6.738879285610436,6.775992350932548
36.32,-0.979949934329599,-0.1816010309995002,6.834338102379729,6.59257337108348,6.713455736731605,6.7520995906945185
36.34,-0.975342076565902,-0.2140407858237527,6.834338102379729,6.59257337108348,6.713455736731605,6.730679047920038
36.36,-0.7097208397127029,-0.1373348703012016,6.762288653746778,6.867976536181239,6.815132594964009,6.726349427509609
36.38,-0.979785746090836,-0.2217264953700667,6.762288653746778,6.867976536181239,6.815132594964009,6.717591600825411
36.4,-0.6593495289013169,-0.213386558989816,6.762288653746778,6.867976536181239,6.815132594964009,6.7154774087190505
36.42,-0.7048522044781887,-0.1786509326241986,6.824392816250133,6.737849466973646,6.781121141611889,6.709354442327726
36.44,-0.5576655617640731,-0.1553251905394269,6.824392816250133,6.737849466973646,6.781121141611889,6.7064931321443915
36.46,-0.5646004327679958,-0.2498868070844778,6.773583492265982,6.630602640784856,6.7020930665254195,6.695890317792669
36.48,-0.550056128596488,-0.1817644333506662,6.773583492265982,6.630602640784856,6.7020930665254195,6.68660958235121
36.5,-0.8679920901855255,-0.2129997627276502,6.773583492265982,6.630602640784856,6.7020930665254195,6.67253407314529
36.52,-0.7795938612186684,-0.22389048415077,6.514618293316634,6.473479477810151,6.494048885563393,6.640652864885162
36.54,-0.6289806941140963,-0.1823966529855066,6.514618293316634,6.473479477810151,6.494048885563393,6.6146708144589335
36.56,-0.7837643674205244,-0.2040301392390064,6.593957638877894,6.702694532153928,6.648326085515912,6.60392858295106
36.58,-0.7057412925254043,-0.1880430251636973,6.593957638877894,6.702694532153928,6.648326085515912,6.59566498994209
36.6,-0.8825572735678106,-0.2477150338338713,6.593957638877894,6.702694532153928,6.648326085515912,6.585045068575249
36.62,-0.6586433601828479,-0.1802095299372907,6.59779568830994,6.598653008222059,6.598224348265999,6.574507416061034
36.64,-0.7146424153100367,-0.1611679932752202,6.59779568830994,6.598653008222059,6.598224348265999,6.5640155458059475
36.66,-0.8487321278419153,-0.2236286606859864,6.750933574083622,6.363215335026131,6.5570744545548765,6.54804425837969
36.68,-0.558838027659377,-0.2151970164396846,6.750933574083622,6.363215335026131,6.5570744545548765,6.538888193499339
36.7,-0.854573952206947,-0.1725509737679287,6.750933574083622,6.363215335026131,6.5570744545548765,6.525324488465165
36.72,-0.6438188744869234,-0.1562962406159766,6.387703519574226,6.448936162489713,6.41831984103197,6.503035283981083
36.74,-0.574861305286209,-0.1742834028037956,6.387703519574226,6.448936162489713,6.41831984103197,6.484216236191019
36.76,-0.7150586875334476,-0.1556189257113872,6.511689229124339,6.360912512245567,6.436300870684953,6.466553643264813
36.78,-0.7192432470555501,-0.2500356010901731,6.511689229124339,6.360912512245567,6.436300870684953,6.450581987559826
36.8,-0.5820485217007105,-0.2155354942978381,6.511689229124339,6.360912512245567,6.436300870684953,6.438677002481728
36.82,-0.5417604280041954,-0.1789809377321538,6.495471343377559,6.391222399183767,6.443346871280663,6.429392301657544
36.84,-0.7155948390215966,-0.1784498005174324,6.495471343377559,6.391222399183767,6.443346871280663,6.417907051517465
36.86,-0.7831480653196702,-0.193393407204489,6.415887919357536,6.245231359011809,6.330559639184672,6.395075645108435
36.88,-0.8428860207815629,-0.2113424041138834,6.415887919357536,6.245231359011809,6.330559639184672,6.373452096141989
36.9,-0.785958855698293,-0.1908714870489134,6.415887919357536,6.245231359011809,6.330559639184672,6.355015591043691
36.92,-0.5123794357743232,-0.2224350726999751,6.407929900187646,6.208362359213693,6.30814612970067,6.34110581506545
36.94,-0.9187133813523952,-0.2051640614201428,6.407929900187646,6.208362359213693,6.30814612970067,6.321273005664631
36.96,-0.7842536728135274,-0.2337247173337721,6.3913563346938425,6.337040309668162,6.364198322181002,6.311448971205623
36.98,-0.8690497393591936,-0.2252367219000902,6.3913563346938425,6.337040309668162,6.364198322181002,6.301081010994698
37.0,-0.8148057758696885,-0.1849855053759799,6.3913563346938425,6.337040309668162,6.364198322181002,6.292726238147672
37.02,-0.6849953463894783,-0.1607474843577928,6.361860359970236,6.401396322488044,6.38162834122914,6.289286532220807
37.04,-0.7056999870865666,-0.2011800667592321,6.361860359970236,6.401396322488044,6.38162834122914,6.285818113354084
37.06,-0.7455202130582536,-0.193613224999888,6.239634867129895,6.2683804637968965,6.254007665463396,6.269217704729964
37.08,-0.6842987562304622,-0.139804079686006,6.239634867129895,6.2683804637968965,6.254007665463396,6.255379323191162
37.1,-0.6667057037812015,-0.2254218840037374,6.239634867129895,6.2683804637968965,6.254007665463396,6.243241454750322
37.12,-0.8811266792168694,-0.2099087629056505,6.2549167084058,6.4091149992231005,6.33201585381445,6.2362586144308345
37.14,-0.6730269798749967,-0.1819367596934156,6.2549167084058,6.4091149992231005,6.33201585381445,6.233719852731444
37.16,-0.7825741799992352,-0.1901611944777688,6.125960859046972,6.081622858410139,6.103791858728556,6.2066407180911725
37.18,-0.7658258362595696,-0.1722944772016439,6.125960859046972,6.081622858410139,6.103791858728556,6.182570967102237
37.2,-0.755987148502288,-0.1912540141397528,6.125960859046972,6.081622858410139,6.103791858728556,6.161085287591825
37.22,-0.8381582210241358,-0.1456472250381449,6.194629254375873,6.046234210193231,6.120431732284552,6.141933084082667
37.24,-0.905337964969586,-0.1777188451075357,6.194629254375873,6.046234210193231,6.120431732284552,6.123486865533401
37.26,-0.6970253274284657,-0.1518809403623236,6.245644818125763,6.115599405576781,6.180622111851272,6.116653934271478
37.28,-0.6246330595562133,-0.1808786094329008,6.245644818125763,6.115599405576781,6.180622111851272,6.111807356957445
37.3,-0.7384611426390766,-0.2073780083489155,6.245644818125763,6.115599405576781,6.180622111851272,6.105396531879327
37.32,-0.842435446178408,-0.1625682352951081,6.2727831839534325,6.033844477003251,6.153313830478342,6.095024423708015
37.34,-0.6327950305500637,-0.1683324801343026,6.2727831839534325,6.033844477003251,6.153313830478342,6.089463053835145
37.36,-0.5245639638590232,-0.1903777906600751,6.173901342910285,5.895504257045364,6.034702799977825,6.074544877099953
37.38,-0.6842049099519466,-0.2110113600150359,6.173901342910285,5.895504257045364,6.034702799977825,6.0582449810086025
37.4,-0.4603089389207334,-0.2166617197075523,6.173901342910285,5.895504257045364,6.034702799977825,6.047605202004952
37.42,-0.7064873504560473,-0.1912681429962872,6.061782735943438,5.846777605423217,5.954280170683328,6.025555926564579
37.44,-0.6343827514134569,-0.1917470730932096,6.061782735943438,5.846777605423217,5.954280170683328,6.007009461451013
37.46,-0.6799309667908289,-0.1806364137884024,6.065661219420992,5.952474092822337,6.0090676561216645,5.994976523515842
37.48,-0.567832639317801,-0.1800536103112512,6.065661219420992,5.952474092822337,6.0090676561216645,5.986164649268706
37.5,-0.604930459937153,-0.185484063542933,6.065661219420992,5.952474092822337,6.0090676561216645,5.977566201675132
37.52,-0.5478493565092143,-0.2003652645554475,5.920907955080312,5.963944024113827,5.942425989597069,5.9641908920501585
37.54,-0.6375412977497836,-0.151209387420761,5.920907955080312,5.963944024113827,5.942425989597069,5.950538658445356
37.56,-0.5445795199682931,-0.1481594481984748,5.775544949416689,5.917253337217855,5.846399143317273,5.930322275573117
37.58,-0.5417417207688044,-0.1478860275720101,5.775544949416689,5.917253337217855,5.846399143317273,5.912178611373696
37.6,-0.6750208778453943,-0.1575173570465532,5.775544949416689,5.917253337217855,5.846399143317273,5.893450288766834
37.62,-0.7014598872837953,-0.1652417027248769,6.068351050899217,5.825600576807885,5.946975813853551,5.8861765633044
37.64,-0.8777684690562001,-0.0959146026654386,6.068351050899217,5.825600576807885,5.946975813853551,5.876456655916302
37.66,-0.5096967315284724,-0.1561699057087288,5.832193296084007,5.755498915130021,5.793846105607014,5.859021059717863
37.68,-0.610524195966407,-0.1862757850204773,5.832193296084007,5.755498915130021,5.793846105607014,5.841514128779381
37.7,-0.7508675005326657,-0.2090321215476642,5.832193296084007,5.755498915130021,5.793846105607014,5.8232317114525545
37.72,-0.5736045912298762,-0.1506770011826664,5.707695236865425,5.704954144818784,5.706324690842105,5.801216126749374
37.74,-0.4300863056109082,-0.1738720432901203,5.707695236865425,5.704954144818784,5.706324690842105,5.783985429657649
37.76,-0.5657345977394835,-0.1848514043831637,5.8528679290395225,5.829016492638681,5.840942210839102,5.779497885016486
37.78,-0.5483421652210493,-0.1652763665069223,5.8528679290395225,5.829016492638681,5.840942210839102,5.775772158624767
37.8,-0.5013917754295882,-0.1946841968008515,5.8528679290395225,5.829016492638681,5.840942210839102,5.773264111888469
37.82,-0.5773295692588571,-0.188549187751342,5.666898687266019,5.765249986442496,5.716074336854257,5.757153202138387
37.84,-0.4953472886801847,-0.1930809069877255,5.666898687266019,5.765249986442496,5.716074336854257,5.744129064413729
37.86,-0.6961470329029416,-0.1834879492262515,5.64312319466859,5.695522332961244,5.669322763814916,5.724117787761597
37.88,-0.6473931078017072,-0.1476664835343892,5.64312319466859,5.695522332961244,5.669322763814916,5.706985209426496
37.9,-0.8066421411988363,-0.1931247951992925,5.64312319466859,5.695522332961244,5.669322763814916,5.688699406323762
37.92,-0.6605637891765245,-0.1564368856372834,5.739870528623822,5.759140141124219,5.749505334874021,5.682889850973608
37.94,-0.6427416295617738,-0.1734341125205257,5.739870528623822,5.759140141124219,5.749505334874021,5.67798205003154
37.96,-0.6714850436913884,-0.2074664383442763,5.478146392636682,5.61949360593929,5.548819999287986,5.652979114170738
37.98,-0.6508304201117773,-0.1356498816555534,5.478146392636682,5.61949360593929,5.548819999287986,5.630848255120453
38.0,-0.8197939350156982,-0.1472349490285324,5.478146392636682,5.61949360593929,5.548819999287986,5.607889138706922
38.02,-0.6204568402098171,-0.1859777381235885,5.668980680384824,5.514849142659926,5.591914911522375,5.595123492864689
38.04,-0.4896858810251707,-0.1594697350462341,5.668980680384824,5.514849142659926,5.591914911522375,5.585988288872006
38.06,-0.5017203523435091,-0.1905489821427562,5.585342892804431,5.592900441931462,5.589121667367946,5.5772706603794155
38.08,-0.6183269194227673,-0.1445140677395683,5.585342892804431,5.592900441931462,5.589121667367946,5.567325876528661
38.1,-0.5172245322231821,-0.1586353154354905,5.585342892804431,5.592900441931462,5.589121667367946,5.56019541403257
38.12,-0.6298126148848521,-0.1534666257710139,5.478652679777809,5.523460846757757,5.501056763267783,5.542944921888167
38.14,-0.5281883347296077,-0.1867145668690702,5.478652679777809,5.523460846757757,5.501056763267783,5.529248716000994
38.16,-0.5481759051130047,-0.1647827777726829,5.385638252849007,5.412944675164846,5.399291464006927,5.506385824509555
38.18,-0.6094569866041036,-0.1727655117758159,5.385638252849007,5.412944675164846,5.399291464006927,5.484706162700416
38.2,-0.8137103504223211,-0.1679247739138932,5.385638252849007,5.412944675164846,5.399291464006927,5.461517906523463
38.22,-0.8530403208737645,-0.1604044669417535,5.314547749280656,5.48069727711607,5.397622513198363,5.439773641415228
38.24,-0.5254908917055913,-0.2139973816281812,5.314547749280656,5.48069727711607,5.397622513198363,5.426099692542841
38.26,-0.7087218281734649,-0.1550704457100781,5.527208810368581,5.478681922994313,5.5029453666814465,5.421027267049581
38.28,-0.5015482444012171,-0.1670281314720985,5.527208810368581,5.478681922994313,5.5029453666814465,5.420191208613544
38.3,-0.3468687282709323,-0.1795946178316726,5.527208810368581,5.478681922994313,5.5029453666814465,5.422222987311459
38.32,-0.491173866705559,-0.1176759930625364,5.404132409939151,5.472815433979728,5.43847392195944,5.415006951175555
38.34,-0.6088706612568285,-0.1181489018827358,5.404132409939151,5.472815433979728,5.43847392195944,5.4063939763513185
38.36,-0.4630071979196293,-0.1954855856122281,5.439680226111494,5.52391754054515,5.481798883328322,5.405600337486468
38.38,-0.3885082880649783,-0.1801972405610459,5.439680226111494,5.52391754054515,5.481798883328322,5.406227042885483
38.4,-0.5803397020399091,-0.13772580896281,5.439680226111494,5.52391754054515,5.481798883328322,5.403338112293051
38.42,-0.4282711403052887,-0.173936357903743,5.451769531472029,5.448165106755291,5.44996731911366,5.400292152449616
38.44,-0.5410149029902469,-0.1604555503076498,5.451769531472029,5.448165106755291,5.44996731911366,5.395521400862199
38.46,-0.5125963453765694,-0.1645477374828983,5.400950147146741,5.389832939423399,5.39539154328507,5.3862816808877065
38.48,-0.6957392913762512,-0.1486120907406221,5.400950147146741,5.389832939423399,5.39539154328507,5.374669359882673
38.5,-0.5953235275945944,-0.1670264321264583,5.400950147146741,5.389832939423399,5.39539154328507,5.366025754726208
38.52,-0.6584748144048704,-0.1533536323707098,5.329571080563027,5.152084253689648,5.240827667126338,5.341653399306932
38.54,-0.5974209782191626,-0.1597073244208462,5.329571080563027,5.152084253689648,5.240827667126338,5.32081724848093
38.56,-0.6420174704710471,-0.1667863307608736,5.625198373586397,5.44937302797145,5.537285700778924,5.330907779242248
38.58,-0.4679423454437879,-0.1483123013081238,5.625198373586397,5.44937302797145,5.537285700778924,5.34312260917793
38.6,-0.683817072066392,-0.1647964478314811,5.625198373586397,5.44937302797145,5.537285700778924,5.350230211040832
38.62,-0.6397526353385129,-0.1844843498784762,5.271390292567867,5.474183679055106,5.372786985811487,5.340970341081807
38.64,-0.5177113658328757,-0.1543861679821874,5.271390292567867,5.474183679055106,5.372786985811487,5.334833200969782
38.66,-0.5917879052997513,-0.1762747775345649,5.224799997490687,5.222861032739699,5.223830515115193,5.31308075008893
38.68,-0.6218935007224634,-0.1377757469154127,5.224799997490687,5.222861032739699,5.223830515115193,5.2929616435785505
38.7,-0.4008867935020879,-0.1549919815999713,5.224799997490687,5.222861032739699,5.223830515115193,5.278832568449176
38.72,-0.5790198893679906,-0.1597124645073707,5.499786679208394,5.134915455549277,5.317351067378835,5.272262060333521
38.74,-0.3714744424492235,-0.1182146579276859,5.499786679208394,5.134915455549277,5.317351067378835,5.270084421073966
38.76,-0.6631246095892995,-0.1488345438451582,5.139752606416869,5.334111874680805,5.236932240548837,5.254832960048848
38.78,-0.8836452148359577,-0.1476522414188423,5.139752606416869,5.334111874680805,5.236932240548837,5.237137274231797
38.8,-0.5273064400204729,-0.115039423913268,5.139752606416869,5.334111874680805,5.236932240548837,5.227625254943135
38.82,-0.5181486326641601,-0.1289786969278767,5.305747270658376,5.250959529200443,5.27835339992941,5.223371394053806
38.84,-0.3487105315166342,-0.1354463632604259,5.305747270658376,5.250959529200443,5.27835339992941,5.222592805074066
38.86,-0.646523422307635,-0.1285388143726087,5.320514872185014,5.013290581370919,5.166902726777966,5.20538637564292
38.88,-0.5050538455320001,-0.148903221294996,5.320514872185014,5.013290581370919,5.166902726777966,5.192447041536847
38.9,-0.6532595993993239,-0.1516059026094587,5.320514872185014,5.013290581370919,5.166902726777966,5.178133937271774
38.92,-0.4755406666436168,-0.1811693440458803,5.073686677357896,5.1400453517888645,5.106866014573381,5.162447413002348
38.94,-0.4021395936443278,-0.1659421860461371,5.073686677357896,5.1400453517888645,5.106866014573381,5.149650760473855
38.96,-0.4889770347059685,-0.1607292202866179,5.037139154729841,4.926669356088723,4.981904255409282,5.1240745233426885
38.98,-0.607992476320275,-0.1187479481525042,5.037139154729841,4.926669356088723,4.981904255409282,5.098913631975584
39.0,-0.4764093752129834,-0.1638276120128576,5.037139154729841,4.926669356088723,4.981904255409282,5.0786373255651185
39.02,-0.3358058973738494,-0.1374830862372812,5.188745600802652,5.066316080530621,5.127530840666637,5.07748217092254
39.04,-0.4023116415562038,-0.1335591281146767,5.188745600802652,5.066316080530621,5.127530840666637,5.075245428348939
39.06,-0.5757528478246435,-0.133458166222003,5.051240867980467,5.01532131082868,5.033281089404573,5.060685443193657
39.08,-0.6587336986464464,-0.1166593543691748,5.051240867980467,5.01532131082868,5.033281089404573,5.046087801239115
39.1,-0.4974638126943079,-0.1731565523262545,5.051240867980467,5.01532131082868,5.033281089404573,5.035852781427161
39.12,-0.3988008902646105,-0.1032609580065176,4.931176289044744,5.120697706511701,5.0259369977782224,5.027682787037506
39.14,-0.4660746075476812,-0.1671870327147608,4.931176289044744,5.120697706511701,5.0259369977782224,5.0191188651757175
39.16,-0.588789541339753,-0.145783187556734,5.172005403261546,5.05209677242246,5.112051087842003,5.017813875698233
39.18,-0.5954182643059774,-0.1262804855084989,5.172005403261546,5.05209677242246,5.112051087842003,5.016520068155102
39.2,-0.4075427671872251,-0.146562463984976,5.172005403261546,5.05209677242246,5.112051087842003,5.018737400314421
39.22,-0.4997916159845703,-0.1663805405983177,4.805506151027175,4.81517085413334,4.810338502580258,4.988901261453284
39.24,-0.6318720446238102,-0.1949480568260363,4.805506151027175,4.81517085413334,4.810338502580258,4.959671288762752
39.26,-0.5771068136087512,-0.1426809369388105,4.892768744543137,4.873444252817347,4.883106498680242,4.941626887109546
39.28,-0.4182119021366904,-0.1001625364090278,4.892768744543137,4.873444252817347,4.883106498680242,4.928247034028154
39.3,-0.4298019588737509,-0.1048320232843474,4.892768744543137,4.873444252817347,4.883106498680242,4.915996545233638
39.32,-0.5341536299109225,-0.1902224532247808,4.952559290711249,4.785829726958211,4.869194508834729,4.901701576255349
39.34,-0.4150190013166168,-0.1278077215480262,4.952559290711249,4.785829726958211,4.869194508834729,4.890980527489588
39.36,-0.5106798092884051,-0.1260583003344628,4.92680227006038,4.889269400889692,4.908035835475036,4.883493821720943
39.38,-0.6128348029801708,-0.1629459797057729,4.92680227006038,4.889269400889692,4.908035835475036,4.874916996642708
39.4,-0.3587311724730436,-0.1613427642634587,4.92680227006038,4.889269400889692,4.908035835475036,4.871771719421427
39.42,-0.498598213749901,-0.1499995239696545,4.836529180699407,4.8052450483195175,4.820887114509462,4.8577084910827315
39.44,-0.5162442004281264,-0.1558253385315426,4.836529180699407,4.8052450483195175,4.820887114509462,4.8447339578177
39.46,-0.2364136292769392,-0.1459035144277421,4.850122826828572,4.969106666583078,4.909614746705825,4.846966591379528
39.48,-0.3114262187814161,-0.1544960652674445,4.850122826828572,4.969106666583078,4.909614746705825,4.847625734974093
39.5,-0.4157517198642461,-0.109784346590528,4.850122826828572,4.969106666583078,4.909614746705825,4.846341105189708
39.52,-0.6191211777739859,-0.1487348063342299,4.937704058056022,4.910707634098329,4.924205846077175,4.8429833980785215
39.54,-0.3504300192185243,-0.1458689495893408,4.937704058056022,4.910707634098329,4.924205846077175,4.844797902532456
39.56,-0.4495246508938496,-0.1792448178769481,4.8180725397849775,4.7120115281171255,4.765042033951051,4.828730871958225
39.58,-0.5124952576443331,-0.1336805315948291,4.8180725397849775,4.7120115281171255,4.765042033951051,4.813137073519911
39.6,-0.6644189846178097,-0.1465991504505862,4.8180725397849775,4.7120115281171255,4.765042033951051,4.796368027839903
39.62,-0.224765308113772,-0.1687894460255398,4.74569117982579,4.951205852842133,4.848448516333962,4.797530301143262
39.64,-0.5979697912606459,-0.1506435989368334,4.74569117982579,4.951205852842133,4.848448516333962,4.79185866641964
39.66,-0.2651126846073356,-0.1320296401278893,4.696618994968642,4.658960520109728,4.677789757539185,4.775679747208663
39.68,-0.4185085113769864,-0.1170504479846493,4.696618994968642,4.658960520109728,4.677789757539185,4.758357595036929
39.7,-0.5575059595604723,-0.087211232701083,4.696618994968642,4.658960520109728,4.677789757539185,4.740265704015065
39.72,-0.3571135227757191,-0.0593534939208172,4.726097259823963,4.825100846844635,4.7755990533342985,4.7373709955370265
39.74,-0.5260876050674489,-0.1310649616685996,4.726097259823963,4.825100846844635,4.7755990533342985,4.731724224425538
39.76,-0.5285170306108071,-0.1589782756352966,4.96449533838143,4.6432524730332325,4.803873905707331,4.729425886002725
39.78,-0.4394348058804112,-0.123682918560989,4.96449533838143,4.6432524730332325,4.803873905707331,4.728960861467337
39.8,-0.462970071083934,-0.1445353125232183,4.96449533838143,4.6432524730332325,4.803873905707331,4.728118704611829
39.82,-0.5308791589945712,-0.123487832484685,4.796313578541973,4.664988449845828,4.730651014193901,4.718816110708133
39.84,-0.4064158407816299,-0.1032372305792807,4.796313578541973,4.664988449845828,4.730651014193901,4.712684115922639
39.86,-0.352148919372351,-0.1190148147670987,4.676512537888459,4.49311920477196,4.58481587133021,4.693558610914695
39.88,-0.2883424958323822,-0.1158540191109784,4.676512537888459,4.49311920477196,4.58481587133021,4.677494172031263
39.9,-0.5159800725408507,-0.1232945131629502,4.676512537888459,4.49311920477196,4.58481587133021,4.658938700655424
39.92,-0.4377593140822974,-0.1439099684743198,4.695323835240632,4.691468061384241,4.693395948312437,4.654504757767643
39.94,-0.5612399900785509,-0.1475133926873819,4.695323835240632,4.691468061384241,4.693395948312437,4.648291557000711
39.96,-0.2508759806637513,-0.1504178427647447,4.681846057349127,4.560641339515567,4.621243698432347,4.641071003491926
39.98,-0.2507071366623908,-0.1033980919991223,4.681846057349127,4.560641339515567,4.621243698432347,4.634575544526046
40.0,-0.4406185057334025,-0.1276887461320376,4.681846057349127,4.560641339515567,4.621243698432347,4.625311226813474
40.02,-0.2113908837061882,-0.1034073434447149,4.62409702642025,4.562735455155147,4.593416240787699,4.618316692304185
40.04,-0.4599550282588194,-0.130551645106097,4.62409702642025,4.562735455155147,4.593416240787699,4.607547456643879
40.06,-0.4700751502900625,-0.1251288735576839,4.667464020525107,4.5438485841805845,4.605656302352846,4.598896988509553
40.08,-0.4573657725783725,-0.1086601911502003,4.667464020525107,4.5438485841805845,4.605656302352846,4.591340335987473
40.1,-0.3867868575322665,-0.1177196401320153,4.667464020525107,4.5438485841805845,4.605656302352846,4.585809769188429
40.12,-0.3469124174586491,-0.1429891261346877,4.59381039592882,4.63919705006635,4.616503722997585,4.582634741055091
40.14,-0.4193235215103416,-0.140076373794361,4.59381039592882,4.63919705006635,4.616503722997585,4.578473815862153
40.16,-0.3120088093552513,-0.1083955784946729,4.505279473344125,4.565401926821798,4.535340700082961,4.56854434571584
40.18,-0.3144795791755153,-0.1665004167295594,4.505279473344125,4.565401926821798,4.535340700082961,4.559563348727392
40.2,-0.1813420255307215,-0.0938575463335739,4.505279473344125,4.565401926821798,4.535340700082961,4.553876927403396
40.22,-0.4501912055009435,-0.1054240935908321,4.591049425248361,4.438529682781891,4.514789554015126,4.541864748365553
40.24,-0.2546214161206808,-0.1113116955440075,4.591049425248361,4.438529682781891,4.514789554015126,4.534574043440338
40.26,-0.3638683165050627,-0.0905229994552018,4.589732011838801,4.530113146334019,4.559922579086409,4.530559267307855
40.28,-0.2596404271941852,-0.1149402324936251,4.589732011838801,4.530113146334019,4.559922579086409,4.528822070796215
40.3,-0.2814451432614276,-0.0854965377591541,4.589732011838801,4.530113146334019,4.559922579086409,4.52686610904653
40.32,-0.5935570692287157,-0.093591461673321,4.58117715184171,4.517926140730547,4.549551646286129,4.518450635524371
40.34,-0.2927306799862404,-0.1172266339069212,4.58117715184171,4.517926140730547,4.549551646286129,4.516291584360794
40.36,-0.5043831963815895,-0.1299482959458831,4.677787385586992,4.485759663880064,4.581773524733528,4.513760880863201
40.38,-0.2621415492498882,-0.1038772524339255,4.677787385586992,4.485759663880064,4.581773524733528,4.515843597363735
40.4,-0.2912247384054925,-0.1134092896230309,4.677787385586992,4.485759663880064,4.581773524733528,4.517194544809416
40.42,-0.3517416006259174,-0.1216482288521792,4.458842802253913,4.461250319828276,4.460046561041095,4.5051483976213165
40.44,-0.2462395811972106,-0.1084241436600195,4.458842802253913,4.461250319828276,4.460046561041095,4.496205901501745
40.46,-0.2662401341923033,-0.1248673342129388,4.365535091724992,4.3654080787684855,4.365471585246739,4.4783401474607825
40.48,-0.1763887210604643,-0.0581074197280922,4.365535091724992,4.3654080787684855,4.365471585246739,4.46387829426029
40.5,-0.474811434831888,-0.1087231374691892,4.365535091724992,4.3654080787684855,4.365471585246739,4.44549101753196
40.52,-0.2232336776992416,-0.0708763768976882,4.45193937352744,4.573351205197101,4.51264528936227,4.448188238516405
40.54,-0.3920917144245508,-0.0863367298957543,4.45193937352744,4.573351205197101,4.51264528936227,4.447576292741351
40.56,-0.3123674101043808,-0.057623442795621,4.522347801063585,4.335457067968276,4.428902434515931,4.440086293536929
40.58,-0.3461753413512455,-0.0951914975993128,4.522347801063585,4.335457067968276,4.428902434515931,4.432736751490508
40.6,-0.3218700251952482,-0.1311678794681341,4.522347801063585,4.335457067968276,4.428902434515931,4.426559659339536
40.62,-0.2553939948808907,-0.0919743179330643,4.494287482935151,4.39256175301932,4.443424617977236,4.423649063295451
40.64,-0.3274495440787608,-0.0726205025033319,4.494287482935151,4.39256175301932,4.443424617977236,4.41973252697021
40.66,-0.4659503825938458,-0.1359751342659379,4.34469591881635,4.538574183974004,4.441635051395177,4.413535672526019
40.68,-0.0513885573210063,-0.0904604525910457,4.34469591881635,4.538574183974004,4.441635051395177,4.415420616381157
40.7,-0.2810111875136523,-0.0526135589932457,4.34469591881635,4.538574183974004,4.441635051395177,4.412983858507313
40.72,-0.3217645103412613,-0.0793560523623429,4.556677830721434,4.505442866169065,4.53106034844525,4.418999746314965
40.74,-0.1718008120458095,-0.0593628698631557,4.556677830721434,4.505442866169065,4.53106034844525,4.427113391911168
40.76,-0.3264729674848175,-0.1018259267990591,4.364488588940856,4.379752705307994,4.372120647124425,4.415737604017768
40.78,-0.3528698668611452,-0.1220859517077925,4.364488588940856,4.379752705307994,4.372120647124425,4.405024250724932
40.8,-0.0721828430355195,-0.0898052392118411,4.364488588940856,4.379752705307994,4.372120647124425,4.400434599190243
40.82,-0.3164470506843615,-0.0945632795020055,4.415435015518844,4.260438781139825,4.337936898329335,4.388488782191833
40.84,-0.0767722873332551,-0.0721005708871927,4.415435015518844,4.260438781139825,4.337936898329335,4.382051692633585
40.86,-0.0072917603140816,-0.092865527006878,4.300139730254159,4.151722689896331,4.225931210075245,4.366308392692098
40.88,-0.4258797384008784,-0.1107000599301592,4.300139730254159,4.151722689896331,4.225931210075245,4.344604839139195
40.9,-0.4563122881185195,-0.0820459174938153,4.300139730254159,4.151722689896331,4.225931210075245,4.324523855046668
40.92,-0.2769871329726273,-0.0725350440425884,4.269018771323978,4.280278910420432,4.274648840872205,4.314550585235714
40.94,-0.133367197392638,-0.1435442174549255,4.269018771323978,4.280278910420432,4.274648840872205,4.308159801246296
40.96,-0.3497817720003532,-0.1296435738889556,4.245393250967775,4.311909697031796,4.278651473999785,4.298912896625637
40.98,-0.3279155047338119,-0.0744534566832044,4.245393250967775,4.311909697031796,4.278651473999785,4.290984275277844
41.0,-0.430158263340326,-0.060543648477936,4.245393250967775,4.311909697031796,4.278651473999785,4.282008146409911
41.02,-0.1036970130625393,-0.1089328469581703,4.342025578184358,4.405752451425085,4.373889014804721,4.289329687014266
41.04,-0.3536649590559624,-0.1417706034136306,4.342025578184358,4.405752451425085,4.373889014804721,4.2914196505303055
41.06,-0.3676726332673929,-0.1372832085303226,4.305489230395627,4.365957436869813,4.3357233336327194,4.289231911441733
41.08,-0.1401401197600604,-0.089072735797645,4.305489230395627,4.365957436869813,4.3357233336327194,4.291358531505151
41.1,-0.1624740031099787,-0.1126692492246951,4.305489230395627,4.365957436869813,4.3357233336327194,4.292870479661928
41.12,-0.2311860287148966,-0.0598254688461324,4.099636516341095,4.300893054117638,4.200264785229367,4.2794485617018045
41.14,-0.3688361158927659,-0.0959070584904451,4.099636516341095,4.300893054117638,4.200264785229367,4.264891133968489
41.16,-0.2809816704638588,-0.105968358931942,4.245214855183613,4.251452026576922,4.248333440880267,4.258177694591319
41.18,-0.3160852678918573,-0.1015276805555781,4.245214855183613,4.251452026576922,4.248333440880267,4.25150373439816
41.2,-0.2688579192507841,-0.1182324956819129,4.245214855183613,4.251452026576922,4.248333440880267,4.246347262499856
41.22,-0.0975134664078222,-0.0913984473082457,4.200087075392049,4.387166989475906,4.293627032433978,4.249319997097928
41.24,-0.1750378079257746,-0.0782525311654482,4.200087075392049,4.387166989475906,4.293627032433978,4.250600020088868
41.26,-0.3805152839196376,-0.1307876597198368,4.20398021068482,4.1950915027291416,4.199535856706981,4.2386443286401265
41.28,-0.4025322983590726,-0.0673728152247343,4.20398021068482,4.1950915027291416,4.199535856706981,4.227487900076348
41.3,-0.1850172641347701,-0.0715402362168748,4.20398021068482,4.1950915027291416,4.199535856706981,4.221362384984986
41.32,-0.1567695915609025,-0.0955534365856889,4.240448187008816,4.136687519450548,4.1885678532296815,4.215261079161359
41.34,-0.3028582987015572,-0.128024514601063,4.240448187008816,4.136687519450548,4.1885678532296815,4.207140307191563
41.36,-0.3381814585997137,-0.0877644632415593,4.257987117966451,4.036775258940962,4.147381188453706,4.195077129062983
41.38,-0.4156351212838987,-0.0897629013897402,4.257987117966451,4.036775258940962,4.147381188453706,4.182826102818944
41.4,-0.1215224285532165,-0.0892481948642627,4.257987117966451,4.036775258940962,4.147381188453706,4.177094207668462
41.42,-0.1473716856855362,-0.0764381136942641,4.156827374927788,4.2513827943283085,4.204105084628049,4.177142605022081
41.44,-0.1522603123342918,-0.0500073464525504,4.156827374927788,4.2513827943283085,4.204105084628049,4.177098167360662
41.46,-0.1367439618263384,-0.112756465359126,4.306261606552792,4.029382475895808,4.1678220412243,4.173709163434151
41.48,-0.2619773472266395,-0.1115707991045672,4.306261606552792,4.029382475895808,4.1678220412243,4.168404858963087
41.5,-0.1890841981995989,-0.0614524770270379,4.306261606552792,4.029382475895808,4.1678220412243,4.164943061621615
41.52,-0.2635862964206963,-0.0575479968001265,4.131147381934654,4.155099275739131,4.143123328836893,4.158016535007571
41.54,-0.2554355236703366,-0.08080371363539,4.131147381934654,4.155099275739131,4.143123328836893,4.151929374964438
41.56,-0.4547089835890982,-0.0915819189929818,4.177092944571794,4.022959216544613,4.100026080558203,4.138554283819209
41.58,-0.2040212349876962,-0.0516896029235463,4.177092944571794,4.022959216544613,4.100026080558203,4.131029081263331
41.6,-0.13300092991526,-0.071227364675542,4.177092944571794,4.022959216544613,4.100026080558203,4.125534764454343
41.62,-0.0953782576724442,-0.088237238088096,4.160425208156389,4.331866130943146,4.246145669549767,4.135879046325782
41.64,-0.3118560254861343,-0.0923232530592308,4.160425208156389,4.331866130943146,4.246145669549767,4.14129230018943
41.66,0.0114111543533252,-0.0742101908756154,4.038648866579275,4.128834985672148,4.083741926125711,4.135742663561418
41.68,-0.0230846046627946,-0.0558610277913202,4.038648866579275,4.128834985672148,4.083741926125711,4.130127066933917
41.7,-0.2701161768822085,-0.0310084187530254,4.038648866579275,4.128834985672148,4.083741926125711,4.120626461669216
41.72,-0.2541823896625287,-0.0631703899204331,4.199400320520935,4.270836015600031,4.235118168060483,4.127500349294419
41.74,-0.0799670605541542,-0.0733126746891803,4.199400320520935,4.270836015600031,4.235118168060483,4.136822724081051
41.76,-0.1796650814141585,-0.0881323106649857,4.2671094500035,4.206317108467589,4.236713279235545,4.143577808131045
41.78,-0.2263397035525277,-0.0741235926739087,4.2671094500035,4.206317108467589,4.236713279235545,4.148817240577549
41.8,-0.2342016348180758,-0.093980335454309,4.2671094500035,4.206317108467589,4.236713279235545,4.153391215016624
41.82,-0.1911926155997168,-0.0378948211240175,4.094286120291578,3.961353600279393,4.0278198602854856,4.1373926124627145
41.84,-0.0108776789610219,-0.0893653943843944,4.094286120291578,3.961353600279393,4.0278198602854856,4.126239539023693
41.86,-0.211500978258845,-0.0687011123573883,4.252615805178952,4.156931131440004,4.204773468309478,4.130285914343613
41.88,-0.1690099457046168,-0.0502740523060805,4.252615805178952,4.156931131440004,4.204773468309478,4.134692490717516
41.9,-0.033358617578762,-0.0384480103705137,4.252615805178952,4.156931131440004,4.204773468309478,4.141100133360295
41.92,0.0222658593735443,-0.0809731936529701,4.171749942408941,3.9573886769075424,4.064569309658242,4.133847836458814
41.94,-0.1808527386099342,-0.0160845345342983,4.171749942408941,3.9573886769075424,4.064569309658242,4.123664634483778
41.96,-0.2172006195895713,-0.1311258850197869,3.977067133914921,3.9608571739291927,3.9689621539220568,4.104284775274993
41.98,-0.104938335018397,-0.0954870537837036,3.977067133914921,3.9608571739291927,3.9689621539220568,4.088863623109369
42.0,-0.0630036007952043,-0.0771389368698367,3.977067133914921,3.9608571739291927,3.9689621539220568,4.075739411376324
42.02,-0.2460850880729436,-0.0429547950756743,4.212686860838458,4.234008573009019,4.223347716923739,4.086070710345751
42.04,0.1685460179389563,-0.0627889166574667,4.212686860838458,4.234008573009019,4.223347716923739,4.102832239326451
42.06,-0.2054308142646083,-0.0388265851045254,4.144742698653114,3.863055477016528,4.003899087834821,4.089241169520525
42.08,-0.0207644804242755,-0.0684334099060735,4.144742698653114,3.863055477016528,4.003899087834821,4.0803332007043185
42.1,-0.2149507596784985,-0.0412406772349435,4.144742698653114,3.863055477016528,4.003899087834821,4.068820675743155
42.12,-0.0160764822589392,-0.0388215714490404,4.15072102658819,4.308885117158623,4.229803071873407,4.08462953867552
42.14,0.1149285120963095,-0.0384020617924239,4.15072102658819,4.308885117158623,4.229803071873407,4.101215605213042
42.16,-0.1701587894989029,-0.0360123555884145,4.074176513048434,4.1388233395888525,4.1064999263186435,4.0986811791126225
42.18,-0.3246776951600553,-0.0152620706971777,4.074176513048434,4.1388233395888525,4.1064999263186435,4.093618855320343
42.2,-0.0468264696925803,-0.0757639825230541,4.074176513048434,4.1388233395888525,4.1064999263186435,4.094064085965706
42.22,-0.1049646230812899,-0.0478406650440394,3.9849433604591495,4.085930876917311,4.03543711868823,4.086312026022496
42.24,-0.3068307306505073,-0.1028308226861789,3.9849433604591495,4.085930876917311,4.03543711868823,4.075701582137359
42.26,0.0978153010315156,-0.0792826427757982,4.002773382720648,3.911591244430121,3.9571823135753847,4.065610330699728
42.28,-0.1608600464570764,-0.004614209565462,4.002773382720648,3.911591244430121,3.9571823135753847,4.051872048151067
42.3,-0.2482300701691072,-0.0302026474104557,4.002773382720648,3.911591244430121,3.9571823135753847,4.037934933430455
42.32,0.1181214757581875,-0.0351775464277368,3.931949694267776,4.0917098128692215,4.011829753568499,4.037450602007907
42.34,-0.0694890254052759,-0.0431610948520606,3.931949694267776,4.0917098128692215,4.011829753568499,4.033637714706671
42.36,-0.0345677484516133,-0.0553959290803106,3.927451528052488,4.061213860789037,3.9943326944207627,4.029084993205952
42.38,-0.0340679457108344,-0.0681750185622066,3.927451528052488,4.061213860789037,3.9943326944207627,4.024996540304638
42.4,0.1634573191745256,-0.0380439421181272,3.927451528052488,4.061213860789037,3.9943326944207627,4.024872387461391
42.42,-0.0668789740643128,-0.0331850165601183,3.83686172116764,4.185203245027369,4.011032483097504,4.022284575491844
42.44,-0.2186973401941489,-0.1076694346883816,3.83686172116764,4.185203245027369,4.011032483097504,4.017222814128917
42.46,-0.4086933278630629,-0.0783878370935272,4.126739739628082,4.049092662673097,4.087916201150589,4.016935672929548
42.48,-0.1463487388214684,-0.0361407670415207,4.126739739628082,4.049092662673097,4.087916201150589,4.021399448452866
42.5,0.1106052110314747,-0.0726167714879618,4.126739739628082,4.049092662673097,4.087916201150589,4.030042017521205
42.52,-0.1574368265179389,-0.0508088253772687,4.178733032534743,3.891806482531704,4.035269757533223,4.0277309286450835
42.54,-0.1475083651802786,-0.0014065088499501,4.178733032534743,3.891806482531704,4.035269757533223,4.025829660960653
42.56,0.1035556766957882,-0.0100333539271287,3.971585274798688,4.292459167792261,4.1320222212954745,4.03831291917466
42.58,-0.0037701965426524,-0.0503832795566226,3.971585274798688,4.292459167792261,4.1320222212954745,4.047615985848974
42.6,-0.1323964458952551,-0.0665037683070799,3.971585274798688,4.292459167792261,4.1320222212954745,4.0536734733675095
42.62,-0.0250801488031545,-0.0163106292356544,3.9990717691144586,4.149167159288336,4.074119464201397,4.055266629772442
42.64,-0.0589803920287142,0.0021679942200654,3.9990717691144586,4.149167159288336,4.074119464201397,4.05609026615882
42.66,-0.0030682595709494,-0.0599654972207621,4.063155368577754,3.865579867993669,3.9643676182857117,4.046862772699232
42.68,-0.04754350485163,-0.0207256800027366,4.063155368577754,3.865579867993669,3.9643676182857117,4.03775747417055
42.7,-0.0248056406827831,-0.0562694719181711,4.063155368577754,3.865579867993669,3.9643676182857117,4.029971987049777
42.72,-0.1989212572032707,-0.0578128727444833,4.125353472898762,4.058504975223888,4.091929224061325,4.032587128121273
42.74,0.0443636049456988,-0.02636507367457,4.125353472898762,4.058504975223888,4.091929224061325,4.039319882604301
42.76,0.0142209370046768,-0.026456467100016,4.0036191883855885,4.060489050010881,4.032054119198235,4.038849283129779
42.78,0.02685189669958,-0.0377009255774747,4.0036191883855885,4.060489050010881,4.032054119198235,4.038653100877217
42.8,0.0321026025666321,-0.0558985975228926,4.0036191883855885,4.060489050010881,4.032054119198235,4.038571049555518
42.82,-0.0465005777872607,-0.088486607174893,4.064082523607647,4.057259485726769,4.060671004667208,4.039944034666516
42.84,-0.0757118744922461,0.0375043761237934,4.064082523607647,4.057259485726769,4.060671004667208,4.040653917925725
42.86,-0.4178091390740084,-0.0338381677774782,4.117319304429556,3.947240626560274,4.032279965494915,4.032295958179312
42.88,-0.0196363597849398,-0.0160368895395715,4.117319304429556,3.947240626560274,4.032279965494915,4.031940904434744
42.9,-0.3905900680594546,0.0074167084526831,4.117319304429556,3.947240626560274,4.032279965494915,4.024944189315692
42.92,0.0120397107753477,-0.0475512387346008,3.953866654351914,4.024697505492537,3.9892820799222255,4.021594693170302
42.94,0.0561214015449406,-0.0383569327109626,3.953866654351914,4.024697505492537,3.9892820799222255,4.0193736170733025
42.96,0.0533990963731039,-0.0441395116123021,4.0110175484747685,3.915726421787956,3.9633719851313622,4.014734637613825
42.98,-0.0484696886140078,-0.0828210648335773,4.0110175484747685,3.915726421787956,3.9633719851313622,4.008725917970526
43.0,0.0793866293311415,-0.0580548789326655,4.0110175484747685,3.915726421787956,3.9633719851313622,4.005619484014571
43.02,0.1424418083239583,-0.0204463902200683,3.913344977394489,3.9430441733143007,3.9281945753543948,4.000440945698385
43.04,-0.0487466162650376,-0.0340398056780225,3.913344977394489,3.9430441733143007,3.9281945753543948,3.992338869571215
43.06,-0.029796977157919,-0.0165154995474113,4.036493274712924,3.955723376693335,3.9961083257031293,3.9921794695955644
43.08,0.1384672519317202,-0.0325044174980925,4.036493274712924,3.955723376693335,3.9961083257031293,3.995064765741091
43.1,0.0114105558491929,-0.0059905247071228,4.036493274712924,3.955723376693335,3.9961083257031293,3.9953745117425807
43.12,0.2749238541036077,-0.0364127393560613,3.769231262911602,3.867521844917999,3.8183765539148005,3.982623345333667
43.14,-0.0377276381464875,-0.0258314344718712,3.769231262911602,3.867521844917999,3.8183765539148005,3.9655195687051434
43.16,0.0371111590635578,0.008627763798249,3.951129785741456,3.9852119596114255,3.9681708726764406,3.9664526999654175
43.18,-0.1076985959015786,-0.0266552544285168,3.951129785741456,3.9852119596114255,3.9681708726764406,3.964685942510291
43.2,0.0335964590044891,0.0288108640520723,3.951129785741456,3.9852119596114255,3.9681708726764406,3.965639171788987
43.22,-0.0557073355598754,-0.0604105208266754,3.9689929228199214,3.793951911370247,3.8814724170950843,3.956219764279519
43.24,-0.191761294128089,-0.0449157516598845,3.9689929228199214,3.793951911370247,3.8814724170950843,3.9452933262667695
43.26,-0.2253009738351221,-0.0335418301843942,3.883008855791394,3.884118757810594,3.8835638068009937,3.9350649567911606
43.28,0.0526679515577202,-0.0257559137726587,3.883008855791394,3.884118757810594,3.8835638068009937,3.9308628649201833
43.3,-0.0910145311757218,0.0242930199857737,3.883008855791394,3.884118757810594,3.8835638068009937,3.9244946975471016
43.32,-0.0023019987370024,0.0062584186140662,4.028677076549996,4.133812493800821,4.081244785175409,3.9401282703326665
43.34,0.0046172519808939,-0.0125330575606377,4.028677076549996,4.133812493800821,4.081244785175409,3.954323032352597
43.36,-0.0372607830768634,-0.0121764413798807,3.905098429877974,4.091100852013105,3.9980996409455396,3.9580299991165075
43.38,0.220142502306375,-0.0511292489672071,3.905098429877974,4.091100852013105,3.9980996409455396,3.965999528340926
43.4,-0.008265947629217,-0.0128214387438206,3.905098429877974,4.091100852013105,3.9980996409455396,3.9690607525440615
43.42,-0.0488368047561264,0.0261467347676539,3.925639314827678,3.9408876277538,3.933263471290739,3.964601961933119
43.44,-0.0954618677658904,-0.0346623967935492,3.925639314827678,3.9408876277538,3.933263471290739,3.9597497992490953
43.46,0.1263147592778738,-0.0349679082358499,3.999383613201327,4.070738277763444,4.035060945482385,3.9695545795394267
43.48,-0.0225587303279805,-0.0122933830833048,3.999383613201327,4.070738277763444,4.035060945482385,3.9756991589878194
43.5,0.1773638964002726,0.0120035526924204,3.999383613201327,4.070738277763444,4.035060945482385,3.984827887772482
43.52,0.0952970271977812,0.02844450361214,3.982280139267139,4.033091143792939,4.007685641530039,3.988829009637798
43.54,-0.023741550560986,0.0204800267792806,3.982280139267139,4.033091143792939,4.007685641530039,3.990287324916925
43.56,0.0886265189066854,-0.0239105394879272,4.1282985945382284,3.940567656685029,4.034433125611629,3.996297182326716
43.58,0.1036092130679026,0.0448419361643458,4.1282985945382284,3.940567656685029,4.034433125611629,4.001975742490429
43.6,-0.0594677724292349,-0.0378673640570581,4.1282985945382284,3.940567656685029,4.034433125611629,4.004151060898823
43.62,0.0715613529558801,-0.0273716247121162,4.096296188692056,4.1630742171211255,4.129685202906591,4.017992579452805
43.64,0.0871707937200324,-0.001867576827108,4.096296188692056,4.1630742171211255,4.129685202906591,4.030730916085145
43.66,0.0567437827023476,-0.0367228754639562,3.9218137977097354,3.984192273424673,3.953003035567204,4.023979516121993
43.68,0.1225502922739334,0.0066119330772151,3.9218137977097354,3.984192273424673,3.953003035567204,4.0190877733274455
43.7,0.034321543803384,0.0365517656369328,3.9218137977097354,3.984192273424673,3.953003035567204,4.013097087339883
43.72,0.2433192178486026,-0.0033272796131069,3.982780357581216,3.9870746920355176,3.984927524808367,4.014659877008005
43.74,0.3610894455563838,-0.0696725290006196,3.982780357581216,3.9870746920355176,3.984927524808367,4.018186251808057
43.76,0.0090806994370313,-0.0085188775407732,3.978692823655658,4.022736932072553,4.000714877864105,4.016602567003528
43.78,-0.1695997185789227,0.0064180317254587,3.978692823655658,4.022736932072553,4.000714877864105,4.011961003155165
43.8,0.1077531414115847,-0.0032647467113746,3.978692823655658,4.022736932072553,4.000714877864105,4.012775947171468
43.82,0.1184946857360392,-0.0140929628584511,3.968395662576981,4.156894226878135,4.062644944727558,4.019895751270326
43.84,0.0846817740521738,-0.0037159447990937,3.968395662576981,4.156894226878135,4.062644944727558,4.02569494254899
43.86,-0.0826917124614655,-0.033525026471367,4.104222582208705,4.055355254265337,4.079788918237021,4.029615889293487
43.88,0.1146708933188772,-0.000518518233525,4.104222582208705,4.055355254265337,4.079788918237021,4.03669726826758
43.9,0.174568436213146,-0.0084466033957725,4.104222582208705,4.055355254265337,4.079788918237021,4.04414866511636
43.92,-0.0250082338223845,-0.0169991844270475,3.8380523532055713,4.134054323411088,3.98605333830833,4.037888984226754
43.94,0.2963327706699725,0.047921323855754,3.8380523532055713,4.134054323411088,3.98605333830833,4.03803940950697
43.96,-0.021857473877695,-0.0155538657453788,4.084986053110756,3.957045141383365,4.02101559724706,4.035943593751181
43.98,0.1739349299930858,0.0246589396486018,4.084986053110756,3.957045141383365,4.02101559724706,4.037581622840644
44.0,0.0653987471614337,0.0179294184146089,4.084986053110756,3.957045141383365,4.02101559724706,4.037102197730192
44.02,-0.0902795516119567,0.0345061456570985,3.978989669036997,3.961023263515081,3.970006466276039,4.028767592655762
44.04,0.0865319814032622,-0.0652369926270645,3.978989669036997,3.961023263515081,3.970006466276039,4.024449055683048
44.06,0.0745571134516965,-0.002407589095612,3.9176335666376514,4.048328477116756,3.9829810218772037,4.021644280344595
44.08,0.4095958402434512,-0.0288792427013682,3.9176335666376514,4.048328477116756,3.9829810218772037,4.025150679622237
44.1,0.2235127658882684,0.005900872412888,3.9176335666376514,4.048328477116756,3.9829810218772037,4.024956943633724
44.12,0.3242969255496916,0.0081257770966119,3.990894905568416,3.986797986296582,3.988846445932499,4.027183238523494
44.14,0.2775726095637971,-0.0100272467004816,3.990894905568416,3.986797986296582,3.988846445932499,4.028345866236544
44.16,0.1048067820793194,0.0541777206095692,4.116669577582986,4.251161808001554,4.1839156927922705,4.045789370969544
44.18,0.0269477078587735,0.0294880688784926,4.116669577582986,4.251161808001554,4.1839156927922705,4.060087061893274
44.2,0.3202320525713351,-0.0072628576160325,4.116669577582986,4.251161808001554,4.1839156927922705,4.078234101929459
44.22,-0.0279621909492669,0.0685764510931212,4.061287357055385,4.040157923919707,4.050722640487546,4.074979636348181
44.24,0.1115303004039365,-0.0056428108907935,4.061287357055385,4.040157923919707,4.050722640487546,4.074561482169389
44.26,0.0374287602362026,-0.001462635448766,3.957360946779431,4.198240920235358,4.077800933507395,4.075559144987441
44.28,0.1949388464759684,0.0405800153002151,3.957360946779431,4.198240920235358,4.077800933507395,4.0792922230760045
44.3,0.3512925976850266,-0.0072559835531823,3.957360946779431,4.198240920235358,4.077800933507395,4.085466360877473
44.32,0.0884703919106257,0.0126816155539653,3.9734510777434897,4.101924662270439,4.037687870006964,4.082280978844813
44.34,-0.0089806689751731,0.016595849507159,3.9734510777434897,4.101924662270439,4.037687870006964,4.0776600159194745
44.36,0.2427581294162987,0.0506001679292547,4.164496709747288,4.087497118175845,4.125996913961567,4.086863352053176
44.38,-0.0707334662440747,-0.0220166752743793,4.164496709747288,4.087497118175845,4.125996913961567,4.0895035058516225
44.4,0.1622093123743537,0.00507769142677,4.164496709747288,4.087497118175845,4.125996913961567,4.0960726142853545
44.42,0.0492862632717778,0.0372901228321551,4.135243407023234,4.142665731864055,4.138954569443644,4.101247962540075
44.44,0.1857196552599436,0.0071406350914949,4.135243407023234,4.142665731864055,4.138954569443644,4.10836157702511
44.46,0.1789328939496676,0.0149921493970261,4.008361995331818,4.065110192864155,4.036736094097986,4.104419820823493
44.48,0.0069526757299502,0.0330229666116443,4.008361995331818,4.065110192864155,4.036736094097986,4.097776596314081
44.5,0.3547423003337292,0.0091940548674592,4.008361995331818,4.065110192864155,4.036736094097986,4.098057907498481
44.52,0.2983566479343761,0.0056277033575055,4.057703498881694,3.970946024257357,4.014324761569526,4.095055012568405
44.54,0.0243663082207019,-0.0071865809010026,4.057703498881694,3.970946024257357,4.014324761569526,4.08742058101649
44.56,-0.0018908794887363,0.0387049923434047,3.982128620004713,4.241904233127478,4.112016426566095,4.089846129740653
44.58,0.0870018551052146,0.0372648701971583,3.982128620004713,4.241904233127478,4.112016426566095,4.093629192815092
44.6,-0.0205433913564315,0.0144748032585272,3.982128620004713,4.241904233127478,4.112016426566095,4.0950981351457765
44.62,0.0101448816462541,0.0213338252462467,4.206751588157518,4.083598894570543,4.145175241364031,4.100288453637234
44.64,0.2660239391707274,-0.0082309651433271,4.206751588157518,4.083598894570543,4.145175241364031,4.109565563314988
44.66,0.1451876261908297,0.0433475227638512,4.029955699359246,4.088822542087107,4.059389120723177,4.1071612963272415
44.68,0.2332686014161543,0.0081677456702787,4.029955699359246,4.088822542087107,4.059389120723177,4.106582913592327
44.7,0.4024382081588311,0.0279472296081023,4.029955699359246,4.088822542087107,4.059389120723177,4.109107422052272
44.72,0.132125774305892,0.0350445739535583,4.140192195251341,4.012767525600058,4.0764798604256995,4.108222929827121
44.74,0.0827331203892439,0.0384740766736679,4.140192195251341,4.012767525600058,4.0764798604256995,4.106537819053985
44.76,0.1449061302315326,0.0907914774570509,3.982652866116628,4.245220118408043,4.113936492262336,4.109885996718988
44.78,0.2746158228515026,0.0374776546198382,3.982652866116628,4.245220118408043,4.113936492262336,4.11523413108465
44.8,0.1800131413529864,-0.0143153726682,3.982652866116628,4.245220118408043,4.113936492262336,4.118344603746772
44.82,-0.0692410687406746,0.0337906523356229,4.155653140429068,4.032337472082572,4.09399530625582,4.114663334760345
44.84,0.0738267021429744,0.0446942148425471,4.155653140429068,4.032337472082572,4.09399530625582,4.1139254125484666
44.86,-0.0198295625933632,-0.0105876005398178,4.124211644301473,4.177027118689085,4.150619381495279,4.117237877316467
44.88,0.0300298637794211,0.0126986219638183,4.124211644301473,4.177027118689085,4.150619381495279,4.121116565282378
44.9,-0.0255800409658651,0.0322603102990816,4.124211644301473,4.177027118689085,4.150619381495279,4.1236064061662825
44.92,0.2214270726751191,0.0437091647526123,4.141809745662176,4.0622666615623375,4.102038203612256,4.125435273219033
44.94,0.2599990280827406,0.0106917938013842,4.141809745662176,4.0622666615623375,4.102038203612256,4.127775548763843
44.96,0.1437237793057444,0.0338812276072063,4.2740662320918,4.115952084553088,4.195009158322444,4.137085937747207
44.98,0.0367116166887739,0.0377933363414824,4.2740662320918,4.115952084553088,4.195009158322444,4.143539068905128
45.0,0.1793240236970247,0.0556092053828816,4.2740662320918,4.115952084553088,4.195009158322444,4.151913910273406
45.02,0.1683426409083383,0.0667369592534351,4.314021792937914,4.075904848028488,4.1949633204832,4.159249018830736
45.04,0.0534222424569677,0.03716808990739,4.314021792937914,4.075904848028488,4.1949633204832,4.163782049360208
45.06,0.0678834670105553,0.0678108864143174,4.338218925652943,4.173293571705303,4.255756248679123,4.17420137169829
45.08,0.1552782580135476,0.020946180370016,4.338218925652943,4.173293571705303,4.255756248679123,4.185151868040617
45.1,0.1385534116260546,0.0229563339083559,4.338218925652943,4.173293571705303,4.255756248679123,4.194706267513737
45.12,0.0993619235558755,0.0339249207743029,4.263745327090886,4.066835470859622,4.165290398975253,4.1935531952838945
45.14,0.1724232286279786,0.0104840342444176,4.263745327090886,4.066835470859622,4.165290398975253,4.193830533768335
45.16,0.1846732625086572,0.031813762172356,4.10599415524835,4.127515480041026,4.116754817644688,4.189447080881125
45.18,0.2523262203632403,0.0433728522948813,4.10599415524835,4.127515480041026,4.116754817644688,4.186719726524021
45.2,0.3152787552588963,0.065734932910947,4.10599415524835,4.127515480041026,4.116754817644688,4.1853982532307485
45.22,0.1357017662753644,0.0466273296135653,4.238448494498928,4.12557709736016,4.182012795929544,4.187502339293585
45.24,0.2302988098854003,0.0540491592307579,4.238448494498928,4.12557709736016,4.182012795929544,4.191098763535119
45.26,0.2653481011337696,0.0561729998984468,4.045041825976408,4.144010613174942,4.094526219575675,4.186217774959581
45.28,-0.0240172976312346,0.00336116970242,4.045041825976408,4.144010613174942,4.094526219575675,4.176616308063829
45.3,0.1837749926548043,0.0389451948773723,4.045041825976408,4.144010613174942,4.094526219575675,4.171715249082799
45.32,0.1459887871371274,0.0646493709753817,4.3353373348792825,4.141534909414411,4.238436122146847,4.181015134557673
45.34,0.2174356481939327,0.0609546986501009,4.3353373348792825,4.141534909414411,4.238436122146847,4.190671074984082
45.36,0.4272256061378563,0.0644087875554089,4.268026443889124,4.3232884640646105,4.295657453976867,4.208859773793841
45.38,0.1562401673678435,0.0469622505405447,4.268026443889124,4.3232884640646105,4.295657453976867,4.220351864824765
45.4,0.2819371330043987,0.0588333575412068,4.268026443889124,4.3232884640646105,4.295657453976867,4.232957292134053
45.42,0.3092763129821352,0.0384542565359104,4.248272274617166,4.253037048642424,4.250654661629795,4.240294002717306
45.44,0.2589013536094812,-0.0133004734824722,4.248272274617166,4.253037048642424,4.250654661629795,4.245990292973525
45.46,0.261244700264731,0.0703102414687957,4.398453717871804,4.049617907154564,4.2240358125131845,4.2484972495322575
45.48,0.0581753875126591,0.0688979164693316,4.398453717871804,4.049617907154564,4.2240358125131845,4.247098262805578
45.5,0.1805122883629791,0.0230491220177853,4.398453717871804,4.049617907154564,4.2240358125131845,4.248041238966873
45.52,0.2004862114757938,0.0406752261943106,4.426009231326011,4.181925045883653,4.303967138604833,4.257242580737233
45.54,0.1781417246642617,0.0264693063668491,4.426009231326011,4.181925045883653,4.303967138604833,4.26512158756795
45.56,0.1141072296032023,0.0811172554249018,4.260217466225389,4.346580089573186,4.303398777899288,4.271003236733941
45.58,0.2780142241010748,0.0246555605555571,4.260217466225389,4.346580089573186,4.303398777899288,4.279247046884294
45.6,0.1968103537150019,0.0695824180287802,4.260217466225389,4.346580089573186,4.303398777899288,4.285204806352663
45.62,0.0391689084080693,0.0312626935126239,4.322204220861126,4.374509501751517,4.348356861306321,4.292225052199374
45.64,0.1293211165460573,0.0956841385800621,4.322204220861126,4.374509501751517,4.348356861306321,4.300166013207898
45.66,0.0302915983136474,0.071678386315198,4.308729450307954,4.397868134035856,4.3532987921719055,4.3060245398739445
45.68,0.0286971112611917,0.0578928635307127,4.308729450307954,4.397868134035856,4.3532987921719055,4.311268513106443
45.7,0.2883111464241397,0.02386399738429,4.308729450307954,4.397868134035856,4.3532987921719055,4.320661141648625
45.72,0.2615131448004533,0.0882410901255358,4.189532946087899,4.213267963037989,4.201400454562944,4.313442309546464
45.74,0.4022358421513227,0.055983628103421,4.189532946087899,4.213267963037989,4.201400454562944,4.309478369206837
45.76,0.0592110516553489,0.0185660156211754,4.220623759517175,4.339953270825204,4.28028851517119,4.3076251827330685
45.78,0.2721420680720147,0.0586200369910198,4.220623759517175,4.339953270825204,4.28028851517119,4.309790073202178
45.8,0.27039495526519,0.0775466749134273,4.220623759517175,4.339953270825204,4.28028851517119,4.311707026593853
45.82,0.2789255528149196,0.0749104461088226,4.094943799687234,4.2768424578357225,4.185893128761478,4.304146296761284
45.84,0.2947688570622576,0.0732099067377553,4.094943799687234,4.2768424578357225,4.185893128761478,4.297626819388425
45.86,0.2803191362029537,0.0716968644455737,4.169450265648055,4.46769241752711,4.318571341587583,4.3047670160599925
45.88,0.2203406658302099,0.0635658191738637,4.169450265648055,4.46769241752711,4.318571341587583,4.310113580597696
45.9,0.1240973029010691,0.0832763199940543,4.169450265648055,4.46769241752711,4.318571341587583,4.313193108148903
45.92,0.3370155115118544,0.0437652284279488,4.38038121598176,4.324743546100848,4.352562381041304,4.323196314645358
45.94,-0.0840555212978148,0.0225092844836936,4.38038121598176,4.324743546100848,4.352562381041304,4.324619921901593
45.96,0.0976072725185709,0.0564929094026562,4.339159988116208,4.33201791015729,4.335588949136749,4.327473755530443
45.98,0.2295713148331685,0.0611606567637972,4.339159988116208,4.33201791015729,4.335588949136749,4.33241755855807
46.0,0.0945279600695324,0.0358450405376921,4.339159988116208,4.33201791015729,4.335588949136749,4.334436200897191
46.02,0.250580282732753,0.056852510413979,4.370181229570457,4.171182744198305,4.270681986884381,4.3325712245851005
46.04,0.1070985588967449,0.0160273292716178,4.370181229570457,4.171182744198305,4.270681986884381,4.328310074875169
46.06,0.388750170406825,0.0501121551687916,4.278682532785518,4.323412536363772,4.301047534574645,4.332581323912441
46.08,0.155357569607041,0.0847155854219739,4.278682532785518,4.323412536363772,4.301047534574645,4.332224381231589
46.1,0.1253305717844104,0.0382374516266168,4.278682532785518,4.323412536363772,4.301047534574645,4.331362646858014
46.12,0.1764426735023515,0.0559535680832936,4.359655858370129,4.352053323522912,4.355854590946521,4.336987809389906
46.14,0.2697349410159646,0.0848285902633374,4.359655858370129,4.352053323522912,4.355854590946521,4.343729716483855
46.16,0.1451989809895556,0.1038238123911893,4.419802590027508,4.492638449407136,4.456220519717322,4.3575923784650135
46.18,0.0782058089046448,0.0804799697462841,4.419802590027508,4.492638449407136,4.456220519717322,4.368862897150528
46.2,0.177558453372643,0.0251855970792713,4.419802590027508,4.492638449407136,4.456220519717322,4.3807947115679156
46.22,0.0870148753920113,0.0650294787439604,4.333725766023632,4.4865180265629165,4.4101218962932744,4.385293697797507
46.24,0.1944632895025851,0.1013741311702192,4.333725766023632,4.4865180265629165,4.4101218962932744,4.391276856858131
46.26,0.198638589259894,0.0565564333779897,4.477828582855183,4.402391224102897,4.4401099034790406,4.399735656126898
46.28,0.1418552899626059,0.0854313977912694,4.477828582855183,4.402391224102897,4.4401099034790406,4.40632647608144
46.3,0.3026965235629343,0.0804477028487258,4.477828582855183,4.402391224102897,4.4401099034790406,4.415153356245332
46.32,0.3503023642937868,0.027641855383729,4.442891383285762,4.268132407209946,4.355511895247854,4.415494652702874
46.34,0.0080710436053299,0.0577228726195657,4.442891383285762,4.268132407209946,4.355511895247854,4.409641655742268
46.36,0.4489746418611806,0.0492625864430645,4.559310083634335,4.554555479646152,4.556932781640244,4.432452311885566
46.38,0.2400207199548196,0.0708624157665427,4.559310083634335,4.554555479646152,4.556932781640244,4.449220731820221
46.4,0.2640757335473039,0.0909190679776027,4.559310083634335,4.554555479646152,4.556932781640244,4.464745300006074
46.42,0.0670749652328924,0.0744313033549702,4.397698220667399,4.421920820992567,4.409809520829983,4.460459071462657
46.44,-0.0170310477080585,0.0993819565654326,4.397698220667399,4.421920820992567,4.409809520829983,4.455087557540645
46.46,0.4526713686621547,0.0393879498522026,4.575403388217611,4.291926012493864,4.433664700355737,4.461093356458074
46.48,0.26345254351647,0.0538188308827514,4.575403388217611,4.291926012493864,4.433664700355737,4.463092636631137
46.5,0.3806809563089842,0.0758672083451466,4.575403388217611,4.291926012493864,4.433664700355737,4.46700210021716
46.52,0.3136451167900327,0.1038300938643398,4.501921569525568,4.382820593843992,4.44237108168478,4.470184610466143
46.54,0.0989772276239584,0.0622762521581519,4.501921569525568,4.382820593843992,4.44237108168478,4.469184847685238
46.56,0.2229504864134154,0.0963598905882236,4.457461772035326,4.318327791235095,4.387894781635211,4.465068949835677
46.58,0.2455588652119903,0.0466580652065834,4.457461772035326,4.318327791235095,4.387894781635211,4.461771592589446
46.6,0.2385229606613166,0.1055491073928219,4.457461772035326,4.318327791235095,4.387894781635211,4.458677324785927
46.62,0.2242098178925564,0.1363214664712372,4.513406647774937,4.361302171605689,4.437354409690313,4.460580809998431
46.64,0.3264513974044398,0.0797784399959518,4.513406647774937,4.361302171605689,4.437354409690313,4.4641342951209
46.66,0.1342272574700866,0.0917112205714666,4.445871259778419,4.479218657123591,4.462544958451005,4.466391452088372
46.68,0.1181027111768666,0.1191566315143586,4.445871259778419,4.479218657123591,4.462544958451005,4.468132651525819
46.7,0.1824205985011116,0.1173404300536845,4.445871259778419,4.479218657123591,4.462544958451005,4.470857452991358
46.72,0.2741859955684115,0.0937574391735916,4.405360340235129,4.492362767966801,4.448861554100965,4.473593211022549
46.74,0.163767960859646,0.152602330190281,4.405360340235129,4.492362767966801,4.448861554100965,4.474067868625864
46.76,0.2126040052927894,0.1049372972834672,4.554587386456945,4.518538503613919,4.536562945035432,4.48414424836209
46.78,0.3473416641520191,0.0926346308250327,4.554587386456945,4.518538503613919,4.536562945035432,4.4956382679841616
46.8,0.3175335829123551,0.1019151204273032,4.554587386456945,4.518538503613919,4.536562945035432,4.5054463401817095
46.82,0.1818569843130841,0.0965318282759878,4.476811414815039,4.404919065033082,4.44086523992406,4.502261655873581
46.84,-0.0887149837798882,0.0943331722345948,4.476811414815039,4.404919065033082,4.44086523992406,4.494525144570591
46.86,0.0946026322859585,0.0862622851180252,4.57772617209615,4.656521135815585,4.6171236539558675,4.508487842890267
46.88,0.2331592377927623,0.1378615329679578,4.57772617209615,4.656521135815585,4.6171236539558675,4.523548290277097
46.9,0.3051190265481355,0.0925599121608932,4.57772617209615,4.656521135815585,4.6171236539558675,4.53839796912284
46.92,0.1307847379601754,0.0981385382041498,4.707550174823491,4.839147359083761,4.773348766953626,4.564247174189203
46.94,0.3006773745456085,0.0851085475262356,4.707550174823491,4.839147359083761,4.773348766953626,4.590569526207465
46.96,0.191708431953434,0.1003991103706204,4.524790598126528,4.548878790052449,4.536834694089489,4.588646794770829
46.98,0.2972235646093126,0.0876473561169102,4.524790598126528,4.548878790052449,4.536834694089489,4.588815608865662
47.0,0.0909200581354883,0.107283182528889,4.524790598126528,4.548878790052449,4.536834694089489,4.585254078434485
47.02,0.2173109819904508,0.089173874252953,4.477528100139917,4.598479687185133,4.538003893662525,4.584440657633117
47.04,0.2203760642562331,0.0860594100396493,4.477528100139917,4.598479687185133,4.538003893662525,4.583763750392669
47.06,0.2976345253372534,0.0742969661293331,4.708950860184707,4.728582624382405,4.718766742283556,4.602621471037829
47.08,0.159528278068222,0.0970788961562145,4.708950860184707,4.728582624382405,4.718766742283556,4.6171075071676295
47.1,0.2689733213472537,0.0744575489745262,4.708950860184707,4.728582624382405,4.718766742283556,4.632114950463474
47.12,0.1037339489438204,0.1159858394709125,4.644570147462605,4.62102576772809,4.632797957595347,4.63405046225765
47.14,0.1954894658738868,0.0907233814059542,4.644570147462605,4.62102576772809,4.632797957595347,4.63744402217715
47.16,-0.0413911737158488,0.0848065392910747,4.59186490518824,4.566819755562746,4.579342330375493,4.6308888118701
47.18,0.165396293703965,0.1093520253246352,4.59186490518824,4.566819755562746,4.579342330375493,4.628711297007311
47.2,0.1152203756791084,0.1185275964540019,4.59186490518824,4.566819755562746,4.579342330375493,4.625848367106354
47.22,0.3035488515539252,0.1006011600693718,4.633192623068143,4.698411840994173,4.665802232031158,4.635307632926804
47.24,0.1603379524818664,0.0489705307934321,4.633192623068143,4.698411840994173,4.665802232031158,4.641243175981914
47.26,0.2891611769995388,0.0812600925783048,4.680704048197788,4.825038641839304,4.752871345018546,4.657610894071568
47.28,0.2836149608940947,0.0804038836324203,4.680704048197788,4.825038641839304,4.752871345018546,4.67224200846236
47.3,0.2055444977138775,0.0898376571598796,4.680704048197788,4.825038641839304,4.752871345018546,4.684004743076828
47.32,0.2746405604509918,0.1016526951772286,4.863392400745125,4.566368235652981,4.714880318199054,4.69203583067717
47.34,0.507291100347286,0.1136580149542569,4.863392400745125,4.566368235652981,4.714880318199054,4.703451519235612
47.36,0.1995853356966752,0.1005517020876951,4.615849727446173,4.6880125302141655,4.651931128830169,4.701892016237608
47.38,0.1038978911674265,0.1152712160569922,4.615849727446173,4.6880125302141655,4.651931128830169,4.6987660895378776
47.4,0.1771327290331799,0.1262837010068865,4.615849727446173,4.6880125302141655,4.651931128830169,4.697270982589703
47.42,0.2827962577966626,0.1107750097453616,4.85564350413957,4.743221272372217,4.799432388255894,4.712577455796663
47.44,0.3083673496379401,0.1391245021716919,4.85564350413957,4.743221272372217,4.799432388255894,4.726813561336068
47.46,0.2326201019211019,0.1222311365462296,4.687435614063817,4.8716689041578665,4.779552259110842,4.736274592948127
47.48,0.2401714361259419,0.075694003494822,4.687435614063817,4.8716689041578665,4.779552259110842,4.7449254454146645
47.5,0.2335170467633486,0.1450028432090271,4.687435614063817,4.8716689041578665,4.779552259110842,4.752591433626023
47.52,-0.0466610343922576,0.1506921726576562,4.600940191455839,4.754234639326392,4.677587415391116,4.744251133183472
47.54,0.3132503424330035,0.1102089862739206,4.600940191455839,4.754234639326392,4.677587415391116,4.743223267568029
47.56,0.267580566215659,0.1548110461963717,4.710596652869292,4.798815116362227,4.75470588461576,4.7491879794646845
47.58,0.3026347726161225,0.0815354898996194,4.710596652869292,4.798815116362227,4.75470588461576,4.755187195886881
47.6,0.3664529179730356,0.1276836858275499,4.710596652869292,4.798815116362227,4.75470588461576,4.7617352172832845
47.62,0.3328127152677823,0.0920871556181272,4.835724222438661,4.788840233526654,4.812282227982658,4.772780547228041
47.64,0.380258147609895,0.1115364088877542,4.835724222438661,4.788840233526654,4.812282227982658,4.783575361960482
47.66,0.2526314605240183,0.0839735711134523,4.73717848407341,4.713503846640831,4.72534116535712,4.782299308589577
47.68,0.1874834324244239,0.1219275898403663,4.73717848407341,4.713503846640831,4.72534116535712,4.7799781960499725
47.7,0.3201890629739947,0.0932964048157156,4.73717848407341,4.713503846640831,4.72534116535712,4.78027789611422
47.72,0.0659036109910679,0.147181754241106,4.701586942699439,4.852252108482943,4.776919525591191,4.781128324059756
47.74,0.3948864811651816,0.0961533994899057,4.701586942699439,4.852252108482943,4.776919525591191,4.787815400873873
47.76,0.2102550741303226,0.1307942203625852,5.043279419521332,4.729480815297593,4.8863801174094625,4.8014564638617765
47.78,0.2966754397861063,0.0916606200319146,5.043279419521332,4.729480815297593,4.8863801174094625,4.815288987132695
47.8,0.168282789545965,0.0905241267013527,5.043279419521332,4.729480815297593,4.8863801174094625,4.825427190372199
47.82,0.252704084212107,0.1212013262618475,4.613528904246308,4.696202426787209,4.654865665516758,4.812919711402474
47.84,0.3481706200341227,0.1562721845290536,4.613528904246308,4.696202426787209,4.654865665516758,4.803381377974517
47.86,0.1296965006210281,0.1272503725918572,4.708868607430023,5.00734072066201,4.858104664046016,4.811188243592846
47.88,0.0904756436842096,0.1126179379863953,4.708868607430023,5.00734072066201,4.858104664046016,4.81750844722448
47.9,0.227548545935188,0.1050417235777417,4.708868607430023,5.00734072066201,4.858104664046016,4.825663942733466
47.92,0.1313302723654228,0.1612072352871052,4.912955335253206,4.867197301181745,4.890076318217476,4.834469125184445
47.94,0.41688870502802,0.0905707125829115,4.912955335253206,4.867197301181745,4.890076318217476,4.847533841178252
47.96,0.2184943887048384,0.1236346333818216,4.823159840723395,5.0127996781151065,4.917979759419251,4.85851133199904
47.98,0.2349151972358498,0.1667143702952089,4.823159840723395,5.0127996781151065,4.917979759419251,4.868686648291305
48.0,0.2401125884055847,0.0934521096954729,4.823159840723395,5.0127996781151065,4.917979759419251,4.877937985995402
48.02,0.1372403902411902,0.131987689310573,4.744560319171627,4.859546366995723,4.802053343083674,4.872819848728572
48.04,0.1338534213823807,0.099939797315241,4.744560319171627,4.859546366995723,4.802053343083674,4.868152559748964
48.06,0.5000740302304834,0.1364063322872802,4.698771160327816,4.9677143203684855,4.833242740348151,4.8736629103530325
48.08,0.4633616757906941,0.15930608982885,4.698771160327816,4.9677143203684855,4.833242740348151,4.8779614035167755
48.1,0.1923468239900727,0.1894625729571645,4.698771160327816,4.9677143203684855,4.833242740348151,4.876951780031735
48.120000000000005,0.246206880159525,0.1579636370743379,4.957128249162408,4.709510551073794,4.833319400118101,4.877020265883244
48.14,0.3184295163243452,0.1351641314053853,4.957128249162408,4.709510551073794,4.833319400118101,4.8783819106005675
48.16,0.1899073174811084,0.1206272865056133,4.737844007778209,4.924284322251006,4.831064165014608,4.877068467756631
48.18,0.1202810214921746,0.1090123305174828,4.737844007778209,4.924284322251006,4.831064165014608,4.874633095869289
48.2,0.2481587996185987,0.0880474536501055,4.737844007778209,4.924284322251006,4.831064165014608,4.874743061176956
48.22,0.2988877893375046,0.158213294170003,4.895422270395619,4.842433366277146,4.868927818336383,4.879541517100973
48.24,0.3948332944573369,0.0768244155040715,4.895422270395619,4.842433366277146,4.868927818336383,4.885587146524747
48.26,0.4250034953637387,0.1493982596714055,4.994921075448898,5.026191352645091,5.010556214046995,4.905734116193518
48.28,0.2766910720010968,0.1353075015888185,4.994921075448898,5.026191352645091,5.010556214046995,4.921196765274885
48.3,0.3219118721644144,0.1749123423488896,4.994921075448898,5.026191352645091,5.010556214046995,4.935927123851055
48.32,0.2540755634952336,0.1253418327398216,4.745844496410892,4.959944746133642,4.852894621272267,4.932197233736091
48.34,0.4229963618820553,0.1538762298837912,4.745844496410892,4.959944746133642,4.852894621272267,4.931880907003587
48.36,0.1214759247319959,0.1595509530365537,5.0296460155049525,5.086274319311829,5.057960167408391,4.946675399689243
48.38,0.3852048984435179,0.1482120928308393,5.0296460155049525,5.086274319311829,5.057960167408391,4.964737564633142
48.4,0.0947781333996039,0.1282395151663012,5.0296460155049525,5.086274319311829,5.057960167408391,4.975765831311859
48.42,0.2849147706365137,0.1346372874359191,4.871785805030032,4.82985157522138,4.850818690125706,4.968399583064702
48.44,0.3550187547125456,0.0917695368339538,4.871785805030032,4.82985157522138,4.850818690125706,4.963031831355627
48.46,0.2389805262344076,0.1487847802331736,4.851078318184964,4.984602761056124,4.917840539620544,4.962814351654338
48.48,0.2055943474927236,0.1469976167174614,4.851078318184964,4.984602761056124,4.917840539620544,4.962017668705828
48.5,0.3360748136418833,0.1125969038111932,4.851078318184964,4.984602761056124,4.917840539620544,4.963649302442854
48.52,0.2371858280683394,0.1434118711362574,4.937321848957264,4.943525443895159,4.940423646426211,4.965596081746421
48.54,0.1339598337131081,0.1565065453769853,4.937321848957264,4.943525443895159,4.940423646426211,4.965490115221235
48.56,0.1249036702770936,0.1400867574808033,4.831412976918134,4.996312789184862,4.9138628830514985,4.96257565806925
48.58,0.1496816346721831,0.0928305236844126,4.831412976918134,4.996312789184862,4.9138628830514985,4.960398649991574
48.6,0.2900279171746759,0.1782705941097403,4.831412976918134,4.996312789184862,4.9138628830514985,4.9609655758067115
48.620000000000005,0.1019125899180366,0.1297987424732216,5.015366581569998,5.061100325413322,5.03823345349166,4.970526790193731
48.64,0.3052594441796148,0.146547811387325,5.015366581569998,5.061100325413322,5.03823345349166,4.982792126518756
48.66,0.129001692511063,0.1005581234649616,5.012892371876416,4.906190296673063,4.959541334274739,4.982789077759553
48.68,0.2659701522910212,0.1019049940557435,5.012892371876416,4.906190296673063,4.959541334274739,4.985251766152311
48.7,0.1581922715684909,0.1285137537386555,5.012892371876416,4.906190296673063,4.959541334274739,4.985528183852787
48.72,0.1489427989559109,0.1337246680770638,5.052118169561267,5.004923946971176,5.028521058266222,4.992508441675336
48.74,0.2368169652885159,0.1357053143338231,5.052118169561267,5.004923946971176,5.028521058266222,5.000372408709619
48.76,0.1638769664829653,0.1329857909460291,5.108182003797312,5.191387455220951,5.149784729509132,5.018263426186263
48.78,0.2830947521392631,0.1575531067243774,5.108182003797312,5.191387455220951,5.149784729509132,5.036511262057058
48.8,0.1540829124710966,0.1534064203711327,5.108182003797312,5.191387455220951,5.149784729509132,5.050612101226744
48.82,0.0012199615246145,0.177247894111681,5.007520808053838,5.122972364559467,5.065246586306652,5.052097509042178
48.84,-0.0105071337517727,0.1583968766263954,5.007520808053838,5.122972364559467,5.065246586306652,5.053223288361094
48.86,0.0526995672044983,0.1330493281993122,5.013871834987946,4.967328181970272,4.99060000847911,5.047909552582577
48.88,0.3247764869516805,0.1540176715237287,5.013871834987946,4.967328181970272,4.99060000847911,5.048024574937362
48.9,0.2372798492806018,0.1674601234157146,5.013871834987946,4.967328181970272,4.99060000847911,5.046553155578587
48.92,0.0947487552912785,0.1986019899225389,4.945980528202976,5.050817986053042,4.998399257128009,5.043443243328772
48.94,0.1718053185970626,0.1323977621638447,4.945980528202976,5.050817986053042,4.998399257128009,5.042031340443443
48.96,0.3409976790608692,0.1668186105133897,5.111352037981128,5.117037014931647,5.114194526456387,5.0553856172678335
48.98,0.0682342035946493,0.1336418345425835,5.111352037981128,5.117037014931647,5.114194526456387,5.062494723851392
49.0,0.2796681324900314,0.159487944076254,5.111352037981128,5.117037014931647,5.114194526456387,5.072698730496713
49.02,0.3111641601377044,0.1225727777692066,5.01126152514081,5.270107822154954,5.140684673647883,5.08509827969431
49.04,0.0451200690822692,0.1719412530739447,5.01126152514081,5.270107822154954,5.140684673647883,5.091469080333148
49.06,0.1878899368102763,0.1376865614256032,5.026004660491715,5.139855215145664,5.082929937818689,5.093997184944288
49.08,0.0215662949937854,0.1425355593134178,5.026004660491715,5.139855215145664,5.082929937818689,5.093278653541617
49.1,0.3158283769971566,0.1954076372341313,5.026004660491715,5.139855215145664,5.082929937818689,5.097928692755274
49.120000000000005,0.1525012723564629,0.1736752580978031,4.995865745390105,5.080748984344892,5.0383073648674985,5.094711582868913
49.14,0.0575779724692425,0.1069050374209346,4.995865745390105,5.080748984344892,5.0383073648674985,5.090107564573218
49.16,0.2226991340946157,0.1333381180436323,5.06181242302086,5.060932749630359,5.061372586325609,5.091242651162159
49.18,0.1980076143772075,0.1518756340456598,5.06181242302086,5.060932749630359,5.061372586325609,5.091819781737294
49.2,0.2523653288791687,0.1511163240065665,5.06181242302086,5.060932749630359,5.061372586325609,5.09331763811595
49.22,0.0420381906401315,0.1393392052531981,5.06256058717667,5.214979250415158,5.138769918795914,5.098619553615469
49.24,0.4346418810001904,0.1501374023157906,5.06256058717667,5.214979250415158,5.138769918795914,5.110458143991519
49.26,0.2541772225079945,0.164758666250829,4.973124043240998,5.149970116913858,5.061547080077428,5.110142227605253
49.28,0.1030852659640076,0.192747418900833,4.973124043240998,5.149970116913858,5.061547080077428,5.107138247639822
49.3,0.3849438322001207,0.1257866152562821,4.973124043240998,5.149970116913858,5.061547080077428,5.109508119863183
49.32,0.2201586468486136,0.1457394779701307,4.954994557360537,5.231373981088858,5.093184269224698,5.111838590442611
49.34,0.1106566390511174,0.1783204040664338,4.954994557360537,5.231373981088858,5.093184269224698,5.111964977823741
49.36,0.1643856398057919,0.1928200245869112,5.071578532972748,5.111417075905364,5.091497804439056,5.112877202001775
49.38,0.2599098119751797,0.1760915885938274,5.071578532972748,5.111417075905364,5.091497804439056,5.115417638861058
49.4,0.2665536578197434,0.1159848775033023,5.071578532972748,5.111417075905364,5.091497804439056,5.117823621259613
49.42,0.2697649236129897,0.1412111814880922,5.169718488268045,5.308917621861618,5.239318055064832,5.1348288332651695
49.44,0.241539708153277,0.1272070832510705,5.169718488268045,5.308917621861618,5.239318055064832,5.149625470191894
49.46,0.2993634304608018,0.1629998471595903,5.195541765868674,5.108809890361493,5.152175828115084,5.155269047732508
49.48,0.1903213485880525,0.1855692054228672,5.195541765868674,5.108809890361493,5.152175828115084,5.15838551004535
49.5,0.1669480581734657,0.1200881082902445,5.195541765868674,5.108809890361493,5.152175828115084,5.160769606899446
49.52,0.1897254679284909,0.1020436129315432,5.044680460312281,5.149213851116054,5.096947155714167,5.157802420203632
49.54,0.3330234758192215,0.1183932035001076,5.044680460312281,5.149213851116054,5.096947155714167,5.157711316319431
49.56,0.2282547458112819,0.1474484186208123,5.210858967456168,5.278981717154519,5.244920342305344,5.170540804342626
49.58,-0.0037333485540859,0.1823827794971319,5.210858967456168,5.278981717154519,5.244920342305344,5.177911557864925
49.6,0.0619945805409345,0.1374099808258677,5.210858967456168,5.278981717154519,5.244920342305344,5.185728338758704
49.620000000000005,0.0751468804383682,0.1246581006279986,5.164806893293672,5.3243840924813775,5.244595492887525,5.192967698019477
49.64,0.2040128948709157,0.1558797412392948,5.164806893293672,5.3243840924813775,5.244595492887525,5.201802709613958
49.66,0.3849942005874616,0.1484904032756382,5.285582068052176,5.279357034986342,5.2824695515192595,5.216799289415061
49.68,0.0011451173247894,0.1709549121590725,5.285582068052176,5.279357034986342,5.2824695515192595,5.223386927737327
49.7,-0.0092336714061513,0.1930634001327086,5.285582068052176,5.279357034986342,5.2824695515192595,5.2291289840302095
49.72,-0.0015592342587779,0.1417039498119638,5.150504390565942,5.225106586227831,5.1878054883968865,5.22496856825022
49.74,0.1749435199269778,0.1670040648146078,5.150504390565942,5.225106586227831,5.1878054883968865,5.224401243623573
49.76,0.1119283091467304,0.1358272742942141,5.362954778376831,5.288400067985652,5.325677423181242,5.236543571143981
49.78,0.2795522774870806,0.1507022717078454,5.362954778376831,5.288400067985652,5.325677423181242,5.250488897342476
49.8,-0.0361873030586774,0.1355047114139293,5.362954778376831,5.288400067985652,5.325677423181242,5.257356378471297
49.82,0.2262696983408919,0.1530396485288523,5.185404676550714,5.38649388456527,5.2859492805579915,5.264288523250103
49.84,0.1074514710901926,0.1544571707421617,5.185404676550714,5.38649388456527,5.2859492805579915,5.2683887254605155
49.86,0.3099353562761182,0.1731716692557893,5.222196331658259,5.223337050358805,5.222766691008532,5.269405358428287
49.88,0.185860476233386,0.1637258128156139,5.222196331658259,5.223337050358805,5.222766691008532,5.268086980258514
49.9,0.0930878927321377,0.1502584153246297,5.222196331658259,5.223337050358805,5.222766691008532,5.265230533402694
49.92,0.018138148833349,0.1388310217213132,5.096766941448388,5.045952680873476,5.0713598111609315,5.246169947857518
49.94,0.316081008192173,0.2203374983943676,5.096766941448388,5.045952680873476,5.0713598111609315,5.234378392335317
49.96,0.1162432117447742,0.1681819589104935,5.286413477916374,5.180557830427116,5.233485654171744,5.236381496330366
49.98,0.0228224940013818,0.138059928392794,5.286413477916374,5.180557830427116,5.233485654171744,5.236502717006529
50.0,0.0652372347189925,0.1946466943722487,5.286413477916374,5.180557830427116,5.233485654171744,5.237375280947993
50.02,0.183508791755338,0.1339175273081281,5.214600115891261,5.192859594194011,5.203729855042636,5.237313896609054
50.04,0.1953035468912546,0.1833571220874116,5.214600115891261,5.192859594194011,5.203729855042636,5.237470956296454
50.06,0.0942720930892835,0.1922533753050229,5.103902736727271,5.328163575431383,5.216033156079327,5.237024073950348
50.08,0.1418835745136874,0.153897859706428,5.103902736727271,5.328163575431383,5.216033156079327,5.237478886504492
50.1,0.1155487521315236,0.2078799557125415,5.103902736727271,5.328163575431383,5.216033156079327,5.237414191000344
50.120000000000005,0.3019738707604025,0.2592777822115001,5.301384745954374,5.27826210675541,5.289823426354892,5.248090644209487
50.14,0.0806134799659954,0.1562331645432007,5.301384745954374,5.27826210675541,5.289823426354892,5.2537149650634145
50.16,0.0578712012663648,0.1816012061057939,5.289592037200598,5.268274184663861,5.278933110932229,5.25727846127309
50.18,0.0291447659996262,0.1536565421285397,5.289592037200598,5.268274184663861,5.278933110932229,5.259968532026998
50.2,0.1259531717328877,0.1575926252663248,5.289592037200598,5.268274184663861,5.278933110932229,5.264132147008714
50.22,0.2550122118593246,0.1728374946871728,5.291833361302513,5.194255074866683,5.243044218084598,5.26661357392977
50.24,0.1576718575087284,0.1873768702001232,5.291833361302513,5.194255074866683,5.243044218084598,5.267094731780411
50.26,0.1499019387901184,0.1609633111466259,5.4819489037741205,5.328522498457625,5.405235701115872,5.2836070636121795
50.28,0.2812326298292741,0.1655781571626202,5.4819489037741205,5.328522498457625,5.405235701115872,5.300832114699477
50.3,0.2470502804305893,0.1815560198379902,5.4819489037741205,5.328522498457625,5.405235701115872,5.315719378388867
50.32,0.1778647364102146,0.2057272700689886,5.167964526735212,5.246026348182358,5.206995437458785,5.308048549551244
50.34,0.3856149758798952,0.1846736961298254,5.167964526735212,5.246026348182358,5.206995437458785,5.3048843079078365
50.36,-0.0309052409885918,0.1477711267529668,5.471942509598693,5.235527468183062,5.353734988890878,5.3092130816683465
50.38,0.3001445657271493,0.1816937369784477,5.471942509598693,5.235527468183062,5.353734988890878,5.3190678745736895
50.4,0.2342025954956306,0.1450844180913663,5.471942509598693,5.235527468183062,5.353734988890878,5.326750232724329
50.42,-0.0038744338546807,0.1953311574674406,5.493679866144362,5.173453175763594,5.333566520953978,5.3273621217379095
50.44,0.2901686174225554,0.1742144283500638,5.493679866144362,5.173453175763594,5.333566520953978,5.333205596773121
50.46,0.2883684315545612,0.167291639316845,5.070336675102654,5.383367578027297,5.226852126564975,5.32776088152029
50.48,0.1255622700465592,0.1623731657947738,5.070336675102654,5.383367578027297,5.226852126564975,5.3199301268855965
50.5,0.0472332863323173,0.1885916139925506,5.070336675102654,5.383367578027297,5.226852126564975,5.311472526007517
50.52,0.0752872743594984,0.182839739723466,5.276810230998068,5.347971540778841,5.312390885888455,5.312919532934083
50.54,0.3020008813719197,0.1850823881154423,5.276810230998068,5.347971540778841,5.312390885888455,5.318302684094213
50.56,0.198650602081172,0.1835381955233175,5.439032181137288,5.371752208047565,5.405392194592427,5.330587345981496
50.58,0.0126035456997704,0.1746053241281287,5.439032181137288,5.371752208047565,5.405392194592427,5.338294694665185
50.6,0.312892949425737,0.1729225325378171,5.439032181137288,5.371752208047565,5.405392194592427,5.350636517747573
50.620000000000005,0.2507991650793577,0.1900100038565279,5.320749917062481,5.257727238105353,5.289238577583918,5.349011108702637
50.64,-0.0067157877453977,0.1821835048189626,5.320749917062481,5.257727238105353,5.289238577583918,5.342912971411349
50.66,0.1685442122188932,0.2086646540639067,5.1428620795840185,5.4024542086944844,5.2726581441392515,5.338921284504079
50.68,0.1348285472843764,0.1576818566927569,5.1428620795840185,5.4024542086944844,5.2726581441392515,5.334721884318716
50.7,0.1450261422667555,0.1775968222966414,5.1428620795840185,5.4024542086944844,5.2726581441392515,5.331125980861572
50.72,0.2133955772032947,0.1829152377207748,5.332225986734633,5.311410227531845,5.3218181071332396,5.334036313878396
50.74,0.1832882124939587,0.1760630745038,5.332225986734633,5.311410227531845,5.3218181071332396,5.336113681028772
50.76,0.2384181232023441,0.1706145016617319,5.469844777503738,5.431302677757329,5.450573727630534,5.351851211906589
50.78,0.1085797806737892,0.1821509395142945,5.469844777503738,5.431302677757329,5.450573727630534,5.363677899531113
50.8,0.0875328410653788,0.1867245876231923,5.469844777503738,5.431302677757329,5.450573727630534,5.373943073480231
50.82,0.110236389559551,0.2007747338148033,5.547399501975746,5.441821692710839,5.494610597343293,5.38799408087861
50.84,-0.2178407007140959,0.1755946253998733,5.547399501975746,5.441821692710839,5.494610597343293,5.394734599912225
50.86,0.0925807742192197,0.1750034590018225,5.346045787002447,5.344715740580057,5.345380763791252,5.391465670236073
50.88,0.272316428988073,0.1608662813250016,5.346045787002447,5.344715740580057,5.345380763791252,5.391758875313377
50.9,0.0382128401028004,0.2001869757256624,5.346045787002447,5.344715740580057,5.345380763791252,5.387808895283015
50.92,-0.0420824440465933,0.2212199362033415,5.566037861118425,5.331689251415587,5.448863556267006,5.393156877388575
50.94,0.1731181804849733,0.1949160148480681,5.566037861118425,5.331689251415587,5.448863556267006,5.401843672525147
50.96,0.406783059161349,0.1680522057746858,5.512686468984106,5.52389144313018,5.518288956057143,5.4208102959432525
50.98,0.0583252569204357,0.1654988478692843,5.512686468984106,5.52389144313018,5.518288956057143,5.43160801657921
51.0,0.1663194624464733,0.1617290062617408,5.512686468984106,5.52389144313018,5.518288956057143,5.443269860851041
51.02,0.0542668171266263,0.1880118491188502,5.308320757835708,5.619767713370639,5.464044235603174,5.446324101034533
51.04,-0.041112882799406,0.1470093384053014,5.308320757835708,5.619767713370639,5.464044235603174,5.447356082601009
51.06,0.0542296218105797,0.2478080610877567,5.483789884762293,5.282673062905468,5.383231473833881,5.441919754916887
51.08,0.0551267347227088,0.1778235573465437,5.483789884762293,5.282673062905468,5.383231473833881,5.437043208033595
51.1,0.0635144930242528,0.2074315741824849,5.483789884762293,5.282673062905468,5.383231473833881,5.43280529548806
51.120000000000005,-0.0343222245225035,0.2169192912296744,5.49682209822928,5.513516325580963,5.505169211905121,5.4394238870883616
51.14,-0.0564205269347502,0.1667857343920556,5.49682209822928,5.513516325580963,5.505169211905121,5.444982850085212
51.16,-0.0742746482565588,0.2031564985086747,5.384941228445998,5.418245288587204,5.4015932585166,5.439306947259734
51.18,0.0895170360504992,0.1698472388782781,5.384941228445998,5.418245288587204,5.4015932585166,5.4371468850343305
51.2,0.0973168385441895,0.202157587062677,5.384941228445998,5.418245288587204,5.4015932585166,5.435343225476354
51.22,0.2113118774733448,0.1616375616281235,5.393206330817789,5.456249645174821,5.424727987996305,5.438085315522869
51.24,0.1992558032115895,0.1407110072171135,5.393206330817789,5.456249645174821,5.424727987996305,5.440336187228022
51.26,-0.0106670500717441,0.1821800575681286,5.47679888367845,5.586020256988723,5.531409570333587,5.449251518637287
51.28,0.0167632518432404,0.1979353686948917,5.47679888367845,5.586020256988723,5.531409570333587,5.457769062340096
51.3,0.0023282276256919,0.2036641723592892,5.47679888367845,5.586020256988723,5.531409570333587,5.465175021236707
51.32,-0.0751705826341709,0.1954811537122481,5.522687208516552,5.759322494940875,5.641004851728713,5.481404933798492
51.34,0.0195962288406311,0.1783621711999076,5.522687208516552,5.759322494940875,5.641004851728713,5.497717657710647
51.36,-0.0967148853915658,0.2107880067662212,5.399671609742884,5.551916932976881,5.475794271359883,5.493784451138523
51.38,-0.1305839428352638,0.1633114220212187,5.399671609742884,5.551916932976881,5.475794271359883,5.489634922189624
51.4,0.1690381775405399,0.1705337151938711,5.399671609742884,5.551916932976881,5.475794271359883,5.491293544302379
51.42,0.0725873288898094,0.1809292697824018,5.543467970543016,5.678519041006739,5.610993505774878,5.504570112369645
51.44,-0.019809425192624,0.1848628407939821,5.543467970543016,5.678519041006739,5.610993505774878,5.514855882056701
51.46,0.1357756057407526,0.1987312267522936,5.580788568116296,5.327035213325133,5.453911890720715,5.511205443826436
51.48,0.1429120801907249,0.208370648867476,5.580788568116296,5.327035213325133,5.453911890720715,5.508048505959297
51.5,0.2346236638316128,0.194998992747355,5.580788568116296,5.327035213325133,5.453911890720715,5.506858070384409
51.52,0.0194187693676219,0.2063516312592022,5.3470911426137855,5.442060340301987,5.394575741457887,5.495979375340373
51.54,0.0860272952510389,0.1751954095531468,5.3470911426137855,5.442060340301987,5.394575741457887,5.487387503266643
51.56,0.0201210094257483,0.1903949883919314,5.503735871360183,5.520082188866899,5.511909030113541,5.490201834120996
51.58,-0.0048146229305496,0.199018592417638,5.503735871360183,5.520082188866899,5.511909030113541,5.4922858905075005
51.6,0.1794601758790566,0.1822845718077617,5.503735871360183,5.520082188866899,5.511909030113541,5.497478487633927
51.620000000000005,0.1136819063805941,0.2243038103556319,5.440319192509736,5.445601143257839,5.442960167883788,5.494072929973764
51.64,-0.0614067873137604,0.1940957664327377,5.440319192509736,5.445601143257839,5.442960167883788,5.487856331593119
51.66,0.0634345726644022,0.191484709635608,5.377164487269881,5.4232170617397735,5.400190774504827,5.480231598192249
51.68,0.1305318879072696,0.2384877269301891,5.377164487269881,5.4232170617397735,5.400190774504827,5.474577089805838
51.7,0.0354920144793882,0.1925177025586592,5.377164487269881,5.4232170617397735,5.400190774504827,5.467777314536366
51.72,0.0465633923403008,0.1926845880099001,5.544171175414302,5.458248724719577,5.50120995006694,5.471958719151548
51.74,0.3270945083063318,0.1488979562878969,5.544171175414302,5.458248724719577,5.50120995006694,5.480771543392602
51.76,-0.0474625427404537,0.1900682922927044,5.300503320534593,5.6192715331877325,5.459887426861163,5.47782880597013
51.78,-0.0223911748121967,0.17453118305937,5.300503320534593,5.6192715331877325,5.459887426861163,5.475631626912614
51.8,0.2240137183477772,0.1946886584950088,5.300503320534593,5.6192715331877325,5.459887426861163,5.478089453837729
51.82,0.0636639425350855,0.2124806229769305,5.453307199901515,5.450368679504752,5.451837939703133,5.476610253389901
51.84,0.0308611440852966,0.1375566796563162,5.453307199901515,5.450368679504752,5.451837939703133,5.47468852261476
51.86,-0.1011866487051084,0.1673090251628186,5.762814987107772,5.364172307410507,5.56349364725914,5.481747675402507
51.88,0.0832573914256324,0.2120246919927186,5.762814987107772,5.364172307410507,5.56349364725914,5.491420905633833
51.9,0.1078826211273653,0.1831349088078647,5.762814987107772,5.364172307410507,5.56349364725914,5.500570066976656
51.92,0.1766633152135705,0.1744740411774482,5.391042096099379,5.435688849055635,5.413365472577507,5.495029547210586
51.94,0.1959441419856998,0.2376267342117883,5.391042096099379,5.435688849055635,5.413365472577507,5.49039013430302
51.96,0.0812728413437111,0.1658160404326419,5.503561450781078,5.407610592945121,5.455586021863099,5.488372634203214
51.98,-0.0379777801196496,0.2057509932945634,5.503561450781078,5.407610592945121,5.455586021863099,5.48441037292705
52.0,-0.1043538930665639,0.1682533026396747,5.503561450781078,5.407610592945121,5.455586021863099,5.479649567745456
52.02,0.2145359211191378,0.197275884800698,5.29447317168473,5.384416289200464,5.339444730442597,5.469490730595315
52.04,-0.0328728869299626,0.1837279895743399,5.29447317168473,5.384416289200464,5.339444730442597,5.455894418615304
52.06,0.1736293168934692,0.2077817336179374,5.390697671870898,5.574009208059047,5.482353439964973,5.461665648454354
52.08,0.1199070216610928,0.2166578086057956,5.390697671870898,5.574009208059047,5.482353439964973,5.465892753995315
52.1,0.0019594578782263,0.1875481176137865,5.390697671870898,5.574009208059047,5.482353439964973,5.467574092834089
52.120000000000005,0.197224267863026,0.2393399716646918,5.561493203281734,5.386890283363312,5.474191743322523,5.471785894704467
52.14,0.0229287692233856,0.2179618520904497,5.561493203281734,5.386890283363312,5.474191743322523,5.472439197412293
52.16,0.179471363798033,0.2206641394963391,5.536108265011737,5.462852512293535,5.4994803886526356,5.478373801084691
52.18,-0.0014235717574375,0.1929177318021596,5.536108265011737,5.462852512293535,5.4994803886526356,5.480458835549852
52.2,-0.0114128113419334,0.2213783865660362,5.536108265011737,5.462852512293535,5.4994803886526356,5.4821555602559755
52.22,0.0118542295180338,0.1613336857795449,5.394780594502044,5.516188953400143,5.455484773951094,5.479701857756812
52.24,0.2698465551490449,0.1793301234143429,5.394780594502044,5.516188953400143,5.455484773951094,5.482137387368923
52.26,0.069439892896929,0.2174256903887206,5.33651047601253,5.504086598950126,5.420298537481328,5.477203420452309
52.28,0.0166685678993179,0.2054247815708886,5.33651047601253,5.504086598950126,5.420298537481328,5.4718129663773984
52.3,-0.1721464202193471,0.1945296953974644,5.33651047601253,5.504086598950126,5.420298537481328,5.463562887923844
52.32,-0.0679389240469513,0.2626928480095049,5.626132338874026,5.472904020629681,5.549518179751853,5.4709355164738005
52.34,-0.1373662603984115,0.1701435049495749,5.626132338874026,5.472904020629681,5.549518179751853,5.476321190114434
52.36,-0.2319045759134159,0.2228430622263236,5.527238595055571,5.463708227575133,5.495473411315352,5.474062129868085
52.38,-0.0916728999902829,0.2179176340616441,5.527238595055571,5.463708227575133,5.495473411315352,5.474553145812987
52.4,0.2401902181928338,0.18580392108021,5.527238595055571,5.463708227575133,5.495473411315352,5.480968596290693
52.42,0.1435265577120759,0.2108456310778378,5.461656420056388,5.379957643260132,5.42080703165826,5.477535917866268
52.44,0.1248671043273434,0.1949347603982469,5.461656420056388,5.379957643260132,5.42080703165826,5.47411063712336
52.46,-0.0511900490205733,0.1486587451460399,5.464790097210492,5.683476042062904,5.574133069636698,5.483191459492323
52.48,-0.0713720176049104,0.1768778887408807,5.464790097210492,5.683476042062904,5.574133069636698,5.491000924189873
52.5,-0.1977400859055006,0.2286781769215827,5.464790097210492,5.683476042062904,5.574133069636698,5.4957548171882555
52.52,0.1034864564504426,0.2099843238793674,5.382057720631222,5.461208028446517,5.4216328745388696,5.490205379139425
52.54,-0.0413822384053459,0.2192780729542542,5.382057720631222,5.461208028446517,5.4216328745388696,5.482603248388074
52.56,-0.030505429142003,0.2050632112052603,5.32183158003361,5.590886526450566,5.456359053242088,5.479429731148919
52.58,0.0729413057655262,0.218447782926736,5.32183158003361,5.590886526450566,5.456359053242088,5.478435606862014
52.6,-0.1403669694651426,0.1995616411681788,5.32183158003361,5.590886526450566,5.456359053242088,5.4737013460496495
52.620000000000005,0.1098746564258821,0.182170883226009,5.577750719237362,5.3126418855735285,5.445196302405446,5.472828585500896
52.64,-0.2042471974131585,0.2279313978483223,5.577750719237362,5.3126418855735285,5.445196302405446,5.466388907637914
52.66,-0.1989659651072838,0.1831012436920135,5.555966545953543,5.455208443870289,5.505587494911916,5.466727378993384
52.68,0.1040083290569251,0.2063613853028337,5.555966545953543,5.455208443870289,5.505587494911916,5.472485540508262
52.7,0.0234539286702287,0.1995032250261408,5.555966545953543,5.455208443870289,5.505587494911916,5.476217906664691
52.72,0.0060997989533553,0.2569346768093919,5.472352767540761,5.582107791945542,5.527230279743151,5.481428940353697
52.74,-0.2522781321082553,0.1927442320391199,5.472352767540761,5.582107791945542,5.527230279743151,5.481468067914693
52.76,0.0724210476955765,0.2092291904065702,5.3324999267778255,5.401515467502235,5.36700769714003,5.471325609695747
52.78,0.1399643519924179,0.2278214323441176,5.3324999267778255,5.401515467502235,5.36700769714003,5.46341317677604
52.8,-0.0675913900317018,0.2178121826983477,5.3324999267778255,5.401515467502235,5.36700769714003,5.452555983791869
52.82,-0.0799733720686348,0.2380144941067878,5.429940295631225,5.699840526627375,5.5648904111293,5.4623499058283755
52.84,0.1829707081872615,0.2197021217453647,5.429940295631225,5.699840526627375,5.5648904111293,5.4758974291058395
52.86,-0.123964174552243,0.2313555155569534,5.46596166605022,5.548430239359014,5.507195952704617,5.476795926323778
52.88,-0.2848942618555504,0.2556572203171815,5.46596166605022,5.548430239359014,5.507195952704617,5.474707832248461
52.9,0.0309770149322425,0.1816000388316036,5.46596166605022,5.548430239359014,5.507195952704617,5.4785142305628565
52.92,-0.1275689682273194,0.2255175163436024,5.477153850131206,5.66786551713146,5.572509683631333,5.485617534441612
52.94,0.0543921331914661,0.2409035013861359,5.477153850131206,5.66786551713146,5.572509683631333,5.495285807758031
52.96,-0.1177943916708154,0.1611175571648201,5.550891752480559,5.5056721818387695,5.528281967159664,5.496465124648119
52.98,-0.0694665853337057,0.2484564447378968,5.550891752480559,5.5056721818387695,5.528281967159664,5.4983964103632665
53.0,-0.0900481915690281,0.2365472460930059,5.550891752480559,5.5056721818387695,5.528281967159664,5.499764098594663
53.02,-0.126370963603163,0.1682321093910204,5.4806061287196846,5.419890489158502,5.450248308939093,5.492537842284248
53.04,-0.0349724648934056,0.2384697030860827,5.4806061287196846,5.419890489158502,5.450248308939093,5.487679384581651
53.06,0.1289377758192031,0.2073324230542987,5.712098633340169,5.685464446156897,5.698781539748532,5.511110480063086
53.08,-0.1678343178417958,0.2345458477499676,5.712098633340169,5.685464446156897,5.698781539748532,5.526856568310479
53.1,0.0001921863625223,0.2307725772663725,5.712098633340169,5.685464446156897,5.698781539748532,5.54405252480881
53.120000000000005,-0.1181710016918548,0.1889340053944048,5.477802179204537,5.3714810871564405,5.424641633180489,5.5299843576155245
53.14,-0.0659047166529991,0.2172452399395734,5.477802179204537,5.3714810871564405,5.424641633180489,5.518263800272267
53.16,0.0495521029252849,0.2193972629176435,5.431921672448867,5.569808343807019,5.500865008127944,5.517415858910489
53.18,-0.0499204801494779,0.1923599674476248,5.431921672448867,5.569808343807019,5.500865008127944,5.5148622051895435
53.2,0.1382717807805673,0.2373053115559195,5.431921672448867,5.569808343807019,5.500865008127944,5.5159513775374345
53.22,-0.2356587611354799,0.1862029021404873,5.470394815481369,5.567831364736159,5.519113090108764,5.512025691094129
53.24,-0.2704625146324262,0.2418564212105977,5.470394815481369,5.567831364736159,5.519113090108764,5.507866105732208
53.26,-0.094791350163192,0.2606679576996783,5.347333654173851,5.558775394526718,5.453054524350284,5.500678703291078
53.28,-0.0327020629760799,0.2127574194086832,5.347333654173851,5.558775394526718,5.453054524350284,5.495327648263429
53.3,0.0610358303447871,0.2119088128831612,5.347333654173851,5.558775394526718,5.453054524350284,5.492198980818321
53.32,-0.145860202566811,0.2073698736426905,5.514750756185305,5.505434686720806,5.510092721453056,5.491362871235592
53.34,-0.0728365909981657,0.2083315486372526,5.514750756185305,5.505434686720806,5.510092721453056,5.4919247976193715
53.36,-0.182549099444674,0.193149257405533,5.481983292314332,5.491226550763787,5.48660492153906,5.488106926221337
53.38,0.0441237949489394,0.2171312198245458,5.481983292314332,5.491226550763787,5.48660492153906,5.488750954062191
53.4,0.0412989416484282,0.1978811737774114,5.481983292314332,5.491226550763787,5.48660492153906,5.489279731759549
53.42,-0.0400468372549138,0.2147431033580193,5.477804370829712,5.488838285696743,5.483321328263227,5.487963048339328
53.44,-0.0836796048778483,0.1931577716401252,5.477804370829712,5.488838285696743,5.483321328263227,5.485992643443916
53.46,-0.0808771376506874,0.2191862018250414,5.498260996339532,5.382362964329644,5.440311980334588,5.479968788655271
53.48,-0.1991867583762679,0.2018978873481118,5.498260996339532,5.382362964329644,5.440311980334588,5.472417746172431
53.5,-0.2682873443491259,0.1940836801056527,5.498260996339532,5.382362964329644,5.440311980334588,5.464377997390361
53.52,0.0197049382027139,0.1939315252492908,5.3578322719086335,5.491837731384766,5.4248350016467,5.460778386703645
53.54,-0.0271630904765921,0.2292525424167907,5.3578322719086335,5.491837731384766,5.4248350016467,5.456695112569372
53.56,-0.042407347382137,0.1811032879661724,5.463361229382723,5.468526944329836,5.46594408685628,5.456856677745185
53.58,-0.1647945698569647,0.2276257991761235,5.463361229382723,5.468526944329836,5.46594408685628,5.45479911639887
53.6,-0.2221687595961235,0.2170403462613795,5.463361229382723,5.468526944329836,5.46594408685628,5.45191457577188
53.620000000000005,0.0059658249821652,0.2380527216544313,5.427713291007057,5.356790093588985,5.3922516922980215,5.446055672274173
53.64,-0.0560512895962251,0.2255339719579246,5.427713291007057,5.356790093588985,5.3922516922980215,5.439666351063825
53.66,-0.1202667227849407,0.1907746886702478,5.368400418543319,5.463968548442948,5.416184483493134,5.435153363296628
53.68,0.0525744490277708,0.2244019583564327,5.368400418543319,5.463968548442948,5.416184483493134,5.434202815398779
53.7,0.1051430974718951,0.2157684233489331,5.368400418543319,5.463968548442948,5.416184483493134,5.434293557962709
53.72,0.0992378359782643,0.2049432960943734,5.393598830650541,5.515698065416472,5.454648448033506,5.438115328017397
53.74,-0.1525525370222491,0.1868886033204286,5.393598830650541,5.515698065416472,5.454648448033506,5.437022694352607
53.76,-0.0309781151059201,0.2564805792559699,5.352945260806756,5.481473475694267,5.417209368250512,5.434483755670492
53.78,0.0115533948933611,0.2412938582748746,5.352945260806756,5.481473475694267,5.417209368250512,5.432964278036574
53.8,-0.2693867141394612,0.2030717471011824,5.352945260806756,5.481473475694267,5.417209368250512,5.4265398262034585
53.82,0.2083422640769925,0.2269967701606229,5.564656317328491,5.616051834240162,5.590354075784326,5.446671411914932
53.84,-0.170726194391613,0.2236147982543226,5.564656317328491,5.616051834240162,5.590354075784326,5.457966606802822
53.86,0.0001600446448314,0.2044470809603279,5.52180684098648,5.405904526383056,5.463855683684768,5.458558395294624
53.88,-0.0196045540195308,0.2081633275525338,5.52180684098648,5.405904526383056,5.463855683684768,5.4587352421612865
53.9,0.0392949499473677,0.2000279504628807,5.52180684098648,5.405904526383056,5.463855683684768,5.459954595412687
53.92,-0.1240499035971511,0.198033529600198,5.389584211073871,5.346210412277724,5.367897311675797,5.448515968774249
53.94,-0.2180573291464237,0.2031774473410577,5.389584211073871,5.346210412277724,5.367897311675797,5.436529071139769
53.96,-0.1044830182283834,0.2362988555247844,5.25481830094819,5.3427993002046925,5.298808800576442,5.420876349755325
53.98,-0.0851416751947674,0.1874223134516518,5.25481830094819,5.3427993002046925,5.298808800576442,5.407137044683931
54.0,-0.2443774650938362,0.2436848104141474,5.25481830094819,5.3427993002046925,5.298808800576442,5.391905425901492
54.02,0.0431548407997933,0.2318398001964656,5.396603611019937,5.371735047107316,5.384169329063626,5.391908603352102
54.04,-0.3649771872058762,0.2771375349719119,5.396603611019937,5.371735047107316,5.384169329063626,5.38456508655355
54.06,-0.0429843732427844,0.2334934129528335,5.303151513831084,5.467039795541515,5.3850956546863,5.383844424648455
54.08,0.020186622575358,0.2115560035024037,5.303151513831084,5.467039795541515,5.3850956546863,5.384332906858595
54.1,-0.1808791865077108,0.2034136217710248,5.303151513831084,5.467039795541515,5.3850956546863,5.3811533562842255
54.120000000000005,-0.3181093650170292,0.1916405764844388,5.3421521474816815,5.40657714787492,5.3743646476783,5.374748516853326
54.14,-0.136568977482221,0.2077873731726575,5.3421521474816815,5.40657714787492,5.3743646476783,5.372251888341144
54.16,-0.1412383499252274,0.24259681619703,5.412092578384169,5.338462807297277,5.375277692840723,5.370012178492448
54.18,-0.1730873275299395,0.2135888844438949,5.412092578384169,5.338462807297277,5.375277692840723,5.367423158031736
54.2,-0.269475715884332,0.2240813583017183,5.412092578384169,5.338462807297277,5.375277692840723,5.363358048626717
54.22,0.226178593700892,0.212219815771637,5.364416546014232,5.431527250355711,5.397971898184972,5.370890648269158
54.24,-0.1406255664254864,0.1559825445425999,5.364416546014232,5.431527250355711,5.397971898184972,5.37106751306508
54.26,-0.19879512356175,0.2806288638934761,5.423671788957035,5.247251649889358,5.335461719423197,5.363928621476781
54.28,-0.1952972763628471,0.1922984049397343,5.423671788957035,5.247251649889358,5.335461719423197,5.35756658029689
54.3,-0.0646578546195541,0.2500100397007224,5.423671788957035,5.247251649889358,5.335461719423197,5.354192252826368
54.32,-0.1202018067717598,0.2346906054963772,5.311944751486763,5.575977295927116,5.443961023706939,5.361005497392534
54.34,-0.2971070110996963,0.2110193226531468,5.311944751486763,5.575977295927116,5.443961023706939,5.363953123824179
54.36,-0.1924191269180212,0.1819917810715034,5.3083473390357225,5.357656932789296,5.333002135912509,5.357394480748488
54.38,-0.0880912280741626,0.1712872899911484,5.3083473390357225,5.357656932789296,5.333002135912509,5.353369604159556
54.4,-0.1929132777130459,0.2509249128762242,5.3083473390357225,5.357656932789296,5.333002135912509,5.347860418336017
54.42,-0.0393749365575564,0.2119766721125486,5.411305282581685,5.50083222578739,5.456068754184537,5.357972503062833
54.44,-0.0980692377214927,0.1926072711034655,5.411305282581685,5.50083222578739,5.456068754184537,5.366016881896017
54.46,-0.0232981429434022,0.1846093005871011,5.12862124774003,5.417273723403942,5.2729474855719864,5.3562905756906325
54.48,-0.046458294147378,0.2177692701154283,5.12862124774003,5.417273723403942,5.2729474855719864,5.347120017384116
54.5,-0.0863712807049988,0.211348520171586,5.12862124774003,5.417273723403942,5.2729474855719864,5.338148081150213
54.52,0.0461178003188147,0.1995072690620372,5.652308066806968,5.279639191090751,5.465973628948859,5.351760756335817
54.54,-0.3120161066040837,0.2556801658317275,5.652308066806968,5.279639191090751,5.465973628948859,5.357565753678249
54.56,-0.3328776772650689,0.2414368488075571,5.290006421657906,5.408795447660398,5.349400934659152,5.350757473585567
54.58,-0.2473138673121246,0.1990379596282531,5.290006421657906,5.408795447660398,5.349400934659152,5.346170170081308
54.6,-0.1918312277726848,0.2388230155069733,5.290006421657906,5.408795447660398,5.349400934659152,5.3430402844391836
54.620000000000005,-0.1754616429751914,0.2354029841348262,5.271664708177049,5.345427448575994,5.308546078376521,5.336432554259363
54.64,-0.3702513379534757,0.2597046453966398,5.271664708177049,5.345427448575994,5.308546078376521,5.3269793825879175
54.66,0.0089355523018275,0.2302527213104886,5.148361425408237,5.19730057066608,5.172830998037158,5.311725384074274
54.68,-0.1536336553339027,0.2444420795575184,5.148361425408237,5.19730057066608,5.172830998037158,5.295070539674551
54.7,-0.132659240737705,0.2591512479074419,5.148361425408237,5.19730057066608,5.172830998037158,5.280458719177533
54.72,-0.2924729143308361,0.2359129889027324,5.293629021734043,5.230643649605305,5.262136335669674,5.273361968368794
54.74,-0.1895398092136088,0.2156351216633897,5.293629021734043,5.230643649605305,5.262136335669674,5.268827688533036
54.76,-0.2090741907677444,0.1805157298082572,5.288807577919909,5.338970820588234,5.313889199254071,5.269570504171321
54.78,-0.1283569657074225,0.2546368436092266,5.288807577919909,5.338970820588234,5.313889199254071,5.271691948296861
54.8,-0.0319684935650294,0.1811997707827984,5.288807577919909,5.338970820588234,5.313889199254071,5.275336240508412
54.82,-0.1540649877564561,0.239501825947841,5.214309721135463,5.362253531252552,5.288281626194008,5.273857609297354
54.84,-0.2585624421568462,0.2330080818926716,5.214309721135463,5.362253531252552,5.288281626194008,5.270645887028196
54.86,-0.1250734230106102,0.2399525691157964,5.339158480941256,5.273972682925775,5.306565581933516,5.271986534904538
54.88,-0.1491204887544744,0.2476728901616438,5.339158480941256,5.273972682925775,5.306565581933516,5.272760270809854
54.9,-0.2736094131499627,0.1838148319178734,5.339158480941256,5.273972682925775,5.306565581933516,5.271215832485522
54.92,-0.1688284799570975,0.2178230309453708,5.222396726140783,5.234672017482338,5.228534371811561,5.263908773778898
54.94,-0.3795397744801609,0.2212176791155866,5.222396726140783,5.234672017482338,5.228534371811561,5.253539617641522
54.96,-0.1679613668498894,0.2635591641347987,5.326742384371151,5.469577186409962,5.398159785390557,5.264978329813127
54.98,-0.5223523763570503,0.1748652966837089,5.326742384371151,5.469577186409962,5.398159785390557,5.268894132596445
55.0,-0.2251435994162386,0.1939274382807919,5.326742384371151,5.469577186409962,5.398159785390557,5.277768113086364
55.02,-0.0794372574863455,0.216643763709143,5.299366732524708,5.337033209833104,5.318199971178906,5.280381428260865
55.04,-0.241656246629406,0.2228588436677609,5.299366732524708,5.337033209833104,5.318199971178906,5.279813470113341
55.06,-0.1536743142351851,0.2615841363053372,5.240448599164011,5.3408814558268665,5.2906650274954385,5.278132488195316
55.08,-0.1497844958119085,0.1911817910111236,5.240448599164011,5.3408814558268665,5.2906650274954385,5.276689621200715
55.1,-0.2055844058486426,0.1877863220703307,5.240448599164011,5.3408814558268665,5.2906650274954385,5.274386642524911
55.120000000000005,-0.3259983707247449,0.2118786844021895,5.084171150626021,5.285079486083276,5.184625318354649,5.259542539434839
55.14,-0.3278111922469676,0.2224782987120289,5.084171150626021,5.285079486083276,5.184625318354649,5.2461502158663755
55.16,-0.2789969770587243,0.1766860186568214,5.252552426399367,5.335239037025695,5.2938957317125315,5.245902821863934
55.18,-0.1327276078274211,0.2077677218093327,5.252552426399367,5.335239037025695,5.2938957317125315,5.2483130159079
55.2,-0.0635984821339743,0.2320017612214344,5.252552426399367,5.335239037025695,5.2938957317125315,5.251726514809952
55.22,-0.3033905352414159,0.2523089458868814,5.159341071366948,5.394103166723299,5.2767221190451234,5.248765045599124
55.24,-0.2639344836199426,0.1782050438349882,5.159341071366948,5.394103166723299,5.2767221190451234,5.246809932238564
55.26,-0.2303670594373996,0.2655396125792831,5.394764733823588,5.217120450246058,5.305942592034823,5.248576591148318
55.28,-0.0162975001791794,0.2101494889498188,5.394764733823588,5.217120450246058,5.305942592034823,5.254019836233743
55.3,-0.2617388169018531,0.2001752131212008,5.394764733823588,5.217120450246058,5.305942592034823,5.254500813109619
55.32,-0.0650418693330262,0.2388943897604267,5.179049340458152,5.204204291874917,5.191626816166535,5.247042659767316
55.34,-0.2351115777790277,0.2580055769920579,5.179049340458152,5.204204291874917,5.191626816166535,5.237269067007215
55.36,-0.2284177253109122,0.2005400090449959,5.238147420869022,5.275291640766629,5.256719530817826,5.235102594332681
55.38,-0.2527980702381667,0.2295091783011326,5.238147420869022,5.275291640766629,5.256719530817826,5.232713922716908
55.4,-0.2124987769116002,0.1925058160117023,5.238147420869022,5.275291640766629,5.256719530817826,5.231289505542591
55.42,-0.3223480444022306,0.1591141916184782,5.159469268452892,5.27217235429887,5.215820811375881,5.2239403713266785
55.44,-0.2072433197243923,0.2454088120512444,5.159469268452892,5.27217235429887,5.215820811375881,5.21939803557656
55.46,-0.3076301323280665,0.2315343685504011,5.122484550105948,5.056753561284428,5.089619055695188,5.2008827952065175
55.48,-0.2019606895225567,0.2358104133319825,5.122484550105948,5.056753561284428,5.089619055695188,5.18612112884398
55.5,-0.4233589418887666,0.2089208590017046,5.122484550105948,5.056753561284428,5.089619055695188,5.168850460575102
55.52,-0.2756969686151846,0.2140704198513495,5.05600868591875,5.155221207987392,5.105614946953071,5.157564363777824
55.54,-0.233535644433084,0.1773108770692134,5.05600868591875,5.155221207987392,5.105614946953071,5.148165780495553
55.56,-0.2564027381851568,0.2435884932509076,5.070594541615569,5.213538980434499,5.142066761025034,5.142940629261168
55.58,-0.4228332279982205,0.2313878275387383,5.070594541615569,5.213538980434499,5.142066761025034,5.135242244333589
55.6,-0.1807675957385862,0.2113888889065718,5.070594541615569,5.213538980434499,5.142066761025034,5.132670879279439
55.620000000000005,-0.3850762370286218,0.2255274066032871,5.12545569278647,5.339504753707595,5.232480223247032,5.135720441409682
55.64,0.0435150421601299,0.236612452305209,5.12545569278647,5.339504753707595,5.232480223247032,5.1461796903523
55.66,-0.0420594425440718,0.2215647470576901,5.172399273528361,5.23904856970721,5.2057239216177855,5.1513770435130555
55.68,0.0179277977242247,0.2270996488330949,5.172399273528361,5.23904856970721,5.2057239216177855,5.1571344316825645
55.7,-0.204752941362852,0.2101256373941797,5.172399273528361,5.23904856970721,5.2057239216177855,5.158307827731555
55.72,-0.4363196913116284,0.227449432424185,5.15083663331316,5.340922558581048,5.245879595947104,5.159211250109503
55.74,0.0145507360634204,0.2927397161665805,5.15083663331316,5.340922558581048,5.245879595947104,5.168139997942405
55.76,-0.1788624330637047,0.2055498134130824,5.232079354701355,4.955013267822765,5.09354631126206,5.157461105479224
55.78,0.0142469843035138,0.2462761061165832,5.232079354701355,4.955013267822765,5.09354631126206,5.15132607177497
55.8,-0.0542610772373927,0.2572610308374151,5.232079354701355,4.955013267822765,5.09354631126206,5.144571396333406
55.82,-0.1607295321482142,0.1858474272579582,5.059282772973552,5.019890307415388,5.03958654019447,5.131179779140845
55.84,-0.3271914380709754,0.2280477315673772,5.059282772973552,5.019890307415388,5.03958654019447,5.11613100936093
55.86,-0.3119223953344323,0.2065347435188442,5.128178206320044,5.056984154596021,5.0925811804580325,5.1081614233546215
55.88,-0.2328798439281461,0.2104958686567239,5.128178206320044,5.056984154596021,5.0925811804580325,5.102411561874256
55.9,-0.1981802072575018,0.2376406997903589,5.128178206320044,5.056984154596021,5.0925811804580325,5.0978612800019985
55.92,-0.2223568877958787,0.2382054550674794,5.060539568688459,5.152979952700436,5.106759760694448,5.094748704090917
55.94,-0.1720089352317411,0.2587481006324773,5.060539568688459,5.152979952700436,5.106759760694448,5.0928536489170995
55.96,-0.032741271055086,0.2332694238443509,5.151546312501463,5.284118150960406,5.2178322317309345,5.104762164319491
55.98,0.0138482716720733,0.2317231372755714,5.151546312501463,5.284118150960406,5.2178322317309345,5.116318439950732
56.0,-0.4056694941808295,0.2246642330892456,5.151546312501463,5.284118150960406,5.2178322317309345,5.119167768233497
56.02,-0.1501790168177436,0.2028348712120465,5.072170391671488,5.0823996167070975,5.077285004189292,5.112276269526357
56.04,-0.0902837745885482,0.2005236322436096,5.072170391671488,5.0823996167070975,5.077285004189292,5.107152035050057
56.06,-0.1910582190393075,0.2257782446375611,5.083997786394938,5.0244471725682205,5.054222479481579,5.098420031550502
56.08,-0.1461643851988568,0.1714366196823206,5.083997786394938,5.0244471725682205,5.054222479481579,5.091369317410031
56.1,-0.28998018371905,0.22872615890726,5.083997786394938,5.0244471725682205,5.054222479481579,5.082434990310242
56.120000000000005,-0.1986987434720918,0.2097913097100146,5.00414637034333,4.963999535465208,4.984072952904269,5.069022209187147
56.14,-0.2271629799955499,0.2086491642022825,5.00414637034333,4.963999535465208,4.984072952904269,5.05643834991894
56.16,-0.2947732261600266,0.209489312019233,5.095382528756558,5.20322855884195,5.1493055437992545,5.0604191512360925
56.18,-0.2707205352108224,0.2352016127611046,5.095382528756558,5.20322855884195,5.1493055437992545,5.064434820858613
56.2,-0.1599096945181442,0.1526364173779782,5.095382528756558,5.20322855884195,5.1493055437992545,5.07004351865135
56.22,-0.2522709614942395,0.2224822875041426,5.106325971349039,5.270530565577809,5.188428268463424,5.0773411163256625
56.24,-0.220276848086743,0.2182717475544022,5.106325971349039,5.270530565577809,5.188428268463424,5.084484848273877
56.26,-0.238119333710403,0.1758965178669697,5.068796275213951,5.001237487218593,5.035016881216272,5.07525190356133
56.28,-0.2685902886445457,0.2115069136851844,5.068796275213951,5.001237487218593,5.035016881216272,5.066393776131222
56.3,-0.3466406776996933,0.1943937846938569,5.068796275213951,5.001237487218593,5.035016881216272,5.057016554441135
56.32,-0.3667392991807591,0.1952184534470107,4.919264012143704,4.968282218046822,4.943773115095263,5.039090903121293
56.34,-0.1944791251291028,0.2349495249418993,4.919264012143704,4.968282218046822,4.943773115095263,5.026058500066366
56.36,-0.263908993385275,0.1717588166329711,4.876199209990455,5.053218829794035,4.964709019892245,5.01517319016802
56.38,-0.3641580525003837,0.1763869453032306,4.876199209990455,5.053218829794035,4.964709019892245,5.003571928195434
56.4,-0.2839391655481388,0.2479606188139426,4.876199209990455,5.053218829794035,4.964709019892245,4.994574732385249
56.42,-0.1676844605608823,0.1641417630553346,4.978971655569656,5.120727185777467,5.049849420673562,4.997083880923984
56.44,-0.1553488876930224,0.2008695858219941,4.978971655569656,5.120727185777467,5.049849420673562,4.999564154920468
56.46,-0.41537782410199,0.2483548916800001,4.932600078522478,5.047279095239548,4.989939586881013,4.991124897282685
56.48,-0.1512118978809941,0.2153114075454358,4.932600078522478,5.047279095239548,4.989939586881013,4.9882845520806605
56.5,-0.4428248135207723,0.2161655841465494,4.932600078522478,5.047279095239548,4.989939586881013,4.980479208917321
56.52,-0.2910989409568972,0.2453478431359953,4.824114939769277,4.95376826419367,4.8889416019814735,4.966085667286511
56.54,-0.1146748260086095,0.231696792659007,4.824114939769277,4.95376826419367,4.8889416019814735,4.956307113887853
56.56,-0.3468549977220559,0.2391381240303344,4.943093193310959,4.992559425031531,4.967826309171246,4.951215643457195
56.58,-0.1096103303865669,0.1910346078231284,4.943093193310959,4.992559425031531,4.967826309171246,4.950903724081642
56.6,-0.2043062138488408,0.1916706712846046,4.943093193310959,4.992559425031531,4.967826309171246,4.948918470741323
56.620000000000005,0.0068293243667426,0.2142023877375855,4.981033706683289,4.83338558062049,4.907209643651889,4.944870515870981
56.64,-0.0283275320927731,0.2729753589915332,4.981033706683289,4.83338558062049,4.907209643651889,4.940594533071402
56.66,-0.1739448755256826,0.1894075270464022,4.838622435053544,5.057429402805216,4.94802591892938,4.938206663897738
56.68,-0.2486879044131087,0.2106798274569314,4.838622435053544,5.057429402805216,4.94802591892938,4.934712207121466
56.7,-0.0653638196816226,0.2212866979375047,4.838622435053544,5.057429402805216,4.94802591892938,4.934867029547988
56.72,-0.176130667861922,0.2157510903374963,4.945603735084892,5.040054571114843,4.992829153099867,4.9374928898816615
56.74,-0.1282889374134604,0.1983359221966166,4.945603735084892,5.040054571114843,4.992829153099867,4.94071731533004
56.76,-0.1587098169242919,0.2219985652547706,4.843049396239599,4.836589682840276,4.8398195395399375,4.927770761046393
56.78,-0.1868966044599855,0.1979288315594398,4.843049396239599,4.836589682840276,4.8398195395399375,4.915611500015467
56.8,-0.3517701812705326,0.2192842193076332,4.843049396239599,4.836589682840276,4.8398195395399375,4.901700440705046
56.82,-0.1107870133130177,0.1866447959729125,4.922326749701683,4.921232279478037,4.9217795145898595,4.901714181853893
56.84,-0.2945058811544656,0.2069510303278879,4.922326749701683,4.921232279478037,4.9217795145898595,4.898419609266709
56.86,-0.0485841655778095,0.213704449754384,4.831284242757771,4.806435008734624,4.818859625746198,4.889589095934258
56.88,-0.2854155396991982,0.1709158892797309,4.831284242757771,4.806435008734624,4.818859625746198,4.8773786692008665
56.9,-0.2064884792875349,0.1897812928262611,4.831284242757771,4.806435008734624,4.818859625746198,4.867809972228225
56.92,-0.0373560242817792,0.2563560339267035,4.852907887701146,4.932780386168611,4.892844136934878,4.869640980261819
56.94,-0.1717000601518768,0.2102884431436665,4.852907887701146,4.932780386168611,4.892844136934878,4.868870694846391
56.96,-0.3211726123028283,0.2225682650672037,4.813512086153033,4.760106757719318,4.786809421936176,4.854883460533918
56.98,-0.1041579142711173,0.2402581549110835,4.813512086153033,4.760106757719318,4.786809421936176,4.846201214217263
57.0,-0.2296287234959709,0.2262457660912544,4.813512086153033,4.760106757719318,4.786809421936176,4.836128717966226
57.02,-0.1341865883154509,0.1946430952284581,4.632063337282243,4.872438639032236,4.75225098815724,4.825325586395649
57.04,-0.27336564127002,0.2216357934096249,4.632063337282243,4.872438639032236,4.75225098815724,4.813097545028948
57.06,-0.1871021124509361,0.2310511984191182,5.047033052113432,5.026922944564665,5.036977998339048,4.832117752335841
57.08,-0.0351300711063261,0.224284196103387,5.047033052113432,5.026922944564665,5.036977998339048,4.851971435656248
57.1,-0.2229731759602642,0.1841308653329283,5.047033052113432,5.026922944564665,5.036977998339048,4.866458574757242
57.120000000000005,0.0483841434409477,0.1947950050244717,4.680518766602099,5.066278070877837,4.873398418739969,4.868023473737453
57.14,-0.064464727261693,0.1819864053343372,4.680518766602099,5.066278070877837,4.873398418739969,4.8674006031469945
57.16,-0.1484523421949684,0.192564000991253,4.944958004843649,4.749241281214284,4.847099643028967,4.862698364975683
57.18,-0.209884319753361,0.1704230789566748,4.944958004843649,4.749241281214284,4.847099643028967,4.857360575025451
57.2,-0.289074616591183,0.1959597326154117,4.944958004843649,4.749241281214284,4.847099643028967,4.85113113872716
57.22,-0.1405688079501099,0.2681260177607565,4.863301540820304,4.922906769950553,4.893104155385428,4.852798201849885
57.24,-0.2180293690249712,0.2161671611666429,4.863301540820304,4.922906769950553,4.893104155385428,4.85290426856099
57.26,-0.1805044048472878,0.2272146154412203,4.74415778749661,4.77585784253575,4.76000781501618,4.840365543919258
57.28,-0.0794171772349562,0.1971701822038323,4.74415778749661,4.77585784253575,4.76000781501618,4.830900261838721
57.3,-0.273502227448739,0.1781829284685342,4.74415778749661,4.77585784253575,4.76000781501618,4.818887977062391
57.32,-0.1525033564020145,0.2080849204363522,4.697307520104922,4.883596326040512,4.790451923072717,4.813299311248187
57.34,-0.4643158967941361,0.1488803948912352,4.697307520104922,4.883596326040512,4.790451923072717,4.802656886288344
57.36,-0.0681225456066608,0.1961282261352504,4.675109980007408,4.888283182092766,4.781696581050086,4.799334649943599
57.38,-0.3741362500336982,0.2148693202218541,4.675109980007408,4.888283182092766,4.781696581050086,4.790836390553641
57.4,-0.232691842989841,0.2503231804638338,4.675109980007408,4.888283182092766,4.781696581050086,4.785733956429469
57.42,-0.1820301113080905,0.1969001424796212,4.8294862461750565,4.836918866835704,4.83320255650538,4.787204274433515
57.44,-0.1768854517970717,0.2556982658193351,4.8294862461750565,4.836918866835704,4.83320255650538,4.788620164508355
57.46,-0.1668720710996313,0.187174641510963,4.693989331654719,4.710812963742711,4.7024011476987155,4.776994565547597
57.48,-0.1571020370670106,0.2368973630530922,4.693989331654719,4.710812963742711,4.7024011476987155,4.7667073870955035
57.5,0.0281391872341537,0.1803591935784559,4.693989331654719,4.710812963742711,4.7024011476987155,4.76078326852604
57.52,-0.0596970591566078,0.1999213844379566,4.760022172848428,4.781355694448029,4.770688933648229,4.7606992879734396
57.54,-0.1379357644507076,0.200363647970011,4.760022172848428,4.781355694448029,4.770688933648229,4.759215408780807
57.56,-0.4441315816511784,0.201838027684331,4.725200837656218,4.727514354855376,4.726357596255797,4.7479352590585835
57.58,-0.2835209788741891,0.1815580804021797,4.725200837656218,4.727514354855376,4.726357596255797,4.740674115158571
57.6,-0.0236465819846017,0.2080403566591059,4.725200837656218,4.727514354855376,4.726357596255797,4.738816824792571
57.620000000000005,-0.472098442871142,0.1769740725489733,4.7713155925105255,4.546362679299472,4.658839135904999,4.722321283932132
57.64,-0.2808326368653119,0.2033554242150254,4.7713155925105255,4.546362679299472,4.658839135904999,4.710918081665844
57.66,-0.3018674026074598,0.2093637874499918,4.779084971033631,4.693679532771856,4.736382251902744,4.708030885442601
57.68,0.0328537228835653,0.2311773180825262,4.779084971033631,4.693679532771856,4.736382251902744,4.71145738910052
57.7,-0.2809485380468638,0.1897846523487218,4.779084971033631,4.693679532771856,4.736382251902744,4.708892801695899
57.72,-0.2071382373815366,0.203964608646885,4.846702824454222,4.722565492808563,4.784634158631393,4.712738449116581
57.74,-0.2985255149464414,0.1694836092339871,4.846702824454222,4.722565492808563,4.784634158631393,4.714554560799026
57.76,-0.4065925135350395,0.2314856915407396,4.702452938909447,4.726804607321493,4.71462877311547,4.707243316787041
57.78,-0.2125062025489389,0.2349566129558483,4.702452938909447,4.726804607321493,4.71462877311547,4.704156750774002
57.8,-0.3118474690873193,0.189029820806372,4.702452938909447,4.726804607321493,4.71462877311547,4.699590698564578
57.82,-0.334307530727132,0.2315177553200899,4.7048132627713,4.729990530837901,4.717401896804601,4.695354282835492
57.84,-0.237454002677645,0.2169788857436058,4.7048132627713,4.729990530837901,4.717401896804601,4.693284872184205
57.86,-0.3060424999260012,0.2103492982007845,4.604228760806732,4.814589411918115,4.709409086362424,4.68938852860336
57.88,-0.2633657899165529,0.2442133948314652,4.604228760806732,4.814589411918115,4.709409086362424,4.686650000160768
57.9,-0.3336127619616064,0.1560777266209333,4.604228760806732,4.814589411918115,4.709409086362424,4.682920879065626
57.92,-0.2587321295723337,0.1862421837056182,4.572455347735655,4.616833189744903,4.594644268740279,4.669436039700789
57.94,-0.196312706928651,0.209185677753352,4.572455347735655,4.616833189744903,4.594644268740279,4.658423233880023
57.96,-0.265078487839708,0.2164384904640778,4.580394863163556,4.662434279427026,4.621414571295291,4.649950954840434
57.98,-0.1122604640490496,0.2039080196858136,4.580394863163556,4.662434279427026,4.621414571295291,4.645076628133037
58.0,-0.2416341731394598,0.2074775419853453,4.580394863163556,4.662434279427026,4.621414571295291,4.638361007332751
58.02,-0.079301923118049,0.2009241666502284,4.562716471156249,4.484457964847666,4.523587218001957,4.625456193783547
58.04,-0.1879194064133559,0.2323202084078081,4.562716471156249,4.484457964847666,4.523587218001957,4.611886746889948
58.06,-0.3105147140120042,0.2079684822450976,4.58986388628424,4.675893440978612,4.632878663631426,4.608396673711879
58.08,-0.0587914379856118,0.2141559794741928,4.58986388628424,4.675893440978612,4.632878663631426,4.609786626820092
58.1,-0.1867657930450544,0.1977431908034354,4.58986388628424,4.675893440978612,4.632878663631426,4.608734046226414
58.120000000000005,-0.0347001286358877,0.2048071980390179,4.613174805666316,4.6759001651953005,4.644537485430808,4.6116897878314065
58.14,-0.0243216952444541,0.1833259784499281,4.613174805666316,4.6759001651953005,4.644537485430808,4.614536767076946
58.16,-0.2720298875037014,0.2151721961387585,4.72588769888898,4.75178045763199,4.738834078260485,4.622069960220235
58.18,-0.1289032820743068,0.1992408437363358,4.72588769888898,4.75178045763199,4.738834078260485,4.631426112946921
58.2,-0.2873784228952137,0.1384709731578819,4.72588769888898,4.75178045763199,4.738834078260485,4.636994097866163
58.22,-0.2743230470564359,0.192538073085648,4.505632524314275,4.561599326191473,4.5336159252528745,4.621718465757819
58.24,-0.3045552678852816,0.2117682686934634,4.505632524314275,4.561599326191473,4.5336159252528745,4.60742621688539
58.26,0.0141705095025337,0.1975133657138164,4.553877959999712,4.688248831348589,4.621063395674151,4.609045003935312
58.28,-0.0220203428274639,0.2268985979272958,4.553877959999712,4.688248831348589,4.621063395674151,4.609850476938301
58.3,-0.024759056645651,0.182267841938379,4.553877959999712,4.688248831348589,4.621063395674151,4.610526105792265
58.32,-0.3546668654713141,0.1371435810426544,4.611265827201463,4.774775110960492,4.693020469080977,4.612391538542651
58.34,-0.1284430950403757,0.2434724068999356,4.611265827201463,4.774775110960492,4.693020469080977,4.6181424558857564
58.36,-0.2430815356428168,0.2213930795432017,4.739087155357499,4.5629263918882055,4.651006773622852,4.617053420017896
58.38,-0.2754208238042597,0.2277856761308729,4.739087155357499,4.5629263918882055,4.651006773622852,4.615491180549914
58.4,-0.2136662579040565,0.1734557292061705,4.739087155357499,4.5629263918882055,4.651006773622852,4.615196747214935
58.42,-0.170822750631078,0.2105206092984244,4.5121455303230045,4.617017037608908,4.564581283965956,4.607060391378678
58.44,-0.1826262240435377,0.204452017087413,4.5121455303230045,4.617017037608908,4.564581283965956,4.599525208604623
58.46,-0.320784488297908,0.1431152971352233,4.611923227285977,4.597705764167959,4.604814495726968,4.594280016527494
58.48,-0.2326374241045169,0.1724067143989305,4.611923227285977,4.597705764167959,4.604814495726968,4.591145990813561
58.5,-0.1061467151144534,0.1733345658039034,4.611923227285977,4.597705764167959,4.604814495726968,4.5906022004328415
58.52,-0.0121641836149064,0.1542968750247573,4.615151755907541,4.522470291368659,4.5688110236381,4.588204127448299
58.54,-0.128646806121519,0.2168820314730172,4.615151755907541,4.522470291368659,4.5688110236381,4.583949174557092
58.56,-0.2520565185153812,0.2307159379004935,4.520146724289001,4.543026032932511,4.531586378610756,4.57417587762918
58.58,0.0292740853203874,0.1600191804285871,4.520146724289001,4.543026032932511,4.531586378610756,4.570443861263104
58.6,-0.082869316816542,0.2096572789171698,4.520146724289001,4.543026032932511,4.531586378610756,4.565066465295172
58.620000000000005,-0.2170801228231413,0.2001725586152134,4.672616935635506,4.446000537918905,4.559308736777205,4.5605832502325585
58.64,-0.3479584385271274,0.1588087193062981,4.672616935635506,4.446000537918905,4.559308736777205,4.554192546993537
58.66,-0.4220481330629189,0.1492156653188841,4.442998919430121,4.6287481010801015,4.5358735102551115,4.544763776924564
58.68,0.012420801292681,0.1592114180016878,4.442998919430121,4.6287481010801015,4.5358735102551115,4.544098324680888
58.7,-0.0695531034682758,0.1392471877162043,4.442998919430121,4.6287481010801015,4.5358735102551115,4.5420238873758825
58.72,-0.2210104214179828,0.1474261180695122,4.644111839020566,4.575793672046643,4.609952755533604,4.544838586606132
58.74,-0.1393220048569449,0.1804018306521467,4.644111839020566,4.575793672046643,4.609952755533604,4.548842207411454
58.76,-0.3132424658566596,0.1739825701203735,4.4947544144287965,4.696655273500016,4.595704843964406,4.54789010668133
58.78,-0.045671475773069,0.1934956142441936,4.4947544144287965,4.696655273500016,4.595704843964406,4.551849493845723
58.8,-0.2891999487535454,0.2183477662755405,4.4947544144287965,4.696655273500016,4.595704843964406,4.551029429780029
58.82,-0.2968024143143145,0.1685197836454001,4.3982243145627535,4.5116990071645136,4.454961660863633,4.5360802094307315
58.84,-0.0270498368537487,0.1634717317244556,4.3982243145627535,4.5116990071645136,4.454961660863633,4.527481457510655
58.86,-0.2765750218719002,0.179471852549845,4.513951535296707,4.437789327285672,4.47587043129119,4.517342004495016
58.88,-0.1851782729916681,0.2053696298285032,4.513951535296707,4.437789327285672,4.47587043129119,4.509861638260783
58.9,-0.0401546309784429,0.1633079479362526,4.513951535296707,4.437789327285672,4.47587043129119,4.505739734206212
58.92,-0.150014515857481,0.1819216224934483,4.247708875781648,4.263634530973108,4.255671703377378,4.478032669837894
58.94,-0.0308719004018015,0.1466624934532562,4.247708875781648,4.263634530973108,4.255671703377378,4.45524087898461
58.96,-0.3021787511205076,0.1538681372758987,4.60349993013983,4.457886536493099,4.530693233316464,4.457346896897626
58.98,-0.1816724360424768,0.1853772027022789,4.60349993013983,4.457886536493099,4.530693233316464,4.461411426690746
59.0,-0.0734293684291336,0.16763874534393,4.60349993013983,4.457886536493099,4.530693233316464,4.467017878721593
59.02,-0.1313874417648348,0.1573888713885239,4.315153377126775,4.683438533910919,4.499295955518846,4.46788071244955
59.04,-0.1560419373137184,0.1336229989691298,4.315153377126775,4.683438533910919,4.499295955518846,4.468213481884834
59.06,-0.2107823366051301,0.1271601672477593,4.086880337317721,4.540519368757714,4.3136998530377175,4.44896803694123
59.08,-0.1978876972885908,0.1773832144320953,4.086880337317721,4.540519368757714,4.3136998530377175,4.431879239999685
59.1,-0.2200349930549376,0.1668539859695517,4.086880337317721,4.540519368757714,4.3136998530377175,4.4161006714285
59.120000000000005,-0.0860223702757416,0.163959595656926,4.452778107643884,4.4373627962849085,4.445070451964396,4.417449246817125
59.14,-0.2998279375856937,0.1984635725234152,4.452778107643884,4.4373627962849085,4.445070451964396,4.4148144644553104
59.16,-0.1698667793245769,0.1822204699713469,4.285477981526881,4.392339753529464,4.338908867528173,4.404166302734755
59.18,-0.1127581130722216,0.2012413884509149,4.285477981526881,4.392339753529464,4.338908867528173,4.395610913178796
59.2,-0.1870398303305181,0.1489567513357977,4.285477981526881,4.392339753529464,4.338908867528173,4.386573991667785
59.22,-0.0765438651932495,0.2023455217616407,4.509841663622006,4.493373330164786,4.501607496893396,4.396699552616868
59.24,-0.2371230110709639,0.195849746125937,4.509841663622006,4.493373330164786,4.501607496893396,4.402922132845243
59.26,-0.0491414173610757,0.1476873936761088,4.215862353898016,4.41308395540506,4.314473154651538,4.393192689513373
59.28,0.0069238809447041,0.1844922305102383,4.215862353898016,4.41308395540506,4.314473154651538,4.385445365884194
59.3,-0.2286327732477089,0.1956353081404924,4.215862353898016,4.41308395540506,4.314473154651538,4.37423275484247
59.32,-0.2306167923692473,0.1549975195109216,4.276550553597453,4.526811651922611,4.4016811027600315,4.372826487371579
59.34,-0.3391332361341999,0.1485948497080407,4.276550553597453,4.526811651922611,4.4016811027600315,4.369607550660008
59.36,-0.1191919688440669,0.2001810165746337,4.482129440856811,4.40566518476027,4.443897312808541,4.374891071435668
59.38,0.1038905018364766,0.1637391431226654,4.482129440856811,4.40566518476027,4.443897312808541,4.3836617246060126
59.4,-0.1883533633562005,0.1790020306807621,4.482129440856811,4.40566518476027,4.443897312808541,4.386294922885854
59.42,-0.154838675828823,0.1654445317447053,4.3790950141834335,4.380039381678748,4.379567197931091,4.382835054225459
59.44,-0.3637311443771803,0.0964469734119659,4.3790950141834335,4.380039381678748,4.379567197931091,4.3759611079972345
59.46,-0.2331573099023298,0.1553225297882733,4.521571158021745,4.199686784451906,4.360628971236825,4.370231062742951
59.48,-0.0371971932801429,0.163397271959182,4.521571158021745,4.199686784451906,4.360628971236825,4.368601304113296
59.5,-0.0115733285459173,0.1580416642372049,4.521571158021745,4.199686784451906,4.360628971236825,4.367595750911823
59.52,-0.0326119796012777,0.1676059519863995,4.429850929461537,4.315436030968904,4.3726434802152205,4.367513508209339
59.54,0.0080929271486721,0.1449698856441238,4.429850929461537,4.315436030968904,4.3726434802152205,4.368172178098603
59.56,-0.1679247380090247,0.2150103032546852,4.387261768733575,4.440760551408109,4.414011160070842,4.369733431011664
59.58,-0.1903799620929609,0.156032746541377,4.387261768733575,4.440760551408109,4.414011160070842,4.370734364599909
59.6,0.0920729131445672,0.1862335637111414,4.387261768733575,4.440760551408109,4.414011160070842,4.376719356583605
59.620000000000005,-0.2282759917495522,0.2328554597762766,4.461387967892402,4.564430235992894,4.512909101942649,4.386229363268017
59.64,-0.1441350456263495,0.2022849278255971,4.461387967892402,4.564430235992894,4.512909101942649,4.396302906314206
59.66,-0.1437802125254333,0.1580425250649414,4.228400888388053,4.32912765408562,4.278764271236836,4.381960998981012
59.68,-0.1777627497457702,0.189466215278498,4.228400888388053,4.32912765408562,4.278764271236836,4.36844159671117
59.7,-0.1568243481649544,0.1517468943533393,4.228400888388053,4.32912765408562,4.278764271236836,4.356651025896768
59.72,-0.1545730122937354,0.2074574848463313,4.168307912831912,4.35062496509513,4.259466438963521,4.344150252982157
59.74,-0.0925152256090659,0.1916024952102225,4.168307912831912,4.35062496509513,4.259466438963521,4.33401659751933
59.76,-0.1449357283413476,0.1679135546192422,4.328940813366619,4.4374776977839705,4.383209255575295,4.3363270202147834
59.78,0.0063550423747756,0.1752904505472707,4.328940813366619,4.4374776977839705,4.383209255575295,4.341129634513581
59.8,-0.155636133792628,0.1435805089612086,4.328940813366619,4.4374776977839705,4.383209255575295,4.3425361462114855
59.82,-0.1393299247332887,0.1549385405455522,4.348935874976291,4.4220379809255705,4.3854869279509305,4.344323285740231
59.84,-0.0896308355350864,0.2010666222888298,4.348935874976291,4.4220379809255705,4.3854869279509305,4.3468262949216685
59.86,-0.3022422867840466,0.1795331605781497,4.300120537907796,4.421212261950156,4.360666399928976,4.342769944260287
59.88,-0.1990037917266165,0.2262680569264225,4.300120537907796,4.421212261950156,4.360666399928976,4.340977521576077
59.9,-0.0315090901864017,0.1659020109258679,4.300120537907796,4.421212261950156,4.360666399928976,4.3423792457880115
59.92,-0.0714398332706457,0.2139067511686956,4.284370378269444,4.3602487241253165,4.32230955119738,4.339086359330076
59.94,-0.1021102468517716,0.1193656985523264,4.284370378269444,4.3602487241253165,4.32230955119738,4.335570694073475
59.96,-0.0611405098210832,0.1627887889348341,4.308242521353076,4.3474129369263546,4.327827729139715,4.3336958684033196
59.98,-0.2439327622515668,0.1828550787323712,4.308242521353076,4.3474129369263546,4.327827729139715,4.328718264756432
60.0,-0.0833121221120754,0.2109274343551952,4.308242521353076,4.3474129369263546,4.327827729139715,4.327129592996743
60.02,-0.1816067650777573,0.1562105468253679,4.54618436706324,4.487642258050572,4.516913312556905,4.3428390431813595
60.04,-0.0560418137764217,0.1137801968112803,4.54618436706324,4.487642258050572,4.516913312556905,4.359237717470939
60.06,0.0943472448465536,0.181266471622337,4.429391472052096,4.5283623596086615,4.478876915830378,4.372899887714121
60.08,-0.2509906002306912,0.1359591237560137,4.429391472052096,4.5283623596086615,4.478876915830378,4.378979759721595
60.1,0.0893637175198951,0.1154463391805794,4.429391472052096,4.5283623596086615,4.478876915830378,4.390578022247833
60.120000000000005,-0.1724977109794825,0.2213865459202714,4.260647985432362,4.346456949362632,4.3035524673974965,4.378770507965168
60.14,-0.0339415425582627,0.1369381043539365,4.260647985432362,4.346456949362632,4.3035524673974965,4.370637756142353
60.16,-0.2114810737144496,0.2004017295059475,4.099281452996206,4.268406065905695,4.1838437594509506,4.348151697146353
60.18,-0.1321970803752802,0.1390357760429858,4.099281452996206,4.268406065905695,4.1838437594509506,4.329341355930057
60.2,-0.2290898698517128,0.2042744741110604,4.099281452996206,4.268406065905695,4.1838437594509506,4.310667978624815
60.22,0.0614899040043485,0.1612730355527829,4.204388325107129,4.497093260269695,4.350740792688412,4.315782078303253
60.24,0.1583545663540784,0.1677495798031841,4.204388325107129,4.497093260269695,4.350740792688412,4.322128331936144
60.26,-0.1530088797800125,0.1392336942151957,4.357295257979835,4.402259066064608,4.379777162022222,4.325139055108711
60.28,-0.1252438389644313,0.1637194313335745,4.357295257979835,4.402259066064608,4.379777162022222,4.328348476698702
60.3,0.0627487314989798,0.1446489827861525,4.357295257979835,4.402259066064608,4.379777162022222,4.334620822398036
60.32,-0.1769318097060571,0.1582518726168782,4.239054576479762,4.216649442351448,4.227852009415605,4.320759168525083
60.34,-0.2351098064787226,0.1534903751283214,4.239054576479762,4.216649442351448,4.227852009415605,4.3072364760975175
60.36,0.0063688012550634,0.1878473502898311,4.170956566124045,4.212445964048485,4.191701265086265,4.295797593418984
60.38,-0.0743848302887542,0.1439964425444075,4.170956566124045,4.212445964048485,4.191701265086265,4.284049033640514
60.4,0.0820267489872859,0.1727717228250406,4.170956566124045,4.212445964048485,4.191701265086265,4.27629073826686
60.42,-0.0723958768252086,0.1843284462266436,4.126499641692102,4.453059989581463,4.289779815636782,4.276336520220998
60.44,-0.2788853171960136,0.1616028138172824,4.126499641692102,4.453059989581463,4.289779815636782,4.272660914053049
60.46,0.1660974202514518,0.1372109943727657,4.23329614216002,4.249725236437016,4.241510689298519,4.272535645142123
60.48,-0.1108775784305775,0.1386672137752071,4.23329614216002,4.249725236437016,4.241510689298519,4.267437353146013
60.5,0.0101800333618076,0.1650789430087361,4.23329614216002,4.249725236437016,4.241510689298519,4.265027927361776
60.52,-0.0574903668996269,0.1269482979910409,4.254035725389606,4.13954382074045,4.196789773065028,4.257169285327907
60.54,-0.2149125314947297,0.1569202617078828,4.254035725389606,4.13954382074045,4.196789773065028,4.247262908534715
60.56,-0.2780004950467896,0.1250780698192789,4.373011909546394,4.458192172988986,4.4156020412676895,4.259092812897169
60.58,0.0875762457668664,0.1493460170082252,4.373011909546394,4.458192172988986,4.4156020412676895,4.276320108158024
60.6,0.0134515986625044,0.1682808907919424,4.373011909546394,4.458192172988986,4.4156020412676895,4.290490430244915
60.620000000000005,0.1676430974446863,0.1609626916807441,4.362614567210667,4.379662424761567,4.371138495986116,4.30157281257304
60.64,-0.0323884984311389,0.1405799280425942,4.362614567210667,4.379662424761567,4.371138495986116,4.307946387942588
60.66,-0.0295692695359143,0.1561176181254784,4.267952176479584,4.454470473188247,4.361211324833915,4.312740634780074
60.68,-0.0972346538834416,0.1953806562887491,4.267952176479584,4.454470473188247,4.361211324833915,4.3158374800155554
60.7,-0.2407246314518433,0.191237551245199,4.267952176479584,4.454470473188247,4.361211324833915,4.3160418211312574
60.72,0.0413337041873892,0.1899423183261998,4.376228866746224,4.36244367175026,4.369336269248242,4.322115272618329
60.74,-0.0704755092450626,0.1539689347750422,4.376228866746224,4.36244367175026,4.369336269248242,4.325568813114909
60.76,-0.0389394319287645,0.2089468210077723,3.987468302535413,4.145568543073461,4.066518422804437,4.298962864309145
60.78,-0.0229481742348475,0.1115700117180135,3.987468302535413,4.145568543073461,4.066518422804437,4.275305353022446
60.8,0.1166945539183153,0.1265066503769884,3.987468302535413,4.145568543073461,4.066518422804437,4.256527161971174
60.82,-0.0558132045693241,0.1744808791237337,4.28494784420733,4.273668188057052,4.279308016132191,4.257800609705028
60.84,-0.1151130583633424,0.1402284669826798,4.28494784420733,4.273668188057052,4.279308016132191,4.257879315297203
60.86,-0.0327728609590622,0.1564208279868489,4.233395045964049,4.3407439644766335,4.287069505220341,4.260208422792255
60.88,0.196563363210405,0.1651144157575434,4.233395045964049,4.3407439644766335,4.287069505220341,4.2664326715728516
60.9,0.0076896977482974,0.1387237794864181,4.233395045964049,4.3407439644766335,4.287069505220341,4.26863476949707
60.92,-0.0119849574538317,0.1652539713616638,4.183356630746705,4.204147736793406,4.193752183770055,4.2609307816902
60.94,-0.0615329896823594,0.1554189953538698,4.183356630746705,4.204147736793406,4.193752183770055,4.253105328083904
60.96,-0.0593575541842006,0.1660080061946924,4.435960747250055,4.147942357787625,4.2919515525188405,4.255921514552082
60.98,-0.1477710936033597,0.1055552418504322,4.435960747250055,4.147942357787625,4.2919515525188405,4.256864638663898
61.0,-0.0846061687430883,0.1297186277038448,4.435960747250055,4.147942357787625,4.2919515525188405,4.258850419012017
61.02,0.0015937628820229,0.0943945997709639,4.241504372344696,4.23285225691796,4.237178314631328,4.256711896305824
61.04,-0.1623934869894031,0.1389367438691198,4.241504372344696,4.23285225691796,4.237178314631328,4.251835455372566
61.06,-0.036636703558167,0.1736524013271055,4.059177071001861,4.369029454783619,4.21410326289274,4.247402775460537
61.08,-0.1544597187593107,0.1362592531999006,4.059177071001861,4.369029454783619,4.21410326289274,4.24129254926609
61.1,-0.1138785899649246,0.1493162871487659,4.059177071001861,4.369029454783619,4.21410326289274,4.236523806009386
61.120000000000005,-0.0610188898542407,0.1261201137520983,4.163784601420484,4.323461660390615,4.243623130905549,4.236135398481626
61.14,-0.0060613560339949,0.1443195458918199,4.163784601420484,4.323461660390615,4.243623130905549,4.236775067315407
61.16,-0.0166702755062121,0.1391923429197377,4.338038756436865,4.312088882281087,4.325063819358976,4.2453038775606515
61.18,0.1634770592519599,0.1778928246937243,4.338038756436865,4.312088882281087,4.325063819358976,4.25622245880702
61.2,0.1508144623584947,0.1439584083053134,4.338038756436865,4.312088882281087,4.325063819358976,4.26582125518467
61.22,-0.0232501412843125,0.1583411292328134,4.254752561613556,4.088571672980229,4.171662117296893,4.255986838852774
61.24,-0.018203222377585,0.1098952109888145,4.254752561613556,4.088571672980229,4.171662117296893,4.24722670869439
61.26,-0.0844254046876774,0.1056675702917746,4.323783353231844,4.094054262879392,4.208918808055618,4.2418762613461345
61.28,0.2051504343817672,0.1508477780416901,4.323783353231844,4.094054262879392,4.208918808055618,4.242273223835955
61.3,0.1520447187097332,0.1449849910344912,4.323783353231844,4.094054262879392,4.208918808055618,4.241674587194696
61.32,-0.1053845392692502,0.1515646224865416,4.079848059420828,4.021991541434806,4.050919800427817,4.220702186811161
61.34,0.0042655996731214,0.138421271512397,4.079848059420828,4.021991541434806,4.050919800427817,4.203800728966943
61.36,0.1786447692668823,0.1038455262730702,4.137307892468549,4.325632076320472,4.2314699843945105,4.209783260356502
61.38,-0.0261257435649616,0.1362793708762673,4.137307892468549,4.325632076320472,4.2314699843945105,4.211481669376133
61.4,-0.0327610504391497,0.1102329794702685,4.137307892468549,4.325632076320472,4.2314699843945105,4.212890801970066
61.42,0.1434612289041071,0.1302048416198493,4.239273304437044,4.489790150153345,4.364531727295194,4.230637196622854
61.44,-0.0443470797847047,0.0982117219786673,4.239273304437044,4.489790150153345,4.364531727295194,4.243228402253963
61.46,0.2900154835954114,0.1251579409814897,4.221259631253526,4.270842547318883,4.246051089286205,4.248730949661905
61.48,0.0736085072327042,0.1637215200019172,4.221259631253526,4.270842547318883,4.246051089286205,4.2497879167545225
61.5,-0.0200616240378444,0.1325227535108017,4.221259631253526,4.270842547318883,4.246051089286205,4.24905312477501
61.52,-0.297894020051237,0.1362698883429292,4.410073859098968,4.275747519676983,4.342910689387976,4.253076788875384
61.54,0.1349155038274421,0.1209409574001262,4.410073859098968,4.275747519676983,4.342910689387976,4.264488657995536
61.56,-0.1226372794889395,0.158522265260558,4.289689781340486,4.097271282332392,4.193480531836439,4.255180374348825
61.58,0.0854180160031718,0.1028070716585957,4.289689781340486,4.097271282332392,4.193480531836439,4.250547914385644
61.6,0.0858284409496377,0.1308877907097455,4.289689781340486,4.097271282332392,4.193480531836439,4.246386088067816
61.620000000000005,0.111892266815411,0.1234245240022951,4.288098201421697,4.296482975016593,4.292290588219145,4.252990598885627
61.64,-0.1356175314506273,0.1374330126556918,4.288098201421697,4.296482975016593,4.292290588219145,4.254479482252868
61.66,-0.031369390457981,0.1170419351923184,4.2587015362502925,4.258030679229397,4.258366107739844,4.254303495773322
61.68,0.1160215611453318,0.1755272610957816,4.2587015362502925,4.258030679229397,4.258366107739844,4.256798145070591
61.7,0.126920471957576,0.1051263804033866,4.2587015362502925,4.258030679229397,4.258366107739844,4.259239509832754
61.72,0.2379533012623141,0.0676067117312645,4.171542020357421,4.457740045586034,4.3146410329717275,4.2690628215693724
61.74,-0.027041476988156,0.1346499505590658,4.171542020357421,4.457740045586034,4.3146410329717275,4.273133896123821
61.76,-0.1021431024932027,0.118638837938945,4.040232021691013,4.248630381041343,4.144431201366178,4.258425050803179
61.78,-0.1281072285101684,0.1313405669994901,4.040232021691013,4.248630381041343,4.144431201366178,4.244719735746296
61.8,0.0799489168843366,0.1113847971485355,4.040232021691013,4.248630381041343,4.144431201366178,4.236129962812202
61.82,0.1982714991295054,0.0882769282521699,4.184224341039588,4.334007475347053,4.259115908193321,4.241997444334646
61.84,0.0101245138097483,0.1110881941979249,4.184224341039588,4.334007475347053,4.259115908193321,4.243891531969089
61.86,0.0009769182410262,0.1253842004891656,4.284101884006919,4.219949854655849,4.2520258693313835,4.244722550233656
61.88,0.1745483915464175,0.1068238878643421,4.284101884006919,4.219949854655849,4.2520258693313835,4.248594753191265
61.9,0.0830211368307036,0.1204851937836773,4.284101884006919,4.219949854655849,4.2520258693313835,4.250432245268229
61.92,0.0478885981623038,0.1225018366133776,4.115121594150301,4.472224088905046,4.293672841527673,4.255618299661094
61.940000000000005,0.0220716866225138,0.1322151472150724,4.115121594150301,4.472224088905046,4.293672841527673,4.259821044206958
61.96,0.0959509711312436,0.1531856182149705,4.36069049085412,4.443976687758557,4.4023335893063384,4.275799416197258
61.98,0.0500268297721347,0.1291171689354319,4.36069049085412,4.443976687758557,4.4023335893063384,4.289353316444064
62.0,0.1508502008250531,0.0963961156888113,4.36069049085412,4.443976687758557,4.4023335893063384,4.303366647345143
62.02,-0.0031792571333505,0.1225962757699861,4.365659726667189,4.32207866949226,4.343869198079725,4.3073596757902015
62.04,0.1221882340017008,0.1101789466737904,4.365659726667189,4.32207866949226,4.343869198079725,4.313210016231184
62.06,-0.0002427273245637,0.1434043893233659,4.361310605478423,4.217354522318328,4.289332563898376,4.310817901906061
62.08,-0.0546434966726859,0.1470022595024567,4.361310605478423,4.217354522318328,4.289332563898376,4.307685785165185
62.1,0.1919962075062268,0.1378261354163574,4.361310605478423,4.217354522318328,4.289332563898376,4.309306394773617
62.120000000000005,0.0868839854881967,0.1389428271561816,4.241491098410096,4.385034610645869,4.3132628545279825,4.311265952487841
62.14,0.024399413556188,0.0917445404316692,4.241491098410096,4.385034610645869,4.3132628545279825,4.311904832135866
62.16,-0.0295841438398304,0.0867018122751984,4.178094987663739,4.357567068215411,4.267831027939575,4.30696493712712
62.18,0.0592508228491889,0.0772940553136082,4.178094987663739,4.357567068215411,4.267831027939575,4.3041180610196506
62.2,0.2542747531990829,0.0974591657113471,4.178094987663739,4.357567068215411,4.267831027939575,4.305066303269227
62.22,0.1420917843908406,0.1191040560543205,4.429029177671565,4.489478114116665,4.459253645894115,4.32304268965075
62.24,0.2423893830836005,0.133485136053405,4.429029177671565,4.489478114116665,4.459253645894115,4.341026794170592
62.26,0.1940002249423658,0.082395139019199,4.283064968864309,4.12149431026853,4.20227963956642,4.330644082759136
62.28,0.2673206592702516,0.0517827969139197,4.283064968864309,4.12149431026853,4.20227963956642,4.32261941030673
62.3,0.1447379515282911,0.1320485445312055,4.283064968864309,4.12149431026853,4.20227963956642,4.313190716360208
62.32,0.2222602525175033,0.1386698430378604,4.4251571052224685,4.233489763516892,4.32932343436968,4.318804672706471
62.34,-0.0765475402214083,0.0678623880426822,4.4251571052224685,4.233489763516892,4.32932343436968,4.318478693148807
62.36,0.1695764568170442,0.0712770507616014,4.44206628020359,4.405237848382171,4.423652064292881,4.33204840648592
62.38,-0.1074247700607227,0.1285262975161684,4.44206628020359,4.405237848382171,4.423652064292881,4.339275126405522
62.4,0.2447039150335823,0.0724925416543685,4.44206628020359,4.405237848382171,4.423652064292881,4.352117490664862
62.42,0.4609436246141251,0.0683720727345569,4.28331934602741,4.488945898512325,4.3861326222698676,4.363815989068419
62.440000000000005,0.110230799265388,0.1584145894773538,4.28331934602741,4.488945898512325,4.3861326222698676,4.368031806775341
62.46,0.3186070502439813,0.0719436901728426,4.318592057254489,4.434282560026794,4.376437308640641,4.374607283866262
62.48,0.2506907731430062,0.0915891098429501,4.318592057254489,4.434282560026794,4.376437308640641,4.379302720260274
62.5,0.1204348481599261,0.0693853865419834,4.318592057254489,4.434282560026794,4.376437308640641,4.3811840063651895
62.52,0.0928325988955723,0.0858236700194843,4.460237049635744,4.448454788316984,4.4543459189763634,4.3901711844064275
62.54,0.2172922851911072,0.1078049342460773,4.460237049635744,4.448454788316984,4.4543459189763634,4.400499918996861
62.56,0.174171260722393,0.0724557548244913,4.318661961518674,4.381685787846576,4.350173874682625,4.398602397258441
62.58,0.1766035487656763,0.131427343109784,4.318661961518674,4.381685787846576,4.350173874682625,4.396938408878641
62.6,0.1436109515515134,0.0767228103604712,4.318661961518674,4.381685787846576,4.350173874682625,4.394846952586967
62.620000000000005,0.1199425887796743,0.1238336487715374,4.389979076246192,4.490264741037623,4.440121908641908,4.401533414790495
62.64,0.0550339435652615,0.1051463673131613,4.389979076246192,4.490264741037623,4.440121908641908,4.406382875159811
62.66,-0.0180867841788791,0.1031946961352512,4.305009705567244,4.569970529506842,4.437490117537043,4.409168037282314
62.68,0.1569683786643979,0.1458776243055901,4.305009705567244,4.569970529506842,4.437490117537043,4.414825676123747
62.7,0.2101028740003325,0.0882994317410776,4.305009705567244,4.569970529506842,4.437490117537043,4.420873971997083
62.72,0.0029796484173732,0.0788673290890099,4.2838031157277925,4.499205157065785,4.391504136396788,4.417990622108567
62.74,0.086639056144686,0.1065125402283274,4.2838031157277925,4.499205157065785,4.391504136396788,4.416901476547994
62.76,-0.013232569840141,0.1023083387665138,4.436435527674655,4.459667914089192,4.448051720881924,4.419778314724264
62.78,0.2744318661252424,0.0940546579449128,4.436435527674655,4.459667914089192,4.448051720881924,4.427545428930285
62.8,0.3112840091963311,0.1073859516372683,4.436435527674655,4.459667914089192,4.448051720881924,4.435199170290983
62.82,0.1206404275653348,0.1020894225267343,4.371125932026896,4.241905589972386,4.306515760999641,4.424502357058025
62.84,0.1747432206237383,0.1040537518945346,4.371125932026896,4.241905589972386,4.306515760999641,4.415849075423415
62.86,0.2290513033155991,0.0993680763742365,4.240416115198196,4.315882483736609,4.278149299467403,4.406202021287494
62.88,0.1631320282018221,0.1168159000585693,4.240416115198196,4.315882483736609,4.278149299467403,4.396333125613118
62.9,0.2604406036905152,0.1107510873832163,4.240416115198196,4.315882483736609,4.278149299467403,4.389202673864975
62.92,0.4129103522713482,0.1065213877731351,4.560280798006682,4.3342134700959525,4.447247134051317,4.402439506224495
62.940000000000005,0.3209942122960295,0.1080459790185621,4.560280798006682,4.3342134700959525,4.447247134051317,4.412698164828507
62.96,0.2999587759506831,0.0494741834171032,4.4088055572827365,4.28256529924126,4.345685428261998,4.411396149138968
62.98,0.4262160343313401,0.0875379323223602,4.4088055572827365,4.28256529924126,4.345685428261998,4.412496965669233
63.0,0.0556360207667253,0.1124258067019319,4.4088055572827365,4.28256529924126,4.345685428261998,4.4068172603023115
63.02,0.2520628501618571,0.0333228530886512,4.310664305653809,4.387986280531714,4.349325293092761,4.40560519488427
63.04,0.0146317035724119,0.0490657976190294,4.310664305653809,4.387986280531714,4.349325293092761,4.4002405753694225
63.06,0.4245735808156125,0.1136260235448664,4.43056904057803,4.612197644656705,4.5213833426173675,4.4199971765488995
63.08,0.3059851686079856,0.1045467188576649,4.43056904057803,4.612197644656705,4.5213833426173675,4.435643526190689
63.1,0.2112269844977808,0.1020922670261306,4.43056904057803,4.612197644656705,4.5213833426173675,4.448019593554318
63.120000000000005,0.1681695468802962,0.0915578993293509,4.385467719305032,4.513999563047723,4.449733641176378,4.451218050160369
63.14,0.1573240215001761,0.1068939033057095,4.385467719305032,4.513999563047723,4.449733641176378,4.453901441648972
63.16,0.1944901943618595,0.0931276137322194,4.442539915005178,4.402589543806985,4.422564729406082,4.454268593923196
63.18,0.0410326355803567,0.0742515080278027,4.442539915005178,4.402589543806985,4.422564729406082,4.451836794911931
63.2,0.1726709361996019,0.1085792049822279,4.442539915005178,4.402589543806985,4.422564729406082,4.4520176652129395
63.22,0.1725592611851946,0.0709673296797173,4.576304835927876,4.588997231496869,4.582651033712372,4.468187068764215
63.24,0.1349669372990471,0.1271978534668779,4.576304835927876,4.588997231496869,4.582651033712372,4.482062870130414
63.26,0.1755682995657446,0.1002009645912406,4.6495544100117785,4.694507190869269,4.672030800440524,4.504219892553608
63.28,0.2109169104822965,0.0972203675242381,4.6495544100117785,4.694507190869269,4.672030800440524,4.524797487730982
63.3,0.2730566431323881,0.1253523274688885,4.6495544100117785,4.694507190869269,4.672030800440524,4.544435838578319
63.32,0.3453525742912654,0.1001450308067177,4.521833660479893,4.461645742109439,4.491739701294666,4.545382571187197
63.34,0.2025695522099502,0.0882501989526086,4.521833660479893,4.461645742109439,4.491739701294666,4.543664536137723
63.36,0.0153329806167713,0.0977033589006777,4.456064210345579,4.789893142810513,4.622978676578046,4.551871943832857
63.38,0.2290578121945922,0.083068386347222,4.456064210345579,4.789893142810513,4.622978676578046,4.563105657726879
63.4,0.1629422695651184,0.0819560019099525,4.456064210345579,4.789893142810513,4.622978676578046,4.572025920464168
63.42,0.2587720841026411,0.0755814594948248,4.491962115632842,4.54665006788223,4.519306091757536,4.571411835107353
63.440000000000005,0.0859344519189748,0.0770575332475317,4.491962115632842,4.54665006788223,4.519306091757536,4.567748080906913
63.46,0.165430975623023,0.1029641662692889,4.5566162379949375,4.6810832735563,4.618849755775619,4.575836005954998
63.48,0.1637161028004928,0.0383832769378322,4.5566162379949375,4.6810832735563,4.618849755775619,4.583084270787469
63.5,0.3061208633000757,0.0442310868402056,4.5566162379949375,4.6810832735563,4.618849755775619,4.592170994825687
63.52,0.173964140579028,0.0252643830621938,4.577771114403637,4.781816594275423,4.67979385433953,4.604064635307494
63.54,0.174670297087361,0.0956386291233666,4.577771114403637,4.781816594275423,4.67979385433953,4.61478162255827
63.56,0.2355870625753112,0.0821971087172184,4.5415622361890025,4.638054706540959,4.5898084713649805,4.616524874565297
63.58,0.3099038365220353,0.1184474739642008,4.5415622361890025,4.638054706540959,4.5898084713649805,4.6194315033026605
63.6,0.1864980020756974,0.1096471254396459,4.5415622361890025,4.638054706540959,4.5898084713649805,4.619826164146256
63.620000000000005,0.0967251651417547,0.0848967985336151,4.681701042536664,4.6358936294858575,4.658797336011261,4.625464334305309
63.64,0.1669257876307367,0.1059558003046265,4.681701042536664,4.6358936294858575,4.658797336011261,4.631802298653256
63.66,0.2805483934465184,0.0680016734066185,4.560720724020921,4.667257143720291,4.613988933870607,4.635070833257027
63.68,0.3190821733226772,0.058076332497053,4.560720724020921,4.667257143720291,4.613988933870607,4.638706122438194
63.7,0.4621971583088994,0.0747853979514678,4.560720724020921,4.667257143720291,4.613988933870607,4.6445539524309964
63.72,0.1440166818170364,0.0578553240243034,4.670710891685516,4.628059013292173,4.649384952488845,4.647629352709488
63.74,0.1992082109804479,0.0706134135468386,4.670710891685516,4.628059013292173,4.649384952488845,4.651390660485072
63.76,0.3965520973418848,0.0700610331318708,4.659433350542521,4.631671447841127,4.645552399191824,4.6579447721079
63.78,0.2018136403345493,0.0343444875464183,4.659433350542521,4.631671447841127,4.645552399191824,4.660338180342315
63.8,0.3439106540677638,0.1180027912998334,4.659433350542521,4.631671447841127,4.645552399191824,4.665049994000484
63.82,0.3887551282134212,0.059433232833756,4.981113622251449,4.5312432932684406,4.756178457759945,4.6811604326842735
63.84,0.2843871470480765,0.0126250310859233,4.981113622251449,4.5312432932684406,4.756178457759945,4.693781203838707
63.86,0.389577467345367,0.0669552517200471,4.692745716083995,4.465779562689964,4.57926263938698,4.68934174180575
63.88,0.5105460381095895,0.069855875219305,4.692745716083995,4.465779562689964,4.57926263938698,4.687523660249847
63.9,0.3997399085116614,0.0547382686879734,4.692745716083995,4.465779562689964,4.57926263938698,4.683892876516769
63.92,0.3966478825950317,0.0984949764105783,4.669435033893049,4.579231173232439,4.624333103562744,4.685076561108079
63.940000000000005,0.4855367611476739,0.0425086272425968,4.669435033893049,4.579231173232439,4.624333103562744,4.687741877054205
63.96,0.4797244930128137,0.0909456515661084,4.711299655221983,4.735510341943279,4.72340499858263,4.699943230081277
63.98,0.5108867011190461,0.053890864414467,4.711299655221983,4.735510341943279,4.72340499858263,4.711485367551553
64.0,0.2693479078665194,0.0774981339257387,4.711299655221983,4.735510341943279,4.72340499858263,4.717525592996259
64.02,0.3032879557838709,0.0657704981020862,4.78719954378109,4.642926672845261,4.715063108313176,4.72273852773206
64.04,0.2588662553390429,0.0802267125999205,4.78719954378109,4.642926672845261,4.715063108313176,4.726630578386278
64.06,0.2973970555232085,0.0492773235898634,4.76639162292087,4.844992090588382,4.805691856754626,4.73988985322253
64.08,0.1847469862338379,0.0748807924273083,4.76639162292087,4.844992090588382,4.805691856754626,4.749795499327948
64.1,0.2125634809444932,0.0883399510665854,4.76639162292087,4.844992090588382,4.805691856754626,4.759211277727616
64.12,0.3212799096339014,0.045879746104642,4.753974926918562,4.8759753484659,4.814975137692231,4.770570702097491
64.14,0.1488313859920516,0.0274139108217307,4.753974926918562,4.8759753484659,4.814975137692231,4.777690110604821
64.16,0.271863818214363,0.0458550164605898,4.680993128065517,4.757645305919021,4.719319216992269,4.776746569971423
64.18,0.2112931902257023,0.0807474550709359,4.680993128065517,4.757645305919021,4.719319216992269,4.774807112097572
64.2,0.4605267373745654,0.0575714258429616,4.680993128065517,4.757645305919021,4.719319216992269,4.7775478038597825
64.22,0.4849193239598514,-0.0162312670946573,4.7791496134829,4.779501472376241,4.779325542929571,4.786454125598038
64.24,0.4160116160350998,0.0616264442817495,4.7791496134829,4.779501472376241,4.779325542929571,4.793229476419822
64.26,0.4458013995332638,0.0966810207148367,4.820041401225383,4.822310270911702,4.821175836068543,4.804048537576296
64.28,0.5297974611893423,0.0337372859646854,4.820041401225383,4.822310270911702,4.821175836068543,4.815297621726927
64.3,0.4634607383582918,0.0769305851977206,4.820041401225383,4.822310270911702,4.821175836068543,4.824227736451536
64.32000000000001,0.4285891125554034,0.0086998966314341,4.830235860493061,4.973705546381543,4.901970703437302,4.839716637176114
64.34,0.1881146621028628,0.101118754267157,4.830235860493061,4.973705546381543,4.901970703437302,4.849328107720083
64.36,0.1706737587673496,0.0300758116089909,4.839975304423773,4.767014210244067,4.803494757333921,4.847816900339279
64.38,0.3750113887379611,-0.0053660973849451,4.839975304423773,4.767014210244067,4.803494757333921,4.850134891036024
64.4,0.4965450587172376,0.0486373072345862,4.839975304423773,4.767014210244067,4.803494757333921,4.854408688722729
64.42,0.4017234990054152,0.0569816055781397,4.845264476721463,4.9338207025956535,4.889542589658559,4.865153101798407
64.44,0.4097597172872522,0.0448017791486957,4.845264476721463,4.9338207025956535,4.889542589658559,4.874967725495591
64.46000000000001,0.2412995176777266,0.0340494578595589,4.878182952184155,4.916814446624646,4.897498699404401,4.881564214204674
64.48,0.310728747721964,0.0259880170765605,4.878182952184155,4.916814446624646,4.897498699404401,4.88875078018364
64.5,0.5632882321613905,0.0448498667435149,4.878182952184155,4.916814446624646,4.897498699404401,4.89976476028462
64.52,0.3527874874184497,0.0454165383279121,4.916438262254317,4.800737756829165,4.858588009541741,4.9019972599838635
64.54,0.3625382842484548,0.0343754750337595,4.916438262254317,4.800737756829165,4.858588009541741,4.904182024056127
64.56,0.2940897520172081,0.053958429562033,4.738438697386419,4.883166683947325,4.810802690666872,4.900137706253512
64.58,0.5976175623881568,0.0536231410839207,4.738438697386419,4.883166683947325,4.810802690666872,4.901961320817833
64.6,0.2938659774684073,0.1054891723932349,4.738438697386419,4.883166683947325,4.810802690666872,4.898135045397168
64.62,0.4972705298908946,0.0187497747764174,4.804009762696103,4.746117739874894,4.775063751285499,4.894778785524042
64.64,0.2365934784558754,0.0631197698765952,4.804009762696103,4.746117739874894,4.775063751285499,4.887065964712392
64.66,0.1776026323480496,0.0735446423600626,4.999287317986366,4.899941424349064,4.949614371167716,4.896517652740189
64.68,0.432000900185524,0.0522502447269019,4.999287317986366,4.899941424349064,4.949614371167716,4.909603340786285
64.7,0.3613572523072537,0.0686360539537714,4.999287317986366,4.899941424349064,4.949614371167716,4.920108874365957
64.72,0.550558401359595,0.0800175891990913,4.966940984692218,4.957323886851572,4.9621324357718954,4.934221281731022
64.74,0.5000749462372831,0.0315562591875636,4.966940984692218,4.957323886851572,4.9621324357718954,4.946013746167379
64.76,0.5709318516210737,0.0467752236046241,5.069702960121679,4.965036885928581,5.0173699230251305,4.963426137182339
64.78,0.4172595385621258,0.0667077216809555,5.069702960121679,4.965036885928581,5.0173699230251305,4.976331187460736
64.8,0.4125512679752641,0.0295549708768794,5.069702960121679,4.965036885928581,5.0173699230251305,4.987860983840728
64.82000000000001,0.4133316915134219,0.0655618739626293,5.030132652012143,5.083260547190638,5.05669659960139,5.00218451586404
64.84,0.7045122056998738,0.0276759268060342,5.030132652012143,5.083260547190638,5.05669659960139,5.0203169439403705
64.86,0.3812327031029195,0.0286395968658133,5.032089231299413,4.840833872803188,4.9364615520513,5.018793593407314
64.88,0.5884576755769954,0.0125910275990042,5.032089231299413,4.840833872803188,4.9364615520513,5.021152627432096
64.9,0.2285434660063323,0.0771484588463638,5.032089231299413,4.840833872803188,4.9364615520513,5.016797302282132
64.92,0.1894068500599288,0.0402694644162336,5.031294141165846,4.991465924244877,5.011380032705361,5.019664898625534
64.94,0.440215825221822,0.0351476487499553,5.031294141165846,4.991465924244877,5.011380032705361,5.026760296887508
64.96000000000001,0.3412739027143069,0.0303073474417126,4.992445979864467,5.022421329546445,5.007433654705456,5.030970562918163
64.98,0.1862410986710158,0.0047456623658787,4.992445979864467,5.022421329546445,5.007433654705456,5.031969211872969
65.0,0.6784005497589033,0.0440130437644894,4.992445979864467,5.022421329546445,5.007433654705456,5.041726866051876
65.02,0.6012765930025665,0.0269942682385723,5.050258371059797,5.0073911616990525,5.028824766379424,5.051259634758675
65.04,0.5906716119454326,0.0426995362134601,5.050258371059797,5.0073911616990525,5.028824766379424,5.059648236935773
65.06,0.4844983174793735,0.0274926924912067,5.238079021012533,5.05533507753883,5.1467070492756815,5.077075087884392
65.08,0.5644495793819833,0.0285642559254826,5.238079021012533,5.05533507753883,5.1467070492756815,5.094198376452395
65.1,0.3716390420142172,0.0063685788661146,5.238079021012533,5.05533507753883,5.1467070492756815,5.106138746490979
65.12,0.5045729863371698,0.0644196228912118,5.116984757350862,5.219254687030967,5.168119722190914,5.121419157815046
65.14,0.5114487842720316,0.0011372109354719,5.116984757350862,5.219254687030967,5.168119722190914,5.135295292369528
65.16,0.6423545840519843,0.0367030857972578,5.242832897264899,5.094743145737755,5.168788021501327,5.150206947795642
65.18,0.5588886605090622,0.055905828192316,5.242832897264899,5.094743145737755,5.168788021501327,5.162125051055378
65.2,0.3877184021252183,0.0144005297307599,5.242832897264899,5.094743145737755,5.168788021501327,5.169770279338225
65.22,0.3824819820617286,0.0927544468667376,5.34443375724261,5.185585822538152,5.265009789890382,5.18617890607055
65.24,0.6830160823266195,0.046109796936768,5.34443375724261,5.185585822538152,5.265009789890382,5.20635628393441
65.26,0.3851923924792573,0.0044711125307993,5.462346227898852,5.366719064297698,5.414532646098275,5.234107383215426
65.28,0.3750545320777783,-0.0267399344740576,5.462346227898852,5.366719064297698,5.414532646098275,5.25890089108111
65.3,0.5217894341013642,0.0270432140402477,5.462346227898852,5.366719064297698,5.414532646098275,5.283856276396649
65.32000000000001,0.2981240124535458,0.0216033668675081,5.044667970058333,5.449940780289164,5.247304375173748,5.285567318498526
65.34,0.3167130575489359,0.0289069491394463,5.044667970058333,5.449940780289164,5.247304375173748,5.287441859201928
65.36,0.5840293477238937,0.0206711913218727,5.4877693683114375,5.430583423968699,5.459176396140068,5.315127841154769
65.38,0.5667532192851843,0.0126682617617671,5.4877693683114375,5.430583423968699,5.459176396140068,5.33973425460043
65.4,0.5544883650427284,0.044645149781189,5.4877693683114375,5.430583423968699,5.459176396140068,5.361659259325167
65.42,0.7859532571038979,0.0011071016231174,5.281923157293712,5.513295565499702,5.397609361396707,5.379401428160189
65.44,0.5994265903728724,0.0365143111565079,5.281923157293712,5.513295565499702,5.397609361396707,5.39201190011055
65.46000000000001,0.6439791688427159,0.0526659383122514,5.239167408956826,5.31886699610785,5.279017202532338,5.392304055391904
65.48,0.3751419690706549,-0.0019723101627095,5.239167408956826,5.31886699610785,5.279017202532338,5.387727925549218
65.5,0.4759155194630912,0.0014451743557256,5.239167408956826,5.31886699610785,5.279017202532338,5.385423332597864
65.52,0.3958786063201568,-0.0158055437163285,5.44067848485898,5.460059625218347,5.450369055038664,5.3990437197557055
65.54,0.5499344109543028,0.0271817187492211,5.44067848485898,5.460059625218347,5.450369055038664,5.414075072681183
65.56,0.5701970353114311,-0.0047404336783976,5.389798119706486,5.433366604099201,5.411582361902844,5.424089348238954
65.58,0.4668980980023572,0.0164921228267705,5.389798119706486,5.433366604099201,5.411582361902844,5.431242815369384
65.6,0.5184656833601332,-0.0150630382112585,5.389798119706486,5.433366604099201,5.411582361902844,5.4386091523232105
65.62,0.6067451365317035,0.0027461366729801,5.322247753967344,5.590464765316259,5.456356259641801,5.451305275512645
65.64,0.567285240186617,-0.0535377808120918,5.322247753967344,5.590464765316259,5.456356259641801,5.4620215082489185
65.66,0.6094242175871037,-0.0025262844240712,5.539400591390554,5.495617675162437,5.517509133276496,5.478539906668241
65.68,0.5176490852502063,0.0136511499330119,5.539400591390554,5.495617675162437,5.517509133276496,5.491754512863575
65.7,0.4475629196014342,0.003803047661623,5.539400591390554,5.495617675162437,5.517509133276496,5.502386107457691
65.72,0.4146779126673388,0.0247640450103623,5.516284785073044,5.3172864245094384,5.416785604791241,5.501290259619056
65.74,0.4312954709097529,0.0117971002135777,5.516284785073044,5.3172864245094384,5.416785604791241,5.500603112612648
65.76,0.6119030277582452,-0.0061402631681558,5.545188447209785,5.373301009440215,5.459244728325,5.507481528683537
65.78,0.6003095423883716,-0.032507042128211,5.545188447209785,5.373301009440215,5.459244728325,5.513463420410671
65.8,0.5105545631147469,-5.5449000721635375e-05,5.545188447209785,5.373301009440215,5.459244728325,5.517231533338167
65.82000000000001,0.5596889144458498,0.0202596028860193,5.691762050588401,5.59896434350684,5.645363197047621,5.540119100169143
65.84,0.3608139386910963,-0.0116485942750091,5.691762050588401,5.59896434350684,5.645363197047621,5.557138160753429
65.86,0.5629531718947556,0.0469705295538408,5.6503289276252415,5.305421954655712,5.477875441140476,5.559345045886238
65.88,0.589810530942141,-0.0024739623793645,5.6503289276252415,5.305421954655712,5.477875441140476,5.561814674968618
65.9,0.4365231181160684,-0.0067287749347275,5.6503289276252415,5.305421954655712,5.477875441140476,5.561278167711897
65.92,0.611285436992041,-0.0428366024212009,5.624076806034209,5.5105776763920895,5.56732724121315,5.572886212927878
65.94,0.4342606911140664,-0.0075041573166286,5.624076806034209,5.5105776763920895,5.56732724121315,5.580147008196457
65.96000000000001,0.6291655557074413,-0.0020967275475932,5.569564978704955,5.50506524389483,5.537315111299892,5.58718879850954
65.98,0.5722562736631793,0.0084300772492069,5.569564978704955,5.50506524389483,5.537315111299892,5.59250204271451
66.0,0.670502712014837,0.0260148814984649,5.569564978704955,5.50506524389483,5.537315111299892,5.599052398389313
66.02,0.6690090219718573,-0.0123583835386859,5.701976309678599,5.719486057248783,5.710731183463691,5.622262439292243
66.04,0.7467839237599329,-0.0172163151807778,5.701976309678599,5.719486057248783,5.710731183463691,5.644551424337074
66.06,0.522287777762668,0.0264029276980241,5.654108910942041,5.747722869760669,5.7009158903513555,5.659589050938228
66.08,0.6751065287682392,-0.0093968591778991,5.654108910942041,5.747722869760669,5.7009158903513555,5.675873652397367
66.1,0.539125280547519,0.0023878973402883,5.654108910942041,5.747722869760669,5.7009158903513555,5.68808213124262
66.12,0.5846099080576196,-0.00675382108326,5.8487577728564695,5.490993843285123,5.669875808070796,5.696784477270481
66.14,0.5669322057451038,-0.0084345529738699,5.8487577728564695,5.490993843285123,5.669875808070796,5.704298390053922
66.16,0.4763672375318233,-0.003970304979812,5.520509187013623,5.793130637199247,5.656819912106435,5.708125152534745
66.18,0.6067739478490826,0.0273519391457549,5.520509187013623,5.793130637199247,5.656819912106435,5.713916559553203
66.2,0.7305371043582842,-0.0100266246952483,5.520509187013623,5.793130637199247,5.656819912106435,5.721356562686974
66.22,0.5540483848008123,0.0049957237676298,5.584730818025553,5.722593538493713,5.6536621782596335,5.724559995170652
66.24,0.7206788225041985,-0.0050019283598908,5.584730818025553,5.722593538493713,5.6536621782596335,5.730442432284623
66.26,0.2766638996712629,-0.0444567390495696,5.78804692755745,5.896460330344087,5.842253628950768,5.746603502145323
66.28,0.7885271023315006,-0.0163995005712771,5.78804692755745,5.896460330344087,5.842253628950768,5.770362002667832
66.3,0.4560699726566736,0.0135967150724422,5.78804692755745,5.896460330344087,5.842253628950768,5.785760424803944
66.32000000000001,0.6518031161980239,-0.0084480415238947,5.796587924073247,5.856019801055886,5.826303862564567,5.801547224671577
66.34,0.7710129567604275,-0.0523236269208557,5.796587924073247,5.856019801055886,5.826303862564567,5.817901121682561
66.36,0.4255841905661051,-0.037088828549719,5.817747123007592,6.01445536612826,5.916101244567926,5.8353816494012865
66.38,0.6481652203264243,0.0027195754018944,5.817747123007592,6.01445536612826,5.916101244567926,5.855120582883824
66.4,0.7674699167688254,-0.0100588614328302,5.817747123007592,6.01445536612826,5.916101244567926,5.8750331075540805
66.42,0.6204139639469347,-0.0005988457376726,5.817867246711242,6.0291063259620685,5.923486786336655,5.891045926783381
66.44,0.5952865808122169,-0.0563715761811954,5.817867246711242,6.0291063259620685,5.923486786336655,5.905005171193325
66.46000000000001,0.6138032260068753,-0.0562204084377353,6.097138788015194,5.892637440786986,5.99488811440109,5.925041923582231
66.48,0.6427443047193302,-0.0516166064464457,6.097138788015194,5.892637440786986,5.99488811440109,5.943595940149064
66.5,0.6811913197217753,0.014953532802555,6.097138788015194,5.892637440786986,5.99488811440109,5.960986601329256
66.52,0.6830547520570031,-0.0023955580767481,5.953799627438167,5.929760972345749,5.941780299891958,5.97136095672255
66.54,0.542766312916947,-0.0445366059172835,5.953799627438167,5.929760972345749,5.941780299891958,5.978172684672
66.56,0.5688402188020494,-0.0404015300799871,5.93510166853467,5.868629042771013,5.901865355652841,5.980781075708519
66.58,0.7311733679784502,-0.0169885336714867,5.93510166853467,5.868629042771013,5.901865355652841,5.986050624326561
66.6,0.7981151454983549,-0.0217727063907559,5.93510166853467,5.868629042771013,5.901865355652841,5.991998170078156
66.62,0.6154029476345355,-0.0552176148847093,5.901989695067099,6.002332126435832,5.9521609107514655,5.999091697202914
66.64,0.5905925382679355,-0.0396362200490283,5.901989695067099,6.002332126435832,5.9521609107514655,6.00502928424659
66.66,0.6864077564450997,-0.0310516529595654,6.063263829794049,6.004662283355386,6.033963056574717,6.020278001095413
66.68,0.7510689447473425,-0.0393739484860265,6.063263829794049,6.004662283355386,6.033963056574717,6.0351657476488025
66.7,0.6541504907346869,-0.041634412536179,6.063263829794049,6.004662283355386,6.033963056574717,6.046820187374617
66.72,0.65224892390035,-0.0381786884497846,6.074853865750919,5.968220834126289,6.021537349938604,6.0560323842612185
66.74,0.7477171197135232,-0.0015528661388604,6.074853865750919,5.968220834126289,6.021537349938604,6.066041788983798
66.76,0.6987246790885968,-0.0219426055175425,6.079057813600016,6.062832838372327,6.070945325986171,6.079109186907637
66.78,0.7706548022517973,-0.0048844953676598,6.079057813600016,6.062832838372327,6.070945325986171,6.09216458725602
66.8,0.6547852039947366,0.0176370098166748,6.079057813600016,6.062832838372327,6.070945325986171,6.101828794800939
66.82000000000001,0.6201493702920484,-0.0325043064965794,6.095877648863614,6.084637804860151,6.090257726861882,6.111834376672297
66.84,0.6122672244354681,-0.0652463387049015,6.095877648863614,6.084637804860151,6.090257726861882,6.120697521731092
66.86,0.5041517055576168,-0.0548706788917565,6.320719172860574,6.051689129365575,6.186204151113074,6.136322915369325
66.88,0.7160428831320171,-0.0468205552551687,6.320719172860574,6.051689129365575,6.186204151113074,6.154199810840074
66.9,0.5892211321918689,-0.0214178334752627,6.320719172860574,6.051689129365575,6.186204151113074,6.168006225246833
66.92,0.8344081695852561,0.0009903017285599,6.218209582623967,6.162993016559821,6.1906012995918935,6.185285079733871
66.94,0.5455080771167974,-0.0523003969476878,6.218209582623967,6.162993016559821,6.1906012995918935,6.195635847107774
66.96000000000001,0.6549633054972877,-0.0070537828500202,6.1982873240951335,6.248476552656696,6.223381938375915,6.210199795733545
66.98,0.5592174787818851,-0.0733009215972303,6.1982873240951335,6.248476552656696,6.223381938375915,6.221583924615854
67.0,0.6525937820314882,0.0039457218432165,6.1982873240951335,6.248476552656696,6.223381938375915,6.233510414068425
67.02,0.536204323655781,0.0109035281128844,6.2535180642150845,6.328798809200736,6.29115843670791,6.248926894158176
67.04,0.5359595367335156,-0.0665074404446592,6.2535180642150845,6.328798809200736,6.29115843670791,6.262797320074357
67.06,0.6468544398249177,-0.0145203057418547,6.262101503077627,6.041249184865501,6.151675343971564,6.263328502380924
67.08,0.7342745618780853,-0.0299879943831311,6.262101503077627,6.041249184865501,6.151675343971564,6.265380128653791
67.1,0.857207097049612,-0.0440872998951421,6.262101503077627,6.041249184865501,6.151675343971564,6.269439377932458
67.12,0.8426627166914236,-0.0590881480610973,6.429452798798312,6.164679247666901,6.297066023232606,6.287369971362926
67.14,0.5192956276505496,-0.0862841119323068,6.429452798798312,6.164679247666901,6.297066023232606,6.297686897847601
67.16,0.6311072003032586,-0.0657293392613208,6.339201147081599,6.391727237800453,6.365464192441026,6.3158245569124
67.18,0.9135689416352129,-0.0905613066169674,6.339201147081599,6.391727237800453,6.365464192441026,6.337232761414705
67.2,0.6088922847788469,-0.0268104220040878,6.339201147081599,6.391727237800453,6.365464192441026,6.351015965643354
67.22,0.6413355876879864,-0.0429931462057901,6.422386369663854,6.38549897914172,6.403942674402787,6.367852677097678
67.24,0.611134556032299,0.0044816666093743,6.422386369663854,6.38549897914172,6.403942674402787,6.382462098836768
67.26,0.7433401612585562,-0.0655051931134005,6.392289260291763,6.1837302773151,6.288009768803432,6.386396988736095
67.28,0.7953934305366077,-0.0087219582941475,6.392289260291763,6.1837302773151,6.288009768803432,6.390875348492484
67.3,0.6978912593601339,-0.0456421397497511,6.392289260291763,6.1837302773151,6.288009768803432,6.39315083319206
67.32000000000001,0.600319740079763,-0.0182380261102876,6.5386741280917215,6.4681561921303325,6.503415160111027,6.414983021205398
67.34,0.7866533836301235,-0.0576363592750068,6.5386741280917215,6.4681561921303325,6.503415160111027,6.4379859960013
67.36,0.7064266924503388,-0.082364752812435,6.210426102123594,6.512949590915241,6.361687846519418,6.443071861517216
67.38,0.5287509147008022,-0.0895881971225585,6.210426102123594,6.512949590915241,6.361687846519418,6.444450976482049
67.4,0.5786287778489977,-0.0304308578296619,6.210426102123594,6.512949590915241,6.361687846519418,6.446589981487074
67.42,0.8402028053756503,-0.050677251670931,6.652674588136175,6.560433529679418,6.606554058907797,6.477710039725905
67.44,0.8612838937547129,-0.044042320758291,6.652674588136175,6.560433529679418,6.606554058907797,6.506097551731677
67.46000000000001,0.6895251463947438,-0.0565772057611239,6.432318529111093,6.490876054604955,6.461597291858024,6.514058978379423
67.48,0.7887001161236766,-0.0696563113051939,6.432318529111093,6.490876054604955,6.461597291858024,6.523009411817507
67.5,0.808567348788394,-0.091000665509082,6.432318529111093,6.490876054604955,6.461597291858024,6.531422412099747
67.52,0.65489055352453,-0.0212564796457031,6.576464416471934,6.444782595588368,6.510623506030151,6.541130551456227
67.54,0.663403237088203,-0.0029083219462571,6.576464416471934,6.444782595588368,6.510623506030151,6.550021105181214
67.56,0.7546339158331216,-0.0849595181291333,6.80203702997018,6.6595071820796745,6.7307721060249275,6.58167961575058
67.58,0.7868940848355291,-0.0674074390056737,6.80203702997018,6.6595071820796745,6.7307721060249275,6.610752958305051
67.6,0.585220994637468,-0.034835639427187,6.80203702997018,6.6595071820796745,6.7307721060249275,6.633288850980511
67.62,0.6700469547437619,-0.0803655205829728,6.40172320887301,6.750318018599898,6.576020613736453,6.6396228724415
67.64,0.7920919453591303,-0.0388074466809873,6.40172320887301,6.750318018599898,6.576020613736453,6.647520301587456
67.66,0.8878146311529751,-0.0113794950073759,6.663520890048456,6.75957028751152,6.7115455887799875,6.6699034936674595
67.68,0.6753593542867882,-0.0569173298627513,6.663520890048456,6.75957028751152,6.7115455887799875,6.686224171555881
67.7,0.6191571197229478,-0.0550599515956624,6.663520890048456,6.75957028751152,6.7115455887799875,6.699901141433303
67.72,0.6471625675345952,-0.0641807738246998,6.847325957556071,6.712265853530303,6.779795905543187,6.719539544059912
67.74,0.6587993066957377,-0.0474489381594324,6.847325957556071,6.712265853530303,6.779795905543187,6.737423567728761
67.76,0.6959947674859492,-0.064221336042374,6.77765020039608,6.675346097280203,6.726498148838141,6.7488589316544525
67.78,0.5525260506109461,-0.0508788447392209,6.77765020039608,6.675346097280203,6.726498148838141,6.756568322283817
67.8,0.8070047136474088,-0.0514816720667478,6.77765020039608,6.675346097280203,6.726498148838141,6.768087389784901
67.82000000000001,0.4589330773733574,-0.0861275685560544,6.892189308305865,6.846746126601555,6.86946771745371,6.786486217944507
67.84,0.5161642257684613,-0.0687032710080841,6.892189308305865,6.846746126601555,6.86946771745371,6.804075323959259
67.86,0.6425153108272161,-0.0195649817804735,6.8618499768862335,6.755131305364933,6.808490641125584,6.816082131270779
67.88,0.7875565992437067,-0.073568824024905,6.8618499768862335,6.755131305364933,6.808490641125584,6.8294990010426435
67.9,0.6243363855440839,-0.0572285063349225,6.8618499768862335,6.755131305364933,6.808490641125584,6.838636219990737
67.92,0.7623948378329806,-0.0674981617483971,7.005848529299617,7.024181583912355,7.015015056605986,6.869997210733253
67.94,0.7274674590799842,-0.0296210160357061,7.005848529299617,7.024181583912355,7.015015056605986,6.897593409583964
67.96000000000001,0.5163483467116701,-0.0703628757729503,7.050725961280916,7.056047911044029,7.053386936162473,6.922467032482629
67.98,0.870409017604984,-0.0944976784102341,7.050725961280916,7.056047911044029,7.053386936162473,6.951226385167501
68.0,0.7042941580106772,-0.0616645757645916,7.050725961280916,7.056047911044029,7.053386936162473,6.974119735111188
68.02,0.7326210954442813,-0.0478866745294731,6.908370739260368,6.862321357979462,6.885346048619915,6.978429546180055
68.04,0.5546045823604379,-0.0702727676196715,6.908370739260368,6.862321357979462,6.885346048619915,6.979104078906534
68.06,0.7124876651718326,-0.0615236617577877,6.957978469277895,7.025752058835062,6.991865264056479,6.99320497539462
68.08,0.832751429579159,-0.0404390304249211,6.957978469277895,7.025752058835062,6.991865264056479,7.0080605299932275
68.1,0.6991717408741013,-0.0468990541072998,6.957978469277895,7.025752058835062,6.991865264056479,7.019026094735285
68.12,0.6242432621755755,-0.0492148372325545,6.827375225983129,6.894849257529297,6.861112241756214,7.014471088156545
68.14,0.7235797211631935,-0.0150033514987539,6.827375225983129,6.894849257529297,6.861112241756214,7.0121596384974465
68.16,0.7276995544012281,-0.0324089853947946,7.047604722098456,7.036995447417611,7.0423000847580335,7.028272275102725
68.18,0.839352618643241,-0.081405038700442,7.047604722098456,7.036995447417611,7.0423000847580335,7.044783403203842
68.2,0.8679510860081319,-0.0994698520781231,7.047604722098456,7.036995447417611,7.0423000847580335,7.060158190907404
68.22,0.8754718467947711,-0.021341712322752,7.101962391596442,7.106890769387226,7.104426580491834,7.080343523108151
68.24,0.7406130401551201,-0.047783135600857,7.101962391596442,7.106890769387226,7.104426580491834,7.0960828635693085
68.26,0.947972903654408,-0.0557566979384268,7.095992271075913,7.05242305516987,7.074207663122891,7.1109588557904555
68.28,0.4982222383911899,-0.0664200151163157,7.095992271075913,7.05242305516987,7.074207663122891,7.116251736814739
68.3,0.8154586025129951,-0.0927278996160006,7.095992271075913,7.05242305516987,7.074207663122891,7.126725584290785
68.32000000000001,0.6996942963535304,-0.0786496267490916,7.158797982439545,7.221957449122355,7.19037771578095,7.145685294774172
68.34,0.5278149024942095,-0.1101665290156591,7.158797982439545,7.221957449122355,7.19037771578095,7.159655205119743
68.36,0.6256153364157437,-0.0736540443712434,7.194216600924222,7.199706863143161,7.196961732033692,7.174646933866619
68.38,0.7696355203619997,-0.1032523212275201,7.194216600924222,7.199706863143161,7.196961732033692,7.19073185304984
68.4,0.7727616655231537,-0.067850265486132,7.194216600924222,7.199706863143161,7.196961732033692,7.20526455092765
68.42,0.6951562649668216,-0.0813304432996819,7.229582839871996,7.204525512640807,7.2170541762564016,7.218956326229925
68.44,0.7745065676641406,-0.09905868644841,7.229582839871996,7.204525512640807,7.2170541762564016,7.232707229450525
68.46000000000001,0.679106083874426,-0.1052187979835671,7.172468454699879,7.336846323047679,7.254657388873779,7.247126154902596
68.48,0.8270986232261002,-0.1421198776897343,7.172468454699879,7.336846323047679,7.254657388873779,7.2627670535177815
68.5,0.7843143911132892,-0.0809394168930995,7.172468454699879,7.336846323047679,7.254657388873779,7.2760737460934175
68.52,0.6152340259815837,-0.1071871017950625,7.187995740805877,7.388362127692869,7.288178934249373,7.288358477376679
68.54,0.7697157988781941,-0.0574538273863411,7.187995740805877,7.388362127692869,7.288178934249373,7.302195407443763
68.56,0.8485130676636902,-0.0944366715059044,7.331004875671457,7.428329817803366,7.379667346737412,7.325215836591072
68.58,0.664535711577144,-0.0586497818068808,7.331004875671457,7.428329817803366,7.379667346737412,7.342622630414093
68.60000000000001,0.5806477400791733,-0.0528961949977591,7.331004875671457,7.428329817803366,7.379667346737412,7.356778761367855
68.62,0.6947977071520874,-0.0738635301197635,7.414784081353591,7.364542304398242,7.389663192875917,7.372573563247396
68.64,0.8285995539825286,-0.0795013415645571,7.414784081353591,7.364542304398242,7.389663192875917,7.389197318181931
68.66,0.6978991344904445,-0.0932854009259063,7.263339309414028,7.447692574760427,7.355515942087227,7.3983913649932855
68.68,0.8344224623269162,-0.1008545880874928,7.263339309414028,7.447692574760427,7.355515942087227,7.409123427024571
68.7,0.5648078155670844,-0.0709716311700517,7.263339309414028,7.447692574760427,7.355515942087227,7.4139292192110435
68.72,0.6384976391140292,-0.0667765869325999,7.456435164080776,7.452519232232612,7.4544771981566935,7.42947697460966
68.74,0.8070652283100614,-0.0354743044797068,7.456435164080776,7.452519232232612,7.4544771981566935,7.446504171073942
68.76,0.7887737812967512,-0.0655679844106852,7.539558904342599,7.349520041041251,7.444539472691925,7.460505629299089
68.78,0.7235176428982648,-0.0729495883165107,7.539558904342599,7.349520041041251,7.444539472691925,7.47193233121054
68.8,0.6785104915104582,-0.1195802335384431,7.539558904342599,7.349520041041251,7.444539472691925,7.481406234205864
68.82000000000001,0.8637525758712339,-0.0839713728208802,7.596628322424824,7.562333422496824,7.579480872460824,7.50676124439705
68.84,0.7275054770214939,-0.0762904833240638,7.596628322424824,7.562333422496824,7.579480872460824,7.527128305789812
68.86,0.948063266381658,-0.0865110665562663,7.66682392881711,7.383039979046188,7.524931953931649,7.543973809398863
68.88,0.7566020557795324,-0.0953685873128243,7.66682392881711,7.383039979046188,7.524931953931649,7.555688460856171
68.9,0.761285782636157,-0.109826185183219,7.66682392881711,7.383039979046188,7.524931953931649,7.566315954251177
68.92,0.6987685708990796,-0.124452868341692,7.545125195723633,7.526833926116904,7.535979560920269,7.575860149194267
68.94,0.8942207642557991,-0.0912742033280058,7.545125195723633,7.526833926116904,7.535979560920269,7.587968064123469
68.96000000000001,0.598161746141574,-0.1171930823385387,7.624586373093058,7.678514528938475,7.651550451015766,7.605093214243253
68.98,0.8531766907337541,-0.0870379880384287,7.624586373093058,7.678514528938475,7.651550451015766,7.625096118353709
69.0,0.7175540613810963,-0.0879213589731214,7.624586373093058,7.678514528938475,7.651550451015766,7.640657524724772
69.02,0.618844526378206,-0.0845751902182817,7.665351212380305,7.629873781910689,7.647612497145497,7.65249222344165
69.04,0.7869397462271257,-0.0868094148056875,7.665351212380305,7.629873781910689,7.647612497145497,7.6661691662441305
69.06,0.6572445956580851,-0.0739863889531457,7.939866683851684,7.719960368064629,7.8299135259581565,7.6943740049373766
69.08,0.9223189868435993,-0.0991762479748255,7.939866683851684,7.719960368064629,7.8299135259581565,7.724529698802637
69.10000000000001,0.6943266217016382,-0.0759368898074082,7.939866683851684,7.719960368064629,7.8299135259581565,7.747565960708825
69.12,0.6287587817168295,-0.0905524521889264,7.642247356507746,7.874373179004056,7.758310267755901,7.759958049484433
69.14,0.6147804693869083,-0.0947627664520922,7.642247356507746,7.874373179004056,7.758310267755901,7.770859319760541
69.16,0.9518445836031388,-0.1129151441833375,7.775682047662872,7.810198019190791,7.792940033426831,7.790200593632024
69.18,0.7904741848366487,-0.0765398809348701,7.775682047662872,7.810198019190791,7.792940033426831,7.8047030729385725
69.2,0.7083065093861061,-0.1090715886207125,7.775682047662872,7.810198019190791,7.792940033426831,7.816276286156347
69.22,0.8484051390890834,-0.0737170265681436,7.942182477911882,7.811084159946748,7.876633318929315,7.837583281937244
69.24,0.7586534378816951,-0.0985129947282234,7.942182477911882,7.811084159946748,7.876633318929315,7.855144047518319
69.26,0.7605644546622368,-0.0817702476300956,7.640289616496094,7.835811634562171,7.738050625529133,7.8571248655033274
69.28,0.884779546573602,-0.0779183164208743,7.640289616496094,7.835811634562171,7.738050625529133,7.86114347334423
69.3,0.8556655093855542,-0.0641649507342575,7.640289616496094,7.835811634562171,7.738050625529133,7.864236167731657
69.32000000000001,0.5730636041408192,-0.1137347754677347,7.919510140903854,8.007303734150113,7.963406937526983,7.884468389585731
69.34,0.773499277422897,-0.1277844882798613,7.919510140903854,8.007303734150113,7.963406937526983,7.906285231373466
69.36,0.8729003687220658,-0.0883547643476004,7.856505847593802,8.105213222946306,7.980859535270054,7.929454868400119
69.38,0.8063809155686695,-0.1157260579549356,7.856505847593802,8.105213222946306,7.980859535270054,7.949110191567345
69.4,0.7864510048918308,-0.1596898757913683,7.856505847593802,8.105213222946306,7.980859535270054,7.966441244025677
69.42,0.5167649884070595,-0.0985267248832458,8.121628424095194,8.006300899876612,8.063964661985903,7.985495355613025
69.44,0.8981577590330846,-0.1335356047948248,8.121628424095194,8.006300899876612,8.063964661985903,8.009509125912906
69.46000000000001,0.6854089833664496,-0.0985189133471712,8.164132243229096,7.880411634988394,8.022271939108744,8.023122768933094
69.48,0.7707528205796035,-0.0753074293817268,8.164132243229096,7.880411634988394,8.022271939108744,8.036911236721089
69.5,0.8712171456476802,-0.1116475735206131,8.164132243229096,7.880411634988394,8.022271939108744,8.05112921558151
69.52,0.8982101310907333,-0.0661997313230437,7.784065530242156,8.070212345845293,7.927138938043725,8.054897970187362
69.54,0.6753442623159356,-0.1646118662687044,7.784065530242156,8.070212345845293,7.927138938043725,8.054278263694691
69.56,0.8214491884857883,-0.0828639546673087,8.063221626868984,8.077101786480235,8.07016170667461,8.070652693385425
69.58,0.7177279894347558,-0.1040706429215051,8.063221626868984,8.077101786480235,8.07016170667461,8.083522698524167
69.60000000000001,0.7603359275351761,-0.1182714210490425,8.063221626868984,8.077101786480235,8.07016170667461,8.095872646034852
69.62,0.7799910543239374,-0.1386364649464815,8.200162620778979,7.912428779634003,8.05629570020649,8.105954790429845
69.64,0.9021229303826452,-0.1049801004036202,8.200162620778979,7.912428779634003,8.05629570020649,8.117227094154394
69.66,0.7159921282792783,-0.1278374644647213,8.321496688970383,8.189081718746374,8.255289203858378,8.143921163433816
69.68,0.9648758444147314,-0.0745159026302219,8.321496688970383,8.189081718746374,8.255289203858378,8.172425732675746
69.7,0.8135980710061619,-0.124103207558739,8.321496688970383,8.189081718746374,8.255289203858378,8.195356845072117
69.72,0.4901087001144062,-0.1062180901440951,8.186266893335146,8.247833314091224,8.217050103713184,8.206348127538282
69.74,0.7651654393999554,-0.0965374368621943,8.186266893335146,8.247833314091224,8.217050103713184,8.221191303064968
69.76,0.5646194528646994,-0.1179092115546886,8.31337945378623,8.29158505446661,8.30248225412642,8.239483548322683
69.78,0.8119551447904645,-0.1393440392256552,8.31337945378623,8.29158505446661,8.30248225412642,8.260398611509283
69.8,0.7711870099350938,-0.1126742461273918,8.31337945378623,8.29158505446661,8.30248225412642,8.278488341949826
69.82000000000001,0.7724556254720715,-0.1409561593941318,8.573146779831337,8.258125974368085,8.41563637709971,8.30610734672332
69.84,1.0381669658546544,-0.1356701148025136,8.573146779831337,8.258125974368085,8.41563637709971,8.33574725514634
69.86,0.7234038032727548,-0.1326912766601133,8.380775427807272,8.396275945132542,8.388525686469908,8.354046366737602
69.88,0.8215813926139537,-0.1135221617506202,8.380775427807272,8.396275945132542,8.388525686469908,8.37228276377788
69.9,1.1472958572613634,-0.1069641724412322,8.380775427807272,8.396275945132542,8.388525686469908,8.394558381477799
69.92,0.9041993763051962,-0.0745520044041901,8.203080161177665,8.308491148066254,8.25578565462196,8.396956697565706
69.94,0.8058799844630697,-0.1285411863611657,8.203080161177665,8.308491148066254,8.25578565462196,8.397345432991663
69.96000000000001,0.831378254497522,-0.1074662926554362,8.516562541486724,8.374381738197517,8.44547213984212,8.417122912257671
69.98,0.7487342279937571,-0.1434088797377386,8.516562541486724,8.374381738197517,8.44547213984212,8.433435051120002
70.0,0.8719695331656855,-0.1711907632816355,8.516562541486724,8.374381738197517,8.44547213984212,8.450334211589194
70.02,0.6295505316368528,-0.1255098557065771,8.268441747375762,8.338317978141404,8.303379862758582,8.446970686275593
70.04,0.7907033642770178,-0.0889487364239196,8.268441747375762,8.338317978141404,8.303379862758582,8.446844264480886
70.06,0.6841887786428391,-0.1346612662273085,8.47814368820722,8.376658928509691,8.427401308358455,8.457215366884212
70.08,0.8274680207581329,-0.1340516618424352,8.47814368820722,8.376658928509691,8.427401308358455,8.469128385405279
70.10000000000001,0.9301299173237976,-0.118116081493829,8.47814368820722,8.376658928509691,8.427401308358455,8.481698016212434
70.12,0.6115752738218625,-0.1137601275158335,8.668274919039328,8.38340329125575,8.52583910514754,8.497120480034736
70.14,0.7745274009935238,-0.0690493789925158,8.668274919039328,8.38340329125575,8.52583910514754,8.513933835763897
70.16,0.8226455426177647,-0.146921302139493,8.785366964600087,8.583113121465924,8.684240043033006,8.545772076257926
70.18,0.6962129938601694,-0.126581125769209,8.785366964600087,8.583113121465924,8.684240043033006,8.572150706824923
70.2,0.7914739010723412,-0.105316481611956,8.785366964600087,8.583113121465924,8.684240043033006,8.59760617066503
70.22,0.8606760855811203,-0.1153360059566581,8.693804370265502,8.692384368216155,8.693094369240828,8.622647160063067
70.24,0.7989863542262599,-0.1568531816908501,8.693804370265502,8.692384368216155,8.693094369240828,8.644073635356913
70.26,0.7107539582568273,-0.1597994192684559,8.543286872350707,8.540164193194789,8.541725532772748,8.646632396347126
70.28,0.8885000211553395,-0.128233700326519,8.543286872350707,8.540164193194789,8.541725532772748,8.652134710370483
70.3,0.9617526103053204,-0.1002035872489591,8.543286872350707,8.540164193194789,8.541725532772748,8.658405339596202
70.32000000000001,0.7885620383343198,-0.1877367827452334,8.797486416672605,8.838227401932928,8.817856909302765,8.688544613256884
70.34,0.8976393751784016,-0.0913349160564951,8.797486416672605,8.838227401932928,8.817856909302765,8.71763335161468
70.36,0.806467003814815,-0.1099009150625492,8.723572174961475,8.793959778193777,8.758765976577626,8.736263020179639
70.38,0.6143970687173583,-0.1432908153401934,8.723572174961475,8.793959778193777,8.758765976577626,8.749572463056348
70.4,0.866827386935078,-0.0962021995853818,8.723572174961475,8.793959778193777,8.758765976577626,8.766094707373314
70.42,0.905080989413843,-0.0806091756109797,8.72349072539611,8.645991460396699,8.684741092896404,8.77425080373507
70.44,0.9181627642964776,-0.1509788763716347,8.72349072539611,8.645991460396699,8.684741092896404,8.781826762408539
70.46000000000001,0.7512552483611488,-0.1445579663736737,8.714169700251754,8.925433105650136,8.819801402950944,8.799146820933288
70.48,1.088520038750048,-0.1640481773751684,8.714169700251754,8.925433105650136,8.819801402950944,8.820805639832551
70.5,0.8402108730430571,-0.1090455392911587,8.714169700251754,8.925433105650136,8.819801402950944,8.835829011859163
70.52,0.7651231721806341,-0.145339613955485,8.886528618991711,8.853598673166116,8.870063646078915,8.853024692380385
70.54,0.6150883750823676,-0.1512003672180363,8.886528618991711,8.853598673166116,8.870063646078915,8.865800178501727
70.56,0.656843965557553,-0.1631453152211365,8.858489593317762,8.647672420644348,8.753081006981056,8.866351452729694
70.58,0.6842136603642633,-0.0890601701195199,8.858489593317762,8.647672420644348,8.753081006981056,8.867340254041384
70.60000000000001,0.6067349572250398,-0.146469608810678,8.858489593317762,8.647672420644348,8.753081006981056,8.866835558565407
70.62,0.9676865744548698,-0.1418053608716702,9.100590746180435,8.976793940155957,9.038692343168197,8.901439595365872
70.64,0.8502574911911313,-0.1361610711316395,9.100590746180435,8.976793940155957,9.038692343168197,8.930469504987542
70.66,0.5029521933993419,-0.1255085575531847,9.17760138539144,8.881588511865155,9.029594948628297,8.949435188832803
70.68,0.7614413808396201,-0.1039008494680507,9.17760138539144,8.881588511865155,9.029594948628297,8.971157109667473
70.7,0.7900167860159153,-0.1190698713868274,9.17760138539144,8.881588511865155,9.029594948628297,8.991221195711839
70.72,0.759631470237246,-0.1500566179679376,8.97473599464451,8.828658202725382,8.901697098684945,8.995942152473418
70.74,1.0852392313322368,-0.1490630812090558,8.97473599464451,8.828658202725382,8.901697098684945,9.006051953258549
70.76,0.67194590235847,-0.1372630274882744,8.973265033006607,9.008080048802563,8.990672540904585,9.01660903826561
70.78,0.9532175042741264,-0.1297448793875028,8.973265033006607,9.008080048802563,8.990672540904585,9.03117330360644
70.8,0.7382632757846153,-0.1136856410148657,8.973265033006607,9.008080048802563,8.990672540904585,9.040411966300375
70.82000000000001,1.021723389430964,-0.1650349978101946,9.132533992051442,8.869544838335557,9.0010394151935,9.054865732199454
70.84,0.3898282932019764,-0.1558219469721714,9.132533992051442,8.869544838335557,9.0010394151935,9.056500009776492
70.86,0.775704771434887,-0.1868096990698104,9.062757449661769,9.142101557786956,9.102429503724363,9.075055645057105
70.88,0.9938154808185228,-0.1451149842776045,9.062757449661769,9.142101557786956,9.102429503724363,9.095681709578562
70.9,0.8192020184243388,-0.1779020649122277,9.062757449661769,9.142101557786956,9.102429503724363,9.111102125324788
70.92,0.6056143650533672,-0.1297911031510337,9.218388177861742,9.105726959878586,9.162057568870164,9.127098728250285
70.94,0.5319047646522872,-0.1849290245871745,9.218388177861742,9.105726959878586,9.162057568870164,9.140168898076013
70.96000000000001,0.6483365050206684,-0.1578984348583217,9.175046067750776,9.219912612294047,9.197479340022412,9.157569999361032
70.98,0.5970832222358087,-0.1300261117931345,9.175046067750776,9.219912612294047,9.197479340022412,9.172308431427414
71.0,0.5774579325390727,-0.1549252981367336,9.175046067750776,9.219912612294047,9.197479340022412,9.185219765072615
71.02,0.9466377133418268,-0.1344514240678749,9.07560744124261,9.10478520466061,9.09019632295161,9.192756899700665
71.04,0.7391394336439885,-0.1398793431005764,9.07560744124261,9.10478520466061,9.09019632295161,9.195805351831359
71.06,0.6276323923316185,-0.1483524405370852,9.349060840503082,9.340355183128777,9.344708011815928,9.221993000891782
71.08,0.6004935286195454,-0.1679897252858636,9.349060840503082,9.340355183128777,9.344708011815928,9.245073385499348
71.10000000000001,0.570149573185978,-0.1363567503980114,9.349060840503082,9.340355183128777,9.344708011815928,9.265299540448359
71.12,0.8022365608442649,-0.1767023703545341,9.131231406363986,9.262805150430044,9.197018278397014,9.272911672338417
71.14,0.7688824167127681,-0.1157308131935028,9.131231406363986,9.262805150430044,9.197018278397014,9.279162216445103
71.16,0.6369059484020219,-0.1743770894757913,9.48505051997553,9.242847300889212,9.36394891043237,9.299105192915064
71.18,0.9366200372754032,-0.1547201297700342,9.48505051997553,9.242847300889212,9.36394891043237,9.322448725337763
71.2,0.6227914244841977,-0.1463841262038213,9.48505051997553,9.242847300889212,9.36394891043237,9.337808989487938
71.22,0.6532461867952334,-0.1452498515469012,9.239385243933793,9.313880093110976,9.276632668522385,9.343449788753695
71.24,0.7552650564204423,-0.1622057305771123,9.239385243933793,9.313880093110976,9.276632668522385,9.35036284774613
71.26,0.5991615923762974,-0.1416269614005523,9.307278862512932,9.37679486547739,9.342036863995162,9.360315158033814
71.28,0.7793759567188459,-0.1420189755398988,9.307278862512932,9.37679486547739,9.342036863995162,9.372516095850887
71.3,0.5551755508927503,-0.1991483817291958,9.307278862512932,9.37679486547739,9.342036863995162,9.379461332581382
71.32000000000001,0.6237552352149865,-0.1593371997187042,9.554766626662408,9.484887477958644,9.519827052310525,9.404725498788173
71.34,0.9156214049779589,-0.1652371350417392,9.554766626662408,9.484887477958644,9.519827052310525,9.43271683943001
71.36,0.743255232376942,-0.1213583721645682,9.387681383486497,9.435803597832068,9.411742490659282,9.44399799873572
71.38,0.7720155521162257,-0.1205319466424618,9.387681383486497,9.435803597832068,9.411742490659282,9.454668727866165
71.4,0.6576347262347619,-0.1420051861990055,9.387681383486497,9.435803597832068,9.411742490659282,9.46221352921771
71.42,0.8203766686919749,-0.1309842344140402,9.534709098853622,9.441109515773949,9.487909307313785,9.47954988706377
71.44,0.7043360605737324,-0.1333619586410814,9.534709098853622,9.441109515773949,9.487909307313785,9.493063878179097
71.46000000000001,0.593744982467505,-0.118574593634877,9.553992045133231,9.515857610898223,9.534924828015727,9.507937382847182
71.48,0.9003592399270504,-0.1332192990052599,9.553992045133231,9.515857610898223,9.534924828015727,9.52684259368272
71.5,0.7533121244999639,-0.1241074098372359,9.553992045133231,9.515857610898223,9.534924828015727,9.54121043535702
71.52,0.8492333534064468,-0.1826068178015647,9.6361722090901,9.589399501032124,9.612785855061112,9.563654177688742
71.54,0.6870686443049489,-0.133388823169343,9.6361722090901,9.589399501032124,9.612785855061112,9.580934581023474
71.56,0.6078401953412542,-0.1811254162905571,9.73449448581802,9.61917676135948,9.676835623588751,9.601465808796142
71.58,0.7668746483700094,-0.1313776558663411,9.73449448581802,9.61917676135948,9.676835623588751,9.622806533946061
71.60000000000001,0.7688285706032943,-0.1507446352736903,9.73449448581802,9.61917676135948,9.676835623588751,9.642048357181196
71.62,0.7698910587106793,-0.1084011464048532,9.627297548453903,9.719037533041591,9.673167540747748,9.659018314594642
71.64,0.7905068923423784,-0.1658049733454617,9.627297548453903,9.719037533041591,9.673167540747748,9.674662361272112
71.66,0.6218134772227639,-0.1344279217854196,9.496906899180276,9.504225753309957,9.500566326245117,9.66844540035942
71.68,0.9373678867145978,-0.1317344720434092,9.496906899180276,9.504225753309957,9.500566326245117,9.668530114908862
71.7,0.7874483625173473,-0.1571909066152362,9.496906899180276,9.504225753309957,9.500566326245117,9.665907806567796
71.72,0.8088926357352888,-0.1542524291914523,9.584340309634378,9.598713289831531,9.591526799732954,9.673029773327546
71.74,0.476038051517048,-0.1931688316862983,9.584340309634378,9.598713289831531,9.591526799732954,9.673448160895392
71.76,0.5101413964120939,-0.1646805693050368,9.69745633550222,9.716031984575036,9.706744160038628,9.685960305945137
71.78,0.5748311174741128,-0.1471819743764283,9.69745633550222,9.716031984575036,9.706744160038628,9.69838565146902
71.8,0.4980333515936378,-0.1920130822865283,9.69745633550222,9.716031984575036,9.706744160038628,9.708186102654665
71.82000000000001,0.6605330977850773,-0.1951321758385459,9.88099196606946,9.870685168887745,9.875838567478603,9.736840944897198
71.84,0.7437873075041612,-0.1329221175373659,9.88099196606946,9.870685168887745,9.875838567478603,9.764128878690412
71.86,0.7264788603378746,-0.1248849919678191,9.798181567652456,9.768654907039355,9.783418237345906,9.77913443404204
71.88,0.7790356030758269,-0.1468820711662946,9.798181567652456,9.768654907039355,9.783418237345906,9.79358545522779
71.9,0.9955014039848477,-0.1914785734166542,9.798181567652456,9.768654907039355,9.783418237345906,9.810487758711337
71.92,0.5416186620900763,-0.2041958392548743,9.69595716131684,9.811139723709804,9.753548442513322,9.814542963009156
71.94,0.585306974292411,-0.1549016197640418,9.69595716131684,9.811139723709804,9.753548442513322,9.818979036496835
71.96000000000001,0.8171904139045645,-0.1427192705869052,9.835807397608558,9.969498511466726,9.902652954537643,9.842055855751205
71.98,0.6141090512477922,-0.19712807047649,9.835807397608558,9.969498511466726,9.902652954537643,9.859169528552307
72.0,0.5213124916388626,-0.1497898193291431,9.835807397608558,9.969498511466726,9.902652954537643,9.872901496000338
72.02,0.5778037108247077,-0.1697849964684195,9.93261797616279,10.136883305874605,10.034750641018697,9.899486877297017
72.04,0.7090346648277727,-0.1633426991248176,9.93261797616279,10.136883305874605,10.034750641018697,9.925775877636092
72.06,0.6884183500913971,-0.1286805489754332,9.94451498369862,10.066539606362229,10.005527295030424,9.946142549677168
72.08,0.6794922572893842,-0.1629279817895202,9.94451498369862,10.066539606362229,10.005527295030424,9.9643118848437
72.10000000000001,0.7175097083411379,-0.1766081122867602,9.94451498369862,10.066539606362229,10.005527295030424,9.981348600612518
72.12,0.7263196635372502,-0.1646002620551621,9.94016642455363,9.690719164402738,9.815442794478184,9.977831773942754
72.14,0.5270572300742159,-0.1180288818489617,9.94016642455363,9.690719164402738,9.815442794478184,9.971079906137632
72.16,0.5946256230619983,-0.1484606651159372,10.00742160584073,9.789278368999309,9.89834998742002,9.974510175480985
72.18,0.7575331808149592,-0.174180350340112,10.00742160584073,9.789278368999309,9.89834998742002,9.980529753929565
72.2,0.715913101740707,-0.1878163669864413,10.00742160584073,9.789278368999309,9.89834998742002,9.985198213109939
72.22,0.5112112771182928,-0.1943454139613013,9.925628113907417,10.09792777173184,10.011777942819627,9.997057989069036
72.24,0.6497398221030392,-0.16387227974021,9.925628113907417,10.09792777173184,10.011777942819627,10.010225301241949
72.26,0.6887026551371359,-0.1676566308808396,10.075865804621149,10.15687327476389,10.11636953969252,10.03323637287948
72.28,0.5049118116877938,-0.1648332661415652,10.075865804621149,10.15687327476389,10.11636953969252,10.050638102171163
72.3,0.3106352328835193,-0.1697277060566623,10.075865804621149,10.15687327476389,10.11636953969252,10.062802680115201
72.32000000000001,0.542600862226477,-0.1733961921462652,9.96056137494431,9.795962548992051,9.878261961968182,10.054115423820582
72.34,0.7823194584760123,-0.2124117322535902,9.96056137494431,9.795962548992051,9.878261961968182,10.050611827887908
72.36,0.490229032098622,-0.1832167163505669,10.20697175505782,10.017359677570385,10.112165716314102,10.0655913393083
72.38,0.6792427715411767,-0.1509681017374377,10.20697175505782,10.017359677570385,10.112165716314102,10.08247514689662
72.4,0.5041664262877752,-0.1889222235624007,10.20697175505782,10.017359677570385,10.112165716314102,10.094519199511552
72.42,0.5891235729853115,-0.1673275857671127,10.178910175680103,10.237867970087745,10.208389072883925,10.116510411162524
72.44,0.8992465806009349,-0.184704026500658,10.178910175680103,10.237867970087745,10.208389072883925,10.141884715785478
72.46000000000001,0.7142132517954168,-0.1418484120558208,10.33685178232555,10.336054369228023,10.336453075776786,10.174197390316932
72.48,0.865813854519201,-0.2110542232444244,10.33685178232555,10.336054369228023,10.336453075776786,10.20600760824426
72.5,0.3358390888066018,-0.1852285073739189,10.33685178232555,10.336054369228023,10.336453075776786,10.225097258596032
72.52,0.6436731969749346,-0.1506337582377192,10.253141392794944,10.175353323981614,10.21424735838828,10.235598386120802
72.54,0.7407044998465571,-0.1442016249870643,10.253141392794944,10.175353323981614,10.21424735838828,10.246795964344795
72.56,0.6854450282991996,-0.1741607149867494,10.391827218378834,10.286662412534,10.339244815456418,10.26837885996534
72.58,0.6472684538182292,-0.1578851607977291,10.391827218378834,10.286662412534,10.339244815456418,10.287116287683174
72.60000000000001,0.5312405914195382,-0.1539746210450865,10.391827218378834,10.286662412534,10.339244815456418,10.301891471106055
72.62,0.8019375539504396,-0.160951731200396,10.254266374098393,10.237536206282265,10.245901290190329,10.310727328985587
72.64,0.5707558453945394,-0.1777974835368065,10.254266374098393,10.237536206282265,10.245901290190329,10.314518330323162
72.66,0.8337512987127029,-0.1697237629689325,10.342207984819272,10.324187030858845,10.333197507839058,10.331393771451577
72.68,0.6426179470736457,-0.1780968890209952,10.342207984819272,10.324187030858845,10.333197507839058,10.343141268137657
72.7,0.7727388198144883,-0.1670796986099163,10.342207984819272,10.324187030858845,10.333197507839058,10.356056190864454
72.72,0.4944630495970106,-0.2007210674768193,10.424501644883703,10.411431678581192,10.417966661732446,10.371147572843997
72.74,0.6370704068101959,-0.1944877540890744,10.424501644883703,10.411431678581192,10.417966661732446,10.387296749055421
72.76,0.7247655116051026,-0.1610477913697499,10.271851915475503,10.275333799930896,10.2735928577032,10.388972139129097
72.78,0.5179205555503738,-0.1983139996741215,10.271851915475503,10.275333799930896,10.2735928577032,10.386756780986412
72.8,0.4842069008955357,-0.2333552684213478,10.271851915475503,10.275333799930896,10.2735928577032,10.384156112874209
72.82000000000001,0.5458859245522727,-0.1466554321503799,10.28618392861076,10.394926097071428,10.340555012841094,10.389621949512843
72.84,0.5493240450705179,-0.1569857038262595,10.28618392861076,10.394926097071428,10.340555012841094,10.394603088656936
72.86,0.8301624097010034,-0.181182174266687,10.67496184328857,10.482207504016564,10.578584673652568,10.427944170531115
72.88,0.3467427451280342,-0.1552960190364256,10.67496184328857,10.482207504016564,10.578584673652568,10.449249590255564
72.9,0.5305326629056967,-0.2134559166453692,10.67496184328857,10.482207504016564,10.578584673652568,10.471732686527572
72.92,0.7976412197618539,-0.1780494843188373,10.50109245858452,10.38236840496506,10.44173043177479,10.483090003008003
72.94,0.5846465586023225,-0.1917722771740264,10.50109245858452,10.38236840496506,10.44173043177479,10.489477683939521
72.96000000000001,0.7734457894934578,-0.1984550963546193,10.459464698946167,10.505989486855452,10.48272709290081,10.50272464904654
72.98,0.6007725598959556,-0.198466150217772,10.459464698946167,10.505989486855452,10.48272709290081,10.511538799510092
73.0,0.5448829874651953,-0.1647711055693411,10.459464698946167,10.505989486855452,10.48272709290081,10.518465522623536
73.02,0.8130999078323925,-0.1819604159912376,10.757558800859982,10.650657374736603,10.704108087798293,10.551665577481993
73.04,0.6718684541255351,-0.2131217133357436,10.757558800859982,10.650657374736603,10.704108087798293,10.579003460687888
73.06,0.5857857692669299,-0.1770875479880592,10.568983046940096,10.7538910821383,10.661437064539196,10.59779096491982
73.08,0.4480602618379462,-0.1765227551601989,10.568983046940096,10.7538910821383,10.661437064539196,10.61222065959484
73.10000000000001,0.5605858719462192,-0.209003148724124,10.568983046940096,10.7538910821383,10.661437064539196,10.627232845784313
73.12,0.4989077841543051,-0.1848243017226623,10.605228496043138,10.645701335776046,10.625464915909593,10.636036392911617
73.14,0.4576849842832931,-0.2096083397178575,10.605228496043138,10.645701335776046,10.625464915909593,10.643217574928512
73.16,0.7136982152249184,-0.184881420700156,10.70357296358184,10.594607634855794,10.649090299218816,10.656651415231588
73.18,0.4485887264753389,-0.222871350004668,10.70357296358184,10.594607634855794,10.649090299218816,10.663969900706872
73.2,0.4228118610479808,-0.182373534068892,10.70357296358184,10.594607634855794,10.649090299218816,10.67009255405693
73.22,0.7171700507810251,-0.2249033579029185,10.613349676041508,10.59884348032768,10.606096578184594,10.676602017383752
73.24,0.5692719077503232,-0.1565584441862457,10.613349676041508,10.59884348032768,10.606096578184594,10.67979836780334
73.26,0.3345680751215535,-0.2301587351879689,10.649765573356763,10.513621183333136,10.58169337834495,10.676010094209694
73.28,0.625373999747718,-0.1989614677491452,10.649765573356763,10.513621183333136,10.58169337834495,10.677835154618677
73.3,0.454727538117223,-0.211269818042562,10.649765573356763,10.513621183333136,10.58169337834495,10.676406072677413
73.32000000000001,0.5567386892994097,-0.1996014388055197,10.588490360074331,10.745450141733327,10.66697025090383,10.685483786907449
73.34,0.624991244422706,-0.183522891121887,10.588490360074331,10.745450141733327,10.66697025090383,10.694882275706693
73.36,0.7882927056532677,-0.1656227746153678,10.89005753939498,10.944594393706678,10.91732596655083,10.731315913492864
73.38,0.6387403446849803,-0.1596287755930638,10.89005753939498,10.944594393706678,10.91732596655083,10.761414245002989
73.4,0.4191315690051426,-0.1769010300342945,10.89005753939498,10.944594393706678,10.91732596655083,10.78454978539987
73.42,0.7164853993457821,-0.2091523708899648,10.867818423235397,10.824182279852309,10.846000351543854,10.803591579202491
73.44,0.4831885339557378,-0.2252307721410114,10.867818423235397,10.824182279852309,10.846000351543854,10.81652985004783
73.46000000000001,0.4270419877634448,-0.1627244783298426,10.766924253600628,10.918231840005278,10.842578046802952,10.826821425503088
73.48,0.6186631086136155,-0.140697918699117,10.766924253600628,10.918231840005278,10.842578046802952,10.839533023588118
73.5,0.596685953713996,-0.2622982375858189,10.766924253600628,10.918231840005278,10.842578046802952,10.850577873076451
73.52,0.3788360157211881,-0.2141949344220793,10.81370079373795,10.80007123897725,10.8068860163576,10.853027735687546
73.54,0.6407658380351829,-0.1737206262864592,10.81370079373795,10.80007123897725,10.8068860163576,10.85994734883919
73.56,0.5254331634856103,-0.2282169903920372,10.71350676198364,10.870036012892296,10.791771387437969,10.862587549641807
73.58,0.7640274864007401,-0.1978115169713318,10.71350676198364,10.870036012892296,10.791771387437969,10.869258428176634
73.60000000000001,0.3654242846180752,-0.2318071822018197,10.71350676198364,10.870036012892296,10.791771387437969,10.868087361225896
73.62,0.4639242004317048,-0.17498083255525,10.747256381655596,10.8198582268349,10.783557304245248,10.8679849911356
73.64,0.6737372605497713,-0.2033691723996969,10.747256381655596,10.8198582268349,10.783557304245248,10.871669493136459
73.66,0.551258634815458,-0.1462813343230182,11.124106634739857,11.207677621366775,11.165892128053315,10.911014412054822
73.68,0.4952257648319065,-0.1954124261357975,11.124106634739857,11.207677621366775,11.165892128053315,10.945416247421651
73.7,0.5832022052709873,-0.1957498968512747,11.124106634739857,11.207677621366775,11.165892128053315,10.977961475179693
73.72,0.208400417463328,-0.1848208186148549,10.9356219740789,10.878090267255509,10.906856120667204,10.974602147242784
73.74,0.5541840047493605,-0.1856637739998031,10.9356219740789,10.878090267255509,10.906856120667204,10.977802856670714
73.76,0.4664908123192303,-0.2293327848143477,11.069236274796284,11.12578638691866,11.097511330857472,10.99817053871114
73.78,0.3063589467011322,-0.2248996491991896,11.069236274796284,11.12578638691866,11.097511330857472,11.013619078966393
73.8,0.587158783449967,-0.201627596051813,11.069236274796284,11.12578638691866,11.097511330857472,11.0325771622576
73.82000000000001,0.4691135607527484,-0.1974847996681556,11.109081457439732,10.91261446164325,11.01084795954149,11.038848286079542
73.84,0.660108858086604,-0.2550884437519649,11.109081457439732,10.91261446164325,11.01084795954149,11.047930212871295
73.86,0.5693880629220939,-0.1855703477205809,11.072915465863865,10.935575157210929,11.004245311537396,11.053810707870502
73.88,0.5139851331097768,-0.1815495341899689,11.072915465863865,10.935575157210929,11.004245311537396,11.058105900633167
73.9,0.509628353475999,-0.199373925495358,11.072915465863865,10.935575157210929,11.004245311537396,11.061893152086164
73.92,0.6280577923551602,-0.1959641989005141,11.252410454846158,10.81908356504798,11.03574700994707,11.070583578134645
73.94,0.2936405495077768,-0.2136869912673437,11.252410454846158,10.81908356504798,11.03574700994707,11.072385451207028
73.96000000000001,0.6821415471263396,-0.2096182651488053,11.082930967689508,10.965388057955687,11.024159512822598,11.079841405216865
73.98,0.5780263715995997,-0.2344765150024258,11.082930967689508,10.965388057955687,11.024159512822598,11.08467769066623
74.0,0.6991898133694878,-0.2158790036078501,11.082930967689508,10.965388057955687,11.024159512822598,11.091211289522516
74.02,0.4508554311533263,-0.2133486618522376,11.144993956352325,11.074082223624954,11.10953808998864,11.101159367329887
74.04,0.4428073709716401,-0.1754413485047289,11.144993956352325,11.074082223624954,11.10953808998864,11.109967772273258
74.06,0.372477701658676,-0.2120815900333177,11.162349631154056,11.19006598026205,11.176207805708053,11.123296374246593
74.08,0.5820442372578176,-0.2096226393133011,11.162349631154056,11.19006598026205,11.176207805708053,11.139064313663377
74.10000000000001,0.3886445563087943,-0.173093217111876,11.162349631154056,11.19006598026205,11.176207805708053,11.149774264881406
74.12,0.5688135379847885,-0.2186901984947738,11.165256535218484,11.234421204240151,11.199838869729318,11.165019369049922
74.14,0.5195170904286371,-0.2202244049456076,11.165256535218484,11.234421204240151,11.199838869729318,11.177852626745576
74.16,0.4414800007278784,-0.1959367548469441,11.482637832429296,10.997666097395603,11.24015196491245,11.192029200575364
74.18,0.4655830760859334,-0.1772295345163697,11.482637832429296,10.997666097395603,11.24015196491245,11.205221972378624
74.2,0.5718863779365496,-0.1798969637965857,11.482637832429296,10.997666097395603,11.24015196491245,11.219008926434862
74.22,0.4491275174185432,-0.2141365453649022,11.228993108712652,11.271386293108073,11.250189700910362,11.230211299195943
74.24,0.5419988873826626,-0.2237093422775966,11.228993108712652,11.271386293108073,11.250189700910362,11.241965119340271
74.26,0.2105377615117694,-0.2270227795771335,11.251022975027151,11.156696583649635,11.203859779338394,11.241944265047298
74.28,0.3344084182857935,-0.2081311770402396,11.251022975027151,11.156696583649635,11.203859779338394,11.244155168005552
74.3,0.3903153587244956,-0.1969516976396492,11.251022975027151,11.156696583649635,11.203859779338394,11.247151305595876
74.32000000000001,0.5771454327997465,-0.1406373118968997,11.237677240275312,11.231093952401634,11.234385596338473,11.256263352460536
74.34,0.3870329466706778,-0.206033416952181,11.237677240275312,11.231093952401634,11.234385596338473,11.261042169888402
74.36,0.5244077156347492,-0.2100718566523591,11.222164564565311,11.241917525590509,11.23204104507791,11.267581396288776
74.38,0.3860620221475628,-0.226907990996826,11.222164564565311,11.241917525590509,11.23204104507791,11.270976477566343
74.4,0.320377796498849,-0.1805435118172211,11.222164564565311,11.241917525590509,11.23204104507791,11.272849734654482
74.42,0.4110370479301224,-0.2274135449847269,11.296717435506924,11.280532472850258,11.28862495417859,11.281825923469635
74.44,0.4138060904144848,-0.1843292067860954,11.296717435506924,11.280532472850258,11.28862495417859,11.289954336167991
74.46000000000001,0.5232737103125978,-0.2309885890307716,11.27310012837585,11.30812817741034,11.290614152893095,11.299439244626132
74.48,0.5322492172363007,-0.2185106745494514,11.27310012837585,11.30812817741034,11.290614152893095,11.30813722136308
74.5,0.5445349695450944,-0.1847964209687861,11.27310012837585,11.30812817741034,11.290614152893095,11.316186543967891
74.52,0.6009648637446229,-0.1991906783080695,11.31503017313742,11.002425340646964,11.15872775689219,11.311258032807721
74.54,0.4470919354558613,-0.1971601231126292,11.31503017313742,11.002425340646964,11.15872775689219,11.304052660054378
74.56,0.2601011535434575,-0.2394194162585989,11.428928530794344,11.474396707739045,11.451662619266695,11.323495476739392
74.58,0.2900415398036302,-0.2137353939430108,11.428928530794344,11.474396707739045,11.451662619266695,11.341532938708587
74.60000000000001,0.3858407677887552,-0.1902721725084678,11.428928530794344,11.474396707739045,11.451662619266695,11.3594910405846
74.62,0.5722028165483971,-0.2134673305070767,11.274740228392131,11.291545283819994,11.283142756106063,11.362155862834616
74.64,0.3052482756901292,-0.2215749811825053,11.274740228392131,11.291545283819994,11.283142756106063,11.35974902112418
74.66,0.2792628392576542,-0.1936303804254746,11.48060272769763,11.216607842513609,11.34860528510562,11.36366137862896
74.68,0.461568686076203,-0.2126172877878959,11.48060272769763,11.216607842513609,11.34860528510562,11.370464005626001
74.7,0.3446679664371538,-0.1726982637407943,11.48060272769763,11.216607842513609,11.34860528510562,11.374482156969831
74.72,0.5345552186040597,-0.1913116541819811,11.481748199142508,11.477965707031723,11.479856953087115,11.394641630516432
74.74,0.3501759681440932,-0.234480443624702,11.481748199142508,11.477965707031723,11.479856953087115,11.409466330200093
74.76,0.3803242575349436,-0.2078447432282008,11.471509686252023,11.39307443786175,11.432292062056888,11.418594740021405
74.78,0.3936276040942286,-0.1723805098009581,11.471509686252023,11.39307443786175,11.432292062056888,11.427049769098648
74.8,0.3775443558124384,-0.2418688882073692,11.471509686252023,11.39307443786175,11.432292062056888,11.434369796799094
74.82000000000001,0.3096928881094922,-0.2222659694826599,11.522328126956255,11.27169557008482,11.397011848520538,11.436208473957214
74.84,0.2786922377531087,-0.2085570170341666,11.522328126956255,11.27169557008482,11.397011848520538,11.437305271693102
74.86,0.4539015097790921,-0.2311928673177398,11.42893362899004,11.40108518764893,11.415009408319484,11.443245912531761
74.88,0.3537993311536224,-0.2346068185949633,11.42893362899004,11.40108518764893,11.415009408319484,11.446790650071298
74.9,0.3752771058604849,-0.2247258142021992,11.42893362899004,11.40108518764893,11.415009408319484,11.45036751380161
74.92,0.2172469122378619,-0.243646328579644,11.480529931848162,11.475010709640433,11.477770320744298,11.45701823891616
74.94,0.3751074889320533,-0.1696747075782154,11.480529931848162,11.475010709640433,11.477770320744298,11.465845381899749
74.96000000000001,0.4286649744219596,-0.2199184833056778,11.512549436128388,11.569148321992431,11.540848879060409,11.481061701155415
74.98,0.4570516671360111,-0.2279186167445234,11.512549436128388,11.569148321992431,11.540848879060409,11.495267348954362
75.0,0.6015620507296937,-0.1878044457086386,11.512549436128388,11.569148321992431,11.540848879060409,11.5106536188781
75.02,0.3226656372856907,-0.2006046808684534,11.732502383684611,11.494389912569588,11.6134461481271,11.526740853274143
75.04,0.363145426608616,-0.2076658201449069,11.732502383684611,11.494389912569588,11.6134461481271,11.5419480004384
75.06,0.2299799611269748,-0.222488130974681,11.717755244703822,11.37618119212746,11.54696821841564,11.546589661536409
75.08,0.179514434248327,-0.2555632392300681,11.717755244703822,11.37618119212746,11.54696821841564,11.549858777040804
75.10000000000001,0.4690921983009268,-0.2339807977031442,11.717755244703822,11.37618119212746,11.54696821841564,11.55801338074771
75.12,0.1923449041915656,-0.1992665323309196,11.62173636684675,11.686722264195216,11.654229315520983,11.571097182500486
75.14,0.3860311597749178,-0.2360241472200202,11.62173636684675,11.686722264195216,11.654229315520983,11.586358956678483
75.16,0.4470366742016415,-0.2190430144010905,11.630019529876728,11.409233894197708,11.519626712037219,11.587732392349984
75.18,0.5631433558209102,-0.2262958577397237,11.630019529876728,11.409233894197708,11.519626712037219,11.591058404723489
75.2,0.4537943281561099,-0.240276448536779,11.630019529876728,11.409233894197708,11.519626712037219,11.59208353336167
75.22,0.4751916193280622,-0.2270950068787733,11.547092265494706,11.43009042191201,11.488591343703359,11.590287763543742
75.24,0.4317880860187494,-0.1953737237784536,11.547092265494706,11.43009042191201,11.488591343703359,11.58789030710804
75.26,0.4754528617494117,-0.2246344723563744,11.63542778673591,11.7478116078462,11.691619697291056,11.606821397637836
75.28,0.2593062643644833,-0.1891519530248407,11.63542778673591,11.7478116078462,11.691619697291056,11.619968740361717
75.3,0.6033011901415225,-0.1758458356317737,11.63542778673591,11.7478116078462,11.691619697291056,11.637993257477195
75.32000000000001,0.2669351754805433,-0.2426300190502892,11.57593975573255,11.841469294404238,11.708704525068395,11.649869217394967
75.34,0.2587470611002162,-0.217289797309201,11.57593975573255,11.841469294404238,11.708704525068395,11.660410195262113
75.36,0.4943244965142762,-0.1969514781371908,11.762820003403098,11.78603532709374,11.77442766524842,11.680709783197997
75.38,0.6119478188916849,-0.2273201737191908,11.762820003403098,11.78603532709374,11.77442766524842,11.701096632143088
75.4,0.4322048011823716,-0.1989027342110071,11.762820003403098,11.78603532709374,11.77442766524842,11.716209421874908
75.42,0.4280667580291733,-0.2117506941997641,11.55887131305028,11.619358240000118,11.5891147765252,11.71120515898446
75.44,0.2496305036653197,-0.2411951532327263,11.55887131305028,11.619358240000118,11.5891147765252,11.70348946980451
75.46000000000001,0.2851390073517357,-0.2098148256297196,11.586722385195324,11.735603638090142,11.661163011642733,11.704389326120666
75.48,0.1962610244441143,-0.1944185312291464,11.586722385195324,11.735603638090142,11.661163011642733,11.703599393112865
75.5,0.22077799080199,-0.2242215235962042,11.586722385195324,11.735603638090142,11.661163011642733,11.703329758800287
75.52,0.5223556047149045,-0.2501284780118259,11.706634266396184,11.67495701760784,11.690795642002012,11.711478748005325
75.54,0.1421518335935692,-0.1983071222437399,11.706634266396184,11.67495701760784,11.690795642002012,11.711969170409679
75.56,0.4139738495516829,-0.1925160824957718,11.853432298933187,11.832376902108646,11.842904600520917,11.732514242712732
75.58,0.4461837438275666,-0.2301838703390936,11.853432298933187,11.832376902108646,11.842904600520917,11.751584585882446
75.60000000000001,0.279317783137151,-0.2276940860271805,11.853432298933187,11.832376902108646,11.842904600520917,11.765744307442764
75.62,0.3236670465486565,-0.2031072509068971,11.434860614754516,11.999123399225052,11.716992006989784,11.76669508423534
75.64,-0.1357047252498487,-0.2063243186284758,11.434860614754516,11.999123399225052,11.716992006989784,11.759282091456287
75.66,0.3158748784642147,-0.1746784210859983,11.818557831369567,11.619243543599271,11.71890068748442,11.760929698871454
75.68,0.1802104292645214,-0.2336008279474488,11.818557831369567,11.619243543599271,11.71890068748442,11.759970585459513
75.7,0.0155196352431691,-0.2333469339150964,11.818557831369567,11.619243543599271,11.71890068748442,11.756142949096379
75.72,0.3380582503695457,-0.2002571024073045,11.708063936501368,11.683410665312582,11.695737300906975,11.75618743278409
75.74,0.1744591597909013,-0.1929668631126048,11.708063936501368,11.683410665312582,11.695737300906975,11.753282684472614
75.76,0.260442138916148,-0.2122859284238598,11.683089421286542,11.821922455639184,11.752505938462864,11.757892968372131
75.78,0.267287900254446,-0.2203300844647545,11.683089421286542,11.821922455639184,11.752505938462864,11.762165447585783
75.8,0.3522894457527772,-0.1915969672808357,11.683089421286542,11.821922455639184,11.752505938462864,11.767540706697039
75.82000000000001,0.2417548821778243,-0.2064024743692212,11.772601542846646,11.797380222889132,11.784990882867888,11.773637312193326
75.84,0.2269488182528361,-0.2037974470947626,11.772601542846646,11.797380222889132,11.784990882867888,11.778857747989333
75.86,0.2079729471545872,-0.2302288202225522,11.664319889810832,11.689333878987632,11.676826884399233,11.772398174679106
75.88,0.2354548267823002,-0.2126252006538506,11.664319889810832,11.689333878987632,11.676826884399233,11.767079232533199
75.9,0.3698831173644335,-0.186830295935868,11.664319889810832,11.689333878987632,11.676826884399233,11.764711893832365
75.92,0.3599697950144817,-0.1938854379689719,11.767764807912984,11.73157817044216,11.749671489177572,11.769687309677145
75.94,0.196199065944627,-0.231999156960752,11.767764807912984,11.73157817044216,11.749671489177572,11.77121731081419
75.96000000000001,0.2460584687158545,-0.2371883324798082,11.823109271689166,11.844147777275143,11.833628524482155,11.781887484617876
75.98,0.2197235241628951,-0.2576793640673033,11.823109271689166,11.844147777275143,11.833628524482155,11.791016612039236
76.0,0.1072671033821226,-0.2233789890016727,11.823109271689166,11.844147777275143,11.833628524482155,11.797208611144407
76.02,0.5004199133209379,-0.1971908777532102,11.803626557158973,11.848256844146745,11.825941700652859,11.809089478535029
76.04,0.1505209663284359,-0.2604322065903837,11.803626557158973,11.848256844146745,11.825941700652859,11.813484078140725
76.06,0.3122403614752855,-0.2322516927245653,12.05706738270996,11.71577899400514,11.88642318835755,11.826398315668962
76.08,0.2458562114909944,-0.2447488210693807,12.05706738270996,11.71577899400514,11.88642318835755,11.836826214744658
76.10000000000001,0.3552927925505875,-0.2084617579543087,12.05706738270996,11.71577899400514,11.88642318835755,11.848181182371862
76.12,-0.0536130898109654,-0.2469932938407739,12.02755939995721,11.943519725598852,11.985539562778031,11.860951984795882
76.14,0.3165557243022125,-0.2210682520694414,12.02755939995721,11.943519725598852,11.985539562778031,11.879108745631537
76.16,0.2932530866537658,-0.2422699189697115,11.988016167203035,11.7157323577129,11.851874262457969,11.881663852873947
76.18,-0.0930771777038313,-0.1849270726935467,11.988016167203035,11.7157323577129,11.851874262457969,11.87700950463368
76.2,0.2542342908759978,-0.2196648830151823,11.988016167203035,11.7157323577129,11.851874262457969,11.879072197651876
76.22,0.2953602396472979,-0.2523602398457126,11.91467581406977,11.793373958137796,11.854024886103783,11.881883950810717
76.24,0.0719608451670046,-0.2295246371170343,11.91467581406977,11.793373958137796,11.854024886103783,11.88039333955303
76.26,0.1507870533398263,-0.2008557756652869,11.76103475024599,11.850689160254673,11.805861955250332,11.875654368082879
76.28,0.1831638791247673,-0.1849384363874242,11.76103475024599,11.850689160254673,11.805861955250332,11.87197207662387
76.3,0.1104462075834053,-0.1813742160768754,11.76103475024599,11.850689160254673,11.805861955250332,11.867349096223016
76.32000000000001,0.1631507750157625,-0.2251035084891323,11.870799475493689,11.874771393237072,11.87278543436538,11.870829443987537
76.34,0.4198995150362943,-0.2092664530182267,11.870799475493689,11.874771393237072,11.87278543436538,11.878583234295972
76.36,0.2730811490519646,-0.1864937099284889,11.807235646165656,11.723307813027226,11.765271729596442,11.872167544508955
76.38,0.2289541378863623,-0.2152471151834802,11.807235646165656,11.723307813027226,11.765271729596442,11.865599137499657
76.4,0.3007977468610779,-0.1784422063555152,11.807235646165656,11.723307813027226,11.765271729596442,11.860980756152838
76.42,0.0955363126604672,-0.1706394316600893,12.10118160593236,11.811151329563192,11.956166467747776,11.87221898094022
76.44,0.015501812031007,-0.2242146830770002,12.10118160593236,11.811151329563192,11.956166467747776,11.880892762237533
76.46000000000001,0.143807207842262,-0.2008385517240568,11.99976798049074,11.923594035152174,11.961681007821458,11.891560116537088
76.48,0.2077131605825132,-0.2313875047671249,11.99976798049074,11.923594035152174,11.961681007821458,11.90231104255601
76.5,0.2140780080019989,-0.1885908032387144,11.99976798049074,11.923594035152174,11.961681007821458,11.91210144322659
76.52,0.1245641738431694,-0.1990581098536354,12.03134898018216,11.99451120499226,12.012930092587212,11.924426463291828
76.54,-0.0395179098338421,-0.2273055210799885,12.03134898018216,11.99451120499226,12.012930092587212,11.932565503844357
76.56,0.2231384338322833,-0.2173925663397694,12.055343282680562,11.848294907704156,11.95181909519236,11.938507354788138
76.58,0.0646586979663976,-0.1858359218195218,12.055343282680562,11.848294907704156,11.95181909519236,11.941002385391956
76.60000000000001,0.0801772415110456,-0.2333973853748493,12.055343282680562,11.848294907704156,11.95181909519236,11.943527246719196
76.62,0.2643177250895258,-0.1704034375964452,12.098867967971112,11.863615272534044,11.981241620252579,11.952056403124145
76.64,0.1620572897265379,-0.2306830859032116,12.098867967971112,11.863615272534044,11.981241620252579,11.957891956052064
76.66,0.3562797536102393,-0.2278952105320905,12.180602311396104,12.1505485410454,12.165575426220752,11.985073338633915
76.68,0.1428979618791357,-0.1928366379574251,12.180602311396104,12.1505485410454,12.165575426220752,12.005695710706425
76.7,0.1460008241879066,-0.2287562034606378,12.180602311396104,12.1505485410454,12.165575426220752,12.024311697093239
76.72,0.1223724135727412,-0.2001598037353186,12.016506849607884,11.7466620919088,11.881584470758341,12.012241677904058
76.74,0.1554725415358007,-0.1964258734511128,12.016506849607884,11.7466620919088,11.881584470758341,12.00197446293713
76.76,0.1088317344501214,-0.2247299708854409,12.123820499379235,11.846535929044268,11.985178214211752,12.002253809284696
76.78,0.1369372369934661,-0.211321498558271,12.123820499379235,11.846535929044268,11.985178214211752,12.003011120043285
76.8,0.0986770738636162,-0.2302366454004475,12.123820499379235,11.846535929044268,11.985178214211752,12.003004016789676
76.82000000000001,0.1967856080956511,-0.1941656837610932,11.935396910009189,12.04181412198204,11.988605515995614,12.005106307655993
76.84,0.2334089739576884,-0.2355049766721905,11.935396910009189,12.04181412198204,11.988605515995614,12.007657590021193
76.86,0.0848656457479318,-0.2127037350154278,12.193134137051944,11.854626176725366,12.023880156888655,12.010807428331402
76.88,0.0887063503509377,-0.1861489559935982,12.193134137051944,11.854626176725366,12.023880156888655,12.013711415493447
76.9,0.1975494526389166,-0.2121320359687626,12.193134137051944,11.854626176725366,12.023880156888655,12.018284179780471
76.92,0.330185894747144,-0.2420025640739909,12.19114463281348,12.025363376844137,12.108254004828808,12.033224508390752
76.94,0.0413033235138237,-0.1944238663383408,12.19114463281348,12.025363376844137,12.108254004828808,12.041470917857806
76.96000000000001,0.1066304414638358,-0.2532051621272996,12.019885386935067,11.992202989538326,12.006044188236697,12.039847592842046
76.98,0.1629109654654856,-0.206800248382774,12.019885386935067,11.992202989538326,12.006044188236697,12.039399649759888
77.0,0.4232410953797824,-0.2273920856980509,12.019885386935067,11.992202989538326,12.006044188236697,12.043682443324403
77.02,0.0060307053839388,-0.2013380153359967,12.16160342769185,12.054354616138076,12.107979021914963,12.050220653880372
77.04,0.3640853700633789,-0.1946021202077232,12.16160342769185,12.054354616138076,12.107979021914963,12.062550027344974
77.06,0.2360679116832567,-0.1784662027378432,12.086893085057133,12.115086616389528,12.10098985072333,12.07064323209311
77.08,0.1483177137166903,-0.2102454823359263,12.086893085057133,12.115086616389528,12.10098985072333,12.076347612803032
77.10000000000001,-0.1060021727266602,-0.1781979291418075,12.086893085057133,12.115086616389528,12.10098985072333,12.076903797485981
77.12,0.0147205801870114,-0.2028129040867208,12.09959182391429,11.94916234563796,12.024377084776125,12.071916096658361
77.14,0.0773824268874413,-0.1926430341416135,12.09959182391429,11.94916234563796,12.024377084776125,12.06855507915411
77.16,0.2199214009790572,-0.2500735951595979,12.015313963460107,12.077173867122545,12.046243915291326,12.070282547985457
77.18,0.0630752313803893,-0.2109301177509849,12.015313963460107,12.077173867122545,12.046243915291326,12.06901403888089
77.2,0.1714206213352876,-0.1721467336050708,12.015313963460107,12.077173867122545,12.046243915291326,12.069822597705969
77.22,0.1198267907006638,-0.2131645657773597,11.997035050332602,12.00226879004383,11.999651920188217,12.064962412186805
77.24,0.0335921567448709,-0.2339989451822936,11.997035050332602,12.00226879004383,11.999651920188217,12.059036021808353
77.26,0.1392385276407983,-0.2132596337465858,12.065763829308455,12.1076403073118,12.086702068310128,12.064308919956067
77.28,0.1527689011659612,-0.2174507385350267,12.065763829308455,12.1076403073118,12.086702068310128,12.06929807501246
77.3,-0.0156478875686901,-0.2209674303739583,12.065763829308455,12.1076403073118,12.086702068310128,12.07075681236599
77.32000000000001,0.0964777292475523,-0.2320914496367099,12.28472515859666,11.989171529704684,12.136948344150671,12.079112564670917
77.34,0.314706284019773,-0.2270697795833042,12.28472515859666,11.989171529704684,12.136948344150671,12.090560855731248
77.36,0.2002514096112447,-0.2326489376232303,12.06528889814085,12.094848503792466,12.080068700966658,12.09311616562779
77.38,0.3056026190956925,-0.2491740386203621,12.06528889814085,12.094848503792466,12.080068700966658,12.0973122663054
77.4,0.0841952396878403,-0.2114587242937539,12.06528889814085,12.094848503792466,12.080068700966658,12.097103424085908
77.42,0.0093551033463378,-0.1849675778135511,12.14711440063456,12.05279282783408,12.09995361423432,12.097556834960983
77.44,-0.0328061441199567,-0.2526274884556537,12.14711440063456,12.05279282783408,12.09995361423432,12.09720600229416
77.46000000000001,-0.0020367949554294,-0.2467190377685644,12.07257250485221,11.991818889589224,12.032195697220718,12.090668309477618
77.48,0.3754924123047783,-0.235919516159596,12.07257250485221,11.991818889589224,12.032195697220718,12.091579911673414
77.5,-0.0938493106661799,-0.2281527508356276,12.07257250485221,11.991818889589224,12.032195697220718,12.083952202636151
77.52,-0.0979251586038275,-0.2321558744853301,12.067790693552451,12.225729156984638,12.146759925268544,12.088470322044524
77.54,-0.1558160242196088,-0.2117202406693584,12.067790693552451,12.225729156984638,12.146759925268544,12.091494593930973
77.56,0.0520257398036552,-0.2311197779736428,12.209760042589007,12.036958302744605,12.123359172666806,12.09561751512102
77.58,0.0483486275933524,-0.2045243918577294,12.209760042589007,12.036958302744605,12.123359172666806,12.099261956172278
77.60000000000001,0.0237489876579828,-0.2307427396674168,12.209760042589007,12.036958302744605,12.123359172666806,12.102099159599575
77.62,0.0880102086413273,-0.298754228276632,12.068273871681054,11.94878158785258,12.008527729766817,12.094326200371844
77.64,0.048236031628777,-0.1854224874303496,12.068273871681054,11.94878158785258,12.008527729766817,12.08661460188066
77.66,-0.1032991063253487,-0.205503615648826,11.994759781694189,12.099707718034953,12.04723374986457,12.080817132765196
77.68,0.0114784095904412,-0.3025729651379664,11.994759781694189,12.099707718034953,12.04723374986457,12.077665405847762
77.7,0.1985130194508341,-0.2241976785679187,11.994759781694189,12.099707718034953,12.04723374986457,12.078195474599559
77.72,-0.0550830488826565,-0.2023475218386737,11.95637066088638,12.052778785650576,12.004574723268478,12.069841904586562
77.74,0.126525011039327,-0.2223173916243745,11.95637066088638,12.052778785650576,12.004574723268478,12.065592636653461
77.76,-0.0071552023991677,-0.1948650008789038,12.078838326017408,12.054702551916083,12.066770438966746,12.065581623241606
77.78,0.1153225915969388,-0.2126511766344952,12.078838326017408,12.054702551916083,12.066770438966746,12.067776311462865
77.8,0.0431586333808865,-0.2773587185348497,12.078838326017408,12.054702551916083,12.066770438966746,12.06845257961411
77.82000000000001,-0.0238101582311077,-0.2795589411944428,12.158893250641835,12.077681799007973,12.118287524824904,12.073007491287031
77.84,-0.0179068864088039,-0.1904286788012042,12.158893250641835,12.077681799007973,12.118287524824904,12.07721317068546
77.86,0.0470918676365266,-0.1745142345775579,12.045023777115162,11.993473373360136,12.019248575237649,12.072264364758137
77.88,0.0564040259674314,-0.2345919563576614,12.045023777115162,11.993473373360136,12.019248575237649,12.067978058273503
77.9,0.1439889332119656,-0.2069213429291268,12.045023777115162,11.993473373360136,12.019248575237649,12.065696910767734
77.92,-0.1896147359588985,-0.2157641876431138,12.001279885674068,12.005896947361975,12.00358841651802,12.056072996095503
77.94,0.0076104895095586,-0.223401166626248,12.001279885674068,12.005896947361975,12.00358841651802,12.050961526948926
77.96000000000001,0.0020160807388118,-0.2352209293953187,12.046627773921692,11.890163441701572,11.968395607811633,12.042741224488495
77.98,0.012667613831595,-0.2122332983128704,12.046627773921692,11.890163441701572,11.968395607811633,12.035534679869777
78.0,-0.119813243932659,-0.2365319304511402,12.046627773921692,11.890163441701572,11.968395607811633,12.026664134273174
78.02,-0.1195716671338132,-0.2207459666369572,12.158619146015743,11.964283121487597,12.061451133751671,12.027990544212614
78.04,0.0548810665473818,-0.2433392400436664,12.158619146015743,11.964283121487597,12.061451133751671,12.032324462364375
78.06,0.0219362129284829,-0.260971579222231,12.048508001249292,12.14986350419328,12.099185752721286,12.03940544323278
78.08,0.1138022657435507,-0.2144168866245051,12.048508001249292,12.14986350419328,12.099185752721286,12.047431914965015
78.10000000000001,-0.3044694928953703,-0.2218710692952056,12.048508001249292,12.14986350419328,12.099185752721286,12.047126847868523
78.12,0.1387629946316595,-0.2039735133212261,11.99176492145548,12.030539762539725,12.011152341997603,12.0460271311848
78.14,0.0033513100353344,-0.2106796019184943,11.99176492145548,12.030539762539725,12.011152341997603,12.042599975846716
78.16,0.0629633616203281,-0.2125536805208961,11.991944591702168,12.07622073308136,12.034082662391764,12.042881585010386
78.18,0.1310061993671013,-0.227372426237746,11.991944591702168,12.07622073308136,12.034082662391764,12.044359804337134
78.2,0.0945983371214589,-0.2233535537292195,11.991944591702168,12.07622073308136,12.034082662391764,12.045034860210782
78.22,-0.0524228118151721,-0.2027261736389795,12.022262919194644,12.068955196291515,12.045609057743079,12.044148669351339
78.24,-0.0606330256001791,-0.2363836716517586,12.022262919194644,12.068955196291515,12.045609057743079,12.04320331372971
78.26,0.023613714942651,-0.2007772055497997,12.114123197252017,12.072092617633684,12.09310790744285,12.048618819969994
78.28,-0.0001006153584421,-0.2083445873309074,12.114123197252017,12.072092617633684,12.09310790744285,12.053065917640827
78.3,0.1050763665787783,-0.2259540878214406,12.114123197252017,12.072092617633684,12.09310790744285,12.058961491219447
78.32000000000001,-0.3313010920548752,-0.2280420244785325,12.02494537635605,12.003367140802467,12.01415625857926,12.048517548298438
78.34,-0.0079665915742627,-0.2158471915658785,12.02494537635605,12.003367140802467,12.01415625857926,12.044938020678185
78.36,0.1619043946503572,-0.2291852163197302,12.196779784904166,11.966531370459505,12.081655577681836,12.051524055482258
78.38,0.0579936814638335,-0.2005680996168724,12.196779784904166,11.966531370459505,12.081655577681836,12.055581093968566
78.4,-0.0100621038928495,-0.1953858179346982,12.196779784904166,11.966531370459505,12.081655577681836,12.058007424469821
78.42,0.0849937587843555,-0.2022517966468323,12.071946635157458,12.129655821484874,12.100801228321167,12.063816692513075
78.44,-0.180134314130974,-0.2008210409355345,12.071946635157458,12.129655821484874,12.100801228321167,12.064272728439528
78.46000000000001,-0.0393313273168244,-0.2522984313012947,12.32804923213176,12.076163944865582,12.20210658849867,12.077348150553739
78.48,0.0249776165213095,-0.1763741558329941,12.32804923213176,12.076163944865582,12.20210658849867,12.090273591445616
78.5,0.104471132535759,-0.1815305013494428,12.32804923213176,12.076163944865582,12.20210658849867,12.103337371536565
78.52,-0.0727758770462347,-0.2079355841654682,12.074546994875323,12.146948348790394,12.110747671832858,12.102768435779362
78.54,-0.0939557414240529,-0.221000364150168,12.074546994875323,12.146948348790394,12.110747671832858,12.101875156039078
78.56,-0.0997630508203176,-0.2435699155264363,12.103705693979911,11.896749775331545,12.000227734655727,12.089914678985979
78.58,-0.0489328458524979,-0.2137202359965875,12.103705693979911,11.896749775331545,12.000227734655727,12.08006519332761
78.60000000000001,-0.1774869693537135,-0.2123895641795562,12.103705693979911,11.896749775331545,12.000227734655727,12.068886682012053
78.62,-0.0062043839077039,-0.2056463344637319,12.110131668585408,12.18078073686275,12.14545620272408,12.076431955172918
78.64,0.025541627987465,-0.2060290884032783,12.110131668585408,12.18078073686275,12.14545620272408,12.08379412923181
78.66,0.085954829695952,-0.2451829833766607,12.132515716213202,12.0848968162199,12.10870626621655,12.087832529864812
78.68,0.1206713774384073,-0.2006307446100518,12.132515716213202,12.0848968162199,12.10870626621655,12.092091988293879
78.7,-0.218399823682822,-0.2294022200287623,12.132515716213202,12.0848968162199,12.10870626621655,12.089822219259856
78.72,0.0309522304825985,-0.2110902920401925,11.919818720350316,11.952845448029636,11.936332084189976,12.075030345901554
78.74,-0.1863498320985778,-0.2233266552089978,11.919818720350316,11.952845448029636,11.936332084189976,12.057806222752623
78.76,-0.17340016409432,-0.2243827016288762,12.097814445602594,11.959032500455256,12.028423473028926,12.051746744826554
78.78,0.0011795885371614,-0.2305684682460775,12.097814445602594,11.959032500455256,12.028423473028926,12.04943565024046
78.8,-0.1004695259157105,-0.2172106222942828,12.097814445602594,11.959032500455256,12.028423473028926,12.045525981052824
78.82000000000001,0.0952452523436497,-0.231555661641818,12.162289233712457,12.051759249300206,12.10702424150633,12.053390221640363
78.84,-0.1209628705223789,-0.201915436465571,12.162289233712457,12.051759249300206,12.10702424150633,12.056576291957558
78.86,0.0372630635543968,-0.1740465307417632,12.069198769163602,12.06061875273675,12.064908760950175,12.0580802740008
78.88,-0.0234939333628921,-0.189423350377412,12.069198769163602,12.06061875273675,12.064908760950175,12.058340231895206
78.9,0.0847945659087823,-0.1925398571447004,12.069198769163602,12.06061875273675,12.064908760950175,12.060523386987063
78.92,-0.061424307196054,-0.2274053453020699,12.07146860742123,11.90110821025401,11.98628840883762,12.05199425164259
78.94,-0.0702422558612383,-0.20670236923921,12.07146860742123,11.90110821025401,11.98628840883762,12.04415930675659
78.96000000000001,-0.2063205393368007,-0.1868167495556362,12.028350271269863,11.999064698709326,12.013707484989595,12.037400354871828
78.98,-0.1513703191277315,-0.203945199943511,12.028350271269863,11.999064698709326,12.013707484989595,12.032306402139307
79.0,-0.1290538328005758,-0.2052805610340636,12.028350271269863,11.999064698709326,12.013707484989595,12.028123541433926
79.02,-0.2963062250892559,-0.2044546217682445,12.010797941734433,12.068186956158629,12.03949244894653,12.023926920133581
79.04,-0.1415431165093943,-0.2092399775987993,12.010797941734433,12.068186956158629,12.03949244894653,12.022935696917706
79.06,-0.202903752391353,-0.2308601991296769,12.00508641105626,11.874694144670755,11.939890277863508,12.010978887469243
79.08,-0.1107140124342032,-0.2293691375761576,12.00508641105626,11.874694144670755,11.939890277863508,12.001877174284855
79.10000000000001,-0.1409334392758582,-0.1659139919898185,12.00508641105626,11.874694144670755,11.939890277863508,11.993141682735754
79.12,0.1458918601679632,-0.2125321444996041,12.113098458026707,12.1386381914985,12.125868324762603,12.009040400421462
79.14,-0.2413469421308304,-0.2216319552948736,12.113098458026707,12.1386381914985,12.125868324762603,12.016378947897222
79.16,-0.2770299639447276,-0.2426475299599939,12.056855514202764,12.078210757936445,12.067533136069605,12.016507827363457
79.18,-0.3014696157159102,-0.1812659047888227,12.056855514202764,12.078210757936445,12.067533136069605,12.016183905151182
79.2,-0.1396102767636785,-0.1990093745837285,12.056855514202764,12.078210757936445,12.067533136069605,12.018805843261278
79.22,-0.033347285603863,-0.2025527910690558,12.03299656970119,11.911831472278852,11.972414020990021,12.013566409893283
79.24,-0.0717352801585026,-0.2141477845756179,12.03299656970119,11.911831472278852,11.972414020990021,12.008159935960105
79.26,-0.0769249976807894,-0.2234434976639131,12.065142887302562,11.971551871443337,12.01834737937295,12.007794030343135
79.28,0.1761573300012232,-0.2017625036806198,12.065142887302562,11.971551871443337,12.01834737937295,12.01202019718614
79.3,0.0640175996198915,-0.2585107391784143,12.065142887302562,11.971551871443337,12.01834737937295,12.013805232197978
79.32000000000001,0.0741253184171972,-0.2103017474860166,12.012817754896544,11.945305196383377,11.97906147563996,12.011665112273686
79.34,-0.098363532447128,-0.200277275027284,12.012817754896544,11.945305196383377,11.97906147563996,12.006634205026266
79.36,-0.0820491471145929,-0.2227261322848227,12.020043187793464,11.985957440496769,12.003000314145115,12.00479393129009
79.38,0.0576758306069155,-0.2240024840749218,12.020043187793464,11.985957440496769,12.003000314145115,12.005652734526517
79.4,-0.1882379732803741,-0.2322362713171566,12.020043187793464,11.985957440496769,12.003000314145115,12.00199920896933
79.42,-0.079085733296074,-0.2091703221497008,11.859189901181542,12.107419356813896,11.983304628997718,11.998706207772841
79.44,-0.3715445090467127,-0.1983776590418518,11.859189901181542,12.107419356813896,11.983304628997718,11.99047824873249
79.46000000000001,-0.3275512132128658,-0.1753196347280952,12.148399361245495,11.853077798763172,12.000738580004334,11.98560836002184
79.48,-0.1786162816451348,-0.1732798045350174,12.148399361245495,11.853077798763172,12.000738580004334,11.983906288950479
79.5,-0.0252754376497043,-0.1829003348898923,12.148399361245495,11.853077798763172,12.000738580004334,11.98513456017817
79.52,-0.2958870954978985,-0.2025113416944317,11.915049612206976,11.871954827100522,11.89350221965375,11.970645358406765
79.54,-0.059239894340597,-0.2233328254639447,11.915049612206976,11.871954827100522,11.89350221965375,11.961864726433332
79.56,-0.084626029541268,-0.1917429542921812,11.87519141487613,11.853080260617515,11.864135837746822,11.950568569032937
79.58,-0.2581935585241001,-0.2046650576829278,11.87519141487613,11.853080260617515,11.864135837746822,11.937277811850892
79.60000000000001,-0.1544564555480147,-0.1890221226387734,11.87519141487613,11.853080260617515,11.864135837746822,11.92718339824062
79.62,0.0014872306124376,-0.1581869541902874,11.885845371102992,12.054743644272584,11.970294507687788,11.931521279336362
79.64,0.06757420310899,-0.2000324398449908,11.885845371102992,12.054743644272584,11.970294507687788,11.936614937827468
79.66,-0.0844355929995105,-0.2308467231256502,11.89514294000197,12.021489433618369,11.958316186810169,11.937265222051748
79.68,-0.0502980325952836,-0.2407110078338385,11.89514294000197,12.021489433618369,11.958316186810169,11.938464953940876
79.7,-0.3909954481872589,-0.1732009952802229,11.89514294000197,12.021489433618369,11.958316186810169,11.933412159160438
79.72,-0.163377423356121,-0.1849503995911221,11.860344101447923,11.910547967141564,11.885446034294745,11.925674753053459
79.74,-0.2328819345624073,-0.240828618019929,11.860344101447923,11.910547967141564,11.885446034294745,11.917460006355464
79.76,-0.1332618491452724,-0.2028229382335018,11.986324843049816,12.013466073247445,11.99989545814863,11.923304838250164
79.78,-0.058970304681964,-0.2399565752791082,11.986324843049816,12.013466073247445,11.99989545814863,11.929902434755736
79.8,-0.2957564075890206,-0.2187481884040022,11.986324843049816,12.013466073247445,11.99989545814863,11.931578121758424
79.82000000000001,-0.053688631548855,-0.1921252682471296,11.987390119770184,12.06563584163194,12.026512980701062,11.94010521228481
79.84,-0.2896104368863297,-0.197030407399528,11.987390119770184,12.06563584163194,12.026512980701062,11.943533001262482
79.86,-0.408971005655832,-0.1687004919881793,11.778212409158234,12.041511575615928,11.909861992387082,11.93280442227314
79.88,-0.0605009137633077,-0.2372775306110819,11.778212409158234,12.041511575615928,11.909861992387082,11.929421162836794
79.9,0.0174521770195305,-0.2585591017424327,11.778212409158234,12.041511575615928,11.909861992387082,11.927779384978175
79.92,-0.0103789413197644,-0.1592859779233171,11.86035196290928,11.908773509611876,11.884562736260579,11.92327089916266
79.94,-0.2402855494640923,-0.1964219981848806,11.86035196290928,11.908773509611876,11.884562736260579,11.915074942982098
79.96000000000001,-0.1135679259833709,-0.1939289806310025,12.019098581124902,11.939823057271632,11.979460819198266,11.919469307936014
79.98,-0.346381347756569,-0.1946544991190113,12.019098581124902,11.939823057271632,11.979460819198266,11.919233594802623
80.0,-0.1614664218595221,-0.2250506508799609,12.019098581124902,11.939823057271632,11.979460819198266,11.922349921648719
80.02,-0.0073650422198768,-0.2490785212838412,12.13623567384592,11.957823719859665,12.047029696852793,11.934685328409168
80.04,0.0608848782889475,-0.2143074404380854,12.13623567384592,11.957823719859665,12.047029696852793,11.947015693062733
80.06,-0.3400952837016623,-0.2291994715741463,11.876565298273816,11.923696773568446,11.900131035921131,11.936205512241944
80.08,-0.2028228108757704,-0.2416787920886197,11.876565298273816,11.923696773568446,11.900131035921131,11.928947254014101
80.10000000000001,-0.1661715872576597,-0.2039967347792706,11.876565298273816,11.923696773568446,11.900131035921131,11.923074543634165
80.12,-0.1402603147058464,-0.2219094104408334,11.850341417772604,11.915431224995356,11.88288632138398,11.916531035744443
80.14,-0.0804014920401213,-0.1685336990438809,11.850341417772604,11.915431224995356,11.88288632138398,11.911719337451675
80.16,-0.2854260846605722,-0.1704300343086235,11.899192550669492,11.724203567963816,11.811698059316655,11.896579540114285
80.18,-0.1545637452493006,-0.1803432298683968,11.899192550669492,11.724203567963816,11.811698059316655,11.885309244620034
80.2,-0.3077354378452772,-0.2086045672468516,11.899192550669492,11.724203567963816,11.811698059316655,11.872408888208483
80.22,0.0613913014407363,-0.1661727850855739,11.769811083003376,11.841954541478302,11.805882812240839,11.866861324037652
80.24,-0.4090078299940246,-0.2442160855725807,11.769811083003376,11.841954541478302,11.805882812240839,11.85340133191808
80.26,-0.4502986174633263,-0.1567128608124874,11.945854767636655,11.82201251902916,11.883933643332908,11.84834918794522
80.28,-0.357811003930614,-0.1882938053342908,11.945854767636655,11.82201251902916,11.883933643332908,11.845467035413238
80.3,-0.2588910852477906,-0.1987023792322271,11.945854767636655,11.82201251902916,11.883933643332908,11.844653656670745
80.32000000000001,-0.181299002601648,-0.1908903787549493,11.904600465417015,11.972266854659283,11.93843366003815,11.850768274960654
80.34,-0.1394521354359718,-0.1835983462957456,11.904600465417015,11.972266854659283,11.93843366003815,11.857024675030557
80.36,-0.1960380022936921,-0.1819381588958893,11.900775927074388,11.739959779982652,11.82036785352852,11.849830308839067
80.38,-0.1530535450790816,-0.1899858630275677,11.900775927074388,11.739959779982652,11.82036785352852,11.84412909949659
80.4,-0.1614264542907612,-0.1601319779269802,11.900775927074388,11.739959779982652,11.82036785352852,11.838847298722547
80.42,-0.4403403687863583,-0.1824761382004595,11.8842554173233,11.833254366515137,11.858754891919219,11.83291193140406
80.44,-0.3455849607759153,-0.190624286966663,11.8842554173233,11.833254366515137,11.858754891919219,11.829275698161613
80.46000000000001,-0.1875792390004889,-0.2328296852028946,11.840507403714303,11.550041086821818,11.69527424526806,11.812499126570247
80.48,-0.3048953229157542,-0.2281180214568776,11.840507403714303,11.550041086821818,11.69527424526806,11.795288522627546
80.5,-0.2615448175808488,-0.2018607784466866,11.840507403714303,11.550041086821818,11.69527424526806,11.780579288175142
80.52,-0.2154319386407279,-0.1930067298804824,11.742131541730233,11.728692501491135,11.735412021610685,11.772184786623164
80.54,-0.1200235026450728,-0.1979529247916421,11.742131541730233,11.728692501491135,11.735412021610685,11.766347087074303
80.56,-0.0872625442351367,-0.1980392704877905,11.737717288777503,11.76449548910259,11.751106388940046,11.763252291464644
80.58,-0.0978559563187723,-0.1642623925172204,11.737717288777503,11.76449548910259,11.751106388940046,11.760276293998446
80.60000000000001,-0.2329759141630547,-0.1584212929857514,11.737717288777503,11.76449548910259,11.751106388940046,11.75516573703767
80.62,0.1286590664763047,-0.2110035428436933,11.799616822764282,11.722157870451896,11.76088734660809,11.758053761191285
80.64,-0.1768227098463248,-0.2390187956285145,11.799616822764282,11.722157870451896,11.76088734660809,11.755154310955731
80.66,-0.2252638686968534,-0.1741633240272871,11.789297334814515,11.77540259617625,11.782349965495381,11.753819126773154
80.68,-0.2693598796517502,-0.2159194191486985,11.789297334814515,11.77540259617625,11.782349965495381,11.751823732811642
80.7,-0.1245558433492735,-0.2138714260679346,11.789297334814515,11.77540259617625,11.782349965495381,11.75263435089973
80.72,-0.1134417400590893,-0.202534208430492,11.624903503828758,11.761520257817194,11.693211880822975,11.74465015257099
80.74,-0.2069425537385381,-0.1491019608688398,11.624903503828758,11.761520257817194,11.693211880822975,11.735781359428898
80.76,-0.2605598155835593,-0.1533386596431417,11.66541667247025,11.565982526231716,11.615699599350982,11.719083106740602
80.78,-0.2842818219811031,-0.1790017396617315,11.66541667247025,11.565982526231716,11.615699599350982,11.703627683205982
80.8,-0.1105041876630793,-0.1937324328375374,11.66541667247025,11.565982526231716,11.615699599350982,11.692845799442546
80.82000000000001,0.0282089573686886,-0.1519665793712834,11.67124371866198,11.707121399407496,11.689182559034737,11.692987236634403
80.84,-0.2999793806626613,-0.1669120443385725,11.67124371866198,11.707121399407496,11.689182559034737,11.687207140022512
80.86,-0.3764955492499028,-0.2148436284452637,11.826976848997496,11.708525215651273,11.767751032324384,11.688484609366203
80.88,-0.3282826562447655,-0.1529978283780981,11.826976848997496,11.708525215651273,11.767751032324384,11.690502163849617
80.9,-0.1259413458180198,-0.2011699939888031,11.826976848997496,11.708525215651273,11.767751032324384,11.695960106472368
80.92,-0.320053761989166,-0.1980866337005427,11.707958381070968,11.704608494050364,11.706283437560666,11.691231471865393
80.94,-0.2038580752379164,-0.1900924720435468,11.707958381070968,11.704608494050364,11.706283437560666,11.68906722308064
80.96000000000001,-0.0751257234610389,-0.1893713024943136,11.584482761256318,11.601417362566774,11.592950061911546,11.67810324394143
80.98,-0.3437917462951657,-0.2136413432872664,11.584482761256318,11.601417362566774,11.592950061911546,11.663399674305131
81.0,-0.2438032865443666,-0.1347679901287995,11.584482761256318,11.601417362566774,11.592950061911546,11.651966253907974
81.02,-0.2390736341675645,-0.2242232794196938,11.734723028466492,11.756105633874986,11.745414331170739,11.657007736219237
81.04,-0.1701689645126824,-0.1862281742931678,11.734723028466492,11.756105633874986,11.745414331170739,11.662785354353158
81.06,-0.149289934213481,-0.2190572597330757,11.716428458043268,11.675878044555724,11.696153251299496,11.66343492523195
81.08,-0.4393306996309261,-0.1517307457321321,11.716428458043268,11.675878044555724,11.696153251299496,11.65879880524535
81.10000000000001,-0.1373275257136825,-0.1937467695329172,11.716428458043268,11.675878044555724,11.696153251299496,11.660062354387918
81.12,-0.2994234071978153,-0.1731706507301762,11.64004101471366,11.67670762259084,11.65837431865225,11.65450392948479
81.14,-0.3953577089347762,-0.198423482548058,11.64004101471366,11.67670762259084,11.65837431865225,11.64777452964071
81.16,-0.2323587097325765,-0.1970496842814291,11.632132131038771,11.503821220704408,11.56797667587159,11.635612287488613
81.18,-0.228953885640332,-0.1949295885147942,11.632132131038771,11.503821220704408,11.56797667587159,11.624727556385384
81.2,-0.1186344662809745,-0.1850205703531739,11.632132131038771,11.503821220704408,11.56797667587159,11.616917047940948
81.22,-0.332950054699567,-0.1716799892306287,11.54671303671679,11.567824516737636,11.557268776727213,11.604959119834984
81.24,-0.098097006187945,-0.179706572369295,11.54671303671679,11.567824516737636,11.557268776727213,11.598424339412825
81.26,-0.181738397840419,-0.2071671810031634,11.511045069248206,11.628658119200516,11.56985159422436,11.592295773732848
81.28,-0.3024208335475903,-0.1458214807863615,11.511045069248206,11.628658119200516,11.56985159422436,11.584607780778146
81.3,-0.2140179297164382,-0.1802125682493479,11.511045069248206,11.628658119200516,11.56985159422436,11.579279839387874
81.32000000000001,-0.1679495381750152,-0.1887680343235667,11.614171817501235,11.538070786484338,11.576121301992787,11.575940893961215
81.34,-0.143603409596818,-0.1748251503380778,11.614171817501235,11.538070786484338,11.576121301992787,11.573374073391632
81.36,-0.2381800310706291,-0.1763287256561795,11.546040278385751,11.618381736792534,11.582211007589143,11.569970526252114
81.38,-0.2313310199093209,-0.1701067273962028,11.546040278385751,11.618381736792534,11.582211007589143,11.567030616027449
81.4,-0.110227330044361,-0.1741982123703276,11.546040278385751,11.618381736792534,11.582211007589143,11.566564563242817
81.42,-0.1924832335268647,-0.1541807656998208,11.63320936061336,11.485169458804773,11.559189409709067,11.56236234968596
81.44,-0.3553005899775195,-0.1902121210175309,11.63320936061336,11.485169458804773,11.559189409709067,11.555649645068678
81.46000000000001,-0.3676029998688099,-0.1782900581804627,11.678726730742154,11.415698820695058,11.547212775718606,11.548189104136029
81.48,-0.1952645097666528,-0.1718677474503193,11.678726730742154,11.415698820695058,11.547212775718606,11.544576710118488
81.5,-0.1982900620459599,-0.1640057156050015,11.678726730742154,11.415698820695058,11.547212775718606,11.541271095561674
81.52,-0.2904608056152786,-0.1227795950213148,11.720055221720903,11.284950848495336,11.50250303510812,11.532165995015246
81.54,-0.1905829464453028,-0.1724800266920308,11.720055221720903,11.284950848495336,11.50250303510812,11.525769205988517
81.56,-0.1799903439029304,-0.1868611508283173,11.553139090850138,11.560868418914705,11.557003754882421,11.525652834687657
81.58,-0.3736109774772887,-0.1573549189681884,11.553139090850138,11.560868418914705,11.557003754882421,11.522062929112543
81.60000000000001,-0.0358471464859676,-0.1410494378665895,11.553139090850138,11.560868418914705,11.557003754882421,11.524911763052785
81.62,-0.3073441286997487,-0.1853212401450563,11.539084733998047,11.405745679277285,11.472415206637667,11.51412991309468
81.64,-0.204813446834853,-0.1603290713124377,11.539084733998047,11.405745679277285,11.472415206637667,11.506271800405953
81.66,-0.4294795427063874,-0.1775198415909668,11.482873036608447,11.552737719905808,11.517805378257128,11.499694526422358
81.68,-0.4233927947159604,-0.1299599126531937,11.482873036608447,11.552737719905808,11.517805378257128,11.493884541300945
81.7,-0.35861344876049,-0.1572334418644501,11.482873036608447,11.552737719905808,11.517805378257128,11.489821582918877
81.72,-0.4334921782036011,-0.1893510471619299,11.685835269572529,11.6132303883235,11.649532828948015,11.497989848314129
81.74,-0.3591724297269065,-0.1753866484722019,11.685835269572529,11.6132303883235,11.649532828948015,11.506679042642434
81.76,-0.254704308249389,-0.1699669378357182,11.631101469649128,11.39560354665725,11.51335250815319,11.502761711645018
81.78,-0.3052912089939575,-0.1346666774744148,11.631101469649128,11.39560354665725,11.51335250815319,11.498325549533945
81.8,-0.197920420777473,-0.1797593282058664,11.631101469649128,11.39560354665725,11.51335250815319,11.496265677821874
81.82000000000001,-0.1890271656016746,-0.1708533571759192,11.517898274797698,11.485358612682234,11.501628443739966,11.493399465432852
81.84,-0.3079312746129234,-0.1445692911599154,11.517898274797698,11.485358612682234,11.501628443739966,11.48867960032053
81.86,-0.3761787965770178,-0.2099602750720395,11.570703611533464,11.373657401158509,11.472180506345985,11.48025847258469
81.88,-0.172405634028734,-0.1334744264059728,11.570703611533464,11.373657401158509,11.472180506345985,11.476347374548304
81.9,-0.3811492607252685,-0.0852017548365646,11.570703611533464,11.373657401158509,11.472180506345985,11.469070001035016
81.92,-0.2320708808062019,-0.1599738779898388,11.416811220876076,11.321084883121252,11.368948051998665,11.45488053027687
81.94,-0.2404708780095345,-0.1529734936431726,11.416811220876076,11.321084883121252,11.368948051998665,11.44195880664488
81.96000000000001,-0.1658512063147092,-0.1400570509275577,11.294197594506908,11.350496516616047,11.322347055561478,11.427012309822873
81.98,-0.4294894038127126,-0.1621674129794785,11.294197594506908,11.350496516616047,11.322347055561478,11.408814975128106
82.0,-0.1382948857514607,-0.1657834986720363,11.294197594506908,11.350496516616047,11.322347055561478,11.397678875227918
82.02,-0.151166173089968,-0.1733029241994583,11.391239120237032,11.441992688238338,11.416615904237684,11.396851587013275
82.04,-0.2268920071328076,-0.1412574819125031,11.391239120237032,11.441992688238338,11.416615904237684,11.394743962607324
82.06,-0.256471979408347,-0.1880847238441804,11.431940160266045,11.640400524945791,11.536170342605917,11.404270104977835
82.08,-0.162335285216178,-0.1621438576810153,11.431940160266045,11.640400524945791,11.536170342605917,11.414538093606753
82.10000000000001,-0.5364320029320362,-0.1434463151248428,11.431940160266045,11.640400524945791,11.536170342605917,11.417045542453888
82.12,-0.1196170282031875,-0.1517717354993329,11.470283223934125,11.36242652152503,11.416354872729578,11.4148233689738
82.14,-0.2996082843146024,-0.166831469127344,11.470283223934125,11.36242652152503,11.416354872729578,11.409583570231716
82.16,-0.212088125282964,-0.1838543877262708,11.466242568128225,11.483831781651086,11.475037174889655,11.412311344442418
82.18,-0.4513492219330315,-0.1554935750102885,11.466242568128225,11.483831781651086,11.475037174889655,11.410459641492341
82.2,-0.3167085832729293,-0.1670574771030016,11.466242568128225,11.483831781651086,11.475037174889655,11.411216640333162
82.22,-0.2299337513906339,-0.1810918762742276,11.48624328591817,11.281966105628824,11.384104695773496,11.404366638352165
82.24,-0.4709614196097623,-0.1921751725486987,11.48624328591817,11.281966105628824,11.384104695773496,11.393863138541326
82.26,-0.1003017866062718,-0.1961953273532062,11.391442572056176,11.485078752792722,11.43826066242445,11.396497458770725
82.28,-0.1554924362655622,-0.1760539458384865,11.391442572056176,11.485078752792722,11.43826066242445,11.397874915283317
82.3,-0.0986085699098807,-0.1844531021559553,11.391442572056176,11.485078752792722,11.43826066242445,11.400138535739053
82.32000000000001,-0.1821691146167794,-0.1643462443312316,11.33996597848562,11.412919373771238,11.37644267612843,11.394489905714888
82.34,-0.2122501348643575,-0.1766145226908986,11.33996597848562,11.412919373771238,11.37644267612843,11.388864680328686
82.36,-0.3068670206062974,-0.1692842288011813,11.418550064841984,11.11748967407807,11.268019869460026,11.371256592870909
82.38,-0.2350290647714569,-0.1816579639194768,11.418550064841984,11.11748967407807,11.268019869460026,11.356702397363936
82.4,-0.2533370309834117,-0.1238852809182417,11.418550064841984,11.11748967407807,11.268019869460026,11.34327407801584
82.42,-0.0743783391189465,-0.1829638146042922,11.618122143387488,11.44447492347207,11.53129853342978,11.360737713453094
82.44,-0.3825992629066946,-0.1269579857793549,11.618122143387488,11.44447492347207,11.53129853342978,11.370907008718445
82.46000000000001,-0.2608571897828062,-0.1513810140438352,11.36074394376326,11.288447979604909,11.324595961684086,11.361580474598917
82.48,-0.2637124426462987,-0.124228114880697,11.36074394376326,11.288447979604909,11.324595961684086,11.353135199339802
82.5,-0.2488788820817125,-0.1931846820965152,11.36074394376326,11.288447979604909,11.324595961684086,11.34580145569676
82.52,-0.3387306787149059,-0.1332079525965585,11.475936414199904,11.27815298603942,11.377044700119662,11.342828627922183
82.54,-0.1953244812512237,-0.1595871783212588,11.475936414199904,11.27815298603942,11.377044700119662,11.342734394479407
82.56,-0.2013681171326072,-0.1723367418124984,11.3026145739533,11.486530760053606,11.394572667003452,11.344293595623427
82.58,-0.3898136920887823,-0.1770653729292123,11.3026145739533,11.486530760053606,11.394572667003452,11.342304856303832
82.60000000000001,-0.4588650512777671,-0.1775651774097692,11.3026145739533,11.486530760053606,11.394572667003452,11.33927206645079
82.62,-0.1846846251437048,-0.13683774265238,11.34235066962325,11.217259593871932,11.27980513174759,11.330001049727885
82.64,-0.3835641342024625,-0.1426327882470676,11.34235066962325,11.217259593871932,11.27980513174759,11.318077303514213
82.66,-0.2228948284605865,-0.1497769954548922,11.243057401691944,11.182906799318284,11.212982100505114,11.303555676301015
82.68,-0.2911675840870854,-0.1268721851387966,11.243057401691944,11.182906799318284,11.212982100505114,11.289257302207854
82.7,-0.2342822988392876,-0.1490853417268272,11.243057401691944,11.182906799318284,11.212982100505114,11.277412700658473
82.72,-0.3817131503041756,-0.1625939101321897,11.3590926767273,11.16269746811395,11.260895072420626,11.268890101129214
82.74,-0.3647298344532683,-0.151176879412561,11.3590926767273,11.16269746811395,11.260895072420626,11.261525461238197
82.76,-0.1718856880087584,-0.1940537043073833,11.27838197101375,11.12667050159421,11.202526236303981,11.252531596360617
82.78,-0.5508821638603867,-0.1496408198327389,11.27838197101375,11.12667050159421,11.202526236303981,11.23761518140547
82.8,-0.1428681015023803,-0.1838989283242051,11.27838197101375,11.12667050159421,11.202526236303981,11.23153466106828
82.82000000000001,-0.1864658212372127,-0.1424713337156564,11.149524900227552,11.318816749484297,11.234170824855925,11.228441892664772
82.84,-0.1644575689163766,-0.1633909368043952,11.149524900227552,11.318816749484297,11.234170824855925,11.226054549643393
82.86,-0.3455086792022122,-0.1380999840080015,11.353852904907583,11.213640632885914,11.283746768896748,11.22560461534309
82.88,-0.3372142775658248,-0.140902334806481,11.353852904907583,11.213640632885914,11.283746768896748,11.225348973702273
82.9,-0.3524618763623706,-0.1268453726259171,11.353852904907583,11.213640632885914,11.283746768896748,11.224844439447194
82.92,-0.2774827771413824,-0.1592581197113368,11.16870004023768,10.981432165743136,11.075066102990409,11.204871915812971
82.94,-0.1183551828459394,-0.1440480529949015,11.16870004023768,10.981432165743136,11.075066102990409,11.189760941239488
82.96000000000001,-0.1482057969525208,-0.1342383047612595,11.001709905323873,11.07756331977368,11.039636612548776,11.172080804025269
82.98,-0.1658470891368972,-0.1347815666205589,11.001709905323873,11.07756331977368,11.039636612548776,11.155851137273157
83.0,-0.3985331443600693,-0.1591542343061357,11.001709905323873,11.07756331977368,11.039636612548776,11.137056088202238
83.02,-0.0508071353079893,-0.1306375175025307,11.19844386302306,11.051058442117384,11.124751152570223,11.134911066203491
83.04,-0.418794467451667,-0.14626873108143,11.19844386302306,11.051058442117384,11.124751152570223,11.12635677442603
83.06,-0.1674865286703138,-0.162389843800696,11.136388217239825,11.343362378058808,11.239875297649316,11.134693869232294
83.08,-0.2022613732564679,-0.1902588175601167,11.136388217239825,11.343362378058808,11.239875297649316,11.141571307355381
83.10000000000001,-0.4029060208713918,-0.1235273863187528,11.136388217239825,11.343362378058808,11.239875297649316,11.144149398009086
83.12,-0.3709710594369321,-0.1031113198389032,11.261357222209806,11.035262566285336,11.148309894247571,11.13788796856307
83.14,-0.3675677615195745,-0.1624840268365424,11.261357222209806,11.035262566285336,11.148309894247571,11.132313941424169
83.16,-0.384185397095273,-0.1634493507110935,11.173152308289106,11.119178996787216,11.146165652538162,11.126783775387855
83.18,-0.2232941577064388,-0.1105823666528194,11.173152308289106,11.119178996787216,11.146165652538162,11.124702668264169
83.2,-0.1382992686226548,-0.1163155678010943,11.173152308289106,11.119178996787216,11.146165652538162,11.124359579856362
83.22,-0.3682849147472108,-0.1152376572805587,11.00040347413562,10.950661545065705,10.975532509600662,11.102847744365345
83.24,-0.2181442777004155,-0.1301404583128075,11.00040347413562,10.950661545065705,10.975532509600662,11.08618962389027
83.26,-0.3193092688303625,-0.1291421039368963,11.17355349871767,11.104387847609768,11.138970673163719,11.085720161978665
83.28,0.0703779451524288,-0.1524360607960614,11.17355349871767,11.104387847609768,11.138970673163719,11.092312016109915
83.3,-0.0991057077882658,-0.0805697627255234,11.17355349871767,11.104387847609768,11.138970673163719,11.095193979075107
83.32000000000001,-0.1486752932953361,-0.1469879840377518,11.099319523257035,11.10506562499234,11.102192574124688,11.093217683300749
83.34,-0.1578973047456462,-0.157670208585865,11.099319523257035,11.10506562499234,11.102192574124688,11.091273020897722
83.36,-0.1514856829954661,-0.1143037489391698,10.932203586905423,11.024068524253051,10.978136055579238,11.077232582071955
83.38,-0.3546757195497918,-0.1446290419143107,10.932203586905423,11.024068524253051,10.978136055579238,11.06093876647079
83.4,-0.1568623444388863,-0.1472345332092919,10.932203586905423,11.024068524253051,10.978136055579238,11.049834973181735
83.42,-0.448983535534234,-0.0980032064236276,11.001019311195169,11.08269389933258,11.041856605263874,11.040955432750334
83.44,-0.3959040523619657,-0.1445458404648702,11.001019311195169,11.08269389933258,11.041856605263874,11.033919277059173
83.46000000000001,-0.2197979833006334,-0.098545905264592,11.139621982988151,10.999263016824232,11.069442499906192,11.033515235644462
83.48,-0.2010516396123906,-0.1227261615614471,11.139621982988151,10.999263016824232,11.069442499906192,11.033489032557613
83.5,-0.2699420287170763,-0.1606452437126636,11.139621982988151,10.999263016824232,11.069442499906192,11.032225422775564
83.52,-0.1265796708524042,-0.1293995394688162,10.910339808188535,11.027407473200965,10.96887364069475,11.02361181049214
83.54,-0.3099843473255436,-0.1378858059679424,10.910339808188535,11.027407473200965,10.96887364069475,11.012558275260538
83.56,-0.0855469738663874,-0.1368559783222566,10.902336782856498,11.011878094466203,10.95710743866135,11.005473346071026
83.58,-0.1947960126167922,-0.1244353423601182,10.902336782856498,11.011878094466203,10.95710743866135,10.997130427102958
83.60000000000001,-0.1993275038470912,-0.1773356857037678,10.902336782856498,11.011878094466203,10.95710743866135,10.98954023318955
83.62,-0.328675955280456,-0.1275109335275449,11.351604877232845,10.89888514559659,11.125245011414718,10.99719454381702
83.64,-0.38998039711845,-0.1055270924565976,11.351604877232845,10.89888514559659,11.125245011414718,11.00297994342866
83.66,-0.1478542589562178,-0.117420598260685,11.1184352913142,11.201583839028878,11.160009565171539,11.016021528941735
83.68,-0.2931335365951169,-0.140471996572546,11.1184352913142,11.201583839028878,11.160009565171539,11.025143928906
83.7,-0.4991450493382229,-0.0961500438438107,11.1184352913142,11.201583839028878,11.160009565171539,11.029645881644466
83.72,-0.1921037965831921,-0.117511252920055,10.880845482953598,10.909844333997649,10.895344908475623,11.012757915989084
83.74,-0.2898982566437665,-0.1107539583130664,10.880845482953598,10.909844333997649,10.895344908475623,10.995798446618151
83.76,-0.2424820134324946,-0.1220438815005774,10.943240967971535,10.915218656207283,10.92922981208941,10.984776906923491
83.78,-0.2546802275663221,-0.0842058194717315,10.943240967971535,10.915218656207283,10.92922981208941,10.97463795334389
83.8,-0.475778455421938,-0.0731117018693046,10.943240967971535,10.915218656207283,10.92922981208941,10.96153312702085
83.82000000000001,-0.2307775965244704,-0.1674780661226251,10.9668984466872,10.844679814249572,10.905789130468385,10.951804730628162
83.84,-0.1231354739482003,-0.1575194425532932,10.9668984466872,10.844679814249572,10.905789130468385,10.944986732081118
83.86,-0.2953586016297113,-0.1283830754095604,10.787218579232492,11.022700129772543,10.904959354502518,10.935667539493924
83.88,-0.1097555862131406,-0.1352041500761165,10.787218579232492,11.022700129772543,10.904959354502518,10.930621120442947
83.9,-0.2305290935924404,-0.0812616164934127,10.787218579232492,11.022700129772543,10.904959354502518,10.923905420164237
83.92,-0.2020290314457997,-0.1236509986686351,10.983336817084812,10.923269050678076,10.953302933881444,10.923208648969934
83.94,-0.1845161042169282,-0.1259126411711526,10.983336817084812,10.923269050678076,10.953302933881444,10.92289678758518
83.96000000000001,-0.2805810004620792,-0.1611567945467313,10.797475699059603,10.780672042332686,10.789073870696145,10.904464037887958
83.98,0.0380690204355024,-0.1170046822628439,10.797475699059603,10.780672042332686,10.789073870696145,10.893610263536615
84.0,-0.1652902387515143,-0.1015101150433861,10.797475699059603,10.780672042332686,10.789073870696145,10.880181399955042
84.02,-0.2863030040996978,-0.0996468436287224,10.950397833413437,10.81960612351818,10.885001978465809,10.875510003732327
84.04,-0.148349001100884,-0.1488185535241331,10.950397833413437,10.81960612351818,10.885001978465809,10.873788919185857
84.06,-0.1856553433469487,-0.1127320144213156,10.920063157667098,10.813686089661289,10.866874623664193,10.869755693453449
84.08,-0.2136595519337789,-0.0729131785211106,10.920063157667098,10.813686089661289,10.866874623664193,10.865621714539717
84.10000000000001,-0.2152779341723673,-0.0781464768388361,10.920063157667098,10.813686089661289,10.866874623664193,10.86187200263706
84.12,-0.1441162398637701,-0.0955389396008874,10.725942842314284,10.965531581819418,10.845737212066851,10.857664431262492
84.14,-0.3755068503064227,-0.0914178843718425,10.725942842314284,10.965531581819418,10.845737212066851,10.849712586037413
84.16,-0.3063850137370106,-0.1427958392437071,10.78865581747363,10.990418546397112,10.88953718193537,10.848180115379943
84.18,-0.3717681824416329,-0.1418767950486937,10.78865581747363,10.990418546397112,10.88953718193537,10.845623994751532
84.2,-0.3740879000115729,-0.1223897334050205,10.78865581747363,10.990418546397112,10.88953718193537,10.843281731269709
84.22,-0.5113572839145006,-0.1372708869846756,11.029242163247252,10.8050215780717,10.917131870659476,10.841462314098226
84.24,-0.2478331463731482,-0.1603837953492295,11.029242163247252,10.8050215780717,10.917131870659476,10.844568273119636
84.26,-0.2714465724152166,-0.1195000253816374,10.605650595237629,10.893330669965758,10.749490632601693,10.830174470764366
84.28,-0.3464182201705454,-0.0858313668244015,10.605650595237629,10.893330669965758,10.749490632601693,10.81587055898503
84.3,-0.2588777782602629,-0.0999330331708725,10.605650595237629,10.893330669965758,10.749490632601693,10.804572766338012
84.32000000000001,-0.0262964193220188,-0.1136481351489917,10.94627046861031,10.798342639540296,10.872306554075303,10.810872809563945
84.34,-0.1145891135861714,-0.089880885280777,10.94627046861031,10.798342639540296,10.872306554075303,10.814953579970531
84.36,-0.4787182035180798,-0.1101615176424583,10.876796340499505,10.854042580353552,10.865419460426528,10.811383240352807
84.38,-0.2451904070273853,-0.130599440356869,10.876796340499505,10.854042580353552,10.865419460426528,10.812373435033686
84.4,-0.0719188080473718,-0.0957710715168236,10.876796340499505,10.854042580353552,10.865419460426528,10.816383499028117
84.42,-0.2045966333127334,-0.1092115798751094,10.7533780069924,10.88697654033311,10.820177273662754,10.813080137091953
84.44,-0.1796588979097682,-0.0976991255069442,10.7533780069924,10.88697654033311,10.820177273662754,10.810555990586659
84.46000000000001,-0.1835320197629068,-0.1076966624399505,10.746877656850376,10.831761613810938,10.789319635330656,10.805128778705324
84.48,-0.3260283738664296,-0.1393197487051218,10.746877656850376,10.831761613810938,10.789319635330656,10.797679353638262
84.5,-0.1308585610345281,-0.0902481052224039,10.746877656850376,10.831761613810938,10.789319635330656,10.79448792770888
84.52,-0.0858679818541888,-0.1341320172827662,10.789786594635084,10.712798935333264,10.751292764984175,10.788622787763035
84.54,-0.2634403147808231,-0.0912424984079276,10.789786594635084,10.712798935333264,10.751292764984175,10.780147859819092
84.56,-0.1743760570440542,-0.1033222859621927,10.756265905294972,10.829727788369173,10.792996846832072,10.778293989493598
84.58,-0.2716731044863861,-0.1161180825407994,10.756265905294972,10.829727788369173,10.792996846832072,10.774874159346691
84.60000000000001,-0.1495003863891069,-0.1025524215247797,10.756265905294972,10.829727788369173,10.792996846832072,10.773995421140224
84.62,-0.0226498931542347,-0.0970790968995792,10.88895762941853,10.6916735837733,10.790315606595914,10.77521974160902
84.64,-0.0565586565355164,-0.1070636132010234,10.88895762941853,10.6916735837733,10.790315606595914,10.77571127229007
84.66,-0.3968080875784631,-0.1117735522741697,10.738447132159587,10.685793994748028,10.712120563453809,10.762209655830034
84.68,-0.2838347808753297,-0.0866996100897158,10.738447132159587,10.685793994748028,10.712120563453809,10.752091720536653
84.7,-0.2559270525544277,-0.1257358986348001,10.738447132159587,10.685793994748028,10.712120563453809,10.743487917882389
84.72,-0.1011229163319406,-0.1621836698451616,10.967602487218388,10.860415402925849,10.91400894507212,10.758719808107386
84.74,-0.1999630056561109,-0.1158984374089928,10.967602487218388,10.860415402925849,10.91400894507212,10.77064938770205
84.76,-0.1887146997221557,-0.0883420507402329,10.765130632342546,10.720534577578476,10.742832604960512,10.764470844832896
84.78,-0.3226581355049892,-0.0714836531088978,10.765130632342546,10.720534577578476,10.742832604960512,10.756499174406569
84.8,-0.0208758045425489,-0.0814597358333621,10.765130632342546,10.720534577578476,10.742832604960512,10.754756752980198
84.82000000000001,-0.1349025809086868,-0.0784281165109767,10.87725633110871,10.52887198519321,10.703064158150958,10.747159247040917
84.84,-0.3954684836984887,-0.0687540418770532,10.87725633110871,10.52887198519321,10.703064158150958,10.735631305445352
84.86,-0.0318675383662051,-0.1316890942982414,10.695149315948717,10.753559761909946,10.724354538929331,10.733930013103159
84.88,-0.3057651921392773,-0.1309457562662258,10.695149315948717,10.753559761909946,10.724354538929331,10.72746869222727
84.9,-0.1389977781364869,-0.1131422737772024,10.695149315948717,10.753559761909946,10.724354538929331,10.724655316891017
84.92,-0.2617435493071806,-0.0764142796302407,10.791823995844336,10.760415341982736,10.776119668913536,10.72509036820574
84.94,-0.222914620820139,-0.1102910852171368,10.791823995844336,10.760415341982736,10.776119668913536,10.726180835101758
84.96000000000001,0.0061723238767284,-0.0836619996470658,10.832853631763994,10.633434005874284,10.733143818819139,10.726988235303278
84.98,-0.197653774688929,-0.1128567681810466,10.832853631763994,10.633434005874284,10.733143818819139,10.724046025710464
85.0,-0.1935876054430118,-0.0872409856381377,10.832853631763994,10.633434005874284,10.733143818819139,10.72147122812336
85.02,-0.1814579892927968,-0.0890751825939475,10.706169576408204,10.70553962347748,10.705854599942842,10.716643321498038
85.04,-0.1407221407979324,-0.071050478884381,10.706169576408204,10.70553962347748,10.705854599942842,10.713031450808154
85.06,-0.036131601455263,-0.0876046097162032,10.695645553706044,10.69676765223956,10.6962066029728,10.710698597198427
85.08,-0.0583965184001148,-0.0766782564799514,10.695645553706044,10.69676765223956,10.6962066029728,10.708198260444663
85.10000000000001,-0.1188636589372421,-0.0730396547170613,10.695645553706044,10.69676765223956,10.6962066029728,10.704859548836605
85.12,-0.0325127161386545,-0.1292143383082298,10.666912599384656,10.778834724511174,10.722873661947915,10.70607573125724
85.14,-0.1518580672930809,-0.0670424863194809,10.666912599384656,10.778834724511174,10.722873661947915,10.705022079115032
85.16,-0.0630726166751458,-0.0429011465702127,10.751004557570266,10.686155042482536,10.7185798000264,10.705242544106017
85.18,-0.062760377408595,-0.1190721604448419,10.751004557570266,10.686155042482536,10.7185798000264,10.7054465829047
85.2,-0.1163542949445547,-0.0993325648782531,10.751004557570266,10.686155042482536,10.7185798000264,10.704665527307869
85.22,-0.1305180312918657,-0.0456639012212225,10.609645801383753,10.585654159554643,10.597649980469198,10.691614648060748
85.24,-0.0706106269822702,-0.0991644726396486,10.609645801383753,10.585654159554643,10.597649980469198,10.680947190015912
85.26,-0.1706140371849805,-0.0764794127038438,10.644792855484596,10.585555419849792,10.615174137667193,10.67129883211171
85.28,0.0557438251814012,-0.0946027692566432,10.644792855484596,10.585555419849792,10.615174137667193,10.666689751520524
85.3,-0.1139182056792406,-0.0799378469783195,10.644792855484596,10.585555419849792,10.615174137667193,10.659487662432966
85.32000000000001,-0.054976985346901,-0.0816953036205136,10.711305625133113,10.727683360667845,10.719494492900479,10.664498759743473
85.34,-0.3140516005294202,-0.121272187743165,10.711305625133113,10.727683360667845,10.719494492900479,10.664345404249644
85.36,-0.0642008009374155,-0.1018193154145639,10.625022471961472,10.537013923317298,10.581018197639384,10.654857069171747
85.38,-0.0812031836766358,-0.0699511314979755,10.625022471961472,10.537013923317298,10.581018197639384,10.646011524712334
85.4,-0.0848865600656781,-0.1113165632228036,10.625022471961472,10.537013923317298,10.581018197639384,10.637984233923856
85.42,0.0775368238773408,-0.0806421510610261,10.813934950220965,10.653025368439527,10.733480159330245,10.648929489294288
85.44,-0.0962229442060147,-0.1183064651520193,10.813934950220965,10.653025368439527,10.733480159330245,10.655652543302175
85.46000000000001,-0.0742643544490567,-0.0666658488471844,10.666103475472594,10.690618662081013,10.678361068776804,10.656586637469553
85.48,-0.0943377385342499,-0.0707648918619437,10.666103475472594,10.690618662081013,10.678361068776804,10.657066001306662
85.5,-0.0342502183724792,-0.0871896638598005,10.666103475472594,10.690618662081013,10.678361068776804,10.658579004122972
85.52,-0.2512914299849905,-0.0690185409026926,10.59830914888714,10.561718098262526,10.580013623574832,10.646199220328429
85.54,-0.3139425201880853,0.0026557899047975,10.59830914888714,10.561718098262526,10.580013623574832,10.63392969528968
85.56,-0.1211594289011698,-0.0931001252695677,10.65350163266415,10.656073210894942,10.654787421779545,10.633834598218447
85.58,0.006098768523168,-0.1012643205050513,10.65350163266415,10.656073210894942,10.654787421779545,10.636039658407975
85.60000000000001,-0.2738902022356451,-0.1198352658050693,10.65350163266415,10.656073210894942,10.654787421779545,10.63298441110489
85.62,-0.089109226569799,-0.0778744301966086,10.659334449939106,10.842407317158482,10.750870883548794,10.643169092271023
85.64,-0.1384311432415198,-0.0265134499774306,10.659334449939106,10.842407317158482,10.750870883548794,10.651447510820454
85.66,-0.3483125922725503,-0.0939627892573219,10.614387646577526,10.53858435535743,10.576486000967478,10.63768173317425
85.68,-0.1042955215790389,-0.0727816702080393,10.614387646577526,10.53858435535743,10.576486000967478,10.629684840565151
85.7,-0.2154227087522791,-0.0460376190231179,10.614387646577526,10.53858435535743,10.576486000967478,10.620487347847844
85.72,-0.3115503551550934,-0.0683648685522928,10.544722160067629,10.477898655721592,10.51131040789461,10.60396174745973
85.74,0.0968119919386003,-0.0924135947692299,10.544722160067629,10.477898655721592,10.51131040789461,10.596439229358111
85.76,-0.15664725946892,-0.094561492931606,10.513972987936883,10.637344308579944,10.575658648258415,10.5915415205777
85.78,-0.001424313617432,-0.0776247144352933,10.513972987936883,10.637344308579944,10.575658648258415,10.589927595700658
85.8,-0.2025893629919001,-0.0837061484347595,10.513972987936883,10.637344308579944,10.575658648258415,10.584854092422582
85.82000000000001,0.0097014702858681,-0.1006761985311818,10.540020496601429,10.689852556096298,10.614936526348863,10.588036962280356
85.84,-0.1328278501066422,-0.0714543330320501,10.540020496601429,10.689852556096298,10.614936526348863,10.58833601738529
85.86,-0.0769031929419938,-0.0646308697604539,10.769206360568475,10.493064993953857,10.631135677261167,10.591231725899922
85.88,-0.0364623495507901,-0.0503476763696967,10.769206360568475,10.493064993953857,10.631135677261167,10.594565798744132
85.9,-0.1624906723854433,-0.0167561396565598,10.769206360568475,10.493064993953857,10.631135677261167,10.595297954492894
85.92,-0.2336953937312353,-0.0811279372070352,10.633274634085703,10.700793957995256,10.66703429604048,10.598265071560492
85.94,-0.0741470806239557,-0.0303508295733436,10.633274634085703,10.700793957995256,10.66703429604048,10.603807346557263
85.96000000000001,-0.1981701701159467,-0.0230192015118966,10.530939834018035,10.618308270262078,10.574624052140056,10.597321954053454
85.98,-0.1671332218535438,-0.0570200587388756,10.530939834018035,10.618308270262078,10.574624052140056,10.59204376586875
86.0,-0.0429016879057107,-0.0899651591982337,10.530939834018035,10.618308270262078,10.574624052140056,10.589529564113578
86.02,-0.0957502488314519,-0.0813571170456537,10.611292020943951,10.544223741333823,10.577757881138886,10.586628891337142
86.04,-0.1753040736485781,-0.0676701539136153,10.611292020943951,10.544223741333823,10.577757881138886,10.58258631699164
86.06,-0.2008202678795835,-0.011168663127428,10.560506820224406,10.515226336515047,10.537866578369727,10.574499578307616
86.08,-0.1094770435609994,-0.0451605455054398,10.560506820224406,10.515226336515047,10.537866578369727,10.56886569152973
86.10000000000001,0.2350190007280727,-0.0573089480937952,10.560506820224406,10.515226336515047,10.537866578369727,10.569996122226838
86.12,-0.2514675233063794,-0.073990440998024,10.515871250868583,10.526840984922805,10.521356117895694,10.560605706374211
86.14,-0.1269982162983803,-0.066385373066782,10.515871250868583,10.526840984922805,10.521356117895694,10.55439477963299
86.16,-0.1436744424416322,-0.0122731692725378,10.450560720824807,10.4866273231937,10.468594022009253,10.543228563906666
86.18,-0.0787269743284177,-0.0645714667161429,10.450560720824807,10.4866273231937,10.468594022009253,10.534348024179012
86.2,-0.0471085195984666,-0.0372555300401789,10.450560720824807,10.4866273231937,10.468594022009253,10.526924670609263
86.22,-0.1213947883260538,-0.0830850511890531,10.53445295638627,10.49650186449577,10.515477410441019,10.52359483840257
86.24,-0.1322839429063684,-0.0278406969271169,10.53445295638627,10.49650186449577,10.515477410441019,10.520401984634102
86.26,0.067794810586181,-0.0326313972803706,10.52131629308956,10.521382980789417,10.521349636939489,10.521717056455191
86.28,-0.1140786137568036,-0.0638905927510925,10.52131629308956,10.521382980789417,10.521349636939489,10.519626899455998
86.3,-0.0489424822970444,-0.0837135051844231,10.52131629308956,10.521382980789417,10.521349636939489,10.518918208523
86.32000000000001,-0.3320766313279075,-0.0460864221187672,10.351315084576866,10.457435204159257,10.40437514436806,10.501486522743603
86.34,-0.249464990255972,-0.0582171893495976,10.351315084576866,10.457435204159257,10.40437514436806,10.487285015081444
86.36,-0.0599378677795701,-0.0757269948018189,10.69506184926067,10.639408154688516,10.667235001974593,10.504201132150726
86.38,-0.1776117135777213,-0.0525506308041717,10.69506184926067,10.639408154688516,10.667235001974593,10.517307508288715
86.4,-0.1041563368080172,0.0083941463300429,10.69506184926067,10.639408154688516,10.667235001974593,10.530425443594758
86.42,0.0204865328122541,-0.0495358401945774,10.299231498915038,10.671053283212087,10.485142391063562,10.52626589593226
86.44,-0.0022361372125715,-0.0736448338882673,10.299231498915038,10.671053283212087,10.485142391063562,10.522113294975565
86.46000000000001,-0.0742455846937713,-0.0267006095902217,10.557627693393668,10.472145678214028,10.514886685803848,10.520054213533905
86.48,-0.299017177364579,-0.083554095635013,10.557627693393668,10.472145678214028,10.514886685803848,10.514155151568337
86.5,0.0472996466399026,-0.0345262609200156,10.557627693393668,10.472145678214028,10.514886685803848,10.515079698631405
86.52,-0.0737766988522741,-0.0279433090469789,10.456318137989516,10.51663508571482,10.486476611852169,10.510891409374143
86.54,-0.0751272611020732,-0.0418455818781768,10.456318137989516,10.51663508571482,10.486476611852169,10.507097638922108
86.56,-0.0328068157186089,-0.0422474717164067,10.528596862048277,10.50544680635515,10.517021834201714,10.507499535767135
86.58,-0.0926869273780427,-0.0649650630726173,10.528596862048277,10.50544680635515,10.517021834201714,10.50678340091779
86.60000000000001,-0.279424247544834,-0.1043047497239801,10.528596862048277,10.50544680635515,10.517021834201714,10.502777607790373
86.62,0.0763742506719372,-0.0175029815146318,10.566617292018863,10.486627377656973,10.526622334837917,10.506536817007223
86.64,-0.1700813715424056,-0.0508661542212004,10.566617292018863,10.486627377656973,10.526622334837917,10.505483904102531
86.66,-0.2395155543301829,-0.0255964085117282,10.5040312936209,10.275414617474162,10.38972295554753,10.48959652926909
86.68,0.0734314541453103,-0.0161031202054193,10.5040312936209,10.275414617474162,10.38972295554753,10.480930938071552
86.7,-0.055985367642887,-0.0322292333636278,10.5040312936209,10.275414617474162,10.38972295554753,10.470802403201578
86.72,-0.0006479941755064,-0.034213172899491,10.359904352628652,10.726809765488472,10.543357059058561,10.478046204892118
86.74,-0.2026301576907348,-0.0699581741139388,10.359904352628652,10.726809765488472,10.543357059058561,10.48092994747033
86.76,-0.0021400961913267,-0.0442890047871155,10.447404790613522,10.576223749793735,10.51181427020363,10.483979858012216
86.78,0.0274425886246478,-0.048976818049673,10.447404790613522,10.576223749793735,10.51181427020363,10.487257265826601
86.8,0.204436116687317,-0.0463906391482749,10.447404790613522,10.576223749793735,10.51181427020363,10.493392816364677
86.82000000000001,-0.1375882872106121,0.0285147941529722,10.405033973876158,10.518048488357673,10.461541231116914,10.48773106867011
86.84,-0.2528181987283815,-0.0709648198517166,10.405033973876158,10.518048488357673,10.461541231116914,10.480561357337681
86.86,-0.1875019660736041,-0.0084790463556214,10.555512357916456,10.472845716900828,10.514179037408642,10.480548089955454
86.88,-0.1193657877030208,-0.0416985245112274,10.555512357916456,10.472845716900828,10.514179037408642,10.481762600522119
86.9,0.2382850797250534,-0.0586243873160511,10.555512357916456,10.472845716900828,10.514179037408642,10.489293375645826
86.92,-0.1172489514295989,-0.0426389069508693,10.475542485086592,10.36013856420668,10.417840524646635,10.480037609420174
86.94,0.1019471758550169,-0.0584084619688018,10.475542485086592,10.36013856420668,10.417840524646635,10.475652950108211
86.96000000000001,0.0249589684418597,-0.0391608648176073,10.52011868639866,10.601843889952892,10.560981288175777,10.484635045346922
86.98,-0.1553200052727365,-0.0843652000445865,10.52011868639866,10.601843889952892,10.560981288175777,10.4894739095349
87.0,0.0249320270836367,-0.0540277495056374,10.52011868639866,10.601843889952892,10.560981288175777,10.497073423886492
87.02,-0.0736940433436107,-0.021599183508198,10.530866604290862,10.662479803201554,10.596673203746208,10.505706909092279
87.04,-0.1463221104125887,-0.0623616348942843,10.530866604290862,10.662479803201554,10.596673203746208,10.512169740570243
87.06,0.173282421509067,-0.0440706647897952,10.534404840690089,10.565683409963125,10.550044125326608,10.519076262633043
87.08,-0.1459850746351418,-0.0072478015507098,10.534404840690089,10.565683409963125,10.550044125326608,10.519545317558967
87.10000000000001,-0.0278510202862861,-0.0034977391236609,10.534404840690089,10.565683409963125,10.550044125326608,10.522093879970578
87.12,0.0893187884448972,-0.0288214799557098,10.530378932212706,10.60048626466215,10.565432598437429,10.528035490009271
87.14,-0.0773008582278044,-0.0313952822109571,10.530378932212706,10.60048626466215,10.565432598437429,10.530383785403988
87.16,0.0687185353479323,-0.0563706364219192,10.541227285481437,10.576873174126328,10.559050229803884,10.53448736348024
87.18,-0.0091239430136425,-0.0236674376235807,10.541227285481437,10.576873174126328,10.559050229803884,10.536779419138359
87.2,-0.1200992646228093,0.0095568256865893,10.541227285481437,10.576873174126328,10.559050229803884,10.5368447134417
87.22,0.2101578276455932,-0.0180365665678688,10.384594096936404,10.485135475215415,10.43486478607591,10.530429561602741
87.24,0.0939014424071861,-0.0257514854992,10.384594096936404,10.485135475215415,10.43486478607591,10.522563310013387
87.26,0.1773424818173759,-0.0705660879157093,10.427950256480694,10.440656681851603,10.43430346916615,10.516929490601377
87.28,0.0973053138018074,-0.036131450530038,10.427950256480694,10.440656681851603,10.43430346916615,10.510418384106288
87.3,0.006207852132311,-0.0294271338867286,10.427950256480694,10.440656681851603,10.43430346916615,10.502918633950657
87.32000000000001,-0.0360895673485643,-0.0128881494663183,10.479346784340876,10.74422276365233,10.611784773996604,10.513155635742978
87.34,-0.1911517729854726,-0.0276912234018843,10.479346784340876,10.74422276365233,10.611784773996604,10.519577817654604
87.36,-0.0568421744026072,-0.0149782883978428,10.541752980557618,10.5411520159516,10.541452498254609,10.520742126575357
87.38,0.0696780827540662,-0.0412879149250016,10.541752980557618,10.5411520159516,10.541452498254609,10.524067369232856
87.4,-0.0738587424054696,0.0108671172045463,10.541752980557618,10.5411520159516,10.541452498254609,10.52447642477173
87.42,-0.0632358689952603,-0.0348755651432604,10.41119522868448,10.345893409077338,10.378544318880909,10.508744968540734
87.44,0.0653573045542703,-0.0405444964167621,10.41119522868448,10.345893409077338,10.378544318880909,10.496901335056728
87.46000000000001,0.0654026580124853,0.0037154276820762,10.443621733765498,10.482474914028574,10.463048323897036,10.494693281784985
87.48,-0.1787892328382954,-0.0145787957323172,10.443621733765498,10.482474914028574,10.463048323897036,10.4883105798051
87.5,-0.113525783581823,-0.0079658648885731,10.443621733765498,10.482474914028574,10.463048323897036,10.483740890109821
87.52,-0.1159621064286624,0.014929848699068,10.347070288679545,10.393351458910006,10.370210873794775,10.470300570562602
87.54,-0.1453853994870529,-0.0043369795233969,10.347070288679545,10.393351458910006,10.370210873794775,10.457674663695052
87.56,0.1044484469091242,-0.0541271557699429,10.411012122505465,10.57479517186842,10.492903647186942,10.463077634088604
87.58,0.0752190641987063,0.0021149600611675,10.411012122505465,10.57479517186842,10.492903647186942,10.467414178554014
87.60000000000001,0.1484312142205578,-0.0636372075301714,10.411012122505465,10.57479517186842,10.492903647186942,10.472634887273276
87.62,-0.0902514326624603,0.0152855134934666,10.470901289993844,10.2716548848308,10.371278087412321,10.460874681499256
87.64,-0.0770895632082464,-0.0035839981073374,10.470901289993844,10.2716548848308,10.371278087412321,10.450527409952814
87.66,-0.1583644945024507,0.0178717267537836,10.45790445104157,10.386931720647398,10.422418085844484,10.444865916640937
87.68,0.2730340735826516,0.0017289018197587,10.45790445104157,10.386931720647398,10.422418085844484,10.447535746885782
87.7,0.0100310126406988,-0.0079736239940276,10.45790445104157,10.386931720647398,10.422418085844484,10.445204539009184
87.72,-0.1276177643457624,0.0248556542642585,10.273513638943635,10.389477308698918,10.331495473821278,10.43153651273217
87.74,-0.1761892958900306,-0.0368513758370784,10.273513638943635,10.389477308698918,10.331495473821278,10.418361001515061
87.76,-0.0680661910181217,-0.0273057532804187,10.415528599541052,10.334332518002803,10.374930558771927,10.41279276580242
87.78,-0.0611931310604213,-0.0150513557911135,10.415528599541052,10.334332518002803,10.374930558771927,10.407905068740284
87.8,0.0653566329299207,0.007941695314894,10.415528599541052,10.334332518002803,10.374930558771927,10.405784037136186
87.82000000000001,0.1815772859803522,0.0518941312951022,10.384400095240755,10.673487663478207,10.528943879359481,10.421368412506164
87.84,0.0354526047229369,-0.0470337486140528,10.384400095240755,10.673487663478207,10.528943879359481,10.43276410607651
87.86,0.0608682268272079,0.0201931385793112,10.303780498244464,10.691214595109942,10.497497546677202,10.440333078219469
87.88,-0.0118416054506646,-0.0153899491392481,10.303780498244464,10.691214595109942,10.497497546677202,10.445836376167131
87.9,0.1811564707687515,0.0039701405803824,10.303780498244464,10.691214595109942,10.497497546677202,10.454263309691978
87.92,0.0593044791606435,-0.0195746894806944,10.577619332916612,10.467813575792231,10.522716454354422,10.462176104783115
87.94,-0.0003126707958608,-0.0183466937790808,10.577619332916612,10.467813575792231,10.522716454354422,10.46822451166592
87.96000000000001,0.350182252313881,-0.018773948343148,10.55000271961462,10.62308940058132,10.58654606009797,10.486359947050778
87.98,-0.05770539570411,0.0067914006161517,10.55000271961462,10.62308940058132,10.58654606009797,10.495339861232823
88.0,0.1131240994822877,0.0145598100937491,10.55000271961462,10.62308940058132,10.58654606009797,10.50649671491002
88.02,-0.0566766657116825,-0.0148125802940771,10.529710856894384,10.489061690517572,10.509386273705978,10.505765490806807
88.04,0.0400374035107723,-0.0223044569548152,10.529710856894384,10.489061690517572,10.509386273705978,10.506848242359919
88.06,-0.0613861328045129,-0.0242968820023755,10.538519263671192,10.360452524504902,10.449485894088047,10.50000705714225
88.08,0.1806510334484054,-0.0430831714639993,10.538519263671192,10.360452524504902,10.449485894088047,10.4982066594389
88.10000000000001,0.0161927492324167,-0.0068843034697259,10.538519263671192,10.360452524504902,10.449485894088047,10.493626052389997
88.12,0.071130510518114,0.0091931689579335,10.462329402063398,10.61822488260065,10.540277142332023,10.499571510573526
88.14,0.2015695047929401,0.0162699607743101,10.462329402063398,10.61822488260065,10.540277142332023,10.507270324835646
88.16,0.2100780152968612,0.0054011990879852,10.491992177628209,10.671965387716003,10.581978782672106,10.518522574894636
88.18,0.103366932432177,0.0273042968520458,10.491992177628209,10.671965387716003,10.581978782672106,10.526728800456164
88.2,-0.0667108760216937,0.0104578389662257,10.491992177628209,10.671965387716003,10.581978782672106,10.531053002909367
88.22,-0.1703131846104176,0.0393404707907988,10.489757125515906,10.545129416133667,10.517443270824787,10.52662639237792
88.24,0.0271308323900071,0.0805364228863086,10.489757125515906,10.545129416133667,10.517443270824787,10.526196435205627
88.26,-0.0367679575267661,0.0037042479042916,10.600519614695944,10.30386775328085,10.452193683988398,10.518134336848423
88.28,0.1258136973072671,0.0822398863353641,10.600519614695944,10.30386775328085,10.452193683988398,10.51380491811395
88.3,-0.1188933514909818,-0.0219049237168763,10.600519614695944,10.30386775328085,10.452193683988398,10.505503714374557
88.32000000000001,0.1411663470317271,0.0375071963793956,10.704917088743692,10.430942707502476,10.567929898123083,10.514287326995982
88.34,-0.1746568988744777,-0.0131818485702304,10.704917088743692,10.430942707502476,10.567929898123083,10.51650775992895
88.36,0.0583178773925266,0.0329106837438815,10.539799452955034,10.711231957651083,10.625515705303059,10.528458276259428
88.38,0.2197810774028569,-0.0326268453358563,10.539799452955034,10.711231957651083,10.625515705303059,10.542120078557042
88.4,0.0596167322744628,-0.0095335940543716,10.539799452955034,10.711231957651083,10.625515705303059,10.551532742412586
88.42,0.0610120468558334,-0.0082191878177804,10.42199149302341,10.600840175482537,10.511415834252974,10.54861926844003
88.44,0.2523617196742757,0.0006339127814941,10.42199149302341,10.600840175482537,10.511415834252974,10.54944143597546
88.46000000000001,-0.166542545528805,-0.003199741701694,10.52338270163792,10.467068830018777,10.495225765828348,10.541022103141229
88.48,0.0832642997259348,0.0050866462596724,10.52338270163792,10.467068830018777,10.495225765828348,10.537941226805007
88.5,0.2677779030170246,0.0686770459571104,10.52338270163792,10.467068830018777,10.495225765828348,10.538489682961647
88.52,-0.0306636811876332,-0.0172267259572766,10.626044826919534,10.577853124713254,10.601948975816395,10.544283665985745
88.54,0.109982067549146,-0.0039015634817062,10.626044826919534,10.577853124713254,10.601948975816395,10.552029874184697
88.56,0.1417538598456866,0.0298815856579801,10.26946244558324,10.526770544373878,10.39811649497856,10.539190105741307
88.58,0.1243416418176344,0.0581508563184184,10.26946244558324,10.526770544373878,10.39811649497856,10.52732089421775
88.60000000000001,0.1282469149147145,0.0032379747618302,10.26946244558324,10.526770544373878,10.39811649497856,10.516708898762298
88.62,0.2691535856734829,0.0108649895762014,10.70026968670679,10.4315929188307,10.565931302768746,10.526475903705066
88.64,-0.098650484683577,-0.000510728194678,10.70026968670679,10.4315929188307,10.565931302768746,10.52864573488713
88.66,0.18739669147455,-0.0194431435555912,10.49319747735386,10.577441777897596,10.535319627625729,10.532686264607532
88.68,0.2544781082992098,0.0750984710170021,10.49319747735386,10.577441777897596,10.535319627625729,10.53753020685874
88.7,0.2401118337259105,0.0300033161935527,10.49319747735386,10.577441777897596,10.535319627625729,10.541631161942506
88.72,0.0812726205662354,0.013594530390194,10.557258595261064,10.601172354018509,10.579215474639787,10.546852500382426
88.74,0.0952276279039022,0.014045867276451,10.557258595261064,10.601172354018509,10.579215474639787,10.551802895110432
88.76,0.0163575785728482,0.0248086044130823,10.5590967846,10.55771943344804,10.55840810902402,10.552757852916102
88.78,0.1535568097520052,0.0604649259007214,10.5590967846,10.55771943344804,10.55840810902402,10.556086901102429
88.8,0.0961807215304775,0.0106177310659463,10.5590967846,10.55771943344804,10.55840810902402,10.558050274882138
88.82000000000001,0.0564614440497864,0.0678681368021125,10.718533009491772,10.673293471943984,10.695913240717879,10.572852877458608
88.84,0.0016690880726396,0.0053406924292731,10.718533009491772,10.673293471943984,10.695913240717879,10.585188957369843
88.86,0.0754300919729504,0.0455183465578169,10.596961163997433,10.510992919316928,10.55397704165718,10.583425507454091
88.88,0.3689113815025405,-0.009427478473504,10.596961163997433,10.510992919316928,10.55397704165718,10.587121065741446
88.9,-0.0024100483810352,-0.0284640108586733,10.596961163997433,10.510992919316928,10.55397704165718,10.583763282462161
88.92,-0.0615738634864725,0.0438741300921131,10.514322321676278,10.595896640722838,10.555109481199558,10.579789572793146
88.94,0.0982385557548639,0.0151499817115048,10.514322321676278,10.595896640722838,10.555109481199558,10.579089857637374
88.96000000000001,-0.036035598400085,-0.0059527501007513,10.552976132990867,10.586446843630332,10.569711488310599,10.577503379933495
88.98,-0.1701574718488321,0.0236428756337493,10.552976132990867,10.586446843630332,10.569711488310599,10.573661356277928
89.0,0.0440115721611893,0.0081976585661133,10.552976132990867,10.586446843630332,10.569711488310599,10.574058577780097
89.02,-0.0049466093313407,0.0489858205607123,10.503262789077755,10.413227665347785,10.458245227212771,10.5623882037554
89.04,0.0913774126914487,0.0381748624995245,10.503262789077755,10.413227665347785,10.458245227212771,10.553618699529585
89.06,0.0838198978373531,0.0122019955549073,10.503816371224502,10.513676968691843,10.508746669958173,10.550640254733516
89.08,0.1819759386626586,0.0340321216679645,10.503816371224502,10.513676968691843,10.508746669958173,10.549726463151908
89.10000000000001,-0.0622261967824177,0.0425177679429876,10.503816371224502,10.513676968691843,10.508746669958173,10.544508412290451
89.12,0.0632212862008766,0.0569978240191115,10.56705372643012,10.561686704332615,10.564370215381366,10.547632575751159
89.14,0.0494159432005466,0.0156932079390993,10.56705372643012,10.561686704332615,10.564370215381366,10.55019582669179
89.16,0.0602031382318359,0.0255350608893305,10.410575169316717,10.696327236580611,10.553451202948665,10.551605020805649
89.18,0.287455502206999,0.0319252632754527,10.410575169316717,10.696327236580611,10.553451202948665,10.55696383805968
89.2,0.3022154294424574,0.0274615539627975,10.410575169316717,10.696327236580611,10.553451202948665,10.562052452278541
89.22,0.1307341001210773,0.0500358430609749,10.520369926516446,10.536891355508898,10.528630641012672,10.561063484954133
89.24,0.1627735799090852,0.0449141818672456,10.520369926516446,10.536891355508898,10.528630641012672,10.560750124998348
89.26,0.1951821075172916,0.0821716313918324,10.630586286327302,10.7280759712243,10.6793311287758,10.576121503311406
89.28,0.2098013611115352,0.0082320388838068,10.630586286327302,10.7280759712243,10.6793311287758,10.590218890357852
89.3,0.2243611472506091,0.0116305009932531,10.630586286327302,10.7280759712243,10.6793311287758,10.603168614850157
89.32000000000001,-0.0144195096976087,0.0452888806285019,10.630649285237888,10.705444672680615,10.668046978959252,10.609396900086509
89.34,0.1873834807429605,0.0148156890986698,10.630649285237888,10.705444672680615,10.668046978959252,10.618634810627157
89.36,0.2350577709263321,0.0729470443084469,10.51257777302886,10.72128425513064,10.61693101407975,10.62269547084909
89.38,-0.0571108995817437,0.0104652512872744,10.51257777302886,10.72128425513064,10.61693101407975,10.621091028979684
89.4,0.1148667045802686,0.0526081878336611,10.51257777302886,10.72128425513064,10.61693101407975,10.622742628172137
89.42,-0.0921312639551135,0.0073594627898312,10.54541596402506,10.502149284964425,10.523782624494743,10.611188265053206
89.44,-0.1144364931072437,0.0516374018415715,10.54541596402506,10.502149284964425,10.523782624494743,10.60038784412143
89.46000000000001,0.0874329144383906,-0.011419392947913,10.566364416658024,10.646542060574696,10.60645323861636,10.602568176030815
89.48,0.235291515466871,0.0948002074584666,10.566364416658024,10.646542060574696,10.60645323861636,10.607191929567772
89.5,0.2771139820208486,0.0570796941020844,10.566364416658024,10.646542060574696,10.60645323861636,10.612106112149005
89.52,0.1544468585617184,0.0530259826191553,10.584481282428012,10.600618673130551,10.592549977779282,10.612930542166144
89.54,-0.0047465210503995,0.0914409041939529,10.584481282428012,10.600618673130551,10.592549977779282,10.610807048348551
89.56,0.243312772735388,0.0176620959872078,10.69670231693165,10.5657316545464,10.631216985739027,10.617227671996835
89.58,0.0638509513039289,0.0212700462379069,10.69670231693165,10.5657316545464,10.631216985739027,10.619775920494526
89.60000000000001,0.1318891883694673,0.0899840910689605,10.69670231693165,10.5657316545464,10.631216985739027,10.623294032409628
89.62,0.12183878643962,0.0985271426507577,10.64702140856146,10.894905334297444,10.770963371429453,10.640254064467525
89.64,0.2880569108104945,0.0267897819355592,10.64702140856146,10.894905334297444,10.770963371429453,10.658510019558305
89.66,0.3184210758904771,0.0172167727326753,10.593913293921036,10.638347306146771,10.616130300033904,10.660003626971893
89.68,0.2083252859759911,0.07756983688573,10.593913293921036,10.638347306146771,10.616130300033904,10.659366149425665
89.7,0.2571193198053744,0.0741625699730328,10.593913293921036,10.638347306146771,10.616130300033904,10.659670712242985
89.72,0.1420918875720099,0.01150448062202,10.507357030203565,10.778644195554238,10.6430006128789,10.660561356282873
89.74,0.0176696540692226,0.0728580343961232,10.507357030203565,10.778644195554238,10.6430006128789,10.659123335715721
89.76,0.134740742192419,0.0470344415713048,10.75629342267282,10.641946814428003,10.699120118550411,10.665548347358655
89.78,0.2863662016123287,0.0313685166249343,10.75629342267282,10.641946814428003,10.699120118550411,10.674060116106851
89.8,0.130695585211639,0.0801022472056379,10.75629342267282,10.641946814428003,10.699120118550411,10.678918636885017
89.82000000000001,0.0940989750835709,0.0632732502642196,10.687167405605232,10.72058591345144,10.703876659528337,10.683108220700854
89.84,0.1148266357393316,0.0634530239061153,10.687167405605232,10.72058591345144,10.703876659528337,10.68725194402691
89.86,0.0366824714204806,0.0510147767177353,10.660081404787247,10.8082175704184,10.734149487602824,10.692601982870071
89.88,0.2553038282748416,0.0499523606387379,10.660081404787247,10.8082175704184,10.734149487602824,10.701352202252293
89.9,0.3402250572781212,0.0456383194216552,10.660081404787247,10.8082175704184,10.734149487602824,10.710755981818357
89.92,0.0607234033709644,0.1057056798153247,10.51974194288609,10.690433216860344,10.605087579873217,10.70128216288452
89.94,0.2250386256610982,0.0689058280069817,10.51974194288609,10.690433216860344,10.605087579873217,10.695713399845289
89.96000000000001,-0.0118741035495064,0.0835718028919404,10.721576956751733,10.752729531237629,10.73715324399468,10.699643650396338
89.98,0.2755883474636888,0.0804741034643129,10.721576956751733,10.752729531237629,10.73715324399468,10.708355200010516
