time_s,motor_current_a,current_slope
0.0,3.4270701124271072,
0.5,2.962131357149736,
1.0,3.336125549514953,
1.5,3.3042030527370163,
2.0,3.225925218001118,
2.5,3.333755569801325,
3.0,3.3859672671994394,
3.5,3.3894446396064666,
4.0,3.371585770359375,
4.5,3.4050453994745835,
5.0,3.128668030465405,
5.5,3.2245180124347854,
6.0,3.2135388552956208,
6.5,3.298272238037056,
7.0,3.1355444252352886,
7.5,3.248387056458153,
8.0,3.49708129792652,
8.5,3.2087998372008117,
9.0,3.4289566649411527,
9.5,3.319570285902393,
10.0,3.334866876854209,
10.5,3.1256617704358978,
11.0,3.5290506683303366,
11.5,3.2513753853370666,
12.0,3.460730754404795,
12.5,3.569890974163633,
13.0,3.2844309350661045,
13.5,3.3691553095099223,
14.0,3.38458172547258,
14.5,3.1660939871865845,
15.0,3.469730753845058,
15.5,3.302028714608789,
16.0,3.377336494981254,
16.5,3.0607711906496924,
17.0,3.1868748394789304,
17.5,3.434169768614668,
18.0,3.4733922371558714,
18.5,3.0668882142490177,
19.0,3.390080280095203,
19.5,3.32028301914083,
20.0,3.172250178126159,
20.5,3.3043277507162534,
21.0,3.367102809669531,
21.5,3.32329542825957,
22.0,3.216691417118464,
22.5,3.71296851746527,
23.0,3.485468023108039,
23.5,3.027412847854235,
24.0,3.460080179663711,
24.5,3.2898889124698125,
25.0,3.560698171044682,
25.5,3.283454315239056,
26.0,3.433733214624412,
26.5,3.370790012929309,
27.0,3.3724994714053844,
27.5,3.1349369821216606,
28.0,3.322666663188252,
28.5,3.4963168625819936,
29.0,3.100714749329608,
29.5,3.196761720793026,
30.0,3.319701333321289,
30.5,3.3096198273995614,
31.0,3.2204550934749587,
31.5,3.357765946868503,
32.0,3.194936951965814,
32.5,3.372678908685103,
33.0,3.384280059625763,
33.5,3.2867030841399094,
34.0,3.293707811560349,
34.5,3.2603029075103627,
35.0,3.321547294693454,
35.5,3.4289155002409517,
36.0,3.5389448192491724,
36.5,3.553572709158087,
37.0,3.532187416695461,
37.5,3.2586858165056385,
38.0,3.361872776719049,
38.5,3.4237663904932942,
39.0,3.474047749215844,
39.5,3.2443188607258944,
40.0,3.4216827022092957,
40.5,3.374237095819087,
41.0,3.5230201532300054,
41.5,3.4862179676315006,
42.0,3.4968911844344834,
42.5,3.261302270473544,
43.0,3.415154377991557,
43.5,3.4363085295466487,
44.0,3.53466638184168,
44.5,3.642503645749412,
45.0,3.689173369867317,
45.5,3.1462698638191826,
46.0,3.2430566574988373,
46.5,3.502338890871272,
47.0,3.339041733997343,
47.5,3.598518756806552,
48.0,3.3796692663774643,
48.5,3.237608758969625,
49.0,3.4402034751877903,
49.5,3.674156681468975,0.0016008281751842767
50.0,3.458798314025183,0.001712001069661536
50.5,3.254254152259554,0.0014195007406104165
51.0,3.4543694813833112,0.0014690381278624196
51.5,3.704746421463385,0.001646548254566069
52.0,3.5964462260432626,0.0017074735184292482
52.5,3.279035539926759,0.001640743010256423
53.0,3.602010411916924,0.0017981789216694763
53.5,3.565302308655375,0.0019333227604799556
54.0,3.4698155738231886,0.001998807746122474
54.5,3.470803617303188,0.002083979375858771
55.0,3.67312621242023,0.0021210520329638196
55.5,3.5670064898740423,0.0021466400172991482
56.0,3.3475359110343463,0.002031085132561159
56.5,3.4074511206095157,0.002000868881446644
57.0,3.3984787139860893,0.0018653892933153929
57.5,3.562339864330417,0.0018924869092650978
58.0,3.4934740504853607,0.002025630112984981
58.5,3.3612146719714047,0.001905530643369775
59.0,3.6342222398305735,0.002079213106849622
59.5,3.3624227479081514,0.002022672317206067
60.0,3.512125521585109,0.0020638202485714335
60.5,3.595837323614772,0.00202577967326554
61.0,3.5065924053688824,0.0021735577638740174
61.5,3.577537986352053,0.0021954632199846853
62.0,3.690493285475862,0.002407438533203471
62.5,3.53335811920448,0.0025894665057239735
63.0,3.307619789411879,0.0024648248539516585
63.5,3.713902815136396,0.0026326092667269714
64.0,3.4642036171799107,0.002657269481502177
64.5,3.4339852245695184,0.0025306058065760204
65.0,3.6483837819540814,0.002712114877757376
65.5,3.4805110638798102,0.0026901159314863853
66.0,3.6673333814450046,0.0028225996168267167
66.5,3.452828077569724,0.002632316337906232
67.0,3.5295486721994607,0.002559330950532425
67.5,3.574197383918735,0.002658632767703966
68.0,3.468065600184576,0.0027169766941006327
68.5,3.843028422978744,0.002751768663803477
69.0,3.696255337990321,0.002885928067164583
69.5,3.5839499302775093,0.0029073955483189732
70.0,3.64112763433111,0.002869948789668688
70.5,3.684896891776416,0.0029329234916021167
71.0,3.313357044830324,0.0028086596566288327
71.5,3.4842962890218843,0.0027600389730641313
72.0,3.530611727186613,0.0026723917160312535
72.5,3.5405383726699773,0.0028876480558645383
73.0,3.883338520958893,0.0031707383293318697
73.5,3.686060479811868,0.0030542496062801847
74.0,3.5924306909394064,0.003136457289771984
74.5,3.4912146663714223,0.00305380205432368
75.0,3.593665524120873,0.0031937193872849305
75.5,3.581075843523533,0.0031577354749917266
76.0,3.744538421488023,0.003306364349976244
76.5,3.5845646719567528,0.003318081883895528
77.0,3.523460565488007,0.003291970431601909
77.5,3.787636965489241,0.0032770064740235685
78.0,3.7972686922754537,0.003373706715502096
78.5,3.7632217824432472,0.0035497278211102544
79.0,3.5962791048567624,0.003383613022972362
79.5,3.6726556352939546,0.0033151333398662
80.0,3.70899874630434,0.0033370411816708275
80.5,3.569890438514012,0.0032655283850397533
81.0,3.7406897439953184,0.003238317729987083
81.5,3.59876121580917,0.003203768356670254
82.0,3.750686523695668,0.0031578951697183166
82.5,3.42935562432403,0.0030221850757600594
83.0,3.816134530301164,0.00312259544088048
83.5,3.634522882615089,0.003050797365638821
84.0,3.552320976681601,0.0029302375093296614
84.5,3.305302703896189,0.0026395850598909
85.0,3.540599132124257,0.0025252904256774346
85.5,3.428589828616029,0.002406898365950152
86.0,3.561195523692576,0.0024339703108772906
86.5,3.6809584812371257,0.0025407869198837783
87.0,3.848963026833135,0.002732918643988506
87.5,3.4884706571238078,0.0025413362520376385
88.0,3.961417349584967,0.0026904921490394636
88.5,3.854004394966102,0.002806154396705561
89.0,3.441584449006624,0.0027021248746269236
89.5,3.535247313609082,0.0025148966274272586
90.0,3.5026321317464992,0.0024122947713446728
90.5,3.7451202390564142,0.002424018852971043
91.0,3.721088657129544,0.002507187254437002
91.5,3.5118756192369327,0.002441389268236485
92.0,3.795950863476381,0.0025505095465040064
92.5,3.807174037971016,0.002519926822112219
93.0,3.580378538060843,0.0024413066829782433
93.5,3.769744854129027,0.0024860191947754665
94.0,3.915895292183096,0.0026731629324951646
94.5,3.671358238183877,0.0027758178462609115
95.0,3.829880543004209,0.0030005828178019983
95.5,3.553949938888776,0.0027307075357303075
96.0,3.5624898707847543,0.0025196714931978352
96.5,3.6124502193151633,0.002491622031214745
97.0,3.736278782321579,0.0024368446498585854
97.5,3.842155534322644,0.00259745582928963
98.0,3.752216626141073,0.002569077965826323
98.5,3.7331187945918094,0.002438786563262503
99.0,3.749793215193214,0.0024352387184924796
99.5,3.727326741420928,0.0025564188272233592
100.0,3.5797796416194085,0.0024587888662748556
100.5,3.9602975885732654,0.002461791091074383
101.0,3.743931299390652,0.002449067535734638
101.5,3.91287952542187,0.0026849777739092456
102.0,3.457316101605149,0.002582121946058013
102.5,3.8502164147302502,0.0025219718604840113
103.0,3.786207351615819,0.00261268407957888
103.5,3.772210862721477,0.002670623633151067
104.0,3.511682488838569,0.0025134399563566515
104.5,3.4190311950977383,0.0023013122680477565
105.0,3.669779476102668,0.0023613850404092386
105.5,3.6177453784841735,0.002326271649141804
106.0,3.966122633191389,0.002364493643268824
106.5,3.7698987184936894,0.0023150354403823543
107.0,3.644850301007132,0.0021815034205387887
107.5,3.8232141255273295,0.0022502831416986893
108.0,3.5444979872953546,0.002108621258263896
108.5,3.752649407261471,0.002009844136143939
109.0,3.632726390268559,0.002000587063234305
109.5,3.6356268372215808,0.001828344015306987
110.0,3.502318383563059,0.001664358003386582
110.5,3.751240373755284,0.0016990985639838672
111.0,3.5752241680263643,0.001573322189625987
111.5,3.775695653945497,0.0016088114453909966
112.0,3.5687463406182403,0.0015874401422416114
112.5,3.80029740837943,0.0016098516041967283
113.0,3.6175432239292022,0.0013836815231096622
113.5,3.859301628305513,0.0015436429797507656
114.0,3.903741127566693,0.0015769263314228856
114.5,3.370481611891472,0.001269832697038761
115.0,3.5658689708834777,0.0012095114002568137
115.5,3.830414534611714,0.0012055951194108916
116.0,3.4878080246136745,0.0011071766041984247
116.5,3.818974628979913,0.0010776420305071948
117.0,3.4845418252190887,0.0008915376361286519
117.5,3.677781409741664,0.000847828995997623
118.0,3.678152269352515,0.00073877524271132
118.5,3.720653082879191,0.0008796984009342814
119.0,3.9491823981975074,0.001068896814560046
119.5,4.003472125940069,0.0012192472398696568
120.0,3.700917453223525,0.001219480600187659
120.5,3.946659346820115,0.0013915085169427786
121.0,4.002839542933433,0.0013685936792039723
121.5,3.614655934044991,0.0012103996418682751
122.0,3.8058455891906,0.0011922891078269737
122.5,3.645702358044248,0.00108175699314552
123.0,3.681805225429632,0.0011991676980115504
123.5,3.510421938518752,0.0010976227414976106
124.0,3.87377302783219,0.0011572924639425778
124.5,4.002388797416951,0.0012286481031816452
125.0,3.622006958706719,0.0011299910591821365
125.5,3.8226411028859166,0.001142552375004061
126.0,3.793429865395799,0.0012339296364855265
126.5,3.954322097719471,0.0013233458983244323
127.0,3.6546761851703,0.0011932843627002114
127.5,3.780896797853463,0.0012967375334449896
128.0,3.3451300954392837,0.0011472376960989432
128.5,3.6918013065398703,0.00118847286745127
129.0,3.5212015611525493,0.001028041406473756
129.5,3.703047258285376,0.0010228269192598697
130.0,3.550088502824155,0.0009484072365788742
130.5,3.6618232446854937,0.0008579636765766248
131.0,3.6157963048662,0.0008425888066383049
131.5,3.833303076927677,0.0008719074618457671
132.0,4.003090852746421,0.0010913513026539366
132.5,3.6862927581066858,0.0009248231010740263
133.0,3.865102177327664,0.0010958462210603167
133.5,3.670808083915541,0.001040791771540739
134.0,3.593114828829425,0.0008893281101675258
134.5,3.843161010430008,0.0007362091155980264
135.0,3.8860277261346927,0.0007447044474175586
135.5,3.7237701529388816,0.0005847791576424692
136.0,3.867770309780825,0.0005872230852777854
136.5,3.607464356218804,0.0005039341580507056
137.0,3.798862842360117,0.0006370502562255103
137.5,3.811682351676573,0.0005599029427629178
138.0,3.740807136732766,0.000723406972054845
138.5,3.7993646530998446,0.0008592464716710139
139.0,3.560190233420756,0.0006037064176934087
139.5,3.596004194073454,0.00042478394463772164
140.0,3.460946266933194,0.0001451331072500235
140.5,4.11009008720093,0.00039857503178509075
141.0,3.865889748733277,0.0004880027770269944
141.5,3.6516605568020033,0.0003216320883561914
142.0,3.883361093256088,0.0004633945104085231
142.5,3.6085241611492287,0.00044764036411891375
143.0,3.809560486518309,0.000416245956648738
143.5,3.726652939700308,0.00044761654702427274
144.0,3.632864088931539,0.000512364166179943
144.5,3.938012817062273,0.0006135806964518683
145.0,3.946677131393716,0.0008128182933179328
145.5,3.726431060205298,0.0007125842715815942
146.0,3.509847612081069,0.0004867925511627171
146.5,3.8578859421769938,0.0004986670437560295
147.0,3.782121039793461,0.00053763477416486
147.5,3.9371730962397953,0.0007323302034956741
148.0,3.715419372510574,0.000739641993466337
148.5,4.010543025671243,0.0009111419333541578
149.0,3.711377090810752,0.0009116958214411564
149.5,3.6004642871448747,0.0008332059101572979
150.0,3.830056031668557,0.0008032071512073056
150.5,3.8905072397711375,0.0010367333215366183
151.0,3.741228189338525,0.0010512853514358844
151.5,3.6216487002087,0.0010972253658860414
152.0,3.866742485344948,0.0010161617234110952
152.5,4.018058869003539,0.0012581967958497115
153.0,3.7178076727244447,0.001281057138526963
153.5,4.006999196936802,0.0014680525839734042
154.0,3.6672370540888495,0.0012924954067222078
154.5,3.8180645782113567,0.0011485195981467047
155.0,3.6984941925375394,0.0010806916529589555
155.5,3.7181726668235218,0.0009926734627185097
156.0,3.784331812056844,0.0011538902171336427
156.5,3.632356313805552,0.0011080826206992563
157.0,3.9095285336119785,0.0011527955427410909
157.5,3.9195992379358624,0.0013084138925620976
158.0,4.023563751982474,0.0013557177311581744
158.5,3.366192336038068,0.001132906908540395
159.0,3.889891104450903,0.0011531615974679705
159.5,3.5624227694349675,0.0009775522032710894
160.0,3.4125757980347418,0.0006330103407120019
160.5,3.675823724013897,0.0005967922156411335
161.0,3.641562275960169,0.0004344493570782114
161.5,3.5323842830143297,0.000327950018229177
162.0,3.714513411551397,0.00020714240347842963
162.5,3.637815747249857,0.00017935642050782703
163.0,3.800812034903175,0.00013958977849412812
163.5,3.760892023111417,0.00022042907739052174
164.0,3.654003565363228,0.0002658843457960996
164.5,3.8452266455212656,0.00010474704880626042
165.0,3.899031564275344,8.82921409408205e-05
165.5,3.839647846455122,0.00019289207067255782
166.0,3.615970639531088,-4.3136668176354464e-05
166.5,3.698752629386707,-3.081905954939696e-05
167.0,3.5160310474582754,-0.00032829266479319005
167.5,3.9484950986886687,-0.00025211994141948515
168.0,3.5367791873417698,-0.00042355505351256595
168.5,3.638396533578188,-0.0005071687098143599
169.0,3.7918724322136623,-0.00036011877229280705
169.5,3.652691768709935,-0.0002609596433694763
170.0,3.678239714081208,-0.00032578020024368406
170.5,3.387064487546797,-0.00041436949816422666
171.0,3.8378592064638055,-0.0001943955395664059
171.5,3.9746743898746426,-0.00012642806561981204
172.0,3.664736345298449,-0.00013103033757774622
172.5,3.8390564654629658,-0.0001274391259576221
173.0,3.852089731123741,-9.654533593061697e-05
173.5,3.775148052088836,-0.00021727175120720874
174.0,3.73667826583094,-0.00014381575451866103
174.5,3.720530670511161,-3.581357755286641e-07
175.0,3.76449257043621,-5.7936348795583815e-05
175.5,3.859548020388544,6.084047499153104e-05
176.0,4.022134462802563,0.00025805659657334275
176.5,4.009006572473492,0.0005422396856156723
177.0,3.794104593331467,0.0005164983699053337
177.5,3.749291376007607,0.0005389593737246517
178.0,3.689956794487276,0.00026245038252052845
178.5,3.990054119893472,0.00037018246025295927
179.0,3.721031197980925,0.00021112576402699485
179.5,3.438414983462352,-8.01043475270744e-06
180.0,3.885476399601676,-5.10919653904735e-05
180.5,3.779780336301177,-9.32702684993441e-05
181.0,3.8933797751517103,-9.727449815352393e-05
181.5,3.8009012989785953,-2.7725485104422476e-05
182.0,4.030445805691501,0.0002814771437752634
182.5,3.625995930534586,0.00015808538258570138
183.0,4.042263260007576,0.0003910741231320734
183.5,3.893024594234257,0.00041552608893168324
184.0,3.7293936867475903,0.00029301788896165387
184.5,3.68600002221053,0.0002946389049331213
185.0,3.652271031876016,0.0003040888451139752
185.5,3.54267896243938,0.00015290202334772825
186.0,3.80204541819129,0.00024524041815196783
186.5,3.872996695408144,0.00022275568015028398
187.0,3.6985942192700207,0.00020947788654829125
187.5,3.627600690565664,0.00016299846285577386
188.0,3.96240298217792,0.00027466601475592046
188.5,3.696553110069492,0.000261232937333787
189.0,3.785648011280516,0.00015700719215508812
189.5,3.689340238787648,1.456857564969617e-05
190.0,3.622329752246666,-0.0002506516844089709
190.5,3.577296173913123,-0.00015114086363115568
191.0,3.477584375884001,-0.00025247081311162
191.5,3.8875039573217816,-0.0002354599229702731
192.0,3.604950510599565,-0.00024870840183384695
192.5,3.6572245296936057,-0.0003941295844908391
193.0,3.835976552521748,-0.00031210571233130133
193.5,3.868254994265092,-0.00026147055081102854
194.0,3.848148020930015,-0.00028132124825835394
194.5,4.063464260371228,9.093649145156503e-06
195.0,3.7132501350948255,9.52060830532656e-05
195.5,3.6068340240773433,-1.2580038023105318e-05
196.0,3.873083729591485,-9.20254050784237e-05
196.5,3.939301822511432,7.443976074202718e-05
197.0,3.724674260296072,6.650819352478364e-05
197.5,3.724423822104559,0.0001530882247420841
198.0,3.4032753477977584,-8.295596549125683e-05
198.5,3.658786791526082,1.5397743751842854e-05
199.0,3.671218074266827,-5.59548173998033e-05
199.5,3.6217757214994135,-0.00022341699788018857
200.0,3.9231051121981655,-7.29808704856632e-05
200.5,3.756543311607152,1.4028047780698132e-05
201.0,3.780455873400576,2.6378024434025204e-05
201.5,3.684721162289411,-9.108730146439361e-05
202.0,3.4394060103913198,-0.00020649965804569808
202.5,3.8482726010093145,1.781447904596542e-05
203.0,3.605435147951845,-8.206403997329546e-05
203.5,3.519686060859893,-5.626641514083377e-05
204.0,3.4465505063434234,-0.00027398376212129917
204.5,3.666602654164896,-0.0002669179367873612
205.0,3.618140176856616,-0.0003592908774809384
205.5,3.812753266100648,-0.000323161389315178
206.0,3.800017159693653,-0.00025563653399843553
206.5,3.629296449201731,-0.00038182452811073506
207.0,3.813604120290511,-0.00023050293105923857
207.5,3.7034072533719984,-0.00013739015405921998
208.0,3.4870154037381083,-0.00010722363104010504
208.5,3.615568018279261,-0.00039265691284741416
209.0,3.4541489717947687,-0.0004595823120069657
209.5,3.747251518335119,-0.0005456236155397547
210.0,3.664828333277031,-0.0007736637005305559
210.5,3.830667249865621,-0.000746668752844008
211.0,3.583267555352996,-0.0008892667428224703
211.5,3.804260432079113,-0.0009660507097012286
212.0,4.011061356006276,-0.0008128641926141641
212.5,3.5493934681520543,-0.0009839781908642213
213.0,3.9435160032136234,-0.0008211131877204961
213.5,3.926860869097673,-0.0006940488890776242
214.0,3.452044857932358,-0.0009158262167768294
214.5,3.8589184521516953,-0.0007775799360839507
215.0,3.7028533000644113,-0.000699600903370341
215.5,3.9782559681780074,-0.0004916520826469277
216.0,3.830619060639624,-0.0005086337629080907
216.5,4.011396558485578,-0.0003706280059058276
217.0,3.536300710468228,-0.0006293498611848995
217.5,3.4749215748647653,-0.0006626784045917522
218.0,3.739690511464159,-0.0007825598149356042
218.5,3.6553242213059263,-0.0008934087224533616
219.0,3.511160111096585,-0.0009970871320652687
219.5,3.5862543296364127,-0.0011371381473549702
220.0,3.5314700302775104,-0.0012934533587195796
220.5,3.52167222524878,-0.0016302974702354903
221.0,3.457586639302291,-0.0017336187607102458
221.5,3.749022826850722,-0.001576327622585454
222.0,3.573208094371384,-0.0017086140295647818
222.5,3.600094717344784,-0.0017181811787413325
223.0,3.779809294564064,-0.0016102204162905733
223.5,3.651002897387904,-0.0016245421742709385
224.0,3.607685086995649,-0.001686422416088571
224.5,3.532500504828764,-0.001801205114576796
225.0,3.804912417603079,-0.001725258790632016
225.5,3.828317944562144,-0.0015782839163134478
226.0,3.6337365741638497,-0.0014479898990843205
226.5,3.68279071136155,-0.0012918498666340417
227.0,3.559953893913037,-0.001335010842875724
227.5,3.609291373555927,-0.0013732118615190293
228.0,3.5959780682667124,-0.0014536019587838823
228.5,3.527337505183661,-0.0013917636037640614
229.0,3.775054134015077,-0.0013402578957855198
229.5,3.525662064580208,-0.0016088367867418821
230.0,3.6694734433834335,-0.001522083932307577
230.5,3.5418566125522566,-0.0015726089820629024
231.0,3.7501662643704257,-0.001427682208827486
231.5,3.532587013504292,-0.0014663392634209104
232.0,3.92960899989555,-0.0011268036963420372
232.5,3.823684167794317,-0.0010941047458684595
233.0,3.620002425281098,-0.0009324941164663648
233.5,3.670404303390906,-0.0008263218167419297
234.0,3.560348409996195,-0.000882027791968229
234.5,3.4617849535133334,-0.0010205567600330822
235.0,3.5468795126866604,-0.0011262854672412295
235.5,3.638698959632353,-0.001242622579652508
236.0,3.731913288604792,-0.001147545407006277
236.5,3.5479375053232967,-0.0011179183350908985
237.0,3.6368200928977736,-0.0011372870959982465
237.5,3.4804140722653862,-0.0012918553419881177
238.0,3.254561288660215,-0.0013759166626102907
238.5,3.615610108338709,-0.001398119720692666
239.0,3.69144085667506,-0.0013203064864793787
239.5,3.8440485816209007,-0.0012090729458930536
240.0,3.663868815272296,-0.0012473459921342955
240.5,3.739463081877136,-0.0012685031496498299
241.0,3.6316869051647926,-0.0014160633489378853
241.5,3.653497964866784,-0.0013040797883870539
242.0,3.671714323283708,-0.0013497107891969058
242.5,3.7391582309553137,-0.0013243961244645225
243.0,3.63691562988448,-0.0012524683820416926
243.5,3.7932327996100503,-0.0010657272926990666
244.0,3.5692482174549305,-0.0010233320392453705
244.5,3.6088933087279655,-0.0008235434234961839
245.0,3.677153131284907,-0.0007900000061658152
245.5,3.638039000628454,-0.0008437541114285034
246.0,3.684122319145422,-0.0007091430271502254
246.5,3.3678656158685,-0.000720007270916365
247.0,3.6425831987837913,-0.0006908923407362406
247.5,3.548783542528912,-0.0007166665680931621
248.0,3.608773858016337,-0.0008993305290989344
248.5,3.852166793064532,-0.0007850154360039582
249.0,3.576601131240479,-0.0008291893976154822
249.5,3.501474601457561,-0.0009468225262955236
250.0,3.770026399653336,-0.0007208523023080214
250.5,3.637256406764213,-0.0006728647589723756
251.0,3.412247064610365,-0.0007426220840580255
251.5,3.5577184118244265,-0.0007795628764731313
252.0,3.291664618870988,-0.0011217070912894773
252.5,3.524697363275313,-0.0010758450046867618
253.0,3.5296288857325866,-0.0011703442235749763
253.5,3.393046281297847,-0.0013970410008844036
254.0,3.552176211166356,-0.0015720098957459103
254.5,3.5742643210275284,-0.0016017598383327206
255.0,3.520606084815737,-0.0016916489884012352
255.5,3.7015767714886367,-0.0015549129468805112
256.0,3.694095479071717,-0.001429005838496066
256.5,3.542796889520728,-0.0014951749903215697
257.0,3.6819550521084894,-0.0013659362093806878
257.5,3.7885462256716074,-0.0012385819723321324
258.0,3.3770634280818754,-0.001487841306954787
258.5,3.436215427094793,-0.0016227306090407024
259.0,3.5541450038964744,-0.001783240015592251
259.5,3.72760499600618,-0.0016642660476749356
260.0,3.384462122111646,-0.0017988569952198036
260.5,3.8030542616264977,-0.0015809061797298597
261.0,3.2505132044875475,-0.0018408053961994383
261.5,3.438557087061628,-0.0018510668471370352
262.0,3.5087091986735057,-0.0016899310040077184
262.5,3.496960257549791,-0.0018095446210035476
263.0,3.5330025143253128,-0.0016682555924356405
263.5,3.710034567099608,-0.0014269663739083834
264.0,3.677696940839081,-0.0014900527300795896
264.5,3.670592781154296,-0.0013134774178346757
265.0,3.6187379048364496,-0.0012600317892038344
265.5,3.46461577450467,-0.0011302236681212388
266.0,3.467475019695573,-0.0010820296004448093
266.5,3.7420468458263487,-0.0007568032726346379
267.0,3.564409738985427,-0.0008218082967698211
267.5,3.4246108246368623,-0.0010073989991137816
268.0,3.3554789662290005,-0.0010729883206319513
268.5,3.634230592787035,-0.0010195027017736585
269.0,3.3155864840727647,-0.0012424296519932057
269.5,3.437737237633917,-0.0013449330322810246
270.0,3.556589945866475,-0.0014082510656514588
270.5,3.4800832636428103,-0.001523258146001927
271.0,3.4179896606729434,-0.0017134931468528543
271.5,3.4519936257007484,-0.0017064245687214681
272.0,3.46132333938698,-0.0017968032628563556
272.5,3.4761898725271685,-0.0018607126787964466
273.0,3.4046427003602555,-0.001856720432904832
273.5,3.47466920459616,-0.0018846903172684045
274.0,3.489776520738452,-0.0019278225608635865
274.5,3.4887444900270075,-0.002015719261145088
275.0,3.5024310212804584,-0.0019298620951565737
275.5,3.314027279325475,-0.001938112636566968
276.0,3.611073318087796,-0.0018816561827315643
276.5,3.66097524515915,-0.0017655532533534819
277.0,3.4828152036521742,-0.0018294727166491944
277.5,3.721010827707506,-0.0017210625693482508
278.0,3.3469091783807987,-0.001844300463006556
278.5,3.3546399118766224,-0.0020015570573881105
279.0,3.2426232715255017,-0.002073154322013717
279.5,3.5364779342714803,-0.0021149413596732113
280.0,3.2612729481058738,-0.0022331878999468403
280.5,3.516952040557263,-0.002271990508451559
281.0,3.694731168092044,-0.002078634595482698
281.5,3.196049101076848,-0.002312726379960161
282.0,3.750906457080861,-0.001972541688621421
282.5,3.368108132835795,-0.0019218141653406233
283.0,3.3316092390689414,-0.0020107451743540334
283.5,3.649633656478127,-0.0018767431297519986
284.0,3.495244605693685,-0.0019009086217037952
284.5,3.5506850826691734,-0.0019510932812259016
285.0,3.464601711935573,-0.0020019110249630168
285.5,3.641712701876149,-0.0018908787372141527
286.0,3.5680341488897955,-0.0017671585226961954
286.5,3.6988010813348975,-0.0016752887103380209
287.0,3.36689550313644,-0.0017285328376657136
287.5,3.5574685600425737,-0.0017601173566564297
288.0,3.406815139324257,-0.0020190041785021536
288.5,3.324175639170995,-0.0021099935351751994
289.0,3.252689404799252,-0.002193994369090951
289.5,3.409471182444073,-0.002087102439069606
290.0,3.751863847036303,-0.00188079333418013
290.5,3.5168699244489297,-0.0017693259182950624
291.0,3.455144395063732,-0.001757174643677473
291.5,3.3572487925927628,-0.0017878416264528064
292.0,3.1881835222319013,-0.0019043478604796162
292.5,3.359425277329646,-0.001872448273734704
293.0,3.4308224528988074,-0.0018555424848868888
293.5,3.3016817874173574,-0.0018181428789758405
294.0,3.5949429582780885,-0.0017363777456604731
294.5,3.5181452175743826,-0.0016765160722475195
295.0,3.441169618608543,-0.0016199238019972129
295.5,3.561195557647852,-0.0015129024420743062
296.0,3.240193287431091,-0.0015677240026151465
296.5,3.58765380145268,-0.0016024764247185826
297.0,3.5070222144118386,-0.0015212710167215662
297.5,3.304634738308637,-0.0016155171745644706
298.0,3.503172074965201,-0.0015525325145155598
298.5,3.5260679819956677,-0.001327168107680039
299.0,3.6281628049209314,-0.001204249225911961
299.5,3.5310928283005247,-0.001185145708925513
300.0,3.372406027660322,-0.0010979083671523147
300.5,3.3590189961524777,-0.001094318458064974
301.0,3.5764540167969643,-0.0010945893452123166
301.5,3.524322617597608,-0.001039635608036152
302.0,3.41618546295714,-0.0012097656980982335
302.5,3.4573015734968924,-0.0012157328092217807
303.0,3.62822717597424,-0.001116362326627977
303.5,3.5660638069104085,-0.0011378812119652818
304.0,3.522133056151862,-0.0010911316092113087
304.5,3.5666382882396443,-0.0010041959675572958
305.0,3.661829468339736,-0.0008931397316153075
305.5,3.400609235630641,-0.0008292794779792589
306.0,3.633711257267982,-0.0006278649208345868
306.5,3.270159083988864,-0.0007333933835260278
307.0,3.5946482882338446,-0.0005585457210888057
307.5,3.5128563578815712,-0.0003666388270119538
308.0,3.27364893959651,-0.0005629102541544402
308.5,3.48602252037477,-0.0005959283637192283
309.0,3.4182384071368395,-0.0005983395374313186
309.5,3.252535971568031,-0.0005924294913697013
310.0,3.2775173056126605,-0.0007739430285307312
310.5,3.3730378718209546,-0.0006437360029637521
311.0,3.277871380786869,-0.0008997761817399934
311.5,3.310629414661335,-0.0010227184838828617
312.0,3.341469156311971,-0.001083288430544082
312.5,3.41352033752729,-0.0011061691844567424
313.0,3.3317677099254066,-0.001154770684593365
313.5,3.3688993562966485,-0.001071606568589782
314.0,3.464488903680525,-0.0009471611122904374
314.5,3.4744973079957746,-0.0008185168682720878
315.0,3.370566242452812,-0.0007806876680613709
315.5,3.3997564687117383,-0.0008159467333118834
316.0,3.193801162215137,-0.0009710442202083201
316.5,3.6276111917316674,-0.0006987411965958267
317.0,3.191291800695101,-0.0007919232986681379
317.5,3.5686170699694437,-0.0007412005271398731
318.0,3.307916158543907,-0.0008889759279547533
318.5,3.613721875267878,-0.0006855733758539032
319.0,3.5938438779913686,-0.0006868510474283191
319.5,3.694724885468864,-0.0005575080705651774
320.0,3.2256399778504536,-0.0006378816110642054
320.5,3.3586954704308294,-0.0006816081740841138
321.0,3.570739336224872,-0.0006355437716069881
321.5,3.4913857691848245,-0.0006178448177963232
322.0,3.356634865415191,-0.000675014286895048
322.5,3.3945789727890894,-0.0006993762946969197
323.0,3.488958601355467,-0.0007100536902054065
323.5,3.641503384431645,-0.0005886820089039868
324.0,3.618752530602488,-0.00047367194751486393
324.5,3.409481746028898,-0.0004851545041537502
325.0,3.378917564498356,-0.0005055478848366327
325.5,3.3326086447991714,-0.0006661532911667215
326.0,3.441234778544496,-0.000582423417419795
326.5,3.5377823839668725,-0.00040905667208506087
327.0,3.414102225342374,-0.00041566060886040636
327.5,3.155995230021923,-0.0004304098114654212
328.0,3.403704285511865,-0.0005179525267804571
328.5,3.4109883921629365,-0.0005971643664442866
329.0,3.584756128306056,-0.0006417129703317556
329.5,3.502799871346263,-0.0005609607294261073
330.0,3.310507896013462,-0.0007608280686874862
330.5,3.502590943226205,-0.0006922205197649869
331.0,3.603661821211464,-0.00045565358892705093
331.5,3.3966033739819994,-0.0006432302905552419
332.0,3.47606670618832,-0.0004497307587659969
332.5,3.557167045881682,-0.0004367533848965017
333.0,3.344642096933315,-0.0005744179314736369
333.5,3.4747568001806104,-0.0004422009535137998
334.0,3.4110661532110984,-0.0004392903929954267
334.5,3.45673352233206,-0.0003746401707760884
335.0,3.4092679200634044,-0.0003892315444044243
335.5,3.160475821357621,-0.000443616138579621
336.0,3.4515689780382592,-0.0003639523533920723
336.5,3.6490597529808575,-8.631690761060757e-05
337.0,3.512936429860117,-9.010474253897152e-05
337.5,3.444181572415347,-2.099089125646244e-05
338.0,3.3015377512572424,-0.00012656146728836853
338.5,3.831950181142787,3.414335913593913e-05
339.0,3.3166609469600448,-0.00016068312520836246
339.5,3.3427178299191045,-0.0002457787492420892
340.0,3.393057721657653,-9.265766093870244e-05
340.5,3.3603395547968677,-9.70875624329963e-05
341.0,3.2722691898941743,-0.00018936735203994517
341.5,3.340680246450981,-0.00029814285625894894
342.0,3.6080635489864106,-0.00035034175239608435
342.5,3.386460002701769,-0.00043544250194346576
343.0,3.513032257203456,-0.0004024052468259578
343.5,3.388511751975292,-0.0005225942553737181
344.0,3.547422014806425,-0.00037168914842135043
344.5,3.4948505727907437,-0.00029798837800472345
345.0,3.457209606900807,-0.00029302089189103353
345.5,3.1926854823066635,-0.0003726459558429873
346.0,3.2182322895129696,-0.000627218965956254
346.5,3.149843968244511,-0.0007115730135346471
347.0,3.315103474978255,-0.0007413664818035138
347.5,3.399215460322857,-0.0008415482552535125
348.0,3.2976914094115397,-0.0008828507696692425
348.5,3.3163907592151034,-0.0008967024375699113
349.0,3.129589912236383,-0.0009571328770870383
349.5,3.328848037780713,-0.0009520389687157435
350.0,3.09907226836984,-0.001177192155785821
350.5,3.630244533831388,-0.001091630481667877
351.0,3.236533602877995,-0.0011114327208691663
351.5,3.595343677689803,-0.0009455957946634899
352.0,3.276852190515469,-0.0010353517395596675
352.5,3.322710502849286,-0.00107127410131491
353.0,3.138309950663266,-0.0011115348169549461
353.5,3.605465524000628,-0.000906072544682796
354.0,3.146890029228168,-0.0010001289237353884
354.5,3.259630357330414,-0.0009957346158581955
355.0,3.477017257957314,-0.0008008234870150004
355.5,3.207763611163312,-0.0009219623438631525
356.0,3.2589678829883977,-0.0008690944899702749
356.5,3.368968824406726,-0.000966716822409351
357.0,3.1300469923977143,-0.001010798628121654
357.5,3.3339268782898017,-0.000977758763690471
358.0,3.172717783345103,-0.0011833135028424657
358.5,3.28149480233139,-0.0011943256746332078
359.0,3.1228197407549603,-0.0013382269619175763
359.5,3.3203062489462463,-0.0014616898714566859
360.0,3.4012502736951675,-0.0015227403439486875
360.5,3.656206948561962,-0.001375925097492705
361.0,3.2088690108345848,-0.0015559301905682808
361.5,3.30006113184895,-0.0016610802812936985
362.0,3.355234133420925,-0.001714636746888858
362.5,3.416309950061218,-0.0016884083628235492
363.0,3.61956281945306,-0.001591016225641303
363.5,3.156020449592552,-0.0017499456519259027
364.0,3.142954829313022,-0.0018561489714507898
364.5,3.429533208430916,-0.001782183214964589
365.0,3.289783003407549,-0.0018536862836690583
365.5,3.302861945872274,-0.0018987591415469338
366.0,3.496673387047931,-0.001952355037133121
366.5,3.071390764358202,-0.0019993137356882668
367.0,3.582434783220048,-0.0020004426098967445
367.5,3.355044799113356,-0.0019126668468108744
368.0,3.2131756454598124,-0.002064607217682236
368.5,3.222073494711259,-0.002024787939641606
369.0,3.318121797900277,-0.0019352572841518172
369.5,3.42270413612485,-0.001719149506552005
370.0,3.60599523099017,-0.001675185237977711
370.5,3.3843804161784874,-0.0016867983616747353
371.0,3.2095828617734976,-0.0016740484330608812
371.5,3.2917277989513427,-0.0016562582916749764
372.0,3.401042775278038,-0.0016527996395415438
372.5,3.3589116230358576,-0.0016519059141823888
373.0,3.342735284088998,-0.0016029940692374638
373.5,2.951532571527239,-0.001692273636344054
374.0,3.462779379150439,-0.0014833501470824504
374.5,3.342251391032089,-0.0014709863563671605
375.0,3.318309651248614,-0.0014905622828025435
375.5,3.440919776788467,-0.0014646391551405005
376.0,3.4008497723544657,-0.0013979858336271144
376.5,3.321564614048947,-0.0013194342373594858
377.0,3.091425628865031,-0.0014499616690813383
377.5,3.010579505607776,-0.0017810724763620057
378.0,3.4466483013898155,-0.0017012606503649635
378.5,3.370469097753968,-0.0016628045664617947
379.0,3.605573389411406,-0.0013788825070809294
379.5,3.4929520489071493,-0.0012117845052162346
380.0,3.5139411535181133,-0.0011486401337580875
380.5,3.565770052747388,-0.0009407337924398877
381.0,3.130186692574161,-0.0009310929908737373
381.5,3.662111762176962,-0.0007252647967016768
382.0,3.596216337142275,-0.0005136092236036374
382.5,3.526943501664844,-0.000295396048736288
383.0,3.5057508876235994,-0.00021821282613679723
383.5,3.2696458863626288,-0.0002043661032566948
384.0,3.523143998743353,-7.606525730782222e-05
384.5,3.525824015315136,8.015980244694373e-05
385.0,3.357560501911688,0.00010683013887717788
385.5,3.641307466680788,0.00015190048958376297
386.0,3.358987166301303,0.00019990534852035372
386.5,3.517556865164273,0.00046291250016688816
387.0,3.4014794722640413,0.0005760419935074717
387.5,3.5419259398173524,0.0007322730386095116
388.0,3.30240758877209,0.0006585921039620646
388.5,3.3068538887626757,0.0009090041752700918
389.0,3.325663295008246,0.0008645954314002703
389.5,3.2415599225934515,0.0007859082993738919
390.0,3.303379568169297,0.0007756687508593363
390.5,3.3954526607414257,0.0008013731424509133
391.0,3.536127080747325,0.0008568491182819919
391.5,3.5332432636655784,0.0009489065704973848
392.0,3.350845503718569,0.001092348416873563
392.5,3.334078300883028,0.0010946112943632483
393.0,3.294530662348864,0.001150719625758861
393.5,3.5447405768564626,0.0012826228188281634
394.0,3.484538984643948,0.0014731970065998052
394.5,3.5992470041163824,0.0017008077640954813
395.0,3.4999684047737687,0.0018453755467789429
395.5,3.483154577487572,0.0018191241090538628
396.0,3.3562552629735127,0.0017294838756526836
396.5,3.555518737265165,0.0017151140746537847
397.0,3.4945609867567056,0.001759820441322031
397.5,3.477982574275372,0.0018435015014232144
398.0,3.327639852434068,0.0017753950257773875
398.5,3.505250516431359,0.001823773357691362
399.0,3.6474321763600073,0.0018411368637647149
399.5,3.3090833500165253,0.0017720488387473004
400.0,3.6201893778985945,0.00174875543374402
400.5,3.4819096143927624,0.0019589841889896265
401.0,3.3013619393721285,0.0018251244112952065
401.5,3.373448084622683,0.0019507707197862698
402.0,3.441958708970549,0.0019267542787541714
402.5,3.3804265148316013,0.001891995499222523
403.0,3.246374812103502,0.0016651514729771719
403.5,3.4304084120082243,0.001829462019637703
404.0,3.4241095587682397,0.0017142070264314735
404.5,3.559228582011691,0.0017442212644304712
405.0,3.2461883799467226,0.0017164251244488015
405.5,3.585495884130958,0.0017297839940324897
406.0,3.5924707416626056,0.0017737859947534738
406.5,3.5038512361776326,0.001827807547366959
407.0,3.5330923720799907,0.001752780210678855
407.5,3.528532589693864,0.001793770631323532
408.0,3.337561946751184,0.0016212751613978236
408.5,3.5417362940028543,0.0016340185211674572
409.0,3.4021277312716944,0.0014645361868899712
409.5,3.387599770233669,0.0014027601424625921
410.0,3.5653361279647084,0.0014948194348035448
410.5,3.235825424471824,0.0015436797640914581
411.0,3.2867989579102286,0.0013567525815168684
411.5,3.349875617534866,0.0012616293811273242
412.0,3.544035580958428,0.0013146890824259592
412.5,3.4553452632478385,0.0013498112687665728
413.0,3.397656051329086,0.0014733777227474065
413.5,3.522028153706829,0.001392556971902164
414.0,3.381938464088799,0.0012162035338163324
414.5,3.703312015582832,0.001401580852521764
415.0,3.49844882371211,0.0013772744969585806
415.5,3.485064066328633,0.0013504391919046265
416.0,3.314587992562939,0.001337605807132847
416.5,3.3739916453783123,0.001104499920267038
417.0,3.6922359659284094,0.0013665421394766458
417.5,3.6632065109950886,0.001472209280386851
418.0,3.48502496226535,0.0013823463806909232
418.5,3.5590816184870206,0.0013386076520524731
419.0,3.435141595911489,0.0012754077781368587
419.5,3.3863518882501924,0.0012452027767456341
420.0,3.419259631703804,0.0013460687125224767
420.5,3.5105437774899824,0.0013690918960366433
421.0,3.5351715889615787,0.001299293439095687
421.5,3.732597647833642,0.0013926551443445084
422.0,3.6745608810235,0.0015125000959001448
422.5,3.491439928342498,0.0014947437459053687
423.0,3.4363429102767853,0.0014328621535898652
423.5,3.408881584175653,0.0011164509452819991
424.0,3.113680543851736,0.0009290305953754646
424.5,3.677315923784654,0.0010075854838967864
425.0,3.6514198679907968,0.001052225255062979
425.5,3.394092037320046,0.0010143084526296503
426.0,3.8777338083189,0.0012399807312643688
426.5,3.483995098218968,0.0011779740338373984
427.0,3.4878995904672654,0.000976859303171094
427.5,3.535188292562002,0.0007500810569644056
428.0,3.3333568265312805,0.0006613911135661902
428.5,3.5488973761725533,0.0006559354803809113
429.0,3.45762479479576,0.0007366046077372325
429.5,3.7192967156650543,0.0009062426037666036
430.0,3.460144836744252,0.0009319332503752148
430.5,3.7058644141322006,0.0011356529975965605
431.0,3.349970810431661,0.0008622795863023558
431.5,3.663799159396438,0.001095080014442154
432.0,3.649325147819547,0.001279325147838169
432.5,3.70881842076972,0.0014562919135023694
433.0,3.726614320172988,0.0016288037747834185
433.5,3.270086007780827,0.0013843661315983222
434.0,3.733305731020919,0.0015687384596606748
434.5,3.5186979309322544,0.0016247230649532303
435.0,3.6223887640409576,0.0016404138196174389
435.5,3.4513727376654666,0.0017233004957112421
436.0,3.6619164719033344,0.0017624388898323674
436.5,3.579862056661103,0.0018452994193568692
437.0,3.570503913946381,0.0018515029840168726
437.5,3.851302507164444,0.0021076081692475313
438.0,3.7146709536001374,0.002133670567840787
438.5,3.416954246895426,0.0019806186286339955
439.0,3.780982284202917,0.0020538992727333833
439.5,3.5869318845126514,0.001955466336505072
440.0,3.7254102610863433,0.0019726193562330106
440.5,3.5272607402584613,0.0019227967888142098
441.0,3.854472715138097,0.002151032941915324
441.5,3.6407239357877343,0.0022467213245410383
442.0,3.5365834628140917,0.002168710085664908
442.5,3.4943603940112515,0.002053224816089353
443.0,3.4664258742140213,0.001895252939024245
443.5,3.728705792146336,0.00204267033778775
444.0,3.608476381569485,0.0020799707075014307
444.5,3.69746288173273,0.002238166958937418
445.0,3.6275980736443385,0.002293511807495606
445.5,3.622345207381671,0.0023340142338896907
446.0,3.664096357076869,0.0023207401934017624
446.5,3.719372806461037,0.002457374927016945
447.0,3.377082615279501,0.0023517584163073946
447.5,3.637829484640532,0.0023924033946412368
448.0,3.629103441554493,0.0023348294291273466
448.5,3.604171763089261,0.0023664694673184517
449.0,3.6613504256988216,0.002517060557161616
449.5,3.747355786619218,0.0025135170101716
450.0,3.6922343883122126,0.002660517390637298
450.5,3.769223869553924,0.0027685835527292164
451.0,3.9184020178255223,0.0028523994477433136
451.5,3.6909513130215528,0.0028373794635963494
452.0,3.708819021563387,0.002870685130502363
452.5,3.4006627270620857,0.0026804327692724703
453.0,3.721581245979988,0.002599338757714766
453.5,3.726185052084968,0.002626812148059378
454.0,3.854053286228796,0.002722879704157651
454.5,3.634616051776517,0.0027653189835195593
455.0,3.438538958910726,0.002500650746879077
455.5,3.927388880121309,0.0027297208778625016
456.0,3.852035178963835,0.0029141504940191987
456.5,3.811058991859277,0.003017413944847779
457.0,3.525707383525235,0.0029651966275377455
457.5,3.787890220650996,0.0030660566149475375
458.0,3.7040825699166655,0.002998277492715433
458.5,3.934208992931084,0.0031865504779212054
459.0,3.869446306527049,0.0032470291865730684
459.5,3.8896286702809393,0.003305084209634071
460.0,3.7789900798061065,0.0033991073927534766
460.5,3.5408912242773614,0.003149418150707521
461.0,3.678558201330892,0.003008743166123083
461.5,3.730305043517789,0.0029323355773487494
462.0,3.748759893850579,0.0029799983614322532
462.5,3.782090807951645,0.002991253043394277
463.0,3.5712837634578696,0.0028383913203272647
463.5,3.6076650792805087,0.0027804355509496352
464.0,3.667940591171836,0.0026723564282847183
464.5,3.665863961746976,0.0027543831450057717
465.0,3.9080790852948217,0.0028565899454949745
465.5,3.5322454269871133,0.002722501197281165
466.0,3.770847378179684,0.0026262711169126106
466.5,3.778341465279056,0.0025650195231084415
467.0,3.9210172589976873,0.00277654848924369
467.5,3.775806778622589,0.002881474544538624
468.0,3.66936719565482,0.0028138290086498433
468.5,3.723926319783738,0.0028212653275487866
469.0,3.950939211238185,0.0028864672904397124
469.5,3.876757437817208,0.0028718411628828907
470.0,3.865551009377611,0.00286461638290575
470.5,3.621513361412675,0.002762386435335048
471.0,3.6236343897017287,0.0026750106827322572
471.5,3.737777550233501,0.002774033245384426
472.0,4.021764556526842,0.0030065249971780185
472.5,3.675412878549185,0.002918114020549348
473.0,3.7787728457973486,0.002855504976308989
473.5,3.6055207282283246,0.0026692210839042983
474.0,3.709743038758066,0.0023635818082510247
474.5,3.701469147877456,0.0023874710845703364
475.0,4.076528375348219,0.002618183375808576
475.5,3.886102998062615,0.0025747136072583874
476.0,3.505444555549013,0.0025923216133290515
476.5,3.6172186973098137,0.0024421684962059194
477.0,3.6902837145448393,0.0023361878556814797
477.5,3.867109143834552,0.002361482991713245
478.0,3.798947350744001,0.0022199804242489947
478.5,3.8035964734479983,0.002206282702947579
479.0,3.831033752106204,0.002150510944283782
479.5,3.744521880082848,0.002197453681646779
480.0,4.031517360431465,0.0022575243065265497
480.5,3.74574227239128,0.002289891352365445
481.0,3.832450621665198,0.002157596633354871
481.5,3.828727096344319,0.0022074985817083425
482.0,3.7157423155008766,0.002179529396868496
482.5,3.8597155214221215,0.002272348292549526
483.0,3.8137620982212113,0.0023468425722181887
483.5,3.8410872218354513,0.002159839894971782
484.0,3.8581660737471313,0.002256869596713657
484.5,4.140151743327158,0.0023898517304628488
485.0,3.788430556424975,0.0023692753224530514
485.5,3.6777846379463393,0.0021773298884722302
486.0,3.803826684662361,0.0021851459665366995
486.5,3.607754727586491,0.0020250506127650145
487.0,4.205211373253732,0.0022138736518227224
487.5,3.950684802946861,0.002414056502077744
488.0,3.889619317211433,0.0024939631171730105
488.5,3.888147550038775,0.002390461457113848
489.0,3.810090108625808,0.002455557207567034
489.5,4.073207117197504,0.0025590044601566434
490.0,3.834849636667624,0.0025989436119128934
490.5,3.7894813850683935,0.002490527304544582
491.0,3.771647727513757,0.0025666800705355063
491.5,3.877787659906178,0.0025773355462036748
492.0,3.877148036101908,0.002521650559974461
492.5,3.717620967288214,0.0023415200957481452
493.0,3.893870801220273,0.0022464830963474726
493.5,3.984172798346076,0.002358918521624937
494.0,3.8813617310079223,0.0023343458452093793
494.5,4.119008465472808,0.002501605707225517
495.0,3.944815458198351,0.0025179832139786296
495.5,3.872300463753093,0.002484291961585498
496.0,3.83184089514331,0.002448869285934671
496.5,3.952216938584967,0.002516444873784572
497.0,4.121565942748411,0.0024743808207019213
497.5,3.9358489594122266,0.0024710835590999597
498.0,3.973246485967489,0.002481137547589382
498.5,3.924361038797407,0.0024429104386671416
499.0,4.132654531949387,0.0025592331178888885
499.5,4.091372651228401,0.002697500153840806
500.0,3.804912012638924,0.0026280570297051954
500.5,3.861490721271888,0.002637533044552051
501.0,3.840523292003096,0.002723856846823953
501.5,3.9961372454520094,0.002765710308009038
502.0,3.763034020768387,0.002676252922834613
502.5,4.285019159132078,0.002709473683204546
503.0,3.860293969088299,0.0026742651830418186
503.5,3.779447521499098,0.002592154556620787
504.0,4.093862546215798,0.0027736818189285192
504.5,4.021306050644818,0.0027762359503561173
505.0,3.9424320198496976,0.0026084588761077603
505.5,4.134430269494914,0.00284496552604341
506.0,4.050611735003166,0.0029835253322326627
506.5,4.157741939006207,0.003158509633991438
507.0,4.045623969773932,0.003089788221438642
507.5,4.003516770200799,0.0031487116970914542
508.0,3.76583985428871,0.0030130606723028286
508.5,3.92556375940813,0.003111024533578009
509.0,4.221911771677801,0.003345890359179255
509.5,4.250756207669486,0.003605893220316163
510.0,4.020686400447543,0.0036578332934080206
510.5,3.925830715768004,0.0035062204722126605
511.0,3.889111740145805,0.0034116091938485756
511.5,4.019692081310506,0.003423405222766539
512.0,3.99808270818372,0.003430075766346786
512.5,4.163995416634019,0.003552516695958385
513.0,4.141409272816987,0.0035291949556082373
513.5,3.834243092634978,0.003338605348719573
514.0,4.305764436590895,0.0034619388364960286
514.5,4.129843010191008,0.0034718513313152025
515.0,4.053294870091015,0.003577518422663263
515.5,4.20258770703587,0.0035423535896121298
516.0,4.10621990673729,0.003586502889659044
516.5,4.170150191385883,0.0036691475747652764
517.0,4.284665307265599,0.003901589044662723
517.5,3.935494495348192,0.0038342317447177246
518.0,4.156281386717716,0.003831609691891789
518.5,4.120610249702365,0.0038350194457887608
519.0,4.097529124964352,0.003957540527786509
519.5,4.024055270741055,0.003989695870143867
520.0,4.278863868171365,0.00416466313093718
520.5,4.03983511498321,0.004044771257451027
521.0,3.974573970565492,0.0038823754958922413
521.5,3.951213397397405,0.0037710681430243803
522.0,3.9149968614404806,0.003807797867153594
522.5,4.089994055161758,0.0037398575528359936
523.0,4.304009791593537,0.0038567222324912857
523.5,4.318315119449753,0.003870780369642588
524.0,4.389630885055605,0.003981814956695056
524.5,4.235230865227693,0.003987952810267229
525.0,4.127083084145957,0.004150747298779392
525.5,3.988826620248165,0.0041153931977366545
526.0,3.820627165420554,0.0037481837353607423
526.5,3.581565024048383,0.003302916493820401
527.0,4.269506898989396,0.003311037309324332
527.5,4.148162759695939,0.0033472880510167662
528.0,3.9400908640875274,0.0032152485676921125
528.5,4.095444844475964,0.003176622336241866
529.0,3.970272084171471,0.0030767621721920157
529.5,4.380149587996525,0.003166291129895511
530.0,3.911110128660867,0.003143491144455591
530.5,4.228352141176892,0.0031373997687400663
531.0,4.161216549261331,0.003138184480269968
531.5,3.966217097445547,0.003016925665593094
532.0,3.842487575017123,0.0027520384945537296
532.5,4.246491760535439,0.002812889203174352
533.0,4.241083686557612,0.002838034856017384
533.5,4.2579527515041375,0.002884634044642483
534.0,4.216402656159705,0.002911897941006171
534.5,4.125434000780979,0.003051722188886617
535.0,4.038572143868608,0.0029269576085261045
535.5,4.08740732059119,0.0027611438925778625
536.0,4.023576153458322,0.002628883826835927
536.5,4.14408213141102,0.0024467427242806485
537.0,4.143305505966682,0.0026197986243401707
537.5,4.083527561295979,0.002603827291343455
538.0,4.325844735555394,0.002693203097114857
538.5,3.9246948663739554,0.0025381448412595607
539.0,3.8421470689371393,0.002286302137989764
539.5,4.2065876462638805,0.0024100389192712375
540.0,4.158732305512144,0.0023592869797241785
540.5,4.053280037969549,0.0022145072379813548
541.0,4.131688738621114,0.00210233274463746
541.5,4.203543903022275,0.0020928507950987428
542.0,4.198883655325218,0.0020763032649271213
542.5,4.008417105768534,0.0018460630039140173
543.0,4.092906573082409,0.0017693426841805208
543.5,4.47490870929479,0.0019718941415307577
544.0,4.288638945366303,0.0019955911359228907
544.5,4.233370462600924,0.002125595876840454
545.0,4.3044027391195465,0.002190854008975328
545.5,4.326033813712202,0.00222069832403167
546.0,4.443100134472047,0.0022901206926477197
546.5,4.236734095101307,0.0023025687078958653
547.0,3.9181685690459895,0.0022249910887485675
547.5,4.41585723696672,0.0023329553691188386
548.0,4.171098917494046,0.0023124231598352055
548.5,4.300238687954499,0.0023366056355101973
549.0,4.0219600458271865,0.0023172015641670703
549.5,4.04323345750622,0.002286744308159389
550.0,4.519599192229619,0.0023662418173933577
550.5,4.266547883631408,0.0023211248391477373
551.0,4.23270009983852,0.0022383315616139867
551.5,4.19936481737465,0.0022253400405683943
552.0,4.16399841024944,0.002047625116328728
552.5,3.8991927402955775,0.0020241424685387664
553.0,4.314517045562739,0.00199460830478538
553.5,4.284518454479056,0.0018928041267701377
554.0,3.970364482896228,0.0017888669301153943
554.5,4.0985435023321255,0.0017185841768937512
555.0,4.0739716620141335,0.0015849749057893095
555.5,4.262286747448733,0.0016780199244410406
556.0,4.319426530911389,0.001752675825920415
556.5,4.433359644904756,0.0019567160616202036
557.0,4.290477733070514,0.002004617926027811
557.5,4.36267317815945,0.0020669501197502953
558.0,4.03272060471472,0.0017849139600730243
558.5,4.539346301102603,0.001897443038071198
559.0,4.313495995848407,0.002048042346706525
559.5,4.125270110203778,0.002103206653289639
560.0,4.242653296459071,0.002090173282733801
560.5,4.428208875462777,0.0021272187863256124
561.0,4.249814924394751,0.002030004619872629
561.5,4.261043962397596,0.0020142718986726938
562.0,4.498940633239144,0.002123870830430037
562.5,4.311268963250662,0.0022165239018484277
563.0,4.263894544436248,0.0022655777228534693
563.5,4.470183828167394,0.002249548341624877
564.0,4.433914880074799,0.00249011151009514
564.5,4.551079502207207,0.0026921204189659493
565.0,4.160522494381465,0.0026106671081615376
565.5,4.339252640908053,0.002724583769088165
566.0,4.462009420533122,0.0028513803789195677
566.5,4.314977037438821,0.0029253067445000522
567.0,4.252569839087112,0.003029824531472218
567.5,4.517326872519854,0.0030803902346912123
568.0,4.436017400742221,0.0032094808318076074
568.5,4.346423283595746,0.003260371162112697
569.0,4.379929562325012,0.0033144676245982396
569.5,4.146888844698783,0.0031822053040278476
570.0,4.391648068667903,0.003348299805332543
570.5,4.23027320037538,0.00327230859146203
571.0,4.363460319025702,0.0032336007438645837
571.5,4.378006979427883,0.0031847094506801186
572.0,4.242623838231321,0.0030283210781426504
572.5,4.473405301250752,0.0031111575928010502
573.0,4.164814475856823,0.003135777936883027
573.5,4.4611843092542935,0.0033467999746421067
574.0,4.191855547368154,0.0034393318024994
574.5,4.242779285112354,0.0034709131275629376
575.0,4.469977281751008,0.0035718288596964178
575.5,4.440894580858384,0.0035675608016273582
576.0,4.52431601240603,0.003505485608031195
576.5,4.360122810208962,0.003192538641317274
577.0,4.459803276393699,0.0033463986349934606
577.5,4.590055039568567,0.0035018102262145663
578.0,4.325906574696349,0.0033688945204747313
578.5,4.501202175768157,0.0034296384913273022
579.0,4.394189919698871,0.0033460789710055656
579.5,4.27552899160573,0.0034353508958326756
580.0,4.133172906629133,0.0031570440831092186
580.5,3.981288169026288,0.0029781115799296645
581.0,4.486314732973138,0.0030614716839603025
581.5,4.430423791594339,0.0029895461942476115
582.0,4.142174475067388,0.002665824860012091
582.5,4.417705973642226,0.0027470400232032376
583.0,4.246143596775892,0.002721004546083924
583.5,4.169425897127479,0.0026595571486163765
584.0,4.5994006722167535,0.002829420863136842
584.5,4.328436946588407,0.002778587073531477
585.0,4.285840387595741,0.002647368568774347
585.5,4.300047575414564,0.0025512195386982626
586.0,4.4992452555737446,0.0025321682700724492
586.5,4.535008890343276,0.0026016880510186815
587.0,4.212449718600819,0.0024744262496651545
587.5,4.278260920191062,0.002349201340723479
588.0,4.5441576868957965,0.002526456766532284
588.5,4.267853934788104,0.0022938301992497926
589.0,4.222993841603135,0.001980406782862852
589.5,4.497743828401425,0.002046503639249409
590.0,4.338167252532383,0.001985305069345921
590.5,4.345581430055684,0.0018624470614524108
591.0,4.391304526507499,0.0018107637462103305
591.5,4.182242159990928,0.0016753178491717335
592.0,4.530026552430095,0.001743907795638274
592.5,4.2762802252299785,0.0015423489650736467
593.0,4.630924779728004,0.0015994611267387767
593.5,4.3734681453220805,0.00172868833513637
594.0,4.173265381745922,0.0016273098512275218
594.5,4.567585583945235,0.0017280695634522834
595.0,4.601030670096988,0.001887736525690373
595.5,4.48358514475855,0.0019871837199320315
596.0,4.345457426992348,0.0020736333244695065
596.5,4.3548421367775845,0.0020417595069083115
597.0,4.35268655538303,0.001814117691909334
597.5,4.408195522871037,0.001915866259560443
598.0,4.652500711690698,0.0020145001968760973
598.5,4.357722220560489,0.002010507327148381
599.0,4.511820079802841,0.00192871414625907
599.5,4.666116826522503,0.0019455964675412698
600.0,4.335431481949131,0.0020472632074028966
600.5,4.597145560620942,0.002153249461459877
601.0,4.458011404380914,0.0021521003840747352
601.5,4.3996045813804985,0.0020933469765667565
602.0,4.262960476846222,0.001929581549877545
602.5,4.264840507520002,0.0016052570247074803
603.0,4.398419645457831,0.0016076099310008618
603.5,4.569788331111456,0.00169257812070538
604.0,4.278862140941896,0.0014108989434137194
604.5,4.466402635538316,0.001314611873004608
605.0,4.586090443867917,0.0012701196954013794
605.5,4.358049447281937,0.0011981419336587699
606.0,4.590304857023569,0.0012976185871246056
606.5,4.49264697816734,0.001404880166209039
607.0,4.319638648475428,0.0013220579025014856
607.5,4.708743539246047,0.0015137919082776963
608.0,4.625440475926952,0.0014519144294533146
608.5,4.6679049037468525,0.0017151958702024328
609.0,4.4887134022101325,0.001733605083600211
609.5,4.445431397434866,0.0016101231014649749
610.0,4.546381328344336,0.0016139103806400345
610.5,4.563758296486872,0.0017368334369630774
611.0,4.674988378354422,0.001816089467813427
611.5,4.391147795178261,0.0017284302163110437
612.0,4.614477461251971,0.001916060451941791
612.5,4.459786499694836,0.0018966680801977098
613.0,4.418131867144319,0.0018220362245313353
613.5,4.518874273083725,0.0019304241180364975
614.0,4.618478224169697,0.0020754171511175486
614.5,4.458861482663569,0.0021943822378324386
615.0,4.460195386120976,0.002078545252485928
615.5,4.577590199616296,0.0021371726268858597
616.0,4.493405816624185,0.0022173271882554614
616.5,4.450439625368528,0.0021824699499310065
617.0,4.604382444222642,0.002199615633041767
617.5,4.661406677871377,0.002406873733180149
618.0,4.357144574819757,0.0023823744708081993
618.5,4.496054615280429,0.0023870431281821113
619.0,4.178834963700957,0.0022217755478238198
619.5,4.61102475619972,0.0021744309568106786
620.0,4.448025479708633,0.0021730238480973866
620.5,4.460358319537866,0.002080463631814114
621.0,4.531782554516408,0.0021082918224209156
621.5,4.3920124101042655,0.002059884333056741
622.0,4.543518190343681,0.0020192618069179197
622.5,4.439156531666675,0.0020528987158328275
623.0,4.342274851536457,0.0018423684350777232
623.5,4.480138166399024,0.0018912254966159507
624.0,4.581699296564776,0.0018369588811161662
624.5,4.328409343133799,0.0016584072648609166
625.0,4.467967541425868,0.0016994296010532106
625.5,4.395384990895235,0.0016797318303625607
626.0,4.5252093092487495,0.0017882620301684117
626.5,4.695602287562345,0.001898494029178894
627.0,4.563531101265916,0.0019866541451207015
627.5,4.427208647992481,0.0020715262296004382
628.0,4.301890519344823,0.0019238162744458654
628.5,4.585613366582216,0.0020511825250846267
629.0,4.433349902211763,0.002022226284170445
629.5,4.619105108836354,0.0020312339901713216
630.0,4.44269174103846,0.001845041934821564
630.5,4.693879811122411,0.0017123045615696163
631.0,4.418824806400665,0.0017136929261333965
631.5,4.4971035056645325,0.0017285201505891957
632.0,4.449579980652316,0.0015396187859446613
632.5,4.468335160429048,0.001525158664281121
633.0,4.574664135955922,0.0014692794615500375
633.5,4.42786983561381,0.001275757507683509
634.0,4.516083996984464,0.0013921291414721807
634.5,4.828141322955526,0.0015306608252646694
635.0,4.320981549365244,0.0013360963266603261
635.5,4.326619408828437,0.0011530697322445055
636.0,4.4956985283801805,0.0011908931520193523
636.5,4.635728573118988,0.0013336202321317353
637.0,4.535913334665426,0.0012203519667989336
637.5,4.698777413637913,0.001239838264603006
638.0,4.5233244252095215,0.001311197917317823
638.5,4.528933847311762,0.001218683104677774
639.0,4.177363610718452,0.0008869934785995958
639.5,4.436328767674777,0.0008762073008687065
640.0,4.472503710194718,0.0007909351661510085
640.5,4.418279990068498,0.0006763321626786403
641.0,4.535072614549499,0.0006579494139031393
641.5,4.6478838974425445,0.0005781534146754944
642.0,4.560224122343747,0.000651472461512487
642.5,4.377232542856466,0.0004619355794188976
643.0,4.503300505253573,0.0005610151008438404
643.5,4.554498314241618,0.000536006482837467
644.0,4.389351580931492,0.000289383307034862
644.5,4.51731277649831,0.00035516533006140486
645.0,4.682646825746348,0.0005400386833716273
645.5,4.600744402583267,0.0006040985337498353
646.0,4.605917048186669,0.000586111422860074
646.5,4.510203579604727,0.0005138267005470373
647.0,4.37300406238094,0.0003568663778040209
647.5,4.534559419759755,0.00032927749870212126
648.0,4.578803939527446,0.0004745197251148494
648.5,4.700832310859553,0.0005144848720319391
649.0,4.733992314371937,0.0006634239400447692
649.5,4.539080003180466,0.0007874203626426256
650.0,4.63628103540433,0.0007702692066922094
650.5,4.458069216380911,0.0008022536808386085
651.0,4.274320258255248,0.0006424257100632343
651.5,4.615496191667215,0.0006520829512710345
652.0,4.474836317031963,0.0004927743036854624
652.5,4.686777669281721,0.000457968058082435
653.0,4.420317693639307,0.0003407620586216785
653.5,4.31270051804337,0.0002632220703859556
654.0,4.42694112746748,8.031424987897754e-05
654.5,4.544318825034261,7.901953492435352e-05
655.0,4.653788748362559,0.00021435943546206678
655.5,4.508412240378193,0.00012431792853130887
656.0,4.419243953559965,0.00012026148252286779
656.5,4.622410421534868,0.0001797643306756366
657.0,4.564480857428582,9.844272619029921e-05
657.5,4.403309480444033,0.0001542584948129877
658.0,4.523555357048242,0.0002346863276792955
658.5,4.65612700006248,0.0004208283526006442
659.0,4.783629985993557,0.0005742551645566889
659.5,4.182247997629805,0.000340654478775691
660.0,4.325269412205485,0.0002563573025324285
660.5,4.452447368765808,0.00026079649181059473
661.0,4.45030169516957,0.00033270905905474757
661.5,4.182624382756245,7.62773150877283e-05
662.0,4.472822528881014,0.0001300943533868036
662.5,4.555615749266048,0.00014104341428165324
663.0,4.561800052223644,0.00012927102066742464
663.5,4.476436404865706,0.00012611936237441222
664.0,4.654172761636338,0.00028942899490897947
664.5,4.129482407630791,4.387559105827878e-05
665.0,4.5958869329714975,8.01555529921337e-05
665.5,4.673199529635514,0.00023188370057896073
666.0,4.543506695094247,0.0002543983350434578
666.5,4.505054517460889,0.00022742870512477208
667.0,4.626375622653375,0.0003651742527286441
667.5,4.609780995577454,0.0005273578030996598
668.0,4.69657891840986,0.0005573227715131942
668.5,4.482515941274669,0.0005402358987203591
669.0,4.7030448345279,0.00046206443529184124
669.5,4.439461639611972,0.0004829509556859142
670.0,4.5455606512978965,0.0004701381149307776
670.5,4.641661573599525,0.0005207188402568769
671.0,4.564150687187583,0.0005663650529512725
671.5,4.663895560319504,0.0005861680108547214
672.0,4.735627628427641,0.0007371428394239924
672.5,4.425770335858696,0.000638488994924712
673.0,4.488729424586278,0.0005186810699123349
673.5,4.5762165481896,0.0005326415870947108
674.0,4.2759367843657445,0.000428617230377283
674.5,4.672797223862344,0.00041051200500117154
675.0,4.4610571751843695,0.00034706827045565306
675.5,4.417092684802102,0.00021360052499534292
676.0,4.248156455871998,5.8195510418981245e-05
676.5,4.453790471859104,0.00013154275566349148
677.0,4.520194522669168,0.00016719684066596885
677.5,4.582984470296766,0.00015805230695680765
678.0,4.541756222996096,4.65958673323508e-05
678.5,4.39555711632648,1.7363037689200884e-05
679.0,4.465865815584855,-6.010223224396388e-05
679.5,4.45158150607727,-3.386454747514613e-05
680.0,4.355757203073988,-0.0001694588995463546
680.5,4.333528411521651,-0.00016497996154421626
681.0,4.334243757176282,-0.000322451419328953
681.5,4.324212808861179,-0.0004374251462951803
682.0,4.681286877411671,-0.0003670029047413635
682.5,4.4057589708001,-0.0004516745929241614
683.0,4.5949970704147765,-0.000358734815344426
683.5,4.446106584043424,-0.0004434550938957514
684.0,4.794310887687244,-0.0002680770654424396
684.5,4.635265230558744,-1.3950100708262106e-06
685.0,4.425080337723683,-0.00016463008244288195
685.5,4.664230630546263,-0.00018362809979844576
686.0,4.836498295385474,-1.8684366837267422e-06
686.5,4.577708335861755,0.00010693130438935431
687.0,4.438769928658145,7.339560638380243e-05
687.5,4.422920292139256,0.00013031562258684654
688.0,4.690559078631964,0.00024320444931801426
688.5,4.4826313225999925,0.0002339644700384739
689.0,4.731152733755393,0.0001598437878359489
689.5,4.859767428452805,0.00031243032064427355
690.0,4.504303275862085,0.0002706924656126627
690.5,4.846146904592624,0.0003987855399554519
691.0,4.641917305895654,0.0004712025925312585
691.5,4.262290640696041,0.0003851870638573825
692.0,4.421971221676489,0.0003455317316766419
692.5,4.335796169997361,0.0001454385126485514
693.0,4.703110266386759,0.00024045379941324609
693.5,4.502625019751068,0.0002449999578767081
694.0,4.0155048667843385,-0.00013929857984374552
694.5,4.453098028871272,-0.00018160193468300982
695.0,4.368377361506685,-0.00017326129072113306
695.5,4.628297922742548,-5.6378614047814746e-05
696.0,4.330942356697118,-0.0001133385468727337
696.5,4.566442394372385,-8.510560369367878e-05
697.0,4.683197497339077,-7.133934923609821e-05
697.5,4.163269759374561,-0.0002722514136092873
698.0,4.290064752574214,-0.00036656893766399935
698.5,4.243596795199266,-0.0004110693834208946
699.0,4.614694245261684,-0.0002095315516965376
699.5,4.824057392628153,-3.1652646988276084e-07
700.0,4.799354738818336,0.0002497133007282391
700.5,4.511978836915863,0.00021906052716707066
701.0,4.493217469565046,6.525240179379063e-05
701.5,4.537903467375525,0.00014213667747190394
702.0,4.40924893056056,5.827531238043621e-05
702.5,4.453962519931255,0.0001302129073721741
703.0,4.5551995862519705,0.00010359450071112007
703.5,4.552634911017893,8.611249354116524e-06
704.0,4.569747263053726,-9.849015999715943e-06
704.5,4.7312912818666994,0.00013708161600952296
705.0,4.334931994820263,0.00011265279962330407
705.5,4.308096286074382,-1.199833278556578e-05
706.0,4.171974017559014,-0.00026915153325958213
706.5,4.869227147301512,1.40037750091094e-05
707.0,4.3614462467167225,-4.256386052154082e-05
707.5,4.683264004624976,-3.195593388540775e-06
708.0,4.321722268587903,-0.00010908809660660528
708.5,4.5261482997999565,-1.0770703566893781e-05
709.0,4.518183932264033,0.0001616498193468117
709.5,4.708886374588882,8.607066072963156e-05
710.0,4.420185739800449,-8.065447283997031e-05
710.5,4.5771020233815465,-7.822357261464098e-05
711.0,4.294531456045887,-0.00024645278945308144
711.5,4.435402253380548,-0.0004913556284899906
712.0,4.527431837331879,-0.0005087434010490206
712.5,4.601929391819269,-0.000432352868560122
713.0,4.203808430315161,-0.0005892775948488503
713.5,4.6263016027696375,-0.0005426554928528122
714.0,4.586058344747271,-0.000414019834938297
714.5,4.70222413366801,-0.0005335514966615589
715.0,4.245383116099633,-0.0006486780406646225
715.5,4.371023501577046,-0.000638104146269416
716.0,4.711761104706797,-0.0005000871166969265
716.5,4.338117641825303,-0.000609360105639031
717.0,4.255631596314093,-0.0006921033203830998
717.5,4.2510445916340815,-0.0007831794648920814
718.0,4.338427883376122,-0.0007654346739288998
718.5,4.5639036855082304,-0.0007391807573102499
719.0,4.495802604585252,-0.000620705804275511
719.5,4.384571097335913,-0.0007255692097425117
720.0,4.1654817355533575,-0.0008956235276106106
720.5,4.497964534350675,-0.0008053589251973291
721.0,4.344177972145861,-0.0008517044344395312
721.5,4.292180521736139,-0.0008658481433466378
722.0,4.292897283608546,-0.0008316310458843543
722.5,4.506616592822765,-0.0008529309856114908
723.0,4.429619141955702,-0.0008827852138971877
723.5,4.406575643573215,-0.0008725967556582272
724.0,4.47344387068766,-0.0010026364393493639
724.5,4.150953635209105,-0.0010861033243357977
725.0,4.241278463016381,-0.0012379764486636587
725.5,4.50187309797644,-0.0012590484163352467
726.0,4.44875757381054,-0.0014150772207347602
726.5,4.515543971158956,-0.0014092117154053917
727.0,4.17996751870148,-0.001563194794894987
727.5,4.394152736767358,-0.0015478014849045478
728.0,4.374543417296584,-0.0015667778847125845
728.5,4.279774254845336,-0.0017286515617178052
729.0,4.390548520393804,-0.0017807178781627908
729.5,4.5585797215374,-0.0017407169384222037
730.0,4.476449490107828,-0.0018088656773241067
730.5,4.548297209417237,-0.0018492530499447512
731.0,4.52406631545221,-0.001906178953541733
731.5,4.534128866566502,-0.0019654845651259053
732.0,4.409623843183351,-0.0018848642751603875
732.5,4.404442502531033,-0.001971048336973387
733.0,4.1135466265901615,-0.002115336273496998
733.5,4.404801443606146,-0.0021710602217294666
734.0,4.391311680837776,-0.0020232692678627145
734.5,4.460007522998402,-0.0019262237360324374
735.0,4.517281481875812,-0.0019204355509309557
735.5,4.356269545806094,-0.0018664649738950605
736.0,4.451849270211121,-0.001647613814594886
736.5,4.463357562950398,-0.0015741521955308939
737.0,4.191751710713623,-0.0017448733364620018
737.5,4.63589642936419,-0.0016583874549275443
738.0,4.34820425575258,-0.001583158459239073
738.5,4.375356932997595,-0.0016137073133328597
739.0,4.412260872706155,-0.00147042657644527
739.5,4.496985455094639,-0.001195039019617702
740.0,4.257896388605203,-0.0012727635722854967
740.5,4.164578109391892,-0.0011957895912948274
741.0,4.271653171534714,-0.0011708025333515865
741.5,4.703793904350874,-0.0011147313612027685
742.0,4.555041251174039,-0.0010555505611679035
742.5,4.549470559244632,-0.0010535033871732536
743.0,4.536884678962692,-0.0008388827189756089
743.5,4.425462309495787,-0.0008099648609344964
744.0,4.363378520143748,-0.0011122267519181478
744.5,4.3186370976809485,-0.0011800346300590465
745.0,4.166761686100589,-0.0013877976914456632
745.5,4.3987947201556015,-0.0012977721035248755
746.0,4.22084153674601,-0.001490922458736191
746.5,4.184213711289642,-0.0015617832806446295
747.0,4.436539429619111,-0.0014073997648367822
747.5,4.20847836810737,-0.001700645594895311
748.0,4.391923761203268,-0.001808611070845323
748.5,4.350331541189897,-0.0019706696250638683
749.0,4.488759295149287,-0.0018268672695535817
749.5,4.186869983218252,-0.0017340069728308174
750.0,4.311919457720548,-0.001574184151297036
750.5,4.30252546734026,-0.0015882593230281924
751.0,4.575729544121292,-0.0014488918770693496
751.5,4.242657443124894,-0.0014812968665674111
752.0,4.365279687565645,-0.0015152860983107734
752.5,4.193451901055199,-0.0016237244140751624
753.0,4.449851559413073,-0.00151536386327141
753.5,4.3156856294968335,-0.001486995890965572
754.0,4.432310301971356,-0.0013761311368197223
754.5,4.38573423857408,-0.0011933804568056252
755.0,4.277567878605291,-0.0013109576708329876
755.5,4.363897633363836,-0.001392825509701726
756.0,4.149200501313319,-0.0016854042269840615
756.5,4.216416436391874,-0.0015152017218886039
757.0,4.439294507555877,-0.0015125078906125776
757.5,4.262714695825529,-0.001420606164552567
758.0,4.421113477305563,-0.0014486752597084145
758.5,4.308424524155741,-0.0014209865368435574
759.0,4.411970888646278,-0.0013339990650154806
759.5,4.248471418242093,-0.0012272880696828795
760.0,4.324154734891245,-0.0012450612378826509
760.5,4.279016067561202,-0.0011933961907458338
761.0,4.401983184187229,-0.0012363588714415419
761.5,4.406317753431575,-0.0011926598693907259
762.0,4.365489423479148,-0.001117090766447649
762.5,4.311211603290574,-0.001026672376782349
763.0,4.278473640466517,-0.00119349875072002
763.5,4.555763617650197,-0.0009404380095135153
764.0,4.425693091853467,-0.0007881902004635965
764.5,4.166380761007576,-0.0007176612366999034
765.0,4.257700158972558,-0.000863325706062909
765.5,4.312586764473205,-0.0009003864022963464
766.0,4.109205231114463,-0.0008510588621793791
766.5,4.40715024220972,-0.0008439534757102677
767.0,3.956742754636673,-0.0011552369105260936
767.5,4.547757368606278,-0.001114615532898671
768.0,4.338120947366579,-0.0011491319817982634
768.5,4.412554650723181,-0.0010027747042072408
769.0,4.285480572891645,-0.0009713639901263828
769.5,4.397041385593088,-0.0009385684438304211
770.0,4.267752312299044,-0.0011155093774184313
770.5,4.286296411446222,-0.0010811566575974452
771.0,4.433192564636076,-0.0010502026018693812
771.5,4.23601112090963,-0.0011689679257109533
772.0,4.413662469185447,-0.0011810892937764938
772.5,4.513137209268983,-0.0010060392299323774
773.0,4.206836757731542,-0.0010596932073283379
773.5,3.958754779150884,-0.0012720147181637153
774.0,4.206874674197973,-0.0012910376854823168
774.5,4.383408654687212,-0.0013974384585130248
775.0,4.174930849522671,-0.0015757348519560479
775.5,4.3263728675576605,-0.001505333296743684
776.0,4.322817748083718,-0.0014671287070749002
776.5,4.239828632233808,-0.0014362365487622611
777.0,4.2845342208903965,-0.0015788573682074974
777.5,4.196796669382989,-0.0016450452082285606
778.0,4.123978718670923,-0.0017640071631747076
778.5,4.027078958160781,-0.0019949621112251787
779.0,4.177858845181538,-0.002066176283825192
779.5,4.032623199411492,-0.0021192794349148567
780.0,4.448455891923946,-0.0019688170520795844
780.5,4.316536590421647,-0.0018528425420442321
781.0,4.464733962027075,-0.0016607339741843523
781.5,3.933683438645462,-0.0017772903894950824
782.0,4.229358850883302,-0.001786449569248081
782.5,4.520878544698909,-0.0016234055430817702
783.0,4.238352664275099,-0.0018058965767193673
783.5,4.25470167846698,-0.0018036550760140641
784.0,4.024801959229589,-0.0019443619024244725
784.5,4.285543706647545,-0.001884140241011153
785.0,4.341849069808963,-0.001753664583604462
785.5,4.548314660523926,-0.0015960136921031138
786.0,4.058613360574042,-0.0016736521300921151
786.5,4.044715633252271,-0.001747852617999579
787.0,4.28552728485415,-0.0018385820810521629
787.5,4.406151011563212,-0.001589600686741277
788.0,4.124805368465648,-0.0016793569903951657
788.5,4.289940804666292,-0.0016518758121397772
789.0,4.367180794448782,-0.0015551183713239055
789.5,4.17645682314067,-0.001519773052810807
790.0,4.07733281270432,-0.001684369021334744
790.5,4.206191417388591,-0.0018268048769574047
791.0,4.211117698946072,-0.001901919661265224
791.5,4.574134403898885,-0.0014987509847272842
792.0,4.2244208808784816,-0.0013919299694493674
792.5,3.9026935281914144,-0.0014756424498827757
793.0,4.088039914074464,-0.0014491138720740557
793.5,4.454140439788952,-0.0012672418663664576
794.0,4.254304023034514,-0.0012420552746632255
794.5,3.971697640779946,-0.0014105606512631861
795.0,4.052314527391778,-0.0016190568222300553
795.5,4.356354865979311,-0.0015049353857733124
796.0,4.32890808820032,-0.0015144600508235511
796.5,4.222060631120819,-0.0016109540631577646
797.0,4.0701522176591896,-0.0016452202280337488
797.5,4.384420008624351,-0.0016266143946091834
798.0,4.3647402690191415,-0.0015106319803221285
798.5,4.684735182991873,-0.0012294347490754535
799.0,4.361719994781676,-0.0010602453652126162
799.5,4.249353210342643,-0.001139247121846424
800.0,4.205258655592775,-0.0011694059768885933
800.5,3.952113005239907,-0.0013543616564677251
801.0,4.230399037144803,-0.0012042153028175226
801.5,4.316614859536365,-0.0012005691278047085
802.0,4.086651784173082,-0.0012601057467028938
802.5,4.14385274716958,-0.0013864557787070801
803.0,4.035368653487971,-0.001421262825248134
803.5,4.2290820482304845,-0.0014173310000830898
804.0,4.136494333129865,-0.0013966808113566878
804.5,4.447544984360654,-0.0012159258281123906
805.0,4.285527101759711,-0.0011977162647656048
805.5,4.1214142006392045,-0.0012247739707054684
806.0,4.349593526989972,-0.0012434889833535928
806.5,4.059259757024708,-0.001396347529364901
807.0,4.160009153743527,-0.001352391260966039
807.5,4.498730411255445,-0.0012108807518438401
808.0,3.985888832845402,-0.0012808618164628642
808.5,4.130667845183963,-0.0013279086642063306
809.0,4.035508557657059,-0.0013665971158722502
809.5,4.017429629922118,-0.001510598112960354
810.0,4.271173497315857,-0.00145521872342868
810.5,3.902224002708944,-0.0016457381811293356
811.0,4.296789987224094,-0.001522814522262752
811.5,3.849816647204418,-0.0016615301239682355
812.0,4.36194344911576,-0.0015140777432166475
812.5,4.24266305588542,-0.0014703380946589502
813.0,4.429780729614508,-0.0013344579567598051
813.5,4.32184621164069,-0.0010964586695186265
814.0,4.260426459235842,-0.000970969695997978
814.5,4.150073936914516,-0.0010662122667918403
815.0,4.072810092469379,-0.0011518133599824807
815.5,4.309788331560264,-0.0010611517891553066
816.0,4.443810580293203,-0.0010141009916784817
816.5,4.0925231594850455,-0.000999178722481007
817.0,4.277284578842459,-0.0011436955265691298
817.5,4.158220314976446,-0.0010045997879642766
818.0,4.220275796398933,-0.0009510168713043374
818.5,4.253166582172771,-0.0008313692553791268
819.0,4.040531414930845,-0.0009131413051054814
819.5,4.519310960096584,-0.000639937565031804
820.0,4.109866613394408,-0.0006897924860755389
820.5,4.232694704409519,-0.0006535465585014025
821.0,4.102885414920759,-0.0006047438038834258
821.5,4.332816521535538,-0.0005348881357465368
822.0,3.986620314218947,-0.0005641878780491045
822.5,3.981366369306492,-0.0005311960361210269
823.0,4.26646341580871,-0.0005080943611394999
823.5,4.154385407170113,-0.0007026419871361613
824.0,3.928211935007365,-0.000883522199993904
824.5,4.465351846703157,-0.0006349748174980177
825.0,4.21135658656096,-0.0006646493099479881
825.5,4.087496108453094,-0.0006765583957686555
826.0,4.101970783644084,-0.0006791564747171325
826.5,4.211296962801206,-0.0006644543138540624
827.0,4.179506743425171,-0.0006412007213981285
827.5,4.122775187078432,-0.0007035628614692809
828.0,4.19158311662249,-0.0007682927485098375
828.5,4.012957650092494,-0.0009986752355738127
829.0,4.117334078486317,-0.0010755007012382526
829.5,4.1559718977845606,-0.0012166682405832768
830.0,4.613917196425218,-0.0008352495866343012
830.5,4.193971625500884,-0.0007852403751230771
831.0,4.179702420231884,-0.0006524204036936317
831.5,4.038514396492961,-0.0009219025872484134
832.0,3.879742096743489,-0.0011077658266379423
832.5,4.216268532350108,-0.0009128379486634909
833.0,4.451497884844939,-0.0007457419818868805
833.5,3.981721512049382,-0.000850370593055153
834.0,4.018250548941458,-0.0010693558598359808
834.5,4.143634666137437,-0.0010557515861895899
835.0,4.039244640942039,-0.0010683336475808228
835.5,4.403134658396364,-0.0007359811440280074
836.0,4.215902011212082,-0.0008099022880115382
836.5,4.20777902673422,-0.0008989594849448532
837.0,4.216218685049727,-0.0008390135243740813
837.5,4.337784633937607,-0.0006329130931334412
838.0,4.082824594011827,-0.0007479661041385966
838.5,4.425364159403524,-0.0005589443621947487
839.0,4.242219916898795,-0.00043353430791614176
839.5,4.112709868078181,-0.0004991515214458493
840.0,3.996497826783077,-0.0006931157090659307
840.5,4.0333943188202594,-0.0007860949476513327
841.0,3.9510700788709134,-0.0009229202775691348
841.5,4.224926321683229,-0.0006739277228256077
842.0,4.382376919744058,-0.00053915683296424
842.5,4.124149353264432,-0.0007546703942315966
843.0,3.9523759219416097,-0.0009625541707820271
843.5,4.062948597505363,-0.0008812439721614983
844.0,4.28483600964033,-0.0007845376775689293
844.5,4.273535208779061,-0.0008661877458098389
845.0,4.076724043938939,-0.0010195190316167283
845.5,4.097690545461778,-0.0009764210416060229
846.0,4.029205990194692,-0.0009875370743140535
846.5,4.147357788706063,-0.0009896231695267171
847.0,4.097573588893996,-0.001112453218271864
847.5,4.048994265011644,-0.0010740060328096408
848.0,4.1436655076526,-0.0009872201086222054
848.5,3.952224206376197,-0.0008175722161922686
849.0,4.098353184257498,-0.000748090799884431
849.5,4.447798258143379,-0.0005359586142552223
850.0,4.022094696286535,-0.0006058251849966682
850.5,3.834665733700572,-0.0009382591128520195
851.0,4.091131828514351,-0.0009482692354146203
851.5,4.267791512942061,-0.0007994096235808797
852.0,4.138698738484562,-0.000866024410725802
852.5,3.977990054728163,-0.0009940670786859772
853.0,4.203509543449067,-0.0010518951573487542
853.5,4.169456856820544,-0.0010145683898498323
854.0,4.227030008177,-0.0009984379431312996
854.5,4.257906794891972,-0.0007765358413932698
855.0,4.004075463656648,-0.0008013413997576025
855.5,4.386903712127881,-0.0006948088431403198
856.0,4.216461335230355,-0.0005544248756283554
856.5,4.2122630642393775,-0.0005908970449965585
857.0,4.392283847500168,-0.00046120215767714973
857.5,4.441772028794356,-9.961031524636481e-05
858.0,4.096158343072855,-0.00025346304251806047
858.5,4.261959188994752,-0.00022239872825358329
859.0,4.106768171681179,-0.0003427750467036257
859.5,3.996174330413792,-0.0005406628035860319
860.0,4.095993366974114,-0.0005252128717480217
860.5,3.9997876550770455,-0.0007884182304736306
861.0,4.052376662836293,-0.0007824225757011052
861.5,4.35692294409733,-0.0008634680181285337
862.0,4.037000898168598,-0.0008302721653125315
862.5,4.16583800415084,-0.0007889308646845232
863.0,4.194651224047758,-0.0006161461561962969
863.5,4.589411621625461,-0.0002714433435618853
864.0,4.037694502648672,-0.0002949284732710235
864.5,4.11420058017277,-0.0003371717137896297
865.0,4.4240891310376265,-0.0002417187949314299
865.5,4.197876884791928,-0.00014124198352764158
866.0,4.031875692925,-5.681106458869733e-05
866.5,4.488841753528169,9.112708671044397e-05
867.0,4.31945527164559,0.00024565992424203746
867.5,4.20704263113258,0.0002607467164879487
868.0,4.2547757375488775,0.0003412132658689962
868.5,4.160640937859935,0.00038527792093051143
869.0,4.184022193180019,0.00031547305108284014
869.5,4.114832462644682,0.0004930127307835372
870.0,4.283403772742298,0.0005273999213012458
870.5,4.25580920322009,0.0006177529113456637
871.0,4.383906784908467,0.0007052537762845746
871.5,4.309602973241241,0.0008845933551332576
872.0,4.303415154170497,0.0008507197090771019
872.5,4.203666537782637,0.0007506033319170447
873.0,4.24371244442053,0.0008443948222452986
873.5,4.285740840809486,0.0008955006498839991
874.0,4.387085032012572,0.0008681596930846007
874.5,4.071212288033102,0.0009732038741987415
875.0,4.303455237677194,0.0010670077904328778
875.5,4.202713457039423,0.001024792853536091
876.0,4.423527283981609,0.0011211442314571682
876.5,4.177196938035358,0.001133559976888057
877.0,4.6384251470269735,0.001401115119755073
877.5,4.565165833059754,0.0015852595450644412
878.0,4.2674457404385056,0.0016289331058222366
878.5,4.25083477830498,0.0015535704672498365
879.0,4.397523408980362,0.0016257532199058166
879.5,4.189906884431831,0.0015946536752790292
880.0,4.276507943613478,0.0018921356490945185
880.5,4.115404788300787,0.0018434496269082304
881.0,4.257276273906911,0.0018713385883237055
881.5,4.18101929980267,0.0017674268984262706
882.0,4.4232707001047045,0.0017094910654060643
882.5,4.146620281906023,0.0016846408692767411
883.0,4.234126828106093,0.0018551738665268467
883.5,4.442728018714986,0.001867524123491337
884.0,4.040336759042927,0.001657436246673869
884.5,4.375774179724377,0.0017223434377475106
885.0,4.250323614797527,0.0016466729060509
885.5,4.2008804087792,0.0017596363762706095
886.0,4.268230188089353,0.0018015625784754874
886.5,4.356868248550266,0.0018905940324032144
887.0,4.148785001164407,0.0018593373708495895
887.5,4.413107469565165,0.0020595895756453262
888.0,4.222594519831578,0.0019912405699557215
888.5,4.262221901539043,0.0021523549128527495
889.0,4.41363055165383,0.00229437638076698
889.5,4.246823283121997,0.002256756349821027
890.0,4.156754379838179,0.0020935889775850094
890.5,4.464205024268376,0.002133503791897085
891.0,4.326072689987503,0.0020362960695179486
891.5,4.439136053657718,0.0021677277009051425
892.0,4.533476781384449,0.0024480571599859832
892.5,4.346804697697804,0.002459177376806365
893.0,4.285767787115914,0.0023272608015471063
893.5,4.474324485113179,0.002370370746559764
894.0,4.083185677424251,0.002310661218960442
894.5,4.2841369925364505,0.0023658997860118713
895.0,4.21679676362374,0.00226172752870853
895.5,4.1556074137717545,0.0021322310924618503
896.0,4.29511663591548,0.0020434105588472296
896.5,4.460903948942701,0.0021214934416616507
897.0,4.116008948045437,0.00196075303260495
897.5,4.678400034761404,0.0021044430775204325
898.0,4.227300166866978,0.0020299758889866923
898.5,4.653509573504508,0.002091673660007534
899.0,4.205788333226034,0.0019675451678671254
899.5,4.447203625192835,0.0021973272431990215
900.0,4.385614419770701,0.0021325266493533875
900.5,4.32129826718896,0.0019115624565054065
901.0,4.3065027971201815,0.0018314026979353185
901.5,4.242218546778472,0.001817536041112299
902.0,4.403037899888259,0.001821274494820308
902.5,4.230299263013476,0.001621824347071272
903.0,4.550181207821751,0.001746053542138115
903.5,4.575309249362275,0.0018604118187188511
904.0,4.31558226646251,0.0018504989413531993
904.5,4.329916864336174,0.0018667521373816874
905.0,4.446479405848604,0.0017975490298762825
905.5,4.326895288395749,0.0018840135946383912
906.0,4.154451503312631,0.0017654580697370147
906.5,4.523202517194157,0.0018641623388231552
907.0,4.435318406586727,0.0020160300837766694
907.5,4.470341458766883,0.002218179973094858
908.0,4.44838532626715,0.002197480908105854
908.5,4.551303606756679,0.002334179630336713
909.0,4.48741051979117,0.0023353944210117413
909.5,4.36669614737063,0.002193302967859227
910.0,4.325303308370252,0.0020826713886799445
910.5,4.4440588096184666,0.001981529145469336
911.0,4.285336135639035,0.0018126365437266827
911.5,4.138034323710677,0.0017380156256375098
912.0,4.374675558420336,0.001612708435950557
912.5,4.037068225797321,0.0013608730281659258
913.0,4.6251173828789485,0.0014773817026937708
913.5,4.3167739571504935,0.0016447986801953708
914.0,4.623288497638715,0.0016632014712020615
914.5,4.334838887517467,0.001549587547164947
915.0,4.474905073822033,0.0017043445770241247
915.5,4.4367554553979,0.0016987302838687506
916.0,4.423958811487981,0.0015820404115542953
916.5,4.545157341227248,0.0018095933254864349
917.0,4.321290608749937,0.0018008217728070794
917.5,4.483320642636237,0.0018201547865167363
918.0,4.441871913730413,0.0018404782806545924
918.5,4.807898158077512,0.0020189463356650324
919.0,4.555434849166095,0.0020538387817025496
919.5,4.485796997726668,0.002000971639449994
920.0,4.401052153159131,0.0019954734359163614
920.5,4.511294210487757,0.002037329660183243
921.0,4.619909280388807,0.0022182784596448003
921.5,4.319314830064199,0.002172791372208752
922.0,4.41452064651646,0.002179995448222952
922.5,4.191096014021676,0.0019926849136350107
923.0,4.4845868648313605,0.002004146487346532
923.5,4.627927971265745,0.0021233421668574305
924.0,4.781827152804047,0.002391277168437901
924.5,4.507311846308961,0.0022999583642786363
925.0,4.355702350397462,0.002254094097786723
925.5,4.491748322487614,0.0022273665679709083
926.0,4.6362122116540245,0.002416816966854362
926.5,4.4016404824758535,0.0023150742305170224
927.0,4.628502766129267,0.0026249398236183547
927.5,4.533828185755805,0.0028342825880015798
928.0,4.478201841883164,0.002830519669195365
928.5,4.548903226905662,0.0028561609972469135
929.0,4.792156222920374,0.003111634076912467
929.5,4.697760405804504,0.003180466169468771
930.0,4.4516015934895,0.003149455942885669
930.5,4.755453903649642,0.0031992124292909395
931.0,4.402067625146087,0.003117337834050126
931.5,4.822717755590794,0.0032374003874862493
932.0,4.532558709061825,0.0033242091090145733
932.5,4.534105902116611,0.0032429584477432793
933.0,4.284825497296804,0.003062004395224571
933.5,4.706455218387366,0.003257339963474447
934.0,4.219622386498417,0.002916429375209328
934.5,4.364813061768348,0.002862914437023048
935.0,4.360468283280825,0.0027309193434694136
935.5,4.480524644915622,0.0026389574131742886
936.0,4.486339741292057,0.0025879119772045127
936.5,4.519523030998106,0.0026076818468515725
937.0,4.590799549153669,0.0025417310909152686
937.5,4.389902304820039,0.002511326167703055
938.0,4.663324139689525,0.0025281661533325963
938.5,4.564664052041634,0.0025051234965114497
939.0,4.489464700206475,0.0025255411068904796
939.5,4.385800860405868,0.0023823708231256076
940.0,4.3893411570142105,0.002185048574032193
940.5,4.761574856756327,0.002392397658917533
941.0,4.655058526839784,0.0024491843550295237
941.5,4.690143000957872,0.0025913883388383263
942.0,4.648784086149163,0.002763186484301765
942.5,4.626015526391205,0.0028069403304677356
943.0,4.791094599270123,0.002908418020551253
943.5,4.704093826396963,0.0030664243416516665
944.0,4.604479370652264,0.002925442427661373
944.5,4.488511697224893,0.0028311013523782905
945.0,4.7524749773718975,0.0028503051448119992
945.5,4.514652279614555,0.0026847148907978816
946.0,4.6388540168274455,0.002673149921445662
946.5,4.548263719110567,0.0027041208319612065
947.0,4.712170292575556,0.002622386288783763
947.5,4.67264677509003,0.0028508608595468657
948.0,4.697228135267511,0.00282061340522491
948.5,4.460235557783567,0.0029022473128152283
949.0,4.708226296257848,0.0028621757650936076
949.5,4.807517991495395,0.003021371822479121
950.0,4.715944434041302,0.003084516750742537
950.5,4.530861367743857,0.002994767499571566
951.0,4.82168237141556,0.003066301240812456
951.5,4.865535042620618,0.003118743148967247
952.0,4.572757293644914,0.0030872434101002146
952.5,4.533011331912136,0.0029254052894544746
953.0,5.008217547706476,0.003236102828283589
953.5,4.674589168122058,0.003358337420439847
954.0,4.693154120963336,0.0033329989266128192
954.5,4.561484319094664,0.003233597068196776
955.0,4.579625757862809,0.003212837179305413
955.5,4.403332491317215,0.00301327547850417
956.0,4.970855950298829,0.0030454277035351462
956.5,4.645953181472017,0.00309825601253977
957.0,4.638698078194457,0.003092038106576608
957.5,4.71245140809099,0.00314841935204898
958.0,4.848638022068638,0.003269491179595582
958.5,4.861887941996255,0.003456005449450431
959.0,4.624000734492073,0.0034587501183637507
959.5,4.720342856851519,0.003443928259042501
960.0,4.699522985075755,0.0033874074050389445
960.5,4.532759142146987,0.0032993008674033443
961.0,4.593763098966901,0.0031501742336872717
961.5,4.843184620143364,0.003056243481549631
962.0,4.769975367449476,0.003053778364552208
962.5,4.952970395260303,0.0029506685883305805
963.0,4.936188895687559,0.003182991107750249
963.5,4.979913776214043,0.0032506807687716385
964.0,4.5581224491513295,0.003245609239105824
964.5,4.816968201380093,0.0032202715885001573
965.0,4.742768151755811,0.0032299571678748957
965.5,4.705152708415083,0.0031909612800582795
966.0,4.730270137235798,0.003155910006176933
966.5,4.928369105990037,0.003308318838859309
967.0,5.025771596920146,0.003378314728801509
967.5,4.844689375369182,0.0034304824250001005
968.0,4.683459956122042,0.0033574129679407906
968.5,4.715010527610182,0.0035220211656765963
969.0,4.825356963543972,0.003600288398625903
969.5,4.930212735287712,0.0036954020412870918
970.0,4.834665621285282,0.0036770609881026694
970.5,4.69201194834455,0.0036355846647880166
971.0,4.364919180846879,0.003463454291680517
971.5,4.609218452134323,0.0032573339310168242
972.0,4.800831359849447,0.003219264323916477
972.5,4.874640646301982,0.0030849967573211164
973.0,5.0022838345254215,0.0031962267142861857
973.5,4.869455634764048,0.003309209242713061
974.0,4.860142616788012,0.003507032894624765
974.5,5.094945163653659,0.0036770304154576544
975.0,4.664320507175227,0.003492274460664329
975.5,4.89294209464912,0.003522081626347876
976.0,4.796681923729422,0.0035774435975545475
976.5,4.8756695305023765,0.0035356383860391982
977.0,5.032639395671054,0.0037188859750317506
977.5,4.953211073852713,0.003792719764223428
978.0,4.894837271718605,0.003793130013549457
978.5,5.092685358134031,0.003948922978643415
979.0,4.7756799591276655,0.004057295924735914
979.5,4.63433494306268,0.004024689683360339
980.0,4.92245292023617,0.0040148166590374965
980.5,4.7678510707637045,0.004091603086109273
981.0,4.750410595436933,0.003943706551762278
981.5,4.731174130150501,0.004035141353574776
982.0,4.863351039579616,0.004030341757457096
982.5,4.93774677857694,0.004066705437656408
983.0,4.697693061795585,0.003804539741311629
983.5,4.884804434994987,0.0039041075742071393
984.0,4.911486829493214,0.003722335728742771
984.5,4.785812476738547,0.0035455969969511282
985.0,4.979297430170867,0.0034761141243410992
985.5,4.930017596424404,0.003442690841832699
986.0,4.776548512349811,0.0033162276523792866
986.5,5.151292429159323,0.0034290128426579048
987.0,4.825787337198994,0.0033840445701901443
987.5,4.830674636874847,0.0032174036029376527
988.0,5.078431430420933,0.0033583652952637235
988.5,4.785709251479058,0.003260656845680714
989.0,5.048465295880017,0.0032708129233192727
989.5,4.88555351707637,0.0031146544788290065
990.0,4.976340442876387,0.0030085768642115237
990.5,4.825642359489305,0.0030315271214626646
991.0,4.928403025401957,0.003050199080473911
991.5,5.114592105228319,0.003197461269257786
992.0,4.938269864308964,0.0032098176647309094
992.5,4.877982163374957,0.003169086280520036
993.0,5.066651637407445,0.003337459792894929
993.5,5.080726136452872,0.003458159637517256
994.0,5.007909991298206,0.0034707099290604594
994.5,4.98947550716163,0.003397183951854901
995.0,4.8261877938670645,0.003380620951299875
995.5,4.970079562809717,0.003304518598922713
996.0,5.071640046344594,0.0033585573132246553
996.5,5.021966276743165,0.0033229896949793607
997.0,5.022581630256739,0.003381439951336865
997.5,5.371104345589476,0.0036192544493777205
998.0,5.17105076489876,0.0037447407010852934
998.5,5.088001661765785,0.003671572546580366
999.0,4.837510924738118,0.0035923614842578422
999.5,5.0709804533805904,0.0037104704057195005
1000.0,5.169002769491348,0.0038281494145999445
1000.5,5.06811842357333,0.0037682883297940413
1001.0,4.998737609748535,0.003837018344241207
1001.5,4.813976864472676,0.0038204420012490866
1002.0,4.904380514851173,0.003680748497124126
1002.5,5.135419806002505,0.003650237718751149
1003.0,4.879054486411227,0.0037482048534144977
1003.5,5.059412853436951,0.0037526666662663307
1004.0,4.934499530019387,0.003689555684926792
1004.5,5.256900169147777,0.0037352735212701806
1005.0,5.1055890712365,0.0036937525632676532
1005.5,5.005885708201571,0.0034798452897037537
1006.0,5.390265742222048,0.0038310048405706537
1006.5,5.177748763856063,0.0038539724916861243
1007.0,5.068201269558851,0.0038010832059204892
1007.5,5.223544573048707,0.0038800215048072763
1008.0,4.919738397395065,0.003854884497916143
1008.5,5.000772095149476,0.0038850632860428828
1009.0,5.014593858140007,0.0037776121808112523
1009.5,5.327402997234434,0.003909689865746821
1010.0,5.340783788182708,0.004029812981067976
1010.5,4.943018906234538,0.0038048752319733534
1011.0,5.333498764254291,0.003843954200878076
1011.5,5.202541234115249,0.003947523459758695
1012.0,5.156330376254248,0.003974958769174794
1012.5,5.047716814793185,0.004044140524475291
1013.0,4.764716319165492,0.003933895496919188
1013.5,5.461369949767185,0.004266061915602428
1014.0,5.060938084361085,0.004098938859004266
1014.5,5.386295993243453,0.004275939550885194
1015.0,5.109152215105499,0.0042364980307563055
1015.5,5.285756995051631,0.0042747759544351106
1016.0,5.135942813865867,0.0042323100905365535
1016.5,5.3423337904875385,0.004427644149689085
1017.0,5.326631409496775,0.004667713801382003
1017.5,5.304369084744468,0.004781200829898958
1018.0,5.311278033675527,0.004795560676786488
1018.5,5.296311945685595,0.00481261676642348
1019.0,5.458056019235943,0.004985658757498486
1019.5,4.93202245282011,0.004902161365192549
1020.0,5.053094927950051,0.004832659154936139
1020.5,5.168463858461783,0.004742614757702921
1021.0,5.231791255354375,0.004486234560618978
1021.5,5.271533521337416,0.004391120289627598
1022.0,5.361807744119716,0.00445781472908495
1022.5,5.050540583715004,0.004377598495173504
1023.0,5.395936111485208,0.004577816220967998
1023.5,5.241518430302241,0.004601074431809413
1024.0,5.416131459064344,0.004717953701401456
1024.5,5.572852177430327,0.005063566428341879
1025.0,5.528388693678646,0.005116045106537659
1025.5,5.216101557208514,0.005111195356598557
1026.0,5.228028624548576,0.005051213194290147
1026.5,5.364284425847453,0.005114869671111743
1027.0,5.214116359801574,0.005178586682303643
1027.5,5.189900604593664,0.00517760177811899
1028.0,5.381704959048817,0.005252341434474577
1028.5,5.437691677445844,0.005474405462114968
1029.0,5.579230331764644,0.005584286884530536
1029.5,5.278717030351276,0.0054203383387027805
1030.0,5.463450113579726,0.005533015816034679
1030.5,5.219988357050911,0.005400871840742769
1031.0,5.524780844958909,0.0054337965346516245
1031.5,5.377164995058944,0.005358076808320065
1032.0,5.343850066443797,0.005334920587476831
1032.5,5.39603048718016,0.005382084398064127
1033.0,5.267256551919772,0.005201761785591711
1033.5,5.388689148812349,0.005200142736307113
1034.0,5.141032527108633,0.005061524868348758
1034.5,5.186099811827182,0.00487075854652716
1035.0,5.306554852154594,0.004864009354131861
1035.5,5.758390184850947,0.005091883143342272
1036.0,5.337198312572245,0.004966590907806328
1036.5,5.18259155166222,0.004969842126619101
1037.0,5.125584503479125,0.004741576331911796
1037.5,5.614374469110571,0.004803044887832833
1038.0,5.286283060778014,0.00481035795055709
1038.5,5.29215343616112,0.004641256514806044
1039.0,5.03025664663529,0.0044697409773572635
1039.5,5.437528224690568,0.004441653065871835
1040.0,5.446324055977112,0.004467188421040723
1040.5,5.542443197614982,0.004452851717246856
1041.0,5.304720365883838,0.004350970250413913
1041.5,5.453784260180545,0.004445967198923764
1042.0,5.522768853644797,0.004471012416921748
1042.5,5.379846614658001,0.0043676006446245
1043.0,5.29187243397925,0.004320249142879456
1043.5,5.474825371140353,0.004387409633870016
1044.0,5.351820981759841,0.004332637549531087
1044.5,5.426855389104686,0.004307140601396298
1045.0,5.168376866495546,0.004023880721698679
1045.5,5.355526827899261,0.003934899490047362
1046.0,5.520095153117334,0.0040006075983506474
1046.5,5.415259691556093,0.003968549900246183
1047.0,5.460954619267534,0.003959290652298814
1047.5,5.608314494304485,0.004243536810287507
1048.0,5.371286980946302,0.004262883143675787
1048.5,5.465492167862901,0.0042854570897626525
1049.0,5.290022080391432,0.004047448472923244
1049.5,5.398706043804756,0.004010070593914652
1050.0,5.487209045774275,0.004080743119594427
1050.5,5.446074171222941,0.004062018201104594
1051.0,5.32620835378185,0.003925500965673412
1051.5,5.538500521387343,0.003799191638025153
1052.0,5.365713018700908,0.003616331206917189
1052.5,5.556174947267472,0.003681103745066126
1053.0,5.44325773067363,0.00351837426098867
1053.5,5.502958505874959,0.003493647569146463
1054.0,5.296274175717968,0.0032651099822811765
1054.5,4.989285679264896,0.0030452555884054986
1055.0,5.215935253357569,0.0028715525052162927
1055.5,5.5891194971918505,0.0028577924649843436
1056.0,5.6621974048676265,0.003113403134131252
1056.5,5.427905383291072,0.003097768749114757
1057.0,5.571052528445442,0.0030977776716733544
1057.5,5.475429259939657,0.0031290933302213666
1058.0,5.843267166508527,0.0031917786835519097
1058.5,5.456328284734316,0.0030626272330380533
1059.0,5.553464802414238,0.0029940902495700045
1059.5,5.40270760612785,0.0030191087340145466
1060.0,5.536513405644014,0.003130821636821492
1060.5,5.556902516990413,0.0030112282672708174
1061.0,5.506487402550796,0.0030909724441285273
1061.5,5.626973835804526,0.0031608484485979383
1062.0,5.535510554747976,0.0031432895495453568
1062.5,5.56998273905223,0.00307583215773286
1063.0,5.859835182077658,0.0030027810662660364
1063.5,5.3898179000051725,0.003059583368377221
1064.0,5.551233985984831,0.0029704491460689117
1064.5,5.464694174644689,0.0030212076070561026
1065.0,5.277308201586915,0.002791740869798766
1065.5,5.438135477254049,0.0027628302147054535
1066.0,5.7905711748126345,0.002850662102631261
1066.5,5.502088649291478,0.002884347347234548
1067.0,5.407124462961029,0.002850184379150237
1067.5,5.526191284383817,0.002872295844992967
1068.0,5.693751690556946,0.0029954732553535753
1068.5,5.492334028836197,0.0029853361099920267
1069.0,5.579619376286888,0.003122725857279088
1069.5,5.490780456993954,0.002887072880701169
1070.0,5.540728976687368,0.0027477637830876913
1070.5,5.793533539409578,0.0028227039839663595
1071.0,5.378066164731739,0.0026817105372671235
1071.5,5.5122074998706845,0.00264273575978057
1072.0,5.262073780883266,0.0025069899673776097
1072.5,5.783050915695781,0.0024932857055600132
1073.0,5.505701466359972,0.0025153590144389327
1073.5,5.895044175084568,0.002673821232135796
1074.0,5.549945374732017,0.002725257246295315
1074.5,5.6041731137479625,0.0029022840848545446
1075.0,5.731778125969172,0.0031277924264341344
1075.5,5.482604159671744,0.0030135707811459705
1076.0,5.69467312661136,0.003029360874972362
1076.5,5.6360847100627485,0.003087324948329217
1077.0,5.446515274911539,0.002938400636933338
1077.5,5.686183251391767,0.0029143880601029725
1078.0,5.713378846498936,0.0030168203582919217
1078.5,5.788650606512896,0.003193919413304065
1079.0,5.838596033612815,0.003482258093344461
1079.5,5.926913958928452,0.003637820894355725
1080.0,5.749049191390663,0.0037919017605496283
1080.5,5.872433523045662,0.003868300138107505
1081.0,5.608777830063055,0.003964963966259071
1081.5,6.049480261447382,0.004232959002913174
1082.0,5.705357701743585,0.004268265340295852
1082.5,5.467014291363477,0.004189267504838107
1083.0,5.936127730339882,0.004310054220169448
1083.5,5.415458645518908,0.0041871008246818775
1084.0,5.473210751198812,0.0039480394224545926
1084.5,5.658854357663346,0.0038425883193474873
1085.0,5.8044206891517405,0.003890941697481011
1085.5,5.464075762062155,0.0040049745784435965
1086.0,5.821942573107496,0.004079865929486731
1086.5,5.94575909385903,0.004128793069197215
1087.0,5.726333625466767,0.0040036597929357515
1087.5,5.658791583083107,0.004127429163471964
1088.0,5.897602809312006,0.004193690252742716
1088.5,5.925838808057053,0.004272946435277212
1089.0,5.879874624432485,0.0041585668502465084
1089.5,5.662219113830505,0.004151521785938216
1090.0,5.770569271340558,0.004211477398348581
1090.5,5.618678100995107,0.004235563325853395
1091.0,5.764371344532759,0.004201210341258743
1091.5,5.808572923857697,0.004277941111358542
1092.0,5.9298986409994505,0.004464297519679656
1092.5,5.792131614560159,0.004477306545283277
1093.0,5.844431032139365,0.00446311893177488
1093.5,6.115222009458557,0.004714046447048673
1094.0,5.611456200233668,0.004583473501972425
1094.5,5.839888325628859,0.004630962273781924
1095.0,5.451982524093915,0.004286401414577152
1095.5,5.569791474524619,0.004121846681260241
1096.0,5.755386709834354,0.00416471348919403
1096.5,5.78274044036737,0.004157469613609478
1097.0,6.092547312949567,0.0043575531102833225
1097.5,5.981153833802314,0.004573191407772
1098.0,5.83560121568843,0.004554235245485992
1098.5,5.942621099645928,0.004650376976514656
1099.0,5.675391309265111,0.004475696709668174
1099.5,5.652798040137767,0.0043488388742852335
1100.0,6.099587277796301,0.0045379891621212835
1100.5,5.962732003701478,0.004613559786416305
1101.0,5.57130059363563,0.004377750435775662
1101.5,5.943984815943074,0.004489058171584973
1102.0,5.705864735745299,0.004349322437247114
1102.5,5.906303185130845,0.004440008292110076
1103.0,5.81112599557875,0.004401516606514761
1103.5,6.01329354628882,0.004514891883330611
1104.0,5.681353837429204,0.004299687390546814
1104.5,5.73836308893662,0.003927674727550268
1105.0,5.869318941077035,0.0037618311706198466
1105.5,5.875296416211775,0.003817869469616018
1106.0,5.681299260706239,0.003799517108199104
1106.5,5.727563568367819,0.003666424084121482
1107.0,5.797295859644177,0.003657915771275708
1107.5,5.738308052544928,0.0035536965092292532
1108.0,5.772824776516547,0.0036897594353101615
1108.5,6.084944341353618,0.0037775769046833603
1109.0,5.785722078497812,0.0037389650440218633
1109.5,5.960574679215204,0.0037100706516707237
1110.0,5.931122223496461,0.0037380791005365357
1110.5,5.937341102012612,0.0037774031904667118
1111.0,5.840848118525168,0.003724284381544756
1111.5,5.894663352607722,0.0037721443695076747
1112.0,5.766518741611637,0.0036852339589771364
1112.5,5.8611403139212745,0.0036726542409137573
1113.0,5.903818783458073,0.0038576019760755633
1113.5,5.862953915747231,0.003732886737367282
1114.0,5.720889419577343,0.003615926479346836
1114.5,5.661639182476343,0.0034092836213532513
1115.0,6.005376125543576,0.003290910094707693
1115.5,6.00474997088897,0.003260897982305557
1116.0,6.018474110725277,0.0034458361627923446
1116.5,5.829072271787406,0.003340685396358564
1117.0,5.710740610991381,0.00310376034559733
1117.5,5.9689185831834175,0.003088726299424427
1118.0,5.950755097418039,0.0031591405660935457
1118.5,5.952623065901205,0.0031055088575590497
1119.0,5.867102626627646,0.0030484491174031896
1119.5,5.718667143812656,0.002845917969218829
1120.0,5.67756141424299,0.0026465044921295767
1120.5,5.829903250620808,0.0026891638488911198
1121.0,5.847032810610116,0.0024897642928057018
1121.5,5.783103722321709,0.002328056676814702
1122.0,5.933037743749653,0.002100571503420349
1122.5,5.812794625063298,0.002109346119647252
1123.0,5.864390886554976,0.0019803244447611705
1123.5,5.769921755274153,0.0020268430683689003
1124.0,6.022085176851906,0.00201551257550624
1124.5,5.970369559620507,0.0020006589859167005
1125.0,5.96701073416247,0.0020567516286838874
1125.5,5.83737829570758,0.0018819973034375273
1126.0,6.096793908955692,0.0019856201945151427
1126.5,6.093484962119196,0.0020469433113778804
1127.0,5.777122481515964,0.0017999484022333727
1127.5,5.839750344135547,0.001731443799783313
1128.0,6.09144007744008,0.0018270970402224677
1128.5,6.127717012391424,0.001985382995091357
1129.0,5.839528507067692,0.0019986686097159343
1129.5,5.8019121353351615,0.0020431226894376854
1130.0,6.255637002128405,0.002250819637076652
1130.5,5.720632238581464,0.0022093906938337295
1131.0,5.756897851194315,0.002031536147388595
1131.5,6.142564856960397,0.002348105477921557
1132.0,5.687433924953217,0.0021846237434090996
1132.5,6.1099663888837705,0.002127915948496485
1133.0,5.961011741856229,0.002259315222805883
1133.5,6.128750685469655,0.002174505735205799
1134.0,6.2284652434783325,0.0021753735343541056
1134.5,5.923836030936933,0.002098720800809759
1135.0,6.202671563560133,0.002272754859125414
1135.5,5.894551430029597,0.002052698112734294
1136.0,5.97894209801546,0.0020944971881867755
1136.5,6.071117508958572,0.002264210066396369
1137.0,5.93897666270585,0.0022209338481952016
1137.5,5.923089678690861,0.0021247332749223403
1138.0,6.144593407857016,0.002301681257577158
1138.5,5.99983687342442,0.002406783802292195
1139.0,5.998912560887364,0.0024825921038749547
1139.5,6.170482253741195,0.002526981966506771
1140.0,6.092456689807411,0.0025845870034515036
1140.5,5.763469276211702,0.0023508356828337074
1141.0,5.953241998893184,0.002316381900723778
1141.5,5.903706858133056,0.0022770234637554078
1142.0,5.838214323551524,0.002271147586878223
1142.5,5.6719609848190045,0.0020841125046605615
1143.0,5.956058288256335,0.002098986906242943
1143.5,6.098743752247638,0.0023614010325906792
1144.0,6.217618511409393,0.0023893189749582926
1144.5,5.967795855733188,0.0023999964560635434
1145.0,5.844842232438726,0.00210100271171789
1145.5,6.055784219259806,0.001994005614669595
1146.0,6.006696935566465,0.0019644972196384666
1146.5,5.823312638083197,0.0018396096519793155
1147.0,5.74338436002757,0.0018545147648353513
1147.5,5.94677116446229,0.0019269228968993423
1148.0,5.8221872156510734,0.0018375196876904548
1148.5,6.296243600521397,0.0020947556526906244
1149.0,6.002181560629081,0.002011099953847057
1149.5,6.048399728483632,0.0019372858267587853
1150.0,5.892355109013283,0.0020368055868547306
1150.5,6.0515970041926845,0.0021504689369702336
1151.0,6.021491107923525,0.002007949951962479
1151.5,6.24705251282703,0.0022198942403416537
1152.0,6.079833628032334,0.002184548201157528
1152.5,6.177387208328026,0.002324144556528728
1153.0,6.146642588820382,0.002384540302704517
1153.5,5.896013193130525,0.0024145464854955752
1154.0,5.987252586631285,0.002298986212049428
1154.5,6.012287389461729,0.0022291780081146297
1155.0,5.968941563734613,0.0022096995714654035
1155.5,6.191060052262887,0.0023245998333316096
1156.0,6.016766547014926,0.0022145958227843096
1156.5,6.319017212467002,0.0023081596273042755
1157.0,6.116414725098001,0.0023165293597040863
1157.5,5.89762882422939,0.002155347274318603
1158.0,6.069287468889028,0.0021151478075893903
1158.5,5.760336774955345,0.002077018739686226
1159.0,6.097531852596108,0.002061752433684089
1159.5,6.002690304742634,0.0020923737957692875
1160.0,5.929954103490202,0.0020614301221351405
1160.5,5.884796414325338,0.0020074431346265116
1161.0,6.048162543316045,0.001992655335916065
1161.5,5.914160039991247,0.001928389361169664
1162.0,5.870434891832139,0.0017602506666325657
1162.5,6.016830625895711,0.0017351790238513353
1163.0,6.311259465939288,0.0019090128714006822
1163.5,6.144602090720541,0.001954185973973023
1164.0,5.928922467691876,0.0017817527570557683
1164.5,6.1898421315447285,0.001725915439796476
1165.0,5.8246903390046,0.0016551426163277116
1165.5,5.959954510643351,0.0016665137049212458
1166.0,5.8116466737409045,0.0015986363878179779
1166.5,6.013999596512865,0.0015386619119728388
1167.0,6.332629114788823,0.0015940367905799455
1167.5,6.004775734565922,0.0016036553748079794
1168.0,6.039886972696026,0.001622693618260894
1168.5,6.163423299337837,0.001715182191169406
1169.0,6.00798047154256,0.0016609680650966111
1169.5,6.104223393601546,0.0015722763502431293
1170.0,5.976983845262738,0.001378457083804518
1170.5,5.911337533479866,0.0012343749655544434
1171.0,6.123671929731904,0.0012258363349860583
1171.5,6.13378084226697,0.0011812380955703858
1172.0,6.052878943377413,0.0011752398797626523
1172.5,6.085435640337602,0.0011142694204054552
1173.0,6.025664105402029,0.0010457895606371813
1173.5,6.026050060011273,0.0009183494897033178
1174.0,5.817160210101884,0.0008165689076914293
1174.5,5.993126357305132,0.0007904392177662656
1175.0,6.054352200361523,0.0007983725551195127
1175.5,6.011639678852262,0.000701318800689068
1176.0,6.227286869706727,0.0008875025264048087
1176.5,6.037430075345093,0.0009573285431869077
1177.0,6.208252015280254,0.0009375708293131503
1177.5,5.8835940898985255,0.0007577292297163617
1178.0,6.007887364779982,0.0008037382738969433
1178.5,6.106716060994006,0.0009314461886481381
1179.0,6.069807885953892,0.0008628207912848955
1179.5,6.295277084448246,0.0009025760620775339
1180.0,6.38897415554841,0.001267056755533302
1180.5,6.1407162049393405,0.0011582119612280205
1181.0,5.820435031233263,0.0008760387705488065
1181.5,6.102289045926601,0.0009942786652397456
1182.0,5.896881691408695,0.0007151408185089446
1182.5,5.855455099197616,0.0006649597716292112
1183.0,5.982434248750186,0.0006029907801667812
1183.5,6.017576648476164,0.0006633013318428976
1184.0,5.951646869733682,0.0007462129656513899
1184.5,6.152119395357946,0.0007669155764632018
1185.0,5.982719486403721,0.0008532361355476732
1185.5,5.941131655369888,0.0007307512664615943
1186.0,6.1043580515063,0.0007558194140775744
1186.5,6.11733508205454,0.0008429554322159252
1187.0,5.973685912528997,0.0007641152823329436
1187.5,6.03978137188244,0.0007144947339551256
1188.0,5.970825675708545,0.0007567546496528167
1188.5,6.128241557871179,0.0008068831391321007
1189.0,6.083712893311794,0.0008284577568650987
1189.5,6.0997221375976896,0.0009625067430211029
1190.0,6.234081897827088,0.0011299343942697605
1190.5,6.092038988188152,0.0010118941352666208
1191.0,6.046976596860154,0.0009781546792961946
1191.5,6.385168420064926,0.001114175031814016
1192.0,6.051947384870076,0.0010067717323613303
1192.5,6.029646475068643,0.00078279571520709
1193.0,6.11023621368517,0.0007745823190531537
1193.5,6.368355663885868,0.001004332928792628
1194.0,6.224470188128358,0.001217416660356704
1194.5,6.236060285223931,0.0012858956996659014
1195.0,5.984991647465313,0.0011274882106233057
1195.5,5.988250506492898,0.0010971783446386504
1196.0,6.252148385873235,0.0011947001128043981
1196.5,5.850330050642784,0.000939430208997479
1197.0,5.9367755331904215,0.0006867484351844772
1197.5,6.169612800719007,0.0006933296339902085
1198.0,6.371701119633975,0.0007417835088843061
1198.5,6.002467690539069,0.0008516028658279237
1199.0,6.0789976867629925,0.0008321918322344893
1199.5,6.198788771677842,0.0009110329445012807
1200.0,6.126156132225178,0.0008503486084710778
1200.5,6.092074540505681,0.0008631221289452831
1201.0,6.090592507326911,0.000856283456917167
1201.5,6.3904927474705735,0.001163477925427155
1202.0,6.129234263908849,0.0012124031007708523
1202.5,5.993334026234181,0.0012391259767345294
1203.0,6.0075969790950206,0.001257897650340761
1203.5,6.2909127937020495,0.0012947478592057811
1204.0,5.794439344172441,0.0010872206785658694
1204.5,6.0781750240068,0.0010657359454170738
1205.0,5.905275384891569,0.0009144776272701503
1205.5,5.971060537119909,0.0009376809339035818
1206.0,6.155997094131964,0.0009677553725168054
1206.5,6.168139397048613,0.0011865543482148027
1207.0,6.398847948479331,0.0014214292374934141
1207.5,6.064202853169595,0.0013215180069390865
1208.0,6.215888047952802,0.0014137532470495458
1208.5,6.278175807709404,0.0013539888890229945
1209.0,5.972043521832552,0.0013105097303627844
1209.5,6.047796986969618,0.0012560589147982948
1210.0,5.773842750278384,0.0009942391275963483
1210.5,6.085675283267406,0.0008921716168221241
1211.0,6.007594243774562,0.0008403183177514048
1211.5,6.26256931096585,0.0008592085855286622
1212.0,5.99426508443355,0.0006880287847027876
1212.5,6.023853589940774,0.0006216648902700888
1213.0,6.148998654464682,0.0008080020357665094
1213.5,6.506782598304675,0.0011078269530361501
1214.0,6.0522809682512,0.0010025893781584684
1214.5,5.881483446621238,0.0009525406086011943
1215.0,5.973107931557881,0.0007393187837305534
1215.5,6.023450453505896,0.0006362005041540255
1216.0,6.215539458004765,0.0005565489394440241
1216.5,6.0011089004205695,0.00046730382196244854
1217.0,6.0827313527710825,0.0006198107928141569
1217.5,6.062974800918465,0.0005648812529435391
1218.0,6.313656639189111,0.0006794526966146363
1218.5,6.215243315246111,0.0008071457159682138
1219.0,5.9748661133649215,0.0006972107207680447
1219.5,5.844506401230967,0.000568560768130401
1220.0,5.966151569010273,0.0004381773094182044
1220.5,5.94873667379248,0.00025779272520877147
1221.0,6.25567965545167,0.0003879891846541411
1221.5,6.157260906538124,0.00046426142311042673
1222.0,6.128641290434765,0.00047421866660351706
1222.5,6.065812349340027,0.0004656738790763897
1223.0,6.098769487732048,0.0004407179199579511
1223.5,6.088130471084954,0.0004087983124916077
1224.0,6.340744224286974,0.00039960133271200847
1224.5,5.748595230420369,0.0001389951866940133
1225.0,5.881184127637198,-2.8040392704172303e-06
1225.5,6.312238813327114,8.766067329689645e-05
1226.0,5.887065504763305,5.2634899572761474e-05
1226.5,6.028177299467065,-9.543744388134261e-06
1227.0,5.993269805427473,1.1179979339408703e-05
1227.5,6.2150089529411385,-3.055240518382453e-05
1228.0,6.059124439979192,-9.35375694627907e-05
1228.5,6.033719973339701,-0.0001123332229712042
1229.0,6.171301993560439,-7.088953355671681e-05
1229.5,6.297658984399197,0.0001810476627630283
1230.0,6.008780203357116,0.00031813122006718234
1230.5,6.070011978729813,0.0003456935091730614
1231.0,5.7767289752505695,5.7670047815480094e-06
1231.5,6.00750058914683,-2.5722311660798652e-05
1232.0,6.282066315274389,-1.7455006477753617e-05
1232.5,5.911991385149543,-0.00025876389777476655
1233.0,6.274422562797309,-0.00020848858193088664
1233.5,6.067573823541756,-0.00026329949136197963
1234.0,6.1093117463906585,-0.00033387306290575926
1234.5,5.9616849693719125,-0.000372539377264478
1235.0,6.034768405468586,-0.0004681709588230008
1235.5,6.168380217126151,-0.0005102585824963508
1236.0,6.074471165595252,-0.0005119359284337373
1236.5,6.526955875297468,-0.00023658693103047554
1237.0,6.038639858958534,-0.0003433027000606188
1237.5,6.088709520359612,-0.00038099578693925185
1238.0,6.019174269523658,-0.0005023754711372742
1238.5,6.316355149078167,-0.00035238873477308247
1239.0,6.35465302757685,-0.00020889544174249443
1239.5,6.175105316377655,-0.00016561318984224642
1240.0,5.962833514421185,-0.00016790752940967074
1240.5,6.140679793474994,-0.00014738191986451505
1241.0,6.058483365806462,-0.00020358015954761047
1241.5,6.198838283562841,2.842740613187165e-05
1242.0,6.369994846559978,0.00016239618066248487
1242.5,6.047419061354489,8.740312171771311e-05
1243.0,6.141128327850024,0.00011670790742194999
1243.5,6.319414741693848,0.00040799070220199995
1244.0,6.036917274098119,0.00044483725036271386
1244.5,6.260253936893432,0.0006236342050728623
1245.0,6.207527776379045,0.0006186555245721189
1245.5,6.147640670700989,0.0005774047111090736
1246.0,5.887758559259261,0.0005397937203659374
1246.5,6.087768026159918,0.000381847086167144
1247.0,5.958080227126883,0.0001963998560007812
1247.5,6.211290542109042,0.0003022324087072154
1248.0,6.044854791722274,0.00043116982453599527
1248.5,6.179151062881611,0.0004200319158044067
1249.0,6.252954707404236,0.0004969991596780651
1249.5,6.126271842893254,0.0005692222208246768
