time_s,bearing_vibration_g,vibration_rms
0.0,0.1783070587915398,0.1783070587915398
0.5,0.1957916825543392,0.18725355827373316
1.0,0.1716973969208496,0.18221579357247872
1.5,0.1587020342572341,0.17663105754589767
2.0,0.1624215994758406,0.17388208529657057
2.5,0.1598817840595167,0.17162802937820362
3.0,0.1950840586007255,0.17517129279226926
3.5,0.1791474164337753,0.17567322987029815
4.0,0.1840933502075525,0.1766286220467307
4.5,0.1748878754960072,0.17645532016084084
5.0,0.1829431170615366,0.17705494376062003
5.5,0.170638245786017,0.1765291277041291
6.0,0.1833068788217812,0.1770597046107833
6.5,0.1918087014683212,0.1781537026835687
7.0,0.1928142250142326,0.1791683957037726
7.5,0.1812587289404802,0.17929975549046925
8.0,0.2005846479825251,0.18062125438564508
8.5,0.1562064671483165,0.1793520898630377
9.0,0.1626036003515797,0.17850977112215524
9.5,0.176618841934321,0.1784157006350368
10.0,0.1728447743655291,0.17815436868162188
10.5,0.1620216993408874,0.17745288641631576
11.0,0.1866565097635115,0.17786294728412524
11.5,0.2013736963348641,0.17890425860839448
12.0,0.1574112165338975,0.1780943459010358
12.5,0.1761908424868999,0.17802151058706234
13.0,0.1884333401614598,0.1784179692939725
13.5,0.1998508331062071,0.17922756815227928
14.0,0.1695263873883419,0.1789018021172104
14.5,0.2056311644130906,0.1798567916427459
15.0,0.192269936249212,0.18027055771864575
15.5,0.1829216854425049,0.18035399534587754
16.0,0.1687762826270853,0.1800140962467379
16.5,0.1879794133692312,0.1802533943401641
17.0,0.1980059271267819,0.180784803169519
17.5,0.1797229579991067,0.180755391699852
18.0,0.1916316365040613,0.1810579347879175
18.5,0.1793434705049339,0.1810130253491799
19.0,0.1869233407849949,0.18116698052580166
19.5,0.1959171167989178,0.18155033979143445
20.0,0.1890991943963444,0.18173818883061738
20.5,0.1883831100053461,0.18189922226803323
21.0,0.1780702379047068,0.18181109198257123
21.5,0.201332560838616,0.182277981158731
22.0,0.1729548145688978,0.1820759862228393
22.5,0.1744074318669751,0.18191271595766412
23.0,0.1710219333424671,0.18168779441964358
23.5,0.2047006801393824,0.18219687935147902
24.0,0.1651973645546042,0.1818658344817725
24.5,0.1926548372353436,0.18208787945088487
25.0,0.1780087530437357,0.18208204200806266
25.5,0.16791332406824,0.18152432357860374
26.0,0.1755035525841334,0.18159710919470812
26.5,0.1816083854547536,0.18202586483155822
27.0,0.1679474165339917,0.18212612839062864
27.5,0.1871391142961475,0.18264474782229462
28.0,0.182171141162299,0.1823778347335949
28.5,0.1687179073312534,0.18217879489913547
29.0,0.1738802360750641,0.18197800089307187
29.5,0.1523113685033148,0.1815716180702143
30.0,0.1595792811153185,0.1811303391104251
30.5,0.1803120746001201,0.1813176781582287
31.0,0.1604844643544279,0.18088443117694203
31.5,0.2097996793368216,0.18128343551473
32.0,0.1749971658332585,0.18092157871757575
32.5,0.1779949881894283,0.18085675941398674
33.0,0.1721706836251427,0.18027018137119125
33.5,0.1986463358167677,0.18110366207973705
34.0,0.1831187823519018,0.1814948692683805
34.5,0.1616495795479755,0.18121565880348986
35.0,0.1913427121587263,0.18158702967172127
35.5,0.1907911859261347,0.18214514612361873
36.0,0.1892714745213977,0.1821991081893723
36.5,0.1847257041976816,0.18184597721510878
37.0,0.1793024532205079,0.18225087380345278
37.5,0.1947331691300206,0.18262786448345067
38.0,0.1637604340068123,0.18215143152613303
38.5,0.1710096666301611,0.18156327552336624
39.0,0.1879905020930468,0.1819264897586354
39.5,0.1643587841791088,0.18108517432158247
40.0,0.1957456668960682,0.18115963433818283
40.5,0.1666197264734041,0.18084481999339383
41.0,0.181181773244902,0.18108472311605417
41.5,0.1963821451096405,0.18126298763774826
42.0,0.1664058251947526,0.1806265808705648
42.5,0.2139071205064019,0.18137000856927396
43.0,0.1870252208293307,0.18127381220341568
43.5,0.1685766057723663,0.18106704510423416
44.0,0.1679329366924971,0.18069448674682254
44.5,0.1853052229439429,0.18047046218317198
45.0,0.1913476640563822,0.1805178555849184
45.5,0.1696218532703237,0.18014539606775665
46.0,0.1616349203267301,0.17983520367614542
46.5,0.1964272778603489,0.17972667578831067
47.0,0.1653150464426501,0.1795828274748786
47.5,0.1694297755908593,0.17948749776850398
48.0,0.1781262190832255,0.17962564076437562
48.5,0.1868647538163626,0.1792364142003488
49.0,0.1756681731334004,0.17943543387894095
49.5,0.1738959907696783,0.17905181796685454
50.0,0.183862284794447,0.17917008117827202
50.5,0.1826358683484304,0.1794578989891038
51.0,0.1906854108250306,0.17976742221053446
51.5,0.1882109088293277,0.17990319869006816
52.0,0.1909141100901583,0.18036074449042297
52.5,0.2007150730549745,0.18065245086125453
53.0,0.1738436639559476,0.18048826526587003
53.5,0.1780420645707625,0.18066731521980037
54.0,0.1878455746012366,0.18094670833349163
54.5,0.1979794620647564,0.18182863785775782
55.0,0.1982887581127743,0.18258891323916723
55.5,0.2048873840398174,0.18310663329246632
56.0,0.1963032602691861,0.18380324613446145
56.5,0.1780484952994532,0.18313203027907693
57.0,0.1912081303749076,0.1834559111491713
57.5,0.2001275626235923,0.18391152178587056
58.0,0.1765732700937284,0.1839949873062514
58.5,0.1788599406298876,0.183588576949661
59.0,0.1702436462347296,0.1833405950657591
59.5,0.1896053056746622,0.1838754075631256
60.0,0.2058150403242732,0.18418773426331636
60.5,0.2180848139035688,0.18479262875347358
61.0,0.1666130363485116,0.1843557427852315
61.5,0.2160344497601914,0.1850350935680354
62.0,0.2036518024260566,0.18553835072496846
62.5,0.1816126287199232,0.18527202267143358
63.0,0.166319189367025,0.18531760371016104
63.5,0.1781035434017995,0.185451194568012
64.0,0.168399135308452,0.18507431578858105
64.5,0.1921665112590153,0.1856092280218415
65.0,0.1833593255499137,0.18535606558733006
65.5,0.2089167160256419,0.18621104228727128
66.0,0.1864073679808917,0.18631416936813974
66.5,0.17687421619852,0.18592294246837696
67.0,0.1898737245365528,0.1863721094700388
67.5,0.1929898076645226,0.18591487132957682
68.0,0.1874918606146842,0.1859242713389057
68.5,0.1672709726619282,0.18590068530947848
69.0,0.1671921555795213,0.1858873306918924
69.5,0.1838384758324917,0.18585820106381948
70.0,0.1711936025253217,0.18546465248880828
70.5,0.1974274481858511,0.186014133351745
71.0,0.1964058415424317,0.1866822057643953
71.5,0.1808866824713344,0.1863678413171575
72.0,0.1741494139941217,0.18652868774936576
72.5,0.196540973557165,0.1870598552926335
73.0,0.1609970918310272,0.18674906086822565
73.5,0.1665656076818098,0.1863644951272518
74.0,0.1849157996258286,0.18654333534602657
74.5,0.1950066140110218,0.18696034670503164
75.0,0.1990771546997636,0.18727172428088557
75.5,0.1747130099904016,0.18712048050437036
76.0,0.1770461839447676,0.1868522483973482
76.5,0.1978323591253412,0.18705092529426057
77.0,0.1586411733102627,0.18644684267156106
77.5,0.1832414853040308,0.18608665500216054
78.0,0.1842165167132001,0.1862861381867675
78.5,0.1916197868458096,0.18655537676417616
79.0,0.1969085568002682,0.1867421992922372
79.5,0.1699043574758289,0.18618829571779777
80.0,0.1755628019235529,0.18573141570236565
80.5,0.1822573143741714,0.18525910652081068
81.0,0.1885943523712331,0.1850988755880741
81.5,0.1725537451436907,0.18499476833052234
82.0,0.1828597604109443,0.1848258833788851
82.5,0.198313013777911,0.18478676188792742
83.0,0.1759290833273097,0.1847744728635465
83.5,0.1887248499926831,0.18497061830154043
84.0,0.1853020406733949,0.1852598407068913
84.5,0.2120360795225477,0.1857455009423618
85.0,0.2285826690652404,0.18627719998914274
85.5,0.1998612518798543,0.18586787219621265
86.0,0.1830285993547559,0.18617641419029832
86.5,0.1599285434023629,0.18503994787880204
87.0,0.2033786629464984,0.18503393956028782
87.5,0.1965121100622197,0.1853381667088869
88.0,0.193618138199908,0.185867571816003
88.5,0.1973909870822297,0.18625681422422496
89.0,0.1720137261587778,0.18632286469793582
89.5,0.1935456362176277,0.186351412160557
90.0,0.2045556940597679,0.18679212137656365
90.5,0.1887012371158017,0.18636130462474979
91.0,0.1977086383061379,0.18659409379159048
91.5,0.1707066757520448,0.1864791716351033
92.0,0.1813826550861342,0.18631004852033228
92.5,0.2358825081704607,0.18729480509511345
93.0,0.1656807832407875,0.18688307172771704
93.5,0.1806570377010141,0.1871321197387017
94.0,0.2039414778898174,0.18785954441611669
94.5,0.215011622534439,0.18852022883712102
95.0,0.1893093846799103,0.18886633514855486
95.5,0.1805505160498311,0.18852827475850914
96.0,0.2197363898991743,0.18904255317916796
96.5,0.207169769079224,0.18958131062685377
97.0,0.2147922821513906,0.19041330694187775
97.5,0.1964624620854977,0.19041168649791348
98.0,0.1721633300039975,0.19060696033298477
98.5,0.1633124067047668,0.190550649796336
99.0,0.1970769074088701,0.19079428510167065
99.5,0.1869752489459408,0.190633424434606
100.0,0.2106356270399973,0.19088167955246052
100.5,0.200331811940427,0.19138437650204573
101.0,0.1935019954073603,0.19170272034747265
101.5,0.2045999213610556,0.1918447359160484
102.0,0.2078354625880848,0.19278219277593375
102.5,0.2024268759996179,0.1931656227575394
103.0,0.1926888326072676,0.19333086416539952
103.5,0.2109000260965018,0.19373186780928323
104.0,0.2256239915829541,0.19435714733862194
104.5,0.1855417154052216,0.19464291785454604
105.0,0.2029725721521722,0.19517524644141726
105.5,0.2106296676874429,0.19574554755808038
106.0,0.1931978022167219,0.19583531502135576
106.5,0.1975746072105475,0.19630763922613761
107.0,0.1946781674310045,0.19653479884354916
107.5,0.1900482061816618,0.19637141477633174
108.0,0.1569296039426669,0.19604910024257297
108.5,0.1832921704347615,0.1959459841912585
109.0,0.1906567425314791,0.1960486971764432
109.5,0.2052875984553419,0.19590499137537593
110.0,0.2034657231499028,0.1953502775114092
110.5,0.2037842045061266,0.19543131930130553
111.0,0.1720332428637175,0.19523145221305327
111.5,0.2060049631695567,0.19609318715939997
112.0,0.180247340024173,0.19564013522590185
112.5,0.1708242756349579,0.1951572211989892
113.0,0.2007403515484899,0.19530108830241438
113.5,0.2079706856499086,0.19552055436264337
114.0,0.177634016513921,0.19562103571700104
114.5,0.1894751484753986,0.19554132040775923
115.0,0.1840663431997305,0.1951336867927804
115.5,0.1935828436185304,0.19522929834026181
116.0,0.1735807557896592,0.19476989087850258
116.5,0.1833799150737499,0.1950001509613432
117.0,0.1844037082618446,0.19505681243176082
117.5,0.1828455050386433,0.1939149259265003
118.0,0.211597009169155,0.19480621638993226
118.5,0.1835967240529066,0.19486117566206507
119.0,0.1765425308689233,0.194325450099663
119.5,0.1858158411630663,0.19372230417915626
120.0,0.1907324654024896,0.193750219976892
120.5,0.1783858355040843,0.1937101135468839
121.0,0.2134322272806136,0.1935690904619523
121.5,0.203503412580456,0.19349128997579848
122.0,0.1974956291068019,0.19312238419558803
122.5,0.2084103975165251,0.1933727053466293
123.0,0.1970417743594309,0.19384712570984194
123.5,0.1648684060360989,0.19387346679850465
124.0,0.19489438220037,0.19382933571587987
124.5,0.1973217671731846,0.1940343632084232
125.0,0.2142609100503516,0.19411373343903246
125.5,0.1891395219227439,0.1938890403999059
126.0,0.2105850527827671,0.19424474466964134
126.5,0.2174362451706263,0.1945234399491053
127.0,0.204389898221308,0.1944504093833372
127.5,0.1909767715762848,0.1942186176771994
128.0,0.1878502473384338,0.1941237904964596
128.5,0.2104232789398248,0.19411344297332675
129.0,0.196397672973032,0.19347699075183827
129.5,0.16693316099268,0.1931376840289249
130.0,0.1898764163654774,0.19287111956166839
130.5,0.1821200920576863,0.19228969338316323
131.0,0.1897517699292319,0.19222105256602104
131.5,0.1825551945496105,0.19192380394948905
132.0,0.1987402167697888,0.19200705252721859
132.5,0.1760722982348282,0.1917403736588792
133.0,0.2012892744141579,0.19256733969928058
133.5,0.173728182028229,0.19238994139149032
134.0,0.174513141826969,0.19208327988810786
134.5,0.1785732419724917,0.19154867398641337
135.0,0.1996996657679914,0.19146939083355324
135.5,0.1998642100017967,0.1913867331735429
136.0,0.1892505641613969,0.1917114718073619
136.5,0.2108668551278751,0.1918171633023633
137.0,0.1919866813726471,0.19204483794712984
137.5,0.2143508582776234,0.1929158545275693
138.0,0.2167660916394311,0.19326237068554947
138.5,0.1879085287072057,0.1928509790082047
139.0,0.2114876672774295,0.19353284965652373
139.5,0.2061351654426137,0.19387310640473118
140.0,0.1817821284939604,0.19382999731165887
140.5,0.1817554002828396,0.1936008316655909
141.0,0.2232282255261517,0.19461575799361513
141.5,0.2173254586700839,0.19531343142268404
142.0,0.1917967288907896,0.195455779259538
142.5,0.1996653670356782,0.1957846706143419
143.0,0.2123171698172133,0.19580026295631872
143.5,0.2051458563247759,0.19622763383236544
144.0,0.2094495744294719,0.19687387195844586
144.5,0.1834872870606025,0.19683018725191764
145.0,0.170167956725594,0.19645276230274292
145.5,0.1998993953777374,0.19686658694571788
146.0,0.1724234212065406,0.19606117276612417
146.5,0.1954147145160162,0.1958965260048725
147.0,0.1914358683506164,0.19577617900111075
147.5,0.1897533204005816,0.19539636854475045
148.0,0.1885506051167085,0.1952287331245563
148.5,0.217057789822997,0.19624705881540858
149.0,0.1932980196790042,0.19621547894513738
149.5,0.2029893455861876,0.1963310726046513
150.0,0.1897041976896162,0.19582514897479839
150.5,0.21050937436378,0.19626079009786773
151.0,0.2197127489405508,0.19646081105825952
151.5,0.2139790229162716,0.19638487801344376
152.0,0.2052102640423093,0.196401987647333
152.5,0.1896490084916305,0.19637625399886385
153.0,0.1943598006921717,0.19650290956783845
153.5,0.2102195006160115,0.19649854735090347
154.0,0.1936929934254657,0.1964448464736939
154.5,0.1779426520638032,0.19663803256176818
155.0,0.1728623105478236,0.19632392199649465
155.5,0.1972995345888693,0.19661706415375907
156.0,0.2091108376046152,0.1970093959198189
156.5,0.1991709460185822,0.19733108071033761
157.0,0.1816143324290357,0.1970007036889681
157.5,0.1765837107042521,0.19700985840194998
158.0,0.1968496976406295,0.19692011816190078
158.5,0.2001529790622353,0.19742119342367992
159.0,0.2215514719549365,0.19836262746276487
159.5,0.2119695032238265,0.19901905769272304
160.0,0.1914394174536052,0.1988566498909252
160.5,0.1647338571357678,0.19821149823051562
161.0,0.2096510003770622,0.19862163363858332
161.5,0.1983859417387904,0.19836430216906706
162.0,0.2211143881500175,0.19896997288905285
162.5,0.1729470744424066,0.19816240338103266
163.0,0.1857371977306824,0.1975311455858831
163.5,0.2136677333508934,0.19805413194063734
164.0,0.2055899824530171,0.19792989498368113
164.5,0.195601437758625,0.19771597722155584
165.0,0.1965983409543281,0.19799932059782122
165.5,0.1843128415568662,0.1980465978445846
166.0,0.1922980818920701,0.19739657836540864
166.5,0.1831224399859017,0.19670149620980382
167.0,0.2068653024651102,0.19700665972040374
167.5,0.2021311002063963,0.19705694210490043
168.0,0.1930050945135702,0.19665931493299293
168.5,0.1991946677602639,0.19653691769194923
169.0,0.1786779037844941,0.19592828636339035
169.5,0.1839381320742379,0.19593674090291668
170.0,0.1782472429101036,0.19608035433932308
170.5,0.2012754821653181,0.19610850666609142
171.0,0.2089422314919901,0.19681739451890454
171.5,0.1998688859396253,0.1969068307691674
172.0,0.1929037333937182,0.19693547973100003
172.5,0.1893686631858968,0.1969280745266009
173.0,0.2133500474181693,0.19743354521869794
173.5,0.1682019748608739,0.19647788980470224
174.0,0.185878944577148,0.1963346590253858
174.5,0.187315289759779,0.19602281806396962
175.0,0.1915300184279061,0.1960583242519909
175.5,0.1783023082948279,0.19541856830266532
176.0,0.1962235383052147,0.1949179738665051
176.5,0.2074541803821032,0.19477684880503568
177.0,0.1957593418413366,0.19458219389095321
177.5,0.1796743334909012,0.19439277911817435
178.0,0.2035992465525758,0.19458183624048994
178.5,0.2067093553508117,0.19450661011319614
179.0,0.2110281613825861,0.1948669791463265
179.5,0.1947855950791468,0.19518887359209694
180.0,0.1896223416467763,0.19549987584401451
180.5,0.1852285977593428,0.19526354497602272
181.0,0.1801183982237064,0.19468476544430138
181.5,0.2101429262270093,0.19491530871178106
182.0,0.233874496756926,0.19602614075679328
182.5,0.2165742571202893,0.19682657315318117
183.0,0.1964426879292528,0.1968184402509527
183.5,0.2037574575827739,0.19689239739685227
184.0,0.2095834166322251,0.19663015849232476
184.5,0.1971551332740296,0.1963216767305731
185.0,0.2033445647676795,0.19656093198704383
185.5,0.2083832361762307,0.19738775689556914
186.0,0.1784480010342016,0.19677329471893357
186.5,0.226057237626449,0.19736926653007192
187.0,0.1955906496946027,0.19682964706222122
187.5,0.2068145998078781,0.19748200354804152
188.0,0.1919705169814861,0.19760118719464853
188.5,0.214266237891213,0.19761414825166096
189.0,0.2056817145735251,0.1976160573580166
189.5,0.1999140904097038,0.1977023534193482
190.0,0.2250322213704202,0.19830782235536523
190.5,0.1979060724979475,0.19856964573343786
191.0,0.1885166385257786,0.19849711237379955
191.5,0.2022965417526075,0.19886906465388302
192.0,0.2017292624077977,0.19876351203191836
192.5,0.2084708489586958,0.1988944342588821
193.0,0.1683973624646746,0.19844679408521093
193.5,0.1992506260623667,0.19844791762359354
194.0,0.213801627207826,0.1991413640082302
194.5,0.1909836989056687,0.1992739661756976
195.0,0.2159281336265807,0.2000179271493462
195.5,0.1927602061332938,0.19985010564939548
196.0,0.1975023479009963,0.19961731176074288
196.5,0.2014058328062087,0.19964820538391506
197.0,0.1830777499270427,0.1994630746685717
197.5,0.1894306127461078,0.19946425114594155
198.0,0.2057912197952198,0.1993053515424025
198.5,0.1967923537038292,0.1998282504452875
199.0,0.1807835312828528,0.1997347334314796
199.5,0.2030278420393913,0.20004156937059822
200.0,0.2074953082795397,0.20035977784034498
200.5,0.1958534572191067,0.2006872637898595
201.0,0.198474749951016,0.20073153423197526
201.5,0.2122016897669875,0.20083076268032682
202.0,0.2072172587598744,0.20106053985543212
202.5,0.2214407549991895,0.2018920590913423
203.0,0.1968430936513358,0.20175800983002157
203.5,0.1854171317391665,0.2013437598576815
204.0,0.1831669145523634,0.2007975455712297
204.5,0.1781351919262329,0.2004880761503667
205.0,0.2100643453964943,0.20089518812948273
205.5,0.2133540679830022,0.2014524338684453
206.0,0.2227327124097416,0.20230281161539712
206.5,0.2020832729182767,0.20213851583134057
207.0,0.1930186260507946,0.20127383778792943
207.5,0.185701733218048,0.2006558553228422
208.0,0.2313640903370894,0.20139901819143546
208.5,0.2016461026916106,0.20135651345977498
209.0,0.2087679441313386,0.20133956996096997
209.5,0.2006915240930829,0.2014094368628203
210.0,0.2038372561900608,0.20141939717219173
210.5,0.219936601498742,0.2016649306855306
211.0,0.2039652952303099,0.2021482310585615
211.5,0.1914314478991138,0.201431849049088
212.0,0.2000886147027206,0.20152018469882493
212.5,0.212956926402721,0.20164809028907893
213.0,0.2405547905258234,0.20268752027277906
213.5,0.2028246697079356,0.20245193847718476
214.0,0.1831707553565154,0.20201910442165916
214.5,0.2105211678391851,0.20223448994325852
215.0,0.1890655085676539,0.2014966854320704
215.5,0.230969850684986,0.20219920723877322
216.0,0.1921743576116758,0.20226806130092903
216.5,0.2260724841580938,0.2027709697372958
217.0,0.1947318373133485,0.20263410875575733
217.5,0.2172757717687907,0.20281902118362413
218.0,0.1858985731980639,0.20312451233301143
218.5,0.1929232871015353,0.20300231320090922
219.0,0.2068601995522655,0.20285842179254432
219.5,0.2115812581688278,0.2032667616787705
220.0,0.1944498658921598,0.20283267052537293
220.5,0.2067505997134937,0.20310804637118954
221.0,0.1974468825470794,0.20310696782913273
221.5,0.2091901848931145,0.20326427344737544
222.0,0.2231268689098599,0.20406304810600276
222.5,0.2073387047639861,0.2044109469457779
223.0,0.2190398496019691,0.20468611047808447
223.5,0.2154125300853737,0.205060748012574
224.0,0.2035911408270778,0.20548781891946746
224.5,0.1986539030494028,0.20540230060871187
225.0,0.1890493672567769,0.20504587852818443
225.5,0.2150229787541712,0.20542964341873293
226.0,0.1914090584734675,0.20529550024562007
226.5,0.2334660127945085,0.2057566010141677
227.0,0.1987494973957707,0.205589460499914
227.5,0.2185805995069144,0.20552823572144419
228.0,0.1970397739788461,0.2055320049505615
228.5,0.2016950646683837,0.2058383656813805
229.0,0.1848959314594603,0.20586928018539893
229.5,0.204321158027339,0.2063551799794593
230.0,0.2027841921520444,0.20620947672682996
230.5,0.195623191747737,0.20585751817324172
231.0,0.2016203876199563,0.2054218493222641
231.5,0.1802145625203561,0.2050144603826759
232.0,0.1759865701754423,0.2047076711400708
232.5,0.1986354197948362,0.20495035630398167
233.0,0.2226343313903883,0.20475688660812308
233.5,0.2089801653350235,0.20490391355195375
234.0,0.1975399651913538,0.2046811507098933
234.5,0.2043217357686541,0.20475297099973977
235.0,0.21623298807937,0.20500712352421585
235.5,0.2119828707201622,0.20483948172086347
236.0,0.2112240096685088,0.20498655586089803
236.5,0.2001502746931221,0.20515304225873107
237.0,0.2179169536769443,0.2055159790559761
237.5,0.2355697984797278,0.2060089007698311
238.0,0.2000351863351274,0.20514048007874566
238.5,0.234490760846339,0.20581442605546746
239.0,0.1971049558849865,0.206071722302873
239.5,0.2186369025002017,0.20624066862140109
240.0,0.1862171450507105,0.2061888322994735
240.5,0.2178796821891672,0.2059036771034664
241.0,0.2093329189361151,0.20623799356390576
241.5,0.2056793972961377,0.20581062877519096
242.0,0.229687455243746,0.20653021979724362
242.5,0.1962596863890912,0.20610898515002732
243.0,0.2157439367015486,0.20668976049553664
243.5,0.2088078371414922,0.20699826921164155
244.0,0.1923025335691659,0.20671735752418463
244.5,0.1996369719985879,0.20647961579146448
245.0,0.2205741281614664,0.2070040474260468
245.5,0.1872253422249213,0.20663210306375926
246.0,0.1903338062182537,0.20649857080326578
246.5,0.2145179806499902,0.20660786131007228
247.0,0.1976120339880212,0.20608761894415042
247.5,0.2233836523849569,0.20642268536975794
248.0,0.2072627346396031,0.20617932181573093
248.5,0.22237738791492,0.2063271568048093
249.0,0.1958605871914247,0.20617743808426353
249.5,0.2007222369506502,0.20621749886754168
250.0,0.2249109403437585,0.2069361307159943
250.5,0.215040929906606,0.2069365037845249
251.0,0.193080345922255,0.20696755408729617
251.5,0.1959159329600869,0.20618705565099613
252.0,0.2315969341769393,0.20687149987885886
252.5,0.208849647282719,0.2066703447423335
253.0,0.1755201224321176,0.20628205014710804
253.5,0.2570770496810083,0.20751009233315895
254.0,0.1956197555171141,0.20770664429835278
254.5,0.2229401811951956,0.20808929299980022
255.0,0.2151964228247693,0.20833846331715397
255.5,0.1955004727691235,0.2083361594429078
256.0,0.2165690728958676,0.20863600596263285
256.5,0.1874397618312718,0.20876328819852158
257.0,0.2059364693302729,0.20931049096932772
257.5,0.2166212150918025,0.20966701229911347
258.0,0.1889192172172271,0.20900417352015505
258.5,0.1944879162611983,0.20872422319943237
259.0,0.2204239555264528,0.20918196623191254
259.5,0.206096708215945,0.20921678858363074
260.0,0.216412440182393,0.20922049949248986
260.5,0.1896527497981452,0.20879139342518813
261.0,0.2039749797007944,0.20864719065949974
261.5,0.2082278188818971,0.2088052298483762
262.0,0.2204756177274273,0.20885894282573167
262.5,0.2074903685812335,0.2082624317063598
263.0,0.1892554562123286,0.20806083605264672
263.5,0.2068006489384958,0.20747270502046308
264.0,0.2140902943969078,0.20780906895253332
264.5,0.1956271360252466,0.20734986559727953
265.0,0.2032476353174385,0.2076695025424671
265.5,0.2166137746287054,0.2076430150888698
266.0,0.2137683505513842,0.20773337346256984
266.5,0.2262599335895489,0.20816086402505254
267.0,0.1836980030875635,0.20724554976282755
267.5,0.2090026951028755,0.20749458580327113
268.0,0.2103565057259113,0.20738392272118328
268.5,0.2163253293790941,0.20753797269129096
269.0,0.2253895243654328,0.20820281836310994
269.5,0.2154773994933393,0.20851840531812793
270.0,0.2171046506259814,0.20844556848875406
270.5,0.1988617809431732,0.20866098965923863
271.0,0.1838488095813996,0.2085446646295999
271.5,0.2171534744179774,0.2085992101952097
272.0,0.2167049643095119,0.20897808738156104
272.5,0.2098710581094567,0.20869775538619997
273.0,0.2209607982227422,0.2089786347138316
273.5,0.2086385798975389,0.20869508104929793
274.0,0.2138835348709528,0.2090486373829103
274.5,0.2022640593830156,0.20907835722016754
275.0,0.2097001777682678,0.20876193170039065
275.5,0.2085181392126259,0.2086295482049236
276.0,0.2088520944889635,0.20893317575724998
276.5,0.2252005272156921,0.20952259168266799
277.0,0.2058177651309254,0.20898371390108042
277.5,0.2326383217179199,0.20948565809410657
278.0,0.2125746623819635,0.21017101232397709
278.5,0.2009300440243149,0.2089438677819087
279.0,0.208305512084203,0.20918896203190426
279.5,0.2471186176447905,0.20973156074347035
280.0,0.2195211563703986,0.20982118178545367
280.5,0.1977292594131368,0.20986294772862296
281.0,0.2079183927368007,0.2096878983713946
281.5,0.1989934849591417,0.20990071362010354
282.0,0.2179010167244035,0.21014216628752766
282.5,0.229188151246847,0.2104086006058139
283.0,0.2073908786044808,0.21075623199987298
283.5,0.2122171018727168,0.2110980821843176
284.0,0.2172484432195094,0.21103223360454765
284.5,0.2133569693225475,0.21117649131602087
285.0,0.198501698390165,0.2108242919696568
285.5,0.2108370319006047,0.21122633324185758
286.0,0.2174370869261638,0.21149474164465695
286.5,0.2037819836263146,0.21140811523975958
287.0,0.2260890175948476,0.21152665578248458
287.5,0.1986662335361549,0.21135715387086154
288.0,0.2041923251554777,0.2116350255778006
288.5,0.2198417878935911,0.21189776336095117
289.0,0.21793684874656,0.21197617421565612
289.5,0.1993155524438932,0.21204488368512378
290.0,0.2137703758602506,0.2122517282466829
290.5,0.2023224930066408,0.21196946341408293
291.0,0.2214133566867465,0.2121263603527174
291.5,0.2009595237676328,0.21161620025269862
292.0,0.1946286275966431,0.21181152739222228
292.5,0.1981101017207218,0.21160206249726565
293.0,0.1917980293292749,0.2112490599840962
293.5,0.2161306068417938,0.21124507370781653
294.0,0.2027038119951001,0.21078484082090493
294.5,0.2118259612003344,0.21071080580457874
295.0,0.2165763783517611,0.21069993272316345
295.5,0.1986057440193832,0.2106951027487294
296.0,0.2071376043030152,0.21112683005467484
296.5,0.1837902576836026,0.21049228707078002
297.0,0.2193860797150661,0.21054782621678816
297.5,0.1987268563372098,0.2103314459907709
298.0,0.2007171750820436,0.2099252042347518
298.5,0.1958734519645561,0.20967908435573457
299.0,0.2040378902279821,0.20948275418147216
299.5,0.2278140107824719,0.210006651740532
300.0,0.196173221039597,0.20974505747981106
300.5,0.2055123143795671,0.2096857150042135
301.0,0.2243770973574426,0.21000623030222398
301.5,0.2305029500090757,0.21012125883842392
302.0,0.2088374786944342,0.210180841698579
302.5,0.1976294939149069,0.2094629389171024
303.0,0.1971613884652202,0.20916121844186203
303.5,0.2345187182778763,0.2098593296298881
304.0,0.1896108028379116,0.20950455755536565
304.5,0.1967724219805025,0.20843511012729488
305.0,0.1939314135139493,0.20792689156250083
305.5,0.2173473523375901,0.20831815203108403
306.0,0.1992780131251479,0.20814919129120554
306.5,0.1982406592795487,0.20813482378951148
307.0,0.2166417128027959,0.20810853045135608
307.5,0.2259477286923481,0.2080376499463707
308.0,0.1941747202181735,0.20778238785825429
308.5,0.2038920676671349,0.20761560211767444
309.0,0.2106859003205564,0.2074802918181295
309.5,0.2000938291651473,0.20721582559053142
310.0,0.2125734934457748,0.2074947943737499
310.5,0.2245153277011368,0.20778158546715975
311.0,0.2049222376458793,0.2075270391863763
311.5,0.2034701843101514,0.20752092032976915
312.0,0.2122952675932406,0.20722932492729892
312.5,0.2151485533352116,0.20755819825513971
313.0,0.2040374046482916,0.2075551512244013
313.5,0.2015659092847788,0.20718375631650052
314.0,0.1998023061751088,0.20681779109071174
314.5,0.2393402410394417,0.20766497042673654
315.0,0.2035519368129553,0.20745951964186848
315.5,0.2044292037949469,0.20750082036895925
316.0,0.2204257533077634,0.20747978990212793
316.5,0.2377600527439283,0.20825648961698356
317.0,0.2151854793551843,0.20866062212236436
317.5,0.2106875572664743,0.20890688813955974
318.0,0.1805808517842376,0.20870684490855843
318.5,0.2154879492227197,0.2086935539316279
319.0,0.2032832587232432,0.2087048260347834
319.5,0.2230915380874472,0.2089394561607854
320.0,0.2049474830900861,0.20870471773312813
320.5,0.2147527914879199,0.20902427993405912
321.0,0.2306148475555828,0.2095153789531588
321.5,0.1945583136178794,0.20970974128412423
322.0,0.2243093914168928,0.2098138808838818
322.5,0.2038077619868093,0.20991133704467652
323.0,0.2217753752585385,0.21033475241587343
323.5,0.2156224509559239,0.21072076479853938
324.0,0.2279062369207528,0.21120946134313018
324.5,0.2054136777489991,0.21074949032158216
325.0,0.2066139338976411,0.21094894019965785
325.5,0.2083378080084426,0.21100436485779422
326.0,0.2224960462724817,0.21096452347446443
326.5,0.2288901482177308,0.21092940042718752
327.0,0.1603265109855977,0.2100786565001789
327.5,0.2450822741976045,0.21107628953090943
328.0,0.2287198006984487,0.21171207496204936
328.5,0.2159758673260512,0.2113171398766017
329.0,0.220920987631692,0.2119245387634328
329.5,0.2096829064470015,0.2121720076592893
330.0,0.182996647158558,0.2119776602112794
330.5,0.2172160236987306,0.21197496790025744
331.0,0.1972648980371111,0.2119373050832837
331.5,0.2008577110269875,0.21198658096142095
332.0,0.2125645492150962,0.21190401512206145
332.5,0.2128189617224881,0.21163199737326818
333.0,0.2183393614500954,0.21210249269617643
333.5,0.249596882465001,0.21307745065469721
334.0,0.216208216674499,0.21318805985509276
334.5,0.2109439179353552,0.21339715271216142
335.0,0.2074611216662779,0.213296500963807
335.5,0.2503007297523022,0.21386973554535257
336.0,0.2352028623072152,0.21449197896740405
336.5,0.2296640857150322,0.21502027478504346
337.0,0.2307520293845173,0.21540023894389565
337.5,0.2409534156363011,0.21594595598709104
338.0,0.1835334221164464,0.21557764494015125
338.5,0.2050246155778425,0.21564286805290542
339.0,0.2061825742484927,0.21576295416382218
339.5,0.188624789444106,0.21475465907341787
340.0,0.2043009868488911,0.21476888424229998
340.5,0.2099246923928342,0.214874882619915
341.0,0.2043616444977143,0.2145570753000995
341.5,0.2107861082984202,0.21399242364333487
342.0,0.2119383365886103,0.21392760162391633
342.5,0.2200416566444932,0.21411585745572378
343.0,0.2256492375162256,0.214969214310353
343.5,0.2041774797733589,0.2147482964797119
344.0,0.2172721862459761,0.21502207615432778
344.5,0.2079914213409836,0.2147191308976029
345.0,0.1891390005482155,0.21442879234722714
345.5,0.2229023919039263,0.21459506351447838
346.0,0.1996260245783245,0.21397286771995236
346.5,0.2284478331798654,0.21464178908599107
347.0,0.2084639396162888,0.21432206569293236
347.5,0.227712566651642,0.21480283058234068
348.0,0.2274741649592411,0.21492198491369494
348.5,0.2384295285908204,0.21540327660970837
349.0,0.2324332326917954,0.21550000155647828
349.5,0.2239771018372397,0.2158695669464849
350.0,0.2115873898383241,0.21596589557340218
350.5,0.2135282116384745,0.21606726070651452
351.0,0.2026751405150238,0.21567687773318417
351.5,0.2070574366115509,0.2152351208117186
352.0,0.216079125589486,0.2162079304712229
352.5,0.232513748876249,0.21593011750207866
353.0,0.2149689925373969,0.21564738360314414
353.5,0.224763321366017,0.21582690648333552
354.0,0.2269286030933869,0.21595153096165245
354.5,0.2107533335415755,0.21597237011140577
355.0,0.2162298977245869,0.21658581802027635
355.5,0.1955370085133976,0.21617228079115483
356.0,0.2027184425004304,0.2162731641260516
356.5,0.2325039322447745,0.21690635465495173
357.0,0.1793046264471975,0.2163046368419936
357.5,0.2194780014642817,0.2164376805745919
358.0,0.2092909187635728,0.21625883059629813
358.5,0.2344966022424667,0.21592054757576606
359.0,0.1996271519708337,0.2156009809865137
359.5,0.2048278705085279,0.21548300490481806
360.0,0.3615565215450507,0.21951443102489726
360.5,0.3657057223838528,0.22272940944019853
361.0,0.3862520582146858,0.22690481517660896
361.5,0.3665307486465795,0.23047294656651807
362.0,0.3813377254830669,0.23443809062369453
362.5,0.3815376092280977,0.23814169376708785
363.0,0.3665904794707815,0.24233354609371424
363.5,0.3834941598570519,0.24662968417322925
364.0,0.3508075350335873,0.24987455766772043
364.5,0.3511596318749295,0.25336134292143503
365.0,0.3551439943848993,0.2566704840010974
365.5,0.4086619333043789,0.26141626066959667
366.0,0.3912974616781203,0.26564160400425446
366.5,0.3834550249046689,0.26947653187506715
367.0,0.3720430186927102,0.2729240997351733
367.5,0.4089793327039368,0.27724443997068166
368.0,0.3658461228447383,0.2802195489947737
368.5,0.3699034810391736,0.283594426037608
369.0,0.3688133419806258,0.28670912096711637
369.5,0.362223429828253,0.2897602934859063
370.0,0.3476174689812012,0.292681250758037
370.5,0.3858656613997355,0.296051433355605
371.0,0.3481603403664793,0.2987871360186234
371.5,0.3818536168159936,0.30190433599739663
372.0,0.3558146933636178,0.3046459678575953
372.5,0.364779459691726,0.30730015710365194
373.0,0.3797025791983043,0.3102933734620319
373.5,0.3960260617746289,0.3134991828449663
374.0,0.3545399346830709,0.31577714419661845
374.5,0.3529204627172193,0.31812410630776555
375.0,0.3658399876995573,0.32091173315312554
375.5,0.3600027271644071,0.3235189234084284
376.0,0.3785549916119302,0.32666347696854486
376.5,0.3671907378924476,0.32946646612961406
377.0,0.34989620927191,0.3317572842891062
377.5,0.3460568623007586,0.33373155357182216
378.0,0.3658130278052097,0.33634639870325866
378.5,0.3505079332296588,0.3384902437783995
379.0,0.3691766194747897,0.3409861299854565
379.5,0.3487830877906988,0.3432436369942744
380.0,0.3749530975660782,0.345966592998725
380.5,0.3443976407087936,0.34828204624369274
381.0,0.3826759559861883,0.3512937604667874
381.5,0.3587869084881808,0.3534129390483052
382.0,0.3610477782534015,0.3561808704423752
382.5,0.3491590690245763,0.3582452256711806
383.0,0.3731549130743926,0.36089954242931405
383.5,0.3644332544213702,0.3630494987394777
384.0,0.3987392209741074,0.36631649958166923
384.5,0.3476980295280736,0.36846515049564726
385.0,0.3804852934266356,0.368846154832369
385.5,0.3762566246286304,0.36905833330041016
386.0,0.3667234504588909,0.36865968332773313
386.5,0.4013114200264709,0.3693833827260091
387.0,0.3935094647586946,0.3696386183743128
387.5,0.377465116961737,0.36955498581269297
388.0,0.3864726202356995,0.36995991359887126
388.5,0.3603380085703164,0.3694940484846859
389.0,0.3778900232047516,0.3700277702087106
389.5,0.3544422348248504,0.3700903605080958
390.0,0.2290022883721093,0.3680939700234878
390.5,0.2186733654475282,0.3648416643807747
391.0,0.231104153093642,0.36209853436511125
391.5,0.2040608437359498,0.35917601538214294
392.0,0.2247917849946413,0.35672078268956414
392.5,0.1964508400646187,0.35309530379533227
393.0,0.216967040462122,0.35062931962864324
393.5,0.2210034338730404,0.3481108996185279
394.0,0.2201582256232075,0.345586639925437
394.5,0.1972897965062198,0.3429059269081421
395.0,0.2435571301232155,0.3411071944808425
395.5,0.217218828086036,0.3381123368632733
396.0,0.2168404911081397,0.335910755794961
396.5,0.2181117097528653,0.33297334206188217
397.0,0.2193747188794773,0.3306080306787167
397.5,0.2262972757295501,0.32812283981011114
398.0,0.2178662331221357,0.3251621609947128
398.5,0.2184122325833153,0.32178840280143356
399.0,0.222038451948442,0.31940542630748986
399.5,0.2008873947057596,0.31675840036471326
400.0,0.1989440940044624,0.31376851550210844
400.5,0.2240987455374312,0.31122828760270116
401.0,0.2270908594483286,0.3082667262931942
401.5,0.1895321407476126,0.3050413782213333
402.0,0.2333500277761202,0.3028047885869307
402.5,0.2089547004725402,0.30028132524227724
403.0,0.2197084271894996,0.2974187733190016
403.5,0.197256255887199,0.29458277462739374
404.0,0.2109825545135024,0.29145060704348863
404.5,0.225465159212738,0.2890106473122024
405.0,0.225199559715882,0.2858839879850826
405.5,0.2462887815622954,0.28384964887455466
406.0,0.228452601476523,0.28050956711462965
406.5,0.2084683302225818,0.277453126172517
407.0,0.2398692993189465,0.2748160709900051
407.5,0.2298994422554947,0.27229158421759775
408.0,0.23938081830224,0.26926544259544144
408.5,0.2324547288305778,0.2663237703560647
409.0,0.2036264652144957,0.2618735688772812
409.5,0.2197843512982706,0.25908684046721103
410.0,0.2488919643795169,0.2558701896111716
410.5,0.2198279782501599,0.25219964270503903
411.0,0.2257244831990025,0.2488653628862984
411.5,0.2471897220103277,0.24481627172434148
412.0,0.2138738894741956,0.24031823429754456
412.5,0.2107794125708411,0.236202909932763
413.0,0.2248203779151575,0.23198163070248964
413.5,0.2298830828596929,0.22863843073875265
414.0,0.2355842970860164,0.2247877083796974
414.5,0.2353075004057482,0.2216400692045263
415.0,0.2282856403059801,0.2216252828239418
415.5,0.2178379512689968,0.22160882796479633
416.0,0.2163372429719721,0.22131047443427163
416.5,0.1987235075137186,0.22121331375884443
417.0,0.2285924387680707,0.22129119574304368
417.5,0.2180361801228544,0.22169512890227314
418.0,0.2142928874687484,0.221643102934541
418.5,0.2057990759449925,0.22135012969495702
419.0,0.2348801679450598,0.2216525679879687
419.5,0.2131850640507813,0.22194673471407167
420.0,0.225797559249583,0.2215708516317585
420.5,0.2240319849999759,0.22170649181605376
421.0,0.2062002775787093,0.22150337160226763
421.5,0.2017278741100816,0.22119261284320813
422.0,0.2174027918219684,0.22115367080059078
422.5,0.2043082668228944,0.22072511032133899
423.0,0.2235177636418748,0.22083809505821225
423.5,0.2459324793988299,0.22141599276150886
424.0,0.2323170871538392,0.22162681459463388
424.5,0.2363339084453198,0.2223249971684509
425.0,0.2261657322726584,0.2228448969221757
425.5,0.2078370618444839,0.22252947673229512
426.0,0.2265276079117862,0.22251799475272596
426.5,0.1742299972091662,0.2222677016118105
427.0,0.2255498949808089,0.22210659957113293
427.5,0.2310026016121288,0.22254290434676108
428.0,0.225448186904627,0.22265768820119744
428.5,0.2426759000692838,0.22355329868927828
429.0,0.2120665895129713,0.22357381187525088
429.5,0.2366328955414407,0.22380451546182015
430.0,0.2264606514699154,0.22382996412558157
430.5,0.2025034974126314,0.22295031484902028
431.0,0.2239009811065818,0.22285794591097544
431.5,0.2203081873979701,0.22308562730538023
432.0,0.22042866562763,0.22268414273972745
432.5,0.2366848498048702,0.22282627026291724
433.0,0.2498065122640407,0.2230550359603031
433.5,0.2452641906787019,0.2233292088212461
434.0,0.2190158010665081,0.22362025665924098
434.5,0.2155073684725748,0.22353698683697126
435.0,0.2581282498818491,0.22374638355343246
435.5,0.2205198065248259,0.2237599987803977
436.0,0.2255566889418174,0.22375661466518115
436.5,0.2051258682254841,0.2229046878586825
437.0,0.2078564237095678,0.22279080976321017
437.5,0.214135301239511,0.22285480529800436
438.0,0.2281930247152262,0.22292335303522337
438.5,0.2310304497255814,0.22294707458671303
439.0,0.2582908049648703,0.22344950580543058
439.5,0.2359787818060251,0.2234636636211808
440.0,0.211423431207409,0.2231316195272922
440.5,0.2478672155258938,0.22375749217235613
441.0,0.2344176262860066,0.22412142182218783
441.5,0.2203165060527347,0.2245247833260588
442.0,0.225936451876394,0.2244710089791215
442.5,0.220605184743742,0.22452120457981234
443.0,0.1870291055879215,0.2240333461793499
443.5,0.2332492556339723,0.22457065550110553
444.0,0.2257473873036839,0.22438325049746252
444.5,0.2227698527016797,0.22456939644255816
445.0,0.2340165396791536,0.22473762008213394
445.5,0.2220647308012369,0.22469856734620608
446.0,0.2422086606603175,0.22541600605091036
446.5,0.2256871601415544,0.22586984518775366
447.0,0.2203700692774427,0.22592734857906638
447.5,0.2274317954250288,0.22636880065399587
448.0,0.2246846607036925,0.22639190363475872
448.5,0.2259192723372692,0.22597439831797936
449.0,0.2251845857740903,0.22582994945069812
449.5,0.2396236013315067,0.2258992721315978
450.0,0.2106803901643607,0.22559961639261106
450.5,0.2377403114924117,0.22618945851904879
451.0,0.2352747430461165,0.2263679749799518
451.5,0.2348973646764455,0.22746180711629976
452.0,0.2209192489203561,0.2273708971811616
452.5,0.2083623768119311,0.22693298228188266
453.0,0.2071539766596867,0.22658397151761644
453.5,0.2413284849828794,0.22655518765300858
454.0,0.2195936072012237,0.22669855608540954
454.5,0.2226217389471319,0.22641453477901977
455.0,0.2204780648691735,0.226296408649553
455.5,0.2399991467202536,0.227028419029265
456.0,0.2236620899923443,0.22702370948892672
456.5,0.2320303164981173,0.22725714967169974
457.0,0.2469025870399603,0.22780090845744733
457.5,0.2270780919900937,0.22760524758610562
458.0,0.238783602098603,0.22736850052275415
458.5,0.2201837056883275,0.22685449488690532
459.0,0.2072815190505191,0.22663388094204864
459.5,0.2173078427309948,0.22666826298311632
460.0,0.2356230080970311,0.22617750024026642
460.5,0.222567151882626,0.2262176046541994
461.0,0.2098222777274783,0.22591457682400817
461.5,0.1951395772548926,0.22573757480200296
462.0,0.2275923676626542,0.2261179615517288
462.5,0.2355793747641965,0.2265440505240784
463.0,0.2353456903568117,0.22669035616159985
463.5,0.2220727361516534,0.22651124079281923
464.0,0.2401056872376137,0.22611075655039384
464.5,0.2156687097925487,0.22570470612331056
465.0,0.2376051193670837,0.22622497845270897
465.5,0.2420420297176502,0.22609879395581534
466.0,0.2285579584728048,0.22597877547599032
466.5,0.2106758026427242,0.22579483073185153
467.0,0.2061563513549685,0.22541599056760692
467.5,0.2349393636177949,0.22570548496747203
468.0,0.2366657213234739,0.22663534916392145
468.5,0.2328812227854667,0.2266277795507374
469.0,0.2344372804693278,0.22680416569385564
469.5,0.2500341177136857,0.22737181582388039
470.0,0.2415458267597743,0.2275292410717395
470.5,0.2223812543153162,0.22753542382403297
471.0,0.2506267279329795,0.22771768381900612
471.5,0.233528385253576,0.22787575512375266
472.0,0.2433125052696678,0.22834211159785145
472.5,0.2352023653563467,0.22849949354636437
473.0,0.2034129177348478,0.22810061577703472
473.5,0.2443511003618235,0.2284803049948837
474.0,0.2115816531690011,0.22822012123453236
474.5,0.2231669074412827,0.22788616390983713
475.0,0.2379816344033065,0.22842303809338144
475.5,0.2258660142330963,0.22818191064444857
476.0,0.2180083516066756,0.22783865580372437
476.5,0.2308318013653427,0.22775553571810409
477.0,0.2329721267252918,0.22799560959805346
477.5,0.2497098636147346,0.2288248253889937
478.0,0.2129698037778452,0.22893157942889505
478.5,0.2020294295548343,0.228169229114381
479.0,0.2151492345385956,0.22808453242302265
479.5,0.2316235176986564,0.2282637383304978
480.0,0.2378545237527887,0.22861237539607993
480.5,0.2079068591994466,0.22798274412277947
481.0,0.2018719336534311,0.22757566337307988
481.5,0.2615865728261534,0.2282158449930059
482.0,0.2312304982251012,0.22788726384403266
482.5,0.2347119543322399,0.2280419037265119
483.0,0.2268988812836561,0.22779907754234546
483.5,0.2484556746160627,0.22837996166281557
484.0,0.2292139588623195,0.2287987655234574
484.5,0.2410970548242497,0.2292748938102657
485.0,0.2294681077920711,0.2291500057662845
485.5,0.2201230010602081,0.22910278285664792
486.0,0.1848696102226136,0.22867250119706709
486.5,0.2345678035663889,0.2294122158929151
487.0,0.2191080956784005,0.22924695469377107
487.5,0.2187317106430776,0.2289128319358683
488.0,0.2292919361183465,0.22878992238489568
488.5,0.2328944847944451,0.22900502047553972
489.0,0.2365838382113768,0.22893169905494073
489.5,0.2341195303569503,0.22929392070964616
490.0,0.2159639886834583,0.22886543449716024
490.5,0.2163121818129992,0.22834955534134757
491.0,0.185891479266713,0.22757385055898965
491.5,0.224532558788183,0.22783869070239499
492.0,0.2208417447571446,0.22811374724345168
492.5,0.2393448366214476,0.2282053255431468
493.0,0.2372264529795889,0.22821696942411612
493.5,0.2260979222979746,0.22808050610246391
494.0,0.208035137046647,0.22756773246530215
494.5,0.2121658672528909,0.2267973076637497
495.0,0.208468052872313,0.22614002214643864
495.5,0.2311421670791951,0.22631565389741826
496.0,0.2229696176678724,0.22573614923619859
496.5,0.2247183255194031,0.22555723321163826
497.0,0.21417089875099,0.22496539606595822
497.5,0.2341907228217169,0.22494428702868674
498.0,0.2361225657200935,0.22558251990271969
498.5,0.2012126820722233,0.2247288476124821
499.0,0.2490547603117737,0.22549564187087687
499.5,0.2304403776135114,0.22564190764109798
500.0,0.2300855417038239,0.22547805313970415
500.5,0.2218558834372088,0.22539841166315797
501.0,0.2336756308523953,0.2257121555476234
501.5,0.2419119937548616,0.22594410593324224
502.0,0.2332249009968854,0.225949321437915
502.5,0.2408096083822446,0.2257560207133104
503.0,0.2136075241420296,0.22576807043797606
503.5,0.2342452893104034,0.22638975447763568
504.0,0.202771434235762,0.22616114202230644
504.5,0.2287832147167371,0.22610331326306202
505.0,0.2479741822909334,0.22632065014222227
505.5,0.2254947208097164,0.22665720553517738
506.0,0.2378113221677363,0.22735331044015936
506.5,0.2134030342098872,0.22634441492257007
507.0,0.2410705283377047,0.22654964862721017
507.5,0.2292317066951073,0.22643739260570508
508.0,0.2171959069294138,0.2262470153687172
508.5,0.2281961909374014,0.2258197899862651
509.0,0.2375570395878537,0.22599217621822448
509.5,0.2064312035033385,0.22530464875485195
510.0,0.2303223757260726,0.22532208155410732
510.5,0.2292432571792647,0.22550389607100788
511.0,0.2330739836400897,0.22639554175054755
511.5,0.2335844709321542,0.22637520698242952
512.0,0.2340834142526285,0.22667480689539554
512.5,0.22920476226541,0.22688167250166058
513.0,0.2411169601776503,0.2271267162785545
513.5,0.2206247770039957,0.22688158645224352
514.0,0.2192325937326424,0.22653272307577363
514.5,0.2330627170340735,0.22651092718820445
515.0,0.2265679663561358,0.226718001303544
515.5,0.2391382820839697,0.22717608869381747
516.0,0.2500465339251325,0.22840386996612236
516.5,0.2456063441413534,0.22883723460580355
517.0,0.2236652967360162,0.22889207438608306
517.5,0.240417050413442,0.22891454707599346
518.0,0.2311527522910874,0.228790240091173
518.5,0.2230531832107895,0.2287304592799933
519.0,0.2487794064224326,0.22954275091737117
519.5,0.2521359390384066,0.23034981664691304
520.0,0.2536542681760391,0.23125455498903674
520.5,0.2068127277335986,0.23079333886008999
521.0,0.2407396616456119,0.23115009830825087
521.5,0.2493332924244742,0.23165436159428066
522.0,0.2412191778809624,0.2321854724218743
522.5,0.2252762424534976,0.23200899857318708
523.0,0.2173740929580284,0.2316422414497728
523.5,0.2142308374765121,0.23187560067816243
524.0,0.2195904664386942,0.23127932933185966
524.5,0.2257863971598777,0.2311875056449859
525.0,0.2307452139507258,0.23120065465208114
525.5,0.2434301813945899,0.23163442558374792
526.0,0.2269360565957304,0.23150036842755126
526.5,0.2114237306618414,0.23090255998014042
527.0,0.2733153990925898,0.23178037290526787
527.5,0.2292333439987231,0.23154549106889896
528.0,0.2421526249454957,0.23210667552290626
528.5,0.2126664418469699,0.23169081125666252
529.0,0.2117408164715482,0.23185122470483224
529.5,0.2131703128717566,0.23155342117145447
530.0,0.2502454843551644,0.23160228626537963
530.5,0.2271340950716239,0.2316343229402109
531.0,0.2078945570409338,0.231057953773272
531.5,0.2138625094986669,0.23106645009839297
532.0,0.2384257263188328,0.23101156011729368
532.5,0.2613508505891974,0.23169264714878826
533.0,0.2426263981797636,0.23219679774912655
533.5,0.2337977620112233,0.2323082235397859
534.0,0.2498979474139091,0.2325670300483066
534.5,0.2203069757010066,0.2328214979350998
535.0,0.2454219029200534,0.23312983544411392
535.5,0.2066027478652182,0.232706176676653
536.0,0.2140937570384265,0.23234116674090496
536.5,0.2486974232906792,0.2326546621676436
537.0,0.2345023086236452,0.23266309889360068
537.5,0.2055234511187165,0.2322201948691489
538.0,0.2184962227954424,0.23177204991732026
538.5,0.2499101129625162,0.23236582917790277
539.0,0.2478189672573104,0.23293970201983402
539.5,0.2288069882380824,0.23285530471302257
540.0,0.2094907153214456,0.23253528605684196
540.5,0.2374339861957097,0.2325003545339051
541.0,0.2458553683233035,0.2324109436289519
541.5,0.2463692002340969,0.23242709147027163
542.0,0.239116080140079,0.23273452589953417
542.5,0.2489506915737387,0.23291389250062308
543.0,0.2295819136147209,0.23288281714874726
543.5,0.2521216823865858,0.23347517839572665
544.0,0.2321272542705012,0.23313192897846846
544.5,0.244466949054468,0.23296851173007496
545.0,0.2386550374233242,0.23265133191150703
545.5,0.219435684433799,0.23288248655750088
546.0,0.2219797241103042,0.23250944240985447
546.5,0.2245603766424982,0.23200397895439914
547.0,0.233636483921156,0.23184872772457205
547.5,0.2345001485083591,0.23203157378303552
548.0,0.2100277144297382,0.2318962141196301
548.5,0.2237728037741881,0.2320763720043012
549.0,0.2481034906532333,0.23265027364082322
549.5,0.2254950822564135,0.23264462281500875
550.0,0.2251860493631085,0.23253565014007993
550.5,0.2188695575238739,0.23204685127363295
551.0,0.2541653921870797,0.23261071050589083
551.5,0.2483947874318598,0.23334039978705426
552.0,0.2294857899812082,0.23239404162160754
552.5,0.2500659294688982,0.23282330519694888
553.0,0.2164555873813245,0.23231658140056127
553.5,0.2249425430737865,0.23254770830428892
554.0,0.2257742753609268,0.23281158398728988
554.5,0.2585782554892741,0.23372987887112676
555.0,0.249184045715496,0.23370719715295765
555.5,0.2368486783707723,0.23389998287116429
556.0,0.2294169446235613,0.2343020310193538
556.5,0.2330065308832451,0.23466686845206283
557.0,0.2087040359145193,0.23409987206708316
557.5,0.2031614950036517,0.232942389059598
558.0,0.2284883837631331,0.23265627880891845
558.5,0.2124927436451555,0.23224723791860472
559.0,0.2250199217131863,0.23173795360653263
559.5,0.2158337893545585,0.23165375102388464
560.0,0.2371217672923439,0.23148079143906267
560.5,0.2478126254288116,0.23228836570776432
561.0,0.2527112643087726,0.23306312829209655
561.5,0.2221402699003926,0.23252599767014906
562.0,0.222972330821717,0.23229904464664328
562.5,0.2479141998941213,0.23312502520049422
563.0,0.2263043359696505,0.23327395576186133
563.5,0.2410387287904168,0.2330871736520611
564.0,0.2466808766007727,0.23306302754419672
564.5,0.2163845288754054,0.23282561572444727
565.0,0.2197614296974099,0.23301489622125698
565.5,0.2367627413818978,0.23300123566007305
566.0,0.2222766297868601,0.2325270233315716
566.5,0.2354137228536059,0.2322999210958053
567.0,0.2386391752202397,0.2322901127135681
567.5,0.221045173593324,0.23172480856213767
568.0,0.2185735524679522,0.2315118091129449
568.5,0.2429348602360825,0.23131527798768128
569.0,0.2273118212206056,0.2312196139352101
569.5,0.2552177965736298,0.23145183204828082
570.0,0.2123547053173838,0.2309387720547671
570.5,0.2461136552024745,0.2314759483653702
571.0,0.2345108043199383,0.23172294029763538
571.5,0.2515793179297701,0.23227745665308383
572.0,0.2186192869732267,0.23198488008828952
572.5,0.2425660140523638,0.23215069162083976
573.0,0.2556931877913574,0.23306499292927021
573.5,0.2286326794913805,0.23315930952370256
574.0,0.2313430694679691,0.23281440911571727
574.5,0.2342592986689239,0.2329874177498029
575.0,0.2215490236501277,0.23291767019866136
575.5,0.2387388320182008,0.23330771102736134
576.0,0.2193999653458325,0.23260097589861817
576.5,0.2330579888308707,0.23228330784557244
577.0,0.2453430873500195,0.2326072336747587
577.5,0.2259457557430801,0.23211310920964187
578.0,0.2633404788831162,0.2330802419707922
578.5,0.2520460559102925,0.23363424519849754
579.0,0.2310060598950729,0.23373650988953684
579.5,0.2650198358888263,0.23388076457758308
580.0,0.2338930378261015,0.23356471764691353
580.5,0.2435631480664509,0.23370278462714905
581.0,0.2141416755489522,0.2334126860241612
581.5,0.2210286715908812,0.2331795758672559
582.0,0.2484993031075938,0.23395855441165722
582.5,0.2430436734961965,0.23471795386352642
583.0,0.2351317174442353,0.23484913780244596
583.5,0.2469648836447801,0.23552258337490467
584.0,0.2215580626336806,0.23545693338398968
584.5,0.2275415572116547,0.23567729248108674
585.0,0.2561850231569842,0.23607597688570028
585.5,0.2406517974379045,0.23592776578499863
586.0,0.2334761307991275,0.23553104483101378
586.5,0.2444060206281083,0.2359716786975632
587.0,0.2432901904925828,0.23637280358980167
587.5,0.2364128568205263,0.2361370238741078
588.0,0.2308756923755962,0.2362255123841324
588.5,0.2641261314909208,0.23671871829733926
589.0,0.227501045603902,0.236334206177908
589.5,0.2290513327719854,0.23657282596253898
590.0,0.2336302175737266,0.23683847203425312
590.5,0.2343056535918133,0.2367895958598857
591.0,0.2422335096323739,0.23718076685995487
591.5,0.2225063070144899,0.23693143498350933
592.0,0.2214187952731365,0.2365968246244085
592.5,0.2620163088593167,0.2374318617396163
593.0,0.241838083691044,0.23788256385628223
593.5,0.19894661429289,0.23706404697307387
594.0,0.2050232336947262,0.23665721965114872
594.5,0.2509965283129833,0.2365669086828449
595.0,0.2402723261077068,0.23710045904682048
595.5,0.2463049829851887,0.2371044325767387
596.0,0.2247072588066853,0.23691448382040686
596.5,0.2430315850558317,0.23673596390575022
597.0,0.2288545599551079,0.23692935011495714
597.5,0.2353297844145708,0.2367833475375392
598.0,0.2257440930623607,0.23617362565806518
598.5,0.2106387495148576,0.23583870986288785
599.0,0.2259368914538611,0.2357338633552058
599.5,0.2411696112244937,0.2358731896161096
600.0,0.2418074179298933,0.2362708164996031
600.5,0.2418364434982918,0.23633381357562633
601.0,0.2331298839786575,0.23659656675320098
601.5,0.2325444112349712,0.23658645975663203
602.0,0.2662741541680507,0.23703866105242388
602.5,0.2525539081104173,0.23757518109599868
603.0,0.254357739406886,0.2373793582187643
603.5,0.2285078258464981,0.23690236797426825
604.0,0.2416882011293339,0.23711541427953045
604.5,0.2310093313477362,0.2364028672500761
605.0,0.2472064745639111,0.23667365168626822
605.5,0.2329205408393288,0.23645929211492178
606.0,0.2084302772301095,0.23635720275184352
606.5,0.2361839644135736,0.23665018723908443
607.0,0.2507765950721874,0.23669822783475697
607.5,0.2278733753433861,0.23639621828487817
608.0,0.2340070831981949,0.23637389836478306
608.5,0.2487622846846835,0.23641159074529755
609.0,0.2466046595050779,0.2369070659523573
609.5,0.2342670299072839,0.23703813093892737
610.0,0.2649852664829141,0.23723154096005364
610.5,0.2550211868560645,0.23753158608696495
611.0,0.2685173556634025,0.2382709879984971
611.5,0.259153732067485,0.2385824612168395
612.0,0.2538574563660929,0.2388025557391286
612.5,0.2267449323380763,0.2386149725749806
613.0,0.2454960537991874,0.23890667566851287
613.5,0.2560781832684609,0.23873137232289837
614.0,0.2451110541945561,0.23907974024146061
614.5,0.2199896489393634,0.23890948253646427
615.0,0.2350608573077883,0.23893754708570947
615.5,0.2487937521657731,0.2392302975034065
616.0,0.2374646324220093,0.23913465414451837
616.5,0.2510313112322537,0.23969884451947945
617.0,0.2687959325612502,0.24066581700191425
617.5,0.2394306850721663,0.24019476599234257
618.0,0.2269828994239775,0.23990464182309476
618.5,0.2299475500538617,0.24045822834124597
619.0,0.2452599404123311,0.2412105259256717
619.5,0.2344839998498678,0.24087795166130832
620.0,0.2405190327290298,0.24088287586456117
620.5,0.2393355021737008,0.24074232416409386
621.0,0.2423227077314549,0.24108381425215472
621.5,0.2429862270636331,0.24108289984676395
622.0,0.2418423222112333,0.2413363432691611
622.5,0.2212730818447227,0.24107024695897128
623.0,0.2482684307600842,0.24151273327104297
623.5,0.2485608458302467,0.24223269093518993
624.0,0.2414427353393138,0.24253168631803385
624.5,0.2391490966289504,0.24249166799928312
625.0,0.2109976700619852,0.2419156729878985
625.5,0.237437636568336,0.24182850980455745
626.0,0.2345924638691917,0.2418567960184275
626.5,0.2372657319255911,0.24194849093823792
627.0,0.2477737749953805,0.2415551088990701
627.5,0.244576683098366,0.24139087841820508
628.0,0.2516824718531774,0.24133478888123766
628.5,0.2259572237790073,0.24128675291952523
629.0,0.2596543987512569,0.2416597640050219
629.5,0.2674871642563149,0.24241106199265333
630.0,0.2346344762316632,0.24216103919460247
630.5,0.2331671361205446,0.242165785370777
631.0,0.2382471775263045,0.2427151382730501
631.5,0.2277559504385309,0.24255398678477078
632.0,0.2334495187886353,0.24220782821560424
632.5,0.2597463918157685,0.24284865720513696
633.0,0.2647376390836995,0.24347896081089185
633.5,0.2571843583971119,0.2436539077380119
634.0,0.2293991011048598,0.24331754672847922
634.5,0.2521619031435222,0.24367502996382975
635.0,0.2719592928510597,0.24382865610541735
635.5,0.2547123407221915,0.2438221994683583
636.0,0.2896155932472317,0.24430468146308107
636.5,0.2544958945074578,0.2442067309766674
637.0,0.230868386169484,0.24374999389929675
637.5,0.2506641451619563,0.24421802659198338
638.0,0.2573840024508276,0.24446269400097714
638.5,0.2355509066415666,0.24404952905442606
639.0,0.2501361111812687,0.2441514807169057
639.5,0.2301473856183186,0.24433868503695286
640.0,0.2620445198961474,0.24488705045586595
640.5,0.2470948226306924,0.24485264525027542
641.0,0.2508442945837648,0.24511933023638785
641.5,0.2620626044882321,0.24535013316600987
642.0,0.2313958513288348,0.24458647464157388
642.5,0.2522064132995678,0.2448431416574689
643.0,0.2471799758043331,0.24523396602602518
643.5,0.2405732457094146,0.24543775241058874
644.0,0.2598997292039953,0.24573888362598714
644.5,0.2445594612220596,0.2459352162735119
645.0,0.2644356028940021,0.2464257824639281
645.5,0.2666939055138868,0.24698694175139999
646.0,0.253141890600833,0.24720388313617295
646.5,0.2170576466776245,0.2467208830771624
647.0,0.2906344804357628,0.24777168521541704
647.5,0.2475534294070267,0.24826845644932438
648.0,0.2514560250380966,0.24833260930463358
648.5,0.2499053367532026,0.24835959516234812
649.0,0.2555959251240017,0.24864267968118978
649.5,0.2519450926908841,0.24889528510057046
650.0,0.2718270559944486,0.2500725126383839
650.5,0.2818908957814065,0.250993980992733
651.0,0.2555293763782878,0.251402488564337
651.5,0.2606253857720212,0.251864690934625
652.0,0.2670159169706418,0.2522576771208329
652.5,0.2623128097080531,0.25261381749783424
653.0,0.2629441017005394,0.2528431360951858
653.5,0.2688280247184966,0.2536806817011719
654.0,0.2451380133004835,0.2533916593809905
654.5,0.2552577976560585,0.2531392428058097
655.0,0.283201237175852,0.25413080945514493
655.5,0.2722811673749017,0.2549075729144484
656.0,0.2548553179955178,0.25522864462940237
656.5,0.2949144239282045,0.25660026486536736
657.0,0.2668661170065385,0.2572509919526973
657.5,0.2548734164299169,0.2571534916493915
658.0,0.2813612826846653,0.2575062743787045
658.5,0.2355932657694137,0.2570927637990535
659.0,0.2352746642673048,0.25719893778747105
659.5,0.2767252673020683,0.257703547826436
660.0,0.2661365432615631,0.25758193767451065
660.5,0.2441440269178684,0.2573771808133452
661.0,0.2905958249666741,0.2573992774584803
661.5,0.2499710473931953,0.257310581438894
662.0,0.246751087474693,0.25760522717749834
662.5,0.2565429029682974,0.25772094989938843
663.0,0.2638372490456876,0.2578514289321873
663.5,0.2906565881367972,0.2589735504921768
664.0,0.2648190532402957,0.2592653486128989
664.5,0.2623026058650813,0.25987538888879286
665.0,0.2799065157916903,0.26024762111036126
665.5,0.2390930203115063,0.26009809056088407
666.0,0.2545884485250908,0.26017083824549125
666.5,0.2463291629021168,0.25986321407590496
667.0,0.2621609658813296,0.26044687878769507
667.5,0.259212556328854,0.26058441657020565
668.0,0.2783955403866504,0.26121324791940653
668.5,0.2830456468650474,0.26206325175759987
669.0,0.273674733355012,0.2623435681134563
669.5,0.2662716417164666,0.26276600402769545
670.0,0.2694717131422688,0.2628683115074945
670.5,0.25508415889309,0.2626377637972119
671.0,0.2847182677962765,0.2632836274385459
671.5,0.3065433544490587,0.2650572855077032
672.0,0.2669282425627403,0.2645581416435741
672.5,0.2870638869713338,0.26535536513464286
673.0,0.2725406919437401,0.26577139750259793
673.5,0.2562743721104751,0.26589267244461934
674.0,0.2716892577114339,0.26621162404383764
674.5,0.2455576664745452,0.2660922274940132
675.0,0.2621129813777271,0.2658972336551245
675.5,0.2548890856812639,0.2653515747888971
676.0,0.2543162658274277,0.2653282650988964
676.5,0.2611372279445699,0.26533833017976394
677.0,0.2419968129870512,0.2648579404401344
677.5,0.2687418011534966,0.2649868138704181
678.0,0.2715433324617269,0.2651602065561534
678.5,0.2598083974728271,0.2649803258194256
679.0,0.25133753159505,0.2650964565131655
679.5,0.2674417895311337,0.2653365836184383
680.0,0.2655031512672238,0.26497034222380883
680.5,0.2690664624423937,0.2649046560562628
681.0,0.2462061842000366,0.2647410089896195
681.5,0.2727252752769215,0.2642648160605591
682.0,0.2854276596052822,0.2646524541672591
682.5,0.2851491871192364,0.2652695110769333
683.0,0.2490515615589141,0.2646226817289378
683.5,0.2541051689207755,0.2649650329483909
684.0,0.263005026668354,0.265486003799591
684.5,0.2574328299641954,0.26509755559241943
685.0,0.2882021179913097,0.26555856228746455
685.5,0.2731358908851702,0.2661226938545159
686.0,0.2704706617638837,0.2656980562445331
686.5,0.2875664020122022,0.2664575675651771
687.0,0.3001629697223448,0.26755162024776225
687.5,0.2917014870722867,0.2682710931634984
688.0,0.2639600411006831,0.2682735089669049
688.5,0.2581928259302353,0.2676085224280167
689.0,0.2734629185751759,0.2677823332739441
689.5,0.2764671244037637,0.26806716749778803
690.0,0.2733050573694291,0.2679308982299511
690.5,0.2871325229493297,0.2688727552091877
691.0,0.270829221672239,0.26918993717738293
691.5,0.2825692410726029,0.2699010349510522
692.0,0.2728904359864812,0.27011365205792603
692.5,0.2780125743824001,0.2704873044547454
693.0,0.2850417032799205,0.27062571161148935
693.5,0.2766927223157318,0.27049428140478265
694.0,0.285105998444477,0.270730322805059
694.5,0.2703868369863089,0.2708118844784937
695.0,0.2775304651338154,0.27097461112189875
695.5,0.3027580853149663,0.2719542801185009
696.0,0.2789472764462306,0.27183464145536934
696.5,0.2956026433248349,0.27159218358937387
697.0,0.3011439369177494,0.27230691116484346
697.5,0.2553526785284011,0.2716745114520475
698.0,0.2602774027661153,0.2714338927348955
698.5,0.3077688028356859,0.272501852781196
699.0,0.2865456391147647,0.27280602409034627
699.5,0.2679347501839992,0.2732268947885939
700.0,0.2917008560546468,0.27382596575953716
700.5,0.2969412990902281,0.2746721196376917
701.0,0.2803104142343589,0.2751776092118308
701.5,0.3137544812709748,0.2762746840836488
702.0,0.3001983986997538,0.2774145516861725
702.5,0.281928279766268,0.27767618095928737
703.0,0.2846230063503404,0.27793803438702774
703.5,0.2492196418202754,0.27774403951904564
704.0,0.2776004763146297,0.27824374365220417
704.5,0.2690730135279398,0.27827519544152934
705.0,0.2549564482630282,0.27807786992420447
705.5,0.2785913699479239,0.2782653940854786
706.0,0.3024620002246424,0.2793724128728134
706.5,0.2954139770626576,0.2798334360217874
707.0,0.3178636208823868,0.2805318494717027
707.5,0.2706536605010696,0.2802445101488545
708.0,0.3034348703129243,0.2813146037316746
708.5,0.2780117256482997,0.2817664421595001
709.0,0.2846843809675353,0.2821875244965728
709.5,0.283713214385359,0.28269104956289975
710.0,0.2923461771651061,0.2827761412013774
710.5,0.3123501607468911,0.2835869076549917
711.0,0.2775191292296378,0.2837230761809629
711.5,0.2494577065911475,0.2830008448641415
712.0,0.2743799507848303,0.28247691794874297
712.5,0.2803660628896456,0.28224726146948176
713.0,0.2788615508083912,0.2825337038858368
713.5,0.2776309845952465,0.2829021074441819
714.0,0.3017837037669821,0.283477390838904
714.5,0.2952897893150875,0.283856778838882
715.0,0.3000257941710083,0.2843959692901268
715.5,0.3032338518053408,0.2847300142439849
716.0,0.2789306355459531,0.28488639429440893
716.5,0.2825418292282716,0.284885850542521
717.0,0.2913105199202766,0.2852504170349313
717.5,0.2704265245331776,0.2851045259053765
718.0,0.2702666680959449,0.2848166018286659
718.5,0.30162573162239,0.2853224159877977
719.0,0.3166301296638281,0.2859864773697387
719.5,0.2771366559717778,0.2861156740336105
720.0,0.2951889357012692,0.2864689265895489
720.5,0.2419310510390068,0.2853100233185533
721.0,0.3185097667233336,0.28613728728577315
721.5,0.2920346413935463,0.28606400220217443
722.0,0.3085732732070171,0.2862223073763348
722.5,0.2716332276584866,0.2865219042910399
723.0,0.2982766752135736,0.2872617179686141
723.5,0.30255393083239,0.2871509002450523
724.0,0.300016697168284,0.28742594144792416
724.5,0.2781392218277024,0.2876197485300352
725.0,0.2734327546146727,0.28726058097473756
725.5,0.2919865966262518,0.2871589840698416
726.0,0.2834830568919253,0.287221267381708
726.5,0.2791344741079138,0.2865057417203227
727.0,0.2859526575503209,0.2862141452029863
727.5,0.3001087681904891,0.28658362003180343
728.0,0.2886833180874545,0.28666483446438734
728.5,0.3136295018353595,0.2879267059679321
729.0,0.3152295180901888,0.288700433844581
729.5,0.3061682951887564,0.28943862090164285
730.0,0.3002027015710581,0.2903051716725663
730.5,0.2935206652940316,0.2905992382831414
731.0,0.3048403798759542,0.2906489380734127
731.5,0.3145072007058342,0.2910493298948468
732.0,0.2780545659092632,0.2902331022386831
732.5,0.2713163369931097,0.2902454765377481
733.0,0.3051469156155899,0.2902813721932261
733.5,0.3115559180109241,0.2909618642560841
734.0,0.3068153961939369,0.29141142095475836
734.5,0.3080523828173406,0.29190525502930353
735.0,0.2897737932001905,0.2918539518186695
735.5,0.2980802570787586,0.2915553352744636
736.0,0.2873011326693017,0.2917447771630173
736.5,0.2803293004892574,0.29230484496258397
737.0,0.29116194828638,0.2926293574529817
737.5,0.2914931777592072,0.292846723923187
738.0,0.2852222196550443,0.2929692180312757
738.5,0.2972237753482543,0.293353409549567
739.0,0.2808350703416866,0.29293706073463294
739.5,0.2967515896697212,0.2929666030075804
740.0,0.2760893783392314,0.2924955176256162
740.5,0.2853065073525866,0.2921345726137489
741.0,0.3002802699346953,0.2925575624343651
741.5,0.2677869480560369,0.29227987721231785
742.0,0.2880464607101781,0.2922151698893751
742.5,0.3180575007838305,0.29317282767362945
743.0,0.2999130804743609,0.29374884266201007
743.5,0.2981055739268277,0.2936769646905599
744.0,0.2967021271483451,0.29326048123592924
744.5,0.3129573397730521,0.29398037564337676
745.0,0.3247068306541738,0.2946021412442237
745.5,0.3202120581526027,0.29609208736518317
746.0,0.28577117796528,0.2954231847594591
746.5,0.3035885835166269,0.2956560400512342
747.0,0.3257568621334307,0.29602448443425
747.5,0.2863569533298851,0.2963018887412088
748.0,0.2895265556978846,0.2961282531288833
748.5,0.2947807046285603,0.2959714140864749
749.0,0.3261383261635935,0.29652352645381796
749.5,0.2986122876579684,0.29692146970712
750.0,0.2905175296635704,0.29724578793979456
750.5,0.3022915741899809,0.2974517421570881
751.0,0.2928478010986295,0.2976331344685216
751.5,0.3115494950860344,0.2982757506043934
752.0,0.2967954680251874,0.2984875138899754
752.5,0.2690024725223306,0.29789383527992747
753.0,0.2742036799769233,0.29762010869093275
753.5,0.2969720273811627,0.29727816520846306
754.0,0.2815829738327455,0.29660191157720595
754.5,0.2883218349020226,0.2962439924476145
755.0,0.3104536532692135,0.29645522298865823
755.5,0.3038562153516459,0.2966634180520385
756.0,0.3061386475479873,0.2966901547013491
756.5,0.3143147517470243,0.2966860758008537
757.0,0.3229411052772674,0.2975939513686463
757.5,0.3055250138127396,0.29825629830419764
758.0,0.317632466984186,0.29851689124332237
758.5,0.3011832259869283,0.2983039042133757
759.0,0.3249954073237606,0.29868871056292157
759.5,0.3259501335058034,0.29906837043927087
760.0,0.446527725253324,0.30290304283893643
760.5,0.4603812439638173,0.3069401152729262
761.0,0.4557917380382836,0.3109924721217141
761.5,0.4369492439305801,0.3145840431705799
762.0,0.47821058256415,0.3191258714684188
762.5,0.4576932355675097,0.3230040531395228
763.0,0.4810781346597654,0.32761762389379334
763.5,0.4363762556920566,0.3307188424686535
764.0,0.4313815983006972,0.3339451866641874
764.5,0.4684283738380688,0.3378559758315373
765.0,0.4467262162687034,0.3414871004217883
765.5,0.448322114238638,0.3449714452734225
766.0,0.4574973441519885,0.3484078208678952
766.5,0.4743629825597728,0.35278069311598115
767.0,0.4818308967950734,0.3569846249167683
767.5,0.4630146516689519,0.36014228063929266
768.0,0.4356922169846194,0.36290502799781943
768.5,0.4557982645359067,0.3661663035303114
769.0,0.4716570501024502,0.3698193156856358
769.5,0.4681856484995879,0.3730836854554954
770.0,0.4570169851139612,0.3758457613559565
770.5,0.448803866333172,0.3784677255648415
771.0,0.4590306627164651,0.3818621465364028
771.5,0.460000782095132,0.3849771328106635
772.0,0.4556268040831283,0.38760412512582854
772.5,0.4800389090820393,0.39141499563098625
773.0,0.460158350026311,0.3946696091893802
773.5,0.4863053837082882,0.3984420229666359
774.0,0.4903638679001755,0.40179330005455516
774.5,0.4735419094557982,0.40514109739959014
775.0,0.4498360562820862,0.40804209299033856
775.5,0.4822690696172549,0.4114880494566043
776.0,0.4701254421875753,0.4147620724961192
776.5,0.4721487750424196,0.4177855961363315
777.0,0.4838396396270148,0.42126603148090647
777.5,0.4412031201215443,0.42415919952219505
778.0,0.4997254410249135,0.4282543446425295
778.5,0.46715602421566,0.43128022331598337
779.0,0.4720587707189524,0.43459595173067184
779.5,0.4756214662001099,0.4378759724320003
780.0,0.4857972981643703,0.44105296520347975
780.5,0.4823815708054341,0.4442240264997828
781.0,0.486071916247166,0.44742137459503806
781.5,0.4814383199167519,0.4503839121226276
782.0,0.4598175406251751,0.4527565488898647
782.5,0.4596099736427311,0.4553530591077569
783.0,0.4819008710665239,0.4582282943553755
783.5,0.4775627419626392,0.4612160735335839
784.0,0.4535270089225885,0.4633805791642016
784.5,0.4745976941200513,0.4659415744287939
785.0,0.4784968558959178,0.46657581957794464
785.5,0.4752883586654429,0.46687467065221594
786.0,0.4817973170306432,0.4673966292361279
786.5,0.464945871305276,0.4679365442565271
787.0,0.4823651053491229,0.4680218201348985
787.5,0.4991820923993036,0.4688692967044666
788.0,0.4637511872143735,0.46852000729108845
788.5,0.4734277197849321,0.4692389461869298
789.0,0.4727930102187381,0.4700362236698412
789.5,0.478633217956944,0.470241792996018
790.0,0.3587813954024134,0.46873290841140314
790.5,0.3396626579845098,0.4669026659702072
791.0,0.3010206189474938,0.46435362747866527
791.5,0.3305457883014247,0.46185397793178223
792.0,0.3308810064063228,0.4591900711876222
792.5,0.3202348706421477,0.45674815552073655
793.0,0.3322044141395982,0.4550049657621905
793.5,0.3462294800073688,0.45306950323951045
794.0,0.3092268434293286,0.45026124874500933
794.5,0.321638859184377,0.44768322194040744
795.0,0.3296911564241103,0.4454401215492116
795.5,0.333188859890215,0.44340579608769565
796.0,0.3087667721699893,0.4407961608383293
796.5,0.3124662889669228,0.43820308608459485
797.0,0.3418775131622362,0.43612800144246944
797.5,0.340674834535845,0.4334974895143796
798.0,0.3306769726810311,0.43112887223952046
798.5,0.33862149997066,0.42829375008152404
799.0,0.3203854211839475,0.42506392256012376
799.5,0.3232497012757137,0.42223726369125075
800.0,0.3293634957367201,0.4200081708078125
800.5,0.3576870607853355,0.4175092754708568
801.0,0.338784186704244,0.4149567820623922
801.5,0.3153901375927778,0.4119709461138132
802.0,0.336413987681768,0.40902509938459936
802.5,0.3226931529867746,0.4068057834915484
803.0,0.3526259454513625,0.4037119471877579
803.5,0.3262117717281723,0.4009325675013094
804.0,0.3372808728357249,0.3982025888496392
804.5,0.3304371756309892,0.39525278079366843
805.0,0.3321018835411823,0.39205945167548717
805.5,0.3348211651454806,0.38897156490367885
806.0,0.3026654278303188,0.38523458745601646
806.5,0.3210413542493193,0.3818787520633829
807.0,0.3450274907773018,0.37945173244036795
807.5,0.3311603932688706,0.3767653577705347
808.0,0.3201855917751892,0.3733067667333048
808.5,0.3261280925716657,0.3700321733227332
809.0,0.3343391207560501,0.36748568311004776
809.5,0.3267043450779612,0.36424659565661477
810.0,0.323172465281047,0.3608118713009654
810.5,0.3479849591894328,0.3578953710660255
811.0,0.3421224042137728,0.35466530465472623
811.5,0.3411677838348567,0.3518407227645615
812.0,0.3371574852317035,0.3484420693533934
812.5,0.3318998756630666,0.3444290507740821
813.0,0.330370047828034,0.3413399406959554
813.5,0.3333142592014985,0.33801219934322496
814.0,0.3518495323593967,0.33504856985673087
814.5,0.3320382279480215,0.3314826341043849
815.0,0.3381813048207689,0.3310492211403751
815.5,0.3034419757349578,0.3303448395931525
816.0,0.3477705548648698,0.33126172728194153
816.5,0.3350921627774618,0.3313530696245875
817.0,0.3118157479205533,0.3309830707976657
817.5,0.3603932081197506,0.33180785252360384
818.0,0.3447144560032528,0.3320629709323238
818.5,0.3178927447418601,0.33149575495180655
819.0,0.3419790883661726,0.3321385323546757
819.5,0.3314024521588181,0.33233044589069327
820.0,0.3682272578819169,0.3331387494158648
820.5,0.3628592384137071,0.3337580958917866
821.0,0.332054542733497,0.33420492600855634
821.5,0.3329790619456194,0.3346008518331253
822.0,0.3387413876263814,0.33453705313635157
822.5,0.3524923732372337,0.33478182526421885
823.0,0.3580015872198805,0.33534344790237247
823.5,0.3309270831981216,0.3351897855455681
824.0,0.3339159143028234,0.33545380118346163
824.5,0.3565395393631377,0.3361277349513459
825.0,0.3397602818714459,0.33633463832883953
825.5,0.3530891702783747,0.33623745703607094
826.0,0.356440174927164,0.33660232467543755
826.5,0.3539400941260611,0.33736801567975017
827.0,0.3633089350092616,0.3379253737538577
827.5,0.3475693799195436,0.3384184248591478
828.0,0.3404497024198822,0.3381689653613901
828.5,0.3535195813098929,0.3387174170613357
829.0,0.33239134293425,0.3386207332315003
829.5,0.368212403856237,0.3393992249851655
830.0,0.3387860527443592,0.33953132475543557
830.5,0.3517023411097478,0.339872486342209
831.0,0.3327048792094553,0.34043359188152456
831.5,0.3287180968069965,0.34058008045386323
832.0,0.3351572213054119,0.34038290067801824
832.5,0.3447517772890375,0.3406526834056364
833.0,0.3745235599077321,0.34175902678111
833.5,0.3271446961679247,0.3417784586185894
834.0,0.3646262391753125,0.3423972951240166
834.5,0.3507998686766496,0.3428737436486755
835.0,0.3496323312172682,0.34339256045812855
835.5,0.3215817558716349,0.3428773489977687
836.0,0.3446118435056978,0.34292720527850423
836.5,0.339986916680762,0.34290374896736175
837.0,0.3407592363169238,0.3429749477755219
837.5,0.3336812165128399,0.3430095149371058
838.0,0.3428116409112992,0.3432536036085223
838.5,0.3195053099451575,0.34299087647364435
839.0,0.339097122857422,0.3427338860549564
839.5,0.3320957650306226,0.34273500098032017
840.0,0.3409186284431511,0.3427892344032492
840.5,0.3636237948016889,0.3439583751748555
841.0,0.3329250838988639,0.343664456855939
841.5,0.3609087102217317,0.3441869051798286
842.0,0.3160780267514442,0.34426465235940934
842.5,0.3326504085228244,0.3437057047253887
843.0,0.3344255237525227,0.34350234199487883
843.5,0.382996477696013,0.3448281732273734
844.0,0.3393489969030946,0.344776202699251
844.5,0.3527166816718806,0.3451988693381975
845.0,0.3543242725722149,0.34490773683131815
845.5,0.3601858546484223,0.34485168897054075
846.0,0.3990435572389132,0.3462689680152024
846.5,0.3356291775262341,0.34632013512437926
847.0,0.3676628484414411,0.3469095571488754
847.5,0.3488842551886852,0.34683660107865166
848.0,0.3672739273875453,0.3470304422864457
848.5,0.3593395391592639,0.3475951255033788
849.0,0.3557733571945186,0.3480285450232567
849.5,0.3636733407900377,0.3481761411476197
850.0,0.3575313134316428,0.3485318594954886
850.5,0.3414035278918051,0.34829893082977587
851.0,0.36845118950606,0.34854881843450775
851.5,0.3218252115977064,0.3479256190105729
852.0,0.3400847878921977,0.34745578420549095
852.5,0.3351253327481945,0.34721119261004724
853.0,0.3623566834770421,0.3476543392471108
853.5,0.3589306439652853,0.34776521081543144
854.0,0.3719355936788597,0.3485651782281955
854.5,0.3495134396136179,0.3481799374972555
855.0,0.3646904560333689,0.3487029275176038
855.5,0.3369083339612095,0.34841065631572754
856.0,0.3839792832668028,0.349463784247985
856.5,0.3488136915846406,0.34985317575561903
857.0,0.3789186430428494,0.3507452410045465
857.5,0.3457491893060461,0.3507648761871322
858.0,0.3710810253475486,0.3506916921963147
858.5,0.3432586093630695,0.350999600268912
859.0,0.3325562093826056,0.35036202155914664
859.5,0.3710421178210499,0.3507788195682337
860.0,0.350084375158141,0.3507878366073036
860.5,0.3472721397892109,0.35127733855020904
861.0,0.3262734996608743,0.3509269297971436
861.5,0.3580717897836197,0.35128648724274103
862.0,0.3684018368323817,0.3518440808714395
862.5,0.3816598945366359,0.3528181963294305
863.0,0.3244229587297681,0.3524702659250652
863.5,0.3426578208841757,0.35290494916320597
864.0,0.3442386351285927,0.35300449108699067
864.5,0.3391022242597361,0.35313768583162825
865.0,0.3328096115649526,0.35298294531198937
865.5,0.3308764800071089,0.3523380469075759
866.0,0.3545916269860276,0.35276057249561754
866.5,0.3257683085432787,0.3520758716273817
867.0,0.4054424269871207,0.3539025066798806
867.5,0.3665548198238709,0.354571723445648
868.0,0.3394618532207673,0.354667429353635
868.5,0.359535936358155,0.3541759184309731
869.0,0.345398472046264,0.35429285690270196
869.5,0.3505541566912358,0.3542499282105165
870.0,0.3665265752932549,0.35449814166283516
870.5,0.377064189114934,0.35484898689285466
871.0,0.373185527355492,0.3542858126484315
871.5,0.3388995784188622,0.35434807270940594
872.0,0.3547074321835137,0.35408386644877426
872.5,0.360088563777299,0.3543081363505587
873.0,0.3974739076630107,0.35495938200714
873.5,0.368175348775249,0.3551404321331808
874.0,0.3524799086057896,0.35507474511906384
874.5,0.3465917652660337,0.35473289342876696
875.0,0.3473978906898233,0.3545314637204667
875.5,0.3588326299922289,0.35487553947486994
876.0,0.3549914519953181,0.35460104562226863
876.5,0.3709837129666512,0.3555601925493608
877.0,0.3705446862075288,0.3561684496922174
877.5,0.3558524218310384,0.35657033486484285
878.0,0.3803773833576978,0.3569455076896437
878.5,0.3584187209219102,0.35693521948165435
879.0,0.3758969123622928,0.3570182053677123
879.5,0.388362032278392,0.35782021664081415
880.0,0.3539211457318167,0.3576038707989122
880.5,0.3873912552372446,0.35862490654331375
881.0,0.3449604514531549,0.35783093222215157
881.5,0.3894713566182874,0.358668809598434
882.0,0.3926597374710203,0.3589642901549753
882.5,0.3764854428787927,0.35958217050118363
883.0,0.3562592525978147,0.35928223988406893
883.5,0.370385003104743,0.3598206490024916
884.0,0.3835547902987306,0.36083418954392027
884.5,0.3563417447364529,0.3605377318127904
885.0,0.371573258599028,0.3609676002028884
885.5,0.3587666353889966,0.36119235815299794
886.0,0.3511044959618761,0.3616577373680775
886.5,0.3511863830833857,0.36152268031021817
887.0,0.3936872577539178,0.36205530413102743
887.5,0.3519219099015306,0.36145226290733223
888.0,0.3459013721343541,0.3618503674486186
888.5,0.3478121258350471,0.36194870669197915
889.0,0.3628059460030899,0.36231122616722267
889.5,0.3791916066019084,0.3631051414221301
890.0,0.3952657889237454,0.36435532088066863
890.5,0.3933518545920095,0.3655950335874882
891.0,0.3678213229992563,0.36585635795804217
891.5,0.3528249508766493,0.36635786297078754
892.0,0.3757860843876094,0.3657249186928416
892.5,0.3713971403801738,0.3658226129585414
893.0,0.3775616397835248,0.3665686197599212
893.5,0.3840435246487803,0.36706541621150884
894.0,0.379623179236411,0.36774079574200297
894.5,0.3822362121665509,0.3683715772902683
895.0,0.3746501549057727,0.36853499035887277
895.5,0.3674084442408113,0.36833988429512415
896.0,0.3857210612972331,0.3685980688345489
896.5,0.3511865478477367,0.3688280326809411
897.0,0.3826825776739933,0.36938691036293253
897.5,0.3830676739155316,0.3698489298729825
898.0,0.3797889477850215,0.3694770814000854
898.5,0.371773217677918,0.3695491285859861
899.0,0.3712735483849715,0.36991701457739695
899.5,0.3671774011685643,0.3703140093453495
900.0,0.3787984378812365,0.37092927190926595
900.5,0.4070134817402105,0.37192271659386594
901.0,0.3671810113021652,0.37215932932009627
901.5,0.3792030448226058,0.3723249750934096
902.0,0.4007153480372507,0.3729494276598741
902.5,0.3828585268914594,0.3734839617729754
903.0,0.3716029730805949,0.37330725417313165
903.5,0.387078135543228,0.3738791463674453
904.0,0.3740725898304064,0.37384255023101376
904.5,0.398951277501291,0.37406549351325924
905.0,0.3711228032412854,0.3743987614711208
905.5,0.3973309656365343,0.37460703520288646
906.0,0.3770481752949806,0.37522497663671966
906.5,0.3511912721801105,0.3744685975253662
907.0,0.3773510074916536,0.37415367538098276
907.5,0.3831753852933771,0.3742894796076956
908.0,0.3459179457102744,0.3740954235847544
908.5,0.392632222277147,0.37454891025867987
909.0,0.3616811284140708,0.3741134392209936
909.5,0.3759423959624358,0.3744969029599087
910.0,0.3722432382739973,0.3745102096942879
910.5,0.3859743927214289,0.3750508656550818
911.0,0.3994818757048047,0.3760177919557343
911.5,0.3547847460886286,0.3760853449353558
912.0,0.3844062014408906,0.37589327752822854
912.5,0.3915320679481729,0.376675885453495
913.0,0.3591760278138381,0.3769242840099434
913.5,0.3870273016923141,0.37768803664394135
914.0,0.3851912156088953,0.37813110872618827
914.5,0.3800217057733163,0.37814777512677095
915.0,0.3807619202251314,0.3778500122447097
915.5,0.4057072554993032,0.3781112080676839
916.0,0.3861286179069418,0.3784760776385733
916.5,0.4069770123653067,0.3795616395229278
917.0,0.3732933778207732,0.37951244181375987
917.5,0.3674102533490153,0.37943482004042645
918.0,0.3622989368835918,0.3791370955416127
918.5,0.3742404833018118,0.37894098145499683
919.0,0.3932589146349516,0.37921899179840957
919.5,0.3728999719892855,0.37903303429248186
920.0,0.3935141842614512,0.3794151480605993
920.5,0.3917001624611573,0.37990084972963584
921.0,0.4003259131335611,0.380202916371322
921.5,0.3982518951375016,0.3811295176565133
922.0,0.3867429215953732,0.3812114791976558
922.5,0.382875351706287,0.38120761497505257
923.0,0.3872648362976311,0.38135801274711334
923.5,0.3767330503440391,0.3814553488984079
924.0,0.3828143781193507,0.381683428000872
924.5,0.3948870080902575,0.38223627420103434
925.0,0.4011185700673015,0.38269142442615534
925.5,0.4060531300705988,0.38267102024030586
926.0,0.3819693800560224,0.3829604209008375
926.5,0.3836328802354823,0.3830486506025669
927.0,0.3725587252630894,0.38247982038375333
927.5,0.3845045585012731,0.3825128430244969
928.0,0.3815025853638106,0.38270770065341264
928.5,0.3896703423399897,0.38276030880055595
929.0,0.3967369847099629,0.3832164566463495
929.5,0.3882507604427889,0.38299658388538316
930.0,0.3975177390788092,0.38352594126578515
930.5,0.3899581603191348,0.38337456492929073
931.0,0.391727402911239,0.38366881247853485
931.5,0.3968055028007301,0.38455707458924515
932.0,0.4082711038067416,0.3851882317044622
932.5,0.3861268559130872,0.3852471742957531
933.0,0.3738117812990373,0.3857679428831966
933.5,0.3913729918439187,0.38574235039962185
934.0,0.3865795922362252,0.3862250273370146
934.5,0.3804461505485783,0.3863132194336388
935.0,0.3775419977912861,0.38641604798751983
935.5,0.4104503167956061,0.38692018137687256
936.0,0.371552931570948,0.3863632267640888
936.5,0.3853799846597587,0.38694890273257315
937.0,0.4211208756731357,0.38771245351467915
937.5,0.4201864654787089,0.38831190133855875
938.0,0.413226197169691,0.38938554434209616
938.5,0.3626886330181909,0.38891664966660655
939.0,0.3961292494277827,0.3891363290433022
939.5,0.4172289753362971,0.38989787509208546
940.0,0.4177185589295887,0.3906539851235837
940.5,0.383712543249519,0.39020927060563526
941.0,0.4398923418685102,0.3913457219951927
941.5,0.3743768433334833,0.39069429067821
942.0,0.3930097028016842,0.3910808131064194
942.5,0.3842502471637927,0.3914043453304615
943.0,0.3848006562230234,0.3918336152639547
943.5,0.3995888727130392,0.39233389938661045
944.0,0.3626126884569522,0.3917430233784711
944.5,0.4009248887390233,0.3922962195990692
945.0,0.3995238582137469,0.39241768807364175
945.5,0.3771157282804721,0.39213184902268555
946.0,0.390809631845456,0.3919398087082881
946.5,0.3664784640287382,0.3913193727668163
947.0,0.4054299870421159,0.39169748434524243
947.5,0.4081160824319869,0.39220686286486595
948.0,0.4029867201748554,0.3925235128529155
948.5,0.404048627472911,0.39306648061774146
949.0,0.4003415647892591,0.39341554188069067
949.5,0.3975010446632119,0.3934681883205742
950.0,0.3893081414140452,0.3932308605064502
950.5,0.381145539640135,0.39273192538115875
951.0,0.4268920757895326,0.393656055402457
951.5,0.3646699994758087,0.3932954238094064
952.0,0.4093964205109316,0.3940271550243342
952.5,0.4219308510739982,0.3947923968976177
953.0,0.4122508076971154,0.39541012476202375
953.5,0.4310101657280397,0.39626721099474044
954.0,0.4005179284722282,0.3963432729710052
954.5,0.3939347289369188,0.3964554305126022
955.0,0.4004477114273322,0.396514399129507
955.5,0.3862580485926926,0.39644195916060265
956.0,0.4333614249319233,0.39730751605229647
956.5,0.4023508743626897,0.3974190416834546
957.0,0.4157696380065088,0.3975744919462077
957.5,0.4051806098711503,0.3979535452806644
958.0,0.3980299319470918,0.3984229860075931
958.5,0.3911654575147102,0.3984189098265335
959.0,0.425832794655679,0.3992185159342916
959.5,0.3681057727205017,0.3989870614363788
960.0,0.4282843519064364,0.40001058200186446
960.5,0.4041004871937678,0.39988125804708935
961.0,0.3974955361180522,0.40037987329886987
961.5,0.385447824761947,0.40038117938230605
962.0,0.4347662209269971,0.4006727671082663
962.5,0.4063764973854441,0.4003877747126034
963.0,0.424248731270929,0.4006182622627978
963.5,0.3864049455110518,0.40106147509622475
964.0,0.4129868981154875,0.4014014234175265
964.5,0.4204894724493084,0.4014694637120323
965.0,0.4313724370731581,0.40175813369871094
965.5,0.4150592133751897,0.402380882607864
966.0,0.4252436976365698,0.40206580715995344
966.5,0.3799084027157257,0.4021695671725774
967.0,0.4048902079703514,0.4024052060300145
967.5,0.4143456311320651,0.40300202335957847
968.0,0.4303901359199806,0.40392315273237955
968.5,0.4154990795677452,0.40424408180179533
969.0,0.4042378334063006,0.4050329405793032
969.5,0.408723547033725,0.4051888033794937
970.0,0.4170127798854542,0.40554108705558056
970.5,0.4139683111310314,0.4062593298526266
971.0,0.4106960080094792,0.4066514772447533
971.5,0.4173940334676871,0.40763175813090347
972.0,0.4054109723792606,0.40763137990044623
972.5,0.3987886541385312,0.40744670198461747
973.0,0.4123776745299587,0.4076345863078974
973.5,0.3834021692653039,0.40723555168366943
974.0,0.4019721425000179,0.4072676751868057
974.5,0.3947296668637687,0.40721376184989894
975.0,0.4142935573058042,0.40770652961784043
975.5,0.410478780578992,0.4082756819005804
976.0,0.4060134038457733,0.4078495227727925
976.5,0.4194571665036154,0.4089014983419182
977.0,0.4099870084515169,0.40891333275610237
977.5,0.4111866068994139,0.4086943715758897
978.0,0.3943108811247636,0.4083401721706311
978.5,0.415091357745172,0.40801019307686065
979.0,0.3967637811246335,0.40793682770045375
979.5,0.3924988982591236,0.40790914635951736
980.0,0.4093855589898508,0.4080865533317546
980.5,0.4139907317428752,0.40863002328208625
981.0,0.3921097636095817,0.4077958493774759
981.5,0.4378937488274764,0.4085275375696628
982.0,0.4195816692969445,0.4086054780092543
982.5,0.4349468381681528,0.40921703919498453
983.0,0.4034036274908634,0.4093222671275643
983.5,0.4202285686061539,0.409897976404923
984.0,0.3992163059913696,0.409361884962625
984.5,0.4150960234876528,0.4102599296010463
985.0,0.4104020524549306,0.40989420221281686
985.5,0.3977754458214967,0.40977044676092317
986.0,0.4204103482591547,0.41022757371054264
986.5,0.4520458264230206,0.4115849490735707
987.0,0.4353474977196038,0.41159723740827675
987.5,0.4132115313187386,0.4117333167013275
988.0,0.4163614207146863,0.4115722549144522
988.5,0.4193430988337104,0.4122165912088547
989.0,0.4289148779116963,0.41254177237878237
989.5,0.4133374722249689,0.41239719124591484
990.0,0.4180372573648753,0.4121224365757024
990.5,0.3849856627017019,0.41153821077350594
991.0,0.421692846057724,0.4114651285435881
991.5,0.4362332078927021,0.41258081917568384
992.0,0.4081858470153232,0.4126457614656246
992.5,0.3798151181630652,0.4119806656804237
993.0,0.4036873586501616,0.41143969811288206
993.5,0.4309938859804447,0.4117583636987076
994.0,0.4281831524144353,0.41224216402125585
994.5,0.419690723952568,0.4124624941911301
995.0,0.4114484560102135,0.4123507155100812
995.5,0.4188430562442987,0.4124491574055445
996.0,0.4366158377474561,0.4129812962109585
996.5,0.4371022499231916,0.4133888762102257
997.0,0.4290424977231009,0.41386561966523977
997.5,0.4265964754373751,0.4144198286576214
998.0,0.4065313540231124,0.4143042870785612
998.5,0.4235701283850188,0.41508593194292925
999.0,0.4328812404410292,0.41570713512823454
999.5,0.4270157690888477,0.4163448586682528
1000.0,0.4135230516508442,0.41632953845711934
1000.5,0.4165177526515171,0.4164494792544266
1001.0,0.3950978793354476,0.41623944764323073
1001.5,0.4082772628551853,0.4160170644949645
1002.0,0.4270312232546682,0.416359849555303
1002.5,0.4217035838280343,0.4165701790336337
1003.0,0.4247794571501178,0.41716884397684934
1003.5,0.4204822187729262,0.41727680693464175
1004.0,0.4404875113724274,0.418153187957267
1004.5,0.4290871646050316,0.418871456168487
1005.0,0.4466883822580801,0.4196331448913525
1005.5,0.4324590958525313,0.420005508492137
1006.0,0.4122045101410343,0.4203901485441726
1006.5,0.3951623429612819,0.41954251731337183
1007.0,0.4311999265620007,0.41977805543260854
1007.5,0.4412479429747379,0.41990955660203955
1008.0,0.4373050025409453,0.4205877545735402
1008.5,0.4080111173868426,0.42034709436129347
1009.0,0.3797962870077775,0.41998703664648046
1009.5,0.4084813513689757,0.4198573055993088
1010.0,0.4120897239331694,0.419890365432875
1010.5,0.4344715143044254,0.4206170738477257
1011.0,0.4437470812267053,0.42109625388466687
1011.5,0.4564517392711027,0.42119129888643553
1012.0,0.4374068274820305,0.4212339682845938
1012.5,0.4436671330541997,0.42185304448769984
1013.0,0.4405164057847636,0.4223434012337126
1013.5,0.4105793375237446,0.42217115453675935
1014.0,0.4309440716292539,0.42221248220590096
1014.5,0.4153316769636116,0.42225162030399577
1015.0,0.4222556222926049,0.42233555863744315
1015.5,0.4387238509162153,0.423382353466862
1016.0,0.3928680566315465,0.42282741904616655
1016.5,0.4588880606340455,0.42330674824260117
1017.0,0.4131514811895338,0.42340308492243495
1017.5,0.4456982043065303,0.4246856715602394
1018.0,0.4391153023619322,0.4253881697147452
1018.5,0.4237649396412795,0.42524288920520936
1019.0,0.461538678511013,0.42594020427120577
1019.5,0.421157097876093,0.4259691509499111
1020.0,0.4411894137182941,0.4265640431370959
1020.5,0.4187411020974962,0.42656204120139596
1021.0,0.4213040989761837,0.4262539736761944
1021.5,0.4567253232818865,0.4266652586695176
1022.0,0.4457311435893022,0.42700728179480196
1022.5,0.4633830037074546,0.4277733089045791
1023.0,0.4599138207360336,0.4288531956569468
1023.5,0.4414201566092662,0.4292130769736547
1024.0,0.439022355403025,0.42933780948054123
1024.5,0.4341397378909111,0.4294806765721346
1025.0,0.4579100543631639,0.4303803638895059
1025.5,0.4193824461667635,0.43043599939972776
1026.0,0.4223531248205747,0.43095329925068354
1026.5,0.4122425650723787,0.43102879058933846
1027.0,0.4471542739653016,0.43143672061929195
1027.5,0.4456822026311863,0.43191853185676643
1028.0,0.4487646619529635,0.43240335435022326
1028.5,0.4366697076591357,0.43272411950223316
1029.0,0.4146897260565931,0.4322139863810741
1029.5,0.4450436607142218,0.43253657802049744
1030.0,0.4165656110053922,0.43193497111746
1030.5,0.4415256795424843,0.4321183870149919
1031.0,0.4635243894924193,0.43315718443298673
1031.5,0.4408266422950618,0.4340376060333508
1032.0,0.4205279590302596,0.4338281355610121
1032.5,0.4506056341210518,0.43402046611973016
1033.0,0.4267925157767733,0.43381112103806474
1033.5,0.4666133528932448,0.43499102027518083
1034.0,0.4259070163258167,0.4358442600960302
1034.5,0.4384073632554512,0.4364253648603201
1035.0,0.4178353739658874,0.43653461291950435
1035.5,0.4405320828992239,0.43665607594903844
1036.0,0.4404771103623121,0.43658985434424685
1036.5,0.4676753339872934,0.4368273588857055
1037.0,0.4230300467656275,0.4365440816525103
1037.5,0.4273804391790787,0.43621898803541437
1038.0,0.4422544712901954,0.43625415963043135
1038.5,0.4097041874466465,0.4362377039769161
1039.0,0.4453470038773669,0.4365269265358718
1039.5,0.4778430077788865,0.43780409814748167
1040.0,0.592301283941913,0.4417271197954233
1040.5,0.6032911626160734,0.44559228062581857
1041.0,0.5893434475707051,0.4499023097726658
1041.5,0.5904114470189086,0.4529594207325304
1042.0,0.5927640495527154,0.45693078061234843
1042.5,0.5966606056661177,0.46036168178036485
1043.0,0.5674915085053799,0.4631601940158414
1043.5,0.625476966898904,0.4677074508299279
1044.0,0.5954288883747366,0.4707234981906247
1044.5,0.6337178589933641,0.47546305032371705
1045.0,0.5933741917949691,0.4787629986510636
1045.5,0.5901505416776406,0.4823615655320084
1046.0,0.6029536088500629,0.4862034534170995
1046.5,0.58574178499576,0.48896186606930314
1047.0,0.5987839776258492,0.4922205059319403
1047.5,0.6296007212737101,0.495897662488909
1048.0,0.60114711114467,0.49891044707105026
1048.5,0.6037416070199794,0.502299390467834
1049.0,0.5913755812201343,0.5054150439537334
1049.5,0.595021382685075,0.5086804786223702
1050.0,0.610335368494793,0.5118714508687309
1050.5,0.5976928417444972,0.5154022547029218
1051.0,0.5916562793001917,0.5187224536962405
1051.5,0.5800787644679687,0.5219233016250884
1052.0,0.5939131131792124,0.5248424998081317
1052.5,0.5898573760217349,0.5276794780649992
1053.0,0.6169669987463364,0.5310657235083395
1053.5,0.5994469161884126,0.5342320901258644
1054.0,0.6048934634301263,0.5378498831312709
1054.5,0.5730006319222897,0.5402664287822725
1055.0,0.5946063515725606,0.5435884566198155
1055.5,0.6184694203814888,0.5470279701581485
1056.0,0.5792204361616818,0.549228940620944
1056.5,0.5808596761617187,0.5518277139762695
1057.0,0.5894017579905154,0.5549097577734587
1057.5,0.6272090586309133,0.5583294319545938
1058.0,0.6050507841083551,0.5616141438597152
1058.5,0.6011950401083922,0.5641671699827401
1059.0,0.6281039771384193,0.5679321720744166
1059.5,0.6219221894132066,0.5713481215053772
1060.0,0.6155149643986005,0.5749122727694645
1060.5,0.6072806637945147,0.5779433771158335
1061.0,0.6019006573175274,0.5808475131069921
1061.5,0.6169980642547512,0.5836293013103927
1062.0,0.6171077258186356,0.5870779435850298
1062.5,0.6343646474275623,0.5908094457321137
1063.0,0.5984913287586399,0.5935552697354726
1063.5,0.6170526082054587,0.5971312973144067
1064.0,0.6159817461543879,0.6001564607558962
1064.5,0.6014188943626118,0.6023746278814432
1065.0,0.5944237763889724,0.6024164411890274
1065.5,0.5986958208257502,0.6023247444647483
1066.0,0.6026654238637288,0.6025883305151625
1066.5,0.635323679490982,0.603501206371678
1067.0,0.6020020852205143,0.6036840663256112
1067.5,0.6311939527637725,0.6043860442535539
1068.0,0.6167931621789849,0.6053513313293031
1068.5,0.5917556823974528,0.6046728879094317
1069.0,0.596519866504736,0.604694393204704
1069.5,0.5965466583390704,0.6039376631644798
1070.0,0.468435314512977,0.6017370482498676
1070.5,0.4513784759479387,0.5993302700269668
1071.0,0.4643444475377625,0.5968567891892272
1071.5,0.456759574587136,0.5945996503589736
1072.0,0.4596400568364086,0.5921176224423291
1072.5,0.4482811847854669,0.5888076577753063
1073.0,0.4562933427189984,0.5862004547612397
1073.5,0.4617955217113734,0.5836145960124682
1074.0,0.4406188545323635,0.580942677565451
1074.5,0.4546488798694855,0.5784008106660968
1075.0,0.4677657558996434,0.5757372739247754
1075.5,0.4698095583922339,0.5733612250126561
1076.0,0.4462532756928409,0.5707230423004126
1076.5,0.466680597090512,0.5686394104763757
1077.0,0.4451856796006571,0.5659151254501203
1077.5,0.4762296214187069,0.5637705098518481
1078.0,0.47030601094147,0.5609349134314292
1078.5,0.4588614322368725,0.5582762051884879
1079.0,0.4824054191683864,0.5558855089013467
1079.5,0.4529621102774377,0.5536656012339778
1080.0,0.4665528693290655,0.5512058556662448
1080.5,0.4619089103040363,0.5481286378854714
1081.0,0.4659229533476331,0.5459640660024789
1081.5,0.4537556115149449,0.5435500760719028
1082.0,0.4642340328066737,0.5411183431520724
1082.5,0.4593325127242297,0.5377368914032044
1083.0,0.469889818730443,0.5350281900833913
1083.5,0.4605133775625644,0.5322291856683289
1084.0,0.434127862831,0.528343594624705
1084.5,0.4832184983680294,0.5254343081019409
1085.0,0.4461957563302355,0.5220017737153155
1085.5,0.4741775516998923,0.5192368849381593
1086.0,0.4686304881444388,0.5164818925606859
1086.5,0.4727681958303926,0.5134296528804703
1087.0,0.4557405135004629,0.5100466232263208
1087.5,0.4687041003359586,0.5064512399233408
1088.0,0.4985128237692375,0.504280994800668
1088.5,0.4625262539364121,0.5009619286960807
1089.0,0.4681393849482211,0.49775222093505817
1089.5,0.4619298497053589,0.49476334083764967
1090.0,0.4689578260362544,0.492059345780684
1090.5,0.4846034098665166,0.4895410864776474
1091.0,0.4930361302028792,0.4870811591521552
1091.5,0.4696297313095311,0.4833077422690073
1092.0,0.474744339094154,0.48046424141137406
1092.5,0.4901368156739273,0.47716082521145375
1093.0,0.4442844076851212,0.47330914814368724
1093.5,0.4950366936919438,0.4710830930160182
1094.0,0.4612399218313555,0.4680356896783212
1094.5,0.4677881310349512,0.4650984446457492
1095.0,0.4717080869939404,0.4651645953003595
1095.5,0.4645947826467779,0.4654247698513882
1096.0,0.4831493108418726,0.4658074346802273
1096.5,0.4489472502162623,0.4656555086041275
1097.0,0.4523751572969147,0.46551319929212026
1097.5,0.4576563980118119,0.46569561504845086
1098.0,0.46251603292147,0.46581837146826843
1098.5,0.4529589022879078,0.4656448093376897
1099.0,0.4575230651896158,0.4659707459351447
1099.5,0.4786506706518925,0.46645123354787454
1100.0,0.4752824324215833,0.46660317727364226
1100.5,0.4954336857379472,0.46713295254991555
1101.0,0.4860491259254497,0.46792652275002294
1101.5,0.4680623870668363,0.46795412495526384
1102.0,0.458765807091318,0.46821638009721495
1102.5,0.4962491808811078,0.4686319990520398
1103.0,0.4692024601925597,0.468609874661186
1103.5,0.4901127062242159,0.46924231229305335
1104.0,0.4858979200600468,0.4693143761399649
1104.5,0.4702839223626762,0.46965501119157793
1105.0,0.4829662392029592,0.4699867292849602
1105.5,0.4883133119516066,0.4705202723456155
1106.0,0.4776931416645372,0.47075626121267394
1106.5,0.4621292201111033,0.4709191466620562
1107.0,0.4906569331002589,0.47145462397625004
1107.5,0.4880840752657844,0.47203205040996665
1108.0,0.4564087865585082,0.4717674293423222
1108.5,0.4806992537662279,0.47216998149120987
1109.0,0.4721213051421117,0.47289863811504795
1109.5,0.4815735157513249,0.47286507653793575
1110.0,0.4825343166833833,0.473578245789888
1110.5,0.4742674557602868,0.4735800463137908
1111.0,0.4541893330418735,0.4732985617801757
1111.5,0.4916725795767733,0.4736836198915494
1112.0,0.4535093369594041,0.4736407898553879
1112.5,0.4721187348052598,0.47370861205648696
1113.0,0.4735541293091496,0.4731961735844349
1113.5,0.4859191158282094,0.4736648136877881
1114.0,0.4903476035636955,0.47411399631049306
1114.5,0.4814726059856816,0.4745027030300489
1115.0,0.502768429992849,0.47519460036363975
1115.5,0.4742232673281224,0.47498510825412343
1116.0,0.4720626191048255,0.4745587665153757
1116.5,0.4711138946220448,0.4745881869791079
1117.0,0.4733666617356151,0.47456066356044746
1117.5,0.4898147443846711,0.47455401285173543
1118.0,0.4573806473408564,0.47480277963242956
1118.5,0.4783973239220509,0.4744615189616204
1119.0,0.5017117560664555,0.4752822123634061
1119.5,0.4746201528865765,0.47541766108216044
1120.0,0.4863861157120412,0.47571337079513676
1120.5,0.4794799818642864,0.47600868266470797
1121.0,0.4852911823428268,0.4760522570832378
1121.5,0.4947321183369903,0.4769589879463373
1122.0,0.4735830145173871,0.4773705352834355
1122.5,0.4818182623848177,0.4778458089628089
1123.0,0.4721814533516608,0.47803483348697373
1123.5,0.5003401998302656,0.4789787813619777
1124.0,0.5128394074447447,0.4800981264782864
1124.5,0.4921791269238813,0.48037161408355683
1125.0,0.4708130877128607,0.4802835819358231
1125.5,0.4810004749633896,0.47999005976804027
1126.0,0.4892799719966635,0.48005570535075415
1126.5,0.4723570478926538,0.48013982951839485
1127.0,0.4902009505271297,0.48076072428265637
1127.5,0.4860612383623547,0.4805525148941038
1128.0,0.5130694397886998,0.4814483415683708
1128.5,0.4837983102980087,0.48132059212528017
1129.0,0.4752548771970543,0.4811080134392364
1129.5,0.4885097561976083,0.48147109662034426
1130.0,0.4806400533038023,0.48142453856590817
1130.5,0.4754491124251432,0.4811669416023214
1131.0,0.4812953493984382,0.48123872995231415
1131.5,0.4898364512499723,0.4817865106704106
1132.0,0.4977327433723621,0.4819316497393404
1132.5,0.4943386761453693,0.48205913357656055
1133.0,0.4929451456439964,0.482778134330779
1133.5,0.4813265089810022,0.482790633402758
1134.0,0.5075673175121358,0.48350937612644473
1134.5,0.4794871655717547,0.48346790443594356
1135.0,0.4822393237021072,0.4834620177331762
1135.5,0.4829873797525596,0.48363464141722945
1136.0,0.4934528328061004,0.4844033663568813
1136.5,0.5047045307068933,0.484671348538416
1137.0,0.4866342970357937,0.48531346622661314
1137.5,0.47653448057443,0.4853997741339961
1138.0,0.5016439815275087,0.4859637889243137
1138.5,0.4958809516567634,0.48616500775708843
1139.0,0.4959234610977321,0.4862781106593014
1139.5,0.4856919190733674,0.4863620218573304
1140.0,0.5065975122621499,0.48644148179385854
1140.5,0.4799479817681348,0.4865537610258128
1141.0,0.4747720384374808,0.4866064835273809
1141.5,0.5161370758506454,0.48751908003494315
1142.0,0.4776988589203542,0.48760358639527973
1142.5,0.4671388020776283,0.48715835310229166
1143.0,0.5207943672772383,0.48842999019905836
1143.5,0.4575337576218105,0.4880300381353665
1144.0,0.4949427775652714,0.48789178252987836
1144.5,0.5148813282133688,0.4887076440086811
1145.0,0.4970748507976917,0.4889226936717888
1145.5,0.5077310039616852,0.48949279338391194
1146.0,0.4817232740994198,0.4894223027179824
1146.5,0.4866160044250571,0.48925953821539386
1147.0,0.4823648522092192,0.48943109353093756
1147.5,0.4837054330779384,0.4894683212173401
1148.0,0.5127697835178102,0.49028439501509075
1148.5,0.5069268946886171,0.4904196970097781
1149.0,0.4886708559893046,0.4899258904859626
1149.5,0.5065621934874707,0.49021900965414333
1150.0,0.4866170913338905,0.4905275751949322
1150.5,0.4940654547335646,0.4907872108761
1151.0,0.5006933233083766,0.4910173771056499
1151.5,0.5140477599332439,0.49185418875484077
1152.0,0.4940492956801318,0.49193119202686175
1152.5,0.4942172182327611,0.49209369058763275
1153.0,0.487621595850755,0.49157592671941913
1153.5,0.482581559813199,0.4915520062684582
1154.0,0.4934795719987433,0.4919110414090701
1154.5,0.5074712349996173,0.49229480812739806
1155.0,0.5008759326656762,0.49269809710497997
1155.5,0.5117761943425208,0.4934254504812915
1156.0,0.4846729553603869,0.4934915687109249
1156.5,0.5029086489696707,0.49375446893519476
1157.0,0.4984357767259901,0.4937686526981897
1157.5,0.4722019172162482,0.4933351405131976
1158.0,0.4918998830536074,0.49331427349293255
1158.5,0.4946349007773096,0.4935774933769191
1159.0,0.5090345717139917,0.49360771290176797
1159.5,0.5010918547660499,0.494036715574269
1160.0,0.4989845460642307,0.4943691865126066
1160.5,0.4900096185506947,0.4945073760001719
1161.0,0.5335154891223447,0.4953386785797746
1161.5,0.5004510141401097,0.4952523574723428
1162.0,0.5210834407959736,0.4959528181655168
1162.5,0.4913959418469452,0.49624277834147296
1163.0,0.5232145655952243,0.4966880620721912
1163.5,0.4993532883442123,0.4967576338339574
1164.0,0.5189402887672141,0.4972276396712928
1164.5,0.502835550864757,0.49756835175912345
1165.0,0.4901541271293387,0.49723884125289863
1165.5,0.5051126689015651,0.4977371194839264
1166.0,0.5401151859496119,0.4990676894213675
1166.5,0.4851681537456316,0.498445956700632
1167.0,0.5125097536763124,0.49913702798650317
1167.5,0.4932811326521814,0.4996397952682324
1168.0,0.5153648675008025,0.4995271849349238
1168.5,0.5202720632873318,0.5007537579474407
1169.0,0.5213696801226716,0.5012898222627584
1169.5,0.4970877147868248,0.5009304883765934
1170.0,0.5201235742385828,0.5013983014419533
1170.5,0.489766062997308,0.5010407739600388
1171.0,0.5333492386209479,0.5020855894377414
1171.5,0.5275451223635241,0.5029116359047412
1172.0,0.4929284446827608,0.5031164532660345
1172.5,0.5245730281310381,0.5039348012035515
1173.0,0.5302989088473815,0.5042974970201413
1173.5,0.5382347300218733,0.5049459381573842
1174.0,0.4883054589429773,0.5049388683558087
1174.5,0.5134548690263764,0.5050780867445803
1175.0,0.5289594518941725,0.505928761658165
1175.5,0.4801203661649899,0.5056601721728445
1176.0,0.5208875003361586,0.5060679889124465
1176.5,0.5074712385279141,0.5059352217139081
1177.0,0.5075812885175885,0.5062030518759486
1177.5,0.4975436647767703,0.5062682199385614
1178.0,0.5116326845818514,0.5067419206890305
1178.5,0.5123122517725948,0.5073252919109188
1179.0,0.5139973442744262,0.5077325826173862
1179.5,0.4963989346182494,0.5075136179553046
1180.0,0.6632043522830461,0.5112233745334344
1180.5,0.6661390420140555,0.5147677783946328
1181.0,0.6670164702638562,0.5188313094178642
1181.5,0.6455080224589875,0.521978158153446
1182.0,0.6494920180477627,0.5252896636609273
1182.5,0.6645706212821066,0.5294363228472162
1183.0,0.6520414847021624,0.5328852334288038
1183.5,0.6798593034345287,0.5369521130924627
1184.0,0.657733660529276,0.5401736009972393
1184.5,0.6515266038856021,0.5433740853109221
1185.0,0.6555206260012363,0.5466898854611485
1185.5,0.6216019774651969,0.549359101779385
1186.0,0.6415030894570674,0.5516640023065152
1186.5,0.6523319227106069,0.5548286995438428
1187.0,0.68306775030744,0.5583331960597344
1187.5,0.6686016510012638,0.5620027773449497
1188.0,0.6705475723655372,0.5651236440342269
1188.5,0.6608197856033445,0.5684288123378485
1189.0,0.6449701673524572,0.5710035591528253
1189.5,0.6768260781049196,0.5745868633557354
1190.0,0.6789124167741212,0.5784146294546375
1190.5,0.6855513355047393,0.5821171016846138
1191.0,0.649754043666971,0.5843538637992042
1191.5,0.6540188066794276,0.5876363564132904
1192.0,0.6786895490293926,0.5909953912727705
1192.5,0.6438410963611538,0.5938852196648047
1193.0,0.683155093511824,0.5972617958977905
1193.5,0.6837151815908723,0.6005475180475444
1194.0,0.6802505520589903,0.6037181551333142
1194.5,0.7024978071589418,0.6077859411791252
1195.0,0.676882588236221,0.6108654355998284
1195.5,0.665991663355318,0.6141905749801653
1196.0,0.653280276260244,0.6165033143258262
1196.5,0.667781900495161,0.6192163699263094
1197.0,0.6603932262523329,0.6223276693340639
1197.5,0.6652802993018625,0.6250121185342731
1198.0,0.6755864932043171,0.6278090090594495
1198.5,0.6722569314103956,0.6303878226939031
1199.0,0.679596212861056,0.6339219059369943
1199.5,0.6780377828559286,0.6370078252862026
1200.0,0.6801067748296143,0.6398702305501299
1200.5,0.6437394448688284,0.6427375903755349
1201.0,0.6768494118836278,0.6456373880507262
1201.5,0.6875743801142588,0.6489624536551349
1202.0,0.6627255737154641,0.6517542440875697
1202.5,0.665082525587333,0.6547360506614875
1203.0,0.69183894069561,0.6580400887137575
1203.5,0.697431352634899,0.6614345707028372
1204.0,0.6851146340133162,0.6645295081162366
1204.5,0.6761873137732693,0.6676944022362048
1205.0,0.6646333717242567,0.6677228204097942
1205.5,0.6517343558801569,0.6674384569702234
1206.0,0.6837349066236685,0.6677767163217367
1206.5,0.6454546344601012,0.667775684210786
1207.0,0.6565652191356235,0.6679140098340508
1207.5,0.6766019983266198,0.6681555564402397
1208.0,0.6902381299741848,0.6689224612523633
1208.5,0.6572348431103642,0.6684700730014441
1209.0,0.6882552720941191,0.6690843545667453
1209.5,0.7007565010841235,0.6700785988903222
1210.0,0.5016931068246759,0.6674167381308803
1210.5,0.5394314286156643,0.6659857710890361
1211.0,0.544565452651363,0.6642571442309269
1211.5,0.5573159584176776,0.6625245931014337
1212.0,0.513348275737597,0.6594526021467155
1212.5,0.5269463748915746,0.6568794567984825
1213.0,0.5304268908770869,0.6543126114932173
1213.5,0.5404372851626557,0.6520987555286826
1214.0,0.5324456246963601,0.6500638610873005
1214.5,0.5197543116210162,0.6471661638100715
1215.0,0.5403912258436334,0.6445510497447183
1215.5,0.5344016157378567,0.6416838355396187
1216.0,0.5315112917517288,0.6395034194691978
1216.5,0.539172395564189,0.63735700275886
1217.0,0.5298319475034741,0.634528168593349
1217.5,0.542090047098698,0.6326235863247814
1218.0,0.5322192177120569,0.629717182751627
1218.5,0.5217362419580919,0.626608789744718
1219.0,0.5190889696404991,0.6235165004086561
1219.5,0.5385275980198636,0.6202443086213498
1220.0,0.5236012295450048,0.6172704160768193
1220.5,0.5521438927504602,0.6150196144973806
1221.0,0.525434402244119,0.6125644864426325
1221.5,0.508416122617674,0.6094967889930999
1222.0,0.5159118522886568,0.6067019468519433
1222.5,0.5369668697183633,0.6041539234041748
1223.0,0.5429992566907306,0.6014736775819779
1223.5,0.5398671326296386,0.5987997391493066
1224.0,0.5406219413757944,0.595961029786776
1224.5,0.4994264965664597,0.5924216242123205
1225.0,0.5226496028889888,0.5892161984186971
1225.5,0.5336755294530596,0.5870127004044469
1226.0,0.5320374669053759,0.5840228464988322
1226.5,0.5113227742747881,0.5803934305784737
1227.0,0.5243763206885158,0.57755678599727
1227.5,0.5219461096830039,0.5746074316983102
1228.0,0.5475222364385223,0.5714862116915548
1228.5,0.5317561678124898,0.5679115888595109
1229.0,0.5277583734793958,0.5645409724206938
1229.5,0.5206870080125191,0.5612345526442619
1230.0,0.5089199818505755,0.5579690526043085
1230.5,0.5471348333803809,0.5557170509975582
1231.0,0.533313269050755,0.5524129190900782
1231.5,0.5432701825296149,0.5502096412270654
1232.0,0.5594533639044522,0.5480591691481166
1232.5,0.555529265318811,0.545330452933857
1233.0,0.5259139062942116,0.5416534298906572
1233.5,0.5407381036550265,0.5390707182431964
1234.0,0.5532734191459338,0.5359529479372208
1234.5,0.5373327457348119,0.532164352920357
1235.0,0.5357530193053004,0.532827931892022
1235.5,0.5275805990868868,0.5325905607982742
1236.0,0.5760104131746859,0.5332517554858174
1236.5,0.5440694977631553,0.5329780910567439
1237.0,0.5441188233924359,0.5335882517277107
1237.5,0.5002543178672423,0.53307416031215
1238.0,0.5373468409261795,0.5332127522952353
1238.5,0.5332619251189006,0.5330682467020622
1239.0,0.5469271800505439,0.533361393037034
1239.5,0.5476919912584473,0.5339202328430771
1240.0,0.5400564735522488,0.5339134587106265
1240.5,0.5572738929883434,0.534380916098626
1241.0,0.5489440541659311,0.5347332698806925
1241.5,0.5412198057286822,0.5347746348105796
1242.0,0.5551178993412332,0.5352873899395192
1242.5,0.5506298450971832,0.5354616904795603
1243.0,0.5521269949617094,0.5358646848118438
1243.5,0.5548310726003464,0.536529157350747
1244.0,0.537711923517225,0.5368958481617323
1244.5,0.5405245556161214,0.5369359814737741
1245.0,0.5588267966591222,0.5376456370350923
1245.5,0.5074929877889574,0.5367648983586174
1246.0,0.5373239914857452,0.5370002526305063
1246.5,0.5295768251714166,0.5374091221087046
1247.0,0.5585008723551679,0.5382599076909221
1247.5,0.5333680939698223,0.5381883409339497
1248.0,0.5155232569214359,0.5376476643959697
1248.5,0.541417926633347,0.537678852139607
1249.0,0.5450507909906008,0.5377682713431653
1249.5,0.5666687862504225,0.539099663717363
