time_s,battery_voltage_v,voltage_drop
0.0,12.713914719912331,0.0
0.5,12.674156950392904,0.039757769519427555
1.0,12.741938507956943,-0.02802378804461192
1.5,12.70766824296333,0.006246476949002044
2.0,12.718537465528774,-0.004622745616442714
2.5,12.691199972683162,0.022714747229169774
3.0,12.684074826484077,0.029839893428254882
3.5,12.677258853735156,0.036655866177175866
4.0,12.70987994935385,0.004034770558481782
4.5,12.659990050492926,0.053924669419405546
5.0,12.676318429068685,0.037596290843646685
5.5,12.675137975009523,0.03877674490280825
6.0,12.713061524319366,0.0008531955929651502
6.5,12.704200987234271,0.009713732678060083
7.0,12.692939754732302,0.02097496518002906
7.5,12.681628942883856,0.03228577702847524
8.0,12.741332486089126,-0.0274177661767947
8.5,12.718604780642208,-0.004690060729876322
9.0,12.704870551662868,0.009044168249463524
9.5,12.703957794167534,0.009956925744797118
10.0,12.687640811863169,0.026273908049162742
10.5,12.68089306451825,0.03302165539408186
11.0,12.675355211202303,0.03855950871002811
11.5,12.729726721313549,-0.0158120014012173
12.0,12.70515017649464,0.008764543417690618
12.5,12.726485761686812,-0.012571041774480207
13.0,12.70838903195286,0.0055256879594711705
13.5,12.671836199315347,0.04207852059698425
14.0,12.753394621549988,-0.03947990163765702
14.5,12.672129681156328,0.0417850387560037
15.0,12.701235333893882,0.012679386018449534
15.5,12.697312174339494,0.016602545572837357
16.0,12.650505854957622,0.06340886495470954
16.5,12.678959247237604,0.03495547267472787
17.0,12.749152757604683,-0.03523803769235201
17.5,12.668706695732252,0.045208024180078965
18.0,12.699997643863272,0.013917076049059673
18.5,12.697132551351764,0.016782168560567357
19.0,12.698880572689628,0.015034147222703353
19.5,12.729684885797978,-0.015770165885646392
20.0,12.703766115163614,0.010148604748717815
20.5,12.728088394168726,-0.014173674256394264
21.0,12.667382153885256,0.046532566027075006
21.5,12.683284834003128,0.030629885909203125
22.0,12.696031226428143,0.01788349348418805
22.5,12.743313093811544,-0.029398373899212515
23.0,12.6905817064709,0.023333013441432016
23.5,12.663946668662312,0.04996805125001913
24.0,12.649370421716684,0.06454429819564744
24.5,12.743426169807822,-0.029511449895490927
25.0,12.702248703418118,0.011666016494213949
25.5,12.693966060015534,0.01994865989679795
26.0,12.71857513902325,-0.004660419110917857
26.5,12.73880774409386,-0.02489302418152839
27.0,12.703587369583202,0.010327350329129459
27.5,12.733713530897507,-0.019798810985175663
28.0,12.679907027335522,0.034007692576809134
28.5,12.708121673367623,0.005793046544708247
29.0,12.677191104504194,0.03672361540813718
29.5,12.682168787266884,0.031745932645447894
30.0,12.75195306827562,-0.038038348363288677
30.5,12.659300409613024,0.05461431029930708
31.0,12.69463746166965,0.019277258242681228
31.5,12.69793015253378,0.015984567378550807
32.0,12.690895792380978,0.023018927531353484
32.5,12.671094814473296,0.042819905439035466
33.0,12.701845009421314,0.01206971049101746
33.5,12.638429548038424,0.07548517187390757
34.0,12.731189682331111,-0.017274962418779793
34.5,12.663701876220133,0.050212843692198916
35.0,12.720768145580942,-0.006853425668611024
35.5,12.693303748937298,0.020610970975033283
36.0,12.694942364324172,0.018972355588159573
36.5,12.697735104090764,0.01617961582156724
37.0,12.683292841517291,0.03062187839504027
37.5,12.612095167293685,0.10181955261864672
38.0,12.69289611799685,0.021018601915480772
38.5,12.72763897245541,-0.013724252543077853
39.0,12.677929332045096,0.035985387867235374
39.5,12.725071815568182,-0.011157095655850213
40.0,12.673758227856515,0.04015649205581617
40.5,12.711089774536871,0.002824945375460075
41.0,12.700940148199374,0.012974571712957683
41.5,12.708134506834796,0.005780213077535734
42.0,12.737691608388417,-0.02377688847608539
42.5,12.660197866372457,0.053716853539874876
43.0,12.686967441956002,0.026947277956329785
43.5,12.688119788889852,0.025794931022479872
44.0,12.684919111771888,0.028995608140442997
44.5,12.724526384719812,-0.010611664807480992
45.0,12.684741545595044,0.02917317431728783
45.5,12.710237301534969,0.0036774183773626845
46.0,12.684531980144463,0.029382739767868316
46.5,12.659010934304012,0.05490378560831921
47.0,12.658047066302506,0.05586765360982504
47.5,12.70313178822448,0.01078293168785116
48.0,12.632090001554454,0.0818247183578773
48.5,12.726786608479786,-0.012871888567454803
49.0,12.7258511311986,-0.011936411286267656
49.5,12.704005296166846,0.009909423745485313
50.0,12.66848756611165,0.04542715380068074
50.5,12.693440038720768,0.020474681191563704
51.0,12.696770931722568,0.017143788189763143
51.5,12.704847007541035,0.00906771237129611
52.0,12.678557372300803,0.03535734761152831
52.5,12.667042657073884,0.0468720628384478
53.0,12.710595169145511,0.003319550766820001
53.5,12.656067979605616,0.057846740306715105
54.0,12.676070523615236,0.03784419629709568
54.5,12.687185819960796,0.026728899951535823
55.0,12.6823920206059,0.031522699306432145
55.5,12.729532299956222,-0.01561758004389091
56.0,12.65966101454939,0.05425370536294061
56.5,12.696608450001294,0.01730626991103712
57.0,12.660313312433766,0.05360140747856512
57.5,12.638615408345794,0.07529931156653724
58.0,12.705821710531447,0.008093009380884197
58.5,12.684023716256986,0.02989100365534547
59.0,12.667868827184067,0.04604589272826409
59.5,12.685635676946989,0.028279042965342782
60.0,12.72239348020324,-0.008478760290907772
60.5,12.677997943383218,0.03591677652911329
61.0,12.708994987661448,0.004919732250883158
61.5,12.646077809706542,0.06783691020578964
62.0,12.658410835995726,0.055503883916605545
62.5,12.694631246969362,0.019283472942969837
63.0,12.672794002182034,0.041120717730297685
63.5,12.665680498786587,0.04823422112574427
64.0,12.724487965274491,-0.010573245362159867
64.5,12.69645590040322,0.017458819509110768
65.0,12.695102130320384,0.018812589591947315
65.5,12.66573194012897,0.04818277978336205
66.0,12.687806541248792,0.02610817866353976
66.5,12.675778314784615,0.03813640512771599
67.0,12.68175402416834,0.032160695743991496
67.5,12.670065320766176,0.04384939914615593
68.0,12.677764724945764,0.03614999496656779
68.5,12.685787751904682,0.028126968007649467
69.0,12.657143193310944,0.056771526601387734
69.5,12.658733417349826,0.05518130256250586
70.0,12.663737398266877,0.05017732164545485
70.5,12.657133078768886,0.05678164114344497
71.0,12.667307409342476,0.0466073105698559
71.5,12.679816117560945,0.03409860235138673
72.0,12.671361496085735,0.04255322382659621
72.5,12.691388182187277,0.02252653772505475
73.0,12.636707505445106,0.07720721446722578
73.5,12.698367104926056,0.015547614986274993
74.0,12.692328919564575,0.021585800347756035
74.5,12.647005298119678,0.06690942179265313
75.0,12.643383354538546,0.07053136537378535
75.5,12.669873455682568,0.0440412642297634
76.0,12.672452750959623,0.04146196895270826
76.5,12.678396811140844,0.03551790877148697
77.0,12.650501453756762,0.0634132661555693
77.5,12.713064203095826,0.0008505168165058308
78.0,12.69886532303984,0.015049396872491627
78.5,12.691265731056491,0.022648988855840102
79.0,12.703731991125968,0.010182728786363171
79.5,12.71574988990237,-0.0018351699900378549
80.0,12.69122391633658,0.022690803575750707
80.5,12.676102170122087,0.037812549790244177
81.0,12.726792780908648,-0.012878060996316165
81.5,12.710801098780614,0.0031136211317175366
82.0,12.674161287495274,0.039753432417057866
82.5,12.694844321248524,0.019070398663806998
83.0,12.664519228873216,0.04939549103911567
83.5,12.69815378740366,0.015760932508671388
84.0,12.661071230434487,0.05284348947784423
84.5,12.738209238144352,-0.024294518232020224
85.0,12.702974058629248,0.01094066128308313
85.5,12.651260179973956,0.06265453993837511
86.0,12.665669008693005,0.04824571121932664
86.5,12.599426981452728,0.11448773845960325
87.0,12.653164999288151,0.06074972062418027
87.5,12.711047418703664,0.0028673012086670724
88.0,12.68314238467984,0.030772335232491344
88.5,12.697613715200577,0.016301004711754885
89.0,12.676342557375014,0.037572162537317766
89.5,12.680576157300598,0.033338562611733735
90.0,12.655449249547132,0.058465470365199224
90.5,12.713855987484887,5.873242744414142e-05
91.0,12.672136568602207,0.0417781513101243
91.5,12.709986567546132,0.003928152366199811
92.0,12.616930517231175,0.09698420268115626
92.5,12.62285776049462,0.09105695941771152
93.0,12.67942234250811,0.03449237740422184
93.5,12.683301124991576,0.030613594920755105
94.0,12.734476102883596,-0.020561382971264308
94.5,12.678933728848245,0.03498099106408681
95.0,12.708241722080398,0.005672997831933202
95.5,12.644565587543331,0.06934913236900009
96.0,12.64674598208836,0.06716873782397137
96.5,12.68208363100466,0.031831088907670946
97.0,12.66002926687329,0.05388545303904202
97.5,12.705515638302254,0.00839908161007763
98.0,12.689588562954675,0.024326156957656053
98.5,12.707855399173456,0.00605932073887594
99.0,12.689787523823568,0.024127196088763014
99.5,12.635928237349724,0.07798648256260776
100.0,12.670697791296687,0.04321692861564408
100.5,12.72401450502719,-0.010099785114858761
101.0,12.68714058360503,0.026774136307301077
101.5,12.679847897585589,0.03406682232674285
102.0,12.67171004767545,0.04220467223688118
102.5,12.689082245394117,0.02483247451821491
103.0,12.666497102699534,0.04741761721279758
103.5,12.697898970894954,0.016015749017377345
104.0,12.691002341310426,0.022912378601905203
104.5,12.668365336584875,0.04554938332745628
105.0,12.737875736802115,-0.023961016889783693
105.5,12.65321863380606,0.06069608610627064
106.0,12.659047263512624,0.05486745639970714
106.5,12.659890034934522,0.054024684977809656
107.0,12.65429224479289,0.05962247511944163
107.5,12.691802466893908,0.0221122530184239
108.0,12.68336321076088,0.030551509151450773
108.5,12.678129240264552,0.035785479647779894
109.0,12.712700758316515,0.0012139615958162153
109.5,12.671321499052128,0.04259322086020312
110.0,12.667865134746322,0.046049585166009877
110.5,12.687529543978354,0.026385175933977933
111.0,12.68856522475872,0.025349495153610846
111.5,12.68286008775184,0.03105463216049209
112.0,12.600019561049969,0.11389515886236268
112.5,12.652428737494084,0.06148598241824743
113.0,12.68414859641587,0.02976612349646146
113.5,12.66441914441961,0.04949557549272221
114.0,12.68074428260004,0.03317043731229141
114.5,12.665669085463174,0.04824563444915775
115.0,12.66046372525146,0.053450994660870776
115.5,12.659269503738637,0.05464521617369478
116.0,12.70092985339101,0.012984866521321692
116.5,12.67924738524037,0.034667334671961925
117.0,12.678860565087014,0.035054154825317596
117.5,12.679997669644084,0.033917050268247095
118.0,12.713302814376714,0.0006119055356172964
118.5,12.69314796165432,0.02076675825801111
119.0,12.679319486357882,0.03459523355444993
119.5,12.688581886925334,0.02533283298699729
120.0,12.700627394999424,0.013287324912907295
120.5,12.674224402975891,0.039690316936439984
121.0,12.686149704478922,0.0277650154334097
121.5,12.667493463539742,0.046421256372589426
122.0,12.635148221364435,0.07876649854789619
122.5,12.70199411625401,0.011920603658321482
123.0,12.666847626547831,0.04706709336450032
123.5,12.682663534481524,0.03125118543080774
124.0,12.636155124087884,0.07775959582444791
124.5,12.691448962097075,0.022465757815256282
125.0,12.660065905750798,0.0538488141615332
125.5,12.671468675347512,0.042446044564819374
126.0,12.640694034428163,0.07322068548416816
126.5,12.667332704843828,0.04658201506850368
127.0,12.69746155568672,0.01645316422561116
127.5,12.684105304946767,0.02980941496556433
128.0,12.650876339731711,0.06303838018062002
128.5,12.629566680027134,0.08434803988519768
129.0,12.640941290292991,0.07297342961934028
129.5,12.654126349572502,0.0597883703398292
130.0,12.64780142639431,0.06611329351802198
130.5,12.675888537534696,0.03802618237763511
131.0,12.671032617938351,0.042882101973980014
131.5,12.672237347970643,0.04167737194168808
132.0,12.683545850527173,0.030368869385158703
132.5,12.720257729929273,-0.006343010016941264
133.0,12.7093033811423,0.004611338770031281
133.5,12.654734412930226,0.05918030698210508
134.0,12.645466314094673,0.06844840581765865
134.5,12.665447286940152,0.04846743297217948
135.0,12.688282678772934,0.025632041139397543
135.5,12.654216673453794,0.05969804645853749
136.0,12.664744669462284,0.04917005045004785
136.5,12.668145716352626,0.04576900355970537
137.0,12.650252695492936,0.06366202441939528
137.5,12.709016180650693,0.004898539261638746
138.0,12.64562398575208,0.06829073416025189
138.5,12.681536648744952,0.03237807116737912
139.0,12.672470250368894,0.04144446954343728
139.5,12.711806987187144,0.0021077327251877165
140.0,12.651206972092467,0.06270774781986432
140.5,12.660975188564144,0.052939531348187074
141.0,12.658702646161698,0.055212073750633195
141.5,12.654653731934369,0.05926098797796264
142.0,12.680083394772472,0.0338313251398592
142.5,12.680095878676807,0.03381884123552403
143.0,12.66712733959331,0.046787380319020855
143.5,12.662924059386851,0.05099066052548018
144.0,12.683190315226025,0.030724404686306883
144.5,12.698247860007903,0.015666859904428065
145.0,12.67106794381134,0.0428467761009923
145.5,12.664370857636069,0.04954386227626273
146.0,12.696993987746165,0.01692073216616663
146.5,12.657825688560685,0.05608903135164667
147.0,12.684486340258047,0.029428379654284242
147.5,12.673523659610394,0.04039106030193729
148.0,12.677164098487133,0.036750621425198915
148.5,12.66473355519419,0.049181164718142156
149.0,12.700644931759452,0.013269788152879158
149.5,12.690059274969098,0.02385544494323355
150.0,12.688763004086328,0.02515171582600395
150.5,12.6467423646775,0.06717235523483112
151.0,12.696005069540655,0.017909650371676022
151.5,12.698625189980625,0.015289529931706625
152.0,12.724624957328473,-0.01071023741614141
152.5,12.638548198296151,0.0753665216161803
153.0,12.667184403395868,0.04673031651646298
153.5,12.66044000159617,0.053474718316161685
154.0,12.698500828078627,0.01541389183370434
154.5,12.662418836010469,0.05149588390186288
155.0,12.695705738332796,0.018208981579535433
155.5,12.71562337840142,-0.0017086584890879664
156.0,12.629065715927725,0.0848490039846066
156.5,12.65884933907693,0.055065380835401356
157.0,12.679540185558585,0.03437453435374671
157.5,12.69025996614781,0.02365475376452153
158.0,12.669291686302577,0.044623033609754614
158.5,12.655702863463688,0.05821185644864357
159.0,12.660832601381635,0.05308211853069622
159.5,12.666652734912017,0.047261985000314866
160.0,12.656540883672056,0.05737383624027537
160.5,12.686412736848762,0.027501983063569213
161.0,12.670483220082035,0.04343149983029626
161.5,12.705052134802829,0.008862585109502774
162.0,12.618665680947318,0.09524903896501336
162.5,12.657479116178978,0.056435603733353545
163.0,12.663752759372748,0.050161960539583106
163.5,12.727081891176065,-0.013167171263733124
164.0,12.618527097795656,0.09538762211667517
164.5,12.704210260178534,0.009704459733796966
165.0,12.616818983946692,0.09709573596563992
165.5,12.66443236710846,0.04948235280387081
166.0,12.65279523248638,0.061119487425951746
166.5,12.73831483861293,-0.024400118700597773
167.0,12.68706951757783,0.02684520233450094
167.5,12.677781021568942,0.03613369834338975
168.0,12.690374005810051,0.02354071410228009
168.5,12.638584145571286,0.07533057434104506
169.0,12.70784480097138,0.0060699189409518794
169.5,12.6741754589836,0.03973926092873192
170.0,12.697146990325177,0.01676772958715489
170.5,12.64160653203482,0.07230818787751225
171.0,12.644297770429697,0.06961694948263464
171.5,12.697817307178523,0.01609741273380827
172.0,12.68175858792328,0.03215613198905132
172.5,12.615824696152782,0.0980900237595499
173.0,12.67163708513465,0.04227763477768143
173.5,12.6607003299754,0.05321438993693128
174.0,12.679541206851995,0.03437351306033598
174.5,12.686350023252716,0.02756469665961525
175.0,12.65900706187534,0.054907658036992046
175.5,12.646721828335618,0.06719289157671327
176.0,12.655166904963226,0.05874781494910586
176.5,12.67556324167043,0.03835147824190166
177.0,12.635667336806693,0.07824738310563895
177.5,12.638940333044555,0.07497438686777613
178.0,12.639806820678103,0.07410789923422811
178.5,12.706691393193855,0.007223326718476031
179.0,12.6277096115122,0.08620510840013118
179.5,12.684800282682213,0.02911443723011864
180.0,12.65415883205692,0.059755887855411416
180.5,12.662732946289909,0.05118177362242271
181.0,12.625972332348274,0.08794238756405726
181.5,12.667335609836131,0.04657911007620008
182.0,12.672331706574392,0.04158301333793979
182.5,12.66583072697102,0.04808399294131149
183.0,12.668146983111004,0.045767736801327175
183.5,12.650202914498829,0.06371180541350263
184.0,12.652074275333586,0.06184044457874549
184.5,12.66623409886653,0.047680621045801175
185.0,12.691281686584103,0.02263303332822808
185.5,12.638609460892564,0.07530525901976759
186.0,12.672500521003863,0.04141419890846798
186.5,12.68145768785942,0.03245703205291228
187.0,12.674025117447924,0.03988960246440776
187.5,12.649895996388064,0.06401872352426707
188.0,12.711521431616609,0.0023932882957229396
188.5,12.673112683861795,0.04080203605053612
189.0,12.655229350105618,0.058685369806713794
189.5,12.650690323425165,0.0632243964871666
190.0,12.603351311076192,0.11056340883613913
190.5,12.66350163786028,0.050413082052051195
191.0,12.633476220435552,0.08043849947677906
191.5,12.67671695774013,0.03719776217220172
192.0,12.660510074486892,0.05340464542543977
192.5,12.628247552932644,0.08566716697968779
193.0,12.648731096322852,0.06518362358947982
193.5,12.63707788404166,0.07683683587067058
194.0,12.622416242022458,0.09149847788987309
194.5,12.659338956336498,0.05457576357583349
195.0,12.68572159565286,0.028193124259471958
195.5,12.710434633074277,0.0034800868380546746
196.0,12.664089771061422,0.049824948850909934
196.5,12.685039841346404,0.02887487856592763
197.0,12.644492981800331,0.06942173811200014
197.5,12.654779783689436,0.05913493622289501
198.0,12.61479124937542,0.09912347053691128
198.5,12.68997757203087,0.02393714788146184
199.0,12.667140970798815,0.04677374911351606
199.5,12.67866351384846,0.03525120606387233
200.0,12.668280798316138,0.045633921596193616
200.5,12.645374318497645,0.06854040141468687
201.0,12.691782525704951,0.022132194207379996
201.5,12.671006787603984,0.04290793230834744
202.0,12.643131249827013,0.07078347008531871
202.5,12.690896481151407,0.023018238760924348
203.0,12.67341364505928,0.04050107485305077
203.5,12.657802878524969,0.056111841387362915
204.0,12.650111953637843,0.06380276627448822
204.5,12.669604286264118,0.04431043364821363
205.0,12.680899938315722,0.03301478159660931
205.5,12.649086363433344,0.0648283564789871
206.0,12.64197703909137,0.07193768082096064
206.5,12.622508575199948,0.09140614471238351
207.0,12.668002916636633,0.04591180327569866
207.5,12.682271239320468,0.03164348059186395
208.0,12.709429554498488,0.004485165413843362
208.5,12.648246218884797,0.06566850102753463
209.0,12.646141738379225,0.06777298153310696
209.5,12.707070800899574,0.006843919012757382
210.0,12.656845395615866,0.057069324296465496
210.5,12.699363687256804,0.014551032655527152
211.0,12.646834693899894,0.06708002601243734
211.5,12.661001136161548,0.05291358375078303
212.0,12.613578046877414,0.10033667303491711
212.5,12.6585889571092,0.05532576280313073
213.0,12.655256586418652,0.05865813349367954
213.5,12.694799274754326,0.019115445158005784
214.0,12.705668573374815,0.008246146537516097
214.5,12.649449683416677,0.06446503649565472
215.0,12.631664585067552,0.08225013484477905
215.5,12.654131630180956,0.05978308973137558
216.0,12.701054720713843,0.012859999198488126
216.5,12.680991943719484,0.03292277619284789
217.0,12.660487353902344,0.053427366009987765
217.5,12.653933777311554,0.059980942600777354
218.0,12.693043731298305,0.020870988614026587
218.5,12.67051344143761,0.04340127847472175
219.0,12.697352314589097,0.01656240532323494
219.5,12.636459227795669,0.07745549211666258
220.0,12.673058951305215,0.04085576860711626
220.5,12.632642413347035,0.08127230656529605
221.0,12.640129967974127,0.073784751938204
221.5,12.710408477723378,0.0035062421889531237
222.0,12.664085758493478,0.04982896141885362
222.5,12.724836883469836,-0.010922163557504305
223.0,12.65013335970104,0.06378136021129066
223.5,12.65721605212728,0.05669866778505117
224.0,12.692684751576053,0.02122996833627866
224.5,12.661496700726817,0.05241801918551481
225.0,12.634364560347828,0.07955015956450318
225.5,12.637447122964954,0.07646759694737781
226.0,12.688307726799058,0.02560699311327319
226.5,12.60335569348524,0.11055902642709192
227.0,12.689872761680704,0.024041958231627802
227.5,12.63385541965859,0.0800593002537422
228.0,12.638898622316598,0.07501609759573391
228.5,12.68110406464766,0.032810655264672306
229.0,12.59691532232163,0.11699939759070155
229.5,12.67627646041555,0.03763825949678079
230.0,12.659635360634992,0.05427935927733962
230.5,12.669391840401888,0.04452287951044376
231.0,12.666882498187038,0.047032221725293866
231.5,12.683133378820392,0.03078134109193975
232.0,12.677005565982496,0.036909153929835625
232.5,12.648106480522875,0.06580823938945635
233.0,12.663217670349148,0.05069704956318333
233.5,12.640253845294907,0.0736608746174241
234.0,12.647701908781343,0.06621281113098831
234.5,12.662098689420114,0.05181603049221728
235.0,12.71317865418797,0.0007360657243609126
235.5,12.70432767119947,0.00958704871286109
236.0,12.66308642616348,0.050828293748852005
236.5,12.62325880586478,0.09065591404755224
237.0,12.740384367217358,-0.0264696473050261
237.5,12.64484658510082,0.06906813481151097
238.0,12.647197672593231,0.06671704731910033
238.5,12.675634284028192,0.03828043588413976
239.0,12.635049587389467,0.0788651325228642
239.5,12.697580464370034,0.01633425554229717
240.0,12.666542889229186,0.04737183068314543
240.5,12.69498857378846,0.01892614612387078
241.0,12.667610933032236,0.04630378688009529
241.5,12.656653453339612,0.057261266572719904
242.0,12.62716677642921,0.08674794348312176
242.5,12.629215787341552,0.0846989325707792
243.0,12.646969648508064,0.06694507140426786
243.5,12.644173317975802,0.069741401936529
244.0,12.665891992816928,0.048022727095403894
244.5,12.668865532166036,0.045049187746295516
245.0,12.6205932566399,0.09332146327243152
245.5,12.622077176690585,0.09183754322174664
246.0,12.646356727770128,0.06755799214220382
246.5,12.65242515294188,0.06148956697045094
247.0,12.667470931237656,0.0464437886746758
247.5,12.70344696086326,0.010467759049070935
248.0,12.66362585274051,0.050288867171820684
248.5,12.65255436746778,0.06136035244455229
249.0,12.621455170796676,0.0924595491156559
249.5,12.609918203272668,0.10399651663966303
250.0,12.650931158686172,0.06298356122615978
250.5,12.637220564375468,0.0766941555368632
251.0,12.6328184740382,0.08109624587413222
251.5,12.63715484615628,0.07675987375605153
252.0,12.65668681426544,0.05722790564689184
252.5,12.623078011150222,0.09083670876210981
253.0,12.620285566707022,0.09362915320530973
253.5,12.68014692238798,0.03376779752435155
254.0,12.660401537548784,0.053513182363547074
254.5,12.675235545834362,0.03867917407796995
255.0,12.640184366734774,0.07373035317755772
255.5,12.683478183500023,0.030436536412308257
256.0,12.63560534579997,0.0783093741123615
256.5,12.623126880986298,0.09078783892603326
257.0,12.645364268474346,0.06855045143798577
257.5,12.666910626656552,0.04700409325577937
258.0,12.673680981227964,0.04023373868436764
258.5,12.699943085907016,0.013971634005315536
259.0,12.614574995730845,0.09933972418148684
259.5,12.629003512328255,0.08491120758407611
260.0,12.668504842871036,0.04540987704129584
260.5,12.658785275186442,0.05512944472588899
261.0,12.61320425114171,0.10071046877062173
261.5,12.65132424523478,0.06259047467755074
262.0,12.622774558607588,0.09114016130474312
262.5,12.644922189298798,0.06899253061353328
263.0,12.673433893779205,0.04048082613312687
263.5,12.645430901483724,0.06848381842860718
264.0,12.671146655453631,0.042768064458700294
264.5,12.67088668139906,0.04302803851327219
265.0,12.63113233820559,0.08278238170674079
265.5,12.63227558442079,0.08163913549154067
266.0,12.628606373286893,0.08530834662543896
266.5,12.651256146197197,0.06265857371513484
267.0,12.693890625866302,0.020024094046029006
267.5,12.651109593916996,0.06280512599533594
268.0,12.65925248795532,0.05466223195701225
268.5,12.694964773466015,0.01894994644631609
269.0,12.650434507735316,0.06348021217701572
269.5,12.69174206353943,0.02217265637290211
270.0,12.660015602043329,0.05389911786900292
270.5,12.682102427655083,0.03181229225724813
271.0,12.609757910212112,0.10415680970021945
271.5,12.683395156828311,0.030519563084020263
272.0,12.657977608340676,0.05593711157165515
272.5,12.63049945031984,0.08341526959249101
273.0,12.637239011219489,0.0766757086928429
273.5,12.63257332205995,0.08134139785238226
274.0,12.58613259053594,0.1277821293763921
274.5,12.65420568325158,0.05970903666075067
275.0,12.705064502291195,0.008850217621136025
275.5,12.651511855687724,0.06240286422460706
276.0,12.601617064952174,0.11229765496015709
276.5,12.629518552704344,0.08439616720798782
277.0,12.634385106142975,0.07952961376935619
277.5,12.674600383369036,0.039314336543295525
278.0,12.623637717830512,0.09027700208181955
278.5,12.652176195145342,0.061738524766989045
279.0,12.625812633779784,0.08810208613254744
279.5,12.650733594492268,0.06318112542006382
280.0,12.705865138728724,0.008049581183607657
280.5,12.678960711128031,0.03495400878430033
281.0,12.598604329497928,0.11531039041440394
281.5,12.620907147989197,0.09300757192313469
282.0,12.64600873745771,0.0679059824546222
282.5,12.641243101804363,0.07267161810796807
283.0,12.666756176477902,0.04715854343442949
283.5,12.660805021255484,0.053109698656847115
284.0,12.636209023336084,0.07770569657624726
284.5,12.663521193427451,0.05039352648488027
285.0,12.678198683930075,0.035716035982256145
285.5,12.680602317008804,0.03331240290352788
286.0,12.642818432616538,0.0710962872957932
286.5,12.609018187472005,0.1048965324403266
287.0,12.69201157227006,0.021903147642271747
287.5,12.626450567482252,0.08746415243007988
288.0,12.60614112536386,0.1077735945484708
288.5,12.650932437786215,0.06298228212611612
289.0,12.642934140842655,0.07098057906967625
289.5,12.667819684779888,0.04609503513244384
290.0,12.643143986839435,0.07077073307289616
290.5,12.653399624298546,0.060515095613785874
291.0,12.666631983876334,0.04728273603599753
291.5,12.568021516176156,0.14589320373617554
292.0,12.658782745451022,0.05513197446130924
292.5,12.645368819386618,0.06854590052571297
293.0,12.624024023793767,0.08989069611856415
293.5,12.650528433822153,0.0633862860901786
294.0,12.636203246499074,0.07771147341325779
294.5,12.605862495500704,0.10805222441162776
295.0,12.648823812005729,0.06509090790660288
295.5,12.65228390749952,0.061630812412811764
296.0,12.667711977468509,0.04620274244382294
296.5,12.655150435037765,0.05876428487456664
297.0,12.645956503534828,0.06795821637750343
297.5,12.652959906981572,0.06095481293075977
298.0,12.658500739055736,0.05541398085659566
298.5,12.630227154710305,0.0836875652020268
299.0,12.633415321765195,0.08049939814713625
299.5,12.66618689082203,0.047727829090302265
300.0,12.622965225525158,0.09094949438717315
300.5,12.589204194565296,0.12471052534703553
301.0,12.636978259177138,0.07693646073519389
301.5,12.639421035433104,0.07449368447922744
302.0,12.639692870232446,0.07422184967988521
302.5,12.62360851265377,0.09030620725856231
303.0,12.653236730226618,0.06067798968571303
303.5,12.62893639502744,0.08497832488489188
304.0,12.678731231085097,0.035183488827234655
304.5,12.619255934972314,0.09465878494001778
305.0,12.655856259639735,0.05805846027259598
305.5,12.650932362517969,0.06298235739436286
306.0,12.654785954798069,0.059128765114262904
306.5,12.649811465749147,0.06410325416318408
307.0,12.687895415354587,0.02601930455774415
307.5,12.66159572798498,0.05231899192735234
308.0,12.66198790348732,0.05192681642501107
308.5,12.667979103713636,0.04593561619869568
309.0,12.65292759190991,0.0609871280024219
309.5,12.655877612670109,0.058037107242222774
310.0,12.630705649431055,0.08320907048127602
310.5,12.635847017967706,0.07806770194462587
311.0,12.662516476582388,0.05139824332994358
311.5,12.68142294499756,0.03249177491477084
312.0,12.610215499635178,0.10369922027715361
312.5,12.61970309858139,0.09421162133094185
313.0,12.625177198646464,0.08873752126586787
313.5,12.633912483215148,0.0800022366971831
314.0,12.646006622211791,0.06790809770054018
314.5,12.649727482522128,0.06418723739020393
315.0,12.668298543984314,0.04561617592801781
315.5,12.61360321039219,0.10031150952014123
316.0,12.65994214252092,0.053972577391411036
316.5,12.625491002224429,0.08842371768790258
317.0,12.645476609067869,0.06843811084446294
317.5,12.65417850713169,0.059736212780642006
318.0,12.653316911417964,0.06059780849436791
318.5,12.68228322637504,0.03163149353729189
319.0,12.638231867150187,0.07568285276214404
319.5,12.639837080363604,0.0740776395487277
320.0,12.610674548274517,0.10324017163781463
320.5,12.657450605223154,0.056464114689177336
321.0,12.657578627961708,0.05633609195062306
321.5,12.659885995477758,0.054028724434573405
322.0,12.671882006214876,0.04203271369745565
322.5,12.631250728033788,0.0826639918785439
323.0,12.661026902221453,0.05288781769087869
323.5,12.641682274244031,0.07223244566830012
324.0,12.630744380036525,0.08317033987580658
324.5,12.670413213339492,0.04350150657283969
325.0,12.610856033664804,0.10305868624752712
325.5,12.62820584127036,0.08570887864197196
326.0,12.606010106601174,0.10790461331115786
326.5,12.64996127984605,0.06395344006628179
327.0,12.692980306419138,0.020934413493193915
327.5,12.596044608799732,0.11787011111259993
328.0,12.651394818125986,0.06251990178634514
328.5,12.649705351282783,0.06420936862954818
329.0,12.60260558531153,0.11130913460080194
329.5,12.660799415937127,0.05311530397520414
330.0,12.634915057645538,0.07899966226679389
330.5,12.65983802080234,0.054076699109991466
331.0,12.640216228455436,0.073698491456895
331.5,12.651855052720236,0.06205966719209499
332.0,12.6194637756538,0.09445094425853107
332.5,12.646907898858393,0.06700682105393874
333.0,12.650786769452637,0.06312795045969466
333.5,12.642876499597458,0.07103822031487361
334.0,12.629955375589288,0.08395934432304308
334.5,12.63708666880978,0.07682805110255231
335.0,12.64312970071284,0.07078501919949076
335.5,12.65140138186129,0.06251333805104231
336.0,12.709393762587904,0.004520957324427144
336.5,12.675858759681876,0.0380559602304551
337.0,12.560673357742536,0.1532413621697959
337.5,12.62748653692728,0.08642818298505084
338.0,12.6432328593098,0.0706818606025319
338.5,12.61076231506794,0.10315240484439059
339.0,12.575609833329429,0.13830488658290285
339.5,12.633104363540204,0.08081035637212786
340.0,12.621727452643151,0.09218726726918014
340.5,12.670387605912229,0.043527114000102785
341.0,12.674737389759162,0.039177330153169265
341.5,12.61645613953842,0.09745858037391208
342.0,12.665863050369452,0.04805166954287898
342.5,12.661968189904345,0.05194653000798688
343.0,12.627603856920665,0.08631086299166668
343.5,12.60673377368984,0.10718094622249197
344.0,12.624105285571584,0.08980943434074717
344.5,12.63088356488216,0.08303115503017189
345.0,12.62363223285385,0.09028248705848085
345.5,12.66020040888558,0.05371431102675217
346.0,12.643808509242255,0.07010621067007605
346.5,12.690183536118122,0.023731183794209798
347.0,12.666372152884543,0.04754256702778825
347.5,12.610139073654864,0.10377564625746771
348.0,12.61971074342009,0.09420397649224199
348.5,12.611133723292625,0.10278099661970685
349.0,12.626325846422755,0.087588873489576
349.5,12.632906121552,0.08100859836033081
350.0,12.621122038442886,0.09279268146944553
350.5,12.629639231369346,0.0842754885429855
351.0,12.630293030986689,0.0836216889256427
351.5,12.636279202715668,0.07763551719666317
352.0,12.685207793868784,0.0287069260435473
352.5,12.676469710414258,0.03744500949807339
353.0,12.654407218382469,0.05950750152986295
353.5,12.604833083665463,0.10908163624686829
354.0,12.599840064360915,0.11407465555141627
354.5,12.677959993229756,0.03595472668257571
355.0,12.68126719928934,0.03264752062299081
355.5,12.683136282465934,0.030778437446397078
356.0,12.667013534872876,0.04690118503945584
356.5,12.634552829346664,0.07936189056566789
357.0,12.613169569242698,0.10074515066963308
357.5,12.677075899656025,0.0368388202563068
358.0,12.666455313896275,0.04745940601605625
358.5,12.623738850913613,0.09017586899871866
359.0,12.661948930919834,0.05196578899249715
359.5,12.658685867981369,0.05522885193096272
360.0,12.674126389002089,0.03978833091024292
360.5,12.61523696742603,0.09867775248630117
361.0,12.608734818713172,0.10517990119915943
361.5,12.684624153229333,0.029290566682998787
362.0,12.60268456285391,0.11123015705842221
362.5,12.614287800703268,0.0996269192090633
363.0,12.670900042545105,0.04301467736722664
363.5,12.661819101893675,0.05209561801865625
364.0,12.633138427998166,0.08077629191416591
364.5,12.630975571716151,0.08293914819618031
365.0,12.65258613462356,0.06132858528877172
365.5,12.639732734352071,0.07418198556026034
366.0,12.6586572388235,0.055257481088831994
366.5,12.655833414160565,0.05808130575176662
367.0,12.62379073313525,0.09012398677708156
367.5,12.6573321273636,0.05658259254873066
368.0,12.642500092405708,0.07141462750662342
368.5,12.622393212025049,0.09152150788728264
369.0,12.619526098926857,0.09438862098547496
369.5,12.576500197068253,0.13741452284407885
370.0,12.625309664711306,0.08860505520102535
370.5,12.637040367043271,0.0768743528690603
371.0,12.652761536624263,0.06115318328806829
371.5,12.678944335484031,0.03497038442830025
372.0,12.647226124366057,0.0666885955462746
372.5,12.618810044746882,0.09510467516544985
373.0,12.639123136206075,0.07479158370625605
373.5,12.664213862396515,0.04970085751581621
374.0,12.635449703275055,0.07846501663727601
374.5,12.62654808776359,0.08736663214874163
375.0,12.630541128343284,0.08337359156904789
375.5,12.649267095176551,0.06464762473578034
376.0,12.606853794620896,0.10706092529143518
376.5,12.617952831112584,0.09596188879974754
377.0,12.63272645083942,0.08118826907291066
377.5,12.664170471021777,0.04974424889055484
378.0,12.663793392374354,0.05012132753797793
378.5,12.62760106152796,0.08631365838437155
379.0,12.66066253266066,0.05325218725167069
379.5,12.643648450186951,0.07026626972537997
380.0,12.61503057420036,0.09888414571197224
380.5,12.64306761660096,0.07084710331137067
381.0,12.618013911292664,0.09590080861966754
381.5,12.620264843727188,0.0936498761851432
382.0,12.59652723569846,0.11738748421387157
382.5,12.608099408219198,0.1058153116931333
383.0,12.604082270584817,0.10983244932751468
383.5,12.630691541956812,0.08322317795551903
384.0,12.672543484804244,0.04137123510808749
384.5,12.646549159065689,0.06736556084664258
385.0,12.624830336134016,0.08908438377831551
385.5,12.643916415348295,0.06999830456403622
386.0,12.659235295304866,0.054679424607465776
386.5,12.664941646065245,0.04897307384708682
387.0,12.636188248146167,0.0777264717661641
387.5,12.60849672180675,0.10541799810558139
388.0,12.605865529233895,0.10804919067843599
388.5,12.63605320063029,0.07786151928204177
389.0,12.664325126892498,0.049589593019833345
389.5,12.652956581878744,0.06095813803358752
390.0,12.641497842978357,0.0724168769339748
390.5,12.62390202469057,0.09001269522176081
391.0,12.671191718393857,0.042723001518474746
391.5,12.592643720387109,0.12127099952522258
392.0,12.678347272906802,0.03556744700552983
392.5,12.618987826255411,0.09492689365692009
393.0,12.6457756058044,0.06813911410793061
393.5,12.665718261799237,0.04819645811309492
394.0,12.672641245247126,0.041273474665205256
394.5,12.62666332438354,0.08725139552879213
395.0,12.629307754476349,0.08460696543598267
395.5,12.633417700025836,0.08049701988649538
396.0,12.56521917804626,0.14869554186607203
396.5,12.632643095484005,0.08127162442832692
397.0,12.62675301109373,0.08716170881860208
397.5,12.646068983625284,0.06784573628704749
398.0,12.6122882491741,0.10162647073823194
398.5,12.664823092135856,0.04909162777647502
399.0,12.633775270866517,0.08013944904581471
399.5,12.651461788587657,0.062452931324674665
400.0,12.634401383220489,0.0795133366918428
400.5,12.64009396745356,0.07382075245877218
401.0,12.634265041138134,0.0796496787741976
401.5,12.655825213698124,0.058089506214207276
402.0,12.645344349703404,0.06857037020892776
402.5,12.613948560920209,0.0999661589921228
403.0,12.631200875233665,0.0827138446786666
403.5,12.61851544220558,0.09539927770675227
404.0,12.607458643305598,0.10645607660673306
404.5,12.595026643975077,0.11888807593725481
405.0,12.642998431969213,0.07091628794311866
405.5,12.60785066482742,0.10606405508491079
406.0,12.572236680429016,0.14167803948331503
406.5,12.60910369135633,0.10481102855600177
407.0,12.628471635044546,0.0854430848677854
407.5,12.575467401721072,0.13844731819125933
408.0,12.6019299214937,0.11198479841863218
408.5,12.617537129940397,0.0963775899719348
409.0,12.597638190619149,0.11627652929318266
409.5,12.577265962725455,0.13664875718687597
410.0,12.641241580961749,0.07267313895058258
410.5,12.588350685686592,0.12556403422573936
411.0,12.601947316819516,0.11196740309281594
411.5,12.59293572671308,0.12097899319925176
412.0,12.65193234916022,0.061982370752112104
412.5,12.599450910748995,0.1144638091633361
413.0,12.642659500855784,0.07125521905654786
413.5,12.60969874228279,0.10421597762954171
414.0,12.630704678276883,0.0832100416354482
414.5,12.625852494587416,0.08806222532491503
415.0,12.638350870039424,0.07556384987290699
415.5,12.60017867905165,0.11373604086068134
416.0,12.649841870833386,0.06407284907894528
416.5,12.620858948871874,0.09305577104045781
417.0,12.59445330556398,0.11946141434835233
417.5,12.613820506261998,0.10009421365033333
418.0,12.642696112980293,0.07121860693203885
418.5,12.609411239253436,0.10450348065889514
419.0,12.639388087111906,0.07452663280042593
419.5,12.656000763543853,0.057913956368478736
420.0,12.5825301095495,0.1313846103628311
420.5,12.652610202547002,0.06130451736532905
421.0,12.66034078684108,0.05357393307125058
421.5,12.588165269712652,0.1257494501996792
422.0,12.624297700254168,0.0896170196581636
422.5,12.61500428768456,0.09891043222777185
423.0,12.62617332675611,0.08774139315622165
423.5,12.618386402613329,0.09552831729900291
424.0,12.619541107954191,0.0943736119581402
424.5,12.61945525878191,0.09445946113042147
425.0,12.623089104651047,0.0908256152612843
425.5,12.629684164790609,0.08423055512172262
426.0,12.637021875298784,0.07689284461354795
426.5,12.603883915218487,0.11003080469384408
427.0,12.618827875680685,0.0950868442316466
427.5,12.600142358359005,0.11377236155332682
428.0,12.634086762454553,0.07982795745777871
428.5,12.585118792509403,0.128795927402928
429.0,12.60461866608712,0.10929605382521146
429.5,12.657666639318911,0.05624808059342001
430.0,12.669264481052524,0.044650238859807345
430.5,12.632366208360258,0.08154851155207332
431.0,12.607021661972878,0.10689305793945358
431.5,12.683680174685708,0.030234545226623055
432.0,12.651843613118022,0.06207110679430983
432.5,12.59429212794157,0.11962259197076186
433.0,12.624441796071022,0.08947292384130989
433.5,12.632642474234745,0.08127224567758695
434.0,12.613905034455671,0.10000968545666034
434.5,12.606622661885575,0.10729205802675601
435.0,12.630894425708954,0.08302029420337753
435.5,12.625038623717352,0.08887609619497994
436.0,12.62982639782548,0.08408832208685091
436.5,12.611178840571434,0.1027358793408979
437.0,12.620688273589684,0.09322644632264776
437.5,12.626685146431468,0.08722957348086346
438.0,12.614019747987644,0.09989497192468733
438.5,12.654300276320743,0.059614443591588184
439.0,12.663142374342112,0.05077234557021981
439.5,12.61075285614314,0.10316186376919134
440.0,12.64294375941028,0.0709709605020521
440.5,12.645810191516686,0.0681045283956454
441.0,12.6688990988166,0.04501562109573065
441.5,12.629600749844784,0.08431397006754793
442.0,12.602800719639813,0.11111400027251861
442.5,12.674278189798889,0.0396365301134427
443.0,12.64870624873642,0.06520847117591089
443.5,12.559242365807158,0.15467235410517333
444.0,12.598139575046124,0.11577514486620721
444.5,12.608329422499772,0.10558529741255995
445.0,12.655506766738048,0.05840795317428338
445.5,12.630164120475108,0.08375059943722363
446.0,12.633028041679992,0.0808866782323392
446.5,12.59804327908233,0.11587144083000211
447.0,12.661174182727535,0.05274053718479621
447.5,12.638763090286066,0.07515162962626576
448.0,12.652842097449287,0.06107262246304401
448.5,12.630605389450484,0.08330933046184796
449.0,12.643313846079874,0.07060087383245772
449.5,12.65231080010537,0.061603919806961116
450.0,12.602449697234144,0.11146502267818725
450.5,12.562758605304866,0.15115611460746514
451.0,12.609100494191573,0.10481422572075871
451.5,12.609413966954063,0.104500752958268
452.0,12.606915776347988,0.10699894356434392
452.5,12.644090159141786,0.06982456077054522
453.0,12.597919026729972,0.11599569318235936
453.5,12.632121366675086,0.08179335323724501
454.0,12.622731671053147,0.09118304885918427
454.5,12.631686258178686,0.08222846173364573
455.0,12.68496843216245,0.02894628774988206
455.5,12.633501923468158,0.08041279644417365
456.0,12.606127249696742,0.10778747021558921
456.5,12.642509873971044,0.07140484594128793
457.0,12.652947442536767,0.060967277375564066
457.5,12.599562362906894,0.114352357005437
458.0,12.597517223114323,0.11639749679800815
458.5,12.645548740658196,0.06836597925413557
459.0,12.541578608517009,0.1723361113953228
459.5,12.552998767321553,0.16091595259077884
460.0,12.610228678310758,0.10368604160157346
460.5,12.6356017046772,0.0783130152351319
461.0,12.548338155424233,0.16557656448809865
461.5,12.633298185964026,0.08061653394830515
462.0,12.616963951814231,0.09695076809810033
462.5,12.625983257810343,0.08793146210198799
463.0,12.629727179887745,0.08418754002458684
463.5,12.623466415348211,0.09044830456412001
464.0,12.574776607113405,0.13913811279892663
464.5,12.590567719819669,0.12334700009266264
465.0,12.621609549211048,0.09230517070128386
465.5,12.602314493675134,0.11160022623719712
466.0,12.58983410445678,0.12408061545555071
466.5,12.61768861472795,0.0962261051843818
467.0,12.60162495641424,0.11228976349809194
467.5,12.618789332924568,0.09512538698776396
468.0,12.634638890594896,0.07927582931743515
468.5,12.560292578032657,0.1536221418796746
469.0,12.565961167750036,0.14795355216229567
469.5,12.61724170136845,0.096673018543882
470.0,12.621530560604606,0.09238415930772526
470.5,12.639585795082764,0.0743289248295671
471.0,12.646010475717684,0.06790424419464713
471.5,12.628536931361843,0.08537778855048828
472.0,12.667629438140152,0.04628528177217994
472.5,12.607266753729675,0.10664796618265626
473.0,12.610945279291627,0.10296944062070423
473.5,12.64908859853556,0.0648261213767718
474.0,12.594221312434025,0.11969340747830692
474.5,12.609597273372788,0.10431744653954311
475.0,12.628274381636508,0.08564033827582307
475.5,12.639010345341433,0.07490437457089882
476.0,12.581790447225814,0.13212427268651794
476.5,12.575437949526286,0.13847677038604544
477.0,12.624054302372423,0.08986041753990825
477.5,12.578691920662166,0.13522279925016534
478.0,12.588763565738192,0.12515115417413902
478.5,12.591557379056743,0.12235734085558825
479.0,12.628542156519162,0.0853725633931699
479.5,12.616602248731049,0.09731247118128294
480.0,12.61938493102172,0.09452978889061114
480.5,12.63115599309628,0.08275872681605101
481.0,12.601935615867992,0.1119791040443392
481.5,12.653184024290018,0.060730695622313036
482.0,12.636440395160134,0.07747432475219718
482.5,12.579876751093597,0.13403796881873475
483.0,12.6344131002463,0.07950161966603098
483.5,12.622158239305062,0.09175648060726971
484.0,12.640331666063826,0.07358305384850539
484.5,12.590379775902546,0.12353494400978526
485.0,12.624101778938554,0.08981294097377734
485.5,12.636312989280633,0.07760173063169873
486.0,12.579046213850296,0.13486850606203582
486.5,12.637614907557236,0.07629981235509575
487.0,12.584348505592564,0.12956621431976778
487.5,12.57761591810797,0.1362988018043616
488.0,12.651922819315928,0.06199190059640358
488.5,12.631667686763851,0.08224703314848014
489.0,12.607933882648627,0.10598083726370433
489.5,12.59126542703946,0.12264929287287174
490.0,12.619608865247296,0.09430585466503594
490.5,12.627998572837226,0.08591614707510509
491.0,12.60969134050958,0.10422337940275206
491.5,12.599762001094543,0.11415271881778821
492.0,12.603592827641473,0.11032189227085887
492.5,12.607777603896215,0.1061371160161162
493.0,12.608626089287773,0.10528863062455862
493.5,12.582922595532834,0.1309921243794978
494.0,12.621257354587849,0.09265736532448265
494.5,12.614539275417815,0.09937544449451607
495.0,12.634517759768409,0.07939696014392261
495.5,12.627402229476507,0.08651249043582432
496.0,12.631962828161278,0.08195189175105355
496.5,12.59063423261193,0.12328048730040209
497.0,12.636420517343044,0.0774942025692873
497.5,12.622975238522484,0.09093948138984764
498.0,12.6041952706822,0.10971944923013233
498.5,12.59861101973757,0.11530370017476166
499.0,12.58768458309718,0.12623013681515083
499.5,12.63815648639322,0.07575823351911204
500.0,12.606505760033787,0.10740895987854415
500.5,12.597643839525787,0.1162708803865442
501.0,12.62165436118062,0.09226035873171234
501.5,12.604208046287903,0.10970667362442832
502.0,12.566001351847763,0.14791336806456812
502.5,12.639457391798294,0.07445732811403794
503.0,12.576076134488437,0.1378385854238946
503.5,12.63159854328005,0.08231617663228086
504.0,12.652464585957244,0.061450133955087693
504.5,12.605674584825197,0.1082401350871347
505.0,12.663479588907457,0.050435131004874734
505.5,12.593030555672833,0.12088416423949866
506.0,12.614266445241327,0.09964827467100434
506.5,12.632448726001318,0.08146599391101361
507.0,12.620897757362076,0.09301696255025504
507.5,12.620707630747887,0.09320708916444431
508.0,12.62906767109181,0.08484704882052085
508.5,12.58464056063061,0.1292741592817208
509.0,12.603979703873522,0.10993501603880951
509.5,12.617901056567144,0.0960136633451878
510.0,12.624187875500114,0.08972684441221723
510.5,12.581989324818135,0.13192539509419632
511.0,12.566301617881155,0.14761310203117617
511.5,12.601494934082076,0.11241978583025514
512.0,12.613950155898916,0.09996456401341547
512.5,12.60483633388058,0.1090783860317508
513.0,12.642715527872468,0.07119919203986314
513.5,12.586777823108072,0.12713689680425944
514.0,12.571151502296662,0.1427632176156699
514.5,12.58235183357646,0.1315628863358711
515.0,12.616912498727698,0.09700222118463309
515.5,12.629947341179268,0.08396737873306392
516.0,12.5909828019318,0.12293191798053194
516.5,12.613433148938093,0.10048157097423882
517.0,12.626027928242925,0.0878867916694066
517.5,12.626227923386644,0.08768679652568778
518.0,12.59804966179742,0.11586505811491143
518.5,12.553183526237293,0.16073119367503885
519.0,12.594895834416748,0.11901888549558315
519.5,12.599343504620547,0.11457121529178416
520.0,12.601592078566313,0.11232264134601877
520.5,12.61126066871945,0.10265405119288218
521.0,12.58537523589474,0.1285394840175922
521.5,12.62863417266648,0.08528054724585132
522.0,12.617871418417597,0.09604330149473483
522.5,12.601015840585266,0.11289887932706577
523.0,12.60375300359041,0.11016171632192062
523.5,12.621902245969377,0.09201247394295464
524.0,12.59126893758533,0.12264578232700174
524.5,12.646835441065676,0.06707927884665565
525.0,12.661562894279388,0.05235182563294316
525.5,12.570601718516247,0.14331300139608416
526.0,12.577002558814875,0.13691216109745596
526.5,12.630760944197,0.08315377571533134
527.0,12.631193156017185,0.08272156389514684
527.5,12.61504767167566,0.0988670482366718
528.0,12.632709042789102,0.08120567712322924
528.5,12.567170639586836,0.14674408032549557
529.0,12.611386543686288,0.10252817622604304
529.5,12.582424014304848,0.131490705607483
530.0,12.541844713687198,0.1720700062251339
530.5,12.614483067930427,0.09943165198190407
531.0,12.642287198782489,0.07162752112984272
531.5,12.584271399217098,0.12964332069523365
532.0,12.593204671847747,0.12071004806458419
532.5,12.571676545297292,0.14223817461503963
533.0,12.600981768373964,0.11293295153836702
533.5,12.575202193058976,0.13871252685335556
534.0,12.60606493201243,0.10784978789990163
534.5,12.575080281887583,0.13883443802474815
535.0,12.61961723308619,0.09429748682614125
535.5,12.621011519506254,0.09290320040607725
536.0,12.606149773343578,0.10776494656875357
536.5,12.650633549977648,0.06328116993468313
537.0,12.60518913850356,0.10872558140877153
537.5,12.63226600212207,0.08164871779026228
538.0,12.63498292219458,0.07893179771775216
538.5,12.602414201768507,0.11150051814382422
539.0,12.602625050728712,0.11128966918361982
539.5,12.573467901924932,0.14044681798739944
540.0,12.599963096391075,0.1139516235212561
540.5,12.592376696826534,0.12153802308579742
541.0,12.577030230107932,0.13688448980439993
541.5,12.61960275938174,0.09431196053059132
542.0,12.596895557527754,0.11701916238457777
542.5,12.574012246670296,0.13990247324203509
543.0,12.639229267468371,0.07468545244396019
543.5,12.60095499591449,0.11295972399784127
544.0,12.622275759744571,0.09163896016776008
544.5,12.64109808036607,0.07281663954626083
545.0,12.561725167360164,0.15218955255216748
545.5,12.587455751532342,0.12645896837998905
546.0,12.640133894107375,0.07378082580495615
546.5,12.552643911433,0.1612708084793315
547.0,12.63767388768516,0.07624083222717104
547.5,12.637819269132352,0.07609545077997915
548.0,12.615247476512714,0.09866724339961763
548.5,12.59746744666876,0.11644727324357085
549.0,12.571718999365372,0.14219572054695995
549.5,12.575491694370276,0.1384230255420551
550.0,12.586699510831878,0.12721520908045392
550.5,12.590354930748727,0.123559789163604
551.0,12.578375992253417,0.13553872765891484
551.5,12.58385095691272,0.13006376299961175
552.0,12.616742483436614,0.09717223647571771
552.5,12.626904618602849,0.08701010130948283
553.0,12.56408201099485,0.14983270891748113
553.5,12.610579242851678,0.1033354770606536
554.0,12.629464160686462,0.08445055922586953
554.5,12.61464384635998,0.09927087355235109
555.0,12.601243959311088,0.11267076060124381
555.5,12.587021214054692,0.12689350585763925
556.0,12.593791675157162,0.12012304475516977
556.5,12.610753824393145,0.10316089551918672
557.0,12.532050310457649,0.18186440945468263
557.5,12.613720947318884,0.10019377259344786
558.0,12.616113753603337,0.09780096630899493
558.5,12.570930139378312,0.1429845805340193
559.0,12.602224766907565,0.1116899530047668
559.5,12.606165239605993,0.1077494803063388
560.0,12.644635237761412,0.06927948215091995
560.5,12.59829470392051,0.11562001599182103
561.0,12.58122002861088,0.13269469130145062
561.5,12.593553069198247,0.12036165071408433
562.0,12.622064702217822,0.09185001769450984
562.5,12.565316032279965,0.14859868763236683
563.0,12.633908738299628,0.08000598161270389
563.5,12.622679723827536,0.09123499608479513
564.0,12.658748818787338,0.055165901124993866
564.5,12.572711735627491,0.14120298428484013
565.0,12.614763049908646,0.09915167000368541
565.5,12.554300242049996,0.15961447786233585
566.0,12.622398042944312,0.0915166769680198
566.5,12.611132684078298,0.10278203583403389
567.0,12.610350757158288,0.103563962754043
567.5,12.620860952793858,0.09305376711847302
568.0,12.590717687809862,0.12319703210246935
568.5,12.602417529137496,0.11149719077483589
569.0,12.65019342209641,0.06372129781592228
569.5,12.64200069631762,0.07191402359471155
570.0,12.614198356929403,0.09971636298292808
570.5,12.570342240201333,0.14357247971099873
571.0,12.58170470348932,0.1322100164230111
571.5,12.62644253684578,0.08747218306655213
572.0,12.63136672457436,0.08254799533797197
572.5,12.604404729778963,0.10950999013336826
573.0,12.58648148880947,0.1274332311028612
573.5,12.60702550585544,0.106889214056892
574.0,12.582077029385086,0.13183769052724514
574.5,12.603747151974694,0.11016756793763705
575.0,12.597100109432594,0.11681461047973762
575.5,12.562411481742163,0.15150323817016798
576.0,12.574676613664687,0.1392381062476442
576.5,12.617247133198484,0.09666758671384734
577.0,12.636200801393649,0.07771391851868259
577.5,12.616574368139997,0.0973403517723348
578.0,12.580605671167946,0.1333090487443851
578.5,12.58847864068396,0.12543607922837197
579.0,12.591323533569406,0.12259118634292498
579.5,12.561155538462346,0.15275918144998535
580.0,12.585240464882016,0.12867425503031527
580.5,12.585876311381805,0.12803840853052684
581.0,12.581635632282172,0.1322790876301596
581.5,12.57100340347375,0.1429113164385818
582.0,12.59637227343588,0.11754244647645073
582.5,12.602930520780829,0.11098419913150259
583.0,12.62287284676952,0.09104187314281198
583.5,12.582754834392397,0.13115988551993496
584.0,12.567344692225138,0.14657002768719352
584.5,12.605666146815992,0.10824857309633984
585.0,12.62828652036575,0.08562819954658174
585.5,12.571274791135709,0.14263992877662268
586.0,12.614409927932265,0.0995047919800669
586.5,12.567786633168556,0.14612808674377575
587.0,12.56851614453896,0.1453985753733722
587.5,12.567236057587936,0.14667866232439586
588.0,12.591990755265192,0.12192396464713973
588.5,12.588823003878536,0.1250917160337952
589.0,12.588776763370957,0.1251379565413746
589.5,12.61789993697732,0.09601478293501131
590.0,12.616504142120306,0.09741057779202578
590.5,12.59751576580515,0.11639895410718104
591.0,12.53582250721844,0.1780922126938922
591.5,12.599908551659071,0.11400616825326004
592.0,12.596915307547963,0.11699941236436828
592.5,12.577127824879287,0.13678689503304398
593.0,12.575046891659376,0.1388678282529554
593.5,12.575313227915286,0.1386014919970453
594.0,12.581184570502431,0.13273014940990002
594.5,12.59384860379392,0.12006611611841222
595.0,12.623271849884272,0.09064287002805926
595.5,12.612388180048208,0.10152653986412297
596.0,12.556300157888389,0.15761456202394264
596.5,12.582130845072706,0.13178387483962517
597.0,12.58851100181106,0.12540371810127127
597.5,12.575862547039256,0.13805217287307592
598.0,12.54068675185804,0.17322796805429164
598.5,12.59029645473198,0.12361826518035102
599.0,12.60239854609432,0.1115161738180106
599.5,12.604591109980303,0.10932360993202828
600.0,12.634307456042771,0.07960726386956019
600.5,12.633785649442256,0.08012907047007545
601.0,12.609824301378689,0.10409041853364265
601.5,12.551711540881366,0.16220317903096593
602.0,12.621701358325357,0.09221336158697468
602.5,12.566549866627623,0.14736485328470827
603.0,12.60204804524178,0.11186667467055145
603.5,12.589782979686609,0.12413174022572271
604.0,12.65574625282328,0.0581684670890521
604.5,12.596475187501945,0.11743953241038696
605.0,12.619259848071842,0.09465487184048982
605.5,12.60411629711112,0.10979842280121233
606.0,12.584695915548505,0.12921880436382693
606.5,12.595586315310504,0.11832840460182759
607.0,12.591486172878326,0.12242854703400496
607.5,12.55626768179284,0.15764703811949232
608.0,12.558718851051896,0.15519586886043513
608.5,12.661563208160228,0.05235151175210362
609.0,12.59540311311478,0.11851160679755068
609.5,12.580463722613432,0.1334509972988993
610.0,12.635749061124272,0.07816565878805903
610.5,12.642689206122723,0.07122551378960829
611.0,12.592336129525291,0.12157859038704011
611.5,12.580837613330337,0.1330771065819949
612.0,12.551594771969189,0.16231994794314275
612.5,12.612245902056967,0.10166881785536397
613.0,12.570593862624166,0.14332085728816502
613.5,12.509834291809945,0.2040804281023867
614.0,12.589258203625784,0.12465651628654761
614.5,12.617181572585556,0.09673314732677518
615.0,12.556434379933073,0.1574803399792586
615.5,12.583098132426906,0.13081658748542502
616.0,12.56678006054061,0.1471346593717211
616.5,12.6357245399928,0.07819017991953103
617.0,12.560498570606288,0.15341614930604308
617.5,12.604664078908318,0.10925064100401372
618.0,12.57649032817379,0.13742439173854137
618.5,12.618460050189867,0.0954546697224643
619.0,12.59619428261176,0.11772043730057113
619.5,12.617702877744437,0.0962118421678948
620.0,12.613479700188869,0.10043501972346291
620.5,12.577111330028917,0.1368033898834149
621.0,12.613446535944083,0.10046818396824797
621.5,12.554242543857429,0.1596721760549027
622.0,12.557310835751188,0.15660388416114301
622.5,12.580322185654472,0.13359253425785944
623.0,12.609878966751502,0.10403575316082936
623.5,12.580638059836527,0.1332766600758042
624.0,12.548548840788936,0.16536587912339584
624.5,12.615073213196409,0.09884150671592273
625.0,12.569061824947996,0.14485289496433573
625.5,12.587479891272496,0.12643482863983557
626.0,12.601341437109411,0.11257328280292
626.5,12.550352791662725,0.16356192824960658
627.0,12.5633900275252,0.1505246923871315
627.5,12.577254412164027,0.13666030774830418
628.0,12.553478676148464,0.16043604376386789
628.5,12.513331212228287,0.2005835076840441
629.0,12.624686042731136,0.08922867718119498
629.5,12.559224931241578,0.154689788670753
630.0,12.607760104379029,0.10615461553330263
630.5,12.583175043671377,0.13073967624095495
631.0,12.561853152181772,0.15206156773055923
631.5,12.552412900989074,0.16150181892325755
632.0,12.626210623191426,0.08770409672090551
632.5,12.592383595157704,0.12153112475462713
633.0,12.60130947929336,0.11260524061897215
633.5,12.585205388098911,0.12870933181342004
634.0,12.59151988853584,0.1223948313764911
634.5,12.555558877110045,0.15835584280228687
635.0,12.597736424962488,0.11617829494984377
635.5,12.56127783216731,0.1526368877450217
636.0,12.591807283319792,0.12210743659253964
636.5,12.613141613632356,0.10077310627997527
637.0,12.577409214200356,0.13650550571197506
637.5,12.609885024388738,0.10402969552359309
638.0,12.614465058383066,0.09944966152926504
638.5,12.545298384836393,0.16861633507593865
639.0,12.547508173565364,0.16640654634696794
639.5,12.58050802238723,0.1334066975251016
640.0,12.587067239542812,0.12684748036951987
640.5,12.558659169264214,0.1552555506481177
641.0,12.550297581929277,0.16361713798305466
641.5,12.56426157963787,0.1496531402744612
642.0,12.635848222455191,0.07806649745714012
642.5,12.591595527945136,0.1223191919671951
643.0,12.588006747282698,0.1259079726296335
643.5,12.619152748828371,0.09476197108396
644.0,12.631262157967576,0.08265256194475512
644.5,12.543610628014806,0.17030409189752582
645.0,12.618130235133089,0.09578448477924262
645.5,12.567630807460263,0.14628391245206807
646.0,12.632266551598432,0.0816481683138992
646.5,12.628678432802388,0.08523628710994302
647.0,12.623158433159013,0.0907562867533187
647.5,12.61769622883796,0.09621849107437086
648.0,12.613961893177647,0.09995282673468431
648.5,12.520969874483797,0.19294484542853496
649.0,12.527366987353965,0.18654773255836687
649.5,12.584135206478969,0.12977951343336258
650.0,12.606061721090343,0.10785299882198807
650.5,12.578954569175195,0.13496015073713608
651.0,12.55148730714915,0.16242741276318107
651.5,12.555494296749108,0.15842042316322313
652.0,12.581445406084075,0.13246931382825622
652.5,12.602185535284104,0.11172918462822778
653.0,12.56766601326267,0.1462487066496614
653.5,12.59984556536447,0.11406915454786137
654.0,12.636400459172576,0.07751426073975587
654.5,12.617942358623347,0.09597236128898423
655.0,12.575369335051958,0.1385453848603735
655.5,12.569104372141505,0.1448103477708269
656.0,12.558777461153516,0.15513725875881512
656.5,12.60274701681451,0.11116770309782176
657.0,12.584831615109696,0.12908310480263552
657.5,12.58074472151145,0.13316999840088073
658.0,12.567351263003374,0.14656345690895733
658.5,12.58256054267816,0.1313541772341722
659.0,12.577752731286624,0.13616198862570705
659.5,12.582864449308348,0.13105027060398378
660.0,12.603805645289254,0.11010907462307706
660.5,12.573046235329034,0.14086848458329726
661.0,12.604551113458296,0.10936360645403553
661.5,12.61146014676163,0.10245457315070183
662.0,12.580458522581855,0.1334561973304762
662.5,12.567492208109936,0.1464225118023954
663.0,12.584144108038418,0.12977061187391392
663.5,12.587209071459869,0.12670564845246268
664.0,12.560837227101365,0.15307749281096683
664.5,12.565789819429828,0.14812490048250382
665.0,12.522803690755351,0.1911110291569802
665.5,12.595288260247605,0.11862645966472662
666.0,12.576319946421574,0.13759477349075766
666.5,12.579909875539071,0.1340048443732602
667.0,12.54498744869567,0.16892727121666162
667.5,12.562084217470154,0.1518305024421771
668.0,12.614705234939333,0.09920948497299875
668.5,12.593060779294593,0.12085394061773869
669.0,12.59308259528031,0.12083212463202209
669.5,12.57991976790338,0.13399495200895117
670.0,12.566922487258868,0.14699223265346362
670.5,12.583928558082672,0.1299861618296596
671.0,12.549278779356245,0.16463594055608688
671.5,12.594029328877031,0.11988539103530016
672.0,12.54736871307265,0.16654600683968113
672.5,12.59043261389856,0.12348210601377119
673.0,12.585761227779429,0.1281534921329026
673.5,12.576501940885995,0.1374127790263362
674.0,12.571957728311244,0.14195699160108788
674.5,12.583163221381271,0.13075149853106005
675.0,12.591822745058284,0.12209197485404744
675.5,12.565734851036272,0.14817986887605983
676.0,12.554694888765946,0.15921983114638572
676.5,12.603426532176222,0.11048818773610947
677.0,12.554121061985487,0.1597936579268442
677.5,12.567481270972202,0.14643344894012955
678.0,12.564875556921333,0.14903916299099862
678.5,12.572121685412526,0.14179303449980551
679.0,12.56213480184633,0.15177991806600133
679.5,12.578109051047957,0.13580566886437495
680.0,12.59001466074599,0.12390005916634195
680.5,12.556792192790065,0.15712252712226693
681.0,12.576465595197048,0.1374491247152836
681.5,12.52353393928578,0.19038078062655117
682.0,12.577926165334508,0.135988554577823
682.5,12.564440894265324,0.14947382564700717
683.0,12.543907329844483,0.17000739006784826
683.5,12.565449186938,0.14846553297433118
684.0,12.558165395421629,0.1557493244907029
684.5,12.567675927702396,0.1462387922099353
685.0,12.527887950950385,0.1860267689619466
685.5,12.622854806571745,0.09105991334058672
686.0,12.57871218305992,0.13520253685241101
686.5,12.559625803997177,0.1542889159151546
687.0,12.640016360552677,0.07389835935965472
687.5,12.593064752114085,0.12084996779824664
688.0,12.556945696109542,0.1569690238027892
688.5,12.624947219330332,0.0889675005819992
689.0,12.589917075314949,0.12399764459738272
689.5,12.57815061286938,0.13576410704295228
690.0,12.587789799079424,0.1261249208329076
690.5,12.560729888201378,0.15318483171095387
691.0,12.575136196343536,0.13877852356879572
691.5,12.556175706060158,0.15773901385217393
692.0,12.59243775781021,0.12147696210212189
692.5,12.510337404888968,0.20357731502336307
693.0,12.559169585697765,0.1547451342145667
693.5,12.557079131383151,0.15683558852918011
694.0,12.597797994461718,0.11611672545061325
694.5,12.595742244824798,0.11817247508753326
695.0,12.5776027782021,0.13631194171023076
695.5,12.585934843988449,0.1279798759238826
696.0,12.572826473329632,0.14108824658269903
696.5,12.581724701603422,0.13219001830890953
697.0,12.579846427212011,0.13406829270032006
697.5,12.5902741149791,0.12364060493323059
698.0,12.60911500358192,0.10479971633041174
698.5,12.538654627805856,0.17526009210647508
699.0,12.52859834146567,0.18531637844666093
699.5,12.596046981670131,0.1178677382422002
700.0,12.559992479621272,0.1539222402910596
700.5,12.58095528303136,0.1329594368809719
701.0,12.546832117971917,0.16708260194041458
701.5,12.61509314301671,0.09882157689562199
702.0,12.57989038536804,0.13402433454429108
702.5,12.58363626494789,0.1302784549644418
703.0,12.532847521407447,0.18106719850488417
703.5,12.563319167889388,0.15059555202294383
704.0,12.62301933845981,0.09089538145252085
704.5,12.592638753893942,0.12127596601838952
705.0,12.610915334954711,0.10299938495762007
705.5,12.609005536138069,0.10490918377426262
706.0,12.563470956011956,0.15044376390037506
706.5,12.598902051292956,0.11501266861937509
707.0,12.605079902006732,0.10883481790559912
707.5,12.546258896812445,0.1676558230998868
708.0,12.600487380992444,0.11342733891988743
708.5,12.595563528221389,0.11835119169094277
709.0,12.589930860570783,0.1239838593415481
709.5,12.5902240734279,0.12369064648443207
710.0,12.5709048531088,0.14300986680353134
710.5,12.552490674575404,0.16142404533692734
711.0,12.587302150535423,0.126612569376908
711.5,12.577324176874155,0.1365905430381762
712.0,12.584458050901672,0.12945666901065955
712.5,12.558491287132416,0.15542343277991577
713.0,12.53684879004657,0.17706592986576197
713.5,12.54638826466836,0.16752645524397103
714.0,12.535282533301038,0.17863218661129387
714.5,12.53907103587147,0.17484368404086226
715.0,12.533934453842123,0.17998026607020812
715.5,12.553132115209635,0.16078260470269612
716.0,12.564261440225838,0.14965327968649333
716.5,12.553145745941691,0.16076897397064016
717.0,12.577595890961032,0.13631882895129976
717.5,12.596379483185771,0.1175352367265603
718.0,12.61168195460952,0.10223276530281211
718.5,12.542394807725891,0.17151991218644014
719.0,12.511299284099564,0.20261543581276698
719.5,12.57531221414455,0.138602505767782
720.0,12.536523879786907,0.17739084012542428
720.5,12.567140066643924,0.1467746532684071
721.0,12.544922392153154,0.16899232775917739
721.5,12.579240150790069,0.1346745691222626
722.0,12.519036614086186,0.1948781058261453
722.5,12.580866357934068,0.13304836197826297
723.0,12.56887454453322,0.14504017537911196
723.5,12.58426129150157,0.12965342841076222
724.0,12.538473565302748,0.1754411546095831
724.5,12.579426825656292,0.1344878942560399
725.0,12.588517452811452,0.12539726710087962
725.5,12.609126857962714,0.10478786194961742
726.0,12.559243861804708,0.1546708581076235
726.5,12.588950602019436,0.12496411789289574
727.0,12.53728403009014,0.17663068982219166
727.5,12.57225160416217,0.14166311575016088
728.0,12.60754250905006,0.106372210862272
728.5,12.531343577424668,0.1825711424876637
729.0,12.517868968043068,0.19604575186926354
729.5,12.52803561013236,0.18587910977997169
730.0,12.577171260451005,0.13674345946132682
730.5,12.585877512634744,0.12803720727758794
731.0,12.580471731865812,0.13344298804651977
731.5,12.582544833966852,0.13136988594547994
732.0,12.563036790956817,0.15087792895551466
732.5,12.588133793784577,0.1257809261277547
733.0,12.576962418629526,0.13695230128280578
733.5,12.555824775463767,0.15808994444856417
734.0,12.583951407362614,0.1299633125497177
734.5,12.55035793122641,0.16355678868592172
735.0,12.563222328607466,0.15069239130486523
735.5,12.545184056459942,0.16873066345238996
736.0,12.618112931503306,0.09580178840902498
736.5,12.531512444826324,0.18240227508600704
737.0,12.61269881990982,0.10121590000251146
737.5,12.567597594140674,0.14631712577165779
738.0,12.544420237502877,0.16949448240945486
738.5,12.555907385791246,0.15800733412108592
739.0,12.613588155047095,0.10032656486523628
739.5,12.561639530990124,0.15227518892220715
740.0,12.590195969818756,0.12371875009357503
740.5,12.563939715303484,0.14997500460884794
741.0,12.564411124311968,0.14950359560036297
741.5,12.551163137009812,0.16275158290251923
742.0,12.575348046543642,0.13856667336868966
742.5,12.586842389146431,0.12707233076590008
743.0,12.528733626518758,0.1851810933935738
743.5,12.52988961658325,0.18402510332908228
744.0,12.504773814888702,0.20914090502362903
744.5,12.5135174500069,0.20039726990543194
745.0,12.562599877176885,0.15131484273544693
745.5,12.571692835313977,0.14222188459835472
746.0,12.591099868105704,0.12281485180662699
746.5,12.569510314684566,0.14440440522776576
747.0,12.546923701213244,0.16699101869908795
747.5,12.574378948777248,0.1395357711350833
748.0,12.55960056579375,0.15431415411858218
748.5,12.54395726767259,0.1699574522397409
749.0,12.550007898932837,0.16390682097949494
749.5,12.574715214602604,0.1391995053097279
750.0,12.5754342972984,0.1384804226139309
750.5,12.603840260160526,0.11007445975180552
751.0,12.57281441547078,0.14110030444155086
751.5,12.562183093233,0.15173162667933227
752.0,12.55339184229325,0.16052287761908168
752.5,12.521348693430408,0.19256602648192356
753.0,12.53752965369025,0.17638506622208183
753.5,12.501321973800264,0.21259274611206713
754.0,12.57296938978006,0.14094533013227206
754.5,12.56943407397686,0.14448064593547194
755.0,12.602741004883638,0.11117371502869311
755.5,12.557766040995906,0.15614867891642525
756.0,12.529384348008008,0.18453037190432298
756.5,12.56366349958977,0.150251220322561
757.0,12.49750666485794,0.21640805505439076
757.5,12.541370594252092,0.1725441256602398
758.0,12.592881276304864,0.12103344360746782
758.5,12.577793439190184,0.13612128072214702
759.0,12.59685238831727,0.11706233159506141
759.5,12.575946789962382,0.13796792994994966
760.0,12.627182418915693,0.08673230099663876
760.5,12.570214757475178,0.14369996243715377
761.0,12.613414291449196,0.10050042846313545
761.5,12.5260364742069,0.18787824570543066
762.0,12.612841983486774,0.10107273642555725
762.5,12.601003421990692,0.11291129792163979
763.0,12.580024608813172,0.13389011109915927
763.5,12.578183426624724,0.13573129328760736
764.0,12.52915805770964,0.18475666220269105
764.5,12.571047595516632,0.14286712439569982
765.0,12.628157595224147,0.0857571246881843
765.5,12.538851290144237,0.17506342976809464
766.0,12.589329012812868,0.12458570709946315
766.5,12.535233980682175,0.17868073923015615
767.0,12.557144601444516,0.15677011846781497
767.5,12.59593728976053,0.11797743015180195
768.0,12.566783452226108,0.1471312676862233
768.5,12.539641938477075,0.17427278143525626
769.0,12.578875759783015,0.13503896012931627
769.5,12.557577102781964,0.15633761713036698
770.0,12.532553039707278,0.18136168020505394
770.5,12.58849109863516,0.12542362127717155
771.0,12.560817431678954,0.15309728823337743
771.5,12.55229192416131,0.1616227957510219
772.0,12.586847774118125,0.12706694579420663
772.5,12.548466710135903,0.16544800977642815
773.0,12.53106518343311,0.1828495364792211
773.5,12.535417809667372,0.1784969102449594
774.0,12.546704041535406,0.16721067837692516
774.5,12.593978893225112,0.11993582668721992
775.0,12.563355327326796,0.15055939258553508
775.5,12.562774620873022,0.15114009903930992
776.0,12.539137822464085,0.17477689744824687
776.5,12.5762362376432,0.1376784822691306
777.0,12.56342762347476,0.15048709643757086
777.5,12.589515638801355,0.12439908111097608
778.0,12.570179391401153,0.14373532851117865
778.5,12.575220642521971,0.13869407739036
779.0,12.570776052724677,0.1431386671876549
779.5,12.590136541714925,0.12377817819740677
780.0,12.525551802257215,0.18836291765511604
780.5,12.530938549913092,0.1829761699992396
781.0,12.616965131689954,0.09694958822237787
781.5,12.566645286073378,0.14726943383895374
782.0,12.51454279000646,0.19937192990587072
782.5,12.54834429589103,0.1655704240213023
783.0,12.573288405619625,0.14062631429270667
783.5,12.563220156740485,0.1506945631718466
784.0,12.543064567820675,0.17085015209165633
784.5,12.575956773039076,0.13795794687325547
785.0,12.56166494697134,0.15224977294099062
785.5,12.543899528556487,0.1700151913558443
786.0,12.552417955463753,0.16149676444857874
786.5,12.574204267784989,0.13971045212734268
787.0,12.54350977998343,0.17040493992890227
787.5,12.603205091093407,0.11070962881892399
788.0,12.564499880070624,0.14941483984170745
788.5,12.551924641883026,0.1619900780293051
789.0,12.565041845947617,0.1488728739647147
789.5,12.563371569260342,0.15054315065198942
790.0,12.56473183919271,0.14918288071962138
790.5,12.560368460481053,0.15354625943127864
791.0,12.543838254653888,0.17007646525844322
791.5,12.562790794219028,0.15112392569330346
792.0,12.522090938548777,0.1918237813635546
792.5,12.533166807245076,0.18074791266725576
793.0,12.537383163930558,0.17653155598177328
793.5,12.551827795809936,0.162086924102395
794.0,12.562205095906268,0.15170962400606314
794.5,12.571739244459248,0.14217547545308307
795.0,12.5536387383602,0.16027598155213063
795.5,12.581117868963991,0.13279685094834015
796.0,12.549401602549551,0.1645131173627803
796.5,12.526800249248875,0.187114470663456
797.0,12.617412982874034,0.09650173703829701
797.5,12.562883135808994,0.15103158410333783
798.0,12.532579691818617,0.1813350280937147
798.5,12.55053816063364,0.1633765592786922
799.0,12.543296398819242,0.17061832109308916
799.5,12.56532758768591,0.14858713222642095
800.0,12.55219374359194,0.16172097632039062
800.5,12.55502588775032,0.15888883216201144
801.0,12.583798386540089,0.13011633337224282
801.5,12.56597588204149,0.14793883787084106
802.0,12.533085820039949,0.18082889987238282
802.5,12.537051661130688,0.17686305878164355
803.0,12.55096555315712,0.16294916675521165
803.5,12.555717510413992,0.15819720949833993
804.0,12.57757401818036,0.13634070173197088
804.5,12.550982671708082,0.1629320482042491
805.0,12.55375505372754,0.16015966618479105
805.5,12.536588069509085,0.1773266504032467
806.0,12.573351027402545,0.14056369250978662
806.5,12.547430088786822,0.1664846311255097
807.0,12.542297379650678,0.17161734026165298
807.5,12.550919028859768,0.16299569105256317
808.0,12.557034472589956,0.15688024732237515
808.5,12.552912704157126,0.161002015755205
809.0,12.56399583387565,0.1499188860366818
809.5,12.582238053216532,0.13167666669579958
810.0,12.508682231291813,0.2052324886205188
810.5,12.514599534994291,0.19931518491804034
811.0,12.528917972345718,0.184996747566613
811.5,12.569590021386404,0.14432469852592789
812.0,12.541507492681973,0.17240722723035873
812.5,12.56048872729606,0.1534259926162722
813.0,12.552918613438004,0.16099610647432705
813.5,12.561176787562877,0.15273793234945465
814.0,12.575454357390766,0.13846036252156502
814.5,12.5457373616162,0.16817735829613234
815.0,12.56650549878002,0.14740922113231214
815.5,12.551186863508104,0.16272785640422782
816.0,12.583594714126884,0.1303200057854479
816.5,12.533396412278645,0.1805183076336867
817.0,12.610212037564478,0.10370268234785307
817.5,12.544274207039576,0.16964051287275517
818.0,12.57771182380841,0.13620289610392078
818.5,12.556187096016831,0.1577276238955001
819.0,12.55363209475915,0.16028262515318126
819.5,12.549947104136512,0.1639676157758192
820.0,12.539917870446326,0.1739968494660058
820.5,12.553784874621249,0.16012984529108287
821.0,12.564232845016672,0.1496818748956592
821.5,12.58355877585496,0.13035594405737072
822.0,12.5105984944184,0.20331622549393202
822.5,12.551228124562336,0.16268659534999586
823.0,12.544909883066758,0.16900483684557344
823.5,12.568767804103326,0.14514691580900596
824.0,12.514116815980437,0.1997979039318949
824.5,12.54829774697224,0.16561697294009115
825.0,12.547390475733708,0.166524244178623
825.5,12.536333512984688,0.177581206927643
826.0,12.568307739703164,0.14560698020916796
826.5,12.506127602215162,0.20778711769716907
827.0,12.544607057045113,0.16930766286721877
827.5,12.57332327465282,0.14059144525951162
828.0,12.546811229528403,0.16710349038392813
828.5,12.568549525077156,0.14536519483517552
829.0,12.542401404835472,0.17151331507685974
829.5,12.571704727200729,0.14220999271160295
830.0,12.529195516560444,0.18471920335188763
830.5,12.554868845522268,0.15904587439006335
831.0,12.56196628157656,0.1519484383357721
831.5,12.568662008507385,0.14525271140494667
832.0,12.583030378988578,0.13088434092375323
832.5,12.517458968482757,0.19645575142957483
833.0,12.556589274824807,0.15732544508752433
833.5,12.578250492514035,0.13566422739829598
834.0,12.55596406816036,0.1579506517519711
834.5,12.539389567295396,0.17452515261693513
835.0,12.547561198404496,0.1663535215078351
835.5,12.535335497441158,0.17857922247117308
836.0,12.54718667876054,0.16672804115179218
836.5,12.554002195040338,0.15991252487199326
837.0,12.54319696935666,0.17071775055567073
837.5,12.614439377038948,0.099475342873383
838.0,12.544160547290808,0.16975417262152348
838.5,12.552733788715042,0.16118093119728982
839.0,12.557504210659104,0.1564105092532273
839.5,12.577415395123747,0.13649932478858418
840.0,12.512341355575344,0.20157336433698703
840.5,12.575356322073157,0.13855839783917467
841.0,12.528844726729002,0.18506999318332973
841.5,12.567303178753775,0.14661154115855624
842.0,12.54934417827172,0.1645705416406109
842.5,12.508038354776888,0.2058763651354436
843.0,12.531780915952062,0.18213380396026935
843.5,12.535900306553414,0.17801441335891788
844.0,12.497269330342402,0.21664538956992985
844.5,12.530924705247523,0.18299001466480824
845.0,12.551482353712707,0.1624323661996243
845.5,12.566679665773933,0.14723505413839888
846.0,12.536703656324356,0.17721106358797556
846.5,12.559343965175502,0.15457075473682913
847.0,12.532727264245835,0.18118745566649608
847.5,12.567062711271396,0.14685200864093595
848.0,12.567353098369576,0.1465616215427552
848.5,12.535484898435683,0.178429821476648
849.0,12.61091491384165,0.10299980607068093
849.5,12.581380827327523,0.1325338925848083
850.0,12.575191496422908,0.13872322348942312
850.5,12.548387949145678,0.1655267707666539
851.0,12.483095157408783,0.23081956250354807
851.5,12.546840016816189,0.16707470309614258
852.0,12.577826757869088,0.13608796204324314
852.5,12.54642686660658,0.1674878533057509
853.0,12.581556225166445,0.1323584947458869
853.5,12.560566328508592,0.15334839140373902
854.0,12.535466734660234,0.17844798525209704
854.5,12.55397111989702,0.15994360001531227
855.0,12.519445986158097,0.1944687337542348
855.5,12.56385648991735,0.15005822999498086
856.0,12.52888250789746,0.18503221201487108
856.5,12.518612180523371,0.19530253938896003
857.0,12.538166370840562,0.17574834907176928
857.5,12.546759830009089,0.16715488990324268
858.0,12.528250382760058,0.18566433715227326
858.5,12.541765413132818,0.172149306779513
859.0,12.588315855261936,0.12559886465039583
859.5,12.557885867246656,0.1560288526656759
860.0,12.531699216692656,0.18221550321967506
860.5,12.593641005220626,0.12027371469170589
861.0,12.569054342756704,0.14486037715562716
861.5,12.57332831224189,0.14058640767044217
862.0,12.536009115526962,0.1779056043853693
862.5,12.549220743002005,0.1646939769103266
863.0,12.563699670487097,0.15021504942523478
863.5,12.52581643152445,0.18809828838788079
864.0,12.575221921701392,0.13869279821093983
864.5,12.538374972199351,0.1755397477129801
865.0,12.522514499686796,0.19140022022553538
865.5,12.486024841692032,0.22788987822029938
866.0,12.533483712841582,0.18043100707074977
866.5,12.511897076303985,0.20201764360834673
867.0,12.530443537208503,0.183471182703828
867.5,12.551758133703023,0.16215658620930817
868.0,12.498526281954035,0.2153884379582962
868.5,12.52639954285229,0.18751517706004073
869.0,12.52854728635391,0.18536743355842233
869.5,12.534957958520708,0.17895676139162298
870.0,12.503193856849444,0.21072086306288718
870.5,12.54060134822269,0.17331337168964112
871.0,12.573389938293344,0.1405247816189874
871.5,12.494246470532865,0.21966824937946683
872.0,12.51502342592177,0.19889129399056138
872.5,12.56537390960587,0.1485408103064607
873.0,12.5527406035771,0.16117411633523204
873.5,12.509073946488725,0.20484077342360685
874.0,12.551883807948103,0.16203091196422825
874.5,12.534798996524032,0.17911572338829984
875.0,12.530024151517008,0.18389056839532358
875.5,12.571029182637474,0.1428855372748572
876.0,12.534069812981809,0.1798449069305228
876.5,12.556811582780869,0.15710313713146284
877.0,12.580461840544482,0.13345287936784977
877.5,12.568190584747214,0.14572413516511773
878.0,12.5074775947022,0.20643712521013136
878.5,12.510044844164817,0.20386987574751458
879.0,12.54567137561578,0.16824334429655075
879.5,12.47964348760812,0.2342712323042111
880.0,12.50945473748995,0.20445998242238161
880.5,12.55007148018814,0.16384323972419068
881.0,12.519298214767876,0.19461650514445594
881.5,12.499306062681717,0.21460865723061495
882.0,12.547981810705924,0.16593290920640769
882.5,12.493379950190958,0.22053476972137354
883.0,12.480564183093762,0.23335053681856976
883.5,12.577995071111388,0.1359196488009431
884.0,12.533789730549724,0.18012498936260712
884.5,12.498813811737012,0.21510090817531946
885.0,12.508711952097991,0.20520276781434
885.5,12.526012069567487,0.187902650344844
886.0,12.560156233558176,0.153758486354155
886.5,12.526426638544164,0.18748808136816741
887.0,12.540025945200762,0.17388877471156938
887.5,12.55956216446666,0.15435255544567106
888.0,12.53741418790372,0.17650053200861215
888.5,12.546621336253354,0.1672933836589774
889.0,12.557183791308764,0.15673092860356697
889.5,12.548486662190982,0.16542805772134983
890.0,12.51211568601277,0.20179903389956166
890.5,12.507217182315902,0.20669753759642973
891.0,12.511710714626108,0.20220400528622307
891.5,12.484984383821423,0.22893033609090807
892.0,12.531038357672928,0.18287636223940318
892.5,12.512026916770727,0.20188780314160404
893.0,12.483693653813695,0.23022106609863613
893.5,12.498298265819267,0.2156164540930643
894.0,12.50615371310467,0.20776100680766163
894.5,12.551567405757986,0.16234731415434567
895.0,12.540577636746317,0.1733370831660146
895.5,12.533832308120784,0.18008241179154716
896.0,12.4960806601853,0.21783405972703207
896.5,12.520850372844135,0.19306434706819608
897.0,12.50306995880599,0.2108447611063422
897.5,12.524274834793008,0.18963988511932328
898.0,12.524573285066166,0.18934143484616506
898.5,12.585325079890922,0.12858964002140993
899.0,12.515964004633949,0.19795071527838282
899.5,12.524872185363924,0.18904253454840791
900.0,12.541516188299283,0.17239853161304808
900.5,12.49107529834649,0.22283942156584224
901.0,12.51295652542204,0.20095819449029229
901.5,12.538380609308373,0.17553411060395874
902.0,12.517449463760022,0.19646525615230992
902.5,12.526959603256422,0.18695511665590914
903.0,12.51537598676668,0.19853873314565185
903.5,12.519101203838057,0.19481351607427477
904.0,12.507828371463209,0.20608634844912288
904.5,12.518764479219293,0.19515024069303877
905.0,12.529469462684348,0.1844452572279831
905.5,12.487864660557053,0.22605005935527878
906.0,12.504268432350784,0.20964628756154724
906.5,12.497800545417135,0.2161141744951962
907.0,12.50314152204477,0.210773197867562
907.5,12.508096195210408,0.20581852470192352
908.0,12.515199835787108,0.19871488412522353
908.5,12.531947612825045,0.1819671070872868
909.0,12.547862785684188,0.16605193422814324
909.5,12.507991054286602,0.20592366562572906
910.0,12.478657716868032,0.23525700304429975
910.5,12.50978704561887,0.20412767429346168
911.0,12.528581403777247,0.1853333161350843
911.5,12.52130773686512,0.19260698304721124
912.0,12.534397272835692,0.1795174470766394
912.5,12.519280853324496,0.19463386658783577
913.0,12.503765087874552,0.2101496320377798
913.5,12.52520312859831,0.18871159131402138
914.0,12.54272292698535,0.17119179292698128
914.5,12.545439875716454,0.16847484419587744
915.0,12.497608037742582,0.21630668216974946
915.5,12.48676568159836,0.22714903831397137
916.0,12.482498757330385,0.23141596258194674
916.5,12.50837539792721,0.20553932198512115
917.0,12.526575279041946,0.18733944087038523
917.5,12.489103915471985,0.22481080444034696
918.0,12.5017538117768,0.212160908135532
918.5,12.49455771011566,0.2193570097966706
919.0,12.521068077027774,0.19284664288455744
919.5,12.565354450919587,0.14856026899274433
920.0,12.523200084668646,0.19071463524368504
920.5,12.53312678713949,0.18078793277284078
921.0,12.521085414302142,0.1928293056101893
921.5,12.48160832875108,0.23230639116125218
922.0,12.501323379884436,0.21259134002789537
922.5,12.501356166436738,0.21255855347559383
923.0,12.534485690823262,0.17942902908906966
923.5,12.473390038883233,0.24052468102909863
924.0,12.545719936062834,0.16819478384949704
924.5,12.517553140836524,0.1963615790758073
925.0,12.520940959566923,0.19297376034540825
925.5,12.510064459679048,0.203850260233283
926.0,12.478160416595696,0.23575430331663583
926.5,12.509308843431514,0.20460587648081763
927.0,12.5239016136104,0.19001310630193124
927.5,12.501180023209969,0.21273469670236267
928.0,12.48113908469826,0.23277563521407174
928.5,12.518963448717454,0.19495127119487776
929.0,12.504456927192596,0.20945779271973564
929.5,12.499314659511128,0.21460006040120305
930.0,12.518334162917837,0.19558055699449461
930.5,12.481456389509471,0.23245833040286001
931.0,12.522385478499714,0.19152924141261707
931.5,12.517233484268637,0.19668123564369466
932.0,12.524787607240192,0.18912711267213922
932.5,12.501072646143616,0.21284207376871578
933.0,12.432947718795315,0.2809670011170162
933.5,12.51223479876088,0.20167992115145061
934.0,12.498915064669996,0.21499965524233566
934.5,12.540950147179329,0.1729645727330027
935.0,12.539226431341456,0.17468828857087537
935.5,12.504390380552817,0.20952433935951476
936.0,12.505075828815322,0.2088388910970096
936.5,12.526383173805462,0.18753154610686984
937.0,12.477809360320038,0.23610535959229395
937.5,12.523454890835628,0.190459829076703
938.0,12.50661937967562,0.20729534023671192
938.5,12.489666831415882,0.22424788849644983
939.0,12.521963300608672,0.19195141930365978
939.5,12.493783797721903,0.22013092219042818
940.0,12.497490520016866,0.21642419989546546
940.5,12.53353051059917,0.18038420931316068
941.0,12.514261348467103,0.199653371445228
941.5,12.536096887468664,0.177817832443667
942.0,12.466286692311256,0.24762802760107583
942.5,12.472173553143255,0.2417411667690761
943.0,12.51050115367897,0.20341356623336182
943.5,12.524286801221615,0.18962791869071616
944.0,12.537473836093174,0.1764408838191578
944.5,12.488930528374604,0.22498419153772709
945.0,12.468454520240122,0.245460199672209
945.5,12.476447132519676,0.23746758739265594
946.0,12.495352997453098,0.2185617224592331
946.5,12.506702003141449,0.20721271677088282
947.0,12.533065505446576,0.18084921446575564
947.5,12.519733954717465,0.19418076519486682
948.0,12.51797734666418,0.1959373732481513
948.5,12.48850894823349,0.22540577167884202
949.0,12.483196901043817,0.2307178188685146
949.5,12.501700250831378,0.2122144690809531
950.0,12.481664469818462,0.23225025009386968
950.5,12.52790740324298,0.1860073166693521
951.0,12.492952998316492,0.22096172159583993
951.5,12.494897936398525,0.2190167835138066
952.0,12.537895713598925,0.17601900631340683
952.5,12.509245550602806,0.2046691693095255
953.0,12.474328242965,0.2395864769473306
953.5,12.505023963476352,0.20889075643597899
954.0,12.495915632769847,0.21799908714248417
954.5,12.44963259469882,0.26428212521351213
955.0,12.481319383320775,0.2325953365915563
955.5,12.542811036594696,0.1711036833176358
956.0,12.49437469366896,0.2195400262433722
956.5,12.488874685809463,0.225040034102868
957.0,12.551820709507435,0.16209401040489624
957.5,12.478335172980437,0.23557954693189487
958.0,12.471685017701912,0.24222970221041962
958.5,12.485852298135832,0.2280624217764995
959.0,12.49384667474008,0.2200680451722512
959.5,12.480205605444974,0.23370911446735754
960.0,12.476053097081122,0.23786162283120937
960.5,12.454153341758108,0.2597613781542236
961.0,12.482256664256962,0.23165805565536957
961.5,12.500661573100468,0.21325314681186391
962.0,12.495530748571122,0.21838397134120946
962.5,12.50525854112104,0.20865617879129061
963.0,12.484096324074988,0.2298183958373432
963.5,12.44694660661609,0.26696811329624204
964.0,12.519609667054,0.194305052858331
964.5,12.470627417761204,0.2432873021511277
965.0,12.46575944547807,0.24815527443426078
965.5,12.447014064529949,0.2669006553823827
966.0,12.46422630645993,0.249688413452402
966.5,12.448484095100708,0.26543062481162316
967.0,12.500320452768376,0.21359426714395546
967.5,12.523224716936005,0.19069000297632677
968.0,12.50516911527248,0.20874560463985148
968.5,12.475998441074069,0.23791627883826294
969.0,12.463070635048094,0.25084408486423726
969.5,12.490191191974624,0.22372352793770744
970.0,12.48060766193466,0.2333070579776706
970.5,12.496354191779917,0.2175605281324149
971.0,12.454390693772222,0.2595240261401095
971.5,12.47754864586108,0.23636607405125076
972.0,12.515629156619791,0.19828556329254
972.5,12.505093489435431,0.20882123047690015
973.0,12.497220581273826,0.2166941386385055
973.5,12.461968861906891,0.2519458580054401
974.0,12.50083779856384,0.21307692134849177
974.5,12.459305886557324,0.2546088333550074
975.0,12.493702167149817,0.22021255276251495
975.5,12.46762176670672,0.24629295320561084
976.0,12.49034682437772,0.22356789553461098
976.5,12.490843715201429,0.2230710047109028
977.0,12.491798257838596,0.22211646207373548
977.5,12.449335359687876,0.26457936022445594
978.0,12.42966928772946,0.2842454321828711
978.5,12.48493205753589,0.22898266237644194
979.0,12.503929681436128,0.2099850384762032
979.5,12.497399479534772,0.21651524037755898
980.0,12.507531891096054,0.20638282881627745
980.5,12.52170805066712,0.1922066692452109
981.0,12.425729998572129,0.2881847213402029
981.5,12.456346292575644,0.25756842733668783
982.0,12.457634788073795,0.25627993183853626
982.5,12.484627579432292,0.2292871404800394
983.0,12.464086656449808,0.24982806346252318
983.5,12.513467468293287,0.2004472516190443
984.0,12.460806359098994,0.25310836081333754
984.5,12.50783155050927,0.20608316940306182
985.0,12.486358680911165,0.2275560390011666
985.5,12.470672544056862,0.24324217585546926
986.0,12.455479349355269,0.2584353705570628
986.5,12.480990387713751,0.23292433219858033
987.0,12.529596724669137,0.1843179952431946
987.5,12.493210546110998,0.22070417380133378
988.0,12.49409700447972,0.21981771543261175
988.5,12.495460818167592,0.21845390174473955
989.0,12.496492889067165,0.21742183084516675
989.5,12.4389367852913,0.27497793462103104
990.0,12.475508421776969,0.23840629813536296
990.5,12.446950251379109,0.26696446853322264
991.0,12.469922011226844,0.2439927086854876
991.5,12.504477649696268,0.2094370702160635
992.0,12.459925193242952,0.253989526669379
992.5,12.492749463958372,0.22116525595395942
993.0,12.518655693677433,0.19525902623489877
993.5,12.49464516669786,0.21926955321447217
994.0,12.50901469024308,0.20490002966925225
994.5,12.459843722791122,0.2540709971212092
995.0,12.452461966729317,0.26145275318301486
995.5,12.465270717178145,0.24864400273418674
996.0,12.473866059871774,0.24004866004055714
996.5,12.45387469339473,0.2600400265176006
997.0,12.487171529396422,0.22674319051590963
997.5,12.483970316768666,0.2299444031436657
998.0,12.48665788541184,0.2272568345004906
998.5,12.492923033954948,0.22099168595738305
999.0,12.455252024597062,0.25866269531526953
999.5,12.44048153700972,0.2734331829026111
1000.0,12.453223714496536,0.2606910054157954
1000.5,12.488116247715457,0.22579847219687466
1001.0,12.474196275643646,0.23971844426868572
1001.5,12.430602335391232,0.28331238452109986
1002.0,12.461118909059008,0.25279581085332303
1002.5,12.472773622349118,0.24114109756321334
1003.0,12.465568277102832,0.24834644280949902
1003.5,12.457264801604731,0.2566499183076001
1004.0,12.442691535732386,0.27122318417994506
1004.5,12.464322394906374,0.24959232500595796
1005.0,12.483612062290057,0.23030265762227486
1005.5,12.447184983978852,0.26672973593347926
1006.0,12.471613173313663,0.24230154659866798
1006.5,12.448527388256505,0.26538733165582684
1007.0,12.472232912824358,0.24168180708797316
1007.5,12.438727304191108,0.2751874157212235
1008.0,12.439228964163949,0.27468575574838283
1008.5,12.49370619738011,0.22020852253222145
1009.0,12.475770872482691,0.23814384742964023
1009.5,12.493536782875768,0.22037793703656305
1010.0,12.488092285972028,0.2258224339403032
1010.5,12.42538307329718,0.2885316466151515
1011.0,12.414460013355432,0.2994547065568991
1011.5,12.446035859156389,0.2678788607559426
1012.0,12.507107060832988,0.2068076590793435
1012.5,12.435499662025007,0.2784150578873241
1013.0,12.44836151042963,0.265553209482702
1013.5,12.453384298706665,0.26053042120566694
1014.0,12.480928848482032,0.2329858714302997
1014.5,12.403646850749336,0.3102678691629954
1015.0,12.4319162797728,0.2819984401395317
1015.5,12.456843443560883,0.2570712763514482
1016.0,12.450756191176072,0.263158528736259
1016.5,12.44588304956105,0.26803167035128084
1017.0,12.457336789163266,0.25657793074906543
1017.5,12.437238345385133,0.27667637452719873
1018.0,12.449404300509547,0.2645104194027841
1018.5,12.455475479860365,0.25843924005196683
1019.0,12.499622850935118,0.21429186897721308
1019.5,12.42822656137536,0.2856881585369706
1020.0,12.49314839655829,0.22076632335404156
1020.5,12.466558933954264,0.2473557859580673
1021.0,12.4426050696076,0.2713096503047314
1021.5,12.418103991028218,0.2958107288841134
1022.0,12.487996273961189,0.22591844595114274
1022.5,12.49249214414395,0.22142257576838098
1023.0,12.50637379144618,0.2075409284661518
1023.5,12.453355148530076,0.26055957138225594
1024.0,12.48688872860054,0.22702599131179113
1024.5,12.440932154808827,0.27298256510350427
1025.0,12.456611508120147,0.25730321179218407
1025.5,12.45817003487378,0.2557446850385521
1026.0,12.42020059598847,0.293714123923861
1026.5,12.473857867140298,0.24005685277203348
1027.0,12.460906527129584,0.25300819278274744
1027.5,12.453652289700152,0.26026243021217965
1028.0,12.41651062071065,0.29740409920168176
1028.5,12.479921247139806,0.23399347277252502
1029.0,12.43497910980185,0.27893561011048185
1029.5,12.440540309518036,0.273374410394295
1030.0,12.44813281722966,0.2657819026826722
1030.5,12.447741176316322,0.2661735435960093
1031.0,12.4799875902968,0.23392712961553208
1031.5,12.429644995865711,0.2842697240466201
1032.0,12.410821047134618,0.30309367277771315
1032.5,12.449470406199502,0.26444431371282917
1033.0,12.427197649022544,0.2867170708897877
1033.5,12.400209918823004,0.31370480108932774
1034.0,12.407232047917216,0.3066826719951159
1034.5,12.394974866859911,0.3189398530524201
1035.0,12.42347521186366,0.2904395080486708
1035.5,12.493510879588706,0.22040384032362503
1036.0,12.46595766132556,0.2479570585867723
1036.5,12.471895966556252,0.24201875335607959
1037.0,12.453028733293143,0.26088598661918816
1037.5,12.484155746312384,0.22975897359994768
1038.0,12.43442162182407,0.2794930980882615
1038.5,12.438670734233073,0.2752439856792588
1039.0,12.459965653494583,0.25394906641774817
1039.5,12.444223412032676,0.2696913078796559
1040.0,12.418720091380608,0.29519462853172307
1040.5,12.4291038544841,0.28481086542823064
1041.0,12.410160088013516,0.3037546318988156
1041.5,12.463900853626283,0.25001386628604827
1042.0,12.456421604171997,0.25749311574033484
1042.5,12.491313929285663,0.22260079062666804
1043.0,12.418782962187844,0.2951317577244872
1043.5,12.401936749594723,0.3119779703176082
1044.0,12.451468658201836,0.2624460617104951
1044.5,12.4524323453978,0.26148237451453227
1045.0,12.463485343327289,0.2504293765850427
1045.5,12.49471847679282,0.21919624311951225
1046.0,12.47546364554877,0.23845107436356194
1046.5,12.426229405448709,0.2876853144636229
1047.0,12.463157930621126,0.2507567892912057
1047.5,12.422568572239792,0.29134614767253986
1048.0,12.440969059516814,0.2729456603955178
1048.5,12.445590517108007,0.26832420280432423
1049.0,12.474838493112577,0.23907622679975482
1049.5,12.410132458008093,0.30378226190423874
1050.0,12.42676393646025,0.28715078345208234
1050.5,12.435038283986396,0.2788764359259357
1051.0,12.468108770296794,0.24580594961553714
1051.5,12.40539962538906,0.30851509452327086
1052.0,12.435148081420229,0.2787666384921028
1052.5,12.377868273838503,0.33604644607382816
1053.0,12.463826995210503,0.25008772470182805
1053.5,12.427178677670694,0.2867360422416372
1054.0,12.433325572587774,0.280589147324557
1054.5,12.439279212536889,0.27463550737544296
1055.0,12.427963791175104,0.2859509287372273
1055.5,12.420126052720503,0.29378866719182817
1056.0,12.476130442062006,0.2377842778503254
1056.5,12.417535642643369,0.29637907726896273
1057.0,12.439771806237854,0.27414291367447774
1057.5,12.42081719209677,0.2930975278155614
1058.0,12.42395692009062,0.2899577998217122
1058.5,12.442520645528123,0.27139407438420804
1059.0,12.48441850431804,0.2294962155942919
1059.5,12.414060683684705,0.29985403622762696
1060.0,12.448580548373052,0.26533417153927985
1060.5,12.460387251478918,0.253527468433413
1061.0,12.44977506879068,0.26413965112165094
1061.5,12.428059650731436,0.2858550691808954
1062.0,12.389316337612668,0.32459838229966387
1062.5,12.437512829669036,0.27640189024329587
1063.0,12.409270431109286,0.30464428880304517
1063.5,12.462216796557769,0.25169792335456265
1064.0,12.427555089496424,0.28635963041590706
1064.5,12.505879309819935,0.20803541009239623
1065.0,12.456446687484055,0.2574680324282763
1065.5,12.42904902042005,0.2848656994922809
1066.0,12.456183307903352,0.25773141200897953
1066.5,12.443263037978532,0.2706516819337992
1067.0,12.436806795501916,0.27710792441041576
1067.5,12.369973451352877,0.3439412685594547
1068.0,12.42280917858012,0.291105541332211
1068.5,12.47373731813594,0.2401774017763909
1069.0,12.441679422340831,0.2722352975715001
1069.5,12.45175051893933,0.2621642009730021
1070.0,12.454837123785026,0.2590775961273053
1070.5,12.409067328823788,0.3048473910885434
1071.0,12.454636253363168,0.25927846654916387
1071.5,12.427930381301,0.2859843386113319
1072.0,12.435164972366469,0.2787497475458629
1072.5,12.426764893721597,0.2871498261907348
1073.0,12.457055550086906,0.2568591698254252
1073.5,12.392737879078474,0.3211768408338571
1074.0,12.426612223661111,0.28730249625122006
1074.5,12.420303035108304,0.2936116848040271
1075.0,12.454819748079068,0.2590949718332638
1075.5,12.454720229681003,0.25919449023132834
1076.0,12.381481301743932,0.33243341816839944
1076.5,12.4386384065628,0.27527631334953107
1077.0,12.393206422251094,0.32070829766123765
1077.5,12.487905410922997,0.2260093089893349
1078.0,12.43186284952852,0.2820518703838122
1078.5,12.40332226356469,0.3105924563476421
1079.0,12.408995996616882,0.3049187232954491
1079.5,12.430884497496326,0.28303022241600573
1080.0,12.420503345871593,0.2934113740407387
1080.5,12.448905241422686,0.2650094784896453
1081.0,12.407029462612645,0.30688525729968674
1081.5,12.43243549050346,0.2814792294088715
1082.0,12.421083000155717,0.2928317197566148
1082.5,12.440936086211122,0.272978633701209
1083.0,12.37999105544815,0.33392366446418187
1083.5,12.40873027642902,0.3051844434833111
1084.0,12.39977616380426,0.3141385561080714
1084.5,12.389881127877167,0.324033592035164
1085.0,12.411501615348918,0.3024131045634135
1085.5,12.402419704042078,0.3114950158702534
1086.0,12.405505833967837,0.30840888594449467
1086.5,12.429614325916653,0.28430039399567875
1087.0,12.431917634817758,0.28199708509457366
1087.5,12.396830898338273,0.3170838215740588
1088.0,12.437371912364984,0.2765428075473473
1088.5,12.426806141821537,0.2871085780907947
1089.0,12.447022348951345,0.2668923709609867
1089.5,12.402569595556182,0.3113451243561496
1090.0,12.395818931994292,0.3180957879180397
1090.5,12.415707465911064,0.2982072540012677
1091.0,12.432609191179347,0.2813055287329842
1091.5,12.464964279789376,0.24895044012295564
1092.0,12.412271701208336,0.3016430187039951
1092.5,12.379715692852033,0.3341990270602988
1093.0,12.417921599123506,0.29599312078882534
1093.5,12.41573314473407,0.29818157517826194
1094.0,12.421588982628665,0.29232573728366695
1094.5,12.383269735482743,0.330644984429588
1095.0,12.417921096513574,0.2959936233987577
1095.5,12.43661728696326,0.27729743294907117
1096.0,12.428189966804307,0.28572475310802403
1096.5,12.41084164785093,0.30307307206140166
1097.0,12.456400690120748,0.257514029791583
1097.5,12.408883930452566,0.3050307894597655
1098.0,12.402119018395998,0.31179570151633307
1098.5,12.398142749522323,0.31577197039000815
1099.0,12.412138456976514,0.3017762629358174
1099.5,12.43297314033053,0.28094157958180155
1100.0,12.411046436198545,0.3028682837137868
1100.5,12.390443529358349,0.3234711905539829
1101.0,12.41420513464526,0.29970958526707214
1101.5,12.403615565514505,0.3102991543978266
1102.0,12.396781797759408,0.31713292215292377
1102.5,12.412411722280453,0.3015029976318786
1103.0,12.419161568000112,0.29475315191221974
1103.5,12.388686477572785,0.3252282423395467
1104.0,12.412052531788929,0.30186218812340293
1104.5,12.42766227359898,0.2862524463133518
1105.0,12.400030276064772,0.3138844438475594
1105.5,12.388935323952008,0.3249793959603231
1106.0,12.404672648619608,0.30924207129272396
1106.5,12.414162831090684,0.29975188882164794
1107.0,12.444309799446314,0.26960492046601736
1107.5,12.41585677205184,0.29805794786049233
1108.0,12.394413654576075,0.3195010653362562
1108.5,12.40998489516464,0.3039298247476907
1109.0,12.393829912294224,0.3200848076181071
1109.5,12.424905322650275,0.2890093972620562
1110.0,12.3976981530388,0.31621656687353195
1110.5,12.395693197028816,0.31822152288351546
1111.0,12.37515171760237,0.33876300230996215
1111.5,12.399209188129502,0.31470553178282934
1112.0,12.401641054124102,0.31227366578822924
1112.5,12.450799211579298,0.26311550833303343
1113.0,12.43547540781475,0.2784393120975821
1113.5,12.4160920850484,0.2978226348639321
1114.0,12.401040099028888,0.3128746208834432
1114.5,12.421629923688924,0.29228479622340764
1115.0,12.41682322681573,0.29709149309660177
1115.5,12.427116189556566,0.28679853035576564
1116.0,12.40941946529392,0.304495254618411
1116.5,12.377556919006986,0.3363578009053452
1117.0,12.379355648367428,0.33455907154490383
1117.5,12.39398265203023,0.3199320678821014
1118.0,12.400461875636386,0.313452844275945
1118.5,12.397038411938928,0.3168763079734038
1119.0,12.40143997010594,0.3124747498063911
1119.5,12.390775337911007,0.3231393820013242
1120.0,12.373927777957189,0.3399869419551429
1120.5,12.4060763703516,0.30783834956073086
1121.0,12.371778055767209,0.3421366641451229
1121.5,12.422849772703374,0.29106494720895704
1122.0,12.382279990550376,0.33163472936195504
1122.5,12.388655788308478,0.32525893160385344
1123.0,12.371077574859884,0.34283714505244767
1123.5,12.417865240305913,0.2960494796064186
1124.0,12.422668091932673,0.2912466279796586
1124.5,12.453961546874046,0.25995317303828536
1125.0,12.39984338298684,0.31407133692549216
1125.5,12.392505471204837,0.32140924870749465
1126.0,12.409648545562504,0.30426617434982717
1126.5,12.410784264147264,0.3031304557650678
1127.0,12.38839513393373,0.32551958597860065
1127.5,12.436076454029012,0.27783826588331983
1128.0,12.402640326609086,0.31127439330324513
1128.5,12.454754515646002,0.2591602042663297
1129.0,12.367579559888888,0.3463351600234432
1129.5,12.379598407192352,0.3343163127199791
1130.0,12.400869682891775,0.3130450370205562
1130.5,12.46058982954352,0.2533248903688108
1131.0,12.400634665689797,0.3132800542225347
1131.5,12.386357425449198,0.32755729446313353
1132.0,12.40005454168206,0.31386017823027146
1132.5,12.387432968835816,0.3264817510765159
1133.0,12.381868697754136,0.33204602215819534
1133.5,12.377887022930636,0.3360276969816951
1134.0,12.356286117385162,0.35762860252716955
1134.5,12.419316915772855,0.29459780413947634
1135.0,12.414597200318156,0.29931751959417596
1135.5,12.374322884543387,0.3395918353689442
1136.0,12.388702657763238,0.3252120621490935
1136.5,12.417464057961334,0.29645066195099723
1137.0,12.386118778772689,0.3277959411396427
1137.5,12.410375027856617,0.30353969205571474
1138.0,12.369958961567924,0.34395575834440706
1138.5,12.316388430288924,0.3975262896234071
1139.0,12.34479097342071,0.3691237464916206
1139.5,12.381320026062411,0.33259469384992
1140.0,12.3789470249033,0.33496769500903234
1140.5,12.348891745585558,0.36502297432677366
1141.0,12.383922026675537,0.3299926932367949
1141.5,12.415247191561734,0.29866752835059707
1142.0,12.3820156812468,0.33189903866553117
1142.5,12.40643915120882,0.3074755687035111
1143.0,12.385723879206347,0.32819084070598414
1143.5,12.375374536439796,0.338540183472535
1144.0,12.355232079044043,0.35868264086828816
1144.5,12.399937941903318,0.3139767780090139
1145.0,12.39231597291655,0.3215987469957806
1145.5,12.37009678296851,0.3438179369438217
1146.0,12.382931667574727,0.3309830523376043
1146.5,12.398605524930566,0.315309194981765
1147.0,12.409681251869602,0.3042334680427299
1147.5,12.417518122373352,0.29639659753897973
1148.0,12.380050304598912,0.33386441531341937
1148.5,12.352259983193903,0.3616547367184282
1149.0,12.418639315883109,0.2952754040292227
1149.5,12.428288692204108,0.2856260277082239
1150.0,12.406952287108377,0.30696243280395485
1150.5,12.399340961034287,0.3145737588780442
1151.0,12.373962787584247,0.3399519323280842
1151.5,12.418261852638906,0.2956528672734251
1152.0,12.403536721100908,0.3103779988114237
1152.5,12.405101575326876,0.3088131445854554
1153.0,12.358018411272296,0.35589630864003574
1153.5,12.410168038716852,0.303746681195479
1154.0,12.35688775720463,0.3570269627077014
1154.5,12.395593782035204,0.318320937877127
1155.0,12.402260359439184,0.3116543604731472
1155.5,12.403336987736736,0.31057773217559514
1156.0,12.358375103905088,0.3555396160072437
1156.5,12.377764367336844,0.336150352575487
1157.0,12.385226928393973,0.3286877915183588
1157.5,12.372885245715253,0.34102947419707874
1158.0,12.350450247909766,0.3634644720025655
1158.5,12.368826045311105,0.34508867460122694
1159.0,12.39032819480992,0.3235865251024119
1159.5,12.38748503020034,0.3264296897119916
1160.0,12.353891153737877,0.36002356617445486
1160.5,12.38610135412303,0.32781336578930187
1161.0,12.366352208067148,0.34756251184518305
1161.5,12.391576626872938,0.3223380930393933
1162.0,12.414161273232876,0.29975344667945514
1162.5,12.417032971435956,0.29688174847637505
1163.0,12.341361701134533,0.3725530187777988
1163.5,12.408530295102484,0.30538442480984784
1164.0,12.35498684511758,0.35892787479475174
1164.5,12.37392933136773,0.33998538854460136
1165.0,12.401190866100562,0.3127238538117698
1165.5,12.36783443418038,0.3460802857319507
1166.0,12.36849716278174,0.34541755713059175
1166.5,12.377981715159445,0.3359330047528868
1167.0,12.430929688836605,0.2829850310757269
1167.5,12.402078632517648,0.31183608739468305
1168.0,12.41435883180736,0.2995558881049707
1168.5,12.372172065448538,0.34174265446379337
1169.0,12.408626697756151,0.30528802215618
1169.5,12.389229326037286,0.32468539387504514
1170.0,12.389519495807614,0.3243952241047179
1170.5,12.375479641587724,0.33843507832460773
1171.0,12.42182826350446,0.2920864564078709
1171.5,12.353287720387936,0.3606269995243956
1172.0,12.321340982409025,0.39257373750330693
1172.5,12.389279442524426,0.3246352773879053
1173.0,12.38429029495087,0.3296244249614606
1173.5,12.340528885336775,0.3733858345755561
1174.0,12.32068534642784,0.39322937348449116
1174.5,12.382277661967189,0.33163705794514264
1175.0,12.365984661854782,0.34793005805754973
1175.5,12.380420924049664,0.33349379586266714
1176.0,12.362323300558854,0.35159141935347726
1176.5,12.376780076791864,0.3371346431204678
1177.0,12.35685926057079,0.3570554593415416
1177.5,12.36158556650362,0.35232915340871074
1178.0,12.388313638504288,0.32560108140804367
1178.5,12.39377063784889,0.32014408206344136
1179.0,12.393906955085823,0.3200077648265083
1179.5,12.382946682492111,0.3309680374202202
1180.0,12.372090502676524,0.341824217235807
1180.5,12.357550990879126,0.35636372903320535
1181.0,12.343092506531333,0.37082221338099863
1181.5,12.34127123943117,0.3726434804811607
1182.0,12.379935261242316,0.3339794586700151
1182.5,12.406578913149966,0.3073358067623655
1183.0,12.364444631811256,0.34947008810107505
1183.5,12.35450334284221,0.3594113770701206
1184.0,12.372236187835346,0.34167853207698506
1184.5,12.35295728202916,0.3609574378831706
1185.0,12.408948378707205,0.30496634120512667
1185.5,12.372989289653484,0.3409254302588476
1186.0,12.379299103872748,0.33461561603958323
1186.5,12.386256010221423,0.32765870969090827
1187.0,12.330234173344518,0.38368054656781325
1187.5,12.352678774349132,0.36123594556319993
1188.0,12.382357164322364,0.331557555589967
1188.5,12.342551637218152,0.37136308269417917
1189.0,12.327883546354268,0.38603117355806305
1189.5,12.359654175376903,0.3542605445354283
1190.0,12.370717563838262,0.3431971560740692
1190.5,12.375175145712287,0.3387395742000443
1191.0,12.367140658971657,0.34677406094067464
1191.5,12.378862018582312,0.3350527013300191
1192.0,12.388436837452051,0.3254778824602802
1192.5,12.341079707291396,0.37283501262093566
1193.0,12.360495922735334,0.35341879717699776
1193.5,12.368070767739225,0.3458439521731069
1194.0,12.416050131895153,0.29786458801717863
1194.5,12.411161107948724,0.30275361196360784
1195.0,12.351270119838404,0.36264460007392785
1195.5,12.386804296183463,0.3271104237288682
1196.0,12.339545441496522,0.37436927841580925
1196.5,12.351960320085665,0.3619543998266668
1197.0,12.3866116837451,0.32730303616723155
1197.5,12.34682226213752,0.36709245777481136
1198.0,12.40014380436565,0.3137709155466819
1198.5,12.35239924910469,0.3615154708076407
1199.0,12.373460307377004,0.34045441253532793
1199.5,12.367679561012691,0.3462351588996402
1200.0,12.383036186097092,0.33087853381523935
1200.5,12.3444465467276,0.3694681731847318
1201.0,12.34828359507324,0.36563112483909066
1201.5,12.364939257296044,0.34897546261628776
1202.0,12.368394641196586,0.3455200787157455
1202.5,12.372214348473062,0.3417003714392699
1203.0,12.393050397497928,0.320864322414403
1203.5,12.401203452590682,0.31271126732164944
1204.0,12.346971324889202,0.3669433950231298
1204.5,12.27805770112211,0.4358570187902213
1205.0,12.37948448824718,0.3344302316651522
1205.5,12.36853499427096,0.3453797256413722
1206.0,12.35501601606316,0.3588987038491709
1206.5,12.334286793328896,0.379627926583435
1207.0,12.348643213932784,0.36527150597954794
1207.5,12.336515644864145,0.3773990750481868
1208.0,12.383768410365144,0.33014630954718704
1208.5,12.408239344747958,0.30567537516437326
1209.0,12.36621469478074,0.3477000251315907
1209.5,12.351596243516452,0.36231847639587933
1210.0,12.36323850878894,0.35067621112339076
1210.5,12.341543984151302,0.3723707357610291
1211.0,12.365849072162131,0.3480656477502002
1211.5,12.367832922033957,0.3460817978783748
1212.0,12.37647227454132,0.3374424453710123
1212.5,12.402860701059875,0.311054018852456
1213.0,12.35078263291335,0.3631320869989807
1213.5,12.334409707197066,0.37950501271526527
1214.0,12.376693739063654,0.33722098084867724
1214.5,12.317281037839978,0.3966336820723537
1215.0,12.358858628728644,0.3550560911836875
1215.5,12.325061018281463,0.3888537016308682
1216.0,12.333652866259142,0.3802618536531899
1216.5,12.35047003858001,0.36344468133232155
1217.0,12.390513275358993,0.32340144455333864
1217.5,12.373038681851012,0.34087603806131916
1218.0,12.360441436244422,0.35347328366790975
1218.5,12.306512396839802,0.4074023230725299
1219.0,12.315476209189717,0.39843851072261494
1219.5,12.39844858027435,0.31546613963798187
1220.0,12.340157294014194,0.37375742589813754
1220.5,12.323220058100524,0.390694661811807
1221.0,12.358621666077704,0.35529305383462706
1221.5,12.340869174379543,0.3730455455327881
1222.0,12.298956945653376,0.41495777425895497
1222.5,12.327646960181394,0.38626775973093785
1223.0,12.324687301003694,0.38922741890863755
1223.5,12.310108742706014,0.40380597720631783
1224.0,12.34303947922258,0.37087524068975064
1224.5,12.330148217806803,0.3837665021055283
1225.0,12.336986060022852,0.37692865988947943
1225.5,12.361050757616956,0.3528639622953751
1226.0,12.347451786027982,0.3664629338843497
1226.5,12.318885902316415,0.39502881759591624
1227.0,12.302244480877404,0.41167023903492783
1227.5,12.295168191839752,0.41874652807257995
1228.0,12.35726563057455,0.3566490893377807
1228.5,12.358559342075646,0.3553553778366858
1229.0,12.32658008905804,0.38733463085429065
1229.5,12.355560227387745,0.35835449252458673
1230.0,12.362768086499944,0.3511466334123874
1230.5,12.346466802245398,0.36744791766693297
1231.0,12.359644124639068,0.3542705952732632
1231.5,12.343354576852908,0.3705601430594232
1232.0,12.31088349350413,0.403031226408201
1232.5,12.397876512080288,0.31603820783204384
1233.0,12.360639222168494,0.35327549774383726
1233.5,12.338254213145229,0.37566050676710283
1234.0,12.35741252634802,0.356502193564312
1234.5,12.319434524818629,0.3944801950937027
1235.0,12.416758466873135,0.297156253039196
1235.5,12.320910676054748,0.3930040438575837
1236.0,12.35523647215072,0.3586782477616115
1236.5,12.299900176525162,0.4140145433871698
1237.0,12.356743149498786,0.35717157041354497
1237.5,12.386337474661516,0.327577245250815
1238.0,12.341003509868584,0.37291121004374794
1238.5,12.36746217256821,0.34645254734412134
1239.0,12.316672417302406,0.397242302609925
1239.5,12.338634859178008,0.37527986073432373
1240.0,12.2841525124542,0.4297622074581309
1240.5,12.311308159507826,0.4026065604045055
1241.0,12.3176714342504,0.39624328566193157
1241.5,12.353643989249498,0.3602707306628332
1242.0,12.317721474225852,0.3961932456864794
1242.5,12.316695826288054,0.3972188936242773
1243.0,12.354725269619408,0.3591894502929236
1243.5,12.31583961372744,0.3980751061848906
1244.0,12.374982345341309,0.3389323745710229
1244.5,12.39222070800845,0.32169401190388136
1245.0,12.37827313566022,0.3356415842521123
1245.5,12.304836589763804,0.40907813014852756
1246.0,12.367006220441516,0.3469084994708158
1246.5,12.335218506372224,0.37869621354010796
1247.0,12.330415610739646,0.3834991091726856
1247.5,12.320297913954176,0.39361680595815507
1248.0,12.326787076240764,0.38712764367156716
1248.5,12.318138895506578,0.395775824405753
1249.0,12.3589419496674,0.354972770244931
1249.5,12.311715933130555,0.402198786781776
